{"idCAM":["d3a9c21a-9b49-4d7c-bf72-edc35a31372f"],"creator":["591a1f4800a5650001276188_post"],"projectCAM":["S2_CAM part 2"],"defocusCAM":[null],"date":[1702313530182],"nodes":[{"id":"a7af6914-b97e-43ce-bafd-5bbc96b22fc2","value":0,"text":"rescue robot","comment":"","position":{"x":650,"y":400},"isActive":true,"date":1702313531061,"kind":"Node","isSelected":false,"isConnectorSelected":false,"isDraggable":0,"isDeletable":0,"hasElementMoved":false,"eventLog":[{"time":1702313531061,"type":"create node","value":0}],"isTextChangeable":0},{"id":"1b59fcc3-ca35-42ad-80ac-e0dd9eb86294","value":-3,"text":"disadvantages","comment":"","position":{"x":450,"y":400},"isActive":true,"date":1702313531061,"kind":"Node","isSelected":false,"isConnectorSelected":false,"isDraggable":0,"isDeletable":0,"hasElementMoved":false,"eventLog":[{"time":1702313531061,"type":"create node","value":-3}],"isTextChangeable":0},{"id":"b08eb907-07fb-440a-9ce6-3e7d3bed384b","value":3,"text":"advantages","comment":"","position":{"x":850,"y":400},"isActive":true,"date":1702313531061,"kind":"Node","isSelected":false,"isConnectorSelected":false,"isDraggable":0,"isDeletable":0,"hasElementMoved":false,"eventLog":[{"time":"1702313531061","type":"create node","value":[3]},{"time":"2023-12-11T16:54:37.820Z","type":"position","value":{"x":[831],"y":[390]}}],"isTextChangeable":0},{"id":"982a4ec5-bb1b-425e-af7c-94f7dbe00460","value":3,"text":"precision","comment":"","position":{"x":855,"y":250},"isActive":true,"date":1702313531061,"kind":"Node","isSelected":false,"isConnectorSelected":false,"isDraggable":1,"isDeletable":1,"hasElementMoved":false,"eventLog":[{"time":1702313531061,"type":"create node","value":3}],"isTextChangeable":1},{"id":"01ad7141-3148-4ff1-8764-5c5db61bd483","value":2,"text":"many areas of application","comment":"","position":{"x":948,"y":315},"isActive":true,"date":1702313531061,"kind":"Node","isSelected":false,"isConnectorSelected":false,"isDraggable":1,"isDeletable":1,"hasElementMoved":false,"eventLog":[{"time":1702313531061,"type":"create node","value":2}],"isTextChangeable":1},{"id":"2cd485bc-3b30-4ccf-9ebf-ab1686f1bcfe","value":2,"text":"unbiased","comment":"","position":{"x":996,"y":398},"isActive":true,"date":1702313531061,"kind":"Node","isSelected":false,"isConnectorSelected":false,"isDraggable":1,"isDeletable":1,"hasElementMoved":false,"eventLog":[{"time":1702313531061,"type":"create node","value":2}],"isTextChangeable":1},{"id":"3096d8da-9025-459c-b8b1-302daed611eb","value":3,"text":"more saved people","comment":"","position":{"x":1125,"y":174},"isActive":true,"date":1702313531062,"kind":"Node","isSelected":false,"isConnectorSelected":false,"isDraggable":1,"isDeletable":1,"hasElementMoved":false,"eventLog":[{"time":1702313531062,"type":"create node","value":"3"},{"time":1702313723332,"type":"selected","value":"TRUE"},{"time":1702313731499,"type":"text","value":"Mehr gerettete Menschen"},{"time":1702313731499,"type":"selected","value":"FALSE"}],"isTextChangeable":1},{"id":"ab093cfa-373c-47d6-9093-1cd98ae8d020","value":-3,"text":"higher, unnecessary casualty numbers","comment":"","position":{"x":146,"y":597},"isActive":true,"date":1702313531062,"kind":"Node","isSelected":false,"isConnectorSelected":false,"isDraggable":1,"isDeletable":1,"hasElementMoved":false,"eventLog":[{"time":1702313531062,"type":"create node","value":-3}],"isTextChangeable":1},{"id":"d35f16a2-67e6-463b-a3f8-1d617f00751f","value":-2,"text":"prone to failure","comment":"","position":{"x":448,"y":536},"isActive":true,"date":1702313531062,"kind":"Node","isSelected":false,"isConnectorSelected":false,"isDraggable":1,"isDeletable":1,"hasElementMoved":false,"eventLog":[{"time":"1702313531062","type":"create node","value":[-2]},{"time":"2023-12-11T16:56:31.018Z","type":"position","value":{"x":[452],"y":[558]}}],"isTextChangeable":1},{"id":"099f74e7-3e39-4336-bde5-64075b95eda7","value":-3,"text":"misjudgments","comment":"","position":{"x":335,"y":491},"isActive":true,"date":1702313531062,"kind":"Node","isSelected":false,"isConnectorSelected":false,"isDraggable":1,"isDeletable":1,"hasElementMoved":false,"eventLog":[{"time":1702313531062,"type":"create node","value":-3},{"time":1702313847476,"type":"selected","value":1},{"time":1702313848205,"type":"selected","value":0}],"isTextChangeable":1},{"id":"9d49fcd0-c681-42ee-bb65-996d9b8672d0","value":-2,"text":"too slow","comment":"","position":{"x":288,"y":402},"isActive":true,"date":1702313531062,"kind":"Node","isSelected":false,"isConnectorSelected":false,"isDraggable":1,"isDeletable":1,"hasElementMoved":false,"eventLog":[{"time":1702313531062,"type":"create node","value":-2},{"time":1702313848704,"type":"selected","value":1},{"time":1702313849323,"type":"selected","value":0}],"isTextChangeable":1},{"id":"c56b2c2b-9943-4f01-840f-9258ae8d782c","value":3,"text":"useful addition","comment":"","position":{"x":1054,"y":498},"isActive":true,"date":1702313531062,"kind":"Node","isSelected":false,"isConnectorSelected":false,"isDraggable":1,"isDeletable":1,"hasElementMoved":false,"eventLog":[{"time":1702313531062,"type":"create node","value":3}],"isTextChangeable":1},{"id":"5ae06d31-159c-4535-8aa1-d1343a5c529d","value":0,"text":"future development","comment":"","position":{"x":649,"y":532},"isActive":true,"date":1702313531062,"kind":"Node","isSelected":false,"isConnectorSelected":false,"isDraggable":1,"isDeletable":1,"hasElementMoved":false,"eventLog":[{"time":1702313531062,"type":"create node","value":0}],"isTextChangeable":1},{"id":"0b57dab3-b0a8-40a1-bc34-bd4159bc620c","value":-3,"text":"manipulable","comment":"","position":{"x":234,"y":297},"isActive":true,"date":1702313531062,"kind":"Node","isSelected":false,"isConnectorSelected":false,"isDraggable":1,"isDeletable":1,"hasElementMoved":false,"eventLog":[{"time":1702313531062,"type":"create node","value":-3},{"time":1702313849847,"type":"selected","value":1},{"time":1702313850485,"type":"selected","value":0}],"isTextChangeable":1},{"id":"3ac43fcc-9f08-4591-9189-13da7cad8794","value":-2,"text":"bad spontaneous adjustments","comment":"Circumstances that change spontaneously, or other external influences.","position":{"x":158,"y":196},"isActive":true,"date":1702313531062,"kind":"Node","isSelected":false,"isConnectorSelected":false,"isDraggable":1,"isDeletable":1,"hasElementMoved":false,"eventLog":[{"time":1702313531062,"type":"create node","value":"-2"},{"time":1702313836758,"type":"selected","value":"TRUE"},{"time":1702313845596,"type":"selected","value":"FALSE"},{"time":1702313858036,"type":"selected","value":"TRUE"},{"time":1702313884248,"type":"comment","value":"An sich spontan ändernde Umstände, oder andere äußere Einflüsse."},{"time":1702313884248,"type":"selected","value":"FALSE"},{"time":1702313885153,"type":"selected","value":"TRUE"},{"time":1702313894347,"type":"selected","value":"FALSE"}],"isTextChangeable":1},{"id":"4faa360c-5079-4cdb-9a2a-0b34c35d987e","value":3,"text":"flexible","comment":"","position":{"x":1114,"y":617},"isActive":true,"date":1702313541578,"kind":"Node","isSelected":false,"isConnectorSelected":false,"isDraggable":1,"isDeletable":1,"hasElementMoved":false,"eventLog":[{"time":"1702313541578","type":"create node","value":[0]},{"time":"1702313541696","type":"selected","value":[true]},{"time":"1702313550432","type":"text","value":["Flexibel"]},{"time":"1702313550432","type":"value","value":[3]},{"time":"1702313550432","type":"selected","value":[false]},{"time":"2023-12-11T16:52:31.088Z","type":"position","value":{"x":[1067],"y":[612]}},{"time":"2023-12-11T16:52:34.187Z","type":"position","value":{"x":[1112],"y":[592]}},{"time":"2023-12-11T16:52:40.088Z","type":"position","value":{"x":[1160],"y":[611]}}],"isTextChangeable":1},{"id":"38e39a9a-13f1-47b4-b218-4b16ed3d7f5c","value":-2,"text":"damage-prone","comment":"","position":{"x":525,"y":594},"isActive":true,"date":1702313576225,"kind":"Node","isSelected":false,"isConnectorSelected":false,"isDraggable":1,"isDeletable":1,"hasElementMoved":false,"eventLog":[{"time":"1702313576225","type":"create node","value":[0]},{"time":"1702313576380","type":"selected","value":[true]},{"time":"1702313588840","type":"text","value":["Schadensanfällig"]},{"time":"1702313588840","type":"value","value":[-3]},{"time":"1702313588840","type":"selected","value":[false]},{"time":"2023-12-11T16:53:10.869Z","type":"position","value":{"x":[447],"y":[649]}},{"time":"1702313594339","type":"selected","value":[true]},{"time":"1702313596461","type":"value","value":[-2]},{"time":"1702313596461","type":"selected","value":[false]},{"time":"2023-12-11T16:53:22.225Z","type":"position","value":{"x":[504],"y":[661]}},{"time":"2023-12-11T16:56:29.518Z","type":"position","value":{"x":[525],"y":[621]}}],"isTextChangeable":1},{"id":"856f5a6e-d29a-4c9f-81c1-74a03d308340","value":3,"text":"inaccessible areas","comment":"","position":{"x":773,"y":173},"isActive":true,"date":1702313646880,"kind":"Node","isSelected":false,"isConnectorSelected":false,"isDraggable":1,"isDeletable":1,"hasElementMoved":false,"eventLog":[{"time":"1702313646880","type":"create node","value":[0]},{"time":"1702313647022","type":"selected","value":[true]},{"time":"1702313675562","type":"text","value":["Unzugängliche Bereiche"]},{"time":"1702313675562","type":"value","value":[3]},{"time":"1702313675562","type":"selected","value":[false]},{"time":"2023-12-11T16:54:36.180Z","type":"position","value":{"x":[823],"y":[588]}},{"time":"2023-12-11T16:54:36.282Z","type":"position","value":{"x":[826],"y":[436]}},{"time":"2023-12-11T16:54:36.351Z","type":"position","value":{"x":[835],"y":[280]}},{"time":"2023-12-11T16:54:43.974Z","type":"position","value":{"x":[789],"y":[175]}},{"time":"2023-12-11T16:54:45.284Z","type":"position","value":{"x":[778],"y":[167]}},{"time":"1702313686106","type":"selected","value":[true]},{"time":"1702313686857","type":"selected","value":[false]},{"time":"2023-12-11T16:54:51.197Z","type":"position","value":{"x":[783],"y":[178]}}],"isTextChangeable":1}],"connectors":[{"id":"a7cf2652-d748-47ef-881d-62d64ceae94c","source":"a7af6914-b97e-43ce-bafd-5bbc96b22fc2","target":"1b59fcc3-ca35-42ad-80ac-e0dd9eb86294","agreement":true,"isActive":true,"date":1702313531062,"kind":"Connector","isSelected":false,"intensity":3,"isDeletable":false,"isOver":false,"isBidirectional":false,"eventLog":[{"time":1702313531062,"type":"create connection"}]},{"id":"ef731d7b-6f3d-4a11-8577-917160c16f1d","source":"a7af6914-b97e-43ce-bafd-5bbc96b22fc2","target":"b08eb907-07fb-440a-9ce6-3e7d3bed384b","agreement":true,"isActive":true,"date":1702313531062,"kind":"Connector","isSelected":false,"intensity":3,"isDeletable":true,"isOver":false,"isBidirectional":false,"eventLog":[{"time":1702313531062,"type":"create connection"}]},{"id":"ff1850d0-a430-4240-9dd3-970ecc49352c","source":"b08eb907-07fb-440a-9ce6-3e7d3bed384b","target":"982a4ec5-bb1b-425e-af7c-94f7dbe00460","agreement":true,"isActive":true,"date":1702313531062,"kind":"Connector","isSelected":false,"intensity":9,"isDeletable":true,"isOver":false,"isBidirectional":false,"eventLog":[{"time":1702313531062,"type":"create connection"}]},{"id":"39c6788c-0abb-4b57-9a0e-a1a2e3f42cc1","source":"b08eb907-07fb-440a-9ce6-3e7d3bed384b","target":"01ad7141-3148-4ff1-8764-5c5db61bd483","agreement":true,"isActive":true,"date":1702313531062,"kind":"Connector","isSelected":false,"intensity":6,"isDeletable":true,"isOver":false,"isBidirectional":false,"eventLog":[{"time":1702313531062,"type":"create connection"}]},{"id":"e7d51d3f-6434-4d88-96f4-c79328b86891","source":"2cd485bc-3b30-4ccf-9ebf-ab1686f1bcfe","target":"b08eb907-07fb-440a-9ce6-3e7d3bed384b","agreement":true,"isActive":true,"date":1702313531062,"kind":"Connector","isSelected":false,"intensity":6,"isDeletable":true,"isOver":false,"isBidirectional":false,"eventLog":[{"time":1702313531062,"type":"create connection"}]},{"id":"1b227909-00fd-4ce6-8568-5664999a9f6c","source":"01ad7141-3148-4ff1-8764-5c5db61bd483","target":"3096d8da-9025-459c-b8b1-302daed611eb","agreement":true,"isActive":true,"date":1702313531062,"kind":"Connector","isSelected":false,"intensity":6,"isDeletable":true,"isOver":false,"isBidirectional":false,"eventLog":[{"time":1702313531062,"type":"create connection"}]},{"id":"302ec6b9-9230-449a-95cc-6b9b5f12e378","source":"2cd485bc-3b30-4ccf-9ebf-ab1686f1bcfe","target":"3096d8da-9025-459c-b8b1-302daed611eb","agreement":true,"isActive":true,"date":1702313531063,"kind":"Connector","isSelected":false,"intensity":9,"isDeletable":true,"isOver":false,"isBidirectional":false,"eventLog":[{"time":1702313531063,"type":"create connection"}]},{"id":"9d026770-1d8e-4e8a-a5d1-04320add7b4b","source":"3096d8da-9025-459c-b8b1-302daed611eb","target":"982a4ec5-bb1b-425e-af7c-94f7dbe00460","agreement":true,"isActive":true,"date":1702313531063,"kind":"Connector","isSelected":false,"intensity":9,"isDeletable":true,"isOver":false,"isBidirectional":false,"eventLog":[{"time":1702313531063,"type":"create connection"}]},{"id":"94c52633-9ba9-4119-8a9c-f22c17af511e","source":"1b59fcc3-ca35-42ad-80ac-e0dd9eb86294","target":"d35f16a2-67e6-463b-a3f8-1d617f00751f","agreement":true,"isActive":true,"date":1702313531063,"kind":"Connector","isSelected":false,"intensity":9,"isDeletable":true,"isOver":false,"isBidirectional":false,"eventLog":[{"time":1702313531063,"type":"create connection"}]},{"id":"a1fc2356-6582-4a07-b8f8-f54564de1995","source":"099f74e7-3e39-4336-bde5-64075b95eda7","target":"1b59fcc3-ca35-42ad-80ac-e0dd9eb86294","agreement":true,"isActive":true,"date":1702313531063,"kind":"Connector","isSelected":false,"intensity":9,"isDeletable":true,"isOver":false,"isBidirectional":false,"eventLog":[{"time":1702313531063,"type":"create connection"}]},{"id":"a70ba870-b9e8-4edb-a083-79b90974891c","source":"1b59fcc3-ca35-42ad-80ac-e0dd9eb86294","target":"9d49fcd0-c681-42ee-bb65-996d9b8672d0","agreement":true,"isActive":true,"date":1702313531063,"kind":"Connector","isSelected":false,"intensity":6,"isDeletable":true,"isOver":false,"isBidirectional":false,"eventLog":[{"time":1702313531063,"type":"create connection"}]},{"id":"653edac5-3469-474a-9d30-e245ab6ba31a","source":"099f74e7-3e39-4336-bde5-64075b95eda7","target":"ab093cfa-373c-47d6-9093-1cd98ae8d020","agreement":true,"isActive":true,"date":1702313531063,"kind":"Connector","isSelected":false,"intensity":9,"isDeletable":true,"isOver":false,"isBidirectional":false,"eventLog":[{"time":1702313531063,"type":"create connection"}]},{"id":"3a3cac7c-e1d2-4c30-9f7c-4bd3ce1c461c","source":"d35f16a2-67e6-463b-a3f8-1d617f00751f","target":"ab093cfa-373c-47d6-9093-1cd98ae8d020","agreement":true,"isActive":true,"date":1702313531063,"kind":"Connector","isSelected":false,"intensity":6,"isDeletable":true,"isOver":false,"isBidirectional":false,"eventLog":[{"time":1702313531063,"type":"create connection"}]},{"id":"bb2fdae1-4ed3-4e2c-a0a0-61e2da481c73","source":"9d49fcd0-c681-42ee-bb65-996d9b8672d0","target":"ab093cfa-373c-47d6-9093-1cd98ae8d020","agreement":true,"isActive":true,"date":1702313531063,"kind":"Connector","isSelected":false,"intensity":6,"isDeletable":true,"isOver":false,"isBidirectional":false,"eventLog":[{"time":1702313531063,"type":"create connection"}]},{"id":"ee39fc06-4faf-4e3a-9ec4-b8953a255b72","source":"a7af6914-b97e-43ce-bafd-5bbc96b22fc2","target":"5ae06d31-159c-4535-8aa1-d1343a5c529d","agreement":true,"isActive":true,"date":1702313531063,"kind":"Connector","isSelected":false,"intensity":3,"isDeletable":true,"isOver":false,"isBidirectional":false,"eventLog":[{"time":1702313531063,"type":"create connection"}]},{"id":"3fe4ab68-5dc2-4b8a-9b2d-8a069a5ad872","source":"1b59fcc3-ca35-42ad-80ac-e0dd9eb86294","target":"0b57dab3-b0a8-40a1-bc34-bd4159bc620c","agreement":true,"isActive":true,"date":1702313531063,"kind":"Connector","isSelected":false,"intensity":6,"isDeletable":true,"isOver":false,"isBidirectional":false,"eventLog":[{"time":1702313531063,"type":"create connection"}]},{"id":"ebe4b368-90e7-4e34-b7ba-e584d035897f","source":"0b57dab3-b0a8-40a1-bc34-bd4159bc620c","target":"ab093cfa-373c-47d6-9093-1cd98ae8d020","agreement":true,"isActive":true,"date":1702313531063,"kind":"Connector","isSelected":false,"intensity":6,"isDeletable":true,"isOver":false,"isBidirectional":false,"eventLog":[{"time":1702313531063,"type":"create connection"}]},{"id":"03a15c30-c756-461f-a788-e1033d02a2fc","source":"c56b2c2b-9943-4f01-840f-9258ae8d782c","target":"3096d8da-9025-459c-b8b1-302daed611eb","agreement":true,"isActive":true,"date":1702313531063,"kind":"Connector","isSelected":false,"intensity":9,"isDeletable":true,"isOver":false,"isBidirectional":false,"eventLog":[{"time":1702313531063,"type":"create connection"}]},{"id":"730db02c-787c-4de4-8306-51f23cee52f3","source":"c56b2c2b-9943-4f01-840f-9258ae8d782c","target":"b08eb907-07fb-440a-9ce6-3e7d3bed384b","agreement":true,"isActive":true,"date":1702313531063,"kind":"Connector","isSelected":false,"intensity":9,"isDeletable":true,"isOver":false,"isBidirectional":false,"eventLog":[{"time":1702313531063,"type":"create connection"}]},{"id":"ca169c73-2b70-442a-a217-4fdffe975d3b","source":"1b59fcc3-ca35-42ad-80ac-e0dd9eb86294","target":"3ac43fcc-9f08-4591-9189-13da7cad8794","agreement":true,"isActive":true,"date":1702313531063,"kind":"Connector","isSelected":false,"intensity":3,"isDeletable":true,"isOver":false,"isBidirectional":false,"eventLog":[{"time":1702313531063,"type":"create connection"}]},{"id":"468b1b68-c242-4e4e-ba7a-0cb639885d9d","source":"3ac43fcc-9f08-4591-9189-13da7cad8794","target":"ab093cfa-373c-47d6-9093-1cd98ae8d020","agreement":true,"isActive":true,"date":1702313531063,"kind":"Connector","isSelected":false,"intensity":6,"isDeletable":true,"isOver":false,"isBidirectional":false,"eventLog":[{"time":1702313531063,"type":"create connection"}]},{"id":"f2f261f0-5324-45c4-a6d0-805792bf9143","source":"4faa360c-5079-4cdb-9a2a-0b34c35d987e","target":"b08eb907-07fb-440a-9ce6-3e7d3bed384b","agreement":true,"isActive":true,"date":1702313556215,"kind":"Connector","isSelected":false,"intensity":3,"isDeletable":true,"isOver":false,"isBidirectional":false,"eventLog":[{"time":1702313556215,"type":"create connection"}]},{"id":"bac31c99-b0bd-47cc-89bf-690caa43df8b","source":"4faa360c-5079-4cdb-9a2a-0b34c35d987e","target":"3096d8da-9025-459c-b8b1-302daed611eb","agreement":true,"isActive":true,"date":1702313558690,"kind":"Connector","isSelected":false,"intensity":3,"isDeletable":true,"isOver":false,"isBidirectional":false,"eventLog":[{"time":1702313558690,"type":"create connection"}]},{"id":"2ce4cbbd-79fc-47f3-9890-528f9123e299","source":"1b59fcc3-ca35-42ad-80ac-e0dd9eb86294","target":"38e39a9a-13f1-47b4-b218-4b16ed3d7f5c","agreement":true,"isActive":true,"date":1702313592864,"kind":"Connector","isSelected":false,"intensity":6,"isDeletable":true,"isOver":false,"isBidirectional":false,"eventLog":[{"time":1702313592864,"type":"create connection"},{"time":1702313771668,"type":"selected","value":1},{"time":1702313773531,"type":"change intensity of connector","value":6},{"time":1702313773531,"type":"selected","value":0}]},{"id":"f42eb0e6-172b-464b-be5f-64b8a8d80416","source":"38e39a9a-13f1-47b4-b218-4b16ed3d7f5c","target":"ab093cfa-373c-47d6-9093-1cd98ae8d020","agreement":true,"isActive":true,"date":1702313599342,"kind":"Connector","isSelected":false,"intensity":6,"isDeletable":true,"isOver":false,"isBidirectional":false,"eventLog":[{"time":1702313599342,"type":"create connection"},{"time":1702313773647,"type":"selected","value":1},{"time":1702313775975,"type":"change intensity of connector","value":6},{"time":1702313775975,"type":"selected","value":0}]},{"id":"02c155f9-0e53-48de-ab4d-4a9a6f0c2b6c","source":"b08eb907-07fb-440a-9ce6-3e7d3bed384b","target":"856f5a6e-d29a-4c9f-81c1-74a03d308340","agreement":true,"isActive":true,"date":1702313680294,"kind":"Connector","isSelected":false,"intensity":9,"isDeletable":true,"isOver":false,"isBidirectional":false,"eventLog":[{"time":1702313680294,"type":"create connection"},{"time":1702313681762,"type":"selected","value":1},{"time":1702313683602,"type":"change intensity of connector","value":9},{"time":1702313683602,"type":"selected","value":0}]},{"id":"0cd51051-7409-4e74-ad8e-e78969775c57","source":"856f5a6e-d29a-4c9f-81c1-74a03d308340","target":"3096d8da-9025-459c-b8b1-302daed611eb","agreement":true,"isActive":true,"date":1702313687592,"kind":"Connector","isSelected":false,"intensity":9,"isDeletable":true,"isOver":false,"isBidirectional":false,"eventLog":[{"time":1702313687592,"type":"create connection"},{"time":1702313689018,"type":"selected","value":1},{"time":1702313690691,"type":"change intensity of connector","value":9},{"time":1702313690691,"type":"selected","value":0}]}],"currentID":{},"currentNode":{},"hasSelectedNode":[false],"currentConnector":{},"hasSelectedConnector":[false],"readyToMove":[false],"isIncoming":[false],"hasElementMoved":[false]}
