{"idCAM":["894ba5a3-b1d6-48df-88a2-7c1f0dfb624a"],"creator":["59a426b35fd74b0001abfa4f_pre"],"projectCAM":["S2_CAM part 1"],"defocusCAM":["NA",0],"date":[1702309806897],"nodes":[{"id":"88894c48-d3f5-499a-a661-733983728ff0","value":0,"text":"rescue robot","comment":"","position":{"x":650,"y":400},"isActive":true,"date":1702309807813,"kind":"Node","isSelected":false,"isConnectorSelected":false,"isDraggable":0,"isDeletable":0,"hasElementMoved":false,"eventLog":[{"time":1702309807813,"type":"create node","value":0}],"isTextChangeable":0},{"id":"704cc1f6-9ce0-403a-b5db-83c251c2d107","value":0,"text":"disadvantages","comment":"","position":{"x":450,"y":400},"isActive":true,"date":1702309807814,"kind":"Node","isSelected":false,"isConnectorSelected":false,"isDraggable":0,"isDeletable":0,"hasElementMoved":false,"eventLog":[{"time":1702309807814,"type":"create node","value":0}],"isTextChangeable":0},{"id":"c58d9838-8c5d-4cc9-b11e-6ef20ed5ef3c","value":0,"text":"advantages","comment":"","position":{"x":850,"y":400},"isActive":true,"date":1702309807814,"kind":"Node","isSelected":false,"isConnectorSelected":true,"isDraggable":0,"isDeletable":0,"hasElementMoved":false,"eventLog":[{"time":1702309807814,"type":"create node","value":0}],"isTextChangeable":0},{"id":"61596077-9006-421f-b18d-81598321cbbc","value":3,"text":"difficult recoveries","comment":"In areas where people cannot penetrate","position":{"x":969.4,"y":291.6},"isActive":true,"date":1702309815668,"kind":"Node","isSelected":false,"isConnectorSelected":false,"isDraggable":1,"isDeletable":1,"hasElementMoved":false,"eventLog":[{"time":"1702309815668","type":"create node","value":[0]},{"time":"1702309823299","type":"selected","value":[true]},{"time":"1702309858255","type":"text","value":["Schwierige Bergungen"]},{"time":"1702309858255","type":"value","value":[3]},{"time":"1702309858255","type":"comment","value":["In Bereichen, in die Menschen nicht vordringen können"]},{"time":"1702309858255","type":"selected","value":[false]},{"time":"2023-12-11T15:58:18.855Z","type":"position","value":{"x":[967.4],"y":[289.6]}}],"isTextChangeable":1},{"id":"bf64649d-561b-4a93-8402-e76a494b1bbe","value":2,"text":"performance capability","comment":"Works around the clock","position":{"x":926.4,"y":515.6},"isActive":true,"date":1702309868492,"kind":"Node","isSelected":false,"isConnectorSelected":false,"isDraggable":1,"isDeletable":1,"hasElementMoved":false,"eventLog":[{"time":1702309868492,"type":"create node","value":"0"},{"time":1702309869531,"type":"selected","value":"TRUE"},{"time":1702309910672,"type":"text","value":"Leistungsfähigkeit"},{"time":1702309910672,"type":"value","value":"3"},{"time":1702309910672,"type":"comment","value":"Arbeitet rund um die Uhr"},{"time":1702309910672,"type":"selected","value":"FALSE"},{"time":1702310274580,"type":"selected","value":"TRUE"},{"time":1702310278469,"type":"value","value":"2"},{"time":1702310278469,"type":"selected","value":"FALSE"}],"isTextChangeable":1},{"id":"a4550142-5aa0-4b7f-9dce-b71b6a0b4281","value":-3,"text":"prone to failure","comment":"Technical problems","position":{"x":372.4,"y":184.6},"isActive":true,"date":1702309913963,"kind":"Node","isSelected":false,"isConnectorSelected":false,"isDraggable":1,"isDeletable":1,"hasElementMoved":false,"eventLog":[{"time":1702309913963,"type":"create node","value":"0"},{"time":1702309914698,"type":"selected","value":"TRUE"},{"time":1702309941862,"type":"text","value":"Störungsanfällig"},{"time":1702309941862,"type":"value","value":"-3"},{"time":1702309941862,"type":"comment","value":"Technische Probleme"},{"time":1702309941862,"type":"selected","value":"FALSE"}],"isTextChangeable":1},{"id":"db66e202-226a-4e2e-b047-5efa7411dcd7","value":0,"text":"Keine psychische Belastung","comment":"","position":{"x":239.4,"y":552.6},"isActive":false,"date":1702309954931,"kind":"Node","isSelected":false,"isConnectorSelected":false,"isDraggable":1,"isDeletable":1,"hasElementMoved":false,"eventLog":[{"time":1702309954931,"type":"create node","value":0},{"time":1702309955857,"type":"selected","value":1},{"time":1702309967691,"type":"node was deleted","value":-99}],"isTextChangeable":1},{"id":"673a5685-b296-4bb1-b21f-bb937e7f0b83","value":3,"text":"no mental stress","comment":"","position":{"x":1101.4,"y":408.6},"isActive":true,"date":1702309971043,"kind":"Node","isSelected":false,"isConnectorSelected":true,"isDraggable":1,"isDeletable":1,"hasElementMoved":false,"eventLog":[{"time":1702309971043,"type":"create node","value":"0"},{"time":1702309971845,"type":"selected","value":"TRUE"},{"time":1702309987428,"type":"text","value":"Keine psychische Belastung"},{"time":1702309987428,"type":"value","value":"3"},{"time":1702309987428,"type":"selected","value":"FALSE"}],"isTextChangeable":1},{"id":"39ed6367-bf7f-40f1-b27e-cd0c64e2bca0","value":-3,"text":"manipulation possible","comment":"","position":{"x":125.4,"y":393.6},"isActive":true,"date":1702310006890,"kind":"Node","isSelected":false,"isConnectorSelected":false,"isDraggable":1,"isDeletable":1,"hasElementMoved":false,"eventLog":[{"time":1702310006890,"type":"create node","value":"0"},{"time":1702310007013,"type":"selected","value":"TRUE"},{"time":1702310023341,"type":"text","value":"Manipulation möglich"},{"time":1702310023341,"type":"value","value":"-3"},{"time":1702310023341,"type":"selected","value":"FALSE"}],"isTextChangeable":1},{"id":"c8bca0aa-a922-41d8-8447-ffde4d3a54c9","value":-3,"text":"accuracy","comment":"Not as accurate as humans","position":{"x":414.4,"y":642.6},"isActive":true,"date":1702310028843,"kind":"Node","isSelected":false,"isConnectorSelected":false,"isDraggable":1,"isDeletable":1,"hasElementMoved":false,"eventLog":[{"time":1702310028843,"type":"create node","value":"0"},{"time":1702310029577,"type":"selected","value":"TRUE"},{"time":1702310042244,"type":"text","value":"Genauigkeit"},{"time":1702310042244,"type":"value","value":"-3"},{"time":1702310042244,"type":"comment","value":"Nicht so genau wie Menschen"},{"time":1702310042244,"type":"selected","value":"FALSE"}],"isTextChangeable":1},{"id":"12a89813-2b76-4fa8-974d-ceff0de29204","value":3,"text":"earthquake search","comment":"","position":{"x":1130.4,"y":145.6},"isActive":true,"date":1702310053483,"kind":"Node","isSelected":false,"isConnectorSelected":false,"isDraggable":1,"isDeletable":1,"hasElementMoved":false,"eventLog":[{"time":1702310053483,"type":"create node","value":"0"},{"time":1702310053572,"type":"selected","value":"TRUE"},{"time":1702310061333,"type":"text","value":"Erdbebensuche"},{"time":1702310061333,"type":"value","value":"3"},{"time":1702310061333,"type":"selected","value":"FALSE"}],"isTextChangeable":1},{"id":"56bb554b-aa8e-4698-91b0-07712380d4d9","value":2,"text":"no health hazard","comment":"Through smoke, toxins,...","position":{"x":813.4,"y":122.6},"isActive":true,"date":1702310074818,"kind":"Node","isSelected":false,"isConnectorSelected":false,"isDraggable":1,"isDeletable":1,"hasElementMoved":false,"eventLog":[{"time":1702310074818,"type":"create node","value":"0"},{"time":1702310075586,"type":"selected","value":"TRUE"},{"time":1702310110692,"type":"text","value":"Keine Gesundheitsgefährdung"},{"time":1702310110692,"type":"value","value":"3"},{"time":1702310110692,"type":"comment","value":"Durch Rauch, Gifte,..."},{"time":1702310110692,"type":"selected","value":"FALSE"},{"time":1702310266780,"type":"selected","value":"TRUE"},{"time":1702310270404,"type":"value","value":"2"},{"time":1702310270404,"type":"selected","value":"FALSE"}],"isTextChangeable":1},{"id":"deba9985-ae37-4923-a813-45d7cf2dfe21","value":0,"text":"","comment":"","position":{"x":562.4,"y":86.6},"isActive":false,"date":1702310123034,"kind":"Node","isSelected":false,"isConnectorSelected":false,"isDraggable":1,"isDeletable":1,"hasElementMoved":false,"eventLog":[{"time":1702310123034,"type":"create node","value":0},{"time":1702310123108,"type":"selected","value":1},{"time":1702310128027,"type":"node was deleted","value":-99}],"isTextChangeable":1},{"id":"dfd6189f-f8f0-4291-bfce-9beefa60f538","value":-3,"text":"programming","comment":"Only acts according to regulations","position":{"x":126.4,"y":672.6},"isActive":true,"date":1702310135275,"kind":"Node","isSelected":false,"isConnectorSelected":false,"isDraggable":1,"isDeletable":1,"hasElementMoved":false,"eventLog":[{"time":1702310135275,"type":"create node","value":"0"},{"time":1702310135324,"type":"selected","value":"TRUE"},{"time":1702310154063,"type":"text","value":"Programmierung"},{"time":1702310154063,"type":"value","value":"-3"},{"time":1702310154063,"type":"comment","value":"Handelt nur nach Vorschrift"},{"time":1702310154063,"type":"selected","value":"FALSE"}],"isTextChangeable":1},{"id":"cdd45a00-ffde-452b-b343-7be208e9b4df","value":-3,"text":"no independent thinking","comment":"","position":{"x":171.4,"y":552.6},"isActive":true,"date":1702310199827,"kind":"Node","isSelected":false,"isConnectorSelected":false,"isDraggable":1,"isDeletable":1,"hasElementMoved":false,"eventLog":[{"time":1702310199827,"type":"create node","value":"0"},{"time":1702310199931,"type":"selected","value":"TRUE"},{"time":1702310215629,"type":"text","value":"Kein selbständiges Denken"},{"time":1702310215629,"type":"value","value":"-3"},{"time":1702310215629,"type":"selected","value":"FALSE"}],"isTextChangeable":1},{"id":"c57c7b83-cd60-4b46-8fd4-df16ea86844b","value":0,"text":"","comment":"","position":{"x":926.4,"y":407.6},"isActive":false,"date":1702310303370,"kind":"Node","isSelected":false,"isConnectorSelected":false,"isDraggable":1,"isDeletable":1,"hasElementMoved":false,"eventLog":[{"time":1702310303370,"type":"create node","value":0},{"time":1702310305479,"type":"selected","value":1},{"time":1702310305884,"type":"selected","value":0},{"time":1702310308038,"type":"selected","value":1},{"time":1702310308451,"type":"selected","value":0},{"time":1702310310989,"type":"selected","value":1},{"time":1702310312202,"type":"node was deleted","value":-99}],"isTextChangeable":1}],"connectors":[{"id":"bfc8c141-c3fa-4c19-b3ee-01bb419f8ca4","source":"88894c48-d3f5-499a-a661-733983728ff0","target":"704cc1f6-9ce0-403a-b5db-83c251c2d107","agreement":true,"isActive":true,"date":1702309807814,"kind":"Connector","isSelected":false,"intensity":3,"isDeletable":false,"isOver":false,"isBidirectional":false,"eventLog":[{"time":1702309807814,"type":"create connection"}]},{"id":"e7e9db6c-0492-4a84-835c-2bb1bce1435f","source":"88894c48-d3f5-499a-a661-733983728ff0","target":"c58d9838-8c5d-4cc9-b11e-6ef20ed5ef3c","agreement":true,"isActive":true,"date":1702309807814,"kind":"Connector","isSelected":false,"intensity":3,"isDeletable":true,"isOver":false,"isBidirectional":false,"eventLog":[{"time":1702309807814,"type":"create connection"}]},{"id":"27c89c1b-64cf-4421-b972-45c5b6f724b2","source":"704cc1f6-9ce0-403a-b5db-83c251c2d107","target":"a4550142-5aa0-4b7f-9dce-b71b6a0b4281","agreement":false,"isActive":true,"date":1702310218706,"kind":"Connector","isSelected":false,"intensity":9,"isDeletable":true,"isOver":false,"isBidirectional":false,"eventLog":[{"time":1702310218706,"type":"create connection"},{"time":1702310220763,"type":"selected","value":1},{"time":1702310230980,"type":"change intensity of connector","value":-9},{"time":1702310230980,"type":"selected","value":0}]},{"id":"aa2abf88-38de-4bef-b501-18cb77096371","source":"704cc1f6-9ce0-403a-b5db-83c251c2d107","target":"dfd6189f-f8f0-4291-bfce-9beefa60f538","agreement":false,"isActive":true,"date":1702310232450,"kind":"Connector","isSelected":false,"intensity":3,"isDeletable":true,"isOver":false,"isBidirectional":false,"eventLog":[{"time":1702310232450,"type":"create connection"},{"time":1702310234378,"type":"selected","value":1},{"time":1702310238884,"type":"change intensity of connector","value":-3},{"time":1702310238884,"type":"selected","value":0}]},{"id":"2df76c89-2f2c-4495-b4b6-01c3c97d2a00","source":"dfd6189f-f8f0-4291-bfce-9beefa60f538","target":"cdd45a00-ffde-452b-b343-7be208e9b4df","agreement":false,"isActive":true,"date":1702310241999,"kind":"Connector","isSelected":false,"intensity":9,"isDeletable":true,"isOver":false,"isBidirectional":false,"eventLog":[{"time":1702310241999,"type":"create connection"},{"time":1702310243166,"type":"selected","value":1},{"time":1702310245629,"type":"change intensity of connector","value":-9},{"time":1702310245629,"type":"selected","value":0}]},{"id":"7dfca75c-bd0c-49de-86e4-31cff9bd3bea","source":"c8bca0aa-a922-41d8-8447-ffde4d3a54c9","target":"dfd6189f-f8f0-4291-bfce-9beefa60f538","agreement":false,"isActive":true,"date":1702310248245,"kind":"Connector","isSelected":false,"intensity":9,"isDeletable":true,"isOver":false,"isBidirectional":false,"eventLog":[{"time":1702310248245,"type":"create connection"},{"time":1702310249321,"type":"selected","value":1},{"time":1702310251796,"type":"change intensity of connector","value":-9},{"time":1702310251796,"type":"selected","value":0}]},{"id":"977a4765-840e-480a-ab90-00757c66538e","source":"a4550142-5aa0-4b7f-9dce-b71b6a0b4281","target":"39ed6367-bf7f-40f1-b27e-cd0c64e2bca0","agreement":false,"isActive":true,"date":1702310258557,"kind":"Connector","isSelected":false,"intensity":9,"isDeletable":true,"isOver":false,"isBidirectional":false,"eventLog":[{"time":1702310258557,"type":"create connection"},{"time":1702310259657,"type":"selected","value":1},{"time":1702310261908,"type":"change intensity of connector","value":-9},{"time":1702310261908,"type":"selected","value":0}]},{"id":"e7d95a15-53a4-45b2-9628-b011ddca8696","source":"c58d9838-8c5d-4cc9-b11e-6ef20ed5ef3c","target":"56bb554b-aa8e-4698-91b0-07712380d4d9","agreement":true,"isActive":true,"date":1702310264946,"kind":"Connector","isSelected":false,"intensity":3,"isDeletable":true,"isOver":false,"isBidirectional":false,"eventLog":[{"time":1702310264946,"type":"create connection"}]},{"id":"91c6f46f-3669-49a2-a393-c64448ce3313","source":"bf64649d-561b-4a93-8402-e76a494b1bbe","target":"c58d9838-8c5d-4cc9-b11e-6ef20ed5ef3c","agreement":true,"isActive":true,"date":1702310279482,"kind":"Connector","isSelected":false,"intensity":6,"isDeletable":true,"isOver":false,"isBidirectional":false,"eventLog":[{"time":1702310279482,"type":"create connection"},{"time":1702310282401,"type":"selected","value":1},{"time":1702310284364,"type":"change intensity of connector","value":6},{"time":1702310284364,"type":"selected","value":0}]},{"id":"5def2a49-fe95-436f-9a5f-6a8aab4bce0c","source":"61596077-9006-421f-b18d-81598321cbbc","target":"c58d9838-8c5d-4cc9-b11e-6ef20ed5ef3c","agreement":true,"isActive":true,"date":1702310285921,"kind":"Connector","isSelected":false,"intensity":9,"isDeletable":true,"isOver":false,"isBidirectional":false,"eventLog":[{"time":1702310285921,"type":"create connection"},{"time":1702310288490,"type":"selected","value":1},{"time":1702310290493,"type":"change intensity of connector","value":9},{"time":1702310290493,"type":"selected","value":0}]},{"id":"e44c169e-323d-40c0-bf6a-f1d29c310d0f","source":"61596077-9006-421f-b18d-81598321cbbc","target":"12a89813-2b76-4fa8-974d-ceff0de29204","agreement":true,"isActive":true,"date":1702310295429,"kind":"Connector","isSelected":false,"intensity":9,"isDeletable":true,"isOver":false,"isBidirectional":false,"eventLog":[{"time":1702310295429,"type":"create connection"},{"time":1702310296257,"type":"selected","value":1},{"time":1702310298044,"type":"change intensity of connector","value":9},{"time":1702310298044,"type":"selected","value":0}]},{"id":"00667eda-1e77-4e50-bb70-c7b1282ac670","source":"c58d9838-8c5d-4cc9-b11e-6ef20ed5ef3c","target":"c57c7b83-cd60-4b46-8fd4-df16ea86844b","agreement":true,"isActive":false,"date":1702310304512,"kind":"Connector","isSelected":false,"intensity":3,"isDeletable":true,"isOver":false,"isBidirectional":false,"eventLog":[{"time":1702310304512,"type":"create connection"},{"time":1702310312202,"type":"active","value":false}]},{"id":"e1f40869-faa8-4712-90b3-6ae0e8b15774","source":"673a5685-b296-4bb1-b21f-bb937e7f0b83","target":"c58d9838-8c5d-4cc9-b11e-6ef20ed5ef3c","agreement":true,"isActive":true,"date":1702310314874,"kind":"Connector","isSelected":false,"intensity":9,"isDeletable":true,"isOver":false,"isBidirectional":false,"eventLog":[{"time":1702310314874,"type":"create connection"},{"time":1702310315729,"type":"selected","value":1},{"time":1702310318011,"type":"change intensity of connector","value":9},{"time":1702310318011,"type":"selected","value":0}]}],"currentID":["e1f40869-faa8-4712-90b3-6ae0e8b15774"],"currentNode":{},"hasSelectedNode":[false],"currentConnector":{"id":["e1f40869-faa8-4712-90b3-6ae0e8b15774"],"value":{},"source":["673a5685-b296-4bb1-b21f-bb937e7f0b83"],"target":["c58d9838-8c5d-4cc9-b11e-6ef20ed5ef3c"],"agreement":[true],"isActive":[true],"date":[1702310314874],"kind":["Connector"],"isSelected":[false],"intensity":[9],"isDeletable":[true],"isOver":[false],"isBidirectional":[false],"eventLog":[{"time":1702310314874,"type":"create connection"},{"time":1702310315729,"type":"selected","value":1},{"time":1702310318011,"type":"change intensity of connector","value":9},{"time":1702310318011,"type":"selected","value":0}]},"hasSelectedConnector":[true],"readyToMove":[false],"isIncoming":[false],"hasElementMoved":[false]}
