{"idCAM":["fc0011ab-6cf3-4013-a8f7-c6f33788c402"],"creator":["5a7fab56f49c9a0001f3549e_pre"],"projectCAM":["S2_CAM part 1"],"defocusCAM":[],"date":[1702314157624],"nodes":[{"id":"37aa63d1-6df7-4539-aa1d-235679322f7d","value":0,"text":"rescue robot","comment":"","position":{"x":650,"y":400},"isActive":true,"date":1702314158521,"kind":"Node","isSelected":false,"isConnectorSelected":false,"isDraggable":0,"isDeletable":0,"hasElementMoved":false,"eventLog":[{"time":1702314158521,"type":"create node","value":0}],"isTextChangeable":0},{"id":"83ecf3b3-a45f-43b1-8546-16d3d42bbab5","value":0,"text":"disadvantages","comment":"","position":{"x":450,"y":400},"isActive":true,"date":1702314158521,"kind":"Node","isSelected":false,"isConnectorSelected":false,"isDraggable":0,"isDeletable":0,"hasElementMoved":false,"eventLog":[{"time":"1702314158521","type":"create node","value":[0]},{"time":"2023-12-11T17:02:49.443Z","type":"position","value":{"x":[466],"y":[394]}}],"isTextChangeable":0},{"id":"7a0ee8ac-2a09-4280-aa6c-4f143e3efb42","value":0,"text":"advantages","comment":"","position":{"x":850,"y":400},"isActive":true,"date":1702314158521,"kind":"Node","isSelected":false,"isConnectorSelected":true,"isDraggable":0,"isDeletable":0,"hasElementMoved":false,"eventLog":[{"time":1702314158521,"type":"create node","value":0}],"isTextChangeable":0},{"id":"ade0d308-bfad-4f95-81e4-006c698e5c8b","value":3,"text":"less danger","comment":"","position":{"x":797,"y":49},"isActive":true,"date":1702314172523,"kind":"Node","isSelected":false,"isConnectorSelected":false,"isDraggable":1,"isDeletable":1,"hasElementMoved":false,"eventLog":[{"time":"1702314172523","type":"create node","value":[0]},{"time":"1702314172617","type":"selected","value":[true]},{"time":"1702314194098","type":"text","value":["weniger Gefahr"]},{"time":"1702314194098","type":"value","value":[3]},{"time":"1702314194098","type":"selected","value":[false]},{"time":"2023-12-11T17:03:14.715Z","type":"position","value":{"x":[989],"y":[290]}},{"time":"2023-12-11T17:04:42.167Z","type":"position","value":{"x":[985],"y":[260]}},{"time":"2023-12-11T17:04:42.883Z","type":"position","value":{"x":[835],"y":[116]}},{"time":"2023-12-11T17:04:42.938Z","type":"position","value":{"x":[832],"y":[110]}}],"isTextChangeable":1},{"id":"f33e61d1-e61d-4fc6-ac14-e3f01919f658","value":-2,"text":"no empathy","comment":"","position":{"x":127,"y":401},"isActive":true,"date":1702314208687,"kind":"Node","isSelected":false,"isConnectorSelected":false,"isDraggable":1,"isDeletable":1,"hasElementMoved":false,"eventLog":[{"time":"1702314208687","type":"create node","value":[0]},{"time":"2023-12-11T17:03:30.243Z","type":"position","value":{"x":[1047],"y":[368]}},{"time":"2023-12-11T17:03:30.403Z","type":"position","value":{"x":[888],"y":[403]}},{"time":"2023-12-11T17:03:30.473Z","type":"position","value":{"x":[730],"y":[405]}},{"time":"2023-12-11T17:03:30.521Z","type":"position","value":{"x":[556],"y":[391]}},{"time":"2023-12-11T17:03:30.570Z","type":"position","value":{"x":[395],"y":[362]}},{"time":"1702314212516","type":"selected","value":[true]},{"time":"1702314222168","type":"text","value":["keine Empathie"]},{"time":"1702314222168","type":"value","value":[-2]},{"time":"1702314222168","type":"selected","value":[false]},{"time":"2023-12-11T17:03:42.973Z","type":"position","value":{"x":[281],"y":[399]}},{"time":"2023-12-11T17:04:34.662Z","type":"position","value":{"x":[215],"y":[402]}}],"isTextChangeable":1},{"id":"f536b800-c544-4a0d-8f5b-9febebc9b576","value":-2,"text":"high costs","comment":"","position":{"x":154,"y":251},"isActive":true,"date":1702314225445,"kind":"Node","isSelected":false,"isConnectorSelected":false,"isDraggable":1,"isDeletable":1,"hasElementMoved":false,"eventLog":[{"time":"1702314225445","type":"create node","value":[0]},{"time":"2023-12-11T17:03:46.267Z","type":"position","value":{"x":[299],"y":[318]}},{"time":"1702314229038","type":"selected","value":[true]},{"time":"1702314234554","type":"text","value":["Hohe Kosten"]},{"time":"1702314234554","type":"selected","value":[false]},{"time":"1702314238201","type":"selected","value":[true]},{"time":"1702314240169","type":"value","value":[-2]},{"time":"1702314240169","type":"selected","value":[false]},{"time":"2023-12-11T17:04:35.748Z","type":"position","value":{"x":[243],"y":[245]}},{"time":"2023-12-11T17:05:05.919Z","type":"position","value":{"x":[155],"y":[292]}},{"time":"2023-12-11T17:05:06.202Z","type":"position","value":{"x":[306],"y":[245]}},{"time":"2023-12-11T17:05:14.629Z","type":"position","value":{"x":[428],"y":[205]}},{"time":"2023-12-11T17:05:14.855Z","type":"position","value":{"x":[277],"y":[209]}}],"isTextChangeable":1},{"id":"a12fb357-d848-40a0-829a-a417115f925b","value":-3,"text":"error prone","comment":"","position":{"x":238,"y":667},"isActive":true,"date":1702314248332,"kind":"Node","isSelected":false,"isConnectorSelected":false,"isDraggable":1,"isDeletable":1,"hasElementMoved":false,"eventLog":[{"time":"1702314248332","type":"create node","value":[0]},{"time":"1702314248440","type":"selected","value":[true]},{"time":"1702314258809","type":"text","value":["Fehleranfällig"]},{"time":"1702314258809","type":"selected","value":[false]},{"time":"1702314259684","type":"selected","value":[true]},{"time":"1702314261765","type":"value","value":[-3]},{"time":"1702314261765","type":"selected","value":[false]},{"time":"2023-12-11T17:04:22.532Z","type":"position","value":{"x":[233],"y":[568]}},{"time":"2023-12-11T17:04:32.876Z","type":"position","value":{"x":[237],"y":[551]}},{"time":"2023-12-11T17:05:27.395Z","type":"position","value":{"x":[141],"y":[505]}},{"time":"2023-12-11T17:07:33.970Z","type":"position","value":{"x":[279],"y":[587]}}],"isTextChangeable":1},{"id":"c8606c1e-0c2f-45e8-9b9d-981ad0430481","value":0,"text":"","comment":"","position":{"x":1008,"y":468},"isActive":false,"date":1702314264492,"kind":"Node","isSelected":false,"isConnectorSelected":false,"isDraggable":1,"isDeletable":1,"hasElementMoved":false,"eventLog":[{"time":"1702314264492","type":"create node","value":[0]},{"time":"2023-12-11T17:04:26.412Z","type":"position","value":{"x":[443],"y":[564]}},{"time":"2023-12-11T17:04:26.528Z","type":"position","value":{"x":[595],"y":[569]}},{"time":"2023-12-11T17:04:26.584Z","type":"position","value":{"x":[754],"y":[564]}},{"time":"2023-12-11T17:04:26.646Z","type":"position","value":{"x":[917],"y":[552]}},{"time":"2023-12-11T17:04:28.796Z","type":"position","value":{"x":[999],"y":[476]}},{"time":"1702314270258","type":"node was deleted","value":[-77]}],"isTextChangeable":1},{"id":"d2048b7a-a662-4392-8fe8-733a5948a2e4","value":3,"text":"efficiency","comment":"","position":{"x":976,"y":178},"isActive":true,"date":1702314265342,"kind":"Node","isSelected":false,"isConnectorSelected":false,"isDraggable":1,"isDeletable":1,"hasElementMoved":false,"eventLog":[{"time":"1702314265342","type":"create node","value":[0]},{"time":"2023-12-11T17:04:31.072Z","type":"position","value":{"x":[684],"y":[543]}},{"time":"2023-12-11T17:04:31.174Z","type":"position","value":{"x":[844],"y":[544]}},{"time":"2023-12-11T17:04:31.278Z","type":"position","value":{"x":[995],"y":[521]}},{"time":"2023-12-11T17:04:32.029Z","type":"position","value":{"x":[842],"y":[518]}},{"time":"2023-12-11T17:04:32.126Z","type":"position","value":{"x":[686],"y":[516]}},{"time":"2023-12-11T17:04:32.292Z","type":"position","value":{"x":[534],"y":[528]}},{"time":"2023-12-11T17:04:37.980Z","type":"position","value":{"x":[497],"y":[564]}},{"time":"2023-12-11T17:04:38.265Z","type":"position","value":{"x":[649],"y":[526]}},{"time":"2023-12-11T17:04:38.473Z","type":"position","value":{"x":[804],"y":[510]}},{"time":"2023-12-11T17:04:38.688Z","type":"position","value":{"x":[954],"y":[497]}},{"time":"2023-12-11T17:04:39.091Z","type":"position","value":{"x":[1104],"y":[458]}},{"time":"2023-12-11T17:04:39.563Z","type":"position","value":{"x":[1098],"y":[414]}},{"time":"2023-12-11T17:04:44.504Z","type":"position","value":{"x":[1074],"y":[413]}},{"time":"2023-12-11T17:04:44.633Z","type":"position","value":{"x":[1038],"y":[258]}},{"time":"2023-12-11T17:04:44.799Z","type":"position","value":{"x":[1016],"y":[107]}},{"time":"1702314285811","type":"selected","value":[true]},{"time":"1702314293231","type":"text","value":["Effizienz"]},{"time":"1702314293231","type":"value","value":[3]},{"time":"1702314293231","type":"selected","value":[false]},{"time":"2023-12-11T17:10:49.708Z","type":"position","value":{"x":[1019],"y":[78]}}],"isTextChangeable":1},{"id":"6a3bb12b-16c9-4979-9210-6cfe6dc3e37e","value":-2,"text":"abuse-prone","comment":"","position":{"x":146,"y":117},"isActive":true,"date":1702314330473,"kind":"Node","isSelected":false,"isConnectorSelected":false,"isDraggable":1,"isDeletable":1,"hasElementMoved":false,"eventLog":[{"time":"1702314330473","type":"create node","value":[0]},{"time":"2023-12-11T17:05:31.129Z","type":"position","value":{"x":[543],"y":[608]}},{"time":"2023-12-11T17:05:31.292Z","type":"position","value":{"x":[693],"y":[576]}},{"time":"2023-12-11T17:05:31.466Z","type":"position","value":{"x":[846],"y":[540]}},{"time":"2023-12-11T17:05:31.813Z","type":"position","value":{"x":[999],"y":[517]}},{"time":"1702314332558","type":"selected","value":[true]},{"time":"1702314334542","type":"selected","value":[false]},{"time":"2023-12-11T17:05:34.855Z","type":"position","value":{"x":[1056],"y":[524]}},{"time":"2023-12-11T17:05:34.966Z","type":"position","value":{"x":[892],"y":[491]}},{"time":"2023-12-11T17:05:35.021Z","type":"position","value":{"x":[738],"y":[453]}},{"time":"2023-12-11T17:05:35.112Z","type":"position","value":{"x":[580],"y":[395]}},{"time":"2023-12-11T17:05:35.153Z","type":"position","value":{"x":[520],"y":[372]}},{"time":"2023-12-11T17:05:35.251Z","type":"position","value":{"x":[429],"y":[333]}},{"time":"2023-12-11T17:05:35.535Z","type":"position","value":{"x":[323],"y":[222]}},{"time":"1702314337544","type":"selected","value":[true]},{"time":"1702314337947","type":"selected","value":[false]},{"time":"1702314338942","type":"selected","value":[true]},{"time":"1702314347851","type":"text","value":["Missbrauchanfällig"]},{"time":"1702314347851","type":"value","value":[-2]},{"time":"1702314347851","type":"selected","value":[false]},{"time":"2023-12-11T17:05:50.683Z","type":"position","value":{"x":[296],"y":[112]}},{"time":"2023-12-11T17:06:39.835Z","type":"position","value":{"x":[188],"y":[88]}},{"time":"2023-12-11T17:07:01.455Z","type":"position","value":{"x":[205],"y":[135]}},{"time":"2023-12-11T17:12:05.533Z","type":"position","value":{"x":[202],"y":[174]}}],"isTextChangeable":1},{"id":"ce9426f4-abd8-43ab-8561-4841225c4a5e","value":10,"text":"war deployment","comment":"","position":{"x":337,"y":55},"isActive":true,"date":1702314402149,"kind":"Node","isSelected":false,"isConnectorSelected":false,"isDraggable":1,"isDeletable":1,"hasElementMoved":false,"eventLog":[{"time":"1702314402149","type":"create node","value":[0]},{"time":"1702314402292","type":"selected","value":[true]},{"time":"1702314410034","type":"text","value":["Kriegseinsatz"]},{"time":"1702314410034","type":"selected","value":[false]},{"time":"1702314411233","type":"selected","value":[true]},{"time":"1702314414887","type":"value","value":[10]},{"time":"1702314414887","type":"selected","value":[false]},{"time":"2023-12-11T17:11:04.828Z","type":"position","value":{"x":[363],"y":[54]}}],"isTextChangeable":1},{"id":"b8b4d282-67e1-4bd8-9ca7-30bce33dd256","value":3,"text":"not tired","comment":"","position":{"x":1130,"y":280},"isActive":true,"date":1702314423038,"kind":"Node","isSelected":false,"isConnectorSelected":false,"isDraggable":1,"isDeletable":1,"hasElementMoved":false,"eventLog":[{"time":"1702314423038","type":"create node","value":[0]},{"time":"2023-12-11T17:07:06.557Z","type":"position","value":{"x":[545],"y":[534]}},{"time":"2023-12-11T17:07:06.655Z","type":"position","value":{"x":[710],"y":[509]}},{"time":"2023-12-11T17:07:06.703Z","type":"position","value":{"x":[875],"y":[472]}},{"time":"2023-12-11T17:07:06.772Z","type":"position","value":{"x":[1028],"y":[426]}},{"time":"2023-12-11T17:07:06.863Z","type":"position","value":{"x":[1084],"y":[384]}},{"time":"1702314431978","type":"selected","value":[true]},{"time":"1702314442243","type":"text","value":["Nicht müde"]},{"time":"1702314442243","type":"value","value":[3]},{"time":"1702314442243","type":"selected","value":[false]}],"isTextChangeable":1},{"id":"7741f356-663d-4bcd-91ce-579d0f7c5fea","value":3,"text":"create economic sector","comment":"","position":{"x":1090,"y":665},"isActive":true,"date":1702314456534,"kind":"Node","isSelected":false,"isConnectorSelected":false,"isDraggable":1,"isDeletable":1,"hasElementMoved":false,"eventLog":[{"time":"1702314456534","type":"create node","value":[0]},{"time":"2023-12-11T17:07:37.722Z","type":"position","value":{"x":[555],"y":[607]}},{"time":"2023-12-11T17:07:37.876Z","type":"position","value":{"x":[705],"y":[592]}},{"time":"2023-12-11T17:07:38.064Z","type":"position","value":{"x":[855],"y":[548]}},{"time":"2023-12-11T17:07:38.307Z","type":"position","value":{"x":[1005],"y":[519]}},{"time":"1702314520065","type":"selected","value":[true]},{"time":"1702314537351","type":"text","value":["Wirtschaftszweig schaffen"]},{"time":"1702314537351","type":"selected","value":[false]},{"time":"2023-12-11T17:08:59.700Z","type":"position","value":{"x":[1114],"y":[505]}},{"time":"2023-12-11T17:09:05.259Z","type":"position","value":{"x":[1090],"y":[516]}},{"time":"2023-12-11T17:09:05.572Z","type":"position","value":{"x":[1020],"y":[666]}},{"time":"1702314550012","type":"selected","value":[true]},{"time":"1702314551668","type":"value","value":[3]},{"time":"1702314551668","type":"selected","value":[false]}],"isTextChangeable":1},{"id":"9bc2c558-1ca7-48a3-9012-b782be692738","value":3,"text":"state revenue","comment":"","position":{"x":1216,"y":514},"isActive":true,"date":1702314552697,"kind":"Node","isSelected":false,"isConnectorSelected":false,"isDraggable":1,"isDeletable":1,"hasElementMoved":false,"eventLog":[{"time":"1702314552697","type":"create node","value":[0]},{"time":"1702314552816","type":"selected","value":[true]},{"time":"1702314564570","type":"text","value":["Staatliche Einnahmen"]},{"time":"1702314564570","type":"value","value":[3]},{"time":"1702314564570","type":"selected","value":[false]},{"time":"2023-12-11T17:09:30.509Z","type":"position","value":{"x":[1193],"y":[451]}}],"isTextChangeable":1},{"id":"62ac4afc-64fc-4ec9-b618-6be4749f8479","value":0,"text":"","comment":"","position":{"x":1061,"y":413},"isActive":false,"date":1702314573851,"kind":"Node","isSelected":false,"isConnectorSelected":false,"isDraggable":1,"isDeletable":1,"hasElementMoved":false,"eventLog":[{"time":"1702314573851","type":"create node","value":[0]},{"time":"2023-12-11T17:09:35.037Z","type":"position","value":{"x":[1033],"y":[486]}},{"time":"1702314580175","type":"selected","value":[true]},{"time":"1702314621253","type":"node was deleted","value":[-99]}],"isTextChangeable":1},{"id":"8c946a68-e15e-4ab3-bf50-284a61c19651","value":3,"text":"more human rescue","comment":"","position":{"x":1203,"y":104},"isActive":true,"date":1702314631277,"kind":"Node","isSelected":false,"isConnectorSelected":false,"isDraggable":1,"isDeletable":1,"hasElementMoved":false,"eventLog":[{"time":1702314631277,"type":"create node","value":"0"},{"time":1702314631403,"type":"selected","value":"TRUE"},{"time":1702314641517,"type":"text","value":"Mehr Menschenrettung"},{"time":1702314641517,"type":"selected","value":"FALSE"},{"time":1702314642853,"type":"selected","value":"TRUE"},{"time":1702314644443,"type":"value","value":"3"},{"time":1702314644443,"type":"selected","value":"FALSE"}],"isTextChangeable":1},{"id":"aa9dcbd8-e761-40bb-97ce-eee7d0993cad","value":0,"text":"","comment":"","position":{"x":898,"y":124},"isActive":false,"date":1702314651888,"kind":"Node","isSelected":false,"isConnectorSelected":false,"isDraggable":1,"isDeletable":1,"hasElementMoved":false,"eventLog":[{"time":1702314651888,"type":"create node","value":0},{"time":1702314653055,"type":"selected","value":1},{"time":1702314654038,"type":"node was deleted","value":-99}],"isTextChangeable":1},{"id":"5970d4b9-8152-4f8d-9470-681d4c822666","value":-2,"text":"People are scared","comment":"","position":{"x":57,"y":545},"isActive":true,"date":1702314686673,"kind":"Node","isSelected":false,"isConnectorSelected":false,"isDraggable":1,"isDeletable":1,"hasElementMoved":false,"eventLog":[{"time":"1702314686673","type":"create node","value":[0]},{"time":"2023-12-11T17:11:27.432Z","type":"position","value":{"x":[53],"y":[575]}},{"time":"1702314688005","type":"selected","value":[true]},{"time":"1702314694577","type":"text","value":["Menschen haben Angst"]},{"time":"1702314694577","type":"value","value":[-2]},{"time":"1702314694577","type":"selected","value":[false]},{"time":"2023-12-11T17:11:39.774Z","type":"position","value":{"x":[76],"y":[528]}}],"isTextChangeable":1},{"id":"b5e1ab51-f5ca-45d7-87eb-55f2a3c3e547","value":0,"text":"","comment":"","position":{"x":591,"y":665},"isActive":false,"date":1702314701335,"kind":"Node","isSelected":false,"isConnectorSelected":false,"isDraggable":1,"isDeletable":1,"hasElementMoved":false,"eventLog":[{"time":"1702314701335","type":"create node","value":[0]},{"time":"2023-12-11T17:11:43.654Z","type":"position","value":{"x":[551],"y":[630]}},{"time":"1702314706430","type":"selected","value":[true]},{"time":"1702314716153","type":"node was deleted","value":[-99]}],"isTextChangeable":1},{"id":"d657fde7-8850-4e5f-b141-ffeb5a4f9ddb","value":-3,"text":"job loss","comment":"","position":{"x":432,"y":670},"isActive":true,"date":1702314728229,"kind":"Node","isSelected":false,"isConnectorSelected":false,"isDraggable":1,"isDeletable":1,"hasElementMoved":false,"eventLog":[{"time":"1702314728229","type":"create node","value":[0]},{"time":"2023-12-11T17:12:47.079Z","type":"position","value":{"x":[664],"y":[581]}},{"time":"2023-12-11T17:12:48.004Z","type":"position","value":{"x":[514],"y":[607]}},{"time":"1702314769377","type":"selected","value":[true]},{"time":"1702314774918","type":"text","value":["Jobverlust"]},{"time":"1702314774918","type":"value","value":[-3]},{"time":"1702314774918","type":"selected","value":[false]},{"time":"2023-12-11T17:12:56.897Z","type":"position","value":{"x":[502],"y":[613]}},{"time":"2023-12-11T17:13:00.239Z","type":"position","value":{"x":[515],"y":[652]}}],"isTextChangeable":1},{"id":"e735e9c8-f3c8-4cec-a4fa-77603d771384","value":3,"text":"new jobs","comment":"","position":{"x":751,"y":715},"isActive":true,"date":1702314789960,"kind":"Node","isSelected":false,"isConnectorSelected":false,"isDraggable":1,"isDeletable":1,"hasElementMoved":false,"eventLog":[{"time":"1702314789960","type":"create node","value":[0]},{"time":"1702314790091","type":"selected","value":[true]},{"time":"1702314796544","type":"text","value":["Neue Jobs"]},{"time":"1702314796544","type":"value","value":[3]},{"time":"1702314796544","type":"selected","value":[false]},{"time":"1702314797889","type":"selected","value":[true]},{"time":"1702314800824","type":"selected","value":[false]},{"time":"2023-12-11T17:13:26.921Z","type":"position","value":{"x":[812],"y":[697]}}],"isTextChangeable":1},{"id":"fd38f84b-c62a-4ec9-849d-282389c5e99c","value":-3,"text":"loss of humanity","comment":"","position":{"x":40,"y":292},"isActive":true,"date":1702314828052,"kind":"Node","isSelected":false,"isConnectorSelected":false,"isDraggable":1,"isDeletable":1,"hasElementMoved":false,"eventLog":[{"time":1702314828052,"type":"create node","value":"0"},{"time":1702314828917,"type":"selected","value":"TRUE"},{"time":1702314837414,"type":"text","value":"Meschlichkeitsverlust"},{"time":1702314837414,"type":"value","value":"-3"},{"time":1702314837414,"type":"selected","value":"FALSE"}],"isTextChangeable":1},{"id":"c202f484-d78e-480f-844e-667059ac45a0","value":3,"text":"fewer plagues","comment":"","position":{"x":1071,"y":423},"isActive":true,"date":1702314863791,"kind":"Node","isSelected":false,"isConnectorSelected":true,"isDraggable":1,"isDeletable":1,"hasElementMoved":false,"eventLog":[{"time":1702314863791,"type":"create node","value":"0"},{"time":1702314863919,"type":"selected","value":"TRUE"},{"time":1702314878101,"type":"text","value":"Weniger Seuchen"},{"time":1702314878101,"type":"value","value":"3"},{"time":1702314878101,"type":"selected","value":"FALSE"}],"isTextChangeable":1}],"connectors":[{"id":"24dda5d1-a326-43a5-a340-4b6620b5b3e5","source":"37aa63d1-6df7-4539-aa1d-235679322f7d","target":"83ecf3b3-a45f-43b1-8546-16d3d42bbab5","agreement":true,"isActive":true,"date":1702314158521,"kind":"Connector","isSelected":false,"intensity":3,"isDeletable":false,"isOver":false,"isBidirectional":false,"eventLog":[{"time":1702314158521,"type":"create connection"}]},{"id":"a05e031f-d982-45fc-a9de-4a60aef61bc4","source":"37aa63d1-6df7-4539-aa1d-235679322f7d","target":"7a0ee8ac-2a09-4280-aa6c-4f143e3efb42","agreement":true,"isActive":true,"date":1702314158521,"kind":"Connector","isSelected":false,"intensity":3,"isDeletable":true,"isOver":false,"isBidirectional":false,"eventLog":[{"time":1702314158521,"type":"create connection"}]},{"id":"d4edd3fa-58fa-479f-a84c-8757b4322a9f","source":"7a0ee8ac-2a09-4280-aa6c-4f143e3efb42","target":"ade0d308-bfad-4f95-81e4-006c698e5c8b","agreement":true,"isActive":true,"date":1702314196818,"kind":"Connector","isSelected":false,"intensity":9,"isDeletable":true,"isOver":false,"isBidirectional":false,"eventLog":[{"time":1702314196818,"type":"create connection"},{"time":1702314198342,"type":"selected","value":1},{"time":1702314201004,"type":"change intensity of connector","value":9},{"time":1702314201004,"type":"selected","value":0},{"time":1702314202106,"type":"selected","value":1},{"time":1702314203520,"type":"change intensity of connector","value":9},{"time":1702314203520,"type":"selected","value":0}]},{"id":"6d00dfaa-ede0-49c8-bfc7-44cdce087996","source":"83ecf3b3-a45f-43b1-8546-16d3d42bbab5","target":"f33e61d1-e61d-4fc6-ac14-e3f01919f658","agreement":true,"isActive":true,"date":1702314224843,"kind":"Connector","isSelected":false,"intensity":3,"isDeletable":true,"isOver":false,"isBidirectional":false,"eventLog":[{"time":1702314224843,"type":"create connection"}]},{"id":"ceef6b54-a2cc-4a7e-ae0e-67781426779f","source":"83ecf3b3-a45f-43b1-8546-16d3d42bbab5","target":"f536b800-c544-4a0d-8f5b-9febebc9b576","agreement":true,"isActive":true,"date":1702314237187,"kind":"Connector","isSelected":false,"intensity":6,"isDeletable":true,"isOver":false,"isBidirectional":false,"eventLog":[{"time":1702314237187,"type":"create connection"},{"time":1702314300688,"type":"selected","value":1},{"time":1702314304050,"type":"change intensity of connector","value":6},{"time":1702314304050,"type":"selected","value":0}]},{"id":"a4f9e6c9-e46a-416f-8be9-e2b1d21a1577","source":"83ecf3b3-a45f-43b1-8546-16d3d42bbab5","target":"a12fb357-d848-40a0-829a-a417115f925b","agreement":true,"isActive":true,"date":1702314263886,"kind":"Connector","isSelected":false,"intensity":3,"isDeletable":true,"isOver":false,"isBidirectional":false,"eventLog":[{"time":1702314263887,"type":"create connection"}]},{"id":"b0771be4-4b1d-43fb-ba39-163a8d3a2a9b","source":"d2048b7a-a662-4392-8fe8-733a5948a2e4","target":"7a0ee8ac-2a09-4280-aa6c-4f143e3efb42","agreement":true,"isActive":true,"date":1702314294334,"kind":"Connector","isSelected":false,"intensity":6,"isDeletable":true,"isOver":false,"isBidirectional":false,"eventLog":[{"time":1702314294334,"type":"create connection"},{"time":1702314295921,"type":"selected","value":1},{"time":1702314298932,"type":"change intensity of connector","value":6},{"time":1702314298932,"type":"selected","value":0}]},{"id":"7f38925f-70a6-443d-950f-69dd5a26be6b","source":"f536b800-c544-4a0d-8f5b-9febebc9b576","target":"d2048b7a-a662-4392-8fe8-733a5948a2e4","agreement":true,"isActive":true,"date":1702314307943,"kind":"Connector","isSelected":false,"intensity":9,"isDeletable":true,"isOver":false,"isBidirectional":false,"eventLog":[{"time":1702314307943,"type":"create connection"},{"time":1702314308864,"type":"selected","value":1},{"time":1702314311630,"type":"change intensity of connector","value":9},{"time":1702314311630,"type":"selected","value":0}]},{"id":"9a20579d-0756-4c25-a3bd-f3605f8deb52","source":"a12fb357-d848-40a0-829a-a417115f925b","target":"f536b800-c544-4a0d-8f5b-9febebc9b576","agreement":false,"isActive":true,"date":1702314318895,"kind":"Connector","isSelected":false,"intensity":3,"isDeletable":true,"isOver":false,"isBidirectional":false,"eventLog":[{"time":1702314318895,"type":"create connection"},{"time":1702314320212,"type":"selected","value":1},{"time":1702314326074,"type":"change intensity of connector","value":-3},{"time":1702314326074,"type":"selected","value":0}]},{"id":"3b126a22-f26a-4f5e-bd8e-4908df8d5890","source":"6a3bb12b-16c9-4979-9210-6cfe6dc3e37e","target":"83ecf3b3-a45f-43b1-8546-16d3d42bbab5","agreement":true,"isActive":true,"date":1702314349367,"kind":"Connector","isSelected":false,"intensity":3,"isDeletable":true,"isOver":false,"isBidirectional":false,"eventLog":[{"time":1702314349367,"type":"create connection"}]},{"id":"cc457481-0bbc-4cc3-9fee-8b51c40a04d9","source":"6a3bb12b-16c9-4979-9210-6cfe6dc3e37e","target":"ce9426f4-abd8-43ab-8561-4841225c4a5e","agreement":true,"isActive":true,"date":1702314416847,"kind":"Connector","isSelected":false,"intensity":9,"isDeletable":true,"isOver":false,"isBidirectional":false,"eventLog":[{"time":1702314416847,"type":"create connection"},{"time":1702314417859,"type":"selected","value":1},{"time":1702314420417,"type":"change intensity of connector","value":9},{"time":1702314420417,"type":"selected","value":0}]},{"id":"1281bea0-0cd9-4d69-a742-a26a2d50564e","source":"7a0ee8ac-2a09-4280-aa6c-4f143e3efb42","target":"b8b4d282-67e1-4bd8-9ca7-30bce33dd256","agreement":true,"isActive":true,"date":1702314443269,"kind":"Connector","isSelected":false,"intensity":3,"isDeletable":true,"isOver":false,"isBidirectional":false,"eventLog":[{"time":1702314443269,"type":"create connection"},{"time":1702314444823,"type":"selected","value":1},{"time":1702314447305,"type":"change intensity of connector","value":3},{"time":1702314447305,"type":"selected","value":0}]},{"id":"7ebd970c-94bf-49be-8b7b-b133b1e2662c","source":"7a0ee8ac-2a09-4280-aa6c-4f143e3efb42","target":"7741f356-663d-4bcd-91ce-579d0f7c5fea","agreement":true,"isActive":true,"date":1702314538326,"kind":"Connector","isSelected":false,"intensity":3,"isDeletable":true,"isOver":false,"isBidirectional":false,"eventLog":[{"time":1702314538326,"type":"create connection"}]},{"id":"9dce62f5-be50-418f-a026-f8719df73654","source":"7741f356-663d-4bcd-91ce-579d0f7c5fea","target":"f536b800-c544-4a0d-8f5b-9febebc9b576","agreement":true,"isActive":true,"date":1702314544475,"kind":"Connector","isSelected":false,"intensity":3,"isDeletable":true,"isOver":false,"isBidirectional":false,"eventLog":[{"time":1702314544475,"type":"create connection"}]},{"id":"bbadd181-15dd-481d-a847-90b086452345","source":"7741f356-663d-4bcd-91ce-579d0f7c5fea","target":"9bc2c558-1ca7-48a3-9012-b782be692738","agreement":true,"isActive":true,"date":1702314565649,"kind":"Connector","isSelected":false,"intensity":9,"isDeletable":true,"isOver":false,"isBidirectional":false,"eventLog":[{"time":1702314565649,"type":"create connection"},{"time":1702314566676,"type":"selected","value":1},{"time":1702314568694,"type":"change intensity of connector","value":9},{"time":1702314568694,"type":"selected","value":0}]},{"id":"f8d19398-d885-4292-9f97-3bb9b6298fa4","source":"d2048b7a-a662-4392-8fe8-733a5948a2e4","target":"8c946a68-e15e-4ab3-bf50-284a61c19651","agreement":true,"isActive":true,"date":1702314645848,"kind":"Connector","isSelected":false,"intensity":9,"isDeletable":true,"isOver":false,"isBidirectional":false,"eventLog":[{"time":1702314645848,"type":"create connection"},{"time":1702314659077,"type":"selected","value":1},{"time":1702314660581,"type":"change intensity of connector","value":9},{"time":1702314660581,"type":"selected","value":0}]},{"id":"96c7f716-464a-432f-971d-a73a9c720553","source":"b8b4d282-67e1-4bd8-9ca7-30bce33dd256","target":"8c946a68-e15e-4ab3-bf50-284a61c19651","agreement":true,"isActive":true,"date":1702314647604,"kind":"Connector","isSelected":false,"intensity":9,"isDeletable":true,"isOver":false,"isBidirectional":false,"eventLog":[{"time":1702314647604,"type":"create connection"},{"time":1702314657179,"type":"selected","value":1},{"time":1702314658409,"type":"change intensity of connector","value":9},{"time":1702314658409,"type":"selected","value":0}]},{"id":"7731d768-6231-4c59-adf1-13b083bddbeb","source":"ade0d308-bfad-4f95-81e4-006c698e5c8b","target":"8c946a68-e15e-4ab3-bf50-284a61c19651","agreement":true,"isActive":true,"date":1702314649098,"kind":"Connector","isSelected":false,"intensity":9,"isDeletable":true,"isOver":false,"isBidirectional":false,"eventLog":[{"time":1702314649098,"type":"create connection"},{"time":1702314654823,"type":"selected","value":1},{"time":1702314656461,"type":"change intensity of connector","value":9},{"time":1702314656461,"type":"selected","value":0}]},{"id":"f5062cea-524d-469a-a27b-be562db2039e","source":"ce9426f4-abd8-43ab-8561-4841225c4a5e","target":"f536b800-c544-4a0d-8f5b-9febebc9b576","agreement":true,"isActive":true,"date":1702314683246,"kind":"Connector","isSelected":false,"intensity":3,"isDeletable":true,"isOver":false,"isBidirectional":false,"eventLog":[{"time":1702314683246,"type":"create connection"}]},{"id":"5ff78522-d04e-4ccb-ba82-7c8029835450","source":"f33e61d1-e61d-4fc6-ac14-e3f01919f658","target":"5970d4b9-8152-4f8d-9470-681d4c822666","agreement":true,"isActive":true,"date":1702314695708,"kind":"Connector","isSelected":false,"intensity":9,"isDeletable":true,"isOver":false,"isBidirectional":false,"eventLog":[{"time":1702314695708,"type":"create connection"},{"time":1702314696536,"type":"selected","value":1},{"time":1702314698987,"type":"change intensity of connector","value":9},{"time":1702314698987,"type":"selected","value":0}]},{"id":"ee895fc3-f0de-42eb-9bf0-258f6aa1e350","source":"ce9426f4-abd8-43ab-8561-4841225c4a5e","target":"8c946a68-e15e-4ab3-bf50-284a61c19651","agreement":false,"isActive":true,"date":1702314720319,"kind":"Connector","isSelected":false,"intensity":9,"isDeletable":true,"isOver":false,"isBidirectional":false,"eventLog":[{"time":1702314720319,"type":"create connection"},{"time":1702314721400,"type":"selected","value":1},{"time":1702314723768,"type":"change intensity of connector","value":-9},{"time":1702314723768,"type":"selected","value":0}]},{"id":"edb1fc7f-4bb7-4b97-ad9f-a568a78cf4ea","source":"83ecf3b3-a45f-43b1-8546-16d3d42bbab5","target":"d657fde7-8850-4e5f-b141-ffeb5a4f9ddb","agreement":true,"isActive":true,"date":1702314775923,"kind":"Connector","isSelected":false,"intensity":3,"isDeletable":true,"isOver":false,"isBidirectional":false,"eventLog":[{"time":1702314775923,"type":"create connection"}]},{"id":"4249ce16-ddb2-4273-8384-c6ee6adb7f8a","source":"d657fde7-8850-4e5f-b141-ffeb5a4f9ddb","target":"9bc2c558-1ca7-48a3-9012-b782be692738","agreement":false,"isActive":true,"date":1702314778781,"kind":"Connector","isSelected":false,"intensity":9,"isDeletable":true,"isOver":false,"isBidirectional":false,"eventLog":[{"time":1702314778781,"type":"create connection"},{"time":1702314781859,"type":"selected","value":1},{"time":1702314785410,"type":"change intensity of connector","value":-9},{"time":1702314785410,"type":"selected","value":0}]},{"id":"32591ede-6275-4b4e-9bea-d5fe4f4fc350","source":"7741f356-663d-4bcd-91ce-579d0f7c5fea","target":"e735e9c8-f3c8-4cec-a4fa-77603d771384","agreement":true,"isActive":true,"date":1702314797414,"kind":"Connector","isSelected":false,"intensity":6,"isDeletable":true,"isOver":false,"isBidirectional":false,"eventLog":[{"time":1702314797415,"type":"create connection"},{"time":1702314803807,"type":"selected","value":1},{"time":1702314805885,"type":"change intensity of connector","value":6},{"time":1702314805885,"type":"selected","value":0}]},{"id":"d0a34470-4fb1-463a-91db-2da58a2ecd73","source":"e735e9c8-f3c8-4cec-a4fa-77603d771384","target":"9bc2c558-1ca7-48a3-9012-b782be692738","agreement":true,"isActive":true,"date":1702314802225,"kind":"Connector","isSelected":false,"intensity":9,"isDeletable":true,"isOver":false,"isBidirectional":false,"eventLog":[{"time":1702314802225,"type":"create connection"},{"time":1702314808622,"type":"selected","value":1},{"time":1702314810991,"type":"change intensity of connector","value":9},{"time":1702314810991,"type":"selected","value":0}]},{"id":"26bb9a85-9782-4dea-8c9b-1c1c32c636e7","source":"f33e61d1-e61d-4fc6-ac14-e3f01919f658","target":"fd38f84b-c62a-4ec9-849d-282389c5e99c","agreement":true,"isActive":true,"date":1702314838662,"kind":"Connector","isSelected":false,"intensity":3,"isDeletable":true,"isOver":false,"isBidirectional":false,"eventLog":[{"time":1702314838662,"type":"create connection"}]},{"id":"4dc141b9-9a42-44b1-8b7c-6db68a7fd0a1","source":"fd38f84b-c62a-4ec9-849d-282389c5e99c","target":"5970d4b9-8152-4f8d-9470-681d4c822666","agreement":true,"isActive":true,"date":1702314840124,"kind":"Connector","isSelected":false,"intensity":3,"isDeletable":true,"isOver":false,"isBidirectional":false,"eventLog":[{"time":1702314840124,"type":"create connection"}]},{"id":"3817044b-eb44-44bb-8631-fcb956733740","source":"7a0ee8ac-2a09-4280-aa6c-4f143e3efb42","target":"c202f484-d78e-480f-844e-667059ac45a0","agreement":true,"isActive":true,"date":1702314888863,"kind":"Connector","isSelected":false,"intensity":9,"isDeletable":true,"isOver":false,"isBidirectional":false,"eventLog":[{"time":1702314888863,"type":"create connection"},{"time":1702314889776,"type":"selected","value":1},{"time":1702314893444,"type":"change intensity of connector","value":9},{"time":1702314893444,"type":"selected","value":0}]}],"currentID":["3817044b-eb44-44bb-8631-fcb956733740"],"currentNode":{},"hasSelectedNode":[false],"currentConnector":{"id":["3817044b-eb44-44bb-8631-fcb956733740"],"value":{},"source":["7a0ee8ac-2a09-4280-aa6c-4f143e3efb42"],"target":["c202f484-d78e-480f-844e-667059ac45a0"],"agreement":[true],"isActive":[true],"date":[1702314888863],"kind":["Connector"],"isSelected":[false],"intensity":[9],"isDeletable":[true],"isOver":[false],"isBidirectional":[false],"eventLog":[{"time":1702314888863,"type":"create connection"},{"time":1702314889776,"type":"selected","value":1},{"time":1702314893444,"type":"change intensity of connector","value":9},{"time":1702314893444,"type":"selected","value":0}]},"hasSelectedConnector":[true],"readyToMove":[false],"isIncoming":[false],"hasElementMoved":[false]}
