{"idCAM":["58150d17-1b9b-47b1-8f30-a71a23174f82"],"creator":["5a942689b5e2110001c67d93_pre"],"projectCAM":["S2_CAM part 1"],"defocusCAM":[null],"date":[1702312639091],"nodes":[{"id":"9836205d-99ca-46b1-be9c-bd222857d69a","value":2,"text":"rescue robot","comment":"","position":{"x":650,"y":400},"isActive":true,"date":1702312639948,"kind":"Node","isSelected":false,"isConnectorSelected":false,"isDraggable":0,"isDeletable":0,"hasElementMoved":false,"eventLog":[{"time":1702312639948,"type":"create node","value":0},{"time":1702312924453,"type":"selected","value":1},{"time":1702312927464,"type":"value","value":2},{"time":1702312927464,"type":"selected","value":0}],"isTextChangeable":0},{"id":"82240723-2b57-49cf-8fdc-dc17239b0ccf","value":0,"text":"disadvantages","comment":"","position":{"x":450,"y":400},"isActive":true,"date":1702312639948,"kind":"Node","isSelected":false,"isConnectorSelected":false,"isDraggable":0,"isDeletable":0,"hasElementMoved":false,"eventLog":[{"time":1702312639948,"type":"create node","value":0}],"isTextChangeable":0},{"id":"9c4b16c0-60fc-4dd9-a605-a1ca62028aec","value":0,"text":"advantages","comment":"","position":{"x":850,"y":400},"isActive":true,"date":1702312639948,"kind":"Node","isSelected":false,"isConnectorSelected":false,"isDraggable":0,"isDeletable":0,"hasElementMoved":false,"eventLog":[{"time":1702312639948,"type":"create node","value":0}],"isTextChangeable":0},{"id":"d3128628-8fb4-493d-8878-5c21d3bfb03d","value":-2,"text":"lack of empathy","comment":"Victims could be treated improperly","position":{"x":432,"y":609},"isActive":true,"date":1702312648922,"kind":"Node","isSelected":false,"isConnectorSelected":false,"isDraggable":1,"isDeletable":1,"hasElementMoved":false,"eventLog":[{"time":1702312648922,"type":"create node","value":"0"},{"time":1702312649722,"type":"selected","value":"TRUE"},{"time":1702312691429,"type":"text","value":"fehlendes Einfühlungsvermögen"},{"time":1702312691429,"type":"value","value":"-2"},{"time":1702312691429,"type":"comment","value":"Opfer könnten unsachgemäß behandelt werden"},{"time":1702312691429,"type":"selected","value":"FALSE"}],"isTextChangeable":1},{"id":"4420d410-f0ef-4aba-8f9d-f976a4f41058","value":-2,"text":"missing sensitivity","comment":"Could worsen situation due to violent movements (collapse for example)","position":{"x":309,"y":606},"isActive":true,"date":1702312701614,"kind":"Node","isSelected":false,"isConnectorSelected":false,"isDraggable":1,"isDeletable":1,"hasElementMoved":false,"eventLog":[{"time":1702312701614,"type":"create node","value":"0"},{"time":1702312702568,"type":"selected","value":"TRUE"},{"time":1702312745378,"type":"text","value":"fehlendes Feingefühl"},{"time":1702312745378,"type":"value","value":"-2"},{"time":1702312745378,"type":"comment","value":"Könnten Situation aufgrund von rabiaten Bewegungen verschlimmern (einstürzen z.b.)\n"},{"time":1702312745378,"type":"selected","value":"FALSE"}],"isTextChangeable":1},{"id":"10f2e590-3524-4114-88e6-c85c0cdb422d","value":-1,"text":"technical failure possible","comment":"empty battery, no reception","position":{"x":203,"y":425},"isActive":true,"date":1702312750428,"kind":"Node","isSelected":false,"isConnectorSelected":false,"isDraggable":1,"isDeletable":1,"hasElementMoved":false,"eventLog":[{"time":1702312750428,"type":"create node","value":"0"},{"time":1702312750734,"type":"selected","value":"TRUE"},{"time":1702312769254,"type":"text","value":"technisches Versagen möglich"},{"time":1702312769254,"type":"comment","value":"leere Akku, kein Empfang"},{"time":1702312769254,"type":"selected","value":"FALSE"},{"time":1702312772240,"type":"selected","value":"TRUE"},{"time":1702312774233,"type":"value","value":"-1"},{"time":1702312774233,"type":"selected","value":"FALSE"}],"isTextChangeable":1},{"id":"2f331570-122a-46b0-8f0e-9182d51f0d3f","value":3,"text":"no savior endangered","comment":"","position":{"x":834,"y":571},"isActive":true,"date":1702312776438,"kind":"Node","isSelected":false,"isConnectorSelected":false,"isDraggable":1,"isDeletable":1,"hasElementMoved":false,"eventLog":[{"time":1702312776438,"type":"create node","value":"0"},{"time":1702312776735,"type":"selected","value":"TRUE"},{"time":1702312785579,"type":"text","value":"kein Retter gefährdet"},{"time":1702312785579,"type":"selected","value":"FALSE"},{"time":1702312786456,"type":"selected","value":"TRUE"},{"time":1702312788170,"type":"value","value":"3"},{"time":1702312788170,"type":"selected","value":"FALSE"}],"isTextChangeable":1},{"id":"4bff436d-30c0-4b83-a857-51f3639e92e4","value":3,"text":"access","comment":"access to areas where people cannot reach","position":{"x":956,"y":559},"isActive":true,"date":1702312790321,"kind":"Node","isSelected":false,"isConnectorSelected":false,"isDraggable":1,"isDeletable":1,"hasElementMoved":false,"eventLog":[{"time":1702312790321,"type":"create node","value":"0"},{"time":1702312791173,"type":"selected","value":"TRUE"},{"time":1702312822849,"type":"text","value":"Zugang "},{"time":1702312822849,"type":"value","value":"3"},{"time":1702312822849,"type":"comment","value":"zugang zu Gebieten in denen Menschen nicht hinkommen"},{"time":1702312822849,"type":"selected","value":"FALSE"}],"isTextChangeable":1},{"id":"0f5becfe-4fba-445f-8c22-254330d4dc2c","value":2,"text":"rational efficiency","comment":"No suicidal experiments in rescue","position":{"x":1062,"y":412},"isActive":true,"date":1702312826092,"kind":"Node","isSelected":false,"isConnectorSelected":false,"isDraggable":1,"isDeletable":1,"hasElementMoved":false,"eventLog":[{"time":"1702312826092","type":"create node","value":[0]},{"time":"2023-12-11T16:40:26.725Z","type":"position","value":{"x":[967],"y":[414]}},{"time":"1702312828504","type":"selected","value":[true]},{"time":"1702312856958","type":"text","value":["rationale Effizienz"]},{"time":"1702312856958","type":"value","value":[2]},{"time":"1702312856958","type":"comment","value":["Keine selbstmörderischen Experimente bei der Rettung"]},{"time":"1702312856958","type":"selected","value":[false]}],"isTextChangeable":1},{"id":"c9b8971c-c01b-42d5-b5d8-dc8ec4e115c0","value":-1,"text":"misjudgments","comment":"Misjudge situations","position":{"x":306,"y":311},"isActive":true,"date":1702312858951,"kind":"Node","isSelected":false,"isConnectorSelected":false,"isDraggable":1,"isDeletable":1,"hasElementMoved":false,"eventLog":[{"time":1702312858951,"type":"create node","value":"0"},{"time":1702312859727,"type":"selected","value":"TRUE"},{"time":1702312880245,"type":"text","value":"Fehleinschätzungen"},{"time":1702312880245,"type":"value","value":"-1"},{"time":1702312880245,"type":"comment","value":"Situationen falsch einschätzen"},{"time":1702312880245,"type":"selected","value":"FALSE"}],"isTextChangeable":1},{"id":"fa76185b-12b7-47b7-b971-6470f82c2cee","value":2,"text":"quick deployment","comment":"","position":{"x":848,"y":265},"isActive":true,"date":1702312883723,"kind":"Node","isSelected":false,"isConnectorSelected":false,"isDraggable":1,"isDeletable":1,"hasElementMoved":false,"eventLog":[{"time":1702312883723,"type":"create node","value":"0"},{"time":1702312883947,"type":"selected","value":"TRUE"},{"time":1702312896538,"type":"text","value":"schneller Einsatz"},{"time":1702312896538,"type":"value","value":"2"},{"time":1702312896538,"type":"selected","value":"FALSE"}],"isTextChangeable":1},{"id":"a2cf2efb-9079-4bb2-84d2-af12a996bc67","value":1,"text":"no exhaustion","comment":"","position":{"x":981,"y":271},"isActive":true,"date":1702312898261,"kind":"Node","isSelected":false,"isConnectorSelected":false,"isDraggable":1,"isDeletable":1,"hasElementMoved":false,"eventLog":[{"time":1702312898261,"type":"create node","value":"0"},{"time":1702312898428,"type":"selected","value":"TRUE"},{"time":1702312904445,"type":"text","value":"keine Erschöpfung"},{"time":1702312904445,"type":"value","value":"1"},{"time":1702312904445,"type":"selected","value":"FALSE"}],"isTextChangeable":1},{"id":"738dcab2-4986-4c0d-a5e5-a52bc3d4d5e4","value":0,"text":"expensive development","comment":"","position":{"x":418,"y":196},"isActive":true,"date":1702312908035,"kind":"Node","isSelected":false,"isConnectorSelected":false,"isDraggable":1,"isDeletable":1,"hasElementMoved":false,"eventLog":[{"time":1702312908035,"type":"create node","value":"0"},{"time":1702312908350,"type":"selected","value":"TRUE"},{"time":1702312921842,"type":"text","value":"teure Entwicklung"},{"time":1702312921842,"type":"selected","value":"FALSE"}],"isTextChangeable":1}],"connectors":[{"id":"3061bd05-55b7-4d0c-bb26-97be3cfd433f","source":"9836205d-99ca-46b1-be9c-bd222857d69a","target":"82240723-2b57-49cf-8fdc-dc17239b0ccf","agreement":true,"isActive":true,"date":1702312639948,"kind":"Connector","isSelected":false,"intensity":3,"isDeletable":false,"isOver":false,"isBidirectional":false,"eventLog":[{"time":1702312639948,"type":"create connection"}]},{"id":"82d9cae8-cac0-4b25-bc49-cf31a48a5e7f","source":"9836205d-99ca-46b1-be9c-bd222857d69a","target":"9c4b16c0-60fc-4dd9-a605-a1ca62028aec","agreement":true,"isActive":true,"date":1702312639948,"kind":"Connector","isSelected":false,"intensity":3,"isDeletable":true,"isOver":false,"isBidirectional":false,"eventLog":[{"time":1702312639948,"type":"create connection"}]},{"id":"1108703e-ed58-43a0-944d-0541aa5427e3","source":"d3128628-8fb4-493d-8878-5c21d3bfb03d","target":"82240723-2b57-49cf-8fdc-dc17239b0ccf","agreement":true,"isActive":true,"date":1702312692734,"kind":"Connector","isSelected":false,"intensity":3,"isDeletable":true,"isOver":false,"isBidirectional":false,"eventLog":[{"time":1702312692734,"type":"create connection"},{"time":1702312694978,"type":"selected","value":1},{"time":1702312697455,"type":"change intensity of connector","value":3},{"time":1702312697455,"type":"selected","value":0},{"time":1702312698252,"type":"selected","value":1},{"time":1702312699141,"type":"change intensity of connector","value":3},{"time":1702312699141,"type":"selected","value":0}]},{"id":"a2fb8594-b9ab-4d38-8a26-93d30e2ae2a6","source":"4420d410-f0ef-4aba-8f9d-f976a4f41058","target":"82240723-2b57-49cf-8fdc-dc17239b0ccf","agreement":true,"isActive":true,"date":1702312746577,"kind":"Connector","isSelected":false,"intensity":3,"isDeletable":true,"isOver":false,"isBidirectional":false,"eventLog":[{"time":1702312746577,"type":"create connection"}]},{"id":"78a6e97b-7489-49ff-8310-5dbf2091df12","source":"82240723-2b57-49cf-8fdc-dc17239b0ccf","target":"10f2e590-3524-4114-88e6-c85c0cdb422d","agreement":true,"isActive":true,"date":1702312771472,"kind":"Connector","isSelected":false,"intensity":3,"isDeletable":true,"isOver":false,"isBidirectional":false,"eventLog":[{"time":1702312771472,"type":"create connection"}]},{"id":"70368f60-075a-4e4d-85cc-047be23dcd68","source":"2f331570-122a-46b0-8f0e-9182d51f0d3f","target":"9c4b16c0-60fc-4dd9-a605-a1ca62028aec","agreement":true,"isActive":true,"date":1702312789213,"kind":"Connector","isSelected":false,"intensity":3,"isDeletable":true,"isOver":false,"isBidirectional":false,"eventLog":[{"time":1702312789213,"type":"create connection"}]},{"id":"f4b3dd67-67e8-4fd2-a0dd-8f59b04c9f51","source":"4bff436d-30c0-4b83-a857-51f3639e92e4","target":"9c4b16c0-60fc-4dd9-a605-a1ca62028aec","agreement":true,"isActive":true,"date":1702312823732,"kind":"Connector","isSelected":false,"intensity":3,"isDeletable":true,"isOver":false,"isBidirectional":false,"eventLog":[{"time":1702312823732,"type":"create connection"}]},{"id":"6adcf012-385f-401c-a96e-bea8ba5003c0","source":"0f5becfe-4fba-445f-8c22-254330d4dc2c","target":"9c4b16c0-60fc-4dd9-a605-a1ca62028aec","agreement":true,"isActive":true,"date":1702312857892,"kind":"Connector","isSelected":false,"intensity":3,"isDeletable":true,"isOver":false,"isBidirectional":false,"eventLog":[{"time":1702312857892,"type":"create connection"}]},{"id":"078f691b-2945-4810-863c-8b8ea32fd9aa","source":"82240723-2b57-49cf-8fdc-dc17239b0ccf","target":"c9b8971c-c01b-42d5-b5d8-dc8ec4e115c0","agreement":true,"isActive":true,"date":1702312881517,"kind":"Connector","isSelected":false,"intensity":3,"isDeletable":true,"isOver":false,"isBidirectional":false,"eventLog":[{"time":1702312881517,"type":"create connection"}]},{"id":"47d1a2ea-3611-47a0-bc39-c8b80a3444ba","source":"fa76185b-12b7-47b7-b971-6470f82c2cee","target":"9c4b16c0-60fc-4dd9-a605-a1ca62028aec","agreement":true,"isActive":true,"date":1702312897538,"kind":"Connector","isSelected":false,"intensity":3,"isDeletable":true,"isOver":false,"isBidirectional":false,"eventLog":[{"time":1702312897538,"type":"create connection"}]},{"id":"7d537480-284e-4ae1-a4cc-39ac34172666","source":"a2cf2efb-9079-4bb2-84d2-af12a996bc67","target":"9c4b16c0-60fc-4dd9-a605-a1ca62028aec","agreement":true,"isActive":true,"date":1702312905533,"kind":"Connector","isSelected":false,"intensity":3,"isDeletable":true,"isOver":false,"isBidirectional":false,"eventLog":[{"time":1702312905533,"type":"create connection"}]},{"id":"0f98bef8-599f-42b3-9583-ab6e18280913","source":"738dcab2-4986-4c0d-a5e5-a52bc3d4d5e4","target":"82240723-2b57-49cf-8fdc-dc17239b0ccf","agreement":true,"isActive":true,"date":1702312922739,"kind":"Connector","isSelected":false,"intensity":3,"isDeletable":true,"isOver":false,"isBidirectional":false,"eventLog":[{"time":1702312922739,"type":"create connection"}]}],"currentID":{},"currentNode":{},"hasSelectedNode":[false],"currentConnector":{},"hasSelectedConnector":[false],"readyToMove":[false],"isIncoming":[false],"hasElementMoved":[false]}
