{"idCAM":["62600d72-760f-470d-949a-986204c8162d"],"creator":["5a942689b5e2110001c67d93_post"],"projectCAM":["S2_CAM part 2"],"defocusCAM":[null],"date":[1702313006998],"nodes":[{"id":"ab87fc25-a69c-4be0-941c-0b903b7d6fad","value":2,"text":"rescue robot","comment":"","position":{"x":650,"y":400},"isActive":true,"date":1702313007850,"kind":"Node","isSelected":false,"isConnectorSelected":false,"isDraggable":0,"isDeletable":0,"hasElementMoved":false,"eventLog":[{"time":1702313007850,"type":"create node","value":2}],"isTextChangeable":0},{"id":"6e46725f-e0a4-47b4-84a1-93fc7c937c0a","value":0,"text":"disadvantages","comment":"","position":{"x":450,"y":400},"isActive":true,"date":1702313007850,"kind":"Node","isSelected":false,"isConnectorSelected":false,"isDraggable":0,"isDeletable":0,"hasElementMoved":false,"eventLog":[{"time":1702313007850,"type":"create node","value":0}],"isTextChangeable":0},{"id":"29c338d4-504d-40e2-ba88-aa36033578aa","value":0,"text":"advantages","comment":"","position":{"x":850,"y":400},"isActive":true,"date":1702313007850,"kind":"Node","isSelected":false,"isConnectorSelected":false,"isDraggable":0,"isDeletable":0,"hasElementMoved":false,"eventLog":[{"time":1702313007850,"type":"create node","value":0}],"isTextChangeable":0},{"id":"819252a7-04fe-4339-aaeb-652d0ac32a82","value":-2,"text":"lack of empathy","comment":"","position":{"x":432,"y":609},"isActive":true,"date":1702313007850,"kind":"Node","isSelected":false,"isConnectorSelected":false,"isDraggable":1,"isDeletable":1,"hasElementMoved":false,"eventLog":[{"time":1702313007850,"type":"create node","value":-2}],"isTextChangeable":1},{"id":"ea1c9eb6-f66a-49fe-b174-0a73b89b0c56","value":-2,"text":"missing sensitivity","comment":"","position":{"x":309,"y":606},"isActive":true,"date":1702313007850,"kind":"Node","isSelected":false,"isConnectorSelected":false,"isDraggable":1,"isDeletable":1,"hasElementMoved":false,"eventLog":[{"time":1702313007850,"type":"create node","value":-2}],"isTextChangeable":1},{"id":"46d3251e-71f2-4f3a-a6ce-3e77d2302825","value":-1,"text":"technical failure possible","comment":"","position":{"x":203,"y":425},"isActive":true,"date":1702313007850,"kind":"Node","isSelected":false,"isConnectorSelected":false,"isDraggable":1,"isDeletable":1,"hasElementMoved":false,"eventLog":[{"time":1702313007850,"type":"create node","value":-1}],"isTextChangeable":1},{"id":"093a1a30-ca3e-44c2-8108-96f94dbcfdaa","value":3,"text":"no savior endangered","comment":"","position":{"x":834,"y":571},"isActive":true,"date":1702313007850,"kind":"Node","isSelected":false,"isConnectorSelected":false,"isDraggable":1,"isDeletable":1,"hasElementMoved":false,"eventLog":[{"time":1702313007850,"type":"create node","value":3}],"isTextChangeable":1},{"id":"b2196e0f-023c-44bd-bf6a-e32fb98cc8a6","value":3,"text":"access","comment":"","position":{"x":956,"y":559},"isActive":true,"date":1702313007850,"kind":"Node","isSelected":false,"isConnectorSelected":false,"isDraggable":1,"isDeletable":1,"hasElementMoved":false,"eventLog":[{"time":1702313007850,"type":"create node","value":3}],"isTextChangeable":1},{"id":"bcd17536-4b39-4a44-a01d-15cbb0efe3a2","value":2,"text":"rational efficiency","comment":"","position":{"x":1062,"y":412},"isActive":true,"date":1702313007850,"kind":"Node","isSelected":false,"isConnectorSelected":false,"isDraggable":1,"isDeletable":1,"hasElementMoved":false,"eventLog":[{"time":1702313007850,"type":"create node","value":2}],"isTextChangeable":1},{"id":"09842a61-3519-44b9-b47a-9e8fbb08edfd","value":-1,"text":"misjudgments","comment":"","position":{"x":306,"y":311},"isActive":true,"date":1702313007850,"kind":"Node","isSelected":false,"isConnectorSelected":false,"isDraggable":1,"isDeletable":1,"hasElementMoved":false,"eventLog":[{"time":1702313007850,"type":"create node","value":-1}],"isTextChangeable":1},{"id":"2b904a3b-2ba9-4e40-8d3f-16b7810aeb2c","value":2,"text":"quick deployment","comment":"","position":{"x":848,"y":265},"isActive":true,"date":1702313007850,"kind":"Node","isSelected":false,"isConnectorSelected":false,"isDraggable":1,"isDeletable":1,"hasElementMoved":false,"eventLog":[{"time":1702313007850,"type":"create node","value":2}],"isTextChangeable":1},{"id":"599ae4a3-8439-4d67-89f6-e89381e95c8d","value":1,"text":"no exhaustion","comment":"","position":{"x":981,"y":271},"isActive":true,"date":1702313007850,"kind":"Node","isSelected":false,"isConnectorSelected":false,"isDraggable":1,"isDeletable":1,"hasElementMoved":false,"eventLog":[{"time":1702313007850,"type":"create node","value":1}],"isTextChangeable":1},{"id":"a542be88-83bd-4ef6-9e22-ab39c1906e18","value":0,"text":"expensive development","comment":"","position":{"x":418,"y":196},"isActive":true,"date":1702313007850,"kind":"Node","isSelected":false,"isConnectorSelected":false,"isDraggable":1,"isDeletable":1,"hasElementMoved":false,"eventLog":[{"time":1702313007850,"type":"create node","value":0}],"isTextChangeable":1},{"id":"69b956b8-c5c6-4415-b47f-9cd6a036ba09","value":1,"text":"light supply","comment":"Supplying victims with food/medicine/etc","position":{"x":700,"y":524},"isActive":true,"date":1702313022359,"kind":"Node","isSelected":false,"isConnectorSelected":false,"isDraggable":1,"isDeletable":1,"hasElementMoved":false,"eventLog":[{"time":1702313022359,"type":"create node","value":"0"},{"time":1702313022646,"type":"selected","value":"TRUE"},{"time":1702313044986,"type":"text","value":"leichte Versorgung"},{"time":1702313044986,"type":"value","value":"1"},{"time":1702313044986,"type":"comment","value":"Versorgung von Opfern mit Lebensmitteln/Medizin/usw"},{"time":1702313044986,"type":"selected","value":"FALSE"}],"isTextChangeable":1},{"id":"5ba99f42-45d9-464d-80c7-7151d5ed3f2e","value":-1,"text":"technical damage","comment":"Can suffer damage on the terrain","position":{"x":143,"y":564},"isActive":true,"date":1702313050352,"kind":"Node","isSelected":false,"isConnectorSelected":false,"isDraggable":1,"isDeletable":1,"hasElementMoved":false,"eventLog":[{"time":1702313050352,"type":"create node","value":"0"},{"time":1702313050436,"type":"selected","value":"TRUE"},{"time":1702313083856,"type":"text","value":"technische Schäden"},{"time":1702313083856,"type":"value","value":"-1"},{"time":1702313083856,"type":"comment","value":"Kann am Gelände schäden erleiden"},{"time":1702313083856,"type":"selected","value":"FALSE"}],"isTextChangeable":1},{"id":"e3a25bb1-f523-4fe9-917d-37427fa5388a","value":0,"text":"Kosten","comment":"","position":{"x":632,"y":193},"isActive":false,"date":1702313100160,"kind":"Node","isSelected":false,"isConnectorSelected":false,"isDraggable":1,"isDeletable":1,"hasElementMoved":false,"eventLog":[{"time":1702313100160,"type":"create node","value":0},{"time":1702313100443,"type":"selected","value":1},{"time":1702313114866,"type":"node was deleted","value":-99}],"isTextChangeable":1}],"connectors":[{"id":"b4f4895a-3abd-4874-aa21-b142e5487f7a","source":"ab87fc25-a69c-4be0-941c-0b903b7d6fad","target":"6e46725f-e0a4-47b4-84a1-93fc7c937c0a","agreement":true,"isActive":true,"date":1702313007850,"kind":"Connector","isSelected":false,"intensity":3,"isDeletable":false,"isOver":false,"isBidirectional":false,"eventLog":[{"time":1702313007850,"type":"create connection"}]},{"id":"3ed2c9f7-0426-40df-8b2f-0ed9c885a1cb","source":"ab87fc25-a69c-4be0-941c-0b903b7d6fad","target":"29c338d4-504d-40e2-ba88-aa36033578aa","agreement":true,"isActive":true,"date":1702313007850,"kind":"Connector","isSelected":false,"intensity":3,"isDeletable":true,"isOver":false,"isBidirectional":false,"eventLog":[{"time":1702313007850,"type":"create connection"}]},{"id":"b4a4c6c7-465b-41d9-bca7-c7d4b6dae91b","source":"819252a7-04fe-4339-aaeb-652d0ac32a82","target":"6e46725f-e0a4-47b4-84a1-93fc7c937c0a","agreement":true,"isActive":true,"date":1702313007850,"kind":"Connector","isSelected":false,"intensity":3,"isDeletable":true,"isOver":false,"isBidirectional":false,"eventLog":[{"time":1702313007850,"type":"create connection"}]},{"id":"24986167-5db0-4f45-a43c-e850326fb019","source":"ea1c9eb6-f66a-49fe-b174-0a73b89b0c56","target":"6e46725f-e0a4-47b4-84a1-93fc7c937c0a","agreement":true,"isActive":true,"date":1702313007850,"kind":"Connector","isSelected":false,"intensity":3,"isDeletable":true,"isOver":false,"isBidirectional":false,"eventLog":[{"time":1702313007850,"type":"create connection"}]},{"id":"2f9e0bf5-da84-4cc3-a5bd-9e845a9c9a56","source":"6e46725f-e0a4-47b4-84a1-93fc7c937c0a","target":"46d3251e-71f2-4f3a-a6ce-3e77d2302825","agreement":true,"isActive":true,"date":1702313007850,"kind":"Connector","isSelected":false,"intensity":3,"isDeletable":true,"isOver":false,"isBidirectional":false,"eventLog":[{"time":1702313007850,"type":"create connection"}]},{"id":"d1070976-bf2b-4f75-8819-747b7c2fbe81","source":"093a1a30-ca3e-44c2-8108-96f94dbcfdaa","target":"29c338d4-504d-40e2-ba88-aa36033578aa","agreement":true,"isActive":true,"date":1702313007850,"kind":"Connector","isSelected":false,"intensity":3,"isDeletable":true,"isOver":false,"isBidirectional":false,"eventLog":[{"time":1702313007850,"type":"create connection"}]},{"id":"ae7d5ff2-4674-41ed-9d6e-67935793ec48","source":"b2196e0f-023c-44bd-bf6a-e32fb98cc8a6","target":"29c338d4-504d-40e2-ba88-aa36033578aa","agreement":true,"isActive":true,"date":1702313007850,"kind":"Connector","isSelected":false,"intensity":3,"isDeletable":true,"isOver":false,"isBidirectional":false,"eventLog":[{"time":1702313007850,"type":"create connection"}]},{"id":"653012aa-75b8-4fc6-8cf6-0dea62b927bd","source":"bcd17536-4b39-4a44-a01d-15cbb0efe3a2","target":"29c338d4-504d-40e2-ba88-aa36033578aa","agreement":true,"isActive":true,"date":1702313007850,"kind":"Connector","isSelected":false,"intensity":3,"isDeletable":true,"isOver":false,"isBidirectional":false,"eventLog":[{"time":1702313007850,"type":"create connection"}]},{"id":"81aec49a-6c8b-4397-9da8-770824b8fd4a","source":"6e46725f-e0a4-47b4-84a1-93fc7c937c0a","target":"09842a61-3519-44b9-b47a-9e8fbb08edfd","agreement":true,"isActive":true,"date":1702313007850,"kind":"Connector","isSelected":false,"intensity":3,"isDeletable":true,"isOver":false,"isBidirectional":false,"eventLog":[{"time":1702313007850,"type":"create connection"}]},{"id":"91acafa9-4f16-448a-96ad-3c6a81b86225","source":"2b904a3b-2ba9-4e40-8d3f-16b7810aeb2c","target":"29c338d4-504d-40e2-ba88-aa36033578aa","agreement":true,"isActive":true,"date":1702313007850,"kind":"Connector","isSelected":false,"intensity":3,"isDeletable":true,"isOver":false,"isBidirectional":false,"eventLog":[{"time":1702313007850,"type":"create connection"}]},{"id":"b75ae7a5-0cee-4e20-84ea-d37c573363bd","source":"599ae4a3-8439-4d67-89f6-e89381e95c8d","target":"29c338d4-504d-40e2-ba88-aa36033578aa","agreement":true,"isActive":true,"date":1702313007850,"kind":"Connector","isSelected":false,"intensity":3,"isDeletable":true,"isOver":false,"isBidirectional":false,"eventLog":[{"time":1702313007850,"type":"create connection"}]},{"id":"4825d143-b970-4486-85f7-e0b6cdb6e166","source":"a542be88-83bd-4ef6-9e22-ab39c1906e18","target":"6e46725f-e0a4-47b4-84a1-93fc7c937c0a","agreement":true,"isActive":true,"date":1702313007850,"kind":"Connector","isSelected":false,"intensity":3,"isDeletable":true,"isOver":false,"isBidirectional":false,"eventLog":[{"time":1702313007850,"type":"create connection"}]},{"id":"83c77fea-94a6-4e83-8b3b-c13629f10aba","source":"69b956b8-c5c6-4415-b47f-9cd6a036ba09","target":"29c338d4-504d-40e2-ba88-aa36033578aa","agreement":true,"isActive":true,"date":1702313045849,"kind":"Connector","isSelected":false,"intensity":3,"isDeletable":true,"isOver":false,"isBidirectional":false,"eventLog":[{"time":1702313045849,"type":"create connection"}]},{"id":"e041e41a-a12c-468a-bde1-6040057dd0f7","source":"6e46725f-e0a4-47b4-84a1-93fc7c937c0a","target":"5ba99f42-45d9-464d-80c7-7151d5ed3f2e","agreement":true,"isActive":true,"date":1702313085327,"kind":"Connector","isSelected":false,"intensity":3,"isDeletable":true,"isOver":false,"isBidirectional":false,"eventLog":[{"time":1702313085327,"type":"create connection"}]}],"currentID":{},"currentNode":{},"hasSelectedNode":[false],"currentConnector":{},"hasSelectedConnector":[false],"readyToMove":[false],"isIncoming":[false],"hasElementMoved":[false]}
