{"idCAM":["4f7c2cc1-fb4e-4e9b-b4c0-f068b52d13a6"],"creator":["5aad4225811b2000016f6ed1_pre"],"projectCAM":["S2_CAM part 1"],"defocusCAM":[],"date":[1702309809679],"nodes":[{"id":"bc9c6b83-1f77-45b4-8eb7-444a2dca8a32","value":0,"text":"social assistance robot","comment":"","position":{"x":650,"y":400},"isActive":true,"date":1702309810553,"kind":"Node","isSelected":false,"isConnectorSelected":false,"isDraggable":0,"isDeletable":0,"hasElementMoved":false,"eventLog":[{"time":1702309810553,"type":"create node","value":0}],"isTextChangeable":0},{"id":"65413b9e-d127-4e41-91e0-6ff7576699c5","value":0,"text":"disadvantages","comment":"","position":{"x":450,"y":400},"isActive":true,"date":1702309810553,"kind":"Node","isSelected":false,"isConnectorSelected":false,"isDraggable":0,"isDeletable":0,"hasElementMoved":false,"eventLog":[{"time":1702309810553,"type":"create node","value":0}],"isTextChangeable":0},{"id":"d072de4a-5e8f-4d80-85ca-fde062c7f43d","value":0,"text":"advantages","comment":"","position":{"x":850,"y":400},"isActive":true,"date":1702309810553,"kind":"Node","isSelected":false,"isConnectorSelected":false,"isDraggable":0,"isDeletable":0,"hasElementMoved":false,"eventLog":[{"time":1702309810553,"type":"create node","value":0}],"isTextChangeable":0},{"id":"78ede03f-970b-42a3-923e-7ff636d2c5b4","value":3,"text":"relief for staff","comment":"","position":{"x":953,"y":203},"isActive":true,"date":1702309822861,"kind":"Node","isSelected":false,"isConnectorSelected":true,"isDraggable":1,"isDeletable":1,"hasElementMoved":false,"eventLog":[{"time":"1702309822861","type":"create node","value":[0]},{"time":"1702309822979","type":"selected","value":[true]},{"time":"1702309847091","type":"text","value":["Entlastung für Personal"]},{"time":"1702309847091","type":"value","value":[3]},{"time":"1702309847091","type":"selected","value":[false]},{"time":"2023-12-11T15:50:47.950Z","type":"position","value":{"x":[450],"y":[280]}},{"time":"2023-12-11T15:50:48.908Z","type":"position","value":{"x":[603],"y":[269]}},{"time":"2023-12-11T15:50:50.041Z","type":"position","value":{"x":[761],"y":[281]}},{"time":"2023-12-11T15:50:51.525Z","type":"position","value":{"x":[913],"y":[266]}},{"time":"2023-12-11T15:55:48.227Z","type":"position","value":{"x":[993],"y":[281]}},{"time":"2023-12-11T15:57:10.014Z","type":"position","value":{"x":[970],"y":[248]}}],"isTextChangeable":1},{"id":"281d85eb-195e-481a-8aee-c05643925405","value":-2,"text":"expensive","comment":"","position":{"x":210,"y":221},"isActive":true,"date":1702309862920,"kind":"Node","isSelected":false,"isConnectorSelected":false,"isDraggable":1,"isDeletable":1,"hasElementMoved":false,"eventLog":[{"time":"1702309862920","type":"create node","value":[0]},{"time":"1702309863779","type":"selected","value":[true]},{"time":"1702309872096","type":"text","value":["Teuer"]},{"time":"1702309872096","type":"value","value":[-2]},{"time":"1702309872096","type":"selected","value":[false]},{"time":"2023-12-11T15:55:56.666Z","type":"position","value":{"x":[341],"y":[316]}},{"time":"2023-12-11T15:56:59.982Z","type":"position","value":{"x":[294],"y":[276]}}],"isTextChangeable":1},{"id":"8d378398-9d98-4215-b2fc-ed0b363b82cb","value":-2,"text":"repair/ maintenance","comment":"","position":{"x":105,"y":377},"isActive":true,"date":1702309875337,"kind":"Node","isSelected":false,"isConnectorSelected":false,"isDraggable":1,"isDeletable":1,"hasElementMoved":false,"eventLog":[{"time":"1702309875337","type":"create node","value":[0]},{"time":"1702309875477","type":"selected","value":[true]},{"time":"1702309890391","type":"text","value":["Reparatur/ Wartung"]},{"time":"1702309890391","type":"value","value":[-2]},{"time":"1702309890391","type":"selected","value":[false]},{"time":"2023-12-11T15:51:34.884Z","type":"position","value":{"x":[277],"y":[384]}},{"time":"2023-12-11T15:55:58.369Z","type":"position","value":{"x":[259],"y":[392]}},{"time":"2023-12-11T15:56:30.361Z","type":"position","value":{"x":[215],"y":[391]}},{"time":"2023-12-11T15:57:01.220Z","type":"position","value":{"x":[187],"y":[360]}}],"isTextChangeable":1},{"id":"a37d16c9-63c4-45fa-ac27-a3ef9cc333cb","value":2,"text":"novel therapy","comment":"","position":{"x":1096,"y":373},"isActive":true,"date":1702309897995,"kind":"Node","isSelected":false,"isConnectorSelected":false,"isDraggable":1,"isDeletable":1,"hasElementMoved":false,"eventLog":[{"time":"1702309897995","type":"create node","value":[0]},{"time":"1702309898671","type":"selected","value":[true]},{"time":"1702309912101","type":"text","value":["Neuartige Therapie"]},{"time":"1702309912101","type":"value","value":[2]},{"time":"1702309912101","type":"selected","value":[false]},{"time":"2023-12-11T15:51:55.449Z","type":"position","value":{"x":[1036],"y":[405]}},{"time":"1702310097408","type":"selected","value":[true]},{"time":"1702310101414","type":"selected","value":[false]},{"time":"2023-12-11T15:55:02.748Z","type":"position","value":{"x":[1055],"y":[397]}},{"time":"2023-12-11T15:55:45.937Z","type":"position","value":{"x":[1101],"y":[371]}}],"isTextChangeable":1},{"id":"939e1651-904d-46c4-9693-959e87ba731b","value":-3,"text":"missing human interaction","comment":"","position":{"x":223,"y":488},"isActive":true,"date":1702309932262,"kind":"Node","isSelected":false,"isConnectorSelected":false,"isDraggable":1,"isDeletable":1,"hasElementMoved":false,"eventLog":[{"time":"1702309932262","type":"create node","value":[0]},{"time":"1702309933393","type":"selected","value":[true]},{"time":"1702309944502","type":"text","value":["fehlende menschliche Interaktion"]},{"time":"1702309944502","type":"selected","value":[false]},{"time":"1702309950926","type":"selected","value":[true]},{"time":"1702309952958","type":"value","value":[-3]},{"time":"1702309952958","type":"selected","value":[false]},{"time":"2023-12-11T15:55:59.724Z","type":"position","value":{"x":[276],"y":[493]}}],"isTextChangeable":1},{"id":"95382512-3c4d-4b05-819c-dcf12e0ee18e","value":3,"text":"additional care","comment":"","position":{"x":1002,"y":517},"isActive":true,"date":1702309959416,"kind":"Node","isSelected":false,"isConnectorSelected":false,"isDraggable":1,"isDeletable":1,"hasElementMoved":false,"eventLog":[{"time":"1702309959416","type":"create node","value":[0]},{"time":"1702309960181","type":"selected","value":[true]},{"time":"1702310035518","type":"text","value":["Zusätzliche Betreuung"]},{"time":"1702310035518","type":"value","value":[3]},{"time":"1702310035518","type":"selected","value":[false]},{"time":"2023-12-11T15:53:59.599Z","type":"position","value":{"x":[982],"y":[513]}}],"isTextChangeable":1},{"id":"e4b62501-568e-4196-a1b7-5da81f0c3cdd","value":3,"text":"adaptation to patient/client","comment":"e.g. through biography work/ AI","position":{"x":916,"y":649},"isActive":true,"date":1702310046160,"kind":"Node","isSelected":false,"isConnectorSelected":false,"isDraggable":1,"isDeletable":1,"hasElementMoved":false,"eventLog":[{"time":"1702310046160","type":"create node","value":[0]},{"time":"1702310046249","type":"selected","value":[true]},{"time":"1702310076092","type":"text","value":["Anpassung an Patient/Klient"]},{"time":"1702310076092","type":"value","value":[3]},{"time":"1702310076092","type":"comment","value":["z.B. durch Biograhpiearbeit/ AI"]},{"time":"1702310076092","type":"selected","value":[false]},{"time":"2023-12-11T15:54:38.165Z","type":"position","value":{"x":[933],"y":[613]}}],"isTextChangeable":1},{"id":"87ad9886-5c4f-4b9b-8020-a3abf03674cd","value":3,"text":"personalized therapy","comment":"","position":{"x":1107,"y":651},"isActive":true,"date":1702310080222,"kind":"Node","isSelected":false,"isConnectorSelected":false,"isDraggable":1,"isDeletable":1,"hasElementMoved":false,"eventLog":[{"time":"1702310080222","type":"create node","value":[0]},{"time":"1702310080300","type":"selected","value":[true]},{"time":"1702310093641","type":"text","value":["Personenbezogene Therapie"]},{"time":"1702310093641","type":"value","value":[3]},{"time":"1702310093641","type":"selected","value":[false]},{"time":"2023-12-11T15:54:55.950Z","type":"position","value":{"x":[1069],"y":[638]}}],"isTextChangeable":1},{"id":"f73d256a-89e5-42bd-9591-7c1bf46ec715","value":2,"text":"social integration","comment":"","position":{"x":1186,"y":552},"isActive":true,"date":1702310107404,"kind":"Node","isSelected":false,"isConnectorSelected":false,"isDraggable":1,"isDeletable":1,"hasElementMoved":false,"eventLog":[{"time":"1702310107404","type":"create node","value":[0]},{"time":"1702310109351","type":"selected","value":[true]},{"time":"1702310115839","type":"text","value":["Soziale Eingliederung"]},{"time":"1702310115839","type":"value","value":[2]},{"time":"1702310115839","type":"selected","value":[false]},{"time":"2023-12-11T15:55:18.133Z","type":"position","value":{"x":[1194],"y":[562]}}],"isTextChangeable":1},{"id":"aa8bd6ac-567a-4904-ad78-b08f08d3bee1","value":2,"text":"technical possibilities","comment":"e.g. music, screen, dance","position":{"x":808,"y":571},"isActive":true,"date":1702310119894,"kind":"Node","isSelected":false,"isConnectorSelected":false,"isDraggable":1,"isDeletable":1,"hasElementMoved":false,"eventLog":[{"time":1702310119894,"type":"create node","value":"0"},{"time":1702310120140,"type":"selected","value":"TRUE"},{"time":1702310138955,"type":"text","value":"Technische Möglichkeiten"},{"time":1702310138955,"type":"comment","value":"z.B. Musik, Bildschirm, tanzen"},{"time":1702310138955,"type":"selected","value":"FALSE"},{"time":1702310140019,"type":"selected","value":"TRUE"},{"time":1702310142782,"type":"value","value":"2"},{"time":1702310142782,"type":"selected","value":"FALSE"}],"isTextChangeable":1},{"id":"19836b38-63a8-4d59-ae23-915a4b020a0a","value":-2,"text":"strangeness","comment":"","position":{"x":210,"y":636},"isActive":true,"date":1702310162268,"kind":"Node","isSelected":false,"isConnectorSelected":false,"isDraggable":1,"isDeletable":1,"hasElementMoved":false,"eventLog":[{"time":"1702310162268","type":"create node","value":[0]},{"time":"1702310162341","type":"selected","value":[true]},{"time":"1702310167810","type":"text","value":["Fremdartigkeit"]},{"time":"1702310167810","type":"value","value":[-2]},{"time":"1702310167810","type":"selected","value":[false]},{"time":"2023-12-11T15:56:08.640Z","type":"position","value":{"x":[312],"y":[528]}}],"isTextChangeable":1},{"id":"0f1e0d5b-e376-4a9e-8c05-0dd3994970fd","value":-2,"text":"emotionally cold","comment":"","position":{"x":79,"y":544},"isActive":true,"date":1702310171946,"kind":"Node","isSelected":false,"isConnectorSelected":false,"isDraggable":1,"isDeletable":1,"hasElementMoved":false,"eventLog":[{"time":"1702310171946","type":"create node","value":[0]},{"time":"1702310172072","type":"selected","value":[true]},{"time":"1702310182128","type":"text","value":["Emotional kalt"]},{"time":"1702310182128","type":"value","value":[-2]},{"time":"1702310182128","type":"selected","value":[false]},{"time":"2023-12-11T15:56:22.973Z","type":"position","value":{"x":[93],"y":[541]}}],"isTextChangeable":1},{"id":"4a03529c-89cd-45bd-afe9-704b5e3f1c00","value":-2,"text":"knowledge required","comment":"about operating the robot","position":{"x":377,"y":173},"isActive":true,"date":1702310196274,"kind":"Node","isSelected":false,"isConnectorSelected":false,"isDraggable":1,"isDeletable":1,"hasElementMoved":false,"eventLog":[{"time":"1702310196274","type":"create node","value":[0]},{"time":"1702310196371","type":"selected","value":[true]},{"time":"1702310217384","type":"text","value":["Know how benötigt"]},{"time":"1702310217384","type":"value","value":[-2]},{"time":"1702310217384","type":"comment","value":["über Bedienung des Roboters"]},{"time":"1702310217384","type":"selected","value":[false]},{"time":"2023-12-11T15:56:58.250Z","type":"position","value":{"x":[150],"y":[236]}},{"time":"2023-12-11T15:56:58.332Z","type":"position","value":{"x":[321],"y":[203]}}],"isTextChangeable":1},{"id":"2fdcae46-f5f1-4904-956e-dd4665e034a0","value":3,"text":"more time","comment":"For patient/client\n\n\" Be careful with spelling mistakes and do not use capital letters for adjectives. Only return the translation in quotes.","position":{"x":1142,"y":202},"isActive":true,"date":1702310232026,"kind":"Node","isSelected":false,"isConnectorSelected":true,"isDraggable":1,"isDeletable":1,"hasElementMoved":false,"eventLog":[{"time":"1702310232026","type":"create node","value":[0]},{"time":"2023-12-11T15:57:12.842Z","type":"position","value":{"x":[1050],"y":[219]}},{"time":"1702310233973","type":"selected","value":[true]},{"time":"1702310247812","type":"text","value":["Mehr Zeit"]},{"time":"1702310247812","type":"value","value":[3]},{"time":"1702310247812","type":"selected","value":[false]},{"time":"1702310248957","type":"selected","value":[true]},{"time":"1702310260857","type":"comment","value":["Für Patient/ Klient\n\n"]},{"time":"1702310260857","type":"selected","value":[false]},{"time":"2023-12-11T15:57:43.398Z","type":"position","value":{"x":[1089],"y":[197]}}],"isTextChangeable":1},{"id":"df4cd92b-014c-43b7-b710-f459bf1a4555","value":2,"text":"lower sickness rate","comment":"","position":{"x":1064,"y":82},"isActive":true,"date":1702310265853,"kind":"Node","isSelected":false,"isConnectorSelected":false,"isDraggable":1,"isDeletable":1,"hasElementMoved":false,"eventLog":[{"time":1702310265853,"type":"create node","value":"0"},{"time":1702310265935,"type":"selected","value":"TRUE"},{"time":1702310272638,"type":"text","value":"Geringerer Krankenstand"},{"time":1702310272638,"type":"value","value":"2"},{"time":1702310272638,"type":"selected","value":"FALSE"}],"isTextChangeable":1}],"connectors":[{"id":"b027a676-9bd3-4623-bc56-49c0836a5f0e","source":"bc9c6b83-1f77-45b4-8eb7-444a2dca8a32","target":"65413b9e-d127-4e41-91e0-6ff7576699c5","agreement":true,"isActive":true,"date":1702309810554,"kind":"Connector","isSelected":false,"intensity":3,"isDeletable":false,"isOver":false,"isBidirectional":false,"eventLog":[{"time":1702309810554,"type":"create connection"}]},{"id":"32bbb311-90f2-40e8-bb23-0e9269be2d61","source":"bc9c6b83-1f77-45b4-8eb7-444a2dca8a32","target":"d072de4a-5e8f-4d80-85ca-fde062c7f43d","agreement":true,"isActive":true,"date":1702309810554,"kind":"Connector","isSelected":false,"intensity":3,"isDeletable":true,"isOver":false,"isBidirectional":false,"eventLog":[{"time":1702309810554,"type":"create connection"}]},{"id":"03951f5e-7dbe-464d-bb30-f8aa72478c72","source":"d072de4a-5e8f-4d80-85ca-fde062c7f43d","target":"78ede03f-970b-42a3-923e-7ff636d2c5b4","agreement":true,"isActive":true,"date":1702309853648,"kind":"Connector","isSelected":false,"intensity":6,"isDeletable":true,"isOver":false,"isBidirectional":false,"eventLog":[{"time":1702309853648,"type":"create connection"},{"time":1702309855821,"type":"selected","value":1},{"time":1702309859064,"type":"change intensity of connector","value":6},{"time":1702309859064,"type":"selected","value":0}]},{"id":"9f2d2f5a-50d1-41e3-851f-1a23c4a2931b","source":"65413b9e-d127-4e41-91e0-6ff7576699c5","target":"281d85eb-195e-481a-8aee-c05643925405","agreement":false,"isActive":true,"date":1702309874029,"kind":"Connector","isSelected":false,"intensity":6,"isDeletable":true,"isOver":false,"isBidirectional":false,"eventLog":[{"time":1702309874030,"type":"create connection"},{"time":1702309918854,"type":"selected","value":1},{"time":1702309919265,"type":"change intensity of connector","value":3},{"time":1702309919265,"type":"selected","value":0},{"time":1702309924055,"type":"selected","value":1},{"time":1702309926473,"type":"change intensity of connector","value":-6},{"time":1702309926473,"type":"selected","value":0}]},{"id":"416e269d-905d-4f32-b238-0bdfd72a86b0","source":"65413b9e-d127-4e41-91e0-6ff7576699c5","target":"8d378398-9d98-4215-b2fc-ed0b363b82cb","agreement":false,"isActive":true,"date":1702309892008,"kind":"Connector","isSelected":false,"intensity":6,"isDeletable":true,"isOver":false,"isBidirectional":false,"eventLog":[{"time":1702309892008,"type":"create connection"},{"time":1702309926602,"type":"selected","value":1},{"time":1702309929804,"type":"change intensity of connector","value":-6},{"time":1702309929804,"type":"selected","value":0}]},{"id":"a90ea3eb-8e63-4671-926f-e79f724e1fc4","source":"281d85eb-195e-481a-8aee-c05643925405","target":"8d378398-9d98-4215-b2fc-ed0b363b82cb","agreement":false,"isActive":true,"date":1702309893606,"kind":"Connector","isSelected":false,"intensity":6,"isDeletable":true,"isOver":false,"isBidirectional":false,"eventLog":[{"time":1702309893606,"type":"create connection"},{"time":1702309921545,"type":"selected","value":1},{"time":1702309923948,"type":"change intensity of connector","value":-6},{"time":1702309923948,"type":"selected","value":0}]},{"id":"d098beb6-5def-4e9c-9ab8-f55a797fbee5","source":"d072de4a-5e8f-4d80-85ca-fde062c7f43d","target":"a37d16c9-63c4-45fa-ac27-a3ef9cc333cb","agreement":true,"isActive":true,"date":1702309914464,"kind":"Connector","isSelected":false,"intensity":3,"isDeletable":true,"isOver":false,"isBidirectional":false,"eventLog":[{"time":1702309914464,"type":"create connection"}]},{"id":"662dc160-1dfd-43ee-a78f-004a68b04c52","source":"65413b9e-d127-4e41-91e0-6ff7576699c5","target":"939e1651-904d-46c4-9693-959e87ba731b","agreement":false,"isActive":true,"date":1702309946273,"kind":"Connector","isSelected":false,"intensity":6,"isDeletable":true,"isOver":false,"isBidirectional":false,"eventLog":[{"time":1702309946273,"type":"create connection"},{"time":1702309947445,"type":"selected","value":1},{"time":1702309949618,"type":"change intensity of connector","value":-6},{"time":1702309949618,"type":"selected","value":0}]},{"id":"471138c4-0a29-4a04-818b-5ffb29ccdb97","source":"d072de4a-5e8f-4d80-85ca-fde062c7f43d","target":"95382512-3c4d-4b05-819c-dcf12e0ee18e","agreement":true,"isActive":true,"date":1702310037193,"kind":"Connector","isSelected":false,"intensity":3,"isDeletable":true,"isOver":false,"isBidirectional":false,"eventLog":[{"time":1702310037193,"type":"create connection"}]},{"id":"4a189d8c-4cc6-47cc-a734-cc788a0dd1ba","source":"95382512-3c4d-4b05-819c-dcf12e0ee18e","target":"e4b62501-568e-4196-a1b7-5da81f0c3cdd","agreement":true,"isActive":true,"date":1702310077388,"kind":"Connector","isSelected":false,"intensity":3,"isDeletable":true,"isOver":false,"isBidirectional":false,"eventLog":[{"time":1702310077388,"type":"create connection"}]},{"id":"e3d724a0-dc56-4c20-95f6-b762769a64ab","source":"95382512-3c4d-4b05-819c-dcf12e0ee18e","target":"87ad9886-5c4f-4b9b-8020-a3abf03674cd","agreement":true,"isActive":true,"date":1702310095040,"kind":"Connector","isSelected":false,"intensity":3,"isDeletable":true,"isOver":false,"isBidirectional":false,"eventLog":[{"time":1702310095040,"type":"create connection"}]},{"id":"9a927b22-a9bc-4594-b381-c577d1b5a987","source":"95382512-3c4d-4b05-819c-dcf12e0ee18e","target":"f73d256a-89e5-42bd-9591-7c1bf46ec715","agreement":true,"isActive":true,"date":1702310117551,"kind":"Connector","isSelected":false,"intensity":3,"isDeletable":true,"isOver":false,"isBidirectional":false,"eventLog":[{"time":1702310117551,"type":"create connection"}]},{"id":"b7e39d3c-0485-4436-ab8f-d16c66863f4c","source":"aa8bd6ac-567a-4904-ad78-b08f08d3bee1","target":"95382512-3c4d-4b05-819c-dcf12e0ee18e","agreement":true,"isActive":true,"date":1702310144422,"kind":"Connector","isSelected":false,"intensity":3,"isDeletable":true,"isOver":false,"isBidirectional":false,"eventLog":[{"time":1702310144422,"type":"create connection"}]},{"id":"6e985dc5-1446-48e0-8342-b830b85fe270","source":"939e1651-904d-46c4-9693-959e87ba731b","target":"19836b38-63a8-4d59-ae23-915a4b020a0a","agreement":true,"isActive":true,"date":1702310171275,"kind":"Connector","isSelected":false,"intensity":3,"isDeletable":true,"isOver":false,"isBidirectional":false,"eventLog":[{"time":1702310171275,"type":"create connection"}]},{"id":"a034538c-a139-4a6c-bc1b-dd6f8fb17cf9","source":"0f1e0d5b-e376-4a9e-8c05-0dd3994970fd","target":"939e1651-904d-46c4-9693-959e87ba731b","agreement":true,"isActive":true,"date":1702310184031,"kind":"Connector","isSelected":false,"intensity":3,"isDeletable":true,"isOver":false,"isBidirectional":false,"eventLog":[{"time":1702310184031,"type":"create connection"}]},{"id":"80ac3ed4-11a5-4ada-97af-5a0b086aac25","source":"65413b9e-d127-4e41-91e0-6ff7576699c5","target":"4a03529c-89cd-45bd-afe9-704b5e3f1c00","agreement":false,"isActive":true,"date":1702310223018,"kind":"Connector","isSelected":false,"intensity":6,"isDeletable":true,"isOver":false,"isBidirectional":false,"eventLog":[{"time":1702310223018,"type":"create connection"},{"time":1702310224275,"type":"selected","value":1},{"time":1702310226623,"type":"change intensity of connector","value":-6},{"time":1702310226623,"type":"selected","value":0}]},{"id":"862affc6-7825-4ac0-8500-8ca0871e0305","source":"78ede03f-970b-42a3-923e-7ff636d2c5b4","target":"2fdcae46-f5f1-4904-956e-dd4665e034a0","agreement":true,"isActive":true,"date":1702310262049,"kind":"Connector","isSelected":false,"intensity":9,"isDeletable":true,"isOver":false,"isBidirectional":false,"eventLog":[{"time":1702310262049,"type":"create connection"},{"time":1702310278548,"type":"selected","value":1},{"time":1702310280211,"type":"change intensity of connector","value":9},{"time":1702310280211,"type":"selected","value":0}]},{"id":"51746c57-524d-4b67-8ab3-c12d129254f5","source":"78ede03f-970b-42a3-923e-7ff636d2c5b4","target":"df4cd92b-014c-43b7-b710-f459bf1a4555","agreement":true,"isActive":true,"date":1702310273895,"kind":"Connector","isSelected":false,"intensity":9,"isDeletable":true,"isOver":false,"isBidirectional":false,"eventLog":[{"time":1702310273895,"type":"create connection"},{"time":1702310274989,"type":"selected","value":1},{"time":1702310277087,"type":"change intensity of connector","value":9},{"time":1702310277087,"type":"selected","value":0}]}],"currentID":["862affc6-7825-4ac0-8500-8ca0871e0305"],"currentNode":{},"hasSelectedNode":[false],"currentConnector":{"id":["862affc6-7825-4ac0-8500-8ca0871e0305"],"value":{},"source":["78ede03f-970b-42a3-923e-7ff636d2c5b4"],"target":["2fdcae46-f5f1-4904-956e-dd4665e034a0"],"agreement":[true],"isActive":[true],"date":[1702310262049],"kind":["Connector"],"isSelected":[false],"intensity":[9],"isDeletable":[true],"isOver":[false],"isBidirectional":[false],"eventLog":[{"time":1702310262049,"type":"create connection"},{"time":1702310278548,"type":"selected","value":1},{"time":1702310280211,"type":"change intensity of connector","value":9},{"time":1702310280211,"type":"selected","value":0}]},"hasSelectedConnector":[true],"readyToMove":[false],"isIncoming":[false],"hasElementMoved":[false]}
