{"idCAM":["e569238c-d670-40ce-aac9-04ed91b3a7fb"],"creator":["5aad4225811b2000016f6ed1_post"],"projectCAM":["S2_CAM part 2"],"defocusCAM":[],"date":[1702310389921],"nodes":[{"id":"0dff5a3d-0081-46ad-b843-14d6a3021a13","value":0,"text":"social assistance robot","comment":"","position":{"x":650,"y":400},"isActive":true,"date":1702310390811,"kind":"Node","isSelected":false,"isConnectorSelected":false,"isDraggable":0,"isDeletable":0,"hasElementMoved":false,"eventLog":[{"time":1702310390811,"type":"create node","value":0}],"isTextChangeable":0},{"id":"57731116-8ffd-4557-9800-f1cafe08f7a7","value":0,"text":"disadvantages","comment":"","position":{"x":450,"y":400},"isActive":true,"date":1702310390811,"kind":"Node","isSelected":false,"isConnectorSelected":false,"isDraggable":0,"isDeletable":0,"hasElementMoved":false,"eventLog":[{"time":1702310390811,"type":"create node","value":0}],"isTextChangeable":0},{"id":"e9ff5a64-82f1-40f0-8ad0-69590a053885","value":0,"text":"advantages","comment":"","position":{"x":850,"y":400},"isActive":true,"date":1702310390811,"kind":"Node","isSelected":false,"isConnectorSelected":false,"isDraggable":0,"isDeletable":0,"hasElementMoved":false,"eventLog":[{"time":1702310390811,"type":"create node","value":0}],"isTextChangeable":0},{"id":"076b1dd6-bbb9-4568-bffb-5c3cf49362ba","value":3,"text":"relief for staff","comment":"","position":{"x":953,"y":203},"isActive":true,"date":1702310390811,"kind":"Node","isSelected":false,"isConnectorSelected":false,"isDraggable":1,"isDeletable":1,"hasElementMoved":false,"eventLog":[{"time":1702310390811,"type":"create node","value":3}],"isTextChangeable":1},{"id":"2f413378-18ec-451b-a186-f75d5fbe46c2","value":-2,"text":"expensive","comment":"","position":{"x":210,"y":221},"isActive":true,"date":1702310390811,"kind":"Node","isSelected":false,"isConnectorSelected":false,"isDraggable":1,"isDeletable":1,"hasElementMoved":false,"eventLog":[{"time":1702310390811,"type":"create node","value":-2}],"isTextChangeable":1},{"id":"ee33a6f5-2640-406d-afff-c3868143d103","value":-2,"text":"repair/ maintenance","comment":"","position":{"x":105,"y":377},"isActive":true,"date":1702310390811,"kind":"Node","isSelected":false,"isConnectorSelected":false,"isDraggable":1,"isDeletable":1,"hasElementMoved":false,"eventLog":[{"time":1702310390811,"type":"create node","value":-2}],"isTextChangeable":1},{"id":"038090e3-6d02-4811-8e4f-38e53cf250dd","value":2,"text":"novel therapy","comment":"","position":{"x":1050,"y":384},"isActive":true,"date":1702310390811,"kind":"Node","isSelected":false,"isConnectorSelected":false,"isDraggable":1,"isDeletable":1,"hasElementMoved":false,"eventLog":[{"time":"1702310390811","type":"create node","value":[2]},{"time":"2023-12-11T15:59:55.333Z","type":"position","value":{"x":[1099],"y":[381]}}],"isTextChangeable":1},{"id":"0dce5d78-2de4-4fb6-9ac3-40b04e0e8242","value":-3,"text":"missing human interaction","comment":"","position":{"x":228,"y":491},"isActive":true,"date":1702310390811,"kind":"Node","isSelected":false,"isConnectorSelected":false,"isDraggable":1,"isDeletable":1,"hasElementMoved":false,"eventLog":[{"time":"1702310390811","type":"create node","value":[-3]},{"time":"2023-12-11T16:01:04.994Z","type":"position","value":{"x":[237],"y":[496]}}],"isTextChangeable":1},{"id":"0aa02d7b-0834-4615-848b-a03a01d40eb7","value":3,"text":"additional care","comment":"","position":{"x":1002,"y":517},"isActive":true,"date":1702310390812,"kind":"Node","isSelected":false,"isConnectorSelected":false,"isDraggable":1,"isDeletable":1,"hasElementMoved":false,"eventLog":[{"time":1702310390812,"type":"create node","value":3}],"isTextChangeable":1},{"id":"932062ec-2715-496d-a9a0-f7e078304bfd","value":3,"text":"adaptation to patient/client","comment":"","position":{"x":806,"y":601},"isActive":true,"date":1702310390812,"kind":"Node","isSelected":false,"isConnectorSelected":false,"isDraggable":1,"isDeletable":1,"hasElementMoved":false,"eventLog":[{"time":"1702310390812","type":"create node","value":[3]},{"time":"2023-12-11T16:01:12.171Z","type":"position","value":{"x":[915],"y":[643]}}],"isTextChangeable":1},{"id":"4e938236-a588-44ba-b3d2-7d20f85725df","value":3,"text":"personalized therapy","comment":"","position":{"x":1107,"y":651},"isActive":true,"date":1702310390812,"kind":"Node","isSelected":false,"isConnectorSelected":false,"isDraggable":1,"isDeletable":1,"hasElementMoved":false,"eventLog":[{"time":1702310390812,"type":"create node","value":3}],"isTextChangeable":1},{"id":"5bd78768-702a-421a-91a2-eb623e1ebd15","value":2,"text":"social integration","comment":"","position":{"x":1186,"y":552},"isActive":true,"date":1702310390812,"kind":"Node","isSelected":false,"isConnectorSelected":false,"isDraggable":1,"isDeletable":1,"hasElementMoved":false,"eventLog":[{"time":1702310390812,"type":"create node","value":2}],"isTextChangeable":1},{"id":"a1d142e1-aec0-43f9-920b-30044b85da78","value":2,"text":"technical possibilities","comment":"","position":{"x":769,"y":510},"isActive":true,"date":1702310390812,"kind":"Node","isSelected":false,"isConnectorSelected":false,"isDraggable":1,"isDeletable":1,"hasElementMoved":false,"eventLog":[{"time":"1702310390812","type":"create node","value":[2]},{"time":"2023-12-11T16:01:10.858Z","type":"position","value":{"x":[801],"y":[571]}}],"isTextChangeable":1},{"id":"24a2e149-2ea3-4606-a42c-6c51c2dadc00","value":-2,"text":"strangeness","comment":"","position":{"x":210,"y":636},"isActive":true,"date":1702310390812,"kind":"Node","isSelected":false,"isConnectorSelected":false,"isDraggable":1,"isDeletable":1,"hasElementMoved":false,"eventLog":[{"time":1702310390812,"type":"create node","value":-2}],"isTextChangeable":1},{"id":"2c34a0e1-9a31-49e6-ba40-dc3e13f3a9b1","value":-2,"text":"emotionally cold","comment":"","position":{"x":55,"y":620},"isActive":true,"date":1702310390812,"kind":"Node","isSelected":false,"isConnectorSelected":false,"isDraggable":1,"isDeletable":1,"hasElementMoved":false,"eventLog":[{"time":"1702310390812","type":"create node","value":[-2]},{"time":"2023-12-11T16:00:51.739Z","type":"position","value":{"x":[60],"y":[568]}}],"isTextChangeable":1},{"id":"c078d810-1442-49f9-94d3-13b38a6f0244","value":-2,"text":"knowledge required","comment":"","position":{"x":377,"y":173},"isActive":true,"date":1702310390812,"kind":"Node","isSelected":false,"isConnectorSelected":false,"isDraggable":1,"isDeletable":1,"hasElementMoved":false,"eventLog":[{"time":1702310390812,"type":"create node","value":-2}],"isTextChangeable":1},{"id":"c903c927-cecb-4de7-8040-6ad9aeefbdbc","value":3,"text":"more time","comment":"","position":{"x":1142,"y":202},"isActive":true,"date":1702310390812,"kind":"Node","isSelected":false,"isConnectorSelected":false,"isDraggable":1,"isDeletable":1,"hasElementMoved":false,"eventLog":[{"time":1702310390812,"type":"create node","value":3}],"isTextChangeable":1},{"id":"b0fc7f0a-a208-4530-9fcf-e8079861d9cd","value":2,"text":"lower sickness rate","comment":"","position":{"x":1064,"y":82},"isActive":true,"date":1702310390812,"kind":"Node","isSelected":false,"isConnectorSelected":false,"isDraggable":1,"isDeletable":1,"hasElementMoved":false,"eventLog":[{"time":1702310390812,"type":"create node","value":2}],"isTextChangeable":1},{"id":"dd3d11ba-e666-4e68-a5cf-876d84194c51","value":2,"text":"low risk of injury","comment":"","position":{"x":1184,"y":304},"isActive":true,"date":1702310396404,"kind":"Node","isSelected":false,"isConnectorSelected":false,"isDraggable":1,"isDeletable":1,"hasElementMoved":false,"eventLog":[{"time":"1702310396404","type":"create node","value":[0]},{"time":"1702310396526","type":"selected","value":[true]},{"time":"1702310406713","type":"text","value":["Geringe Verletzungsgefahr"]},{"time":"1702310406713","type":"value","value":[2]},{"time":"1702310406713","type":"selected","value":[false]},{"time":"2023-12-11T16:00:07.268Z","type":"position","value":{"x":[1158],"y":[366]}},{"time":"2023-12-11T16:00:09.497Z","type":"position","value":{"x":[1171],"y":[346]}},{"time":"2023-12-11T16:00:11.544Z","type":"position","value":{"x":[1195],"y":[264]}}],"isTextChangeable":1},{"id":"240c2010-37aa-48d4-a92a-1100c7704087","value":2,"text":"simple use","comment":"","position":{"x":1204,"y":419},"isActive":true,"date":1702310413744,"kind":"Node","isSelected":false,"isConnectorSelected":false,"isDraggable":1,"isDeletable":1,"hasElementMoved":false,"eventLog":[{"time":1702310413744,"type":"create node","value":"0"},{"time":1702310413872,"type":"selected","value":"TRUE"},{"time":1702310419995,"type":"text","value":"einfache Nutzung"},{"time":1702310419995,"type":"value","value":"2"},{"time":1702310419995,"type":"selected","value":"FALSE"}],"isTextChangeable":1},{"id":"b5358a0c-2b57-4ed6-b804-3ac8240aaf34","value":-2,"text":"emotional crises","comment":"","position":{"x":341,"y":612},"isActive":true,"date":1702310427521,"kind":"Node","isSelected":false,"isConnectorSelected":false,"isDraggable":1,"isDeletable":1,"hasElementMoved":false,"eventLog":[{"time":"1702310427521","type":"create node","value":[0]},{"time":"1702310429220","type":"selected","value":[true]},{"time":"1702310436474","type":"text","value":["Emotionale Krisen"]},{"time":"1702310436474","type":"value","value":[-2]},{"time":"1702310436474","type":"selected","value":[false]},{"time":"2023-12-11T16:00:38.763Z","type":"position","value":{"x":[349],"y":[583]}}],"isTextChangeable":1},{"id":"dff70b70-b326-4d75-9db5-8c6609b1fca8","value":-2,"text":"stress triggering","comment":"","position":{"x":415,"y":530},"isActive":true,"date":1702310440513,"kind":"Node","isSelected":false,"isConnectorSelected":false,"isDraggable":1,"isDeletable":1,"hasElementMoved":false,"eventLog":[{"time":1702310440513,"type":"create node","value":"0"},{"time":1702310440605,"type":"selected","value":"TRUE"},{"time":1702310449081,"type":"text","value":"Stressauslösung"},{"time":1702310449081,"type":"value","value":"-2"},{"time":1702310449081,"type":"selected","value":"FALSE"}],"isTextChangeable":1},{"id":"958896fc-e3dc-4614-bddf-be49d5bf8e40","value":-1,"text":"create dependency","comment":"","position":{"x":66,"y":493},"isActive":true,"date":1702310453099,"kind":"Node","isSelected":false,"isConnectorSelected":false,"isDraggable":1,"isDeletable":1,"hasElementMoved":false,"eventLog":[{"time":1702310453099,"type":"create node","value":"0"},{"time":1702310453190,"type":"selected","value":"TRUE"},{"time":1702310461467,"type":"text","value":"Abhängigkeit schaffen"},{"time":1702310461467,"type":"value","value":"-1"},{"time":1702310461467,"type":"selected","value":"FALSE"}],"isTextChangeable":1},{"id":"f84e18ee-bad5-46e3-a890-125dc2142264","value":0,"text":"","comment":"","position":{"x":535,"y":596},"isActive":false,"date":1702310466616,"kind":"Node","isSelected":false,"isConnectorSelected":false,"isDraggable":1,"isDeletable":1,"hasElementMoved":false,"eventLog":[{"time":1702310466616,"type":"create node","value":0},{"time":1702310491632,"type":"selected","value":1},{"time":1702310492896,"type":"node was deleted","value":-99}],"isTextChangeable":1},{"id":"f37734a1-4187-4e94-b969-2ee1fe5ddc63","value":2,"text":"emotional attachment","comment":"","position":{"x":950,"y":652},"isActive":true,"date":1702310477350,"kind":"Node","isSelected":false,"isConnectorSelected":false,"isDraggable":1,"isDeletable":1,"hasElementMoved":false,"eventLog":[{"time":"1702310477350","type":"create node","value":[0]},{"time":"1702310477716","type":"selected","value":[true]},{"time":"1702310486725","type":"text","value":["Emotionale Bindung"]},{"time":"1702310486725","type":"value","value":[2]},{"time":"1702310486725","type":"selected","value":[false]},{"time":"2023-12-11T16:01:27.162Z","type":"position","value":{"x":[968],"y":[600]}}],"isTextChangeable":1}],"connectors":[{"id":"1851c97c-ca2d-4d00-8652-c0714f8add7b","source":"0dff5a3d-0081-46ad-b843-14d6a3021a13","target":"57731116-8ffd-4557-9800-f1cafe08f7a7","agreement":true,"isActive":true,"date":1702310390812,"kind":"Connector","isSelected":false,"intensity":3,"isDeletable":false,"isOver":false,"isBidirectional":false,"eventLog":[{"time":1702310390812,"type":"create connection"}]},{"id":"8d1c39dd-3df3-4818-8d4f-f9e69b9bafdf","source":"0dff5a3d-0081-46ad-b843-14d6a3021a13","target":"e9ff5a64-82f1-40f0-8ad0-69590a053885","agreement":true,"isActive":true,"date":1702310390812,"kind":"Connector","isSelected":false,"intensity":3,"isDeletable":true,"isOver":false,"isBidirectional":false,"eventLog":[{"time":1702310390812,"type":"create connection"}]},{"id":"272a7b6c-5af5-4396-bcc1-af5fe11d8e8b","source":"e9ff5a64-82f1-40f0-8ad0-69590a053885","target":"076b1dd6-bbb9-4568-bffb-5c3cf49362ba","agreement":true,"isActive":true,"date":1702310390813,"kind":"Connector","isSelected":false,"intensity":6,"isDeletable":true,"isOver":false,"isBidirectional":false,"eventLog":[{"time":1702310390813,"type":"create connection"}]},{"id":"4ae53071-a500-4898-90af-be5cccee010a","source":"57731116-8ffd-4557-9800-f1cafe08f7a7","target":"2f413378-18ec-451b-a186-f75d5fbe46c2","agreement":false,"isActive":true,"date":1702310390813,"kind":"Connector","isSelected":false,"intensity":6,"isDeletable":true,"isOver":false,"isBidirectional":false,"eventLog":[{"time":1702310390813,"type":"create connection"}]},{"id":"4243788a-0568-47f9-848c-1b93e68c02fd","source":"57731116-8ffd-4557-9800-f1cafe08f7a7","target":"ee33a6f5-2640-406d-afff-c3868143d103","agreement":false,"isActive":true,"date":1702310390813,"kind":"Connector","isSelected":false,"intensity":6,"isDeletable":true,"isOver":false,"isBidirectional":false,"eventLog":[{"time":1702310390813,"type":"create connection"}]},{"id":"ba47d978-2e5b-42eb-b37e-b3301b8c9ef7","source":"2f413378-18ec-451b-a186-f75d5fbe46c2","target":"ee33a6f5-2640-406d-afff-c3868143d103","agreement":false,"isActive":true,"date":1702310390813,"kind":"Connector","isSelected":false,"intensity":6,"isDeletable":true,"isOver":false,"isBidirectional":false,"eventLog":[{"time":1702310390813,"type":"create connection"}]},{"id":"f34581f3-d182-4817-be5c-8abacc2c453e","source":"e9ff5a64-82f1-40f0-8ad0-69590a053885","target":"038090e3-6d02-4811-8e4f-38e53cf250dd","agreement":true,"isActive":true,"date":1702310390813,"kind":"Connector","isSelected":false,"intensity":3,"isDeletable":true,"isOver":false,"isBidirectional":false,"eventLog":[{"time":1702310390813,"type":"create connection"}]},{"id":"9a3cba4d-d3de-4085-b761-556119079649","source":"57731116-8ffd-4557-9800-f1cafe08f7a7","target":"0dce5d78-2de4-4fb6-9ac3-40b04e0e8242","agreement":false,"isActive":true,"date":1702310390813,"kind":"Connector","isSelected":false,"intensity":6,"isDeletable":true,"isOver":false,"isBidirectional":false,"eventLog":[{"time":1702310390813,"type":"create connection"}]},{"id":"916a8a78-89d5-4fbe-a209-9b2e5a5069d3","source":"e9ff5a64-82f1-40f0-8ad0-69590a053885","target":"0aa02d7b-0834-4615-848b-a03a01d40eb7","agreement":true,"isActive":true,"date":1702310390813,"kind":"Connector","isSelected":false,"intensity":3,"isDeletable":true,"isOver":false,"isBidirectional":false,"eventLog":[{"time":1702310390813,"type":"create connection"}]},{"id":"bdfddbc5-cc79-4a35-8374-f716da75afec","source":"0aa02d7b-0834-4615-848b-a03a01d40eb7","target":"932062ec-2715-496d-a9a0-f7e078304bfd","agreement":true,"isActive":true,"date":1702310390813,"kind":"Connector","isSelected":false,"intensity":3,"isDeletable":true,"isOver":false,"isBidirectional":false,"eventLog":[{"time":1702310390813,"type":"create connection"}]},{"id":"387e8067-2efe-49c0-9dd0-d2267d76aa6f","source":"0aa02d7b-0834-4615-848b-a03a01d40eb7","target":"4e938236-a588-44ba-b3d2-7d20f85725df","agreement":true,"isActive":true,"date":1702310390813,"kind":"Connector","isSelected":false,"intensity":3,"isDeletable":true,"isOver":false,"isBidirectional":false,"eventLog":[{"time":1702310390813,"type":"create connection"}]},{"id":"b947699e-9e38-42f1-9b05-df3c9d2a9ad1","source":"0aa02d7b-0834-4615-848b-a03a01d40eb7","target":"5bd78768-702a-421a-91a2-eb623e1ebd15","agreement":true,"isActive":true,"date":1702310390813,"kind":"Connector","isSelected":false,"intensity":3,"isDeletable":true,"isOver":false,"isBidirectional":false,"eventLog":[{"time":1702310390813,"type":"create connection"}]},{"id":"fce8c023-4b01-4c79-b6eb-e743d1fb5d9e","source":"a1d142e1-aec0-43f9-920b-30044b85da78","target":"0aa02d7b-0834-4615-848b-a03a01d40eb7","agreement":true,"isActive":true,"date":1702310390813,"kind":"Connector","isSelected":false,"intensity":3,"isDeletable":true,"isOver":false,"isBidirectional":false,"eventLog":[{"time":1702310390813,"type":"create connection"}]},{"id":"fffc787e-f95d-4855-8a67-0fc4429df3cf","source":"0dce5d78-2de4-4fb6-9ac3-40b04e0e8242","target":"24a2e149-2ea3-4606-a42c-6c51c2dadc00","agreement":true,"isActive":true,"date":1702310390814,"kind":"Connector","isSelected":false,"intensity":3,"isDeletable":true,"isOver":false,"isBidirectional":false,"eventLog":[{"time":1702310390814,"type":"create connection"}]},{"id":"f81311a7-c5df-4398-97fe-db6d14b2fc30","source":"2c34a0e1-9a31-49e6-ba40-dc3e13f3a9b1","target":"0dce5d78-2de4-4fb6-9ac3-40b04e0e8242","agreement":true,"isActive":true,"date":1702310390814,"kind":"Connector","isSelected":false,"intensity":3,"isDeletable":true,"isOver":false,"isBidirectional":false,"eventLog":[{"time":1702310390814,"type":"create connection"}]},{"id":"a7a7e90d-f07f-49f9-94e2-4bedb36e7ad6","source":"57731116-8ffd-4557-9800-f1cafe08f7a7","target":"c078d810-1442-49f9-94d3-13b38a6f0244","agreement":false,"isActive":true,"date":1702310390814,"kind":"Connector","isSelected":false,"intensity":6,"isDeletable":true,"isOver":false,"isBidirectional":false,"eventLog":[{"time":1702310390814,"type":"create connection"}]},{"id":"cfaa080a-2993-42c3-a703-a0d6331637dd","source":"076b1dd6-bbb9-4568-bffb-5c3cf49362ba","target":"c903c927-cecb-4de7-8040-6ad9aeefbdbc","agreement":true,"isActive":true,"date":1702310390814,"kind":"Connector","isSelected":false,"intensity":9,"isDeletable":true,"isOver":false,"isBidirectional":false,"eventLog":[{"time":1702310390814,"type":"create connection"}]},{"id":"c4b87cc3-cf67-48c3-9c18-2c0e8a90a11c","source":"076b1dd6-bbb9-4568-bffb-5c3cf49362ba","target":"b0fc7f0a-a208-4530-9fcf-e8079861d9cd","agreement":true,"isActive":true,"date":1702310390814,"kind":"Connector","isSelected":false,"intensity":9,"isDeletable":true,"isOver":false,"isBidirectional":false,"eventLog":[{"time":1702310390814,"type":"create connection"}]},{"id":"90af96f4-4fbf-41eb-a4b9-c07b2f0166c0","source":"038090e3-6d02-4811-8e4f-38e53cf250dd","target":"dd3d11ba-e666-4e68-a5cf-876d84194c51","agreement":true,"isActive":true,"date":1702310408734,"kind":"Connector","isSelected":false,"intensity":3,"isDeletable":true,"isOver":false,"isBidirectional":false,"eventLog":[{"time":1702310408734,"type":"create connection"}]},{"id":"38bb139e-ee8c-4567-9819-843bdc6e5b7c","source":"038090e3-6d02-4811-8e4f-38e53cf250dd","target":"240c2010-37aa-48d4-a92a-1100c7704087","agreement":true,"isActive":true,"date":1702310421283,"kind":"Connector","isSelected":false,"intensity":3,"isDeletable":true,"isOver":false,"isBidirectional":false,"eventLog":[{"time":1702310421283,"type":"create connection"}]},{"id":"0cf921a2-b9dc-4ca0-85ba-9062add81dff","source":"0dce5d78-2de4-4fb6-9ac3-40b04e0e8242","target":"b5358a0c-2b57-4ed6-b804-3ac8240aaf34","agreement":true,"isActive":true,"date":1702310438013,"kind":"Connector","isSelected":false,"intensity":3,"isDeletable":true,"isOver":false,"isBidirectional":false,"eventLog":[{"time":1702310438013,"type":"create connection"}]},{"id":"2483216b-830b-400d-b2d9-04a580825a7e","source":"0dce5d78-2de4-4fb6-9ac3-40b04e0e8242","target":"dff70b70-b326-4d75-9db5-8c6609b1fca8","agreement":true,"isActive":true,"date":1702310450199,"kind":"Connector","isSelected":false,"intensity":3,"isDeletable":true,"isOver":false,"isBidirectional":false,"eventLog":[{"time":1702310450199,"type":"create connection"}]},{"id":"0ff82ab2-8af6-4994-b1c5-e5a3de50cb91","source":"0dce5d78-2de4-4fb6-9ac3-40b04e0e8242","target":"958896fc-e3dc-4614-bddf-be49d5bf8e40","agreement":true,"isActive":true,"date":1702310462725,"kind":"Connector","isSelected":false,"intensity":3,"isDeletable":true,"isOver":false,"isBidirectional":false,"eventLog":[{"time":1702310462725,"type":"create connection"}]},{"id":"f8fb2ffd-8cdf-4710-ae96-fe65c76c6c57","source":"0aa02d7b-0834-4615-848b-a03a01d40eb7","target":"f37734a1-4187-4e94-b969-2ee1fe5ddc63","agreement":true,"isActive":true,"date":1702310489049,"kind":"Connector","isSelected":false,"intensity":3,"isDeletable":true,"isOver":false,"isBidirectional":false,"eventLog":[{"time":1702310489049,"type":"create connection"}]}],"currentID":{},"currentNode":{},"hasSelectedNode":[false],"currentConnector":{},"hasSelectedConnector":[false],"readyToMove":[false],"isIncoming":[false],"hasElementMoved":[false]}
