{"idCAM":["5ce171ad-cd03-4ec2-b49c-ba0c90e6c9f4"],"creator":["5ba00acff337030001de805d_post"],"projectCAM":["S2_CAM part 2"],"defocusCAM":[],"date":[1702379757705],"nodes":[{"id":"dd62b592-05cb-4833-b1ae-cadcaa9a51c8","value":0,"text":"Roboter","comment":"","position":{"x":631,"y":312},"isActive":true,"date":1702379758604,"kind":"Node","isSelected":false,"isConnectorSelected":false,"isDraggable":1,"isDeletable":1,"hasElementMoved":false,"eventLog":[{"time":1702379758604,"type":"create node","value":0}],"isTextChangeable":1},{"id":"626e28d2-a4c8-4ac4-9c84-e9c9966640c4","value":3,"text":"Vorteile","comment":"","position":{"x":385,"y":303},"isActive":true,"date":1702379758604,"kind":"Node","isSelected":false,"isConnectorSelected":false,"isDraggable":1,"isDeletable":1,"hasElementMoved":false,"eventLog":[{"time":1702379758604,"type":"create node","value":3}],"isTextChangeable":1},{"id":"730edff7-2e56-4264-bda6-1554f415e6f3","value":-3,"text":"Nachteile","comment":"","position":{"x":907,"y":315},"isActive":true,"date":1702379758604,"kind":"Node","isSelected":false,"isConnectorSelected":false,"isDraggable":1,"isDeletable":1,"hasElementMoved":false,"eventLog":[{"time":1702379758604,"type":"create node","value":-3}],"isTextChangeable":1},{"id":"4cc518d4-8750-44a6-868f-230241126fbe","value":-3,"text":"KI","comment":"","position":{"x":1018,"y":483},"isActive":true,"date":1702379758604,"kind":"Node","isSelected":false,"isConnectorSelected":false,"isDraggable":1,"isDeletable":1,"hasElementMoved":false,"eventLog":[{"time":1702379758604,"type":"create node","value":-3}],"isTextChangeable":1},{"id":"a01f57c9-8044-4bed-a442-a14b585b57d5","value":-3,"text":"Schlechte Programmierung","comment":"","position":{"x":1089,"y":373},"isActive":true,"date":1702379758604,"kind":"Node","isSelected":false,"isConnectorSelected":false,"isDraggable":1,"isDeletable":1,"hasElementMoved":false,"eventLog":[{"time":1702379758604,"type":"create node","value":-3}],"isTextChangeable":1},{"id":"c92d95b5-cddb-4770-b58a-d1f9e1843aac","value":10,"text":"Übermütig","comment":"","position":{"x":626,"y":453},"isActive":true,"date":1702379758604,"kind":"Node","isSelected":false,"isConnectorSelected":false,"isDraggable":1,"isDeletable":1,"hasElementMoved":false,"eventLog":[{"time":1702379758604,"type":"create node","value":10}],"isTextChangeable":1},{"id":"d450fd1f-a62a-4f7c-b574-23dfe08df52c","value":-3,"text":"Ausnutzen","comment":"","position":{"x":1060,"y":239},"isActive":true,"date":1702379758604,"kind":"Node","isSelected":false,"isConnectorSelected":false,"isDraggable":1,"isDeletable":1,"hasElementMoved":false,"eventLog":[{"time":1702379758604,"type":"create node","value":-3}],"isTextChangeable":1},{"id":"f441c3e9-d189-45f1-bb85-a0f6dae04c4c","value":-3,"text":"Teuer","comment":"","position":{"x":908,"y":167},"isActive":true,"date":1702379758604,"kind":"Node","isSelected":false,"isConnectorSelected":false,"isDraggable":1,"isDeletable":1,"hasElementMoved":false,"eventLog":[{"time":1702379758604,"type":"create node","value":-3}],"isTextChangeable":1},{"id":"b03b96c4-0173-4767-ba29-37e909a302bc","value":3,"text":"Menschlichkeit lernen","comment":"","position":{"x":251,"y":461},"isActive":true,"date":1702379758604,"kind":"Node","isSelected":false,"isConnectorSelected":false,"isDraggable":1,"isDeletable":1,"hasElementMoved":false,"eventLog":[{"time":1702379758604,"type":"create node","value":3}],"isTextChangeable":1},{"id":"7905858f-8a60-4a49-a78e-bca7ba68de70","value":-3,"text":"Menschliche Natur","comment":"","position":{"x":850,"y":473},"isActive":true,"date":1702379758604,"kind":"Node","isSelected":false,"isConnectorSelected":false,"isDraggable":1,"isDeletable":1,"hasElementMoved":false,"eventLog":[{"time":1702379758604,"type":"create node","value":-3}],"isTextChangeable":1},{"id":"c124a77e-ca30-432b-af13-cb545bdb041d","value":3,"text":"Mehr Rettungen","comment":"","position":{"x":405,"y":465},"isActive":true,"date":1702379758604,"kind":"Node","isSelected":false,"isConnectorSelected":false,"isDraggable":1,"isDeletable":1,"hasElementMoved":false,"eventLog":[{"time":1702379758604,"type":"create node","value":3}],"isTextChangeable":1},{"id":"5a1454a8-412c-4bf4-a265-9b4dfad3e579","value":2,"text":"Technischer Fortschritt","comment":"","position":{"x":217,"y":292},"isActive":true,"date":1702379758604,"kind":"Node","isSelected":false,"isConnectorSelected":false,"isDraggable":1,"isDeletable":1,"hasElementMoved":false,"eventLog":[{"time":1702379758604,"type":"create node","value":2}],"isTextChangeable":1},{"id":"6de344f6-2960-4fe5-ac1b-6c4af88879b1","value":2,"text":"Arbeitsentlasung","comment":"","position":{"x":404,"y":169},"isActive":true,"date":1702379758604,"kind":"Node","isSelected":false,"isConnectorSelected":false,"isDraggable":1,"isDeletable":1,"hasElementMoved":false,"eventLog":[{"time":1702379758604,"type":"create node","value":2}],"isTextChangeable":1}],"connectors":[{"id":"10057347-d1ae-4c3f-92fc-5a5f9c65390c","source":"626e28d2-a4c8-4ac4-9c84-e9c9966640c4","target":"dd62b592-05cb-4833-b1ae-cadcaa9a51c8","agreement":true,"isActive":true,"date":1702379758605,"kind":"Connector","isSelected":false,"intensity":3,"isDeletable":true,"isOver":false,"isBidirectional":false,"eventLog":[{"time":1702379758605,"type":"create connection"}]},{"id":"fcfb0d2f-ae93-4d82-a808-35c7a55a98af","source":"dd62b592-05cb-4833-b1ae-cadcaa9a51c8","target":"730edff7-2e56-4264-bda6-1554f415e6f3","agreement":true,"isActive":true,"date":1702379758605,"kind":"Connector","isSelected":false,"intensity":3,"isDeletable":true,"isOver":false,"isBidirectional":false,"eventLog":[{"time":1702379758605,"type":"create connection"}]},{"id":"1b043cae-419d-4aad-9fa6-4ec008df18bf","source":"730edff7-2e56-4264-bda6-1554f415e6f3","target":"4cc518d4-8750-44a6-868f-230241126fbe","agreement":true,"isActive":true,"date":1702379758605,"kind":"Connector","isSelected":false,"intensity":3,"isDeletable":true,"isOver":false,"isBidirectional":false,"eventLog":[{"time":1702379758605,"type":"create connection"}]},{"id":"1fa17c84-3c4a-4dbb-b869-2b6b81805ec7","source":"a01f57c9-8044-4bed-a442-a14b585b57d5","target":"730edff7-2e56-4264-bda6-1554f415e6f3","agreement":true,"isActive":true,"date":1702379758605,"kind":"Connector","isSelected":false,"intensity":3,"isDeletable":true,"isOver":false,"isBidirectional":false,"eventLog":[{"time":1702379758605,"type":"create connection"}]},{"id":"76eeb9d0-434d-46ec-a5e2-31a0f65f4e5c","source":"dd62b592-05cb-4833-b1ae-cadcaa9a51c8","target":"c92d95b5-cddb-4770-b58a-d1f9e1843aac","agreement":true,"isActive":true,"date":1702379758605,"kind":"Connector","isSelected":false,"intensity":3,"isDeletable":true,"isOver":false,"isBidirectional":false,"eventLog":[{"time":1702379758605,"type":"create connection"}]},{"id":"7d727ab5-32f6-49cf-8b8f-33d9ccf67b75","source":"c92d95b5-cddb-4770-b58a-d1f9e1843aac","target":"730edff7-2e56-4264-bda6-1554f415e6f3","agreement":true,"isActive":true,"date":1702379758605,"kind":"Connector","isSelected":false,"intensity":3,"isDeletable":true,"isOver":false,"isBidirectional":false,"eventLog":[{"time":1702379758605,"type":"create connection"}]},{"id":"8cea2c55-7cfb-45e6-b5b7-95ff87171452","source":"626e28d2-a4c8-4ac4-9c84-e9c9966640c4","target":"c92d95b5-cddb-4770-b58a-d1f9e1843aac","agreement":true,"isActive":true,"date":1702379758605,"kind":"Connector","isSelected":false,"intensity":3,"isDeletable":true,"isOver":false,"isBidirectional":false,"eventLog":[{"time":1702379758605,"type":"create connection"}]},{"id":"ed5d6cd2-b73e-45d2-a491-8dc747fa7810","source":"d450fd1f-a62a-4f7c-b574-23dfe08df52c","target":"730edff7-2e56-4264-bda6-1554f415e6f3","agreement":true,"isActive":true,"date":1702379758605,"kind":"Connector","isSelected":false,"intensity":3,"isDeletable":true,"isOver":false,"isBidirectional":false,"eventLog":[{"time":1702379758605,"type":"create connection"}]},{"id":"c00dfd26-1bc9-41b0-a091-f9b289e01d07","source":"f441c3e9-d189-45f1-bb85-a0f6dae04c4c","target":"730edff7-2e56-4264-bda6-1554f415e6f3","agreement":true,"isActive":true,"date":1702379758605,"kind":"Connector","isSelected":false,"intensity":3,"isDeletable":true,"isOver":false,"isBidirectional":false,"eventLog":[{"time":1702379758605,"type":"create connection"}]},{"id":"eeb183fa-b06f-4636-b6b8-4619a2238f7c","source":"b03b96c4-0173-4767-ba29-37e909a302bc","target":"626e28d2-a4c8-4ac4-9c84-e9c9966640c4","agreement":true,"isActive":true,"date":1702379758605,"kind":"Connector","isSelected":false,"intensity":3,"isDeletable":true,"isOver":false,"isBidirectional":false,"eventLog":[{"time":1702379758605,"type":"create connection"}]},{"id":"71479db2-a974-4c90-a2e0-0e6ff39f1765","source":"7905858f-8a60-4a49-a78e-bca7ba68de70","target":"730edff7-2e56-4264-bda6-1554f415e6f3","agreement":true,"isActive":true,"date":1702379758605,"kind":"Connector","isSelected":false,"intensity":3,"isDeletable":true,"isOver":false,"isBidirectional":false,"eventLog":[{"time":1702379758605,"type":"create connection"}]},{"id":"631cf183-48ef-41bd-87fb-23c42da7b76b","source":"626e28d2-a4c8-4ac4-9c84-e9c9966640c4","target":"c124a77e-ca30-432b-af13-cb545bdb041d","agreement":true,"isActive":true,"date":1702379758605,"kind":"Connector","isSelected":false,"intensity":3,"isDeletable":true,"isOver":false,"isBidirectional":false,"eventLog":[{"time":1702379758605,"type":"create connection"}]},{"id":"4841602e-0940-4984-89c7-667cc56e5e2d","source":"626e28d2-a4c8-4ac4-9c84-e9c9966640c4","target":"5a1454a8-412c-4bf4-a265-9b4dfad3e579","agreement":true,"isActive":true,"date":1702379758605,"kind":"Connector","isSelected":false,"intensity":3,"isDeletable":true,"isOver":false,"isBidirectional":false,"eventLog":[{"time":1702379758605,"type":"create connection"}]},{"id":"fb80e65f-ff97-46e6-929d-e3628129204f","source":"6de344f6-2960-4fe5-ac1b-6c4af88879b1","target":"626e28d2-a4c8-4ac4-9c84-e9c9966640c4","agreement":true,"isActive":true,"date":1702379758605,"kind":"Connector","isSelected":false,"intensity":3,"isDeletable":true,"isOver":false,"isBidirectional":false,"eventLog":[{"time":1702379758605,"type":"create connection"}]}],"currentID":{},"currentNode":{},"hasSelectedNode":[false],"currentConnector":{},"hasSelectedConnector":[false],"readyToMove":[false],"isIncoming":[false]}
