{"idCAM":["96ced3a1-c238-42a7-a384-972ecb827ef7"],"creator":["5bbbdca68f3bd70001e713ef_pre"],"projectCAM":["S2_CAM part 1"],"defocusCAM":[],"date":[1702290143321],"nodes":[{"id":"0d09a94f-9692-416b-96ed-597bbaec0742","value":0,"text":"social assistance robot","comment":"","position":{"x":650,"y":400},"isActive":true,"date":1702290144112,"kind":"Node","isSelected":false,"isConnectorSelected":false,"isDraggable":0,"isDeletable":0,"hasElementMoved":false,"eventLog":[{"time":1702290144112,"type":"create node","value":0}],"isTextChangeable":0},{"id":"00314c35-219c-48bf-9a41-1777a0e5925e","value":-2,"text":"disadvantages","comment":"","position":{"x":450,"y":400},"isActive":true,"date":1702290144112,"kind":"Node","isSelected":false,"isConnectorSelected":false,"isDraggable":0,"isDeletable":0,"hasElementMoved":false,"eventLog":[{"time":1702290144112,"type":"create node","value":0},{"time":1702290566483,"type":"selected","value":1},{"time":1702290570679,"type":"value","value":-2},{"time":1702290570679,"type":"selected","value":0}],"isTextChangeable":0},{"id":"5317f645-ed9a-4a1f-aaee-c7182f842f24","value":2,"text":"advantages","comment":"","position":{"x":850,"y":400},"isActive":true,"date":1702290144112,"kind":"Node","isSelected":false,"isConnectorSelected":false,"isDraggable":0,"isDeletable":0,"hasElementMoved":false,"eventLog":[{"time":1702290144112,"type":"create node","value":0},{"time":1702290562046,"type":"selected","value":1},{"time":1702290565614,"type":"value","value":2},{"time":1702290565614,"type":"selected","value":0}],"isTextChangeable":0},{"id":"6b7f590b-54c1-4e90-94df-69f88d5e5429","value":2,"text":"integration of people","comment":"","position":{"x":862,"y":259},"isActive":true,"date":1702290166210,"kind":"Node","isSelected":false,"isConnectorSelected":false,"isDraggable":1,"isDeletable":1,"hasElementMoved":false,"eventLog":[{"time":1702290166210,"type":"create node","value":"0"},{"time":1702290168875,"type":"selected","value":"TRUE"},{"time":1702290185046,"type":"text","value":"Integration von Menschen"},{"time":1702290185046,"type":"value","value":"2"},{"time":1702290185046,"type":"selected","value":"FALSE"}],"isTextChangeable":1},{"id":"ff807f10-08b8-44e6-9900-aab1171e1c1a","value":1,"text":"more precise teaching","comment":"+ therapy","position":{"x":1068,"y":407},"isActive":true,"date":1702290186117,"kind":"Node","isSelected":false,"isConnectorSelected":false,"isDraggable":1,"isDeletable":1,"hasElementMoved":false,"eventLog":[{"time":"1702290186117","type":"create node","value":[0]},{"time":"2023-12-11T10:23:07.210Z","type":"position","value":{"x":[911],"y":[287]}},{"time":"2023-12-11T10:23:07.475Z","type":"position","value":{"x":[1062],"y":[341]}},{"time":"1702290189159","type":"selected","value":[true]},{"time":"1702290209845","type":"text","value":["passgenauerer Unterricht"]},{"time":"1702290209845","type":"value","value":[1]},{"time":"1702290209845","type":"selected","value":[false]},{"time":"1702291031922","type":"selected","value":[true]},{"time":"1702291038069","type":"comment","value":["+ Therapie"]},{"time":"1702291038069","type":"selected","value":[false]}],"isTextChangeable":1},{"id":"1d60c688-8c35-4e86-adc2-2905254164a1","value":1,"text":"discharge from the health insurance","comment":"","position":{"x":959,"y":599},"isActive":true,"date":1702290212371,"kind":"Node","isSelected":false,"isConnectorSelected":false,"isDraggable":1,"isDeletable":1,"hasElementMoved":false,"eventLog":[{"time":1702290212371,"type":"create node","value":"0"},{"time":1702290213382,"type":"selected","value":"TRUE"},{"time":1702290225730,"type":"text","value":"Entlassung der Krankenkasse"},{"time":1702290225730,"type":"value","value":"1"},{"time":1702290225730,"type":"selected","value":"FALSE"}],"isTextChangeable":1},{"id":"bc9ef486-65ca-48d0-927f-38864c185803","value":10,"text":"liability issues","comment":"Who is liable for damage?","position":{"x":638,"y":252},"isActive":true,"date":1702290229796,"kind":"Node","isSelected":false,"isConnectorSelected":false,"isDraggable":1,"isDeletable":1,"hasElementMoved":false,"eventLog":[{"time":"1702290229796","type":"create node","value":[0]},{"time":"1702290231460","type":"selected","value":[true]},{"time":"1702290254391","type":"text","value":["Haftungsfragen"]},{"time":"1702290254391","type":"value","value":[10]},{"time":"1702290254391","type":"comment","value":["Wer haftet bei Schaden?"]},{"time":"1702290254391","type":"selected","value":[false]},{"time":"2023-12-11T10:24:15.728Z","type":"position","value":{"x":[254],"y":[176]}},{"time":"2023-12-11T10:28:37.438Z","type":"position","value":{"x":[242],"y":[309]}},{"time":"2023-12-11T10:28:38.599Z","type":"position","value":{"x":[398],"y":[438]}},{"time":"2023-12-11T10:28:38.833Z","type":"position","value":{"x":[559],"y":[322]}}],"isTextChangeable":1},{"id":"a17e81d3-6a9e-4000-972f-31ef3e2feaf8","value":10,"text":"justice at affordability","comment":"Do we have an injustice regarding who gets access","position":{"x":496,"y":557},"isActive":true,"date":1702290258382,"kind":"Node","isSelected":false,"isConnectorSelected":false,"isDraggable":1,"isDeletable":1,"hasElementMoved":false,"eventLog":[{"time":1702290258382,"type":"create node","value":"0"},{"time":1702290260259,"type":"selected","value":"TRUE"},{"time":1702290314115,"type":"text","value":"Gerechtigkeit bei Leistbarkeit"},{"time":1702290314115,"type":"value","value":"10"},{"time":1702290314115,"type":"comment","value":"Haben wir eine Ungerechtigkeit hinsichtlich, wer erhält Zugang"},{"time":1702290314115,"type":"selected","value":"FALSE"}],"isTextChangeable":1},{"id":"3ad0c005-1dd8-4431-a812-8c96839daaa0","value":-1,"text":"high learning effort","comment":"","position":{"x":462,"y":243},"isActive":true,"date":1702290315285,"kind":"Node","isSelected":false,"isConnectorSelected":false,"isDraggable":1,"isDeletable":1,"hasElementMoved":false,"eventLog":[{"time":"1702290315285","type":"create node","value":[0]},{"time":"1702290316691","type":"selected","value":[true]},{"time":"1702290328352","type":"text","value":["hoher Lernaufwand"]},{"time":"1702290328352","type":"value","value":[-1]},{"time":"1702290328352","type":"selected","value":[false]},{"time":"2023-12-11T10:25:30.311Z","type":"position","value":{"x":[480],"y":[193]}}],"isTextChangeable":1},{"id":"854ffe0c-e8b3-473b-bdaa-77c9a05a115c","value":10,"text":"legal regulations","comment":"","position":{"x":368,"y":631},"isActive":true,"date":1702290336146,"kind":"Node","isSelected":false,"isConnectorSelected":false,"isDraggable":1,"isDeletable":1,"hasElementMoved":false,"eventLog":[{"time":"1702290336146","type":"create node","value":[0]},{"time":"1702290337675","type":"selected","value":[true]},{"time":"1702290352273","type":"selected","value":[false]},{"time":"2023-12-11T10:25:54.676Z","type":"position","value":{"x":[1095],"y":[266]}},{"time":"2023-12-11T10:25:54.957Z","type":"position","value":{"x":[931],"y":[409]}},{"time":"2023-12-11T10:25:54.974Z","type":"position","value":{"x":[908],"y":[423]}},{"time":"2023-12-11T10:25:55.109Z","type":"position","value":{"x":[777],"y":[529]}},{"time":"2023-12-11T10:25:55.224Z","type":"position","value":{"x":[704],"y":[575]}},{"time":"2023-12-11T10:25:55.291Z","type":"position","value":{"x":[598],"y":[587]}},{"time":"2023-12-11T10:25:55.324Z","type":"position","value":{"x":[425],"y":[565]}},{"time":"2023-12-11T10:25:55.373Z","type":"position","value":{"x":[262],"y":[524]}},{"time":"1702290357051","type":"selected","value":[true]},{"time":"1702290361374","type":"selected","value":[false]},{"time":"2023-12-11T10:29:56.244Z","type":"position","value":{"x":[241],"y":[542]}},{"time":"1702290600292","type":"selected","value":[true]},{"time":"1702290611104","type":"text","value":["Gesetzliche Regelungen"]},{"time":"1702290611104","type":"selected","value":[false]},{"time":"1702290613040","type":"selected","value":[true]},{"time":"1702290615860","type":"value","value":[10]},{"time":"1702290615860","type":"selected","value":[false]},{"time":"2023-12-11T10:30:16.346Z","type":"position","value":{"x":[386],"y":[606]}},{"time":"2023-12-11T10:30:17.989Z","type":"position","value":{"x":[321],"y":[630]}}],"isTextChangeable":1},{"id":"a15b6f4d-af5e-4d78-881f-78aeb0d8c787","value":2,"text":"integration autism affected","comment":"","position":{"x":929,"y":147},"isActive":true,"date":1702290407338,"kind":"Node","isSelected":false,"isConnectorSelected":false,"isDraggable":1,"isDeletable":1,"hasElementMoved":false,"eventLog":[{"time":"1702290407338","type":"create node","value":[0]},{"time":"1702290407448","type":"selected","value":[true]},{"time":"1702290436732","type":"text","value":["Autismus Betroffene"]},{"time":"1702290436732","type":"value","value":[2]},{"time":"1702290436732","type":"selected","value":[false]},{"time":"2023-12-11T10:27:17.441Z","type":"position","value":{"x":[869],"y":[109]}},{"time":"1702290647019","type":"selected","value":[true]},{"time":"1702290653497","type":"text","value":["Integration Autismus Betroffene"]},{"time":"1702290653497","type":"selected","value":[false]}],"isTextChangeable":1},{"id":"a75fd692-8a10-4520-8a4b-b52aa7841c77","value":1,"text":"linguistic barriers are eliminated","comment":"","position":{"x":988,"y":243},"isActive":true,"date":1702290439980,"kind":"Node","isSelected":false,"isConnectorSelected":false,"isDraggable":1,"isDeletable":1,"hasElementMoved":false,"eventLog":[{"time":1702290439980,"type":"create node","value":"0"},{"time":1702290440763,"type":"selected","value":"TRUE"},{"time":1702290460394,"type":"text","value":"Sprachliche Barrieren entfallen"},{"time":1702290460394,"type":"value","value":"1"},{"time":1702290460394,"type":"selected","value":"FALSE"},{"time":1702290654571,"type":"selected","value":"TRUE"},{"time":1702290656823,"type":"selected","value":"FALSE"}],"isTextChangeable":1},{"id":"4ce4547c-7ed7-44b7-a9c0-427937db7ab4","value":1,"text":"simpler update possibility","comment":"","position":{"x":806,"y":537},"isActive":true,"date":1702290461628,"kind":"Node","isSelected":false,"isConnectorSelected":false,"isDraggable":1,"isDeletable":1,"hasElementMoved":false,"eventLog":[{"time":1702290461628,"type":"create node","value":"0"},{"time":1702290465085,"type":"selected","value":"TRUE"},{"time":1702290474110,"type":"text","value":"Einfachere Update-Möglichkeit"},{"time":1702290474110,"type":"selected","value":"FALSE"},{"time":1702290486923,"type":"selected","value":"TRUE"},{"time":1702290491256,"type":"value","value":"1"},{"time":1702290491256,"type":"selected","value":"FALSE"}],"isTextChangeable":1},{"id":"7a72050f-7366-421f-bc9a-98a806eac0ba","value":-2,"text":"problems with older people","comment":"","position":{"x":432,"y":83},"isActive":true,"date":1702290494940,"kind":"Node","isSelected":false,"isConnectorSelected":false,"isDraggable":1,"isDeletable":1,"hasElementMoved":false,"eventLog":[{"time":1702290494940,"type":"create node","value":"0"},{"time":1702290496337,"type":"selected","value":"TRUE"},{"time":1702290507359,"type":"text","value":"Probleme bei Älteren"},{"time":1702290507359,"type":"value","value":"-2"},{"time":1702290507359,"type":"selected","value":"FALSE"}],"isTextChangeable":1},{"id":"6804977d-7cfb-411a-83a6-1f4ea09ec951","value":10,"text":"legal requirements","comment":"new laws and regulations must be created","position":{"x":629,"y":117},"isActive":true,"date":1702290524067,"kind":"Node","isSelected":false,"isConnectorSelected":false,"isDraggable":1,"isDeletable":1,"hasElementMoved":false,"eventLog":[{"time":1702290524067,"type":"create node","value":"0"},{"time":1702290527261,"type":"selected","value":"TRUE"},{"time":1702290541774,"type":"text","value":"Rechtliche Vorgaben"},{"time":1702290541774,"type":"comment","value":"neue Gesetze und Verordnungen müssen erstellt werden"},{"time":1702290541774,"type":"selected","value":"FALSE"},{"time":1702290543973,"type":"selected","value":"TRUE"},{"time":1702290544728,"type":"selected","value":"FALSE"},{"time":1702290555309,"type":"selected","value":"TRUE"},{"time":1702290559447,"type":"value","value":"10"},{"time":1702290559447,"type":"selected","value":"FALSE"}],"isTextChangeable":1},{"id":"1b0c6eda-2f60-488e-aaae-bfa930746ca4","value":1,"text":"financing models","comment":"","position":{"x":582,"y":635},"isActive":true,"date":1702290576291,"kind":"Node","isSelected":false,"isConnectorSelected":false,"isDraggable":1,"isDeletable":1,"hasElementMoved":false,"eventLog":[{"time":1702290576291,"type":"create node","value":"0"},{"time":1702290579077,"type":"selected","value":"TRUE"},{"time":1702290587117,"type":"text","value":"Finanzierungsmodelle"},{"time":1702290587117,"type":"value","value":"1"},{"time":1702290587117,"type":"selected","value":"FALSE"}],"isTextChangeable":1},{"id":"5a98f80e-32f8-43ed-9616-ed9e0fe8fef0","value":2,"text":"enabling individual learning pace","comment":"","position":{"x":1220,"y":391},"isActive":true,"date":1702290663865,"kind":"Node","isSelected":false,"isConnectorSelected":false,"isDraggable":1,"isDeletable":1,"hasElementMoved":false,"eventLog":[{"time":"1702290663865","type":"create node","value":[0]},{"time":"1702290668001","type":"selected","value":[true]},{"time":"1702290683080","type":"text","value":["Ermöglichung individuellem Lerntempos"]},{"time":"1702290683080","type":"value","value":[2]},{"time":"1702290683080","type":"selected","value":[false]},{"time":"2023-12-11T10:31:25.272Z","type":"position","value":{"x":[1181],"y":[377]}}],"isTextChangeable":1},{"id":"5f96b1cb-8f05-4d54-b861-adbcd9164c71","value":1,"text":"exact task repetition","comment":"","position":{"x":1107,"y":550},"isActive":true,"date":1702290686247,"kind":"Node","isSelected":false,"isConnectorSelected":false,"isDraggable":1,"isDeletable":1,"hasElementMoved":false,"eventLog":[{"time":1702290686247,"type":"create node","value":"0"},{"time":1702290687233,"type":"selected","value":"TRUE"},{"time":1702290702406,"type":"text","value":"Passgenaue Aufgabenwiederholung"},{"time":1702290702406,"type":"value","value":"1"},{"time":1702290702406,"type":"selected","value":"FALSE"}],"isTextChangeable":1},{"id":"9d6b8595-c335-428c-9d46-2c43c42a2cf1","value":1,"text":"money for others","comment":"Money can be used for other purposes","position":{"x":1067,"y":676},"isActive":true,"date":1702290717969,"kind":"Node","isSelected":false,"isConnectorSelected":false,"isDraggable":1,"isDeletable":1,"hasElementMoved":false,"eventLog":[{"time":1702290717969,"type":"create node","value":"0"},{"time":1702290720603,"type":"selected","value":"TRUE"},{"time":1702290742340,"type":"text","value":"Geld f. Anderes"},{"time":1702290742340,"type":"value","value":"1"},{"time":1702290742340,"type":"comment","value":"Geld kann für andere Zwecke eingesetzt werden"},{"time":1702290742340,"type":"selected","value":"FALSE"}],"isTextChangeable":1},{"id":"58c38e6e-7f9b-4f3f-8eb0-1facfdfeaa9e","value":1,"text":"no outdated knowledge","comment":"","position":{"x":756,"y":615},"isActive":true,"date":1702290755956,"kind":"Node","isSelected":false,"isConnectorSelected":false,"isDraggable":1,"isDeletable":1,"hasElementMoved":false,"eventLog":[{"time":1702290755956,"type":"create node","value":"0"},{"time":1702290756045,"type":"selected","value":"TRUE"},{"time":1702290777593,"type":"text","value":"Kein veraltetes Wissen"},{"time":1702290777593,"type":"selected","value":"FALSE"},{"time":1702290779772,"type":"selected","value":"TRUE"},{"time":1702290781968,"type":"value","value":"1"},{"time":1702290781968,"type":"selected","value":"FALSE"}],"isTextChangeable":1},{"id":"d20c934f-1763-4d5a-bd32-e75ea2542e5c","value":2,"text":"doctor-fearful persons","comment":"People who normally never go to the doctor are integrated","position":{"x":987,"y":340},"isActive":true,"date":1702290800561,"kind":"Node","isSelected":false,"isConnectorSelected":false,"isDraggable":1,"isDeletable":1,"hasElementMoved":false,"eventLog":[{"time":"1702290800561","type":"create node","value":[0]},{"time":"2023-12-11T10:33:21.758Z","type":"position","value":{"x":[1153],"y":[167]}},{"time":"1702290802831","type":"selected","value":[true]},{"time":"1702290832521","type":"text","value":["Arzt-Ängstliche Personen"]},{"time":"1702290832521","type":"value","value":[2]},{"time":"1702290832521","type":"comment","value":["Personen, die normal nie zum Arzt gehen werden integriert"]},{"time":"1702290832521","type":"selected","value":[false]},{"time":"2023-12-11T10:33:53.153Z","type":"position","value":{"x":[1127],"y":[252]}}],"isTextChangeable":1},{"id":"bd8ea353-3e0f-4520-aedc-140776800fbb","value":3,"text":"work relief for many","comment":"","position":{"x":755,"y":310},"isActive":true,"date":1702290851800,"kind":"Node","isSelected":false,"isConnectorSelected":false,"isDraggable":1,"isDeletable":1,"hasElementMoved":false,"eventLog":[{"time":"1702290851800","type":"create node","value":[0]},{"time":"1702290852920","type":"selected","value":[true]},{"time":"1702290886972","type":"text","value":["Arbeitserleichterung für viele"]},{"time":"1702290886972","type":"value","value":[3]},{"time":"1702290886972","type":"selected","value":[false]},{"time":"2023-12-11T10:34:48.339Z","type":"position","value":{"x":[742],"y":[113]}},{"time":"2023-12-11T10:34:48.804Z","type":"position","value":{"x":[750],"y":[275]}}],"isTextChangeable":1},{"id":"ce496222-b063-4c8d-a0d1-2446084c1afa","value":-1,"text":"shifted perception","comment":"more inhuman treatment of others, different treatment of other human beings","position":{"x":294,"y":360},"isActive":true,"date":1702290902930,"kind":"Node","isSelected":false,"isConnectorSelected":false,"isDraggable":1,"isDeletable":1,"hasElementMoved":false,"eventLog":[{"time":1702290902930,"type":"create node","value":"0"},{"time":1702290903648,"type":"selected","value":"TRUE"},{"time":1702290933156,"type":"text","value":"Verschobene Wahrnehmung"},{"time":1702290933156,"type":"value","value":"-1"},{"time":1702290933156,"type":"comment","value":"unmenschlicherer Umgang mit anderen, anderer Umgang mit anderen menschlichen Wesen"},{"time":1702290933156,"type":"selected","value":"FALSE"}],"isTextChangeable":1},{"id":"a3391243-882b-4251-ad4d-adec9361e724","value":0,"text":"Soz","comment":"","position":{"x":678,"y":469},"isActive":false,"date":1702290954895,"kind":"Node","isSelected":false,"isConnectorSelected":false,"isDraggable":1,"isDeletable":1,"hasElementMoved":false,"eventLog":[{"time":1702290954895,"type":"create node","value":"0"},{"time":1702290954961,"type":"selected","value":"TRUE"},{"time":1702290964725,"type":"text","value":"Soz"},{"time":1702290964725,"type":"selected","value":"FALSE"},{"time":1702290967393,"type":"selected","value":"TRUE"},{"time":1702290969194,"type":"node was deleted","value":"-99"}],"isTextChangeable":1},{"id":"4b90cbc6-f7a1-4c04-8e98-7962ec85e136","value":2,"text":"socially isolated people","comment":"","position":{"x":780,"y":149},"isActive":true,"date":1702290971496,"kind":"Node","isSelected":false,"isConnectorSelected":false,"isDraggable":1,"isDeletable":1,"hasElementMoved":false,"eventLog":[{"time":"1702290971496","type":"create node","value":[0]},{"time":"1702290974236","type":"selected","value":[true]},{"time":"1702290981312","type":"text","value":["Sozial isolierte Menschen"]},{"time":"1702290981312","type":"value","value":[2]},{"time":"1702290981312","type":"selected","value":[false]},{"time":"2023-12-11T10:36:22.097Z","type":"position","value":{"x":[734],"y":[147]}}],"isTextChangeable":1},{"id":"b7269f56-3413-4dba-8462-b443a82b37b1","value":2,"text":"location independence","comment":"","position":{"x":1128,"y":262},"isActive":true,"date":1702291001466,"kind":"Node","isSelected":false,"isConnectorSelected":false,"isDraggable":1,"isDeletable":1,"hasElementMoved":false,"eventLog":[{"time":1702291001466,"type":"create node","value":"0"},{"time":1702291002090,"type":"selected","value":"TRUE"},{"time":1702291012556,"type":"text","value":"Ortsunabhängigkeit"},{"time":1702291012556,"type":"value","value":"2"},{"time":1702291012556,"type":"selected","value":"FALSE"}],"isTextChangeable":1},{"id":"1946dcd8-f776-485d-b9c5-c8f908c6c1ec","value":1,"text":"time independence","comment":"","position":{"x":976,"y":478},"isActive":true,"date":1702291017276,"kind":"Node","isSelected":false,"isConnectorSelected":false,"isDraggable":1,"isDeletable":1,"hasElementMoved":false,"eventLog":[{"time":1702291017276,"type":"create node","value":"0"},{"time":1702291018047,"type":"selected","value":"TRUE"},{"time":1702291026254,"type":"text","value":"Zeitunabhängigkeit"},{"time":1702291026254,"type":"value","value":"1"},{"time":1702291026254,"type":"selected","value":"FALSE"}],"isTextChangeable":1}],"connectors":[{"id":"9b5b10b8-25b4-4c3b-a5e2-aa39df93c684","source":"0d09a94f-9692-416b-96ed-597bbaec0742","target":"00314c35-219c-48bf-9a41-1777a0e5925e","agreement":true,"isActive":true,"date":1702290144112,"kind":"Connector","isSelected":false,"intensity":3,"isDeletable":false,"isOver":false,"isBidirectional":false,"eventLog":[{"time":1702290144112,"type":"create connection"}]},{"id":"37688e44-2977-43ad-bce0-ed3f56ca4f06","source":"0d09a94f-9692-416b-96ed-597bbaec0742","target":"5317f645-ed9a-4a1f-aaee-c7182f842f24","agreement":true,"isActive":true,"date":1702290144113,"kind":"Connector","isSelected":false,"intensity":3,"isDeletable":true,"isOver":false,"isBidirectional":false,"eventLog":[{"time":1702290144113,"type":"create connection"}]},{"id":"f5172d4a-f389-49f5-ac63-d9fdd1243bbb","source":"3ad0c005-1dd8-4431-a812-8c96839daaa0","target":"00314c35-219c-48bf-9a41-1777a0e5925e","agreement":true,"isActive":true,"date":1702290364699,"kind":"Connector","isSelected":false,"intensity":3,"isDeletable":true,"isOver":false,"isBidirectional":false,"eventLog":[{"time":1702290364699,"type":"create connection"}]},{"id":"c4ec5ce7-de04-471a-b415-10bd5b217071","source":"5317f645-ed9a-4a1f-aaee-c7182f842f24","target":"6b7f590b-54c1-4e90-94df-69f88d5e5429","agreement":true,"isActive":true,"date":1702290375040,"kind":"Connector","isSelected":false,"intensity":6,"isDeletable":true,"isOver":false,"isBidirectional":false,"eventLog":[{"time":1702290375040,"type":"create connection"},{"time":1702290395831,"type":"selected","value":1},{"time":1702290399928,"type":"change intensity of connector","value":6},{"time":1702290399929,"type":"selected","value":0}]},{"id":"74be5fac-41e5-4d2a-89f2-49e669e7bd98","source":"5317f645-ed9a-4a1f-aaee-c7182f842f24","target":"ff807f10-08b8-44e6-9900-aab1171e1c1a","agreement":true,"isActive":true,"date":1702290376955,"kind":"Connector","isSelected":false,"intensity":6,"isDeletable":true,"isOver":false,"isBidirectional":false,"eventLog":[{"time":1702290376955,"type":"create connection"},{"time":1702290380272,"type":"selected","value":1},{"time":1702290386054,"type":"change intensity of connector","value":6},{"time":1702290386054,"type":"selected","value":0}]},{"id":"6e79960c-ad3d-4d09-ad16-5f105db6a407","source":"5317f645-ed9a-4a1f-aaee-c7182f842f24","target":"1d60c688-8c35-4e86-adc2-2905254164a1","agreement":true,"isActive":true,"date":1702290378563,"kind":"Connector","isSelected":false,"intensity":3,"isDeletable":true,"isOver":false,"isBidirectional":false,"eventLog":[{"time":1702290378563,"type":"create connection"},{"time":1702290388111,"type":"selected","value":1},{"time":1702290393319,"type":"change intensity of connector","value":3},{"time":1702290393319,"type":"selected","value":0}]},{"id":"69ce9aec-368c-4d00-8ba9-e144b416dc9c","source":"5317f645-ed9a-4a1f-aaee-c7182f842f24","target":"4ce4547c-7ed7-44b7-a9c0-427937db7ab4","agreement":true,"isActive":true,"date":1702290475730,"kind":"Connector","isSelected":false,"intensity":6,"isDeletable":true,"isOver":false,"isBidirectional":false,"eventLog":[{"time":1702290475730,"type":"create connection"},{"time":1702290477826,"type":"selected","value":1},{"time":1702290483270,"type":"change intensity of connector","value":6},{"time":1702290483270,"type":"selected","value":0}]},{"id":"ac74838b-9321-4170-8bf6-ff2e4eb44abc","source":"7a72050f-7366-421f-bc9a-98a806eac0ba","target":"3ad0c005-1dd8-4431-a812-8c96839daaa0","agreement":false,"isActive":true,"date":1702290509013,"kind":"Connector","isSelected":false,"intensity":6,"isDeletable":true,"isOver":false,"isBidirectional":false,"eventLog":[{"time":1702290509013,"type":"create connection"},{"time":1702290511132,"type":"selected","value":1},{"time":1702290513762,"type":"change intensity of connector","value":-6},{"time":1702290513762,"type":"selected","value":0}]},{"id":"4456f21e-5d9a-4677-90a7-b1f8e82669b2","source":"bc9ef486-65ca-48d0-927f-38864c185803","target":"00314c35-219c-48bf-9a41-1777a0e5925e","agreement":true,"isActive":true,"date":1702290521419,"kind":"Connector","isSelected":false,"intensity":3,"isDeletable":true,"isOver":false,"isBidirectional":false,"eventLog":[{"time":1702290521419,"type":"create connection"}]},{"id":"7f5adb42-c376-49fb-a7e0-c5d4224578d2","source":"6804977d-7cfb-411a-83a6-1f4ea09ec951","target":"bc9ef486-65ca-48d0-927f-38864c185803","agreement":false,"isActive":true,"date":1702290545939,"kind":"Connector","isSelected":false,"intensity":3,"isDeletable":true,"isOver":false,"isBidirectional":false,"eventLog":[{"time":1702290545939,"type":"create connection"},{"time":1702290547719,"type":"selected","value":1},{"time":1702290554599,"type":"change intensity of connector","value":-3},{"time":1702290554599,"type":"selected","value":0}]},{"id":"347f3140-9687-4455-a06a-43c54b65b215","source":"a17e81d3-6a9e-4000-972f-31ef3e2feaf8","target":"00314c35-219c-48bf-9a41-1777a0e5925e","agreement":true,"isActive":true,"date":1702290575201,"kind":"Connector","isSelected":false,"intensity":3,"isDeletable":true,"isOver":false,"isBidirectional":false,"eventLog":[{"time":1702290575201,"type":"create connection"}]},{"id":"0d5714b3-f7f8-4f46-b413-c50426f3361d","source":"1b0c6eda-2f60-488e-aaae-bfa930746ca4","target":"a17e81d3-6a9e-4000-972f-31ef3e2feaf8","agreement":true,"isActive":true,"date":1702290588387,"kind":"Connector","isSelected":false,"intensity":6,"isDeletable":true,"isOver":false,"isBidirectional":false,"eventLog":[{"time":1702290588387,"type":"create connection"},{"time":1702290590470,"type":"selected","value":1},{"time":1702290592797,"type":"change intensity of connector","value":6},{"time":1702290592797,"type":"selected","value":0}]},{"id":"e3b86666-e75f-4005-81f2-e13d5d3783c9","source":"a17e81d3-6a9e-4000-972f-31ef3e2feaf8","target":"854ffe0c-e8b3-473b-bdaa-77c9a05a115c","agreement":true,"isActive":true,"date":1702290620814,"kind":"Connector","isSelected":false,"intensity":6,"isDeletable":true,"isOver":false,"isBidirectional":false,"eventLog":[{"time":1702290620814,"type":"create connection"},{"time":1702290622412,"type":"selected","value":1},{"time":1702290622829,"type":"change intensity of connector","value":3},{"time":1702290622829,"type":"selected","value":0},{"time":1702290624232,"type":"selected","value":1},{"time":1702290628191,"type":"change intensity of connector","value":6},{"time":1702290628191,"type":"selected","value":0}]},{"id":"ae75fa64-93f5-4e73-ba2d-05576ece61e4","source":"a15b6f4d-af5e-4d78-881f-78aeb0d8c787","target":"6b7f590b-54c1-4e90-94df-69f88d5e5429","agreement":true,"isActive":true,"date":1702290634605,"kind":"Connector","isSelected":false,"intensity":3,"isDeletable":true,"isOver":false,"isBidirectional":false,"eventLog":[{"time":1702290634605,"type":"create connection"},{"time":1702290636744,"type":"selected","value":1},{"time":1702290646934,"type":"change intensity of connector","value":3},{"time":1702290646934,"type":"selected","value":0}]},{"id":"07da5db1-31f0-4960-8559-76146db7f943","source":"a75fd692-8a10-4520-8a4b-b52aa7841c77","target":"6b7f590b-54c1-4e90-94df-69f88d5e5429","agreement":true,"isActive":true,"date":1702290635857,"kind":"Connector","isSelected":false,"intensity":3,"isDeletable":true,"isOver":false,"isBidirectional":false,"eventLog":[{"time":1702290635857,"type":"create connection"}]},{"id":"f0aecaa4-3012-4e7b-b221-34cf6121f523","source":"5a98f80e-32f8-43ed-9616-ed9e0fe8fef0","target":"ff807f10-08b8-44e6-9900-aab1171e1c1a","agreement":true,"isActive":true,"date":1702290683993,"kind":"Connector","isSelected":false,"intensity":3,"isDeletable":true,"isOver":false,"isBidirectional":false,"eventLog":[{"time":1702290683993,"type":"create connection"}]},{"id":"f21963a4-fc64-43a4-b145-d09ad73591ec","source":"5f96b1cb-8f05-4d54-b861-adbcd9164c71","target":"ff807f10-08b8-44e6-9900-aab1171e1c1a","agreement":true,"isActive":true,"date":1702290704913,"kind":"Connector","isSelected":false,"intensity":3,"isDeletable":true,"isOver":false,"isBidirectional":false,"eventLog":[{"time":1702290704913,"type":"create connection"}]},{"id":"d2fb3686-ed4a-404e-9396-4b563bb08eea","source":"9d6b8595-c335-428c-9d46-2c43c42a2cf1","target":"1d60c688-8c35-4e86-adc2-2905254164a1","agreement":true,"isActive":true,"date":1702290744075,"kind":"Connector","isSelected":false,"intensity":3,"isDeletable":true,"isOver":false,"isBidirectional":false,"eventLog":[{"time":1702290744075,"type":"create connection"},{"time":1702290746120,"type":"selected","value":1},{"time":1702290750321,"type":"change intensity of connector","value":3},{"time":1702290750321,"type":"selected","value":0}]},{"id":"87b6eab6-d204-47e3-a190-3923a503a19e","source":"58c38e6e-7f9b-4f3f-8eb0-1facfdfeaa9e","target":"4ce4547c-7ed7-44b7-a9c0-427937db7ab4","agreement":true,"isActive":true,"date":1702290782905,"kind":"Connector","isSelected":false,"intensity":3,"isDeletable":true,"isOver":false,"isBidirectional":false,"eventLog":[{"time":1702290782905,"type":"create connection"}]},{"id":"96ddeed8-0105-408d-9962-4cb5a5450739","source":"d20c934f-1763-4d5a-bd32-e75ea2542e5c","target":"6b7f590b-54c1-4e90-94df-69f88d5e5429","agreement":true,"isActive":true,"date":1702290834739,"kind":"Connector","isSelected":false,"intensity":3,"isDeletable":true,"isOver":false,"isBidirectional":false,"eventLog":[{"time":1702290834739,"type":"create connection"}]},{"id":"24af11a3-0c85-48df-b24b-65ccc9e1d9c7","source":"bd8ea353-3e0f-4520-aedc-140776800fbb","target":"5317f645-ed9a-4a1f-aaee-c7182f842f24","agreement":true,"isActive":true,"date":1702290890345,"kind":"Connector","isSelected":false,"intensity":3,"isDeletable":true,"isOver":false,"isBidirectional":false,"eventLog":[{"time":1702290890345,"type":"create connection"}]},{"id":"e197abd7-41b0-4f5e-9de7-406923251de4","source":"ce496222-b063-4c8d-a0d1-2446084c1afa","target":"00314c35-219c-48bf-9a41-1777a0e5925e","agreement":true,"isActive":true,"date":1702290934122,"kind":"Connector","isSelected":false,"intensity":3,"isDeletable":true,"isOver":false,"isBidirectional":false,"eventLog":[{"time":1702290934122,"type":"create connection"}]},{"id":"02874fd1-aaf5-401a-a010-f2689f0e03bb","source":"4b90cbc6-f7a1-4c04-8e98-7962ec85e136","target":"6b7f590b-54c1-4e90-94df-69f88d5e5429","agreement":true,"isActive":true,"date":1702290984098,"kind":"Connector","isSelected":false,"intensity":3,"isDeletable":true,"isOver":false,"isBidirectional":false,"eventLog":[{"time":1702290984098,"type":"create connection"}]},{"id":"b47e58ef-1069-4015-a9e7-f050844a9b9f","source":"b7269f56-3413-4dba-8462-b443a82b37b1","target":"ff807f10-08b8-44e6-9900-aab1171e1c1a","agreement":true,"isActive":true,"date":1702291014024,"kind":"Connector","isSelected":false,"intensity":3,"isDeletable":true,"isOver":false,"isBidirectional":false,"eventLog":[{"time":1702291014024,"type":"create connection"}]},{"id":"901ea526-1584-40e8-adfc-6a914c09bc84","source":"1946dcd8-f776-485d-b9c5-c8f908c6c1ec","target":"ff807f10-08b8-44e6-9900-aab1171e1c1a","agreement":true,"isActive":true,"date":1702291027273,"kind":"Connector","isSelected":false,"intensity":3,"isDeletable":true,"isOver":false,"isBidirectional":false,"eventLog":[{"time":1702291027273,"type":"create connection"}]}],"currentID":{},"currentNode":{},"hasSelectedNode":[false],"currentConnector":{},"hasSelectedConnector":[false],"readyToMove":[false],"isIncoming":[false],"hasElementMoved":[false]}
