{"idCAM":["17a40280-d565-4ec7-b02a-565a0e25cb0d"],"creator":["5bbbdca68f3bd70001e713ef_post"],"projectCAM":["S2_CAM part 2"],"defocusCAM":[],"date":[1702291274821],"nodes":[{"id":"3a193e07-9780-4835-ae64-d0911fbb2e2a","value":0,"text":"social assistance robot","comment":"","position":{"x":650,"y":400},"isActive":true,"date":1702291275577,"kind":"Node","isSelected":false,"isConnectorSelected":false,"isDraggable":0,"isDeletable":0,"hasElementMoved":false,"eventLog":[{"time":1702291275577,"type":"create node","value":0}],"isTextChangeable":0},{"id":"c0f59f44-8bd3-4728-9124-175331adc52b","value":-2,"text":"disadvantages","comment":"","position":{"x":450,"y":400},"isActive":true,"date":1702291275577,"kind":"Node","isSelected":false,"isConnectorSelected":false,"isDraggable":0,"isDeletable":0,"hasElementMoved":false,"eventLog":[{"time":"1702291275577","type":"create node","value":[-2]},{"time":"2023-12-11T10:42:26.334Z","type":"position","value":{"x":[450],"y":[408]}}],"isTextChangeable":0},{"id":"6e1d2438-8ab3-4570-b43d-b19f1173705a","value":2,"text":"advantages","comment":"","position":{"x":850,"y":400},"isActive":true,"date":1702291275578,"kind":"Node","isSelected":false,"isConnectorSelected":false,"isDraggable":0,"isDeletable":0,"hasElementMoved":false,"eventLog":[{"time":1702291275578,"type":"create node","value":2}],"isTextChangeable":0},{"id":"f014c84d-1a91-4d8c-973f-908bcd1ad4ef","value":2,"text":"integration of people","comment":"","position":{"x":862,"y":259},"isActive":true,"date":1702291275578,"kind":"Node","isSelected":false,"isConnectorSelected":false,"isDraggable":1,"isDeletable":1,"hasElementMoved":false,"eventLog":[{"time":1702291275578,"type":"create node","value":2}],"isTextChangeable":1},{"id":"e572e4b9-0178-43e9-a7b7-28e09a5f4ef7","value":1,"text":"more precise teaching","comment":"","position":{"x":1068,"y":407},"isActive":true,"date":1702291275578,"kind":"Node","isSelected":false,"isConnectorSelected":false,"isDraggable":1,"isDeletable":1,"hasElementMoved":false,"eventLog":[{"time":1702291275578,"type":"create node","value":1},{"time":1702291405962,"type":"selected","value":1},{"time":1702291411965,"type":"selected","value":0}],"isTextChangeable":1},{"id":"c883049d-6423-4fdf-aa3f-8ad6e80773b0","value":1,"text":"discharge from the health insurance","comment":"","position":{"x":959,"y":599},"isActive":true,"date":1702291275578,"kind":"Node","isSelected":false,"isConnectorSelected":false,"isDraggable":1,"isDeletable":1,"hasElementMoved":false,"eventLog":[{"time":1702291275578,"type":"create node","value":1}],"isTextChangeable":1},{"id":"203df17b-9f95-4e84-823b-d2dfb6a6d2d8","value":10,"text":"liability issues","comment":"","position":{"x":638,"y":252},"isActive":true,"date":1702291275578,"kind":"Node","isSelected":false,"isConnectorSelected":false,"isDraggable":1,"isDeletable":1,"hasElementMoved":false,"eventLog":[{"time":1702291275578,"type":"create node","value":10}],"isTextChangeable":1},{"id":"66906488-dc4e-444e-a4bd-269d72b3a376","value":10,"text":"justice at affordability","comment":"","position":{"x":496,"y":557},"isActive":true,"date":1702291275578,"kind":"Node","isSelected":false,"isConnectorSelected":false,"isDraggable":1,"isDeletable":1,"hasElementMoved":false,"eventLog":[{"time":1702291275578,"type":"create node","value":10}],"isTextChangeable":1},{"id":"02896349-ec64-4dbd-b7c8-8435f92d458e","value":-1,"text":"high learning effort","comment":"","position":{"x":462,"y":243},"isActive":true,"date":1702291275578,"kind":"Node","isSelected":false,"isConnectorSelected":false,"isDraggable":1,"isDeletable":1,"hasElementMoved":false,"eventLog":[{"time":1702291275578,"type":"create node","value":-1}],"isTextChangeable":1},{"id":"434fd3cd-15e4-4ac3-8d40-0004f6821731","value":10,"text":"legal regulations","comment":"","position":{"x":368,"y":631},"isActive":true,"date":1702291275578,"kind":"Node","isSelected":false,"isConnectorSelected":false,"isDraggable":1,"isDeletable":1,"hasElementMoved":false,"eventLog":[{"time":1702291275578,"type":"create node","value":10}],"isTextChangeable":1},{"id":"6258629e-197e-4e51-af79-3f70557cced9","value":2,"text":"integration autism affected","comment":"","position":{"x":929,"y":147},"isActive":true,"date":1702291275578,"kind":"Node","isSelected":false,"isConnectorSelected":false,"isDraggable":1,"isDeletable":1,"hasElementMoved":false,"eventLog":[{"time":1702291275578,"type":"create node","value":2}],"isTextChangeable":1},{"id":"012b4582-944d-47be-9c1b-c5ceafa4d8ab","value":1,"text":"linguistic barriers are eliminated","comment":"","position":{"x":988,"y":243},"isActive":true,"date":1702291275578,"kind":"Node","isSelected":false,"isConnectorSelected":false,"isDraggable":1,"isDeletable":1,"hasElementMoved":false,"eventLog":[{"time":1702291275578,"type":"create node","value":1}],"isTextChangeable":1},{"id":"8b457371-8303-495b-9c37-343251473361","value":1,"text":"simpler update possibility","comment":"","position":{"x":806,"y":537},"isActive":true,"date":1702291275578,"kind":"Node","isSelected":false,"isConnectorSelected":false,"isDraggable":1,"isDeletable":1,"hasElementMoved":false,"eventLog":[{"time":1702291275578,"type":"create node","value":1}],"isTextChangeable":1},{"id":"29d3e979-8b1a-4172-b703-3ff13b489977","value":-2,"text":"problems with older people","comment":"","position":{"x":432,"y":83},"isActive":true,"date":1702291275578,"kind":"Node","isSelected":false,"isConnectorSelected":false,"isDraggable":1,"isDeletable":1,"hasElementMoved":false,"eventLog":[{"time":1702291275578,"type":"create node","value":-2}],"isTextChangeable":1},{"id":"09400077-b55f-4043-8d39-d1c2b77f78c2","value":10,"text":"legal requirements","comment":"","position":{"x":629,"y":117},"isActive":true,"date":1702291275578,"kind":"Node","isSelected":false,"isConnectorSelected":false,"isDraggable":1,"isDeletable":1,"hasElementMoved":false,"eventLog":[{"time":1702291275578,"type":"create node","value":10}],"isTextChangeable":1},{"id":"9e9b29d2-25ce-4d5e-894a-8dbcdd770bf8","value":1,"text":"financing models","comment":"","position":{"x":582,"y":635},"isActive":true,"date":1702291275578,"kind":"Node","isSelected":false,"isConnectorSelected":false,"isDraggable":1,"isDeletable":1,"hasElementMoved":false,"eventLog":[{"time":1702291275578,"type":"create node","value":1}],"isTextChangeable":1},{"id":"8f90c262-4ce5-4a3a-8513-b9298c1de1d3","value":2,"text":"enabling individual learning pace","comment":"","position":{"x":1220,"y":391},"isActive":true,"date":1702291275578,"kind":"Node","isSelected":false,"isConnectorSelected":false,"isDraggable":1,"isDeletable":1,"hasElementMoved":false,"eventLog":[{"time":1702291275578,"type":"create node","value":2}],"isTextChangeable":1},{"id":"fc348765-5ab3-43ab-aef7-2b7135d762fa","value":1,"text":"exact task repetition","comment":"","position":{"x":1107,"y":550},"isActive":true,"date":1702291275578,"kind":"Node","isSelected":false,"isConnectorSelected":false,"isDraggable":1,"isDeletable":1,"hasElementMoved":false,"eventLog":[{"time":1702291275578,"type":"create node","value":1}],"isTextChangeable":1},{"id":"c0b26d0b-35c6-4c30-abbf-1f24680dbd61","value":1,"text":"money for others","comment":"","position":{"x":1067,"y":676},"isActive":true,"date":1702291275578,"kind":"Node","isSelected":false,"isConnectorSelected":false,"isDraggable":1,"isDeletable":1,"hasElementMoved":false,"eventLog":[{"time":1702291275578,"type":"create node","value":1}],"isTextChangeable":1},{"id":"be7c4df1-dd41-4c3e-bbee-9f83edf9917c","value":1,"text":"no outdated knowledge","comment":"","position":{"x":756,"y":615},"isActive":true,"date":1702291275578,"kind":"Node","isSelected":false,"isConnectorSelected":false,"isDraggable":1,"isDeletable":1,"hasElementMoved":false,"eventLog":[{"time":1702291275578,"type":"create node","value":1}],"isTextChangeable":1},{"id":"4c93b4e2-a3ec-4e48-8a16-4df3aeef4f27","value":2,"text":"doctor-fearful persons","comment":"","position":{"x":987,"y":340},"isActive":true,"date":1702291275578,"kind":"Node","isSelected":false,"isConnectorSelected":false,"isDraggable":1,"isDeletable":1,"hasElementMoved":false,"eventLog":[{"time":1702291275578,"type":"create node","value":2}],"isTextChangeable":1},{"id":"61cfab63-f343-4e34-93df-05a867f14fc5","value":3,"text":"work relief for many","comment":"","position":{"x":755,"y":310},"isActive":true,"date":1702291275578,"kind":"Node","isSelected":false,"isConnectorSelected":false,"isDraggable":1,"isDeletable":1,"hasElementMoved":false,"eventLog":[{"time":1702291275578,"type":"create node","value":3}],"isTextChangeable":1},{"id":"6fa8c046-fa7a-462f-916e-e44b0bdc4a3e","value":-1,"text":"shifted perception","comment":"","position":{"x":294,"y":360},"isActive":true,"date":1702291275578,"kind":"Node","isSelected":false,"isConnectorSelected":false,"isDraggable":1,"isDeletable":1,"hasElementMoved":false,"eventLog":[{"time":1702291275578,"type":"create node","value":-1}],"isTextChangeable":1},{"id":"8182e5a7-0984-446c-8943-5f7d5f829d02","value":2,"text":"socially isolated people","comment":"","position":{"x":780,"y":149},"isActive":true,"date":1702291275578,"kind":"Node","isSelected":false,"isConnectorSelected":false,"isDraggable":1,"isDeletable":1,"hasElementMoved":false,"eventLog":[{"time":1702291275578,"type":"create node","value":2}],"isTextChangeable":1},{"id":"ac3c0ec9-072d-43bd-a243-6ee087fa4109","value":2,"text":"location independence","comment":"","position":{"x":1128,"y":262},"isActive":true,"date":1702291275578,"kind":"Node","isSelected":false,"isConnectorSelected":false,"isDraggable":1,"isDeletable":1,"hasElementMoved":false,"eventLog":[{"time":1702291275578,"type":"create node","value":2}],"isTextChangeable":1},{"id":"087d71bb-2f5e-4f79-be30-065ed071d560","value":1,"text":"time independence","comment":"","position":{"x":976,"y":478},"isActive":true,"date":1702291275579,"kind":"Node","isSelected":false,"isConnectorSelected":false,"isDraggable":1,"isDeletable":1,"hasElementMoved":false,"eventLog":[{"time":1702291275579,"type":"create node","value":1}],"isTextChangeable":1},{"id":"498d230e-e883-4cbf-bb9b-4ac779f69b8b","value":-2,"text":"risk of injury","comment":"","position":{"x":293,"y":495},"isActive":true,"date":1702291278036,"kind":"Node","isSelected":false,"isConnectorSelected":false,"isDraggable":1,"isDeletable":1,"hasElementMoved":false,"eventLog":[{"time":1702291278036,"type":"create node","value":"0"},{"time":1702291278104,"type":"selected","value":"TRUE"},{"time":1702291287191,"type":"text","value":"Verletzungsgefahr"},{"time":1702291287191,"type":"value","value":"-2"},{"time":1702291287191,"type":"selected","value":"FALSE"}],"isTextChangeable":1},{"id":"a4bafb76-34f8-4bea-a5ea-c4130748a8d8","value":-2,"text":"dependence","comment":"","position":{"x":270,"y":215},"isActive":true,"date":1702291293606,"kind":"Node","isSelected":false,"isConnectorSelected":false,"isDraggable":1,"isDeletable":1,"hasElementMoved":false,"eventLog":[{"time":"1702291293606","type":"create node","value":[0]},{"time":"1702291293801","type":"selected","value":[true]},{"time":"1702291307861","type":"text","value":["Abhängigkeit"]},{"time":"1702291307861","type":"value","value":[-2]},{"time":"1702291307861","type":"selected","value":[false]},{"time":"2023-12-11T10:41:48.971Z","type":"position","value":{"x":[226],"y":[181]}}],"isTextChangeable":1},{"id":"1a80dd33-421b-442e-8b5c-14b672ebbefc","value":10,"text":"type of robot","comment":"","position":{"x":651,"y":558},"isActive":true,"date":1702291316233,"kind":"Node","isSelected":false,"isConnectorSelected":false,"isDraggable":1,"isDeletable":1,"hasElementMoved":false,"eventLog":[{"time":"1702291316233","type":"create node","value":[0]},{"time":"1702291317009","type":"selected","value":[true]},{"time":"1702291326634","type":"text","value":["Art des Roboters"]},{"time":"1702291326634","type":"value","value":[10]},{"time":"1702291326634","type":"selected","value":[false]},{"time":"2023-12-11T10:42:08.892Z","type":"position","value":{"x":[661],"y":[507]}},{"time":"1702291362272","type":"selected","value":[true]},{"time":"1702291364990","type":"selected","value":[false]},{"time":"2023-12-11T10:42:46.024Z","type":"position","value":{"x":[679],"y":[483]}},{"time":"2023-12-11T10:43:11.929Z","type":"position","value":{"x":[675],"y":[518]}}],"isTextChangeable":1},{"id":"09e1afce-bfb7-4525-abe6-b2032fa6fb4b","value":2,"text":"soft robot","comment":"","position":{"x":562,"y":507},"isActive":true,"date":1702291333961,"kind":"Node","isSelected":false,"isConnectorSelected":false,"isDraggable":1,"isDeletable":1,"hasElementMoved":false,"eventLog":[{"time":"1702291333961","type":"create node","value":[0]},{"time":"1702291334956","type":"selected","value":[true]},{"time":"1702291343468","type":"text","value":["Soft-Roboter"]},{"time":"1702291343468","type":"selected","value":[false]},{"time":"2023-12-11T10:42:28.477Z","type":"position","value":{"x":[636],"y":[535]}},{"time":"1702291348910","type":"selected","value":[true]},{"time":"1702291351564","type":"value","value":[1]},{"time":"1702291351564","type":"selected","value":[false]},{"time":"2023-12-11T10:42:32.004Z","type":"position","value":{"x":[632],"y":[519]}},{"time":"1702291353752","type":"selected","value":[true]},{"time":"1702291358674","type":"value","value":[2]},{"time":"1702291358674","type":"selected","value":[false]},{"time":"2023-12-11T10:42:39.981Z","type":"position","value":{"x":[590],"y":[491]}},{"time":"2023-12-11T10:42:47.232Z","type":"position","value":{"x":[557],"y":[499]}},{"time":"2023-12-11T10:42:52.666Z","type":"position","value":{"x":[558],"y":[516]}},{"time":"2023-12-11T10:45:28.346Z","type":"position","value":{"x":[567],"y":[496]}}],"isTextChangeable":1},{"id":"79b2de2b-29d4-4608-bb4e-7fb44d3247ee","value":-1,"text":"hard robot","comment":"","position":{"x":743,"y":476},"isActive":true,"date":1702291375133,"kind":"Node","isSelected":false,"isConnectorSelected":false,"isDraggable":1,"isDeletable":1,"hasElementMoved":false,"eventLog":[{"time":"1702291375133","type":"create node","value":[0]},{"time":"1702291375286","type":"selected","value":[true]},{"time":"1702291387050","type":"text","value":["Harter Roboter"]},{"time":"1702291387050","type":"value","value":[-1]},{"time":"1702291387050","type":"selected","value":[false]},{"time":"2023-12-11T10:43:14.102Z","type":"position","value":{"x":[757],"y":[468]}},{"time":"2023-12-11T10:44:56.330Z","type":"position","value":{"x":[746],"y":[482]}}],"isTextChangeable":1},{"id":"ae19b2e1-41d8-4d1e-bb06-32053db9c91f","value":3,"text":"tailored therapy","comment":"","position":{"x":1180,"y":190},"isActive":true,"date":1702291397317,"kind":"Node","isSelected":false,"isConnectorSelected":false,"isDraggable":1,"isDeletable":1,"hasElementMoved":false,"eventLog":[{"time":"1702291397317","type":"create node","value":[0]},{"time":"2023-12-11T10:43:18.498Z","type":"position","value":{"x":[64],"y":[340]}},{"time":"2023-12-11T10:43:18.837Z","type":"position","value":{"x":[130],"y":[498]}},{"time":"2023-12-11T10:43:18.904Z","type":"position","value":{"x":[215],"y":[536]}},{"time":"2023-12-11T10:43:18.938Z","type":"position","value":{"x":[453],"y":[543]}},{"time":"2023-12-11T10:43:18.970Z","type":"position","value":{"x":[733],"y":[506]}},{"time":"2023-12-11T10:43:18.988Z","type":"position","value":{"x":[884],"y":[469]}},{"time":"2023-12-11T10:43:19.021Z","type":"position","value":{"x":[1140],"y":[401]}},{"time":"2023-12-11T10:43:19.391Z","type":"position","value":{"x":[1277],"y":[123]}},{"time":"2023-12-11T10:43:36.929Z","type":"position","value":{"x":[1204],"y":[170]}},{"time":"2023-12-11T10:43:37.168Z","type":"position","value":{"x":[1240],"y":[341]}},{"time":"2023-12-11T10:43:37.669Z","type":"position","value":{"x":[1150],"y":[494]}},{"time":"1702291424707","type":"selected","value":[true]},{"time":"1702291434114","type":"text","value":["Passgenaue Therapie"]},{"time":"1702291434114","type":"value","value":[3]},{"time":"1702291434114","type":"selected","value":[false]},{"time":"2023-12-11T10:43:58.575Z","type":"position","value":{"x":[1181],"y":[522]}},{"time":"2023-12-11T10:43:58.973Z","type":"position","value":{"x":[1171],"y":[357]}},{"time":"2023-12-11T10:43:59.239Z","type":"position","value":{"x":[1082],"y":[201]}},{"time":"2023-12-11T10:44:06.706Z","type":"position","value":{"x":[1144],"y":[84]}},{"time":"2023-12-11T10:45:40.006Z","type":"position","value":{"x":[1182],"y":[162]}},{"time":"2023-12-11T10:46:39.529Z","type":"position","value":{"x":[1148],"y":[154]}},{"time":"2023-12-11T10:46:46.727Z","type":"position","value":{"x":[1137],"y":[162]}}],"isTextChangeable":1},{"id":"1860896d-625a-4320-8048-32a93e6adece","value":2,"text":"evocation of feelings","comment":"","position":{"x":1083,"y":92},"isActive":true,"date":1702291542931,"kind":"Node","isSelected":false,"isConnectorSelected":false,"isDraggable":1,"isDeletable":1,"hasElementMoved":false,"eventLog":[{"time":"1702291542931","type":"create node","value":[0]},{"time":"1702291543044","type":"selected","value":[true]},{"time":"1702291566552","type":"text","value":["Hervorrufung von Gefühlen"]},{"time":"1702291566552","type":"value","value":[2]},{"time":"1702291566552","type":"selected","value":[false]},{"time":"2023-12-11T10:46:07.738Z","type":"position","value":{"x":[1061],"y":[52]}},{"time":"2023-12-11T10:46:14.372Z","type":"position","value":{"x":[1098],"y":[53]}}],"isTextChangeable":1},{"id":"75978203-0d3f-4403-970d-23255cd24bb3","value":2,"text":"enhancement of joy","comment":"","position":{"x":923,"y":25},"isActive":true,"date":1702291575668,"kind":"Node","isSelected":false,"isConnectorSelected":false,"isDraggable":1,"isDeletable":1,"hasElementMoved":false,"eventLog":[{"time":1702291575668,"type":"create node","value":"0"},{"time":1702291577725,"type":"selected","value":"TRUE"},{"time":1702291583955,"type":"text","value":"Verstärkung von Freude"},{"time":1702291583955,"type":"value","value":"2"},{"time":1702291583955,"type":"selected","value":"FALSE"}],"isTextChangeable":1},{"id":"5dc9ab8b-6a72-47ac-9688-adbd7a4d940c","value":3,"text":"decrease of geese","comment":"","position":{"x":1205,"y":35},"isActive":true,"date":1702291586485,"kind":"Node","isSelected":false,"isConnectorSelected":false,"isDraggable":1,"isDeletable":1,"hasElementMoved":false,"eventLog":[{"time":"1702291586485","type":"create node","value":[0]},{"time":"1702291587310","type":"selected","value":[true]},{"time":"1702291594737","type":"text","value":["Abnahme von Gänsten"]},{"time":"1702291594737","type":"value","value":[3]},{"time":"1702291594737","type":"selected","value":[false]},{"time":"2023-12-11T10:46:35.805Z","type":"position","value":{"x":[1204],"y":[79]}}],"isTextChangeable":1},{"id":"65306a1e-d6f6-4c05-9ccf-a958d35dd420","value":3,"text":"more therapy time","comment":"","position":{"x":1236,"y":127},"isActive":true,"date":1702291622483,"kind":"Node","isSelected":false,"isConnectorSelected":false,"isDraggable":1,"isDeletable":1,"hasElementMoved":false,"eventLog":[{"time":1702291622483,"type":"create node","value":"0"},{"time":1702291623305,"type":"selected","value":"TRUE"},{"time":1702291635761,"type":"text","value":"mehr Therapiezeit"},{"time":1702291635761,"type":"value","value":"3"},{"time":1702291635761,"type":"selected","value":"FALSE"}],"isTextChangeable":1}],"connectors":[{"id":"a952bfac-184c-48b8-8abb-41b3b11ee854","source":"3a193e07-9780-4835-ae64-d0911fbb2e2a","target":"c0f59f44-8bd3-4728-9124-175331adc52b","agreement":true,"isActive":true,"date":1702291275579,"kind":"Connector","isSelected":false,"intensity":3,"isDeletable":false,"isOver":false,"isBidirectional":false,"eventLog":[{"time":1702291275579,"type":"create connection"}]},{"id":"14a48771-8616-4725-b1d9-ffc162b566c8","source":"3a193e07-9780-4835-ae64-d0911fbb2e2a","target":"6e1d2438-8ab3-4570-b43d-b19f1173705a","agreement":true,"isActive":true,"date":1702291275579,"kind":"Connector","isSelected":false,"intensity":3,"isDeletable":true,"isOver":false,"isBidirectional":false,"eventLog":[{"time":1702291275579,"type":"create connection"}]},{"id":"23d2d257-204d-41a3-85a9-439147e8d46e","source":"02896349-ec64-4dbd-b7c8-8435f92d458e","target":"c0f59f44-8bd3-4728-9124-175331adc52b","agreement":true,"isActive":true,"date":1702291275579,"kind":"Connector","isSelected":false,"intensity":3,"isDeletable":true,"isOver":false,"isBidirectional":false,"eventLog":[{"time":1702291275579,"type":"create connection"}]},{"id":"13fc534e-16a8-4489-8244-613f04f833fd","source":"6e1d2438-8ab3-4570-b43d-b19f1173705a","target":"f014c84d-1a91-4d8c-973f-908bcd1ad4ef","agreement":true,"isActive":true,"date":1702291275579,"kind":"Connector","isSelected":false,"intensity":6,"isDeletable":true,"isOver":false,"isBidirectional":false,"eventLog":[{"time":1702291275579,"type":"create connection"}]},{"id":"b52742e2-21f6-49f5-8b9b-06c82c39e81a","source":"6e1d2438-8ab3-4570-b43d-b19f1173705a","target":"e572e4b9-0178-43e9-a7b7-28e09a5f4ef7","agreement":true,"isActive":true,"date":1702291275579,"kind":"Connector","isSelected":false,"intensity":6,"isDeletable":true,"isOver":false,"isBidirectional":false,"eventLog":[{"time":1702291275579,"type":"create connection"}]},{"id":"51918056-dd2e-48b1-815b-84f13cea61a5","source":"6e1d2438-8ab3-4570-b43d-b19f1173705a","target":"c883049d-6423-4fdf-aa3f-8ad6e80773b0","agreement":true,"isActive":true,"date":1702291275579,"kind":"Connector","isSelected":false,"intensity":3,"isDeletable":true,"isOver":false,"isBidirectional":false,"eventLog":[{"time":1702291275579,"type":"create connection"}]},{"id":"36ac5f5a-0cae-4043-a899-fa0f9681159d","source":"6e1d2438-8ab3-4570-b43d-b19f1173705a","target":"8b457371-8303-495b-9c37-343251473361","agreement":true,"isActive":true,"date":1702291275579,"kind":"Connector","isSelected":false,"intensity":6,"isDeletable":true,"isOver":false,"isBidirectional":false,"eventLog":[{"time":1702291275579,"type":"create connection"}]},{"id":"33602d52-99ec-4ffe-a287-f38624988020","source":"29d3e979-8b1a-4172-b703-3ff13b489977","target":"02896349-ec64-4dbd-b7c8-8435f92d458e","agreement":false,"isActive":true,"date":1702291275580,"kind":"Connector","isSelected":false,"intensity":6,"isDeletable":true,"isOver":false,"isBidirectional":false,"eventLog":[{"time":1702291275580,"type":"create connection"}]},{"id":"4515b377-4330-4159-9242-c7b16cc6ba58","source":"203df17b-9f95-4e84-823b-d2dfb6a6d2d8","target":"c0f59f44-8bd3-4728-9124-175331adc52b","agreement":true,"isActive":true,"date":1702291275580,"kind":"Connector","isSelected":false,"intensity":3,"isDeletable":true,"isOver":false,"isBidirectional":false,"eventLog":[{"time":1702291275580,"type":"create connection"}]},{"id":"f98c8901-a3d7-4947-8ae1-c9eb021e5da1","source":"09400077-b55f-4043-8d39-d1c2b77f78c2","target":"203df17b-9f95-4e84-823b-d2dfb6a6d2d8","agreement":false,"isActive":true,"date":1702291275580,"kind":"Connector","isSelected":false,"intensity":3,"isDeletable":true,"isOver":false,"isBidirectional":false,"eventLog":[{"time":1702291275580,"type":"create connection"}]},{"id":"f9dbc6a0-255f-46c1-ad25-f5cb7ce35dc0","source":"66906488-dc4e-444e-a4bd-269d72b3a376","target":"c0f59f44-8bd3-4728-9124-175331adc52b","agreement":true,"isActive":true,"date":1702291275580,"kind":"Connector","isSelected":false,"intensity":3,"isDeletable":true,"isOver":false,"isBidirectional":false,"eventLog":[{"time":1702291275580,"type":"create connection"}]},{"id":"52cb0530-b08f-46fc-b087-e33796e5b61a","source":"9e9b29d2-25ce-4d5e-894a-8dbcdd770bf8","target":"66906488-dc4e-444e-a4bd-269d72b3a376","agreement":true,"isActive":true,"date":1702291275580,"kind":"Connector","isSelected":false,"intensity":6,"isDeletable":true,"isOver":false,"isBidirectional":false,"eventLog":[{"time":1702291275580,"type":"create connection"}]},{"id":"de62fd26-7c13-49c1-b009-8778c122d421","source":"66906488-dc4e-444e-a4bd-269d72b3a376","target":"434fd3cd-15e4-4ac3-8d40-0004f6821731","agreement":true,"isActive":true,"date":1702291275580,"kind":"Connector","isSelected":false,"intensity":6,"isDeletable":true,"isOver":false,"isBidirectional":false,"eventLog":[{"time":1702291275580,"type":"create connection"}]},{"id":"3b53aa68-38ac-48dd-acdf-19f6bd195a0c","source":"6258629e-197e-4e51-af79-3f70557cced9","target":"f014c84d-1a91-4d8c-973f-908bcd1ad4ef","agreement":true,"isActive":true,"date":1702291275580,"kind":"Connector","isSelected":false,"intensity":3,"isDeletable":true,"isOver":false,"isBidirectional":false,"eventLog":[{"time":1702291275580,"type":"create connection"}]},{"id":"1dae365b-f43d-4b99-b834-8218bdd3ca0c","source":"012b4582-944d-47be-9c1b-c5ceafa4d8ab","target":"f014c84d-1a91-4d8c-973f-908bcd1ad4ef","agreement":true,"isActive":true,"date":1702291275580,"kind":"Connector","isSelected":false,"intensity":3,"isDeletable":true,"isOver":false,"isBidirectional":false,"eventLog":[{"time":1702291275580,"type":"create connection"}]},{"id":"459e3b8a-961c-43d5-84ab-4adfab06cb09","source":"8f90c262-4ce5-4a3a-8513-b9298c1de1d3","target":"e572e4b9-0178-43e9-a7b7-28e09a5f4ef7","agreement":true,"isActive":true,"date":1702291275580,"kind":"Connector","isSelected":false,"intensity":3,"isDeletable":true,"isOver":false,"isBidirectional":false,"eventLog":[{"time":1702291275580,"type":"create connection"}]},{"id":"ea30c2c7-a14c-4386-a3a2-66678a462fd0","source":"fc348765-5ab3-43ab-aef7-2b7135d762fa","target":"e572e4b9-0178-43e9-a7b7-28e09a5f4ef7","agreement":true,"isActive":true,"date":1702291275580,"kind":"Connector","isSelected":false,"intensity":3,"isDeletable":true,"isOver":false,"isBidirectional":false,"eventLog":[{"time":1702291275580,"type":"create connection"}]},{"id":"0efc3bc6-b8c1-4812-8ff5-a91572111e42","source":"c0b26d0b-35c6-4c30-abbf-1f24680dbd61","target":"c883049d-6423-4fdf-aa3f-8ad6e80773b0","agreement":true,"isActive":true,"date":1702291275580,"kind":"Connector","isSelected":false,"intensity":3,"isDeletable":true,"isOver":false,"isBidirectional":false,"eventLog":[{"time":1702291275580,"type":"create connection"}]},{"id":"bc0c75a2-c95a-47b2-b608-bbc5ad1832c8","source":"be7c4df1-dd41-4c3e-bbee-9f83edf9917c","target":"8b457371-8303-495b-9c37-343251473361","agreement":true,"isActive":true,"date":1702291275580,"kind":"Connector","isSelected":false,"intensity":3,"isDeletable":true,"isOver":false,"isBidirectional":false,"eventLog":[{"time":1702291275580,"type":"create connection"}]},{"id":"2782ac0e-7280-4501-bdc9-b409f4f66514","source":"4c93b4e2-a3ec-4e48-8a16-4df3aeef4f27","target":"f014c84d-1a91-4d8c-973f-908bcd1ad4ef","agreement":true,"isActive":true,"date":1702291275580,"kind":"Connector","isSelected":false,"intensity":3,"isDeletable":true,"isOver":false,"isBidirectional":false,"eventLog":[{"time":1702291275580,"type":"create connection"}]},{"id":"95f84381-def7-40a4-b18e-2610628f8c70","source":"61cfab63-f343-4e34-93df-05a867f14fc5","target":"6e1d2438-8ab3-4570-b43d-b19f1173705a","agreement":true,"isActive":true,"date":1702291275580,"kind":"Connector","isSelected":false,"intensity":3,"isDeletable":true,"isOver":false,"isBidirectional":false,"eventLog":[{"time":1702291275580,"type":"create connection"}]},{"id":"b4d1ce62-0b2f-4534-bd96-90837e9bf6f3","source":"6fa8c046-fa7a-462f-916e-e44b0bdc4a3e","target":"c0f59f44-8bd3-4728-9124-175331adc52b","agreement":true,"isActive":true,"date":1702291275580,"kind":"Connector","isSelected":false,"intensity":3,"isDeletable":true,"isOver":false,"isBidirectional":false,"eventLog":[{"time":1702291275580,"type":"create connection"}]},{"id":"8b21012a-8833-40cc-88e5-ed6ba7592a32","source":"8182e5a7-0984-446c-8943-5f7d5f829d02","target":"f014c84d-1a91-4d8c-973f-908bcd1ad4ef","agreement":true,"isActive":true,"date":1702291275581,"kind":"Connector","isSelected":false,"intensity":3,"isDeletable":true,"isOver":false,"isBidirectional":false,"eventLog":[{"time":1702291275581,"type":"create connection"}]},{"id":"1e05d80c-4475-44df-b638-3f35524f45cf","source":"ac3c0ec9-072d-43bd-a243-6ee087fa4109","target":"e572e4b9-0178-43e9-a7b7-28e09a5f4ef7","agreement":true,"isActive":true,"date":1702291275581,"kind":"Connector","isSelected":false,"intensity":3,"isDeletable":true,"isOver":false,"isBidirectional":false,"eventLog":[{"time":1702291275581,"type":"create connection"}]},{"id":"fb4759a0-2918-4afd-9550-e13ca0505b8b","source":"087d71bb-2f5e-4f79-be30-065ed071d560","target":"e572e4b9-0178-43e9-a7b7-28e09a5f4ef7","agreement":true,"isActive":true,"date":1702291275581,"kind":"Connector","isSelected":false,"intensity":3,"isDeletable":true,"isOver":false,"isBidirectional":false,"eventLog":[{"time":1702291275581,"type":"create connection"}]},{"id":"f2eb38df-f1e8-4100-ae73-68454d277a15","source":"498d230e-e883-4cbf-bb9b-4ac779f69b8b","target":"c0f59f44-8bd3-4728-9124-175331adc52b","agreement":true,"isActive":true,"date":1702291288933,"kind":"Connector","isSelected":false,"intensity":3,"isDeletable":true,"isOver":false,"isBidirectional":false,"eventLog":[{"time":1702291288933,"type":"create connection"}]},{"id":"2083dc7b-3edf-4fd8-9472-4c163d0ed103","source":"a4bafb76-34f8-4bea-a5ea-c4130748a8d8","target":"c0f59f44-8bd3-4728-9124-175331adc52b","agreement":true,"isActive":true,"date":1702291311309,"kind":"Connector","isSelected":false,"intensity":3,"isDeletable":true,"isOver":false,"isBidirectional":false,"eventLog":[{"time":1702291311309,"type":"create connection"}]},{"id":"aa7af3f4-e553-4b33-96b3-0fb9fe5f400e","source":"1a80dd33-421b-442e-8b5c-14b672ebbefc","target":"3a193e07-9780-4835-ae64-d0911fbb2e2a","agreement":true,"isActive":true,"date":1702291327561,"kind":"Connector","isSelected":false,"intensity":3,"isDeletable":true,"isOver":false,"isBidirectional":false,"eventLog":[{"time":1702291327561,"type":"create connection"}]},{"id":"f0fd13d6-3f5b-4da3-8b6c-433e8ff26d15","source":"09e1afce-bfb7-4525-abe6-b2032fa6fb4b","target":"3a193e07-9780-4835-ae64-d0911fbb2e2a","agreement":true,"isActive":false,"date":1702291361327,"kind":"Connector","isSelected":false,"intensity":3,"isDeletable":true,"isOver":false,"isBidirectional":false,"eventLog":[{"time":1702291361327,"type":"create connection"},{"time":1702291369607,"type":"selected","value":1},{"time":1702291371646,"type":"connector was deleted","value":-99},{"time":1702291371646,"type":"active","value":0}]},{"id":"e0c871ea-5bfe-4144-9cde-146a28b51d87","source":"09e1afce-bfb7-4525-abe6-b2032fa6fb4b","target":"1a80dd33-421b-442e-8b5c-14b672ebbefc","agreement":true,"isActive":true,"date":1702291374054,"kind":"Connector","isSelected":false,"intensity":3,"isDeletable":true,"isOver":false,"isBidirectional":false,"eventLog":[{"time":1702291374054,"type":"create connection"}]},{"id":"16fd263d-f530-41b4-9953-1d30d84d2679","source":"79b2de2b-29d4-4608-bb4e-7fb44d3247ee","target":"1a80dd33-421b-442e-8b5c-14b672ebbefc","agreement":true,"isActive":true,"date":1702291388305,"kind":"Connector","isSelected":false,"intensity":3,"isDeletable":true,"isOver":false,"isBidirectional":false,"eventLog":[{"time":1702291388305,"type":"create connection"}]},{"id":"394c02f0-b302-4f27-9895-81d93bb5f196","source":"ae19b2e1-41d8-4d1e-bb06-32053db9c91f","target":"e572e4b9-0178-43e9-a7b7-28e09a5f4ef7","agreement":true,"isActive":false,"date":1702291405741,"kind":"Connector","isSelected":false,"intensity":3,"isDeletable":true,"isOver":false,"isBidirectional":false,"eventLog":[{"time":1702291405741,"type":"create connection"},{"time":1702291421532,"type":"selected","value":1},{"time":1702291423355,"type":"connector was deleted","value":-99},{"time":1702291423355,"type":"active","value":0}]},{"id":"0f2f956d-c8d0-4896-b25e-2917637a7a3e","source":"6e1d2438-8ab3-4570-b43d-b19f1173705a","target":"ae19b2e1-41d8-4d1e-bb06-32053db9c91f","agreement":true,"isActive":true,"date":1702291437131,"kind":"Connector","isSelected":false,"intensity":3,"isDeletable":true,"isOver":false,"isBidirectional":false,"eventLog":[{"time":1702291437131,"type":"create connection"}]},{"id":"cc62c634-d8fd-49a1-83d1-010b4b6d1328","source":"f014c84d-1a91-4d8c-973f-908bcd1ad4ef","target":"ae19b2e1-41d8-4d1e-bb06-32053db9c91f","agreement":true,"isActive":true,"date":1702291469930,"kind":"Connector","isSelected":false,"intensity":3,"isDeletable":true,"isOver":false,"isBidirectional":false,"eventLog":[{"time":1702291469930,"type":"create connection"}]},{"id":"4e62561f-ff29-48a8-ba16-1b82c4343b79","source":"79b2de2b-29d4-4608-bb4e-7fb44d3247ee","target":"498d230e-e883-4cbf-bb9b-4ac779f69b8b","agreement":true,"isActive":true,"date":1702291501990,"kind":"Connector","isSelected":false,"intensity":3,"isDeletable":true,"isOver":false,"isBidirectional":false,"eventLog":[{"time":1702291501990,"type":"create connection"}]},{"id":"314ae66c-4d6e-46e6-9c6e-e718bba704f1","source":"ae19b2e1-41d8-4d1e-bb06-32053db9c91f","target":"1860896d-625a-4320-8048-32a93e6adece","agreement":true,"isActive":true,"date":1702291572262,"kind":"Connector","isSelected":false,"intensity":3,"isDeletable":true,"isOver":false,"isBidirectional":false,"eventLog":[{"time":1702291572262,"type":"create connection"},{"time":1702291609185,"type":"selected","value":1},{"time":1702291610443,"type":"connector was deleted","value":-99},{"time":1702291610443,"type":"active","value":0}]},{"id":"5e67e9d3-6ed2-4fe0-a840-ad17e1922170","source":"1860896d-625a-4320-8048-32a93e6adece","target":"75978203-0d3f-4403-970d-23255cd24bb3","agreement":true,"isActive":true,"date":1702291585290,"kind":"Connector","isSelected":false,"intensity":3,"isDeletable":true,"isOver":false,"isBidirectional":false,"eventLog":[{"time":1702291585290,"type":"create connection"}]},{"id":"db682a65-037a-44f6-9a70-4fb41c0dd2a1","source":"1860896d-625a-4320-8048-32a93e6adece","target":"5dc9ab8b-6a72-47ac-9688-adbd7a4d940c","agreement":true,"isActive":true,"date":1702291598107,"kind":"Connector","isSelected":false,"intensity":3,"isDeletable":true,"isOver":false,"isBidirectional":false,"eventLog":[{"time":1702291598107,"type":"create connection"}]},{"id":"7623a70a-03c2-4219-b9ce-293183ff0c51","source":"65306a1e-d6f6-4c05-9ccf-a958d35dd420","target":"ae19b2e1-41d8-4d1e-bb06-32053db9c91f","agreement":true,"isActive":true,"date":1702291637288,"kind":"Connector","isSelected":false,"intensity":3,"isDeletable":true,"isOver":false,"isBidirectional":false,"eventLog":[{"time":1702291637288,"type":"create connection"}]}],"currentID":{},"currentNode":{},"hasSelectedNode":[false],"currentConnector":{},"hasSelectedConnector":[false],"readyToMove":[false],"isIncoming":[false],"hasElementMoved":[false]}
