{"idCAM":["904985db-9f35-4d24-9c94-e091c4dde25a"],"creator":["5be454621effe60001cbf290_post"],"projectCAM":["S2_CAM part 2"],"defocusCAM":[null],"date":[1702310998455],"nodes":[{"id":"6f4e27c6-0d20-47db-a59d-2614aeec7861","value":2,"text":"social assistance robot","comment":"","position":{"x":650,"y":400},"isActive":true,"date":1702310999426,"kind":"Node","isSelected":false,"isConnectorSelected":false,"isDraggable":0,"isDeletable":0,"hasElementMoved":false,"eventLog":[{"time":1702310999426,"type":"create node","value":2}],"isTextChangeable":0},{"id":"aba4bee6-4db3-4b65-8b89-ab1afd96a81d","value":0,"text":"disadvantages","comment":"","position":{"x":450,"y":400},"isActive":true,"date":1702310999426,"kind":"Node","isSelected":false,"isConnectorSelected":false,"isDraggable":0,"isDeletable":0,"hasElementMoved":false,"eventLog":[{"time":1702310999426,"type":"create node","value":0}],"isTextChangeable":0},{"id":"ce9cb34e-53d1-4a16-8f1a-be3ce40b9743","value":0,"text":"advantages","comment":"","position":{"x":850,"y":400},"isActive":true,"date":1702310999426,"kind":"Node","isSelected":false,"isConnectorSelected":false,"isDraggable":0,"isDeletable":0,"hasElementMoved":false,"eventLog":[{"time":1702310999426,"type":"create node","value":0}],"isTextChangeable":0},{"id":"3ce749c8-49a7-4290-bc6e-b23f6a2344e7","value":-2,"text":"can cost jobs","comment":"","position":{"x":215,"y":122},"isActive":true,"date":1702310999426,"kind":"Node","isSelected":false,"isConnectorSelected":false,"isDraggable":1,"isDeletable":1,"hasElementMoved":false,"eventLog":[{"time":1702310999426,"type":"create node","value":-2}],"isTextChangeable":1},{"id":"d77057bc-f423-4a12-bdf3-3be424b89a89","value":-3,"text":"costs for robots","comment":"","position":{"x":195,"y":382},"isActive":true,"date":1702310999426,"kind":"Node","isSelected":false,"isConnectorSelected":false,"isDraggable":1,"isDeletable":1,"hasElementMoved":false,"eventLog":[{"time":"1702310999426","type":"create node","value":[-3]},{"time":"2023-12-11T16:10:14.677Z","type":"position","value":{"x":[194],"y":[406]}}],"isTextChangeable":1},{"id":"6e863b53-1a0d-425c-ab8e-48b7c37e0fc9","value":-1,"text":"complex operation","comment":"","position":{"x":167,"y":491},"isActive":true,"date":1702310999426,"kind":"Node","isSelected":false,"isConnectorSelected":false,"isDraggable":1,"isDeletable":1,"hasElementMoved":false,"eventLog":[{"time":1702310999426,"type":"create node","value":-1},{"time":1702311019582,"type":"selected","value":1},{"time":1702311021668,"type":"selected","value":0}],"isTextChangeable":1},{"id":"6d3a685b-2317-445b-887d-762cbf40c60e","value":3,"text":"no staff shortage","comment":"","position":{"x":1043,"y":157},"isActive":true,"date":1702310999426,"kind":"Node","isSelected":false,"isConnectorSelected":false,"isDraggable":1,"isDeletable":1,"hasElementMoved":false,"eventLog":[{"time":1702310999426,"type":"create node","value":3}],"isTextChangeable":1},{"id":"991d44b5-2213-45ca-96f6-2478a2fa78e3","value":2,"text":"no sickness","comment":"","position":{"x":794,"y":594},"isActive":true,"date":1702310999426,"kind":"Node","isSelected":false,"isConnectorSelected":false,"isDraggable":1,"isDeletable":1,"hasElementMoved":false,"eventLog":[{"time":1702310999426,"type":"create node","value":2}],"isTextChangeable":1},{"id":"3267e160-1faa-4e36-a740-b1cacc46289d","value":1,"text":"modern possibilities","comment":"","position":{"x":947,"y":546},"isActive":true,"date":1702310999427,"kind":"Node","isSelected":false,"isConnectorSelected":false,"isDraggable":1,"isDeletable":1,"hasElementMoved":false,"eventLog":[{"time":1702310999427,"type":"create node","value":1}],"isTextChangeable":1},{"id":"8ce10f2a-0e28-4794-8154-fc30e3132538","value":-3,"text":"failure of the robot","comment":"","position":{"x":220,"y":615},"isActive":true,"date":1702310999427,"kind":"Node","isSelected":false,"isConnectorSelected":false,"isDraggable":1,"isDeletable":1,"hasElementMoved":false,"eventLog":[{"time":1702310999427,"type":"create node","value":-3}],"isTextChangeable":1},{"id":"9e5f18ba-bdf2-4ab1-b6e3-e9cea0d52109","value":-1,"text":"acceptance of the treated","comment":"","position":{"x":198,"y":228},"isActive":true,"date":1702310999427,"kind":"Node","isSelected":false,"isConnectorSelected":false,"isDraggable":1,"isDeletable":1,"hasElementMoved":false,"eventLog":[{"time":1702310999427,"type":"create node","value":-2},{"time":1702311006671,"type":"selected","value":1},{"time":1702311011805,"type":"value","value":-1},{"time":1702311011805,"type":"selected","value":0}],"isTextChangeable":1},{"id":"1d37e9e1-5735-4d17-b836-d5f4e74e70d5","value":-3,"text":"data protection","comment":"","position":{"x":390,"y":528},"isActive":true,"date":1702310999427,"kind":"Node","isSelected":false,"isConnectorSelected":false,"isDraggable":1,"isDeletable":1,"hasElementMoved":false,"eventLog":[{"time":1702310999427,"type":"create node","value":-3}],"isTextChangeable":1},{"id":"da24c1f8-cd9f-4e94-986b-7bd76d4cf6ff","value":3,"text":"good scalability","comment":"","position":{"x":895,"y":239},"isActive":true,"date":1702310999427,"kind":"Node","isSelected":false,"isConnectorSelected":false,"isDraggable":1,"isDeletable":1,"hasElementMoved":false,"eventLog":[{"time":1702310999427,"type":"create node","value":3}],"isTextChangeable":1},{"id":"819aa391-f0d4-49db-a906-063db7db6ef0","value":3,"text":"Avoiding loneliness","comment":"Since people can build relationships with robots, they do not feel so lonely.","position":{"x":811,"y":61},"isActive":true,"date":1702311041317,"kind":"Node","isSelected":false,"isConnectorSelected":true,"isDraggable":1,"isDeletable":1,"hasElementMoved":false,"eventLog":[{"time":"1702311041317","type":"create node","value":[0]},{"time":"1702311042427","type":"selected","value":[true]},{"time":"1702311071493","type":"text","value":["Vermeiden von Einsamkeit"]},{"time":"1702311071493","type":"value","value":[2]},{"time":"1702311071493","type":"comment","value":["Da die Menschen zu den Robotern Beziehungen aufbauen können vereinsamen sie nicht so."]},{"time":"1702311071493","type":"selected","value":[false]},{"time":"1702311072620","type":"selected","value":[true]},{"time":"1702311074628","type":"value","value":[3]},{"time":"1702311074628","type":"selected","value":[false]},{"time":"2023-12-11T16:11:57.236Z","type":"position","value":{"x":[1060],"y":[371]}},{"time":"2023-12-11T16:11:57.419Z","type":"position","value":{"x":[927],"y":[217]}},{"time":"2023-12-11T16:11:57.435Z","type":"position","value":{"x":[909],"y":[198]}},{"time":"2023-12-11T16:11:57.636Z","type":"position","value":{"x":[814],"y":[62]}}],"isTextChangeable":1},{"id":"65711c01-c2d5-4375-8067-3e0d57e89095","value":-2,"text":"unhealthy relationships","comment":"People could develop unhealthy relationships with robots and thereby lose more contact with humans.","position":{"x":477,"y":54},"isActive":true,"date":1702311078107,"kind":"Node","isSelected":false,"isConnectorSelected":true,"isDraggable":1,"isDeletable":1,"hasElementMoved":false,"eventLog":[{"time":"1702311078107","type":"create node","value":[0]},{"time":"1702311078177","type":"selected","value":[true]},{"time":"1702311109344","type":"text","value":["Ungesunde Beziehungen"]},{"time":"1702311109344","type":"value","value":[-2]},{"time":"1702311109344","type":"comment","value":["Die Menschen könnten ungesunde Beziehungen zu Robotern aufbauen und dadurch mehr den Kontakt zu Menschen verlieren."]},{"time":"1702311109344","type":"selected","value":[false]},{"time":"1702311110514","type":"selected","value":[true]},{"time":"1702311110918","type":"selected","value":[false]},{"time":"2023-12-11T16:11:58.809Z","type":"position","value":{"x":[441],"y":[217]}},{"time":"2023-12-11T16:11:59.137Z","type":"position","value":{"x":[491],"y":[66]}}],"isTextChangeable":1}],"connectors":[{"id":"26c240a4-4ce3-42b2-ba5d-8669167c0e67","source":"6f4e27c6-0d20-47db-a59d-2614aeec7861","target":"aba4bee6-4db3-4b65-8b89-ab1afd96a81d","agreement":true,"isActive":true,"date":1702310999427,"kind":"Connector","isSelected":false,"intensity":3,"isDeletable":false,"isOver":false,"isBidirectional":false,"eventLog":[{"time":1702310999427,"type":"create connection"}]},{"id":"e4634f91-5f59-4f13-ad48-44dbaa90c941","source":"6f4e27c6-0d20-47db-a59d-2614aeec7861","target":"ce9cb34e-53d1-4a16-8f1a-be3ce40b9743","agreement":true,"isActive":true,"date":1702310999427,"kind":"Connector","isSelected":false,"intensity":3,"isDeletable":true,"isOver":false,"isBidirectional":false,"eventLog":[{"time":1702310999427,"type":"create connection"}]},{"id":"4b0fb78a-e22a-416c-a329-1c1d37201ebe","source":"aba4bee6-4db3-4b65-8b89-ab1afd96a81d","target":"3ce749c8-49a7-4290-bc6e-b23f6a2344e7","agreement":true,"isActive":true,"date":1702310999427,"kind":"Connector","isSelected":false,"intensity":3,"isDeletable":true,"isOver":false,"isBidirectional":false,"eventLog":[{"time":1702310999427,"type":"create connection"}]},{"id":"0d9b1e91-bc42-4986-b4de-6c07648e5403","source":"d77057bc-f423-4a12-bdf3-3be424b89a89","target":"aba4bee6-4db3-4b65-8b89-ab1afd96a81d","agreement":true,"isActive":true,"date":1702310999427,"kind":"Connector","isSelected":false,"intensity":3,"isDeletable":true,"isOver":false,"isBidirectional":false,"eventLog":[{"time":1702310999427,"type":"create connection"}]},{"id":"29f716e3-6e66-4014-b1f8-f1933391e923","source":"aba4bee6-4db3-4b65-8b89-ab1afd96a81d","target":"6e863b53-1a0d-425c-ab8e-48b7c37e0fc9","agreement":true,"isActive":true,"date":1702310999427,"kind":"Connector","isSelected":false,"intensity":3,"isDeletable":true,"isOver":false,"isBidirectional":false,"eventLog":[{"time":1702310999427,"type":"create connection"}]},{"id":"53264636-0f04-422c-8a87-e86eb141be87","source":"ce9cb34e-53d1-4a16-8f1a-be3ce40b9743","target":"6d3a685b-2317-445b-887d-762cbf40c60e","agreement":true,"isActive":true,"date":1702310999427,"kind":"Connector","isSelected":false,"intensity":3,"isDeletable":true,"isOver":false,"isBidirectional":false,"eventLog":[{"time":1702310999427,"type":"create connection"}]},{"id":"e07fecc6-afea-4985-9203-4418ffbf66c2","source":"ce9cb34e-53d1-4a16-8f1a-be3ce40b9743","target":"991d44b5-2213-45ca-96f6-2478a2fa78e3","agreement":true,"isActive":true,"date":1702310999428,"kind":"Connector","isSelected":false,"intensity":3,"isDeletable":true,"isOver":false,"isBidirectional":false,"eventLog":[{"time":1702310999428,"type":"create connection"}]},{"id":"127be287-474a-4ee9-afbd-248d1d764d44","source":"3267e160-1faa-4e36-a740-b1cacc46289d","target":"ce9cb34e-53d1-4a16-8f1a-be3ce40b9743","agreement":true,"isActive":true,"date":1702310999428,"kind":"Connector","isSelected":false,"intensity":3,"isDeletable":true,"isOver":false,"isBidirectional":false,"eventLog":[{"time":1702310999428,"type":"create connection"}]},{"id":"bac999a8-c0f6-4e4d-b122-236f60f2855f","source":"8ce10f2a-0e28-4794-8154-fc30e3132538","target":"aba4bee6-4db3-4b65-8b89-ab1afd96a81d","agreement":true,"isActive":true,"date":1702310999428,"kind":"Connector","isSelected":false,"intensity":3,"isDeletable":true,"isOver":false,"isBidirectional":false,"eventLog":[{"time":1702310999428,"type":"create connection"}]},{"id":"609f6a83-cc5b-4fca-bb67-10a519aada14","source":"9e5f18ba-bdf2-4ab1-b6e3-e9cea0d52109","target":"aba4bee6-4db3-4b65-8b89-ab1afd96a81d","agreement":true,"isActive":true,"date":1702310999428,"kind":"Connector","isSelected":false,"intensity":3,"isDeletable":true,"isOver":false,"isBidirectional":false,"eventLog":[{"time":1702310999428,"type":"create connection"}]},{"id":"e111fdce-d0fc-4c80-b82b-3d6cb0c658e4","source":"1d37e9e1-5735-4d17-b836-d5f4e74e70d5","target":"aba4bee6-4db3-4b65-8b89-ab1afd96a81d","agreement":true,"isActive":true,"date":1702310999428,"kind":"Connector","isSelected":false,"intensity":3,"isDeletable":true,"isOver":false,"isBidirectional":false,"eventLog":[{"time":1702310999428,"type":"create connection"}]},{"id":"cb084e8b-a6d2-4cf6-8a1e-68cc6a1da5d3","source":"ce9cb34e-53d1-4a16-8f1a-be3ce40b9743","target":"da24c1f8-cd9f-4e94-986b-7bd76d4cf6ff","agreement":true,"isActive":true,"date":1702310999428,"kind":"Connector","isSelected":false,"intensity":3,"isDeletable":true,"isOver":false,"isBidirectional":false,"eventLog":[{"time":1702310999428,"type":"create connection"}]},{"id":"5462cffa-ada8-48a1-b7f0-f73201de874f","source":"8ce10f2a-0e28-4794-8154-fc30e3132538","target":"991d44b5-2213-45ca-96f6-2478a2fa78e3","agreement":false,"isActive":true,"date":1702310999428,"kind":"Connector","isSelected":false,"intensity":3,"isDeletable":true,"isOver":false,"isBidirectional":false,"eventLog":[{"time":1702310999428,"type":"create connection"}]},{"id":"44b42058-a24c-4d2e-914d-43ffdd6a1645","source":"3ce749c8-49a7-4290-bc6e-b23f6a2344e7","target":"6d3a685b-2317-445b-887d-762cbf40c60e","agreement":true,"isActive":true,"date":1702310999428,"kind":"Connector","isSelected":false,"intensity":3,"isDeletable":true,"isOver":false,"isBidirectional":false,"eventLog":[{"time":1702310999428,"type":"create connection"}]},{"id":"2691cc56-e9de-42f9-a2c7-1d2631663dc4","source":"ce9cb34e-53d1-4a16-8f1a-be3ce40b9743","target":"819aa391-f0d4-49db-a906-063db7db6ef0","agreement":true,"isActive":true,"date":1702311076530,"kind":"Connector","isSelected":false,"intensity":3,"isDeletable":true,"isOver":false,"isBidirectional":false,"eventLog":[{"time":1702311076530,"type":"create connection"}]},{"id":"0495c503-cd0c-4b89-91c6-4d5bb1354703","source":"aba4bee6-4db3-4b65-8b89-ab1afd96a81d","target":"65711c01-c2d5-4375-8067-3e0d57e89095","agreement":true,"isActive":true,"date":1702311112640,"kind":"Connector","isSelected":false,"intensity":3,"isDeletable":true,"isOver":false,"isBidirectional":false,"eventLog":[{"time":1702311112640,"type":"create connection"}]},{"id":"7f0180de-1bd7-4b6b-93fb-d15989ab1c0a","source":"65711c01-c2d5-4375-8067-3e0d57e89095","target":"819aa391-f0d4-49db-a906-063db7db6ef0","agreement":true,"isActive":true,"date":1702311120328,"kind":"Connector","isSelected":false,"intensity":3,"isDeletable":true,"isOver":false,"isBidirectional":false,"eventLog":[{"time":1702311120328,"type":"create connection"},{"time":1702311122113,"type":"selected","value":1},{"time":1702311131686,"type":"change intensity of connector","value":3},{"time":1702311131686,"type":"selected","value":0}]}],"currentID":["7f0180de-1bd7-4b6b-93fb-d15989ab1c0a"],"currentNode":{},"hasSelectedNode":[false],"currentConnector":{"id":["7f0180de-1bd7-4b6b-93fb-d15989ab1c0a"],"value":{},"source":["65711c01-c2d5-4375-8067-3e0d57e89095"],"target":["819aa391-f0d4-49db-a906-063db7db6ef0"],"agreement":[true],"isActive":[true],"date":[1702311120328],"kind":["Connector"],"isSelected":[false],"intensity":[3],"isDeletable":[true],"isOver":[false],"isBidirectional":[false],"eventLog":[{"time":1702311120328,"type":"create connection"},{"time":1702311122113,"type":"selected","value":1},{"time":1702311131686,"type":"change intensity of connector","value":3},{"time":1702311131686,"type":"selected","value":0}]},"hasSelectedConnector":[true],"readyToMove":[false],"isIncoming":[false],"hasElementMoved":[false]}
