{"idCAM":["2db177d4-28b3-4736-9646-e701b2d42e24"],"creator":["5be95af71ca46b0001862746_post"],"projectCAM":["S2_CAM part 2"],"defocusCAM":[null],"date":[1702310897499],"nodes":[{"id":"58f1618e-8359-42a7-b4ea-64b3cf831fce","value":0,"text":"social assistance robot","comment":"","position":{"x":650,"y":400},"isActive":true,"date":1702310898384,"kind":"Node","isSelected":false,"isConnectorSelected":false,"isDraggable":0,"isDeletable":0,"hasElementMoved":false,"eventLog":[{"time":1702310898384,"type":"create node","value":0}],"isTextChangeable":0},{"id":"7b9a6ad1-2a94-41e3-95d7-827acf0d01da","value":0,"text":"disadvantages","comment":"","position":{"x":450,"y":400},"isActive":true,"date":1702310898386,"kind":"Node","isSelected":false,"isConnectorSelected":false,"isDraggable":0,"isDeletable":0,"hasElementMoved":false,"eventLog":[{"time":1702310898386,"type":"create node","value":0}],"isTextChangeable":0},{"id":"c29460ad-52a7-409a-9ad3-d764fe8d8ea0","value":0,"text":"advantages","comment":"","position":{"x":850,"y":400},"isActive":true,"date":1702310898386,"kind":"Node","isSelected":false,"isConnectorSelected":false,"isDraggable":0,"isDeletable":0,"hasElementMoved":false,"eventLog":[{"time":1702310898386,"type":"create node","value":0}],"isTextChangeable":0},{"id":"6b88105a-85c1-47c3-8377-45e91d803af0","value":2,"text":"cost savings","comment":"","position":{"x":854,"y":535},"isActive":true,"date":1702310898386,"kind":"Node","isSelected":false,"isConnectorSelected":false,"isDraggable":1,"isDeletable":1,"hasElementMoved":false,"eventLog":[{"time":1702310898386,"type":"create node","value":2}],"isTextChangeable":1},{"id":"f305cc69-616e-4782-a102-5bd7cebe7419","value":2,"text":"compensation for shortage of skilled workers","comment":"","position":{"x":1014,"y":516},"isActive":true,"date":1702310898386,"kind":"Node","isSelected":false,"isConnectorSelected":false,"isDraggable":1,"isDeletable":1,"hasElementMoved":false,"eventLog":[{"time":1702310898386,"type":"create node","value":2}],"isTextChangeable":1},{"id":"8613842e-f540-48b8-8c9d-0e0c4f9120c9","value":1,"text":"care 24/7","comment":"","position":{"x":848,"y":282},"isActive":true,"date":1702310898386,"kind":"Node","isSelected":false,"isConnectorSelected":false,"isDraggable":1,"isDeletable":1,"hasElementMoved":false,"eventLog":[{"time":1702310898386,"type":"create node","value":1}],"isTextChangeable":1},{"id":"0583bed2-ff36-49e6-8dc2-6fdbdc0c28bb","value":1,"text":"support of the staff","comment":"","position":{"x":1007,"y":310},"isActive":true,"date":1702310898386,"kind":"Node","isSelected":false,"isConnectorSelected":false,"isDraggable":1,"isDeletable":1,"hasElementMoved":false,"eventLog":[{"time":1702310898386,"type":"create node","value":0},{"time":1702311000022,"type":"selected","value":1},{"time":1702311001987,"type":"value","value":1},{"time":1702311001987,"type":"selected","value":0}],"isTextChangeable":1},{"id":"4d42890a-4b89-4d2d-811a-0c606c19f63e","value":1,"text":"better analysis","comment":"","position":{"x":1060,"y":401},"isActive":true,"date":1702310898386,"kind":"Node","isSelected":false,"isConnectorSelected":false,"isDraggable":1,"isDeletable":1,"hasElementMoved":false,"eventLog":[{"time":1702310898386,"type":"create node","value":0},{"time":1702310996930,"type":"selected","value":1},{"time":1702310999020,"type":"value","value":1},{"time":1702310999020,"type":"selected","value":0}],"isTextChangeable":1},{"id":"1eba5339-3762-4d97-a625-b61e8894224e","value":-2,"text":"missing human contact","comment":"","position":{"x":438,"y":526},"isActive":true,"date":1702310898387,"kind":"Node","isSelected":false,"isConnectorSelected":false,"isDraggable":1,"isDeletable":1,"hasElementMoved":false,"eventLog":[{"time":1702310898387,"type":"create node","value":-2}],"isTextChangeable":1},{"id":"aff1d8c7-ce7b-46eb-8c7b-9460c5fdc791","value":10,"text":"programming","comment":"","position":{"x":280,"y":392},"isActive":true,"date":1702310898387,"kind":"Node","isSelected":false,"isConnectorSelected":false,"isDraggable":1,"isDeletable":1,"hasElementMoved":false,"eventLog":[{"time":1702310898387,"type":"create node","value":10}],"isTextChangeable":1},{"id":"44577d36-581d-413f-be08-70940cd4098c","value":10,"text":"social factors","comment":"","position":{"x":331,"y":286},"isActive":true,"date":1702310898387,"kind":"Node","isSelected":false,"isConnectorSelected":false,"isDraggable":1,"isDeletable":1,"hasElementMoved":false,"eventLog":[{"time":1702310898387,"type":"create node","value":-1},{"time":1702311007093,"type":"selected","value":1},{"time":1702311011027,"type":"value","value":10},{"time":1702311011027,"type":"selected","value":0}],"isTextChangeable":1},{"id":"5bd7f172-7dfe-407a-83cd-9568215bc77d","value":-1,"text":"no experience","comment":"","position":{"x":512,"y":241},"isActive":true,"date":1702310898387,"kind":"Node","isSelected":false,"isConnectorSelected":false,"isDraggable":1,"isDeletable":1,"hasElementMoved":false,"eventLog":[{"time":1702310898387,"type":"create node","value":-1},{"time":1702311034733,"type":"selected","value":1},{"time":1702311036076,"type":"selected","value":0}],"isTextChangeable":1},{"id":"0d63d9f1-c713-4ad3-8e15-c2309f3ff848","value":-1,"text":"digitization","comment":"","position":{"x":592,"y":307},"isActive":true,"date":1702310898387,"kind":"Node","isSelected":false,"isConnectorSelected":false,"isDraggable":1,"isDeletable":1,"hasElementMoved":false,"eventLog":[{"time":1702310898387,"type":"create node","value":-1}],"isTextChangeable":1},{"id":"0a0eb093-e0b8-4a4b-b5cd-f09c55795af2","value":1,"text":"emotional support","comment":"","position":{"x":870,"y":179},"isActive":true,"date":1702310939988,"kind":"Node","isSelected":false,"isConnectorSelected":false,"isDraggable":1,"isDeletable":1,"hasElementMoved":false,"eventLog":[{"time":1702310939988,"type":"create node","value":"0"},{"time":1702310941428,"type":"selected","value":"TRUE"},{"time":1702310969999,"type":"text","value":"Emotionale Unterstützung"},{"time":1702310969999,"type":"value","value":"1"},{"time":1702310969999,"type":"selected","value":"FALSE"},{"time":1702310987001,"type":"selected","value":"TRUE"},{"time":1702310994260,"type":"selected","value":"FALSE"}],"isTextChangeable":1},{"id":"6b953e8c-ed70-4d3d-a1d9-31590c385c0a","value":0,"text":"","comment":"","position":{"x":1005,"y":188},"isActive":false,"date":1702311046304,"kind":"Node","isSelected":false,"isConnectorSelected":false,"isDraggable":1,"isDeletable":1,"hasElementMoved":false,"eventLog":[{"time":1702311046304,"type":"create node","value":0},{"time":1702311050423,"type":"selected","value":1},{"time":1702311051978,"type":"node was deleted","value":-99}],"isTextChangeable":1},{"id":"14f7e517-a1da-459c-91b1-cf90a5202c7e","value":0,"text":"","comment":"","position":{"x":1086,"y":172},"isActive":false,"date":1702311047202,"kind":"Node","isSelected":false,"isConnectorSelected":false,"isDraggable":1,"isDeletable":1,"hasElementMoved":false,"eventLog":[{"time":1702311047202,"type":"create node","value":0},{"time":1702311048591,"type":"selected","value":1},{"time":1702311049641,"type":"node was deleted","value":-99}],"isTextChangeable":1}],"connectors":[{"id":"b91fe962-a6e7-4310-8fb7-8abb8368b0ee","source":"58f1618e-8359-42a7-b4ea-64b3cf831fce","target":"7b9a6ad1-2a94-41e3-95d7-827acf0d01da","agreement":true,"isActive":true,"date":1702310898388,"kind":"Connector","isSelected":false,"intensity":3,"isDeletable":false,"isOver":false,"isBidirectional":false,"eventLog":[{"time":1702310898388,"type":"create connection"}]},{"id":"bf3309af-4da3-4ec2-987d-3c2c6c6baf55","source":"58f1618e-8359-42a7-b4ea-64b3cf831fce","target":"c29460ad-52a7-409a-9ad3-d764fe8d8ea0","agreement":true,"isActive":true,"date":1702310898388,"kind":"Connector","isSelected":false,"intensity":3,"isDeletable":true,"isOver":false,"isBidirectional":false,"eventLog":[{"time":1702310898388,"type":"create connection"}]},{"id":"e6b89cec-b54a-4327-a83d-80894085ea85","source":"c29460ad-52a7-409a-9ad3-d764fe8d8ea0","target":"6b88105a-85c1-47c3-8377-45e91d803af0","agreement":true,"isActive":true,"date":1702310898388,"kind":"Connector","isSelected":false,"intensity":6,"isDeletable":true,"isOver":false,"isBidirectional":false,"eventLog":[{"time":1702310898388,"type":"create connection"}]},{"id":"c7df9f67-ca94-42b5-96f0-26c55b4950e2","source":"f305cc69-616e-4782-a102-5bd7cebe7419","target":"c29460ad-52a7-409a-9ad3-d764fe8d8ea0","agreement":true,"isActive":true,"date":1702310898389,"kind":"Connector","isSelected":false,"intensity":3,"isDeletable":true,"isOver":false,"isBidirectional":false,"eventLog":[{"time":1702310898389,"type":"create connection"}]},{"id":"70476fba-e52f-4b31-8b39-3eb1b0e8069c","source":"8613842e-f540-48b8-8c9d-0e0c4f9120c9","target":"c29460ad-52a7-409a-9ad3-d764fe8d8ea0","agreement":true,"isActive":true,"date":1702310898389,"kind":"Connector","isSelected":false,"intensity":3,"isDeletable":true,"isOver":false,"isBidirectional":false,"eventLog":[{"time":1702310898389,"type":"create connection"}]},{"id":"4cd90725-0936-452b-bb65-26be6135fa1e","source":"0583bed2-ff36-49e6-8dc2-6fdbdc0c28bb","target":"c29460ad-52a7-409a-9ad3-d764fe8d8ea0","agreement":true,"isActive":true,"date":1702310898389,"kind":"Connector","isSelected":false,"intensity":3,"isDeletable":true,"isOver":false,"isBidirectional":false,"eventLog":[{"time":1702310898389,"type":"create connection"}]},{"id":"5d1306dc-fa9e-4aab-9199-d6a5774ba397","source":"0583bed2-ff36-49e6-8dc2-6fdbdc0c28bb","target":"8613842e-f540-48b8-8c9d-0e0c4f9120c9","agreement":true,"isActive":true,"date":1702310898389,"kind":"Connector","isSelected":false,"intensity":3,"isDeletable":true,"isOver":false,"isBidirectional":false,"eventLog":[{"time":1702310898389,"type":"create connection"}]},{"id":"219d5047-73f5-483d-8770-45e5b1ee4faa","source":"4d42890a-4b89-4d2d-811a-0c606c19f63e","target":"c29460ad-52a7-409a-9ad3-d764fe8d8ea0","agreement":true,"isActive":true,"date":1702310898390,"kind":"Connector","isSelected":false,"intensity":3,"isDeletable":true,"isOver":false,"isBidirectional":false,"eventLog":[{"time":1702310898390,"type":"create connection"}]},{"id":"d160456f-85fe-4424-80d7-e294b1f0a10a","source":"4d42890a-4b89-4d2d-811a-0c606c19f63e","target":"0583bed2-ff36-49e6-8dc2-6fdbdc0c28bb","agreement":true,"isActive":true,"date":1702310898390,"kind":"Connector","isSelected":false,"intensity":6,"isDeletable":true,"isOver":false,"isBidirectional":false,"eventLog":[{"time":1702310898390,"type":"create connection"}]},{"id":"f2d26f00-fb3a-4291-b333-7bdfe051baba","source":"1eba5339-3762-4d97-a625-b61e8894224e","target":"7b9a6ad1-2a94-41e3-95d7-827acf0d01da","agreement":true,"isActive":true,"date":1702310898390,"kind":"Connector","isSelected":false,"intensity":6,"isDeletable":true,"isOver":false,"isBidirectional":false,"eventLog":[{"time":1702310898390,"type":"create connection"}]},{"id":"3038fa2e-7bd3-42fe-b48b-5d78b87bdad4","source":"7b9a6ad1-2a94-41e3-95d7-827acf0d01da","target":"aff1d8c7-ce7b-46eb-8c7b-9460c5fdc791","agreement":true,"isActive":true,"date":1702310898390,"kind":"Connector","isSelected":false,"intensity":6,"isDeletable":true,"isOver":false,"isBidirectional":false,"eventLog":[{"time":1702310898390,"type":"create connection"}]},{"id":"ecfa805d-d2fa-436a-a6b5-ddecd8574212","source":"7b9a6ad1-2a94-41e3-95d7-827acf0d01da","target":"44577d36-581d-413f-be08-70940cd4098c","agreement":true,"isActive":true,"date":1702310898390,"kind":"Connector","isSelected":false,"intensity":3,"isDeletable":true,"isOver":false,"isBidirectional":false,"eventLog":[{"time":1702310898390,"type":"create connection"}]},{"id":"25e9ace0-7775-4716-89f7-404597cd4a29","source":"44577d36-581d-413f-be08-70940cd4098c","target":"aff1d8c7-ce7b-46eb-8c7b-9460c5fdc791","agreement":true,"isActive":true,"date":1702310898390,"kind":"Connector","isSelected":false,"intensity":3,"isDeletable":true,"isOver":false,"isBidirectional":false,"eventLog":[{"time":1702310898390,"type":"create connection"}]},{"id":"cf39eb9a-17a0-4e50-af25-a3b00161ff08","source":"44577d36-581d-413f-be08-70940cd4098c","target":"1eba5339-3762-4d97-a625-b61e8894224e","agreement":true,"isActive":true,"date":1702310898391,"kind":"Connector","isSelected":false,"intensity":3,"isDeletable":true,"isOver":false,"isBidirectional":false,"eventLog":[{"time":1702310898391,"type":"create connection"}]},{"id":"8e48ee7b-f4ce-4704-a9d1-4375fe6e6343","source":"5bd7f172-7dfe-407a-83cd-9568215bc77d","target":"7b9a6ad1-2a94-41e3-95d7-827acf0d01da","agreement":true,"isActive":true,"date":1702310898391,"kind":"Connector","isSelected":false,"intensity":3,"isDeletable":true,"isOver":false,"isBidirectional":false,"eventLog":[{"time":1702310898391,"type":"create connection"}]},{"id":"4f640efd-1089-4dc1-b707-6b0707f4849c","source":"0d63d9f1-c713-4ad3-8e15-c2309f3ff848","target":"7b9a6ad1-2a94-41e3-95d7-827acf0d01da","agreement":true,"isActive":true,"date":1702310898391,"kind":"Connector","isSelected":false,"intensity":3,"isDeletable":true,"isOver":false,"isBidirectional":false,"eventLog":[{"time":1702310898391,"type":"create connection"}]},{"id":"f8bdae81-1fdb-4490-9eb3-afe24de847f9","source":"0a0eb093-e0b8-4a4b-b5cd-f09c55795af2","target":"8613842e-f540-48b8-8c9d-0e0c4f9120c9","agreement":true,"isActive":true,"date":1702310971638,"kind":"Connector","isSelected":false,"intensity":3,"isDeletable":true,"isOver":false,"isBidirectional":false,"eventLog":[{"time":1702310971638,"type":"create connection"},{"time":1702310976145,"type":"selected","value":1},{"time":1702310977923,"type":"change intensity of connector","value":3},{"time":1702310977923,"type":"selected","value":0}]},{"id":"34bef721-be1f-4451-b3dc-03905f737984","source":"0a0eb093-e0b8-4a4b-b5cd-f09c55795af2","target":"0583bed2-ff36-49e6-8dc2-6fdbdc0c28bb","agreement":true,"isActive":true,"date":1702311045574,"kind":"Connector","isSelected":false,"intensity":3,"isDeletable":true,"isOver":false,"isBidirectional":false,"eventLog":[{"time":1702311045574,"type":"create connection"}]}],"currentID":{},"currentNode":{},"hasSelectedNode":[false],"currentConnector":{},"hasSelectedConnector":[false],"readyToMove":[false],"isIncoming":[false]}
