{"idCAM":["c392b2bf-f22c-41bb-a005-2c3c47e98a55"],"creator":["5c9fd46cfd19090012b4ac8b_post"],"projectCAM":["S2_CAM part 2"],"defocusCAM":[],"date":[1702311716989],"nodes":[{"id":"40722198-99e4-4cd1-9fb4-93b3ee015e8d","value":1,"text":"social assistance robot","comment":"","position":{"x":650,"y":400},"isActive":true,"date":1702311717867,"kind":"Node","isSelected":false,"isConnectorSelected":false,"isDraggable":0,"isDeletable":0,"hasElementMoved":false,"eventLog":[{"time":1702311717867,"type":"create node","value":1},{"time":1702311725744,"type":"selected","value":1},{"time":1702311728925,"type":"selected","value":0}],"isTextChangeable":0},{"id":"0cb7b7e1-b9a9-4f20-9a1d-dae85172c95f","value":-3,"text":"disadvantages","comment":"","position":{"x":450,"y":400},"isActive":true,"date":1702311717867,"kind":"Node","isSelected":false,"isConnectorSelected":false,"isDraggable":0,"isDeletable":0,"hasElementMoved":false,"eventLog":[{"time":1702311717867,"type":"create node","value":-3}],"isTextChangeable":0},{"id":"aa21df8f-16e9-4ea2-80f6-04c85e8b6f39","value":3,"text":"advantages","comment":"","position":{"x":850,"y":400},"isActive":true,"date":1702311717867,"kind":"Node","isSelected":false,"isConnectorSelected":false,"isDraggable":0,"isDeletable":0,"hasElementMoved":false,"eventLog":[{"time":1702311717867,"type":"create node","value":3}],"isTextChangeable":0},{"id":"c263a1ac-7c9a-475a-bac7-a52b5872cd66","value":1,"text":"interaction","comment":"","position":{"x":769,"y":269.3333},"isActive":true,"date":1702311717867,"kind":"Node","isSelected":false,"isConnectorSelected":false,"isDraggable":1,"isDeletable":1,"hasElementMoved":false,"eventLog":[{"time":1702311717867,"type":"create node","value":1}],"isTextChangeable":1},{"id":"1c2e1029-e6a9-410d-9508-3bd206371795","value":2,"text":"therapy","comment":"","position":{"x":946,"y":297.3333},"isActive":true,"date":1702311717867,"kind":"Node","isSelected":false,"isConnectorSelected":false,"isDraggable":1,"isDeletable":1,"hasElementMoved":false,"eventLog":[{"time":1702311717867,"type":"create node","value":2}],"isTextChangeable":1},{"id":"2d96298f-3048-4448-8d8a-1a78f2444c0f","value":0,"text":"learning difficulties","comment":"","position":{"x":1149,"y":306.3333},"isActive":true,"date":1702311717867,"kind":"Node","isSelected":false,"isConnectorSelected":false,"isDraggable":1,"isDeletable":1,"hasElementMoved":false,"eventLog":[{"time":1702311717867,"type":"create node","value":0}],"isTextChangeable":1},{"id":"82b699d0-fcea-4788-aabc-533d13077510","value":3,"text":"education and learning","comment":"","position":{"x":982,"y":503.3333},"isActive":true,"date":1702311717867,"kind":"Node","isSelected":false,"isConnectorSelected":false,"isDraggable":1,"isDeletable":1,"hasElementMoved":false,"eventLog":[{"time":1702311717867,"type":"create node","value":3}],"isTextChangeable":1},{"id":"7da90bec-e3d9-4e4a-9a87-77908870b15c","value":0,"text":"adult","comment":"","position":{"x":748,"y":543.3333},"isActive":true,"date":1702311717867,"kind":"Node","isSelected":false,"isConnectorSelected":false,"isDraggable":1,"isDeletable":1,"hasElementMoved":false,"eventLog":[{"time":1702311717867,"type":"create node","value":0}],"isTextChangeable":1},{"id":"83304e2e-cfb5-4a08-89f5-6b62ae0095a8","value":0,"text":"Helps with staff shortage","comment":"","position":{"x":408,"y":563.3333},"isActive":true,"date":1702311717868,"kind":"Node","isSelected":false,"isConnectorSelected":false,"isDraggable":1,"isDeletable":1,"hasElementMoved":false,"eventLog":[{"time":1702311717868,"type":"create node","value":0}],"isTextChangeable":1},{"id":"6cc7b5fd-fe16-4a08-8783-5e1fd9220334","value":0,"text":"children","comment":"","position":{"x":1072,"y":409.3333},"isActive":true,"date":1702311717868,"kind":"Node","isSelected":false,"isConnectorSelected":false,"isDraggable":1,"isDeletable":1,"hasElementMoved":false,"eventLog":[{"time":1702311717868,"type":"create node","value":0}],"isTextChangeable":1},{"id":"b9483f29-c1d3-4dcf-b811-7f6cf011354a","value":0,"text":"autism","comment":"","position":{"x":941,"y":197.3333},"isActive":true,"date":1702311717868,"kind":"Node","isSelected":false,"isConnectorSelected":false,"isDraggable":1,"isDeletable":1,"hasElementMoved":false,"eventLog":[{"time":1702311717868,"type":"create node","value":0}],"isTextChangeable":1},{"id":"03e6c3d2-6880-4a43-af83-7bdb90c20749","value":-1,"text":"dependence","comment":"","position":{"x":570,"y":279.3333},"isActive":true,"date":1702311717868,"kind":"Node","isSelected":false,"isConnectorSelected":false,"isDraggable":1,"isDeletable":1,"hasElementMoved":false,"eventLog":[{"time":1702311717868,"type":"create node","value":-1}],"isTextChangeable":1},{"id":"767ac817-b55b-4c11-a8f6-c855e71008ba","value":-3,"text":"unemployment","comment":"","position":{"x":236,"y":485.3333},"isActive":true,"date":1702311717868,"kind":"Node","isSelected":false,"isConnectorSelected":false,"isDraggable":1,"isDeletable":1,"hasElementMoved":false,"eventLog":[{"time":1702311717868,"type":"create node","value":-3}],"isTextChangeable":1},{"id":"23f7df76-b351-4146-9aa2-1737e52c1e7e","value":10,"text":"costs","comment":"","position":{"x":659,"y":199.3333},"isActive":true,"date":1702311717868,"kind":"Node","isSelected":false,"isConnectorSelected":false,"isDraggable":1,"isDeletable":1,"hasElementMoved":false,"eventLog":[{"time":1702311717868,"type":"create node","value":10}],"isTextChangeable":1},{"id":"fc5ef53b-2d93-4843-98fd-3977e4d6ea85","value":-3,"text":"replacement for staff","comment":"","position":{"x":301,"y":359.3333},"isActive":true,"date":1702311717868,"kind":"Node","isSelected":false,"isConnectorSelected":false,"isDraggable":1,"isDeletable":1,"hasElementMoved":false,"eventLog":[{"time":1702311717868,"type":"create node","value":-3}],"isTextChangeable":1},{"id":"d7521e62-3e1a-4840-981f-5e9d93972d54","value":-2,"text":"bad influence social behavior","comment":"","position":{"x":416,"y":272.3333},"isActive":true,"date":1702311717868,"kind":"Node","isSelected":false,"isConnectorSelected":false,"isDraggable":1,"isDeletable":1,"hasElementMoved":false,"eventLog":[{"time":1702311717868,"type":"create node","value":-2}],"isTextChangeable":1},{"id":"21fe0090-de11-4c8f-998a-458e3a8811b7","value":10,"text":"soft robot","comment":"","position":{"x":757,"y":130.3333},"isActive":true,"date":1702311729581,"kind":"Node","isSelected":false,"isConnectorSelected":false,"isDraggable":1,"isDeletable":1,"hasElementMoved":false,"eventLog":[{"time":"1702311729581","type":"create node","value":[0]},{"time":"1702311729721","type":"selected","value":[true]},{"time":"1702311744470","type":"text","value":["Softer Roboter"]},{"time":"1702311744470","type":"value","value":[10]},{"time":"1702311744470","type":"selected","value":[false]},{"time":"2023-12-11T16:22:28.913Z","type":"position","value":{"x":[672],"y":[355.3333]}},{"time":"2023-12-11T16:22:30.157Z","type":"position","value":{"x":[730],"y":[205.3333]}},{"time":"1702311848745","type":"selected","value":[true]},{"time":"1702311849797","type":"selected","value":[false]}],"isTextChangeable":1},{"id":"3e076b30-e365-45e4-93f8-5f7660acce79","value":1,"text":"soft materials","comment":"","position":{"x":922,"y":72.3333},"isActive":true,"date":1702311779825,"kind":"Node","isSelected":false,"isConnectorSelected":false,"isDraggable":1,"isDeletable":1,"hasElementMoved":false,"eventLog":[{"time":1702311779825,"type":"create node","value":"0"},{"time":1702311779854,"type":"selected","value":"TRUE"},{"time":1702311785380,"type":"text","value":"weiche Materialien"},{"time":1702311785380,"type":"selected","value":"FALSE"},{"time":1702311887032,"type":"selected","value":"TRUE"},{"time":1702311887450,"type":"selected","value":"FALSE"},{"time":1702311889379,"type":"selected","value":"TRUE"},{"time":1702311889799,"type":"selected","value":"FALSE"},{"time":1702311892319,"type":"selected","value":"TRUE"},{"time":1702311895445,"type":"value","value":"1"},{"time":1702311895445,"type":"selected","value":"FALSE"}],"isTextChangeable":1},{"id":"299c7068-e43c-4682-9f22-551e8ac413c8","value":3,"text":"lower risk of injury","comment":"","position":{"x":620,"y":63.3333},"isActive":true,"date":1702311786493,"kind":"Node","isSelected":false,"isConnectorSelected":false,"isDraggable":1,"isDeletable":1,"hasElementMoved":false,"eventLog":[{"time":1702311786493,"type":"create node","value":"0"},{"time":1702311786518,"type":"selected","value":"TRUE"},{"time":1702311814173,"type":"text","value":"geringeres Verletzungsrisiko"},{"time":1702311814173,"type":"value","value":"3"},{"time":1702311814173,"type":"selected","value":"FALSE"}],"isTextChangeable":1},{"id":"30867b55-29c2-4e1f-baa9-fa6d4635e531","value":-3,"text":"greater dependency risk","comment":"","position":{"x":492,"y":124.3333},"isActive":true,"date":1702311814841,"kind":"Node","isSelected":false,"isConnectorSelected":false,"isDraggable":1,"isDeletable":1,"hasElementMoved":false,"eventLog":[{"time":1702311814841,"type":"create node","value":"0"},{"time":1702311815725,"type":"selected","value":"TRUE"},{"time":1702311840460,"type":"text","value":"größeres Abhängigkeitsrisiko"},{"time":1702311840460,"type":"selected","value":"FALSE"},{"time":1702311847172,"type":"selected","value":"TRUE"},{"time":1702311848394,"type":"selected","value":"FALSE"},{"time":1702311850213,"type":"selected","value":"TRUE"},{"time":1702311851273,"type":"selected","value":"FALSE"},{"time":1702311896050,"type":"selected","value":"TRUE"},{"time":1702311900546,"type":"value","value":"-3"},{"time":1702311900546,"type":"selected","value":"FALSE"}],"isTextChangeable":1}],"connectors":[{"id":"91f86db4-0a74-40df-a55f-e7af3298df04","source":"40722198-99e4-4cd1-9fb4-93b3ee015e8d","target":"0cb7b7e1-b9a9-4f20-9a1d-dae85172c95f","agreement":true,"isActive":true,"date":1702311717868,"kind":"Connector","isSelected":false,"intensity":3,"isDeletable":false,"isOver":false,"isBidirectional":false,"eventLog":[{"time":1702311717869,"type":"create connection"}]},{"id":"da770fd8-fd94-47f8-8cb9-73c952fd22d9","source":"40722198-99e4-4cd1-9fb4-93b3ee015e8d","target":"aa21df8f-16e9-4ea2-80f6-04c85e8b6f39","agreement":true,"isActive":true,"date":1702311717869,"kind":"Connector","isSelected":false,"intensity":6,"isDeletable":true,"isOver":false,"isBidirectional":false,"eventLog":[{"time":1702311717869,"type":"create connection"}]},{"id":"2505a3bb-e2a1-4746-a8c0-bf6b616152a2","source":"c263a1ac-7c9a-475a-bac7-a52b5872cd66","target":"aa21df8f-16e9-4ea2-80f6-04c85e8b6f39","agreement":true,"isActive":true,"date":1702311717869,"kind":"Connector","isSelected":false,"intensity":6,"isDeletable":true,"isOver":false,"isBidirectional":false,"eventLog":[{"time":1702311717869,"type":"create connection"}]},{"id":"2bfe69b9-0beb-4b82-bbc3-4872336cc0f0","source":"1c2e1029-e6a9-410d-9508-3bd206371795","target":"aa21df8f-16e9-4ea2-80f6-04c85e8b6f39","agreement":true,"isActive":true,"date":1702311717869,"kind":"Connector","isSelected":false,"intensity":3,"isDeletable":true,"isOver":false,"isBidirectional":false,"eventLog":[{"time":1702311717869,"type":"create connection"}]},{"id":"fae9172b-6a9a-4749-b522-b1eaf7954e7a","source":"82b699d0-fcea-4788-aabc-533d13077510","target":"aa21df8f-16e9-4ea2-80f6-04c85e8b6f39","agreement":true,"isActive":true,"date":1702311717869,"kind":"Connector","isSelected":false,"intensity":3,"isDeletable":true,"isOver":false,"isBidirectional":false,"eventLog":[{"time":1702311717869,"type":"create connection"}]},{"id":"c4da611b-b973-45d9-ab0f-81ae7336e3fe","source":"7da90bec-e3d9-4e4a-9a87-77908870b15c","target":"82b699d0-fcea-4788-aabc-533d13077510","agreement":true,"isActive":true,"date":1702311717870,"kind":"Connector","isSelected":false,"intensity":3,"isDeletable":true,"isOver":false,"isBidirectional":false,"eventLog":[{"time":1702311717870,"type":"create connection"}]},{"id":"15736375-6644-4378-9d97-a618f713be00","source":"6cc7b5fd-fe16-4a08-8783-5e1fd9220334","target":"82b699d0-fcea-4788-aabc-533d13077510","agreement":true,"isActive":true,"date":1702311717870,"kind":"Connector","isSelected":false,"intensity":9,"isDeletable":true,"isOver":false,"isBidirectional":false,"eventLog":[{"time":1702311717870,"type":"create connection"}]},{"id":"66d061c5-647b-4bb0-a5ac-910b19fb5d8e","source":"0cb7b7e1-b9a9-4f20-9a1d-dae85172c95f","target":"03e6c3d2-6880-4a43-af83-7bdb90c20749","agreement":true,"isActive":true,"date":1702311717870,"kind":"Connector","isSelected":false,"intensity":3,"isDeletable":true,"isOver":false,"isBidirectional":false,"eventLog":[{"time":1702311717870,"type":"create connection"}]},{"id":"c7164357-8f88-4d38-b558-11b2bf039bd2","source":"fc5ef53b-2d93-4843-98fd-3977e4d6ea85","target":"767ac817-b55b-4c11-a8f6-c855e71008ba","agreement":true,"isActive":true,"date":1702311717871,"kind":"Connector","isSelected":false,"intensity":9,"isDeletable":true,"isOver":false,"isBidirectional":false,"eventLog":[{"time":1702311717871,"type":"create connection"}]},{"id":"31ef4d6d-c218-45ba-98f1-aa5da6dec084","source":"0cb7b7e1-b9a9-4f20-9a1d-dae85172c95f","target":"fc5ef53b-2d93-4843-98fd-3977e4d6ea85","agreement":true,"isActive":true,"date":1702311717871,"kind":"Connector","isSelected":false,"intensity":6,"isDeletable":true,"isOver":false,"isBidirectional":false,"eventLog":[{"time":1702311717871,"type":"create connection"}]},{"id":"f0f3fb3a-0ab4-4838-a7d2-8eea5f212d9f","source":"d7521e62-3e1a-4840-981f-5e9d93972d54","target":"0cb7b7e1-b9a9-4f20-9a1d-dae85172c95f","agreement":true,"isActive":true,"date":1702311717871,"kind":"Connector","isSelected":false,"intensity":3,"isDeletable":true,"isOver":false,"isBidirectional":false,"eventLog":[{"time":1702311717871,"type":"create connection"}]},{"id":"412daa10-17ed-497d-a48f-bf4c5a22a2cc","source":"03e6c3d2-6880-4a43-af83-7bdb90c20749","target":"d7521e62-3e1a-4840-981f-5e9d93972d54","agreement":true,"isActive":true,"date":1702311717871,"kind":"Connector","isSelected":false,"intensity":3,"isDeletable":true,"isOver":false,"isBidirectional":false,"eventLog":[{"time":1702311717871,"type":"create connection"}]},{"id":"d8cfc604-fce3-4738-8b46-6ccb8053ba07","source":"83304e2e-cfb5-4a08-89f5-6b62ae0095a8","target":"40722198-99e4-4cd1-9fb4-93b3ee015e8d","agreement":true,"isActive":true,"date":1702311717872,"kind":"Connector","isSelected":false,"intensity":3,"isDeletable":true,"isOver":false,"isBidirectional":false,"eventLog":[{"time":1702311717872,"type":"create connection"}]},{"id":"41bdc92e-8087-4542-a364-1803830282fd","source":"0cb7b7e1-b9a9-4f20-9a1d-dae85172c95f","target":"aa21df8f-16e9-4ea2-80f6-04c85e8b6f39","agreement":true,"isActive":true,"date":1702311717872,"kind":"Connector","isSelected":false,"intensity":3,"isDeletable":true,"isOver":false,"isBidirectional":false,"eventLog":[{"time":1702311717872,"type":"create connection"}]},{"id":"d6165793-0778-4645-b258-24f6b11d75bb","source":"aa21df8f-16e9-4ea2-80f6-04c85e8b6f39","target":"83304e2e-cfb5-4a08-89f5-6b62ae0095a8","agreement":true,"isActive":true,"date":1702311717872,"kind":"Connector","isSelected":false,"intensity":3,"isDeletable":true,"isOver":false,"isBidirectional":false,"eventLog":[{"time":1702311717872,"type":"create connection"}]},{"id":"1739aa1b-2d16-4cc3-8e91-4e3f3a75afc1","source":"fc5ef53b-2d93-4843-98fd-3977e4d6ea85","target":"83304e2e-cfb5-4a08-89f5-6b62ae0095a8","agreement":true,"isActive":true,"date":1702311717872,"kind":"Connector","isSelected":false,"intensity":3,"isDeletable":true,"isOver":false,"isBidirectional":false,"eventLog":[{"time":1702311717872,"type":"create connection"}]},{"id":"4868383a-59c7-4d3c-acf8-390c907d4aef","source":"b9483f29-c1d3-4dcf-b811-7f6cf011354a","target":"1c2e1029-e6a9-410d-9508-3bd206371795","agreement":true,"isActive":true,"date":1702311717872,"kind":"Connector","isSelected":false,"intensity":3,"isDeletable":true,"isOver":false,"isBidirectional":false,"eventLog":[{"time":1702311717872,"type":"create connection"}]},{"id":"b82b74a7-4b6c-4bc3-a3bb-da9e57648bb1","source":"6cc7b5fd-fe16-4a08-8783-5e1fd9220334","target":"2d96298f-3048-4448-8d8a-1a78f2444c0f","agreement":true,"isActive":true,"date":1702311717873,"kind":"Connector","isSelected":false,"intensity":3,"isDeletable":true,"isOver":false,"isBidirectional":false,"eventLog":[{"time":1702311717873,"type":"create connection"}]},{"id":"50140966-c522-4bb8-b5e9-dc01482a553d","source":"40722198-99e4-4cd1-9fb4-93b3ee015e8d","target":"23f7df76-b351-4146-9aa2-1737e52c1e7e","agreement":true,"isActive":true,"date":1702311717873,"kind":"Connector","isSelected":false,"intensity":3,"isDeletable":true,"isOver":false,"isBidirectional":false,"eventLog":[{"time":1702311717873,"type":"create connection"}]},{"id":"89c3e5c3-3231-40af-919a-a1dc9ae8122a","source":"21fe0090-de11-4c8f-998a-458e3a8811b7","target":"40722198-99e4-4cd1-9fb4-93b3ee015e8d","agreement":true,"isActive":true,"date":1702311745729,"kind":"Connector","isSelected":false,"intensity":3,"isDeletable":true,"isOver":false,"isBidirectional":false,"eventLog":[{"time":1702311745729,"type":"create connection"}]},{"id":"fa1fb544-932e-46d3-ad50-10c0c0a6e704","source":"c263a1ac-7c9a-475a-bac7-a52b5872cd66","target":"21fe0090-de11-4c8f-998a-458e3a8811b7","agreement":true,"isActive":true,"date":1702311769865,"kind":"Connector","isSelected":false,"intensity":9,"isDeletable":true,"isOver":false,"isBidirectional":false,"eventLog":[{"time":1702311769865,"type":"create connection"},{"time":1702311772931,"type":"selected","value":1},{"time":1702311777356,"type":"change intensity of connector","value":9},{"time":1702311777356,"type":"selected","value":0}]},{"id":"7805e01e-55cf-4fa7-8b15-ad700dc0b338","source":"21fe0090-de11-4c8f-998a-458e3a8811b7","target":"30867b55-29c2-4e1f-baa9-fa6d4635e531","agreement":true,"isActive":true,"date":1702311853143,"kind":"Connector","isSelected":false,"intensity":6,"isDeletable":true,"isOver":false,"isBidirectional":false,"eventLog":[{"time":1702311853143,"type":"create connection"},{"time":1702311855621,"type":"selected","value":1},{"time":1702311859193,"type":"change intensity of connector","value":6},{"time":1702311859193,"type":"selected","value":0}]},{"id":"5ff5642d-326f-41f0-9bd5-1cee69bd48d0","source":"3e076b30-e365-45e4-93f8-5f7660acce79","target":"21fe0090-de11-4c8f-998a-458e3a8811b7","agreement":true,"isActive":true,"date":1702311882036,"kind":"Connector","isSelected":false,"intensity":3,"isDeletable":true,"isOver":false,"isBidirectional":false,"eventLog":[{"time":1702311882036,"type":"create connection"}]},{"id":"bae1d677-f393-4bcb-82dc-4e6178eb014d","source":"299c7068-e43c-4682-9f22-551e8ac413c8","target":"21fe0090-de11-4c8f-998a-458e3a8811b7","agreement":true,"isActive":true,"date":1702311883824,"kind":"Connector","isSelected":false,"intensity":3,"isDeletable":true,"isOver":false,"isBidirectional":false,"eventLog":[{"time":1702311883824,"type":"create connection"}]}],"currentID":{},"currentNode":{},"hasSelectedNode":[false],"currentConnector":{},"hasSelectedConnector":[false],"readyToMove":[false],"isIncoming":[false],"hasElementMoved":[false]}
