{"idCAM":["8f180c31-c24e-4bf4-9d6a-52c894d065c2"],"creator":["5c9fd46cfd19090012b4ac8b_pre"],"projectCAM":["S2_CAM part 1"],"defocusCAM":[8140.9],"date":[1702310903037],"nodes":[{"id":"e62bcee7-9083-4a70-b284-bfb4d97d74f1","value":1,"text":"social assistance robot","comment":"I view the assistant robot as positive, because there is currently a great shortage of staff and the robots can help there.","position":{"x":650,"y":400},"isActive":true,"date":1702310903940,"kind":"Node","isSelected":false,"isConnectorSelected":false,"isDraggable":0,"isDeletable":0,"hasElementMoved":false,"eventLog":[{"time":1702310903940,"type":"create node","value":"0"},{"time":1702310962263,"type":"selected","value":"TRUE"},{"time":1702311041988,"type":"value","value":"1"},{"time":1702311041988,"type":"comment","value":"ich sehe den Assistenzroboter als positiv, da momentan großer Personalmangel herrscht und die Roboter da helfen können"},{"time":1702311041988,"type":"selected","value":"FALSE"}],"isTextChangeable":0},{"id":"b51e5fac-d48d-46f8-94a5-03a1a0c4995e","value":-3,"text":"disadvantages","comment":"","position":{"x":450,"y":400},"isActive":true,"date":1702310903941,"kind":"Node","isSelected":false,"isConnectorSelected":false,"isDraggable":0,"isDeletable":0,"hasElementMoved":false,"eventLog":[{"time":1702310903941,"type":"create node","value":0},{"time":1702311056759,"type":"selected","value":1},{"time":1702311059746,"type":"value","value":-3},{"time":1702311059746,"type":"selected","value":0}],"isTextChangeable":0},{"id":"4b02e6b9-339e-4f81-af1e-df15e552895f","value":3,"text":"advantages","comment":"","position":{"x":850,"y":400},"isActive":true,"date":1702310903941,"kind":"Node","isSelected":false,"isConnectorSelected":false,"isDraggable":0,"isDeletable":0,"hasElementMoved":false,"eventLog":[{"time":"1702310903941","type":"create node","value":[0]},{"time":"1702311052257","type":"selected","value":[true]},{"time":"1702311055932","type":"value","value":[3]},{"time":"1702311055932","type":"selected","value":[false]},{"time":"2023-12-11T16:14:17.865Z","type":"position","value":{"x":[814],"y":[398.3333]}},{"time":"1702311282445","type":"selected","value":[true]},{"time":"1702311283943","type":"selected","value":[false]},{"time":"1702311436921","type":"selected","value":[true]},{"time":"1702311438053","type":"selected","value":[false]}],"isTextChangeable":0},{"id":"10928abe-5e11-4e2d-a447-055995ad6397","value":1,"text":"interaction","comment":"","position":{"x":769,"y":269.3333},"isActive":true,"date":1702311094101,"kind":"Node","isSelected":false,"isConnectorSelected":false,"isDraggable":1,"isDeletable":1,"hasElementMoved":false,"eventLog":[{"time":1702311094101,"type":"create node","value":"0"},{"time":1702311094125,"type":"selected","value":"TRUE"},{"time":1702311101801,"type":"text","value":"Interaktion"},{"time":1702311101801,"type":"selected","value":"FALSE"},{"time":1702311266425,"type":"selected","value":"TRUE"},{"time":1702311269278,"type":"value","value":"1"},{"time":1702311269278,"type":"selected","value":"FALSE"}],"isTextChangeable":1},{"id":"786db278-98bc-4f2c-bbe5-f5bd17c12975","value":2,"text":"therapy","comment":"","position":{"x":946,"y":297.3333},"isActive":true,"date":1702311102735,"kind":"Node","isSelected":false,"isConnectorSelected":false,"isDraggable":1,"isDeletable":1,"hasElementMoved":false,"eventLog":[{"time":1702311102735,"type":"create node","value":"0"},{"time":1702311104173,"type":"selected","value":"TRUE"},{"time":1702311115842,"type":"text","value":"Therapie"},{"time":1702311115842,"type":"selected","value":"FALSE"},{"time":1702311270121,"type":"selected","value":"TRUE"},{"time":1702311273574,"type":"value","value":"2"},{"time":1702311273574,"type":"selected","value":"FALSE"}],"isTextChangeable":1},{"id":"ba276679-035a-438c-9a42-3486ae754110","value":0,"text":"learning difficulties","comment":"","position":{"x":1149,"y":306.3333},"isActive":true,"date":1702311116320,"kind":"Node","isSelected":false,"isConnectorSelected":false,"isDraggable":1,"isDeletable":1,"hasElementMoved":false,"eventLog":[{"time":1702311116320,"type":"create node","value":"0"},{"time":1702311496671,"type":"selected","value":"TRUE"},{"time":1702311502907,"type":"text","value":"Lernschwierigkeiten"},{"time":1702311502907,"type":"selected","value":"FALSE"}],"isTextChangeable":1},{"id":"61b22a8a-2f82-4290-83e4-7282a17efe22","value":3,"text":"education and learning","comment":"","position":{"x":982,"y":503.3333},"isActive":true,"date":1702311116345,"kind":"Node","isSelected":false,"isConnectorSelected":false,"isDraggable":1,"isDeletable":1,"hasElementMoved":false,"eventLog":[{"time":1702311116345,"type":"create node","value":"0"},{"time":1702311121955,"type":"selected","value":"TRUE"},{"time":1702311128327,"type":"text","value":"Bildung und Lernen"},{"time":1702311128327,"type":"selected","value":"FALSE"},{"time":1702311281260,"type":"selected","value":"TRUE"},{"time":1702311282412,"type":"selected","value":"FALSE"},{"time":1702311286368,"type":"selected","value":"TRUE"},{"time":1702311289524,"type":"value","value":"3"},{"time":1702311289524,"type":"selected","value":"FALSE"}],"isTextChangeable":1},{"id":"624f8aef-ba13-4895-b4ee-2782ea269fef","value":0,"text":"adult","comment":"","position":{"x":748,"y":543.3333},"isActive":true,"date":1702311128564,"kind":"Node","isSelected":false,"isConnectorSelected":false,"isDraggable":1,"isDeletable":1,"hasElementMoved":false,"eventLog":[{"time":1702311128564,"type":"create node","value":"0"},{"time":1702311129659,"type":"selected","value":"TRUE"},{"time":1702311132987,"type":"text","value":"Erwachsene"},{"time":1702311132987,"type":"selected","value":"FALSE"}],"isTextChangeable":1},{"id":"cfa92a49-b813-4fdc-baaa-cb662bd53ddc","value":0,"text":"Helps with staff shortage","comment":"","position":{"x":408,"y":563.3333},"isActive":true,"date":1702311133663,"kind":"Node","isSelected":false,"isConnectorSelected":false,"isDraggable":1,"isDeletable":1,"hasElementMoved":false,"eventLog":[{"time":1702311133663,"type":"create node","value":"0"},{"time":1702311291693,"type":"selected","value":"TRUE"},{"time":1702311292942,"type":"selected","value":"FALSE"},{"time":1702311417965,"type":"selected","value":"TRUE"},{"time":1702311427938,"type":"text","value":"Hilft bei Personalmangel"},{"time":1702311427938,"type":"selected","value":"FALSE"},{"time":1702311442457,"type":"selected","value":"TRUE"},{"time":1702311443861,"type":"selected","value":"FALSE"}],"isTextChangeable":1},{"id":"44256284-5411-49b6-81ec-43134aaf379b","value":0,"text":"children","comment":"","position":{"x":1072,"y":409.3333},"isActive":true,"date":1702311133689,"kind":"Node","isSelected":false,"isConnectorSelected":false,"isDraggable":1,"isDeletable":1,"hasElementMoved":false,"eventLog":[{"time":1702311133689,"type":"create node","value":"0"},{"time":1702311134728,"type":"selected","value":"TRUE"},{"time":1702311137164,"type":"text","value":"Kinder"},{"time":1702311137164,"type":"selected","value":"FALSE"}],"isTextChangeable":1},{"id":"9de31c4c-4762-4f42-80e1-1f3224897525","value":0,"text":"autism","comment":"","position":{"x":941,"y":197.3333},"isActive":true,"date":1702311138590,"kind":"Node","isSelected":false,"isConnectorSelected":false,"isDraggable":1,"isDeletable":1,"hasElementMoved":false,"eventLog":[{"time":1702311138590,"type":"create node","value":"0"},{"time":1702311472707,"type":"selected","value":"TRUE"},{"time":1702311476518,"type":"text","value":"Autismus"},{"time":1702311476518,"type":"selected","value":"FALSE"}],"isTextChangeable":1},{"id":"34f15379-2297-47bc-bbff-09cda0d5cb27","value":-1,"text":"dependence","comment":"","position":{"x":570,"y":279.3333},"isActive":true,"date":1702311138615,"kind":"Node","isSelected":false,"isConnectorSelected":false,"isDraggable":1,"isDeletable":1,"hasElementMoved":false,"eventLog":[{"time":1702311138615,"type":"create node","value":"0"},{"time":1702311139692,"type":"selected","value":"TRUE"},{"time":1702311154130,"type":"text","value":"Abhängigkeit"},{"time":1702311154130,"type":"selected","value":"FALSE"},{"time":1702311339081,"type":"selected","value":"TRUE"},{"time":1702311344323,"type":"value","value":"-1"},{"time":1702311344323,"type":"selected","value":"FALSE"}],"isTextChangeable":1},{"id":"8b944b9e-309f-4bcb-85bd-ab4ccd611f1b","value":-3,"text":"unemployment","comment":"","position":{"x":236,"y":485.3333},"isActive":true,"date":1702311154154,"kind":"Node","isSelected":false,"isConnectorSelected":false,"isDraggable":1,"isDeletable":1,"hasElementMoved":false,"eventLog":[{"time":1702311154154,"type":"create node","value":"0"},{"time":1702311155842,"type":"selected","value":"TRUE"},{"time":1702311164098,"type":"text","value":"Arbeitslosigkeit"},{"time":1702311164098,"type":"selected","value":"FALSE"},{"time":1702311358314,"type":"selected","value":"TRUE"},{"time":1702311362183,"type":"value","value":"-3"},{"time":1702311362183,"type":"selected","value":"FALSE"},{"time":1702311362454,"type":"selected","value":"TRUE"},{"time":1702311364127,"type":"selected","value":"FALSE"},{"time":1702311365672,"type":"selected","value":"TRUE"},{"time":1702311366834,"type":"selected","value":"FALSE"},{"time":1702311369192,"type":"selected","value":"TRUE"},{"time":1702311370403,"type":"selected","value":"FALSE"}],"isTextChangeable":1},{"id":"c97680eb-fb0d-4294-8e60-5262d092017b","value":10,"text":"costs","comment":"","position":{"x":659,"y":199.3333},"isActive":true,"date":1702311164911,"kind":"Node","isSelected":false,"isConnectorSelected":false,"isDraggable":1,"isDeletable":1,"hasElementMoved":false,"eventLog":[{"time":1702311164911,"type":"create node","value":"0"},{"time":1702311519108,"type":"selected","value":"TRUE"},{"time":1702311526308,"type":"text","value":"Kosten"},{"time":1702311526308,"type":"value","value":"10"},{"time":1702311526308,"type":"selected","value":"FALSE"}],"isTextChangeable":1},{"id":"84b96ac9-f865-47be-9cc0-6b9b19396547","value":-3,"text":"replacement for staff","comment":"","position":{"x":301,"y":359.3333},"isActive":true,"date":1702311164935,"kind":"Node","isSelected":false,"isConnectorSelected":false,"isDraggable":1,"isDeletable":1,"hasElementMoved":false,"eventLog":[{"time":1702311164935,"type":"create node","value":"0"},{"time":1702311166193,"type":"selected","value":"TRUE"},{"time":1702311185182,"type":"text","value":"Ersatz für Personal"},{"time":1702311185182,"type":"selected","value":"FALSE"},{"time":1702311350785,"type":"selected","value":"TRUE"},{"time":1702311353634,"type":"value","value":"-3"},{"time":1702311353634,"type":"selected","value":"FALSE"},{"time":1702311364362,"type":"selected","value":"TRUE"},{"time":1702311364773,"type":"selected","value":"FALSE"},{"time":1702311367656,"type":"selected","value":"TRUE"},{"time":1702311368777,"type":"selected","value":"FALSE"}],"isTextChangeable":1},{"id":"4f4123bb-5c9a-4fc7-8962-80dfb054614f","value":-2,"text":"bad influence social behavior","comment":"","position":{"x":416,"y":272.3333},"isActive":true,"date":1702311185204,"kind":"Node","isSelected":false,"isConnectorSelected":false,"isDraggable":1,"isDeletable":1,"hasElementMoved":false,"eventLog":[{"time":1702311185204,"type":"create node","value":"0"},{"time":1702311186197,"type":"selected","value":"TRUE"},{"time":1702311199895,"type":"text","value":"schlechter Einfluss Sozialverhalten "},{"time":1702311199895,"type":"selected","value":"FALSE"},{"time":1702311344715,"type":"selected","value":"TRUE"},{"time":1702311348150,"type":"value","value":"-2"},{"time":1702311348150,"type":"selected","value":"FALSE"}],"isTextChangeable":1},{"id":"ae797b3f-bf0e-47e2-8fa1-bfd839a6acaf","value":0,"text":"","comment":"","position":{"x":178,"y":165.3333},"isActive":false,"date":1702311219342,"kind":"Node","isSelected":false,"isConnectorSelected":false,"isDraggable":1,"isDeletable":1,"hasElementMoved":false,"eventLog":[{"time":1702311219342,"type":"create node","value":0},{"time":1702311220085,"type":"selected","value":1},{"time":1702311221910,"type":"node was deleted","value":-99}],"isTextChangeable":1},{"id":"66dcab43-d726-4024-902b-21e4ff1922fe","value":0,"text":"","comment":"","position":{"x":420,"y":273.3333},"isActive":false,"date":1702311248155,"kind":"Node","isSelected":false,"isConnectorSelected":false,"isDraggable":1,"isDeletable":1,"hasElementMoved":false,"eventLog":[{"time":1702311248155,"type":"create node","value":0},{"time":1702311249108,"type":"selected","value":1},{"time":1702311251383,"type":"node was deleted","value":-99}],"isTextChangeable":1}],"connectors":[{"id":"8ae8a327-9d1c-4316-9c04-58556def1914","source":"e62bcee7-9083-4a70-b284-bfb4d97d74f1","target":"b51e5fac-d48d-46f8-94a5-03a1a0c4995e","agreement":true,"isActive":true,"date":1702310903941,"kind":"Connector","isSelected":false,"intensity":3,"isDeletable":false,"isOver":false,"isBidirectional":false,"eventLog":[{"time":1702310903941,"type":"create connection"}]},{"id":"6aab2e3b-f93a-4cb9-9f2a-65f59ac4fa53","source":"e62bcee7-9083-4a70-b284-bfb4d97d74f1","target":"4b02e6b9-339e-4f81-af1e-df15e552895f","agreement":true,"isActive":true,"date":1702310903941,"kind":"Connector","isSelected":false,"intensity":6,"isDeletable":true,"isOver":false,"isBidirectional":false,"eventLog":[{"time":1702310903941,"type":"create connection"},{"time":1702311046689,"type":"selected","value":1},{"time":1702311051507,"type":"change intensity of connector","value":6},{"time":1702311051507,"type":"selected","value":0}]},{"id":"65cbf8e1-c4ae-4a92-b92b-8daa49608094","source":"10928abe-5e11-4e2d-a447-055995ad6397","target":"4b02e6b9-339e-4f81-af1e-df15e552895f","agreement":true,"isActive":true,"date":1702311262532,"kind":"Connector","isSelected":false,"intensity":6,"isDeletable":true,"isOver":false,"isBidirectional":false,"eventLog":[{"time":1702311262532,"type":"create connection"},{"time":1702311316054,"type":"selected","value":1},{"time":1702311320218,"type":"change intensity of connector","value":6},{"time":1702311320218,"type":"selected","value":0}]},{"id":"d7d6c057-3ec4-41d4-973d-34687e4e08d1","source":"786db278-98bc-4f2c-bbe5-f5bd17c12975","target":"4b02e6b9-339e-4f81-af1e-df15e552895f","agreement":true,"isActive":true,"date":1702311275728,"kind":"Connector","isSelected":false,"intensity":3,"isDeletable":true,"isOver":false,"isBidirectional":false,"eventLog":[{"time":1702311275728,"type":"create connection"}]},{"id":"9bfeb165-11da-4096-ab18-443c91e9e77d","source":"61b22a8a-2f82-4290-83e4-7282a17efe22","target":"4b02e6b9-339e-4f81-af1e-df15e552895f","agreement":true,"isActive":true,"date":1702311285010,"kind":"Connector","isSelected":false,"intensity":3,"isDeletable":true,"isOver":false,"isBidirectional":false,"eventLog":[{"time":1702311285010,"type":"create connection"}]},{"id":"530c6f1a-0212-4f0d-a59e-7eb5066ac3d2","source":"624f8aef-ba13-4895-b4ee-2782ea269fef","target":"61b22a8a-2f82-4290-83e4-7282a17efe22","agreement":true,"isActive":true,"date":1702311303423,"kind":"Connector","isSelected":false,"intensity":3,"isDeletable":true,"isOver":false,"isBidirectional":false,"eventLog":[{"time":1702311303423,"type":"create connection"}]},{"id":"94e341d9-d936-4c25-933a-6e18031b28c3","source":"44256284-5411-49b6-81ec-43134aaf379b","target":"61b22a8a-2f82-4290-83e4-7282a17efe22","agreement":true,"isActive":true,"date":1702311306087,"kind":"Connector","isSelected":false,"intensity":9,"isDeletable":true,"isOver":false,"isBidirectional":false,"eventLog":[{"time":1702311306087,"type":"create connection"},{"time":1702311307319,"type":"selected","value":1},{"time":1702311311128,"type":"change intensity of connector","value":9},{"time":1702311311128,"type":"selected","value":0}]},{"id":"c0af60aa-60c2-4e15-b411-c48a568566db","source":"b51e5fac-d48d-46f8-94a5-03a1a0c4995e","target":"34f15379-2297-47bc-bbff-09cda0d5cb27","agreement":true,"isActive":true,"date":1702311322280,"kind":"Connector","isSelected":false,"intensity":3,"isDeletable":true,"isOver":false,"isBidirectional":false,"eventLog":[{"time":1702311322280,"type":"create connection"}]},{"id":"89e97d99-d49f-4f5c-899d-d50f793597a0","source":"84b96ac9-f865-47be-9cc0-6b9b19396547","target":"8b944b9e-309f-4bcb-85bd-ab4ccd611f1b","agreement":true,"isActive":true,"date":1702311372682,"kind":"Connector","isSelected":false,"intensity":9,"isDeletable":true,"isOver":false,"isBidirectional":false,"eventLog":[{"time":1702311372682,"type":"create connection"},{"time":1702311374054,"type":"selected","value":1},{"time":1702311377501,"type":"change intensity of connector","value":9},{"time":1702311377501,"type":"selected","value":0}]},{"id":"9f0fd5fc-35de-41de-95f7-a9a56b0727a0","source":"b51e5fac-d48d-46f8-94a5-03a1a0c4995e","target":"84b96ac9-f865-47be-9cc0-6b9b19396547","agreement":true,"isActive":true,"date":1702311379972,"kind":"Connector","isSelected":false,"intensity":6,"isDeletable":true,"isOver":false,"isBidirectional":false,"eventLog":[{"time":1702311379972,"type":"create connection"},{"time":1702311393010,"type":"selected","value":1},{"time":1702311415653,"type":"change intensity of connector","value":6},{"time":1702311415653,"type":"selected","value":0}]},{"id":"9f854c5a-52f4-4f26-880d-591f0bde8539","source":"4f4123bb-5c9a-4fc7-8962-80dfb054614f","target":"b51e5fac-d48d-46f8-94a5-03a1a0c4995e","agreement":true,"isActive":true,"date":1702311387124,"kind":"Connector","isSelected":false,"intensity":3,"isDeletable":true,"isOver":false,"isBidirectional":false,"eventLog":[{"time":1702311387124,"type":"create connection"}]},{"id":"448a1e19-c897-4d73-ab0b-1b0d52f5ce7b","source":"34f15379-2297-47bc-bbff-09cda0d5cb27","target":"4f4123bb-5c9a-4fc7-8962-80dfb054614f","agreement":true,"isActive":true,"date":1702311389082,"kind":"Connector","isSelected":false,"intensity":3,"isDeletable":true,"isOver":false,"isBidirectional":false,"eventLog":[{"time":1702311389082,"type":"create connection"}]},{"id":"39430cef-77dd-4727-83eb-8588c96fcb41","source":"cfa92a49-b813-4fdc-baaa-cb662bd53ddc","target":"e62bcee7-9083-4a70-b284-bfb4d97d74f1","agreement":true,"isActive":true,"date":1702311429868,"kind":"Connector","isSelected":false,"intensity":3,"isDeletable":true,"isOver":false,"isBidirectional":false,"eventLog":[{"time":1702311429868,"type":"create connection"}]},{"id":"e685a4f6-d297-481f-9149-75ebaffa0bd9","source":"b51e5fac-d48d-46f8-94a5-03a1a0c4995e","target":"4b02e6b9-339e-4f81-af1e-df15e552895f","agreement":true,"isActive":true,"date":1702311436407,"kind":"Connector","isSelected":false,"intensity":3,"isDeletable":true,"isOver":false,"isBidirectional":false,"eventLog":[{"time":1702311436407,"type":"create connection"}]},{"id":"f526a0fa-cd55-4211-a6ef-a377aebb760c","source":"4b02e6b9-339e-4f81-af1e-df15e552895f","target":"cfa92a49-b813-4fdc-baaa-cb662bd53ddc","agreement":true,"isActive":true,"date":1702311445654,"kind":"Connector","isSelected":false,"intensity":3,"isDeletable":true,"isOver":false,"isBidirectional":false,"eventLog":[{"time":1702311445654,"type":"create connection"}]},{"id":"9a0cb20d-34c1-4d1d-8e5f-e52e00737d55","source":"84b96ac9-f865-47be-9cc0-6b9b19396547","target":"cfa92a49-b813-4fdc-baaa-cb662bd53ddc","agreement":true,"isActive":true,"date":1702311449817,"kind":"Connector","isSelected":false,"intensity":3,"isDeletable":true,"isOver":false,"isBidirectional":false,"eventLog":[{"time":1702311449817,"type":"create connection"}]},{"id":"b7908052-b568-463a-be2b-29eea82883bc","source":"9de31c4c-4762-4f42-80e1-1f3224897525","target":"786db278-98bc-4f2c-bbe5-f5bd17c12975","agreement":true,"isActive":true,"date":1702311478822,"kind":"Connector","isSelected":false,"intensity":3,"isDeletable":true,"isOver":false,"isBidirectional":false,"eventLog":[{"time":1702311478822,"type":"create connection"}]},{"id":"9826b28d-e90b-41d0-acac-ed02bb99e58a","source":"44256284-5411-49b6-81ec-43134aaf379b","target":"ba276679-035a-438c-9a42-3486ae754110","agreement":true,"isActive":true,"date":1702311504082,"kind":"Connector","isSelected":false,"intensity":3,"isDeletable":true,"isOver":false,"isBidirectional":false,"eventLog":[{"time":1702311504082,"type":"create connection"}]},{"id":"c916228f-1cd5-40fd-9404-e143b5c632a8","source":"e62bcee7-9083-4a70-b284-bfb4d97d74f1","target":"c97680eb-fb0d-4294-8e60-5262d092017b","agreement":true,"isActive":true,"date":1702311527878,"kind":"Connector","isSelected":false,"intensity":3,"isDeletable":true,"isOver":false,"isBidirectional":false,"eventLog":[{"time":1702311527878,"type":"create connection"}]}],"currentID":{},"currentNode":{},"hasSelectedNode":[false],"currentConnector":{},"hasSelectedConnector":[false],"readyToMove":[false],"isIncoming":[false],"hasElementMoved":[false]}
