{"idCAM":["e4807e2b-6030-408f-9e22-b6107aa91cab"],"creator":["5d43c606773d8b00016eaa8a_pre"],"projectCAM":["S2_CAM part 1"],"defocusCAM":[],"date":[1702310342392],"nodes":[{"id":"c3d29f5c-30b2-48d2-9ff0-9aa4d7968889","value":0,"text":"social assistance robot","comment":"","position":{"x":650,"y":400},"isActive":true,"date":1702310343306,"kind":"Node","isSelected":false,"isConnectorSelected":false,"isDraggable":0,"isDeletable":0,"hasElementMoved":false,"eventLog":[{"time":1702310343306,"type":"create node","value":0}],"isTextChangeable":0},{"id":"b71f8efb-f3b4-40f4-ad6c-1e8a2cbf8674","value":0,"text":"disadvantages","comment":"","position":{"x":450,"y":400},"isActive":true,"date":1702310343306,"kind":"Node","isSelected":false,"isConnectorSelected":false,"isDraggable":0,"isDeletable":0,"hasElementMoved":false,"eventLog":[{"time":1702310343306,"type":"create node","value":0},{"time":1702310746269,"type":"selected","value":1},{"time":1702310748948,"type":"selected","value":0},{"time":1702310824514,"type":"selected","value":1},{"time":1702310825264,"type":"selected","value":0}],"isTextChangeable":0},{"id":"9166cbff-cb8b-4f8b-a4ae-4d92e490a709","value":0,"text":"advantages","comment":"","position":{"x":850,"y":400},"isActive":true,"date":1702310343306,"kind":"Node","isSelected":false,"isConnectorSelected":false,"isDraggable":0,"isDeletable":0,"hasElementMoved":false,"eventLog":[{"time":1702310343306,"type":"create node","value":0}],"isTextChangeable":0},{"id":"033f53e7-d447-4e08-ae5b-95578eeb1a85","value":2,"text":"is always available","comment":"","position":{"x":823,"y":185},"isActive":true,"date":1702310356525,"kind":"Node","isSelected":false,"isConnectorSelected":false,"isDraggable":1,"isDeletable":1,"hasElementMoved":false,"eventLog":[{"time":"1702310356525","type":"create node","value":[0]},{"time":"2023-12-11T15:59:27.406Z","type":"position","value":{"x":[856],"y":[297]}},{"time":"1702310371153","type":"selected","value":[true]},{"time":"1702310371564","type":"selected","value":[false]},{"time":"1702310375070","type":"selected","value":[true]},{"time":"1702310399710","type":"text","value":["Ist immer verfügbar"]},{"time":"1702310399710","type":"value","value":[2]},{"time":"1702310399710","type":"selected","value":[false]},{"time":"2023-12-11T16:03:13.331Z","type":"position","value":{"x":[846],"y":[261]}}],"isTextChangeable":1},{"id":"5ceb0339-733c-4933-b063-2cf5bdf70353","value":2,"text":"makes few mistakes","comment":"","position":{"x":1054,"y":550},"isActive":true,"date":1702310414239,"kind":"Node","isSelected":false,"isConnectorSelected":false,"isDraggable":1,"isDeletable":1,"hasElementMoved":false,"eventLog":[{"time":"1702310414239","type":"create node","value":[0]},{"time":"1702310414400","type":"selected","value":[true]},{"time":"1702310416263","type":"selected","value":[false]},{"time":"1702310418291","type":"selected","value":[true]},{"time":"1702310436325","type":"text","value":["Macht wenig Fehler"]},{"time":"1702310436325","type":"value","value":[2]},{"time":"1702310436325","type":"selected","value":[false]},{"time":"1702310438987","type":"selected","value":[true]},{"time":"1702310440155","type":"selected","value":[false]},{"time":"2023-12-11T16:01:12.968Z","type":"position","value":{"x":[977],"y":[321]}},{"time":"2023-12-11T16:01:13.479Z","type":"position","value":{"x":[981],"y":[471]}},{"time":"2023-12-11T16:04:16.102Z","type":"position","value":{"x":[983],"y":[521]}}],"isTextChangeable":1},{"id":"eb0cd68c-1d57-443b-8bfe-601be348cfb3","value":2,"text":"relieves nursing staff","comment":"","position":{"x":1095,"y":447},"isActive":true,"date":1702310452035,"kind":"Node","isSelected":false,"isConnectorSelected":false,"isDraggable":1,"isDeletable":1,"hasElementMoved":false,"eventLog":[{"time":"1702310452035","type":"create node","value":[0]},{"time":"1702310452186","type":"selected","value":[true]},{"time":"1702310468428","type":"text","value":["Entlastet Pflegepersonal"]},{"time":"1702310468428","type":"value","value":[3]},{"time":"1702310468428","type":"selected","value":[false]},{"time":"2023-12-11T16:01:16.469Z","type":"position","value":{"x":[1029],"y":[433]}},{"time":"2023-12-11T16:01:39.096Z","type":"position","value":{"x":[1032],"y":[416]}},{"time":"1702310541942","type":"selected","value":[true]},{"time":"1702310547037","type":"value","value":[10]},{"time":"1702310547037","type":"selected","value":[false]},{"time":"1702310561308","type":"selected","value":[true]},{"time":"1702310565650","type":"selected","value":[false]},{"time":"1702310566953","type":"selected","value":[true]},{"time":"1702310572162","type":"value","value":[2]},{"time":"1702310572162","type":"selected","value":[false]}],"isTextChangeable":1},{"id":"5e9259a4-b1a0-4bef-b163-9d0224675df4","value":3,"text":"cost-effective","comment":"","position":{"x":1106,"y":311},"isActive":true,"date":1702310501263,"kind":"Node","isSelected":false,"isConnectorSelected":false,"isDraggable":1,"isDeletable":1,"hasElementMoved":false,"eventLog":[{"time":"1702310501263","type":"create node","value":[0]},{"time":"1702310501439","type":"selected","value":[true]},{"time":"1702310511930","type":"selected","value":[false]},{"time":"2023-12-11T16:01:53.954Z","type":"position","value":{"x":[1015],"y":[312]}},{"time":"1702310516737","type":"selected","value":[true]},{"time":"1702310525133","type":"text","value":["Kostengünstg"]},{"time":"1702310525133","type":"value","value":[3]},{"time":"1702310525133","type":"selected","value":[false]}],"isTextChangeable":1},{"id":"352628ad-fab1-4935-b4d1-d10d42081245","value":3,"text":"treats everyone equally","comment":"Discriminate against no one","position":{"x":1010,"y":190},"isActive":true,"date":1702310598862,"kind":"Node","isSelected":false,"isConnectorSelected":false,"isDraggable":1,"isDeletable":1,"hasElementMoved":false,"eventLog":[{"time":"1702310598862","type":"create node","value":[0]},{"time":"1702310600666","type":"selected","value":[true]},{"time":"1702310601074","type":"selected","value":[false]},{"time":"1702310602230","type":"selected","value":[true]},{"time":"1702310636174","type":"text","value":["Behandelt alle gleich"]},{"time":"1702310636174","type":"value","value":[3]},{"time":"1702310636174","type":"comment","value":["Diskriminiert niemanden"]},{"time":"1702310636174","type":"selected","value":[false]},{"time":"1702310638110","type":"selected","value":[true]},{"time":"1702310639434","type":"selected","value":[false]},{"time":"2023-12-11T16:04:09.732Z","type":"position","value":{"x":[975],"y":[210]}}],"isTextChangeable":1},{"id":"508167b0-b3c2-4531-8ace-f4b66d65e875","value":2,"text":"provides company","comment":"Potentially conveys the feeling of human contact","position":{"x":874,"y":578},"isActive":true,"date":1702310661225,"kind":"Node","isSelected":false,"isConnectorSelected":false,"isDraggable":1,"isDeletable":1,"hasElementMoved":false,"eventLog":[{"time":"1702310661225","type":"create node","value":[0]},{"time":"1702310666479","type":"selected","value":[true]},{"time":"1702310725135","type":"text","value":["Leistet Gesellschaft"]},{"time":"1702310725135","type":"value","value":[2]},{"time":"1702310725135","type":"comment","value":["Vermittelt eventuell das Gefühl von menschlichem Kontakt"]},{"time":"1702310725135","type":"selected","value":[false]},{"time":"2023-12-11T16:05:33.099Z","type":"position","value":{"x":[875],"y":[552]}},{"time":"2023-12-11T16:05:37.279Z","type":"position","value":{"x":[820],"y":[578]}},{"time":"1702310740669","type":"selected","value":[true]},{"time":"1702310743113","type":"selected","value":[false]}],"isTextChangeable":1},{"id":"64f49714-87b7-4b7b-bd3a-936271656f08","value":-2,"text":"no human warmth","comment":"","position":{"x":447,"y":205},"isActive":true,"date":1702310749110,"kind":"Node","isSelected":false,"isConnectorSelected":false,"isDraggable":1,"isDeletable":1,"hasElementMoved":false,"eventLog":[{"time":"1702310749110","type":"create node","value":[0]},{"time":"1702310751490","type":"selected","value":[true]},{"time":"1702310751910","type":"selected","value":[false]},{"time":"1702310753248","type":"selected","value":[true]},{"time":"1702310776549","type":"text","value":["Keine menschliche Wärme"]},{"time":"1702310776549","type":"value","value":[-2]},{"time":"1702310776549","type":"selected","value":[false]},{"time":"2023-12-11T16:06:17.230Z","type":"position","value":{"x":[471],"y":[266]}}],"isTextChangeable":1},{"id":"76a67433-e529-46b2-9c2e-d9aeafe4920f","value":-2,"text":"Has limited abilities","comment":"","position":{"x":351,"y":595},"isActive":true,"date":1702310786217,"kind":"Node","isSelected":false,"isConnectorSelected":false,"isDraggable":1,"isDeletable":1,"hasElementMoved":false,"eventLog":[{"time":"1702310786217","type":"create node","value":[0]},{"time":"1702310786406","type":"selected","value":[true]},{"time":"1702310821228","type":"text","value":["Hat begrenzte Fähigkeiten"]},{"time":"1702310821228","type":"value","value":[-2]},{"time":"1702310821228","type":"selected","value":[false]},{"time":"2023-12-11T16:07:02.332Z","type":"position","value":{"x":[522],"y":[531]}},{"time":"2023-12-11T16:07:38.237Z","type":"position","value":{"x":[533],"y":[541]}},{"time":"2023-12-11T16:07:39.194Z","type":"position","value":{"x":[383],"y":[577]}},{"time":"2023-12-11T16:08:13.300Z","type":"position","value":{"x":[307],"y":[572]}}],"isTextChangeable":1},{"id":"4f89773a-71e7-43df-a677-ec324326d7d2","value":-3,"text":"increased loneliness","comment":"","position":{"x":595,"y":589},"isActive":true,"date":1702310841643,"kind":"Node","isSelected":false,"isConnectorSelected":false,"isDraggable":1,"isDeletable":1,"hasElementMoved":false,"eventLog":[{"time":"1702310841643","type":"create node","value":[0]},{"time":"1702310841791","type":"selected","value":[true]},{"time":"1702310855547","type":"text","value":["Verstärkt Einsamkeit"]},{"time":"1702310855547","type":"value","value":[-3]},{"time":"1702310855547","type":"selected","value":[false]},{"time":"2023-12-11T16:07:36.348Z","type":"position","value":{"x":[369],"y":[514]}},{"time":"2023-12-11T16:07:36.476Z","type":"position","value":{"x":[547],"y":[529]}},{"time":"2023-12-11T16:07:40.483Z","type":"position","value":{"x":[678],"y":[566]}},{"time":"2023-12-11T16:07:40.610Z","type":"position","value":{"x":[520],"y":[559]}},{"time":"2023-12-11T16:07:51.331Z","type":"position","value":{"x":[486],"y":[575]}}],"isTextChangeable":1},{"id":"790bd7d1-f871-4482-b648-b67451537b7f","value":0,"text":"operation possibly difficult","comment":"Older people could be overwhelmed with technology.","position":{"x":240,"y":475},"isActive":true,"date":1702310947064,"kind":"Node","isSelected":false,"isConnectorSelected":false,"isDraggable":1,"isDeletable":1,"hasElementMoved":false,"eventLog":[{"time":"1702310947064","type":"create node","value":[0]},{"time":"1702310947254","type":"selected","value":[true]},{"time":"1702310949891","type":"selected","value":[false]},{"time":"1702310960768","type":"selected","value":[true]},{"time":"1702311014966","type":"text","value":["Umgang evtl. schwierig"]},{"time":"1702311014966","type":"comment","value":["Ältere Menschen könnten mit der Technik überfordert sein."]},{"time":"1702311014966","type":"selected","value":[false]},{"time":"1702311022465","type":"selected","value":[true]},{"time":"1702311031991","type":"text","value":["Bedienung evtl. schwierig"]},{"time":"1702311031991","type":"selected","value":[false]},{"time":"2023-12-11T16:10:40.489Z","type":"position","value":{"x":[264],"y":[390]}}],"isTextChangeable":1}],"connectors":[{"id":"414fb41c-e726-4800-b709-2c417fcd461d","source":"c3d29f5c-30b2-48d2-9ff0-9aa4d7968889","target":"b71f8efb-f3b4-40f4-ad6c-1e8a2cbf8674","agreement":true,"isActive":true,"date":1702310343307,"kind":"Connector","isSelected":false,"intensity":3,"isDeletable":false,"isOver":false,"isBidirectional":false,"eventLog":[{"time":1702310343307,"type":"create connection"}]},{"id":"9d0e13f8-8f48-4fd1-868f-7d5ef1f758d8","source":"c3d29f5c-30b2-48d2-9ff0-9aa4d7968889","target":"9166cbff-cb8b-4f8b-a4ae-4d92e490a709","agreement":true,"isActive":true,"date":1702310343307,"kind":"Connector","isSelected":false,"intensity":3,"isDeletable":true,"isOver":false,"isBidirectional":false,"eventLog":[{"time":1702310343307,"type":"create connection"}]},{"id":"11da7e53-c6ec-4b2e-88dd-755baf3c2c65","source":"033f53e7-d447-4e08-ae5b-95578eeb1a85","target":"9166cbff-cb8b-4f8b-a4ae-4d92e490a709","agreement":true,"isActive":true,"date":1702310401433,"kind":"Connector","isSelected":false,"intensity":6,"isDeletable":true,"isOver":false,"isBidirectional":false,"eventLog":[{"time":1702310401433,"type":"create connection"},{"time":1702310405212,"type":"selected","value":1},{"time":1702310408468,"type":"change intensity of connector","value":6},{"time":1702310408468,"type":"selected","value":0}]},{"id":"322c0789-4b34-4832-bd06-a9c54169b57f","source":"5ceb0339-733c-4933-b063-2cf5bdf70353","target":"9166cbff-cb8b-4f8b-a4ae-4d92e490a709","agreement":true,"isActive":true,"date":1702310441966,"kind":"Connector","isSelected":false,"intensity":6,"isDeletable":true,"isOver":false,"isBidirectional":false,"eventLog":[{"time":1702310441966,"type":"create connection"},{"time":1702310443460,"type":"selected","value":1},{"time":1702310450229,"type":"change intensity of connector","value":6},{"time":1702310450229,"type":"selected","value":0}]},{"id":"e0c2976d-d95b-4e3e-8830-c4c686f4f29d","source":"9166cbff-cb8b-4f8b-a4ae-4d92e490a709","target":"eb0cd68c-1d57-443b-8bfe-601be348cfb3","agreement":true,"isActive":true,"date":1702310479877,"kind":"Connector","isSelected":false,"intensity":6,"isDeletable":true,"isOver":false,"isBidirectional":false,"eventLog":[{"time":1702310479877,"type":"create connection"},{"time":1702310482907,"type":"selected","value":1},{"time":1702310486159,"type":"change intensity of connector","value":6},{"time":1702310486159,"type":"selected","value":0}]},{"id":"a8632904-8568-482e-b950-8137e5d5f3e5","source":"5e9259a4-b1a0-4bef-b163-9d0224675df4","target":"eb0cd68c-1d57-443b-8bfe-601be348cfb3","agreement":true,"isActive":true,"date":1702310526697,"kind":"Connector","isSelected":false,"intensity":3,"isDeletable":true,"isOver":false,"isBidirectional":false,"eventLog":[{"time":1702310526697,"type":"create connection"},{"time":1702310531325,"type":"selected","value":1},{"time":1702310538574,"type":"change intensity of connector","value":3},{"time":1702310538574,"type":"selected","value":0}]},{"id":"35e0cf24-f46d-47ef-ab2f-8181a2e9e13c","source":"9166cbff-cb8b-4f8b-a4ae-4d92e490a709","target":"5e9259a4-b1a0-4bef-b163-9d0224675df4","agreement":true,"isActive":true,"date":1702310583401,"kind":"Connector","isSelected":false,"intensity":6,"isDeletable":true,"isOver":false,"isBidirectional":false,"eventLog":[{"time":1702310583401,"type":"create connection"},{"time":1702310584944,"type":"selected","value":1},{"time":1702310588460,"type":"change intensity of connector","value":6},{"time":1702310588460,"type":"selected","value":0}]},{"id":"5e0a9436-e7c0-4317-8fed-4b4340b9d0d9","source":"352628ad-fab1-4935-b4d1-d10d42081245","target":"9166cbff-cb8b-4f8b-a4ae-4d92e490a709","agreement":true,"isActive":true,"date":1702310641196,"kind":"Connector","isSelected":false,"intensity":9,"isDeletable":true,"isOver":false,"isBidirectional":false,"eventLog":[{"time":1702310641196,"type":"create connection"},{"time":1702310642572,"type":"selected","value":1},{"time":1702310646199,"type":"change intensity of connector","value":9},{"time":1702310646199,"type":"selected","value":0}]},{"id":"9934aceb-aabf-412f-9613-38f1515f59b3","source":"508167b0-b3c2-4531-8ace-f4b66d65e875","target":"9166cbff-cb8b-4f8b-a4ae-4d92e490a709","agreement":true,"isActive":true,"date":1702310665013,"kind":"Connector","isSelected":false,"intensity":3,"isDeletable":true,"isOver":false,"isBidirectional":false,"eventLog":[{"time":1702310665013,"type":"create connection"}]},{"id":"0d2b09ca-3ac9-490c-a5ae-245decc189af","source":"b71f8efb-f3b4-40f4-ad6c-1e8a2cbf8674","target":"64f49714-87b7-4b7b-bd3a-936271656f08","agreement":false,"isActive":true,"date":1702310779614,"kind":"Connector","isSelected":false,"intensity":6,"isDeletable":true,"isOver":false,"isBidirectional":false,"eventLog":[{"time":1702310779614,"type":"create connection"},{"time":1702310780886,"type":"selected","value":1},{"time":1702310785426,"type":"change intensity of connector","value":-6},{"time":1702310785426,"type":"selected","value":0}]},{"id":"e0b399a8-9d99-459a-a5e0-eeeea2e7a6de","source":"b71f8efb-f3b4-40f4-ad6c-1e8a2cbf8674","target":"76a67433-e529-46b2-9c2e-d9aeafe4920f","agreement":false,"isActive":true,"date":1702310826746,"kind":"Connector","isSelected":false,"intensity":6,"isDeletable":true,"isOver":false,"isBidirectional":false,"eventLog":[{"time":1702310826746,"type":"create connection"},{"time":1702310828095,"type":"selected","value":1},{"time":1702310840788,"type":"change intensity of connector","value":-6},{"time":1702310840788,"type":"selected","value":0}]},{"id":"5d7c8c00-3336-4539-98e9-5e281f224d87","source":"b71f8efb-f3b4-40f4-ad6c-1e8a2cbf8674","target":"4f89773a-71e7-43df-a677-ec324326d7d2","agreement":false,"isActive":true,"date":1702310863420,"kind":"Connector","isSelected":false,"intensity":6,"isDeletable":true,"isOver":false,"isBidirectional":false,"eventLog":[{"time":1702310863420,"type":"create connection"},{"time":1702310864507,"type":"selected","value":1},{"time":1702310870606,"type":"change intensity of connector","value":-6},{"time":1702310870606,"type":"selected","value":0}]},{"id":"0dee3e10-02df-493e-b410-917d32e961fc","source":"790bd7d1-f871-4482-b648-b67451537b7f","target":"b71f8efb-f3b4-40f4-ad6c-1e8a2cbf8674","agreement":false,"isActive":true,"date":1702311016267,"kind":"Connector","isSelected":false,"intensity":6,"isDeletable":true,"isOver":false,"isBidirectional":false,"eventLog":[{"time":1702311016267,"type":"create connection"},{"time":1702311017715,"type":"selected","value":1},{"time":1702311022288,"type":"change intensity of connector","value":-6},{"time":1702311022288,"type":"selected","value":0}]}],"currentID":{},"currentNode":{},"hasSelectedNode":[false],"currentConnector":{},"hasSelectedConnector":[false],"readyToMove":[false],"isIncoming":[false],"hasElementMoved":[false]}
