{"idCAM":["1dd6d655-5f7d-4932-afab-ede3768dba56"],"creator":["5da727bfc2a70a0011a128e0_pre"],"projectCAM":["S2_CAM part 1"],"defocusCAM":[1863.1],"date":[1702310757889],"nodes":[{"id":"6de1f475-300e-4859-bec2-5004699649c2","value":0,"text":"social assistance robot","comment":"","position":{"x":650,"y":400},"isActive":true,"date":1702310758801,"kind":"Node","isSelected":false,"isConnectorSelected":false,"isDraggable":0,"isDeletable":0,"hasElementMoved":false,"eventLog":[{"time":1702310758801,"type":"create node","value":0}],"isTextChangeable":0},{"id":"174099be-c917-438d-8bbb-0cbf4c4f46c1","value":0,"text":"disadvantages","comment":"","position":{"x":450,"y":400},"isActive":true,"date":1702310758802,"kind":"Node","isSelected":false,"isConnectorSelected":false,"isDraggable":0,"isDeletable":0,"hasElementMoved":false,"eventLog":[{"time":1702310758802,"type":"create node","value":0}],"isTextChangeable":0},{"id":"a8506f93-dddf-4740-af1d-5223fa0eb5f5","value":0,"text":"advantages","comment":"","position":{"x":850,"y":400},"isActive":true,"date":1702310758802,"kind":"Node","isSelected":false,"isConnectorSelected":false,"isDraggable":0,"isDeletable":0,"hasElementMoved":false,"eventLog":[{"time":1702310758802,"type":"create node","value":0}],"isTextChangeable":0},{"id":"1c8b6e88-2343-4457-a4b4-39b4073cebbc","value":-3,"text":"inacceptance among nursing home residents","comment":"Residents of the nursing home do not interact","position":{"x":120.4,"y":133.6},"isActive":true,"date":1702310808337,"kind":"Node","isSelected":false,"isConnectorSelected":false,"isDraggable":1,"isDeletable":1,"hasElementMoved":false,"eventLog":[{"time":1702310808337,"type":"create node","value":"0"},{"time":1702310827943,"type":"selected","value":"TRUE"},{"time":1702310866834,"type":"text","value":"Inakzeptanz"},{"time":1702310866834,"type":"value","value":"-3"},{"time":1702310866834,"type":"comment","value":"Seniorenheimbewohner interagieren nicht\n"},{"time":1702310866834,"type":"selected","value":"FALSE"},{"time":1702310873418,"type":"selected","value":"TRUE"},{"time":1702310881502,"type":"text","value":"Inakzeptanz bei Seniorenheimbewohnern"},{"time":1702310881502,"type":"selected","value":"FALSE"}],"isTextChangeable":1},{"id":"a6388fc2-aafa-4201-9616-b85a8137b97f","value":2,"text":"Ablenkung","comment":"","position":{"x":1026.4,"y":125.6},"isActive":false,"date":1702310816217,"kind":"Node","isSelected":false,"isConnectorSelected":false,"isDraggable":1,"isDeletable":1,"hasElementMoved":false,"eventLog":[{"time":"1702310816217","type":"create node","value":[0]},{"time":"2023-12-11T16:09:15.756Z","type":"position","value":{"x":[1028.4],"y":[126.6]}},{"time":"1702310960888","type":"selected","value":[true]},{"time":"1702310977443","type":"node was deleted","value":[-77]}],"isTextChangeable":1},{"id":"469f946b-5620-4e2f-b63d-b73f29f2f032","value":-3,"text":"unsuitable for mentally disabled","comment":"Overwhelm, possibly fear","position":{"x":122.4,"y":627.6},"isActive":true,"date":1702310892523,"kind":"Node","isSelected":false,"isConnectorSelected":false,"isDraggable":1,"isDeletable":1,"hasElementMoved":false,"eventLog":[{"time":1702310892523,"type":"create node","value":"0"},{"time":1702310893460,"type":"selected","value":"TRUE"},{"time":1702310949243,"type":"text","value":"ungeeignet bei Geistigbehinderten"},{"time":1702310949243,"type":"value","value":"-3"},{"time":1702310949243,"type":"comment","value":"Überforderung, evt. Angst\n"},{"time":1702310949243,"type":"selected","value":"FALSE"}],"isTextChangeable":1},{"id":"4cb13355-c2c8-4be6-9434-023c11b5643e","value":3,"text":"activation","comment":"welcome distraction for nursing home residents","position":{"x":978.4,"y":126.6},"isActive":true,"date":1702310979785,"kind":"Node","isSelected":false,"isConnectorSelected":false,"isDraggable":1,"isDeletable":1,"hasElementMoved":false,"eventLog":[{"time":1702310979785,"type":"create node","value":"0"},{"time":1702310979869,"type":"selected","value":"TRUE"},{"time":1702311009462,"type":"text","value":"Aktivierung"},{"time":1702311009462,"type":"comment","value":"willkommene Ablenkung für Seniorenheimbewohner\n"},{"time":1702311009462,"type":"selected","value":"FALSE"},{"time":1702311014069,"type":"selected","value":"TRUE"},{"time":1702311022133,"type":"value","value":"3"},{"time":1702311022133,"type":"selected","value":"FALSE"}],"isTextChangeable":1},{"id":"52e9039b-dab3-4fe9-860a-3a6bf9227d9e","value":-3,"text":"dialect","comment":"The robot does not understand dialect or does not understand a person who can no longer express themselves clearly due to age","position":{"x":401.4,"y":72.6},"isActive":true,"date":1702311039915,"kind":"Node","isSelected":false,"isConnectorSelected":false,"isDraggable":1,"isDeletable":1,"hasElementMoved":false,"eventLog":[{"time":1702311039915,"type":"create node","value":"0"},{"time":1702311040026,"type":"selected","value":"TRUE"},{"time":1702311115681,"type":"text","value":"Dialekt"},{"time":1702311115681,"type":"value","value":"-3"},{"time":1702311115681,"type":"comment","value":"Roboter versteht Dialekt nicht oder versteht eine Person nicht, die sich altersbedingt nicht mehr so gut verständlich machen kann"},{"time":1702311115681,"type":"selected","value":"FALSE"}],"isTextChangeable":1},{"id":"98ecae34-2c63-4032-80a7-0fa69933db80","value":0,"text":"Verlust menschlicherchter Kontakte","comment":"","position":{"x":334.4,"y":714.6},"isActive":false,"date":1702311163196,"kind":"Node","isSelected":false,"isConnectorSelected":false,"isDraggable":1,"isDeletable":1,"hasElementMoved":false,"eventLog":[{"time":1702311163196,"type":"create node","value":0},{"time":1702311163322,"type":"selected","value":1},{"time":1702311193699,"type":"node was deleted","value":-77}],"isTextChangeable":1},{"id":"2f4dd867-6a5e-4167-9930-8855fc51ee1b","value":-3,"text":"loss of human contact","comment":"Excessive interaction with the robot can harm interpersonal relationships.","position":{"x":404.4,"y":633.6},"isActive":true,"date":1702311196083,"kind":"Node","isSelected":false,"isConnectorSelected":false,"isDraggable":1,"isDeletable":1,"hasElementMoved":false,"eventLog":[{"time":1702311196083,"type":"create node","value":"0"},{"time":1702311196190,"type":"selected","value":"TRUE"},{"time":1702311232409,"type":"text","value":"Verlust menschlicher Kontakte"},{"time":1702311232409,"type":"value","value":"-3"},{"time":1702311232409,"type":"comment","value":"Durch übermäßige Interaktion mit dem Roboter können zwischenmenschliche Kontakte leiden.\n"},{"time":1702311232409,"type":"selected","value":"FALSE"}],"isTextChangeable":1},{"id":"b80dbe6f-5210-406a-9995-e995decc504f","value":1,"text":"drink reminder","comment":"Robots can regularly remind nursing home residents that they need to drink something (and deliver a glass of water / juice).","position":{"x":884.4,"y":633.6},"isActive":true,"date":1702311249859,"kind":"Node","isSelected":false,"isConnectorSelected":false,"isDraggable":1,"isDeletable":1,"hasElementMoved":false,"eventLog":[{"time":1702311249859,"type":"create node","value":"0"},{"time":1702311250032,"type":"selected","value":"TRUE"},{"time":1702311317204,"type":"text","value":"Trink-Erinnerung"},{"time":1702311317204,"type":"value","value":"1"},{"time":1702311317204,"type":"comment","value":"Roboter kann Seniorenheimbewohner regelmäßig erinnern, dass sie etwas trinken müssen (und ein Glas Wasser / Saft anliefern)."},{"time":1702311317204,"type":"selected","value":"FALSE"}],"isTextChangeable":1},{"id":"fa5300f1-6a3d-4407-a85a-168cec8694e6","value":1,"text":"trauma patients","comment":"Traumatized children may potentially find it easier to confide their experienced suffering to a (childishly designed) robot than to a strange adult person.","position":{"x":1068.4,"y":559.6},"isActive":true,"date":1702311342427,"kind":"Node","isSelected":false,"isConnectorSelected":false,"isDraggable":1,"isDeletable":1,"hasElementMoved":false,"eventLog":[{"time":"1702311342427","type":"create node","value":[0]},{"time":"1702311342561","type":"selected","value":[true]},{"time":"1702311406729","type":"text","value":["Traumapatienten"]},{"time":"1702311406729","type":"value","value":[1]},{"time":"1702311406729","type":"comment","value":["traumatisierte Kinder können ihr erfahrenes Leid evtl. leichter einem (kindlich gestalteten) Roboter anvertrauen als einer fremden erwachsenen Person"]},{"time":"1702311406729","type":"selected","value":[false]},{"time":"2023-12-11T16:16:47.790Z","type":"position","value":{"x":[1068.4],"y":[561.6]}}],"isTextChangeable":1},{"id":"1d0e30f7-6f50-423c-8bec-830af857c36f","value":2,"text":"playful learning content","comment":"Learning contents can be playfully taught to kindergarten children","position":{"x":1204.4,"y":391.6},"isActive":true,"date":1702311440547,"kind":"Node","isSelected":false,"isConnectorSelected":false,"isDraggable":1,"isDeletable":1,"hasElementMoved":false,"eventLog":[{"time":1702311440547,"type":"create node","value":"0"},{"time":1702311442776,"type":"selected","value":"TRUE"},{"time":1702311474930,"type":"text","value":"spielerische Lerninhalte"},{"time":1702311474930,"type":"value","value":"2"},{"time":1702311474930,"type":"comment","value":"Lerninhalte können Kita-Kindern spielerisch vermittelt werden"},{"time":1702311474930,"type":"selected","value":"FALSE"}],"isTextChangeable":1},{"id":"56095c7b-01a2-4253-8218-795c5a912946","value":1,"text":"movement instruction","comment":"Preschool children might have more fun with movement, if the robot participates in the movements.","position":{"x":1175.4,"y":226.6},"isActive":true,"date":1702311480097,"kind":"Node","isSelected":false,"isConnectorSelected":false,"isDraggable":1,"isDeletable":1,"hasElementMoved":false,"eventLog":[{"time":1702311480097,"type":"create node","value":"0"},{"time":1702311480206,"type":"selected","value":"TRUE"},{"time":1702311543655,"type":"text","value":"Bewegungsanleitung"},{"time":1702311543655,"type":"value","value":"1"},{"time":1702311543655,"type":"comment","value":"Kita-Kinder haben vielleicht mehr Spaß an Bewegung, wenn der Roboter die Bewegungen mitmacht\n"},{"time":1702311543655,"type":"selected","value":"FALSE"}],"isTextChangeable":1},{"id":"241a0bb0-7efd-4ccf-a507-933cb8e79dbf","value":-3,"text":"human warmth","comment":"and gentle touch (comfort) cannot really be conveyed by the robot","position":{"x":76.4,"y":356.6},"isActive":true,"date":1702311572867,"kind":"Node","isSelected":false,"isConnectorSelected":false,"isDraggable":1,"isDeletable":1,"hasElementMoved":false,"eventLog":[{"time":1702311572867,"type":"create node","value":"0"},{"time":1702311572961,"type":"selected","value":"TRUE"},{"time":1702311623258,"type":"text","value":"menschliche Wärme"},{"time":1702311623258,"type":"value","value":"-3"},{"time":1702311623258,"type":"comment","value":"und sanfte Berührung (Trost) kann durch den Roboter nicht wirklich vermittelt werden"},{"time":1702311623258,"type":"selected","value":"FALSE"}],"isTextChangeable":1},{"id":"3a404f21-9812-425d-976e-0e4c9e3e22d9","value":0,"text":"","comment":"","position":{"x":739.4,"y":613.6},"isActive":false,"date":1702311686603,"kind":"Node","isSelected":false,"isConnectorSelected":false,"isDraggable":1,"isDeletable":1,"hasElementMoved":false,"eventLog":[{"time":1702311686603,"type":"create node","value":0},{"time":1702311693077,"type":"selected","value":1},{"time":1702311696282,"type":"node was deleted","value":-99}],"isTextChangeable":1}],"connectors":[{"id":"fb5b9d48-85cb-4613-987f-a74f3582bda8","source":"6de1f475-300e-4859-bec2-5004699649c2","target":"174099be-c917-438d-8bbb-0cbf4c4f46c1","agreement":true,"isActive":true,"date":1702310758802,"kind":"Connector","isSelected":false,"intensity":3,"isDeletable":false,"isOver":false,"isBidirectional":false,"eventLog":[{"time":1702310758803,"type":"create connection"}]},{"id":"1d0ba572-fa1f-4a5d-a3e6-115bc72e5e9a","source":"6de1f475-300e-4859-bec2-5004699649c2","target":"a8506f93-dddf-4740-af1d-5223fa0eb5f5","agreement":true,"isActive":true,"date":1702310758803,"kind":"Connector","isSelected":false,"intensity":3,"isDeletable":true,"isOver":false,"isBidirectional":false,"eventLog":[{"time":1702310758803,"type":"create connection"}]},{"id":"1a74f448-4c4b-41a9-b0e2-494206ed92cd","source":"1c8b6e88-2343-4457-a4b4-39b4073cebbc","target":"174099be-c917-438d-8bbb-0cbf4c4f46c1","agreement":true,"isActive":true,"date":1702310869139,"kind":"Connector","isSelected":false,"intensity":3,"isDeletable":true,"isOver":false,"isBidirectional":false,"eventLog":[{"time":1702310869139,"type":"create connection"}]},{"id":"9b7e9c11-8887-43b7-b6b4-40f204f3bf04","source":"174099be-c917-438d-8bbb-0cbf4c4f46c1","target":"469f946b-5620-4e2f-b63d-b73f29f2f032","agreement":true,"isActive":true,"date":1702310951683,"kind":"Connector","isSelected":false,"intensity":3,"isDeletable":true,"isOver":false,"isBidirectional":false,"eventLog":[{"time":1702310951683,"type":"create connection"}]},{"id":"46eea459-efa3-4659-bb61-968acd6b1480","source":"4cb13355-c2c8-4be6-9434-023c11b5643e","target":"a8506f93-dddf-4740-af1d-5223fa0eb5f5","agreement":true,"isActive":true,"date":1702311023987,"kind":"Connector","isSelected":false,"intensity":3,"isDeletable":true,"isOver":false,"isBidirectional":false,"eventLog":[{"time":1702311023987,"type":"create connection"}]},{"id":"113a7b65-ee76-471d-85b5-31ca79d81c96","source":"52e9039b-dab3-4fe9-860a-3a6bf9227d9e","target":"174099be-c917-438d-8bbb-0cbf4c4f46c1","agreement":true,"isActive":true,"date":1702311118051,"kind":"Connector","isSelected":false,"intensity":3,"isDeletable":true,"isOver":false,"isBidirectional":false,"eventLog":[{"time":1702311118051,"type":"create connection"}]},{"id":"0e242c01-596d-42c9-8fcf-5621b7f6c713","source":"174099be-c917-438d-8bbb-0cbf4c4f46c1","target":"2f4dd867-6a5e-4167-9930-8855fc51ee1b","agreement":true,"isActive":true,"date":1702311235787,"kind":"Connector","isSelected":false,"intensity":3,"isDeletable":true,"isOver":false,"isBidirectional":false,"eventLog":[{"time":1702311235787,"type":"create connection"}]},{"id":"a5d1351b-c5d6-4ef2-85f1-3f467db29e8b","source":"b80dbe6f-5210-406a-9995-e995decc504f","target":"a8506f93-dddf-4740-af1d-5223fa0eb5f5","agreement":true,"isActive":true,"date":1702311319050,"kind":"Connector","isSelected":false,"intensity":3,"isDeletable":true,"isOver":false,"isBidirectional":false,"eventLog":[{"time":1702311319050,"type":"create connection"}]},{"id":"63522ce3-968c-435d-a825-d008d848a825","source":"a8506f93-dddf-4740-af1d-5223fa0eb5f5","target":"fa5300f1-6a3d-4407-a85a-168cec8694e6","agreement":true,"isActive":true,"date":1702311409235,"kind":"Connector","isSelected":false,"intensity":3,"isDeletable":true,"isOver":false,"isBidirectional":false,"eventLog":[{"time":1702311409235,"type":"create connection"}]},{"id":"d01d297c-d4b7-4949-ac47-27fbf008e64c","source":"1d0e30f7-6f50-423c-8bec-830af857c36f","target":"a8506f93-dddf-4740-af1d-5223fa0eb5f5","agreement":true,"isActive":true,"date":1702311477277,"kind":"Connector","isSelected":false,"intensity":3,"isDeletable":true,"isOver":false,"isBidirectional":false,"eventLog":[{"time":1702311477277,"type":"create connection"}]},{"id":"3acff36e-733d-4246-9b1d-b62a086fc540","source":"56095c7b-01a2-4253-8218-795c5a912946","target":"a8506f93-dddf-4740-af1d-5223fa0eb5f5","agreement":true,"isActive":true,"date":1702311546433,"kind":"Connector","isSelected":false,"intensity":3,"isDeletable":true,"isOver":false,"isBidirectional":false,"eventLog":[{"time":1702311546433,"type":"create connection"}]},{"id":"40a10bfa-a5d0-4801-a869-7fb2ce0c918d","source":"241a0bb0-7efd-4ccf-a507-933cb8e79dbf","target":"174099be-c917-438d-8bbb-0cbf4c4f46c1","agreement":true,"isActive":true,"date":1702311626673,"kind":"Connector","isSelected":false,"intensity":3,"isDeletable":true,"isOver":false,"isBidirectional":false,"eventLog":[{"time":1702311626673,"type":"create connection"}]}],"currentID":{},"currentNode":{},"hasSelectedNode":[false],"currentConnector":{},"hasSelectedConnector":[false],"readyToMove":[false],"isIncoming":[false],"hasElementMoved":[false]}
