{"idCAM":["4225aced-b8fc-4526-858e-e35c2bab452c"],"creator":["5da727bfc2a70a0011a128e0_post"],"projectCAM":["S2_CAM part 2"],"defocusCAM":[],"date":[1702311862974],"nodes":[{"id":"f4fbc10e-2654-441d-ad7d-1d28646bb858","value":0,"text":"social assistance robot","comment":"","position":{"x":650,"y":400},"isActive":true,"date":1702311863877,"kind":"Node","isSelected":false,"isConnectorSelected":false,"isDraggable":0,"isDeletable":0,"hasElementMoved":false,"eventLog":[{"time":1702311863878,"type":"create node","value":0}],"isTextChangeable":0},{"id":"ef2eb9f2-da5d-4d08-a3f7-c3ee8714634f","value":0,"text":"disadvantages","comment":"","position":{"x":450,"y":400},"isActive":true,"date":1702311863878,"kind":"Node","isSelected":false,"isConnectorSelected":false,"isDraggable":0,"isDeletable":0,"hasElementMoved":false,"eventLog":[{"time":1702311863878,"type":"create node","value":0}],"isTextChangeable":0},{"id":"5a7358ba-3e66-4b67-8d94-2dcca62499e2","value":0,"text":"advantages","comment":"","position":{"x":850,"y":400},"isActive":true,"date":1702311863878,"kind":"Node","isSelected":false,"isConnectorSelected":false,"isDraggable":0,"isDeletable":0,"hasElementMoved":false,"eventLog":[{"time":1702311863878,"type":"create node","value":0}],"isTextChangeable":0},{"id":"9286675b-8921-4f92-95a8-5f25b8659cba","value":10,"text":"inacceptance among nursing home residents","comment":"The vast majority of people will likely react positively to Paro.","position":{"x":109.4,"y":140.6},"isActive":true,"date":1702311863878,"kind":"Node","isSelected":false,"isConnectorSelected":false,"isDraggable":1,"isDeletable":1,"hasElementMoved":false,"eventLog":[{"time":1702311863878,"type":"create node","value":"-3"},{"time":1702312000354,"type":"selected","value":"TRUE"},{"time":1702312000768,"type":"selected","value":"FALSE"},{"time":1702312011495,"type":"selected","value":"TRUE"},{"time":1702312079559,"type":"value","value":"2"},{"time":1702312079559,"type":"comment","value":"Die allermeisten Menschen werden wohl positiv auf Paro reagieren."},{"time":1702312079559,"type":"selected","value":"FALSE"},{"time":1702312083256,"type":"selected","value":"TRUE"},{"time":1702312083668,"type":"selected","value":"FALSE"},{"time":1702312084658,"type":"selected","value":"TRUE"},{"time":1702312085067,"type":"selected","value":"FALSE"},{"time":1702312086820,"type":"selected","value":"TRUE"},{"time":1702312118771,"type":"value","value":"10"},{"time":1702312118771,"type":"selected","value":"FALSE"}],"isTextChangeable":1},{"id":"25b22417-9cd1-48ab-af50-a2379c516441","value":10,"text":"unsuitable for mentally disabled","comment":"Mentally disabled people could mistakenly assume that it is a real living being.","position":{"x":122.4,"y":627.6},"isActive":true,"date":1702311863879,"kind":"Node","isSelected":false,"isConnectorSelected":false,"isDraggable":1,"isDeletable":1,"hasElementMoved":false,"eventLog":[{"time":1702311863879,"type":"create node","value":"-3"},{"time":1702312202768,"type":"selected","value":"TRUE"},{"time":1702312235803,"type":"comment","value":"Geistigbehinderte könnten irrtümlich annehmen, dass es ein echtes Lebewesen ist\n"},{"time":1702312235803,"type":"selected","value":"FALSE"},{"time":1702312239842,"type":"selected","value":"TRUE"},{"time":1702312243171,"type":"value","value":"10"},{"time":1702312243171,"type":"selected","value":"FALSE"}],"isTextChangeable":1},{"id":"c63f14b6-97f8-4b20-b9c2-6b5e5f416de1","value":3,"text":"activation","comment":"","position":{"x":978.4,"y":126.6},"isActive":true,"date":1702311863879,"kind":"Node","isSelected":false,"isConnectorSelected":false,"isDraggable":1,"isDeletable":1,"hasElementMoved":false,"eventLog":[{"time":1702311863879,"type":"create node","value":3}],"isTextChangeable":1},{"id":"3cbc9f49-c1e6-4d1c-8759-b39c8ebef452","value":-3,"text":"Dialekt","comment":"Paro reagiert auf Streicheln, d.h. Sprache spielt nicht unbedingt eine \nRolle","position":{"x":392.4,"y":77.6},"isActive":false,"date":1702311863879,"kind":"Node","isSelected":false,"isConnectorSelected":false,"isDraggable":1,"isDeletable":1,"hasElementMoved":false,"eventLog":[{"time":1702311863879,"type":"create node","value":"-3"},{"time":1702311882603,"type":"selected","value":"TRUE"},{"time":1702311912909,"type":"comment","value":"Paro reagiert auf Streicheln, d.h. Sprache spielt nicht unbedingt eine \n\nRolle"},{"time":1702311912909,"type":"selected","value":"FALSE"},{"time":1702311914998,"type":"selected","value":"TRUE"},{"time":1702311919642,"type":"node was deleted","value":"-77"}],"isTextChangeable":1},{"id":"d277f36b-a78a-4c7f-b782-b9cf3b23e263","value":10,"text":"loss of human contact","comment":"People could become too involved with Paro (similar to the previous Tamagotchi hype) instead of with real human contacts.","position":{"x":404.4,"y":633.6},"isActive":true,"date":1702311863879,"kind":"Node","isSelected":false,"isConnectorSelected":false,"isDraggable":1,"isDeletable":1,"hasElementMoved":false,"eventLog":[{"time":1702311863879,"type":"create node","value":"-3"},{"time":1702312250813,"type":"selected","value":"TRUE"},{"time":1702312307147,"type":"value","value":"10"},{"time":1702312307147,"type":"comment","value":"Personen könnten sich (ähnlich beim damaligen Tamagotschi-Hype) zu intensiv mit Paro beschäftigen anstatt mit echten menschlichen Kontakten\n"},{"time":1702312307147,"type":"selected","value":"FALSE"}],"isTextChangeable":1},{"id":"fd38b816-00d4-4c0d-a162-3ac8b875a21c","value":1,"text":"Trink-Erinnerung","comment":"","position":{"x":884.4,"y":633.6},"isActive":false,"date":1702311863879,"kind":"Node","isSelected":false,"isConnectorSelected":false,"isDraggable":1,"isDeletable":1,"hasElementMoved":false,"eventLog":[{"time":1702311863879,"type":"create node","value":1},{"time":1702312401773,"type":"selected","value":1},{"time":1702312405474,"type":"node was deleted","value":-99}],"isTextChangeable":1},{"id":"01b4b8b4-2cbb-477c-931e-0e162f72f0d0","value":1,"text":"trauma patients","comment":"","position":{"x":1068.4,"y":559.6},"isActive":true,"date":1702311863879,"kind":"Node","isSelected":false,"isConnectorSelected":false,"isDraggable":1,"isDeletable":1,"hasElementMoved":false,"eventLog":[{"time":1702311863879,"type":"create node","value":1}],"isTextChangeable":1},{"id":"0a79a05f-3299-4191-bc73-1ea3317cf514","value":2,"text":"spielerische Lerninhalte","comment":"","position":{"x":1204.4,"y":391.6},"isActive":false,"date":1702311863879,"kind":"Node","isSelected":false,"isConnectorSelected":false,"isDraggable":1,"isDeletable":1,"hasElementMoved":false,"eventLog":[{"time":1702311863879,"type":"create node","value":2},{"time":1702312417674,"type":"selected","value":1},{"time":1702312419994,"type":"node was deleted","value":-99}],"isTextChangeable":1},{"id":"b9c05c4d-49a6-4d52-806d-73ad6f9f16d6","value":1,"text":"movement instruction","comment":"","position":{"x":1175.4,"y":226.6},"isActive":true,"date":1702311863879,"kind":"Node","isSelected":false,"isConnectorSelected":false,"isDraggable":1,"isDeletable":1,"hasElementMoved":false,"eventLog":[{"time":1702311863879,"type":"create node","value":1}],"isTextChangeable":1},{"id":"9c15e06d-0900-453e-a097-56a9421568c6","value":10,"text":"human warmth","comment":"healthy people know: this is still a robot and not a human with real human feelings","position":{"x":76.4,"y":356.6},"isActive":true,"date":1702311863880,"kind":"Node","isSelected":false,"isConnectorSelected":false,"isDraggable":1,"isDeletable":1,"hasElementMoved":false,"eventLog":[{"time":1702311863880,"type":"create node","value":"-3"},{"time":1702312140923,"type":"selected","value":"TRUE"},{"time":1702312197996,"type":"value","value":"10"},{"time":1702312197996,"type":"comment","value":"gesunde Personen wissen: Dies ist dennoch ein Roboter und kein Mensch mit echten menschlichen Gefühlen\n"},{"time":1702312197996,"type":"selected","value":"FALSE"}],"isTextChangeable":1},{"id":"304ee453-ceef-48c2-a4db-790a157721fa","value":10,"text":"dialect","comment":"The robot does not understand dialect. / Paro responds to petting, i.e., dialect does not matter.","position":{"x":356.4,"y":71.6},"isActive":true,"date":1702311924334,"kind":"Node","isSelected":false,"isConnectorSelected":false,"isDraggable":1,"isDeletable":1,"hasElementMoved":false,"eventLog":[{"time":1702311924334,"type":"create node","value":"0"},{"time":1702311924455,"type":"selected","value":"TRUE"},{"time":1702311963684,"type":"text","value":"Dialekt"},{"time":1702311963684,"type":"value","value":"-3"},{"time":1702311963684,"type":"comment","value":"Roboter versteht Dialekt nicht. / Paro reagiert auf Streicheln, d. h. Dialekt spielt keine Rolle."},{"time":1702311963684,"type":"selected","value":"FALSE"},{"time":1702311965520,"type":"selected","value":"TRUE"},{"time":1702311978169,"type":"value","value":"10"},{"time":1702311978169,"type":"selected","value":"FALSE"}],"isTextChangeable":1},{"id":"5c978053-0478-4dc1-a5f6-46e2732f5cf3","value":3,"text":"provides conversation material","comment":"encourages and animates indifferent nursing home residents","position":{"x":813.4,"y":53.6},"isActive":true,"date":1702312331259,"kind":"Node","isSelected":false,"isConnectorSelected":false,"isDraggable":1,"isDeletable":1,"hasElementMoved":false,"eventLog":[{"time":1702312331259,"type":"create node","value":"0"},{"time":1702312331394,"type":"selected","value":"TRUE"},{"time":1702312374971,"type":"text","value":"liefert Gesprächsstoff "},{"time":1702312374971,"type":"comment","value":"ermuntert und belebt teilnahmslose Seniorenheimbewohner\n"},{"time":1702312374971,"type":"selected","value":"FALSE"},{"time":1702312377550,"type":"selected","value":"TRUE"},{"time":1702312382115,"type":"value","value":"3"},{"time":1702312382115,"type":"selected","value":"FALSE"}],"isTextChangeable":1}],"connectors":[{"id":"dccd1dcc-468b-4737-8ef9-a7f688a13023","source":"f4fbc10e-2654-441d-ad7d-1d28646bb858","target":"ef2eb9f2-da5d-4d08-a3f7-c3ee8714634f","agreement":true,"isActive":true,"date":1702311863880,"kind":"Connector","isSelected":false,"intensity":3,"isDeletable":false,"isOver":false,"isBidirectional":false,"eventLog":[{"time":1702311863880,"type":"create connection"}]},{"id":"965bf926-ad2b-4829-af77-2a5a942bb7c5","source":"f4fbc10e-2654-441d-ad7d-1d28646bb858","target":"5a7358ba-3e66-4b67-8d94-2dcca62499e2","agreement":true,"isActive":true,"date":1702311863881,"kind":"Connector","isSelected":false,"intensity":3,"isDeletable":true,"isOver":false,"isBidirectional":false,"eventLog":[{"time":1702311863881,"type":"create connection"}]},{"id":"6fc87130-23a6-42e6-93da-4e8823f57761","source":"9286675b-8921-4f92-95a8-5f25b8659cba","target":"ef2eb9f2-da5d-4d08-a3f7-c3ee8714634f","agreement":true,"isActive":true,"date":1702311863881,"kind":"Connector","isSelected":false,"intensity":3,"isDeletable":true,"isOver":false,"isBidirectional":false,"eventLog":[{"time":1702311863881,"type":"create connection"}]},{"id":"f2c88d13-46c9-4cab-b0be-2dd065dc185d","source":"ef2eb9f2-da5d-4d08-a3f7-c3ee8714634f","target":"25b22417-9cd1-48ab-af50-a2379c516441","agreement":true,"isActive":true,"date":1702311863882,"kind":"Connector","isSelected":false,"intensity":3,"isDeletable":true,"isOver":false,"isBidirectional":false,"eventLog":[{"time":1702311863882,"type":"create connection"}]},{"id":"58944093-a5bc-47fd-b970-e05afdfe4c5e","source":"c63f14b6-97f8-4b20-b9c2-6b5e5f416de1","target":"5a7358ba-3e66-4b67-8d94-2dcca62499e2","agreement":true,"isActive":true,"date":1702311863882,"kind":"Connector","isSelected":false,"intensity":3,"isDeletable":true,"isOver":false,"isBidirectional":false,"eventLog":[{"time":1702311863882,"type":"create connection"}]},{"id":"a403b272-497a-4f0d-9c5d-8f770bb5d69e","source":"3cbc9f49-c1e6-4d1c-8759-b39c8ebef452","target":"ef2eb9f2-da5d-4d08-a3f7-c3ee8714634f","agreement":true,"isActive":false,"date":1702311863882,"kind":"Connector","isSelected":false,"intensity":3,"isDeletable":true,"isOver":false,"isBidirectional":false,"eventLog":[{"time":1702311863882,"type":"create connection"},{"time":1702311919642,"type":"active","value":false}]},{"id":"8417d60c-22d2-41ad-b78a-6503d9d64dfd","source":"ef2eb9f2-da5d-4d08-a3f7-c3ee8714634f","target":"d277f36b-a78a-4c7f-b782-b9cf3b23e263","agreement":true,"isActive":true,"date":1702311863883,"kind":"Connector","isSelected":false,"intensity":3,"isDeletable":true,"isOver":false,"isBidirectional":false,"eventLog":[{"time":1702311863883,"type":"create connection"}]},{"id":"3e764268-df02-4605-8736-dbbd58c7f009","source":"fd38b816-00d4-4c0d-a162-3ac8b875a21c","target":"5a7358ba-3e66-4b67-8d94-2dcca62499e2","agreement":true,"isActive":false,"date":1702311863883,"kind":"Connector","isSelected":false,"intensity":3,"isDeletable":true,"isOver":false,"isBidirectional":false,"eventLog":[{"time":1702311863883,"type":"create connection"},{"time":1702312405475,"type":"active","value":false}]},{"id":"5deff1b9-36c3-4ed7-8b4b-9ddb1228302e","source":"5a7358ba-3e66-4b67-8d94-2dcca62499e2","target":"01b4b8b4-2cbb-477c-931e-0e162f72f0d0","agreement":true,"isActive":true,"date":1702311863883,"kind":"Connector","isSelected":false,"intensity":3,"isDeletable":true,"isOver":false,"isBidirectional":false,"eventLog":[{"time":1702311863883,"type":"create connection"}]},{"id":"d5fc3763-31a4-482a-a5fb-9fe1c9f3c748","source":"0a79a05f-3299-4191-bc73-1ea3317cf514","target":"5a7358ba-3e66-4b67-8d94-2dcca62499e2","agreement":true,"isActive":false,"date":1702311863884,"kind":"Connector","isSelected":false,"intensity":3,"isDeletable":true,"isOver":false,"isBidirectional":false,"eventLog":[{"time":1702311863884,"type":"create connection"},{"time":1702312419995,"type":"active","value":false}]},{"id":"6402e48e-78f8-4b8f-aab4-3e255f8e96d4","source":"b9c05c4d-49a6-4d52-806d-73ad6f9f16d6","target":"5a7358ba-3e66-4b67-8d94-2dcca62499e2","agreement":true,"isActive":true,"date":1702311863884,"kind":"Connector","isSelected":false,"intensity":3,"isDeletable":true,"isOver":false,"isBidirectional":false,"eventLog":[{"time":1702311863884,"type":"create connection"}]},{"id":"ed134410-4f1e-4206-851f-1aa13dcefea9","source":"9c15e06d-0900-453e-a097-56a9421568c6","target":"ef2eb9f2-da5d-4d08-a3f7-c3ee8714634f","agreement":true,"isActive":true,"date":1702311863884,"kind":"Connector","isSelected":false,"intensity":3,"isDeletable":true,"isOver":false,"isBidirectional":false,"eventLog":[{"time":1702311863884,"type":"create connection"}]},{"id":"72d5f501-5aa1-4bfd-ab50-35ee59c8f144","source":"304ee453-ceef-48c2-a4db-790a157721fa","target":"ef2eb9f2-da5d-4d08-a3f7-c3ee8714634f","agreement":true,"isActive":true,"date":1702311988017,"kind":"Connector","isSelected":false,"intensity":3,"isDeletable":true,"isOver":false,"isBidirectional":false,"eventLog":[{"time":1702311988017,"type":"create connection"}]},{"id":"018b3636-eb68-45bc-b664-1165c7a9b715","source":"5c978053-0478-4dc1-a5f6-46e2732f5cf3","target":"5a7358ba-3e66-4b67-8d94-2dcca62499e2","agreement":true,"isActive":true,"date":1702312385379,"kind":"Connector","isSelected":false,"intensity":3,"isDeletable":true,"isOver":false,"isBidirectional":false,"eventLog":[{"time":1702312385379,"type":"create connection"}]}],"currentID":{},"currentNode":{},"hasSelectedNode":[false],"currentConnector":{},"hasSelectedConnector":[false],"readyToMove":[false],"isIncoming":[false],"hasElementMoved":[false]}
