{"idCAM":["171b6d5d-2857-47e5-8ba1-5209ac3dfa29"],"creator":["5dd08cf019eecb169dc131ba_pre"],"projectCAM":["S2_CAM part 1"],"defocusCAM":[37638.2,11058.5,14355.5,18446.2,14585.4,39432.5,32684.9,46949.1,13760.1,9414.7],"date":[1702310858463],"nodes":[{"id":"40c73aac-2a38-4de2-8336-888a3121ca38","value":0,"text":"rescue robot","comment":"","position":{"x":650,"y":400},"isActive":true,"date":1702310859356,"kind":"Node","isSelected":false,"isConnectorSelected":false,"isDraggable":0,"isDeletable":0,"hasElementMoved":false,"eventLog":[{"time":1702310859356,"type":"create node","value":0}],"isTextChangeable":0},{"id":"13452e68-76af-45ba-9993-a6626cc5cbf0","value":0,"text":"disadvantages","comment":"","position":{"x":450,"y":400},"isActive":true,"date":1702310859356,"kind":"Node","isSelected":false,"isConnectorSelected":false,"isDraggable":0,"isDeletable":0,"hasElementMoved":false,"eventLog":[{"time":"1702310859356","type":"create node","value":[0]},{"time":"2023-12-11T16:17:55.012Z","type":"position","value":{"x":[440],"y":[402]}}],"isTextChangeable":0},{"id":"609300e5-8fa6-4435-898f-df3c462ef768","value":0,"text":"advantages","comment":"","position":{"x":850,"y":400},"isActive":true,"date":1702310859356,"kind":"Node","isSelected":false,"isConnectorSelected":false,"isDraggable":0,"isDeletable":0,"hasElementMoved":false,"eventLog":[{"time":"1702310859356","type":"create node","value":[0]},{"time":"1702310974476","type":"selected","value":[true]},{"time":"1702310975343","type":"selected","value":[false]},{"time":"1702311286268","type":"selected","value":[true]},{"time":"1702311286921","type":"selected","value":[false]},{"time":"2023-12-11T16:14:48.395Z","type":"position","value":{"x":[870],"y":[421]}}],"isTextChangeable":0},{"id":"c9962cf0-47f0-4093-955b-1698325a86cb","value":2,"text":"fewer mistakes","comment":"","position":{"x":833,"y":533},"isActive":true,"date":1702310900886,"kind":"Node","isSelected":false,"isConnectorSelected":false,"isDraggable":1,"isDeletable":1,"hasElementMoved":false,"eventLog":[{"time":"1702310900886","type":"create node","value":[0]},{"time":"1702310959660","type":"selected","value":[true]},{"time":"1702310960163","type":"selected","value":[false]},{"time":"1702310960496","type":"selected","value":[true]},{"time":"1702310970310","type":"text","value":["weniger Fehler"]},{"time":"1702310970310","type":"value","value":[2]},{"time":"1702310970310","type":"selected","value":[false]},{"time":"1702310975431","type":"selected","value":[true]},{"time":"1702310976002","type":"selected","value":[false]},{"time":"2023-12-11T16:09:36.076Z","type":"position","value":{"x":[754],"y":[498]}},{"time":"2023-12-11T16:09:37.867Z","type":"position","value":{"x":[768],"y":[517]}}],"isTextChangeable":1},{"id":"0c4f3fe8-d317-47d6-a6bc-51127252f475","value":3,"text":"overall more productive","comment":"","position":{"x":802,"y":256},"isActive":true,"date":1702311011926,"kind":"Node","isSelected":false,"isConnectorSelected":false,"isDraggable":1,"isDeletable":1,"hasElementMoved":false,"eventLog":[{"time":1702311011926,"type":"create node","value":"0"},{"time":1702311012025,"type":"selected","value":"TRUE"},{"time":1702311019808,"type":"text","value":"insgesamt produktiver"},{"time":1702311019808,"type":"value","value":"3"},{"time":1702311019808,"type":"selected","value":"FALSE"}],"isTextChangeable":1},{"id":"25370172-f807-49d3-b79d-4e57f1d0be0c","value":2,"text":"no fatigue","comment":"","position":{"x":503,"y":594},"isActive":true,"date":1702311028848,"kind":"Node","isSelected":false,"isConnectorSelected":false,"isDraggable":1,"isDeletable":1,"hasElementMoved":false,"eventLog":[{"time":"1702311028848","type":"create node","value":[0]},{"time":"2023-12-11T16:10:33.491Z","type":"position","value":{"x":[801],"y":[533]}},{"time":"2023-12-11T16:10:33.871Z","type":"position","value":{"x":[651],"y":[565]}},{"time":"2023-12-11T16:10:34.438Z","type":"position","value":{"x":[501],"y":[646]}},{"time":"2023-12-11T16:10:34.823Z","type":"position","value":{"x":[351],"y":[650]}},{"time":"2023-12-11T16:10:36.239Z","type":"position","value":{"x":[385],"y":[628]}},{"time":"1702311059064","type":"selected","value":[true]},{"time":"1702311074454","type":"text","value":["Keine Müdigkeit"]},{"time":"1702311074454","type":"value","value":[2]},{"time":"1702311074454","type":"selected","value":[false]}],"isTextChangeable":1},{"id":"18b452a7-410d-4c49-9363-16be7c1184f0","value":2,"text":"greater accuracy","comment":"","position":{"x":1019,"y":331},"isActive":true,"date":1702311114903,"kind":"Node","isSelected":false,"isConnectorSelected":false,"isDraggable":1,"isDeletable":1,"hasElementMoved":false,"eventLog":[{"time":1702311114903,"type":"create node","value":"0"},{"time":1702311115003,"type":"selected","value":"TRUE"},{"time":1702311123594,"type":"text","value":"größerer Genauigkeit "},{"time":1702311123594,"type":"value","value":"2"},{"time":1702311123594,"type":"selected","value":"FALSE"}],"isTextChangeable":1},{"id":"10605f2b-51d0-463b-9a6f-9831ce84fd2a","value":3,"text":"significantly stronger","comment":"and faster than humans","position":{"x":514,"y":266},"isActive":true,"date":1702311153613,"kind":"Node","isSelected":false,"isConnectorSelected":false,"isDraggable":1,"isDeletable":1,"hasElementMoved":false,"eventLog":[{"time":1702311153613,"type":"create node","value":"0"},{"time":1702311153703,"type":"selected","value":"TRUE"},{"time":1702311154735,"type":"selected","value":"FALSE"},{"time":1702311157436,"type":"selected","value":"TRUE"},{"time":1702311159311,"type":"selected","value":"FALSE"},{"time":1702311162976,"type":"selected","value":"TRUE"},{"time":1702311163380,"type":"selected","value":"FALSE"},{"time":1702311164637,"type":"selected","value":"TRUE"},{"time":1702311185644,"type":"text","value":"deutlich stärker"},{"time":1702311185644,"type":"value","value":"3"},{"time":1702311185644,"type":"comment","value":"und schneller als Menschen "},{"time":1702311185644,"type":"selected","value":"FALSE"}],"isTextChangeable":1},{"id":"367a2ee1-633e-46ca-b601-4f299a80a155","value":2,"text":"work faster","comment":"Like for example screwing, drilling, welding, painting","position":{"x":1067,"y":466},"isActive":true,"date":1702311235350,"kind":"Node","isSelected":false,"isConnectorSelected":false,"isDraggable":1,"isDeletable":1,"hasElementMoved":false,"eventLog":[{"time":"1702311235350","type":"create node","value":[0]},{"time":"1702311235470","type":"selected","value":[true]},{"time":"1702311256066","type":"text","value":["schneller arbeiten "]},{"time":"1702311256066","type":"selected","value":[false]},{"time":"1702311260131","type":"selected","value":[true]},{"time":"1702311278505","type":"comment","value":[" Wie zb Schrauben, Bohren, Schweißen, Lackieren"]},{"time":"1702311278505","type":"selected","value":[false]},{"time":"1702311279077","type":"selected","value":[true]},{"time":"1702311281417","type":"value","value":[2]},{"time":"1702311281417","type":"selected","value":[false]},{"time":"1702311286989","type":"selected","value":[true]},{"time":"1702311287693","type":"selected","value":[false]},{"time":"2023-12-11T16:14:49.704Z","type":"position","value":{"x":[1003],"y":[481]}}],"isTextChangeable":1},{"id":"30deb81f-93ad-4ba8-a68e-cec0daf58974","value":3,"text":"Usable in an emergency","comment":"To inspect debris more accurately","position":{"x":643,"y":199},"isActive":true,"date":1702311337908,"kind":"Node","isSelected":false,"isConnectorSelected":false,"isDraggable":1,"isDeletable":1,"hasElementMoved":false,"eventLog":[{"time":1702311337908,"type":"create node","value":"0"},{"time":1702311338847,"type":"selected","value":"TRUE"},{"time":1702311377358,"type":"text","value":"Im Notfall einsetzbar"},{"time":1702311377358,"type":"value","value":"3"},{"time":1702311377358,"type":"comment","value":"Um Trümmer genauer zu inspizieren"},{"time":1702311377358,"type":"selected","value":"FALSE"}],"isTextChangeable":1},{"id":"ed66dabf-0e51-4281-b8f4-29e3ee2b0d35","value":-1,"text":"still machine","comment":"still subordinate","position":{"x":259,"y":442},"isActive":true,"date":1702311435764,"kind":"Node","isSelected":false,"isConnectorSelected":false,"isDraggable":1,"isDeletable":1,"hasElementMoved":false,"eventLog":[{"time":"1702311435764","type":"create node","value":[0]},{"time":"1702311437389","type":"selected","value":[true]},{"time":"1702311463419","type":"text","value":["immer noch Maschine "]},{"time":"1702311463419","type":"value","value":[-1]},{"time":"1702311463419","type":"comment","value":["nach wie vor untergeordnet"]},{"time":"1702311463419","type":"selected","value":[false]},{"time":"2023-12-11T16:17:45.176Z","type":"position","value":{"x":[309],"y":[455]}},{"time":"2023-12-11T16:17:46.048Z","type":"position","value":{"x":[341],"y":[444]}}],"isTextChangeable":1},{"id":"c6fd3bec-3fce-4c4f-b7df-853c49510a13","value":0,"text":"","comment":"","position":{"x":280,"y":159},"isActive":false,"date":1702311468883,"kind":"Node","isSelected":false,"isConnectorSelected":false,"isDraggable":1,"isDeletable":1,"hasElementMoved":false,"eventLog":[{"time":"1702311468883","type":"create node","value":[0]},{"time":"1702311469323","type":"selected","value":[true]},{"time":"1702311470511","type":"selected","value":[false]},{"time":"2023-12-11T16:17:51.304Z","type":"position","value":{"x":[309],"y":[418]}},{"time":"2023-12-11T16:17:51.690Z","type":"position","value":{"x":[313],"y":[263]}},{"time":"1702311472465","type":"selected","value":[true]},{"time":"1702311473883","type":"node was deleted","value":[-99]}],"isTextChangeable":1},{"id":"bd3b70b1-7464-4847-bf85-f2f646df7bf0","value":0,"text":"","comment":"","position":{"x":387,"y":139},"isActive":false,"date":1702311475656,"kind":"Node","isSelected":false,"isConnectorSelected":false,"isDraggable":1,"isDeletable":1,"hasElementMoved":false,"eventLog":[{"time":"1702311475656","type":"create node","value":[0]},{"time":"2023-12-11T16:17:56.688Z","type":"position","value":{"x":[328],"y":[424]}},{"time":"2023-12-11T16:17:57.021Z","type":"position","value":{"x":[366],"y":[272]}},{"time":"1702311479267","type":"selected","value":[true]},{"time":"1702311480691","type":"node was deleted","value":[-99]}],"isTextChangeable":1},{"id":"cdc39ec6-07c4-4b3e-b58c-73aa9865f443","value":-2,"text":"Robots are expensive","comment":"","position":{"x":331,"y":272},"isActive":true,"date":1702311506232,"kind":"Node","isSelected":false,"isConnectorSelected":false,"isDraggable":1,"isDeletable":1,"hasElementMoved":false,"eventLog":[{"time":1702311506232,"type":"create node","value":"0"},{"time":1702311506348,"type":"selected","value":"TRUE"},{"time":1702311517796,"type":"text","value":"Roboter sind teuer"},{"time":1702311517796,"type":"value","value":"-2"},{"time":1702311517796,"type":"selected","value":"FALSE"}],"isTextChangeable":1},{"id":"a168227c-8b90-4fbb-b17c-a61ba4090aed","value":-3,"text":"loss of the job","comment":"One can become unemployed if the robot replaces humans","position":{"x":365,"y":557},"isActive":true,"date":1702311542296,"kind":"Node","isSelected":false,"isConnectorSelected":false,"isDraggable":1,"isDeletable":1,"hasElementMoved":false,"eventLog":[{"time":1702311542296,"type":"create node","value":"0"},{"time":1702311542414,"type":"selected","value":"TRUE"},{"time":1702311607212,"type":"text","value":"Verlust vom Arbeitsplatz"},{"time":1702311607212,"type":"value","value":"-3"},{"time":1702311607212,"type":"comment","value":"Man kann Arbeitslos werden wenn der Roboter den Menschen ersetzt "},{"time":1702311607212,"type":"selected","value":"FALSE"}],"isTextChangeable":1},{"id":"c9bf69c3-9913-4195-ae6d-553b83f42ab5","value":0,"text":"","comment":"","position":{"x":1173,"y":462},"isActive":false,"date":1702311607404,"kind":"Node","isSelected":false,"isConnectorSelected":false,"isDraggable":1,"isDeletable":1,"hasElementMoved":false,"eventLog":[{"time":1702311607404,"type":"create node","value":0},{"time":1702311612439,"type":"selected","value":1},{"time":1702311613761,"type":"node was deleted","value":-99}],"isTextChangeable":1}],"connectors":[{"id":"e4585040-8d53-4c09-b65b-e746df98d85d","source":"40c73aac-2a38-4de2-8336-888a3121ca38","target":"13452e68-76af-45ba-9993-a6626cc5cbf0","agreement":true,"isActive":true,"date":1702310859357,"kind":"Connector","isSelected":false,"intensity":3,"isDeletable":false,"isOver":false,"isBidirectional":false,"eventLog":[{"time":1702310859357,"type":"create connection"}]},{"id":"3a6ebcd0-65bb-497c-ad2b-9eef2f20b623","source":"40c73aac-2a38-4de2-8336-888a3121ca38","target":"609300e5-8fa6-4435-898f-df3c462ef768","agreement":true,"isActive":true,"date":1702310859357,"kind":"Connector","isSelected":false,"intensity":3,"isDeletable":true,"isOver":false,"isBidirectional":false,"eventLog":[{"time":1702310859357,"type":"create connection"}]},{"id":"e7055716-9586-4367-8315-6491e60b1feb","source":"609300e5-8fa6-4435-898f-df3c462ef768","target":"c9962cf0-47f0-4093-955b-1698325a86cb","agreement":true,"isActive":true,"date":1702310987636,"kind":"Connector","isSelected":false,"intensity":3,"isDeletable":true,"isOver":false,"isBidirectional":false,"eventLog":[{"time":1702310987636,"type":"create connection"}]},{"id":"d973f22c-7594-4616-b4e7-a0d183964c8d","source":"0c4f3fe8-d317-47d6-a6bc-51127252f475","target":"609300e5-8fa6-4435-898f-df3c462ef768","agreement":true,"isActive":true,"date":1702311021083,"kind":"Connector","isSelected":false,"intensity":3,"isDeletable":true,"isOver":false,"isBidirectional":false,"eventLog":[{"time":1702311021083,"type":"create connection"}]},{"id":"2fd68b51-404e-4b38-b7f4-3bad19443953","source":"40c73aac-2a38-4de2-8336-888a3121ca38","target":"0c4f3fe8-d317-47d6-a6bc-51127252f475","agreement":true,"isActive":true,"date":1702311026365,"kind":"Connector","isSelected":false,"intensity":3,"isDeletable":true,"isOver":false,"isBidirectional":false,"eventLog":[{"time":1702311026365,"type":"create connection"}]},{"id":"73982797-80b6-4e6e-966c-274d839d370f","source":"40c73aac-2a38-4de2-8336-888a3121ca38","target":"25370172-f807-49d3-b79d-4e57f1d0be0c","agreement":true,"isActive":true,"date":1702311032074,"kind":"Connector","isSelected":false,"intensity":3,"isDeletable":true,"isOver":false,"isBidirectional":false,"eventLog":[{"time":1702311032074,"type":"create connection"}]},{"id":"57fd1138-9aea-45f6-9e92-6a7074b9542b","source":"25370172-f807-49d3-b79d-4e57f1d0be0c","target":"609300e5-8fa6-4435-898f-df3c462ef768","agreement":true,"isActive":true,"date":1702311081182,"kind":"Connector","isSelected":false,"intensity":3,"isDeletable":true,"isOver":false,"isBidirectional":false,"eventLog":[{"time":1702311081182,"type":"create connection"}]},{"id":"3242a8bc-aea4-4af8-be2f-9c5098aee3ab","source":"609300e5-8fa6-4435-898f-df3c462ef768","target":"18b452a7-410d-4c49-9363-16be7c1184f0","agreement":true,"isActive":true,"date":1702311124612,"kind":"Connector","isSelected":false,"intensity":3,"isDeletable":true,"isOver":false,"isBidirectional":false,"eventLog":[{"time":1702311124612,"type":"create connection"}]},{"id":"951e626e-cf96-4d5b-8197-98f60c335abd","source":"40c73aac-2a38-4de2-8336-888a3121ca38","target":"10605f2b-51d0-463b-9a6f-9831ce84fd2a","agreement":true,"isActive":true,"date":1702311156159,"kind":"Connector","isSelected":false,"intensity":3,"isDeletable":true,"isOver":false,"isBidirectional":false,"eventLog":[{"time":1702311156159,"type":"create connection"}]},{"id":"f80622b0-579b-4674-b614-fdb5a2c06376","source":"609300e5-8fa6-4435-898f-df3c462ef768","target":"367a2ee1-633e-46ca-b601-4f299a80a155","agreement":true,"isActive":true,"date":1702311292588,"kind":"Connector","isSelected":false,"intensity":3,"isDeletable":true,"isOver":false,"isBidirectional":false,"eventLog":[{"time":1702311292588,"type":"create connection"}]},{"id":"be62ff74-13cc-49cd-8424-15cfef8ec3b6","source":"40c73aac-2a38-4de2-8336-888a3121ca38","target":"30deb81f-93ad-4ba8-a68e-cec0daf58974","agreement":true,"isActive":true,"date":1702311380738,"kind":"Connector","isSelected":false,"intensity":3,"isDeletable":true,"isOver":false,"isBidirectional":false,"eventLog":[{"time":1702311380738,"type":"create connection"}]},{"id":"1268981f-0029-4bf5-9a93-b842ce2544fa","source":"ed66dabf-0e51-4281-b8f4-29e3ee2b0d35","target":"13452e68-76af-45ba-9993-a6626cc5cbf0","agreement":true,"isActive":true,"date":1702311484343,"kind":"Connector","isSelected":false,"intensity":3,"isDeletable":true,"isOver":false,"isBidirectional":false,"eventLog":[{"time":1702311484343,"type":"create connection"}]},{"id":"f2d2c9e1-6bb9-46df-9bfc-405f8f73a310","source":"13452e68-76af-45ba-9993-a6626cc5cbf0","target":"cdc39ec6-07c4-4b3e-b58c-73aa9865f443","agreement":true,"isActive":true,"date":1702311522537,"kind":"Connector","isSelected":false,"intensity":3,"isDeletable":true,"isOver":false,"isBidirectional":false,"eventLog":[{"time":1702311522537,"type":"create connection"}]},{"id":"176b97dc-f582-4ae3-99af-da60b21ae030","source":"a168227c-8b90-4fbb-b17c-a61ba4090aed","target":"13452e68-76af-45ba-9993-a6626cc5cbf0","agreement":true,"isActive":true,"date":1702311615933,"kind":"Connector","isSelected":false,"intensity":3,"isDeletable":true,"isOver":false,"isBidirectional":false,"eventLog":[{"time":1702311615933,"type":"create connection"}]},{"id":"6fe923d7-41d0-4a2d-a5cb-229bd33e9a74","source":"a168227c-8b90-4fbb-b17c-a61ba4090aed","target":"40c73aac-2a38-4de2-8336-888a3121ca38","agreement":true,"isActive":true,"date":1702311634417,"kind":"Connector","isSelected":false,"intensity":3,"isDeletable":true,"isOver":false,"isBidirectional":false,"eventLog":[{"time":1702311634417,"type":"create connection"}]}],"currentID":{},"currentNode":{},"hasSelectedNode":[false],"currentConnector":{},"hasSelectedConnector":[false],"readyToMove":[false],"isIncoming":[false],"hasElementMoved":[false]}
