{"idCAM":["599b33b5-db21-4603-b257-cde81ca64bd4"],"creator":["5dd5855018beb6544df7f797_pre"],"projectCAM":["S2_CAM part 1"],"defocusCAM":[14140.3,131669.2],"date":[1702312290073],"nodes":[{"id":"95152328-982e-479b-b1ab-1ade620feae3","value":0,"text":"social assistance robot","comment":"","position":{"x":650,"y":400},"isActive":true,"date":1702312290947,"kind":"Node","isSelected":false,"isConnectorSelected":false,"isDraggable":0,"isDeletable":0,"hasElementMoved":false,"eventLog":[{"time":1702312290947,"type":"create node","value":0}],"isTextChangeable":0},{"id":"8e2d0e8f-3589-42d2-9d1d-edf4315ac4b8","value":0,"text":"disadvantages","comment":"","position":{"x":450,"y":400},"isActive":true,"date":1702312290947,"kind":"Node","isSelected":false,"isConnectorSelected":false,"isDraggable":0,"isDeletable":0,"hasElementMoved":false,"eventLog":[{"time":1702312290947,"type":"create node","value":0}],"isTextChangeable":0},{"id":"9796c7e1-2ee6-4745-ba37-053e549cd408","value":0,"text":"advantages","comment":"","position":{"x":850,"y":400},"isActive":true,"date":1702312290947,"kind":"Node","isSelected":false,"isConnectorSelected":false,"isDraggable":0,"isDeletable":0,"hasElementMoved":false,"eventLog":[{"time":1702312290947,"type":"create node","value":0}],"isTextChangeable":0},{"id":"4a3b3915-bf22-4462-b502-d50395c8542f","value":2,"text":"emotional interaction","comment":"","position":{"x":1044,"y":121},"isActive":true,"date":1702312327486,"kind":"Node","isSelected":false,"isConnectorSelected":false,"isDraggable":1,"isDeletable":1,"hasElementMoved":false,"eventLog":[{"time":"1702312327486","type":"create node","value":[0]},{"time":"1702312327547","type":"selected","value":[true]},{"time":"1702312336429","type":"text","value":["Emotionale Interaktion"]},{"time":"1702312336429","type":"value","value":[2]},{"time":"1702312336429","type":"selected","value":[false]},{"time":"2023-12-11T16:32:17.713Z","type":"position","value":{"x":[1040],"y":[448]}},{"time":"2023-12-11T16:32:17.805Z","type":"position","value":{"x":[1040],"y":[241]}}],"isTextChangeable":1},{"id":"11838792-af9c-4f8e-b343-c5ccc502f733","value":1,"text":"relief nursing staff","comment":"","position":{"x":1073,"y":343},"isActive":true,"date":1702312447275,"kind":"Node","isSelected":false,"isConnectorSelected":false,"isDraggable":1,"isDeletable":1,"hasElementMoved":false,"eventLog":[{"time":"1702312447275","type":"create node","value":[0]},{"time":"1702312447336","type":"selected","value":[true]},{"time":"1702312454578","type":"text","value":["Entlastung Pflegepersonal"]},{"time":"1702312454578","type":"value","value":[1]},{"time":"1702312454578","type":"selected","value":[false]},{"time":"2023-12-11T16:34:15.180Z","type":"position","value":{"x":[1073],"y":[306]}}],"isTextChangeable":1},{"id":"3f3185fc-6746-4a45-8ebf-52676975e6a0","value":3,"text":"continuous care","comment":"Offer around the clock care and support","position":{"x":1175,"y":206},"isActive":true,"date":1702312459762,"kind":"Node","isSelected":false,"isConnectorSelected":false,"isDraggable":1,"isDeletable":1,"hasElementMoved":false,"eventLog":[{"time":"1702312459762","type":"create node","value":[0]},{"time":"1702312460978","type":"selected","value":[true]},{"time":"1702312484009","type":"text","value":["Durchgehende Betreuung"]},{"time":"1702312484009","type":"value","value":[3]},{"time":"1702312484009","type":"comment","value":["Bieten rund um die Uhr Betreeuung und Unterstützung"]},{"time":"1702312484009","type":"selected","value":[false]},{"time":"2023-12-11T16:34:44.620Z","type":"position","value":{"x":[973],"y":[506]}},{"time":"2023-12-11T16:34:49.386Z","type":"position","value":{"x":[1042],"y":[579]}},{"time":"2023-12-11T16:34:50.738Z","type":"position","value":{"x":[1094],"y":[537]}},{"time":"2023-12-11T16:34:50.939Z","type":"position","value":{"x":[1195],"y":[368]}},{"time":"2023-12-11T16:34:51.273Z","type":"position","value":{"x":[1191],"y":[215]}}],"isTextChangeable":1},{"id":"a93f058d-e49d-4ac9-b0e0-b4998e526f0e","value":1,"text":"accessibility","comment":"can better support in difficult regions","position":{"x":1025,"y":576},"isActive":true,"date":1702312491954,"kind":"Node","isSelected":false,"isConnectorSelected":false,"isDraggable":1,"isDeletable":1,"hasElementMoved":false,"eventLog":[{"time":"1702312491954","type":"create node","value":[0]},{"time":"2023-12-11T16:34:53.173Z","type":"position","value":{"x":[1071],"y":[147]}},{"time":"2023-12-11T16:34:53.389Z","type":"position","value":{"x":[1092],"y":[314]}},{"time":"2023-12-11T16:34:53.440Z","type":"position","value":{"x":[1116],"y":[495]}},{"time":"1702312530980","type":"selected","value":[true]},{"time":"1702312546641","type":"text","value":["Zugänglichkeit"]},{"time":"1702312546641","type":"comment","value":["können in schweren Regionen besser unterstützen"]},{"time":"1702312546641","type":"selected","value":[false]},{"time":"2023-12-11T16:35:47.120Z","type":"position","value":{"x":[1084],"y":[568]}},{"time":"2023-12-11T16:35:49.239Z","type":"position","value":{"x":[1085],"y":[582]}},{"time":"1702312554218","type":"selected","value":[true]},{"time":"1702312576314","type":"value","value":[1]},{"time":"1702312576314","type":"selected","value":[false]}],"isTextChangeable":1},{"id":"c5c0719a-fe42-47e5-83e5-199e130f04e4","value":-1,"text":"costs","comment":"Basic investment is very high","position":{"x":242,"y":426},"isActive":true,"date":1702312495053,"kind":"Node","isSelected":false,"isConnectorSelected":false,"isDraggable":1,"isDeletable":1,"hasElementMoved":false,"eventLog":[{"time":"1702312495053","type":"create node","value":[0]},{"time":"2023-12-11T16:34:55.656Z","type":"position","value":{"x":[1143],"y":[182]}},{"time":"2023-12-11T16:34:55.738Z","type":"position","value":{"x":[1138],"y":[343]}},{"time":"2023-12-11T16:34:55.788Z","type":"position","value":{"x":[1118],"y":[512]}},{"time":"2023-12-11T16:34:55.906Z","type":"position","value":{"x":[984],"y":[535]}},{"time":"2023-12-11T16:35:53.395Z","type":"position","value":{"x":[948],"y":[521]}},{"time":"2023-12-11T16:36:17.023Z","type":"position","value":{"x":[1061],"y":[537]}},{"time":"2023-12-11T16:36:19.773Z","type":"position","value":{"x":[1074],"y":[455]}},{"time":"2023-12-11T16:36:19.939Z","type":"position","value":{"x":[920],"y":[455]}},{"time":"2023-12-11T16:36:19.955Z","type":"position","value":{"x":[748],"y":[455]}},{"time":"2023-12-11T16:36:19.989Z","type":"position","value":{"x":[497],"y":[455]}},{"time":"2023-12-11T16:36:20.037Z","type":"position","value":{"x":[298],"y":[455]}},{"time":"1702312580646","type":"selected","value":[true]},{"time":"1702312581410","type":"selected","value":[false]},{"time":"1702312582941","type":"selected","value":[true]},{"time":"1702312591408","type":"text","value":["Kosten"]},{"time":"1702312591408","type":"value","value":[-1]},{"time":"1702312591408","type":"comment","value":["Grundinvestitionen ist sehr hoch"]},{"time":"1702312591408","type":"selected","value":[false]}],"isTextChangeable":1},{"id":"b33d281c-0aeb-4bf2-bc52-2108d6a57bcb","value":1,"text":"data collecting","comment":"Can collect data and learn and improve based on that","position":{"x":1200,"y":459},"isActive":true,"date":1702312497341,"kind":"Node","isSelected":false,"isConnectorSelected":false,"isDraggable":1,"isDeletable":1,"hasElementMoved":false,"eventLog":[{"time":"1702312497341","type":"create node","value":[0]},{"time":"2023-12-11T16:35:01.622Z","type":"position","value":{"x":[1029],"y":[75]}},{"time":"2023-12-11T16:35:01.739Z","type":"position","value":{"x":[1003],"y":[263]}},{"time":"2023-12-11T16:35:01.772Z","type":"position","value":{"x":[987],"y":[415]}},{"time":"2023-12-11T16:35:02.039Z","type":"position","value":{"x":[1182],"y":[488]}},{"time":"1702312503174","type":"selected","value":[true]},{"time":"1702312527071","type":"text","value":["Datensammeln"]},{"time":"1702312527071","type":"value","value":[1]},{"time":"1702312527071","type":"comment","value":["Können Daten sammeln und daraus basierend lernen und besser werden"]},{"time":"1702312527071","type":"selected","value":[false]},{"time":"2023-12-11T16:35:27.639Z","type":"position","value":{"x":[1210],"y":[466]}}],"isTextChangeable":1},{"id":"29726a92-7d48-49b7-be91-6231405d7495","value":-2,"text":"maintenance need","comment":"How often does someone have to come to repair or maintain?","position":{"x":273,"y":571},"isActive":true,"date":1702312592058,"kind":"Node","isSelected":false,"isConnectorSelected":false,"isDraggable":1,"isDeletable":1,"hasElementMoved":false,"eventLog":[{"time":"1702312592058","type":"create node","value":[0]},{"time":"1702312592928","type":"selected","value":[true]},{"time":"1702312606517","type":"text","value":["Wartungsbedarf"]},{"time":"1702312606517","type":"value","value":[-2]},{"time":"1702312606517","type":"comment","value":["wie oft muss jemand kommen um zu reparieren oder warten?"]},{"time":"1702312606517","type":"selected","value":[false]},{"time":"2023-12-11T16:39:34.887Z","type":"position","value":{"x":[281],"y":[594]}}],"isTextChangeable":1},{"id":"af935224-bd4f-4270-803e-17de3a4a7d82","value":-1,"text":"missing humanity","comment":"missing human interactions and empathy cannot be replaced","position":{"x":194,"y":255},"isActive":true,"date":1702312607742,"kind":"Node","isSelected":false,"isConnectorSelected":false,"isDraggable":1,"isDeletable":1,"hasElementMoved":false,"eventLog":[{"time":"1702312607742","type":"create node","value":[0]},{"time":"2023-12-11T16:36:48.306Z","type":"position","value":{"x":[263],"y":[475]}},{"time":"2023-12-11T16:36:55.389Z","type":"position","value":{"x":[157],"y":[470]}},{"time":"2023-12-11T16:36:55.606Z","type":"position","value":{"x":[171],"y":[317]}},{"time":"1702312619200","type":"selected","value":[true]},{"time":"1702312637240","type":"text","value":["Fehlende menschlichkeit"]},{"time":"1702312637240","type":"comment","value":["fehlende menschliche Interaktionen und Empathie können nicht ersetzt werden"]},{"time":"1702312637240","type":"selected","value":[false]},{"time":"1702312836823","type":"selected","value":[true]},{"time":"1702312838562","type":"value","value":[-1]},{"time":"1702312838562","type":"selected","value":[false]}],"isTextChangeable":1},{"id":"19974e96-112d-4bf1-ba95-487204c2182e","value":10,"text":"empathy","comment":"","position":{"x":245,"y":140},"isActive":true,"date":1702312638098,"kind":"Node","isSelected":false,"isConnectorSelected":false,"isDraggable":1,"isDeletable":1,"hasElementMoved":false,"eventLog":[{"time":1702312638098,"type":"create node","value":"0"},{"time":1702312638823,"type":"selected","value":"TRUE"},{"time":1702312644088,"type":"text","value":"Empathie"},{"time":1702312644088,"type":"value","value":"-2"},{"time":1702312644088,"type":"selected","value":"FALSE"},{"time":1702312644935,"type":"selected","value":"TRUE"},{"time":1702312647179,"type":"value","value":"10"},{"time":1702312647179,"type":"selected","value":"FALSE"}],"isTextChangeable":1},{"id":"61cfc682-0dac-414c-8347-a19eb3a061f3","value":-1,"text":"ethical concerns","comment":"","position":{"x":85,"y":417},"isActive":true,"date":1702312663513,"kind":"Node","isSelected":false,"isConnectorSelected":false,"isDraggable":1,"isDeletable":1,"hasElementMoved":false,"eventLog":[{"time":"1702312663513","type":"create node","value":[0]},{"time":"1702312664176","type":"selected","value":[true]},{"time":"1702312670018","type":"text","value":["Ethische Bedenken"]},{"time":"1702312670018","type":"value","value":[-1]},{"time":"1702312670018","type":"selected","value":[false]},{"time":"2023-12-11T16:37:50.514Z","type":"position","value":{"x":[416],"y":[598]}},{"time":"2023-12-11T16:37:50.606Z","type":"position","value":{"x":[202],"y":[551]}},{"time":"2023-12-11T16:37:50.890Z","type":"position","value":{"x":[111],"y":[448]}}],"isTextChangeable":1},{"id":"309374ae-88a6-44a4-b27b-d69f9f27fdac","value":-2,"text":"data protection","comment":"who sees what the robots see?","position":{"x":388,"y":494},"isActive":true,"date":1702312678603,"kind":"Node","isSelected":false,"isConnectorSelected":false,"isDraggable":1,"isDeletable":1,"hasElementMoved":false,"eventLog":[{"time":"1702312678603","type":"create node","value":[0]},{"time":"1702312678707","type":"selected","value":[true]},{"time":"1702312687933","type":"text","value":["Datenschutz"]},{"time":"1702312687933","type":"value","value":[-2]},{"time":"1702312687933","type":"comment","value":["wer sieht was die roboter sehen?"]},{"time":"1702312687933","type":"selected","value":[false]},{"time":"2023-12-11T16:38:17.009Z","type":"position","value":{"x":[425],"y":[524]}}],"isTextChangeable":1},{"id":"fce85b93-a99b-4c36-939d-2a2e0ebb9e77","value":-3,"text":"isolation risk","comment":"","position":{"x":423,"y":120},"isActive":true,"date":1702312697988,"kind":"Node","isSelected":false,"isConnectorSelected":false,"isDraggable":1,"isDeletable":1,"hasElementMoved":false,"eventLog":[{"time":"1702312697988","type":"create node","value":[0]},{"time":"1702312698701","type":"selected","value":[true]},{"time":"1702312703310","type":"text","value":["Isolationsrisiko"]},{"time":"1702312703310","type":"value","value":[-3]},{"time":"1702312703310","type":"selected","value":[false]},{"time":"2023-12-11T16:38:26.778Z","type":"position","value":{"x":[437],"y":[621]}},{"time":"2023-12-11T16:38:26.872Z","type":"position","value":{"x":[452],"y":[414]}},{"time":"2023-12-11T16:38:26.923Z","type":"position","value":{"x":[452],"y":[264]}},{"time":"2023-12-11T16:38:32.456Z","type":"position","value":{"x":[377],"y":[197]}}],"isTextChangeable":1},{"id":"790f9714-edae-48c6-a3d1-99183dd58c30","value":-3,"text":"job losses","comment":"Replacement of human labor resulting in job losses","position":{"x":545,"y":259},"isActive":true,"date":1702312716391,"kind":"Node","isSelected":false,"isConnectorSelected":false,"isDraggable":1,"isDeletable":1,"hasElementMoved":false,"eventLog":[{"time":"1702312716391","type":"create node","value":[0]},{"time":"1702312717136","type":"selected","value":[true]},{"time":"1702312735904","type":"text","value":["Arbeitsplatzverluste"]},{"time":"1702312735904","type":"value","value":[-3]},{"time":"1702312735904","type":"comment","value":["Ersatz menschlicher Arbeitskräfte wodurch Jobs verloren gehen"]},{"time":"1702312735904","type":"selected","value":[false]},{"time":"2023-12-11T16:38:57.523Z","type":"position","value":{"x":[471],"y":[702]}},{"time":"2023-12-11T16:38:57.656Z","type":"position","value":{"x":[464],"y":[544]}},{"time":"2023-12-11T16:38:57.940Z","type":"position","value":{"x":[548],"y":[389]}}],"isTextChangeable":1},{"id":"d7401e62-44c0-4499-9700-6d0f4fd14634","value":-3,"text":"malfunctions","comment":"Technical errors can cost human lives","position":{"x":273,"y":721},"isActive":true,"date":1702312753402,"kind":"Node","isSelected":false,"isConnectorSelected":false,"isDraggable":1,"isDeletable":1,"hasElementMoved":false,"eventLog":[{"time":"1702312753402","type":"create node","value":[0]},{"time":"1702312754106","type":"selected","value":[true]},{"time":"1702312763725","type":"text","value":["Fehlfunktionen"]},{"time":"1702312763725","type":"value","value":[-3]},{"time":"1702312763725","type":"comment","value":["Technische Fehler können Menschenleben kosten"]},{"time":"1702312763725","type":"selected","value":[false]},{"time":"2023-12-11T16:39:24.539Z","type":"position","value":{"x":[542],"y":[145]}},{"time":"2023-12-11T16:39:26.852Z","type":"position","value":{"x":[536],"y":[165]}},{"time":"2023-12-11T16:39:31.430Z","type":"position","value":{"x":[534],"y":[151]}},{"time":"2023-12-11T16:39:31.604Z","type":"position","value":{"x":[373],"y":[90]}},{"time":"2023-12-11T16:39:32.073Z","type":"position","value":{"x":[221],"y":[63]}},{"time":"2023-12-11T16:39:32.606Z","type":"position","value":{"x":[213],"y":[358]}},{"time":"2023-12-11T16:39:32.657Z","type":"position","value":{"x":[254],"y":[561]}},{"time":"2023-12-11T16:39:32.773Z","type":"position","value":{"x":[251],"y":[723]}}],"isTextChangeable":1},{"id":"338e9575-a7b7-4077-8188-234e12713417","value":3,"text":"emergency aid","comment":"","position":{"x":1076,"y":454},"isActive":true,"date":1702312789958,"kind":"Node","isSelected":false,"isConnectorSelected":false,"isDraggable":1,"isDeletable":1,"hasElementMoved":false,"eventLog":[{"time":"1702312789958","type":"create node","value":[0]},{"time":"1702312790684","type":"selected","value":[true]},{"time":"1702312794203","type":"text","value":["Notfallhilfe"]},{"time":"1702312794203","type":"value","value":[3]},{"time":"1702312794203","type":"selected","value":[false]},{"time":"2023-12-11T16:39:58.324Z","type":"position","value":{"x":[1084],"y":[465]}},{"time":"2023-12-11T16:40:10.171Z","type":"position","value":{"x":[1084],"y":[473]}}],"isTextChangeable":1},{"id":"c69622cc-ce84-4154-b071-c13105b358b1","value":3,"text":"higher quality of life","comment":"","position":{"x":774,"y":195},"isActive":true,"date":1702312811489,"kind":"Node","isSelected":false,"isConnectorSelected":false,"isDraggable":1,"isDeletable":1,"hasElementMoved":false,"eventLog":[{"time":1702312811489,"type":"create node","value":"0"},{"time":1702312811570,"type":"selected","value":"TRUE"},{"time":1702312824231,"type":"text","value":"Höhere Lebensqualität"},{"time":1702312824231,"type":"selected","value":"FALSE"},{"time":1702312831751,"type":"selected","value":"TRUE"},{"time":1702312833442,"type":"value","value":"3"},{"time":1702312833442,"type":"selected","value":"FALSE"}],"isTextChangeable":1},{"id":"9ab1b0b0-8886-4568-b8a3-752637417a39","value":1,"text":"language promotion","comment":"Social interactions are encouraged","position":{"x":760,"y":89},"isActive":true,"date":1702312856306,"kind":"Node","isSelected":false,"isConnectorSelected":false,"isDraggable":1,"isDeletable":1,"hasElementMoved":false,"eventLog":[{"time":1702312856306,"type":"create node","value":"0"},{"time":1702312856393,"type":"selected","value":"TRUE"},{"time":1702312884420,"type":"text","value":"Sprachförderung"},{"time":1702312884420,"type":"value","value":"1"},{"time":1702312884420,"type":"comment","value":"Soziale Interaktionen werden angeregt"},{"time":1702312884420,"type":"selected","value":"FALSE"}],"isTextChangeable":1}],"connectors":[{"id":"cb67ae86-0c5a-4602-b0a3-841bf041277f","source":"95152328-982e-479b-b1ab-1ade620feae3","target":"8e2d0e8f-3589-42d2-9d1d-edf4315ac4b8","agreement":true,"isActive":true,"date":1702312290947,"kind":"Connector","isSelected":false,"intensity":3,"isDeletable":false,"isOver":false,"isBidirectional":false,"eventLog":[{"time":1702312290947,"type":"create connection"}]},{"id":"3a259be1-48e1-42f7-bcdf-fcfdd2a57296","source":"95152328-982e-479b-b1ab-1ade620feae3","target":"9796c7e1-2ee6-4745-ba37-053e549cd408","agreement":true,"isActive":true,"date":1702312290947,"kind":"Connector","isSelected":false,"intensity":3,"isDeletable":true,"isOver":false,"isBidirectional":false,"eventLog":[{"time":1702312290947,"type":"create connection"}]},{"id":"31cc57f3-5437-412d-814e-46fc10f89031","source":"9796c7e1-2ee6-4745-ba37-053e549cd408","target":"4a3b3915-bf22-4462-b502-d50395c8542f","agreement":true,"isActive":true,"date":1702312342240,"kind":"Connector","isSelected":false,"intensity":6,"isDeletable":true,"isOver":false,"isBidirectional":false,"eventLog":[{"time":1702312342240,"type":"create connection"},{"time":1702312344128,"type":"selected","value":1},{"time":1702312346095,"type":"change intensity of connector","value":9},{"time":1702312346095,"type":"selected","value":0},{"time":1702312347196,"type":"selected","value":1},{"time":1702312445888,"type":"change intensity of connector","value":6},{"time":1702312445888,"type":"selected","value":0}]},{"id":"81a2edf3-10d6-4170-b290-44892f92470c","source":"9796c7e1-2ee6-4745-ba37-053e549cd408","target":"11838792-af9c-4f8e-b343-c5ccc502f733","agreement":true,"isActive":true,"date":1702312457183,"kind":"Connector","isSelected":false,"intensity":3,"isDeletable":true,"isOver":false,"isBidirectional":false,"eventLog":[{"time":1702312457183,"type":"create connection"}]},{"id":"1651ab4e-32e7-460d-a7c7-fb1106a7bfc2","source":"4a3b3915-bf22-4462-b502-d50395c8542f","target":"11838792-af9c-4f8e-b343-c5ccc502f733","agreement":true,"isActive":true,"date":1702312458351,"kind":"Connector","isSelected":false,"intensity":3,"isDeletable":true,"isOver":false,"isBidirectional":false,"eventLog":[{"time":1702312458351,"type":"create connection"}]},{"id":"989101cc-164e-4563-8066-6472b26c7d55","source":"11838792-af9c-4f8e-b343-c5ccc502f733","target":"3f3185fc-6746-4a45-8ebf-52676975e6a0","agreement":true,"isActive":true,"date":1702312485980,"kind":"Connector","isSelected":false,"intensity":3,"isDeletable":true,"isOver":false,"isBidirectional":false,"eventLog":[{"time":1702312485980,"type":"create connection"}]},{"id":"d3fda91c-86aa-4088-adc9-df552734a4a6","source":"4a3b3915-bf22-4462-b502-d50395c8542f","target":"3f3185fc-6746-4a45-8ebf-52676975e6a0","agreement":true,"isActive":true,"date":1702312498486,"kind":"Connector","isSelected":false,"intensity":9,"isDeletable":true,"isOver":false,"isBidirectional":false,"eventLog":[{"time":1702312498486,"type":"create connection"},{"time":1702312499278,"type":"selected","value":1},{"time":1702312500962,"type":"change intensity of connector","value":9},{"time":1702312500962,"type":"selected","value":0}]},{"id":"b2ac89a9-1a0c-4136-9730-50631f428c03","source":"3f3185fc-6746-4a45-8ebf-52676975e6a0","target":"b33d281c-0aeb-4bf2-bc52-2108d6a57bcb","agreement":true,"isActive":true,"date":1702312530031,"kind":"Connector","isSelected":false,"intensity":3,"isDeletable":true,"isOver":false,"isBidirectional":false,"eventLog":[{"time":1702312530031,"type":"create connection"}]},{"id":"74f247b0-b900-4722-aa75-f2f332edfe70","source":"a93f058d-e49d-4ac9-b0e0-b4998e526f0e","target":"9796c7e1-2ee6-4745-ba37-053e549cd408","agreement":true,"isActive":true,"date":1702312552379,"kind":"Connector","isSelected":false,"intensity":3,"isDeletable":true,"isOver":false,"isBidirectional":false,"eventLog":[{"time":1702312552379,"type":"create connection"}]},{"id":"3eb8181e-b501-4cc3-84d4-1bddd2f3364f","source":"c5c0719a-fe42-47e5-83e5-199e130f04e4","target":"29726a92-7d48-49b7-be91-6231405d7495","agreement":false,"isActive":true,"date":1702312611435,"kind":"Connector","isSelected":false,"intensity":6,"isDeletable":true,"isOver":false,"isBidirectional":false,"eventLog":[{"time":1702312611435,"type":"create connection"},{"time":1702312612317,"type":"selected","value":1},{"time":1702312614575,"type":"change intensity of connector","value":-6},{"time":1702312614575,"type":"selected","value":0}]},{"id":"2d64206d-1571-43bf-a6b1-c4b8eeb3e184","source":"c5c0719a-fe42-47e5-83e5-199e130f04e4","target":"8e2d0e8f-3589-42d2-9d1d-edf4315ac4b8","agreement":true,"isActive":true,"date":1702312617555,"kind":"Connector","isSelected":false,"intensity":3,"isDeletable":true,"isOver":false,"isBidirectional":false,"eventLog":[{"time":1702312617555,"type":"create connection"}]},{"id":"13634f40-2214-45d0-a65b-23e1a0fbbb6c","source":"af935224-bd4f-4270-803e-17de3a4a7d82","target":"19974e96-112d-4bf1-ba95-487204c2182e","agreement":true,"isActive":true,"date":1702312649460,"kind":"Connector","isSelected":false,"intensity":3,"isDeletable":true,"isOver":false,"isBidirectional":false,"eventLog":[{"time":1702312649460,"type":"create connection"}]},{"id":"91e7b1d3-47d2-4822-89fa-86faaa2ba633","source":"8e2d0e8f-3589-42d2-9d1d-edf4315ac4b8","target":"af935224-bd4f-4270-803e-17de3a4a7d82","agreement":false,"isActive":true,"date":1702312652032,"kind":"Connector","isSelected":false,"intensity":9,"isDeletable":true,"isOver":false,"isBidirectional":false,"eventLog":[{"time":1702312652032,"type":"create connection"},{"time":1702312652922,"type":"selected","value":1},{"time":1702312655140,"type":"change intensity of connector","value":-9},{"time":1702312655140,"type":"selected","value":0}]},{"id":"f382ca3b-040e-4b82-a419-bda2fbbead93","source":"61cfc682-0dac-414c-8347-a19eb3a061f3","target":"af935224-bd4f-4270-803e-17de3a4a7d82","agreement":true,"isActive":true,"date":1702312672550,"kind":"Connector","isSelected":false,"intensity":3,"isDeletable":true,"isOver":false,"isBidirectional":false,"eventLog":[{"time":1702312672550,"type":"create connection"}]},{"id":"09b2093f-9b19-4a11-8047-947b277d7b06","source":"8e2d0e8f-3589-42d2-9d1d-edf4315ac4b8","target":"309374ae-88a6-44a4-b27b-d69f9f27fdac","agreement":true,"isActive":true,"date":1702312688987,"kind":"Connector","isSelected":false,"intensity":3,"isDeletable":true,"isOver":false,"isBidirectional":false,"eventLog":[{"time":1702312688987,"type":"create connection"}]},{"id":"bfe0f77d-e4d9-4048-9697-1d4e640ab3a0","source":"8e2d0e8f-3589-42d2-9d1d-edf4315ac4b8","target":"fce85b93-a99b-4c36-939d-2a2e0ebb9e77","agreement":true,"isActive":true,"date":1702312705575,"kind":"Connector","isSelected":false,"intensity":3,"isDeletable":true,"isOver":false,"isBidirectional":false,"eventLog":[{"time":1702312705575,"type":"create connection"}]},{"id":"749256f2-63ac-4c06-998a-c34781c419f4","source":"af935224-bd4f-4270-803e-17de3a4a7d82","target":"fce85b93-a99b-4c36-939d-2a2e0ebb9e77","agreement":false,"isActive":true,"date":1702312709437,"kind":"Connector","isSelected":false,"intensity":9,"isDeletable":true,"isOver":false,"isBidirectional":false,"eventLog":[{"time":1702312709437,"type":"create connection"},{"time":1702312710198,"type":"selected","value":1},{"time":1702312711677,"type":"change intensity of connector","value":-9},{"time":1702312711677,"type":"selected","value":0}]},{"id":"aac68e68-5596-49c8-9abe-14e1578da62a","source":"790f9714-edae-48c6-a3d1-99183dd58c30","target":"8e2d0e8f-3589-42d2-9d1d-edf4315ac4b8","agreement":true,"isActive":true,"date":1702312740497,"kind":"Connector","isSelected":false,"intensity":9,"isDeletable":true,"isOver":false,"isBidirectional":false,"eventLog":[{"time":1702312740497,"type":"create connection"},{"time":1702312741396,"type":"selected","value":1},{"time":1702312746253,"type":"change intensity of connector","value":9},{"time":1702312746253,"type":"selected","value":0}]},{"id":"2d04d678-68ba-4d8e-a2ab-8c172948734e","source":"8e2d0e8f-3589-42d2-9d1d-edf4315ac4b8","target":"d7401e62-44c0-4499-9700-6d0f4fd14634","agreement":true,"isActive":true,"date":1702312766152,"kind":"Connector","isSelected":false,"intensity":3,"isDeletable":true,"isOver":false,"isBidirectional":false,"eventLog":[{"time":1702312766152,"type":"create connection"}]},{"id":"c9e29c39-efec-4f19-bdc9-ee9de9f4c75e","source":"61cfc682-0dac-414c-8347-a19eb3a061f3","target":"d7401e62-44c0-4499-9700-6d0f4fd14634","agreement":true,"isActive":true,"date":1702312769838,"kind":"Connector","isSelected":false,"intensity":3,"isDeletable":true,"isOver":false,"isBidirectional":false,"eventLog":[{"time":1702312769838,"type":"create connection"}]},{"id":"3ec73add-4c94-4f0f-b13b-86f466c33777","source":"d7401e62-44c0-4499-9700-6d0f4fd14634","target":"29726a92-7d48-49b7-be91-6231405d7495","agreement":false,"isActive":true,"date":1702312776427,"kind":"Connector","isSelected":false,"intensity":9,"isDeletable":true,"isOver":false,"isBidirectional":false,"eventLog":[{"time":1702312776427,"type":"create connection"},{"time":1702312777291,"type":"selected","value":1},{"time":1702312779258,"type":"change intensity of connector","value":-9},{"time":1702312779258,"type":"selected","value":0}]},{"id":"77d97eaf-c173-49c9-acbd-a56c20b93cb0","source":"338e9575-a7b7-4077-8188-234e12713417","target":"9796c7e1-2ee6-4745-ba37-053e549cd408","agreement":true,"isActive":true,"date":1702312797164,"kind":"Connector","isSelected":false,"intensity":3,"isDeletable":true,"isOver":false,"isBidirectional":false,"eventLog":[{"time":1702312797164,"type":"create connection"}]},{"id":"8f35631a-22c2-43bc-b83b-1b0f52378e36","source":"3f3185fc-6746-4a45-8ebf-52676975e6a0","target":"338e9575-a7b7-4077-8188-234e12713417","agreement":true,"isActive":true,"date":1702312799713,"kind":"Connector","isSelected":false,"intensity":3,"isDeletable":true,"isOver":false,"isBidirectional":false,"eventLog":[{"time":1702312799713,"type":"create connection"}]},{"id":"aeffb66e-2f48-47e3-8028-4643d67e33d4","source":"9796c7e1-2ee6-4745-ba37-053e549cd408","target":"c69622cc-ce84-4154-b071-c13105b358b1","agreement":true,"isActive":true,"date":1702312825496,"kind":"Connector","isSelected":false,"intensity":9,"isDeletable":true,"isOver":false,"isBidirectional":false,"eventLog":[{"time":1702312825496,"type":"create connection"},{"time":1702312829162,"type":"selected","value":1},{"time":1702312831048,"type":"change intensity of connector","value":9},{"time":1702312831048,"type":"selected","value":0}]},{"id":"5d3a453a-aec2-45e5-8ba5-284518e26b57","source":"4a3b3915-bf22-4462-b502-d50395c8542f","target":"c69622cc-ce84-4154-b071-c13105b358b1","agreement":true,"isActive":true,"date":1702312828273,"kind":"Connector","isSelected":false,"intensity":3,"isDeletable":true,"isOver":false,"isBidirectional":false,"eventLog":[{"time":1702312828273,"type":"create connection"}]},{"id":"2c12d7b1-65ff-43e9-9681-c0007aba6e9d","source":"9ab1b0b0-8886-4568-b8a3-752637417a39","target":"c69622cc-ce84-4154-b071-c13105b358b1","agreement":true,"isActive":true,"date":1702312885579,"kind":"Connector","isSelected":false,"intensity":3,"isDeletable":true,"isOver":false,"isBidirectional":false,"eventLog":[{"time":1702312885579,"type":"create connection"}]}],"currentID":{},"currentNode":{},"hasSelectedNode":[false],"currentConnector":{},"hasSelectedConnector":[false],"readyToMove":[false],"isIncoming":[false],"hasElementMoved":[false]}
