{"idCAM":["287e17fd-2803-4c94-9957-74d5916e39db"],"creator":["5dd5855018beb6544df7f797_post"],"projectCAM":["S2_CAM part 2"],"defocusCAM":[],"date":[1702313185900],"nodes":[{"id":"1df42972-9e4b-4f8c-95ba-5139d7166d8c","value":0,"text":"social assistance robot","comment":"","position":{"x":650,"y":400},"isActive":true,"date":1702313186790,"kind":"Node","isSelected":false,"isConnectorSelected":false,"isDraggable":0,"isDeletable":0,"hasElementMoved":false,"eventLog":[{"time":1702313186790,"type":"create node","value":0}],"isTextChangeable":0},{"id":"1ee91e94-9d79-4c51-b906-83e1cbeb14c5","value":0,"text":"disadvantages","comment":"","position":{"x":450,"y":400},"isActive":true,"date":1702313186791,"kind":"Node","isSelected":false,"isConnectorSelected":false,"isDraggable":0,"isDeletable":0,"hasElementMoved":false,"eventLog":[{"time":1702313186791,"type":"create node","value":0}],"isTextChangeable":0},{"id":"7d5abede-ec29-459b-804a-a7254b813855","value":0,"text":"advantages","comment":"","position":{"x":850,"y":400},"isActive":true,"date":1702313186791,"kind":"Node","isSelected":false,"isConnectorSelected":false,"isDraggable":0,"isDeletable":0,"hasElementMoved":false,"eventLog":[{"time":1702313186791,"type":"create node","value":0}],"isTextChangeable":0},{"id":"7ac4c108-131b-4a4a-8e32-b683f911d9c4","value":2,"text":"emotional interaction","comment":"","position":{"x":1044,"y":121},"isActive":true,"date":1702313186791,"kind":"Node","isSelected":false,"isConnectorSelected":false,"isDraggable":1,"isDeletable":1,"hasElementMoved":false,"eventLog":[{"time":1702313186791,"type":"create node","value":2}],"isTextChangeable":1},{"id":"326907ed-2240-4d21-b24d-d140a7f61a09","value":1,"text":"relief nursing staff","comment":"","position":{"x":1019,"y":307},"isActive":true,"date":1702313186791,"kind":"Node","isSelected":false,"isConnectorSelected":false,"isDraggable":1,"isDeletable":1,"hasElementMoved":false,"eventLog":[{"time":"1702313186791","type":"create node","value":[1]},{"time":"2023-12-11T16:46:53.643Z","type":"position","value":{"x":[1060],"y":[336]}}],"isTextChangeable":1},{"id":"cc426c01-49fc-422c-a9a4-1c37c30042fb","value":3,"text":"continuous care","comment":"","position":{"x":1175,"y":206},"isActive":true,"date":1702313186791,"kind":"Node","isSelected":false,"isConnectorSelected":false,"isDraggable":1,"isDeletable":1,"hasElementMoved":false,"eventLog":[{"time":1702313186791,"type":"create node","value":3}],"isTextChangeable":1},{"id":"86bea2c4-0717-4ea6-9e1b-0af4dfb815b0","value":1,"text":"accessibility","comment":"","position":{"x":1025,"y":576},"isActive":true,"date":1702313186791,"kind":"Node","isSelected":false,"isConnectorSelected":false,"isDraggable":1,"isDeletable":1,"hasElementMoved":false,"eventLog":[{"time":1702313186791,"type":"create node","value":1}],"isTextChangeable":1},{"id":"8a6cd2d5-e454-44cc-a90f-ecf072b7f898","value":-1,"text":"costs","comment":"","position":{"x":242,"y":426},"isActive":true,"date":1702313186791,"kind":"Node","isSelected":false,"isConnectorSelected":false,"isDraggable":1,"isDeletable":1,"hasElementMoved":false,"eventLog":[{"time":1702313186791,"type":"create node","value":-1}],"isTextChangeable":1},{"id":"2ca29ef0-46f9-4c0a-9ec2-0037528dc6a4","value":1,"text":"data collecting","comment":"","position":{"x":1200,"y":459},"isActive":true,"date":1702313186791,"kind":"Node","isSelected":false,"isConnectorSelected":false,"isDraggable":1,"isDeletable":1,"hasElementMoved":false,"eventLog":[{"time":1702313186791,"type":"create node","value":1}],"isTextChangeable":1},{"id":"20b30ae3-730f-4cd0-990f-7a49772e7796","value":-2,"text":"maintenance need","comment":"","position":{"x":273,"y":571},"isActive":true,"date":1702313186791,"kind":"Node","isSelected":false,"isConnectorSelected":false,"isDraggable":1,"isDeletable":1,"hasElementMoved":false,"eventLog":[{"time":1702313186791,"type":"create node","value":-2}],"isTextChangeable":1},{"id":"22139215-b028-4cc0-b223-f9d637b74017","value":-1,"text":"missing humanity","comment":"","position":{"x":142,"y":258},"isActive":true,"date":1702313186791,"kind":"Node","isSelected":false,"isConnectorSelected":false,"isDraggable":1,"isDeletable":1,"hasElementMoved":false,"eventLog":[{"time":1702313186791,"type":"create node","value":-1}],"isTextChangeable":1},{"id":"e7489462-2cc2-4c11-a1c0-649ab1bde915","value":10,"text":"empathy","comment":"","position":{"x":245,"y":140},"isActive":true,"date":1702313186791,"kind":"Node","isSelected":false,"isConnectorSelected":false,"isDraggable":1,"isDeletable":1,"hasElementMoved":false,"eventLog":[{"time":1702313186791,"type":"create node","value":10}],"isTextChangeable":1},{"id":"4b5c2e84-f40d-4748-92f9-8262e25e1bd2","value":-1,"text":"ethical concerns","comment":"","position":{"x":85,"y":417},"isActive":true,"date":1702313186791,"kind":"Node","isSelected":false,"isConnectorSelected":false,"isDraggable":1,"isDeletable":1,"hasElementMoved":false,"eventLog":[{"time":1702313186791,"type":"create node","value":-1}],"isTextChangeable":1},{"id":"15cf4296-bf6a-425d-9e1e-9a3a4bbe6f98","value":-2,"text":"data protection","comment":"","position":{"x":388,"y":494},"isActive":true,"date":1702313186791,"kind":"Node","isSelected":false,"isConnectorSelected":false,"isDraggable":1,"isDeletable":1,"hasElementMoved":false,"eventLog":[{"time":1702313186791,"type":"create node","value":-2}],"isTextChangeable":1},{"id":"28f91fbf-3339-495f-9661-0dc96659af5e","value":-3,"text":"isolation risk","comment":"","position":{"x":423,"y":120},"isActive":true,"date":1702313186791,"kind":"Node","isSelected":false,"isConnectorSelected":false,"isDraggable":1,"isDeletable":1,"hasElementMoved":false,"eventLog":[{"time":1702313186791,"type":"create node","value":-3}],"isTextChangeable":1},{"id":"19d9680f-88ba-4dfe-aaa2-20da32136007","value":-3,"text":"job losses","comment":"","position":{"x":545,"y":259},"isActive":true,"date":1702313186791,"kind":"Node","isSelected":false,"isConnectorSelected":false,"isDraggable":1,"isDeletable":1,"hasElementMoved":false,"eventLog":[{"time":1702313186791,"type":"create node","value":-3}],"isTextChangeable":1},{"id":"585e2782-15f7-4a0e-b506-c8666377c316","value":-3,"text":"malfunctions","comment":"","position":{"x":273,"y":721},"isActive":true,"date":1702313186791,"kind":"Node","isSelected":false,"isConnectorSelected":false,"isDraggable":1,"isDeletable":1,"hasElementMoved":false,"eventLog":[{"time":1702313186791,"type":"create node","value":-3}],"isTextChangeable":1},{"id":"ee27912f-4cbd-4b7a-b846-4ee2f1170355","value":3,"text":"emergency aid","comment":"","position":{"x":1076,"y":454},"isActive":true,"date":1702313186791,"kind":"Node","isSelected":false,"isConnectorSelected":false,"isDraggable":1,"isDeletable":1,"hasElementMoved":false,"eventLog":[{"time":1702313186791,"type":"create node","value":3}],"isTextChangeable":1},{"id":"76315d40-a5c5-42f4-9e24-b670222f907d","value":3,"text":"higher quality of life","comment":"","position":{"x":774,"y":195},"isActive":true,"date":1702313186791,"kind":"Node","isSelected":false,"isConnectorSelected":false,"isDraggable":1,"isDeletable":1,"hasElementMoved":false,"eventLog":[{"time":1702313186791,"type":"create node","value":3}],"isTextChangeable":1},{"id":"080eb67b-59a0-4cc8-9d29-06ea11eea955","value":1,"text":"language promotion","comment":"","position":{"x":760,"y":89},"isActive":true,"date":1702313186791,"kind":"Node","isSelected":false,"isConnectorSelected":false,"isDraggable":1,"isDeletable":1,"hasElementMoved":false,"eventLog":[{"time":1702313186791,"type":"create node","value":1}],"isTextChangeable":1},{"id":"02569358-cfd1-4749-b9e9-60f98ec940af","value":-3,"text":"loss of social skills","comment":"","position":{"x":66,"y":176},"isActive":true,"date":1702313189884,"kind":"Node","isSelected":false,"isConnectorSelected":false,"isDraggable":1,"isDeletable":1,"hasElementMoved":false,"eventLog":[{"time":1702313189884,"type":"create node","value":"0"},{"time":1702313189964,"type":"selected","value":"TRUE"},{"time":1702313201380,"type":"text","value":"Verlust Sozialkenntnisse"},{"time":1702313201380,"type":"value","value":"-3"},{"time":1702313201380,"type":"selected","value":"FALSE"}],"isTextChangeable":1},{"id":"1d9032f6-b31b-43b6-a8da-3b8da5642085","value":2,"text":"less risk of injury","comment":"","position":{"x":832,"y":558},"isActive":true,"date":1702313217073,"kind":"Node","isSelected":false,"isConnectorSelected":false,"isDraggable":1,"isDeletable":1,"hasElementMoved":false,"eventLog":[{"time":1702313217073,"type":"create node","value":"0"},{"time":1702313217171,"type":"selected","value":"TRUE"},{"time":1702313223093,"type":"text","value":"Weniger Verletzungsgefahr"},{"time":1702313223093,"type":"selected","value":"FALSE"},{"time":1702313225223,"type":"selected","value":"TRUE"},{"time":1702313227142,"type":"value","value":"2"},{"time":1702313227142,"type":"selected","value":"FALSE"}],"isTextChangeable":1}],"connectors":[{"id":"e1d94b26-08f7-4d0f-9477-946024b2ebfe","source":"1df42972-9e4b-4f8c-95ba-5139d7166d8c","target":"1ee91e94-9d79-4c51-b906-83e1cbeb14c5","agreement":true,"isActive":true,"date":1702313186791,"kind":"Connector","isSelected":false,"intensity":3,"isDeletable":false,"isOver":false,"isBidirectional":false,"eventLog":[{"time":1702313186791,"type":"create connection"}]},{"id":"73ed61f1-acbf-43e2-8375-0e4245aa0c71","source":"1df42972-9e4b-4f8c-95ba-5139d7166d8c","target":"7d5abede-ec29-459b-804a-a7254b813855","agreement":true,"isActive":true,"date":1702313186791,"kind":"Connector","isSelected":false,"intensity":3,"isDeletable":true,"isOver":false,"isBidirectional":false,"eventLog":[{"time":1702313186791,"type":"create connection"}]},{"id":"bd5835fa-3627-43df-ba5c-8376e77b5af2","source":"7d5abede-ec29-459b-804a-a7254b813855","target":"7ac4c108-131b-4a4a-8e32-b683f911d9c4","agreement":true,"isActive":true,"date":1702313186791,"kind":"Connector","isSelected":false,"intensity":6,"isDeletable":true,"isOver":false,"isBidirectional":false,"eventLog":[{"time":1702313186791,"type":"create connection"}]},{"id":"99fa5c2d-e440-4c64-b045-5e0f98e14aae","source":"7d5abede-ec29-459b-804a-a7254b813855","target":"326907ed-2240-4d21-b24d-d140a7f61a09","agreement":true,"isActive":true,"date":1702313186791,"kind":"Connector","isSelected":false,"intensity":3,"isDeletable":true,"isOver":false,"isBidirectional":false,"eventLog":[{"time":1702313186791,"type":"create connection"}]},{"id":"5f475093-c94a-4798-a6e3-28b7f585e3bf","source":"7ac4c108-131b-4a4a-8e32-b683f911d9c4","target":"326907ed-2240-4d21-b24d-d140a7f61a09","agreement":true,"isActive":true,"date":1702313186791,"kind":"Connector","isSelected":false,"intensity":3,"isDeletable":true,"isOver":false,"isBidirectional":false,"eventLog":[{"time":1702313186791,"type":"create connection"}]},{"id":"a06ac0e7-b16f-42af-9782-150681fd8c60","source":"326907ed-2240-4d21-b24d-d140a7f61a09","target":"cc426c01-49fc-422c-a9a4-1c37c30042fb","agreement":true,"isActive":true,"date":1702313186791,"kind":"Connector","isSelected":false,"intensity":3,"isDeletable":true,"isOver":false,"isBidirectional":false,"eventLog":[{"time":1702313186791,"type":"create connection"}]},{"id":"8b672b79-e9d4-4ed0-a85a-8be15963fd3f","source":"7ac4c108-131b-4a4a-8e32-b683f911d9c4","target":"cc426c01-49fc-422c-a9a4-1c37c30042fb","agreement":true,"isActive":true,"date":1702313186791,"kind":"Connector","isSelected":false,"intensity":9,"isDeletable":true,"isOver":false,"isBidirectional":false,"eventLog":[{"time":1702313186791,"type":"create connection"}]},{"id":"69d80a78-00c9-4165-b0c2-1a7190f06430","source":"cc426c01-49fc-422c-a9a4-1c37c30042fb","target":"2ca29ef0-46f9-4c0a-9ec2-0037528dc6a4","agreement":true,"isActive":true,"date":1702313186791,"kind":"Connector","isSelected":false,"intensity":3,"isDeletable":true,"isOver":false,"isBidirectional":false,"eventLog":[{"time":1702313186791,"type":"create connection"}]},{"id":"de0e450c-e62b-4d29-9025-58e3dd278d0d","source":"86bea2c4-0717-4ea6-9e1b-0af4dfb815b0","target":"7d5abede-ec29-459b-804a-a7254b813855","agreement":true,"isActive":true,"date":1702313186791,"kind":"Connector","isSelected":false,"intensity":3,"isDeletable":true,"isOver":false,"isBidirectional":false,"eventLog":[{"time":1702313186791,"type":"create connection"}]},{"id":"5b526a61-8d04-42da-a1be-616063d3fbc4","source":"8a6cd2d5-e454-44cc-a90f-ecf072b7f898","target":"20b30ae3-730f-4cd0-990f-7a49772e7796","agreement":false,"isActive":true,"date":1702313186792,"kind":"Connector","isSelected":false,"intensity":6,"isDeletable":true,"isOver":false,"isBidirectional":false,"eventLog":[{"time":1702313186792,"type":"create connection"}]},{"id":"ce70cffc-6d96-4a5a-8a83-c7c5910283de","source":"8a6cd2d5-e454-44cc-a90f-ecf072b7f898","target":"1ee91e94-9d79-4c51-b906-83e1cbeb14c5","agreement":true,"isActive":true,"date":1702313186792,"kind":"Connector","isSelected":false,"intensity":3,"isDeletable":true,"isOver":false,"isBidirectional":false,"eventLog":[{"time":1702313186792,"type":"create connection"}]},{"id":"4a51c44c-316c-443d-a978-4b33776a7c9c","source":"22139215-b028-4cc0-b223-f9d637b74017","target":"e7489462-2cc2-4c11-a1c0-649ab1bde915","agreement":true,"isActive":true,"date":1702313186792,"kind":"Connector","isSelected":false,"intensity":3,"isDeletable":true,"isOver":false,"isBidirectional":false,"eventLog":[{"time":1702313186792,"type":"create connection"}]},{"id":"a48a735d-af2a-4d6a-801d-bd3c1daf035d","source":"1ee91e94-9d79-4c51-b906-83e1cbeb14c5","target":"22139215-b028-4cc0-b223-f9d637b74017","agreement":false,"isActive":true,"date":1702313186792,"kind":"Connector","isSelected":false,"intensity":9,"isDeletable":true,"isOver":false,"isBidirectional":false,"eventLog":[{"time":1702313186792,"type":"create connection"}]},{"id":"14bc5bea-14a4-4c6a-a6c7-810e7fde3356","source":"4b5c2e84-f40d-4748-92f9-8262e25e1bd2","target":"22139215-b028-4cc0-b223-f9d637b74017","agreement":true,"isActive":true,"date":1702313186792,"kind":"Connector","isSelected":false,"intensity":3,"isDeletable":true,"isOver":false,"isBidirectional":false,"eventLog":[{"time":1702313186792,"type":"create connection"}]},{"id":"d0783617-584d-406f-af3e-51641242daf2","source":"1ee91e94-9d79-4c51-b906-83e1cbeb14c5","target":"15cf4296-bf6a-425d-9e1e-9a3a4bbe6f98","agreement":true,"isActive":true,"date":1702313186792,"kind":"Connector","isSelected":false,"intensity":3,"isDeletable":true,"isOver":false,"isBidirectional":false,"eventLog":[{"time":1702313186792,"type":"create connection"}]},{"id":"aa48bd33-7427-4d4d-b059-4c939dbc02db","source":"1ee91e94-9d79-4c51-b906-83e1cbeb14c5","target":"28f91fbf-3339-495f-9661-0dc96659af5e","agreement":true,"isActive":true,"date":1702313186792,"kind":"Connector","isSelected":false,"intensity":3,"isDeletable":true,"isOver":false,"isBidirectional":false,"eventLog":[{"time":1702313186792,"type":"create connection"}]},{"id":"be0e2de9-f313-4f93-948a-a1c7053b37bd","source":"22139215-b028-4cc0-b223-f9d637b74017","target":"28f91fbf-3339-495f-9661-0dc96659af5e","agreement":false,"isActive":true,"date":1702313186792,"kind":"Connector","isSelected":false,"intensity":9,"isDeletable":true,"isOver":false,"isBidirectional":false,"eventLog":[{"time":1702313186792,"type":"create connection"}]},{"id":"bbd9a4f7-2d71-453e-8c47-7fae13b6aeb5","source":"19d9680f-88ba-4dfe-aaa2-20da32136007","target":"1ee91e94-9d79-4c51-b906-83e1cbeb14c5","agreement":true,"isActive":true,"date":1702313186792,"kind":"Connector","isSelected":false,"intensity":9,"isDeletable":true,"isOver":false,"isBidirectional":false,"eventLog":[{"time":1702313186792,"type":"create connection"}]},{"id":"3671df1a-d70e-48fb-8aa2-74997b5003e7","source":"1ee91e94-9d79-4c51-b906-83e1cbeb14c5","target":"585e2782-15f7-4a0e-b506-c8666377c316","agreement":true,"isActive":true,"date":1702313186792,"kind":"Connector","isSelected":false,"intensity":3,"isDeletable":true,"isOver":false,"isBidirectional":false,"eventLog":[{"time":1702313186792,"type":"create connection"}]},{"id":"70f0dcc3-bb2e-43f0-8fe2-699754de0e29","source":"4b5c2e84-f40d-4748-92f9-8262e25e1bd2","target":"585e2782-15f7-4a0e-b506-c8666377c316","agreement":true,"isActive":true,"date":1702313186792,"kind":"Connector","isSelected":false,"intensity":3,"isDeletable":true,"isOver":false,"isBidirectional":false,"eventLog":[{"time":1702313186792,"type":"create connection"}]},{"id":"75845427-f64f-4b1b-8537-cd7da9b02062","source":"585e2782-15f7-4a0e-b506-c8666377c316","target":"20b30ae3-730f-4cd0-990f-7a49772e7796","agreement":false,"isActive":true,"date":1702313186792,"kind":"Connector","isSelected":false,"intensity":9,"isDeletable":true,"isOver":false,"isBidirectional":false,"eventLog":[{"time":1702313186792,"type":"create connection"}]},{"id":"1eae2efc-5f73-4fb0-913b-cb5689cb6136","source":"ee27912f-4cbd-4b7a-b846-4ee2f1170355","target":"7d5abede-ec29-459b-804a-a7254b813855","agreement":true,"isActive":true,"date":1702313186792,"kind":"Connector","isSelected":false,"intensity":3,"isDeletable":true,"isOver":false,"isBidirectional":false,"eventLog":[{"time":1702313186792,"type":"create connection"}]},{"id":"24a0a562-e573-47eb-addf-83301dd335c4","source":"cc426c01-49fc-422c-a9a4-1c37c30042fb","target":"ee27912f-4cbd-4b7a-b846-4ee2f1170355","agreement":true,"isActive":true,"date":1702313186792,"kind":"Connector","isSelected":false,"intensity":3,"isDeletable":true,"isOver":false,"isBidirectional":false,"eventLog":[{"time":1702313186792,"type":"create connection"}]},{"id":"0f9c6c43-a18c-4cb5-9325-125d68586a61","source":"7d5abede-ec29-459b-804a-a7254b813855","target":"76315d40-a5c5-42f4-9e24-b670222f907d","agreement":true,"isActive":true,"date":1702313186792,"kind":"Connector","isSelected":false,"intensity":9,"isDeletable":true,"isOver":false,"isBidirectional":false,"eventLog":[{"time":1702313186792,"type":"create connection"}]},{"id":"c6676da5-f184-49ad-9963-76f70c457658","source":"7ac4c108-131b-4a4a-8e32-b683f911d9c4","target":"76315d40-a5c5-42f4-9e24-b670222f907d","agreement":true,"isActive":true,"date":1702313186792,"kind":"Connector","isSelected":false,"intensity":3,"isDeletable":true,"isOver":false,"isBidirectional":false,"eventLog":[{"time":1702313186792,"type":"create connection"}]},{"id":"1ff38c55-adc6-4980-b6d4-b2f383e1e7c6","source":"080eb67b-59a0-4cc8-9d29-06ea11eea955","target":"76315d40-a5c5-42f4-9e24-b670222f907d","agreement":true,"isActive":true,"date":1702313186792,"kind":"Connector","isSelected":false,"intensity":3,"isDeletable":true,"isOver":false,"isBidirectional":false,"eventLog":[{"time":1702313186792,"type":"create connection"}]},{"id":"8d769b98-c8cf-46ad-a834-43aa6190203c","source":"02569358-cfd1-4749-b9e9-60f98ec940af","target":"22139215-b028-4cc0-b223-f9d637b74017","agreement":true,"isActive":true,"date":1702313206589,"kind":"Connector","isSelected":false,"intensity":3,"isDeletable":true,"isOver":false,"isBidirectional":false,"eventLog":[{"time":1702313206589,"type":"create connection"}]},{"id":"0c2a0a4a-52c0-4109-85ca-08bd3f347b6c","source":"1d9032f6-b31b-43b6-a8da-3b8da5642085","target":"7d5abede-ec29-459b-804a-a7254b813855","agreement":true,"isActive":true,"date":1702313224269,"kind":"Connector","isSelected":false,"intensity":3,"isDeletable":true,"isOver":false,"isBidirectional":false,"eventLog":[{"time":1702313224269,"type":"create connection"}]}],"currentID":{},"currentNode":{},"hasSelectedNode":[false],"currentConnector":{},"hasSelectedConnector":[false],"readyToMove":[false],"isIncoming":[false],"hasElementMoved":[false]}
