{"idCAM":["e0bc6ad0-6927-49a0-affd-55d8719edc88"],"creator":["5de81f0edb424d7965702d2d_post"],"projectCAM":["S2_CAM part 2"],"defocusCAM":[],"date":[1702311372697],"nodes":[{"id":"579a46ef-f459-449f-985c-bd7d3595c048","value":2,"text":"social assistance robot","comment":"","position":{"x":650,"y":400},"isActive":true,"date":1702311373590,"kind":"Node","isSelected":false,"isConnectorSelected":false,"isDraggable":0,"isDeletable":0,"hasElementMoved":false,"eventLog":[{"time":1702311373590,"type":"create node","value":2}],"isTextChangeable":0},{"id":"3e4de877-d0ec-453c-b7ae-0364f943e897","value":1,"text":"disadvantages","comment":"","position":{"x":450,"y":400},"isActive":true,"date":1702311373590,"kind":"Node","isSelected":false,"isConnectorSelected":false,"isDraggable":0,"isDeletable":0,"hasElementMoved":false,"eventLog":[{"time":1702311373590,"type":"create node","value":1}],"isTextChangeable":0},{"id":"4011640d-ec43-489c-8e67-2601b3f042ce","value":1,"text":"advantages","comment":"","position":{"x":850,"y":400},"isActive":true,"date":1702311373591,"kind":"Node","isSelected":false,"isConnectorSelected":false,"isDraggable":0,"isDeletable":0,"hasElementMoved":false,"eventLog":[{"time":1702311373591,"type":"create node","value":1}],"isTextChangeable":0},{"id":"6510fc62-ddf8-4118-b0cc-b8dc21b410ff","value":3,"text":"work","comment":"","position":{"x":664,"y":236},"isActive":true,"date":1702311373591,"kind":"Node","isSelected":false,"isConnectorSelected":false,"isDraggable":1,"isDeletable":1,"hasElementMoved":false,"eventLog":[{"time":1702311373591,"type":"create node","value":3}],"isTextChangeable":1},{"id":"04415aee-298e-46cb-b7b6-6e9b754d7b6b","value":3,"text":"help","comment":"","position":{"x":850,"y":250},"isActive":true,"date":1702311373591,"kind":"Node","isSelected":false,"isConnectorSelected":false,"isDraggable":1,"isDeletable":1,"hasElementMoved":false,"eventLog":[{"time":1702311373591,"type":"create node","value":3}],"isTextChangeable":1},{"id":"6c95ed42-69ce-44d3-91fb-92d906e54fb8","value":10,"text":"love","comment":"","position":{"x":475,"y":238},"isActive":true,"date":1702311373591,"kind":"Node","isSelected":false,"isConnectorSelected":false,"isDraggable":1,"isDeletable":1,"hasElementMoved":false,"eventLog":[{"time":1702311373591,"type":"create node","value":10}],"isTextChangeable":1},{"id":"a9770073-26ca-4dcf-8f83-b1b8808cf088","value":1,"text":"read","comment":"","position":{"x":815,"y":490},"isActive":true,"date":1702311373591,"kind":"Node","isSelected":false,"isConnectorSelected":false,"isDraggable":1,"isDeletable":1,"hasElementMoved":false,"eventLog":[{"time":1702311373591,"type":"create node","value":1}],"isTextChangeable":1},{"id":"4704558a-8a2d-4017-991d-41c7f1dea582","value":-2,"text":"battery","comment":"","position":{"x":1049,"y":449},"isActive":true,"date":1702311373592,"kind":"Node","isSelected":false,"isConnectorSelected":false,"isDraggable":1,"isDeletable":1,"hasElementMoved":false,"eventLog":[{"time":1702311373592,"type":"create node","value":-2}],"isTextChangeable":1},{"id":"f651b533-5d41-4b44-aca1-43546019d8e3","value":-2,"text":"eyes tired","comment":"","position":{"x":1010,"y":282},"isActive":true,"date":1702311373592,"kind":"Node","isSelected":false,"isConnectorSelected":false,"isDraggable":1,"isDeletable":1,"hasElementMoved":false,"eventLog":[{"time":1702311373592,"type":"create node","value":-2}],"isTextChangeable":1},{"id":"d9ae4aa9-ceb7-4247-8b96-10f30fcf50cd","value":3,"text":"must helps","comment":"","position":{"x":571,"y":534},"isActive":true,"date":1702311373592,"kind":"Node","isSelected":false,"isConnectorSelected":false,"isDraggable":1,"isDeletable":1,"hasElementMoved":false,"eventLog":[{"time":1702311373592,"type":"create node","value":3}],"isTextChangeable":1},{"id":"4fd2d033-9264-4696-a8bd-507d508a0d39","value":2,"text":"fun","comment":"","position":{"x":751,"y":593},"isActive":true,"date":1702311373592,"kind":"Node","isSelected":false,"isConnectorSelected":false,"isDraggable":1,"isDeletable":1,"hasElementMoved":false,"eventLog":[{"time":1702311373592,"type":"create node","value":2}],"isTextChangeable":1},{"id":"14c6babd-cb33-4505-a31f-f217202d6220","value":1,"text":"alarm","comment":"","position":{"x":945,"y":569},"isActive":true,"date":1702311373593,"kind":"Node","isSelected":false,"isConnectorSelected":false,"isDraggable":1,"isDeletable":1,"hasElementMoved":false,"eventLog":[{"time":1702311373593,"type":"create node","value":1}],"isTextChangeable":1},{"id":"4e3c3a6d-5853-4580-9663-74bea92be83e","value":-1,"text":"attention","comment":"","position":{"x":1154,"y":556},"isActive":true,"date":1702311373593,"kind":"Node","isSelected":false,"isConnectorSelected":false,"isDraggable":1,"isDeletable":1,"hasElementMoved":false,"eventLog":[{"time":1702311373593,"type":"create node","value":-1}],"isTextChangeable":1}],"connectors":[{"id":"ea66d468-eb69-4810-858e-8a05961de2ad","source":"579a46ef-f459-449f-985c-bd7d3595c048","target":"3e4de877-d0ec-453c-b7ae-0364f943e897","agreement":true,"isActive":true,"date":1702311373594,"kind":"Connector","isSelected":false,"intensity":3,"isDeletable":false,"isOver":false,"isBidirectional":false,"eventLog":[{"time":1702311373594,"type":"create connection"}]},{"id":"781f2765-dd46-401d-b85e-4bc2247133a3","source":"579a46ef-f459-449f-985c-bd7d3595c048","target":"4011640d-ec43-489c-8e67-2601b3f042ce","agreement":true,"isActive":true,"date":1702311373595,"kind":"Connector","isSelected":false,"intensity":3,"isDeletable":true,"isOver":false,"isBidirectional":false,"eventLog":[{"time":1702311373595,"type":"create connection"}]},{"id":"b70f3368-574d-4a5b-80f5-504a809678b1","source":"f651b533-5d41-4b44-aca1-43546019d8e3","target":"4704558a-8a2d-4017-991d-41c7f1dea582","agreement":true,"isActive":true,"date":1702311373595,"kind":"Connector","isSelected":false,"intensity":3,"isDeletable":true,"isOver":false,"isBidirectional":false,"eventLog":[{"time":1702311373595,"type":"create connection"}]},{"id":"dc9ca19d-6864-4ea9-b3b9-2dd22390853a","source":"6c95ed42-69ce-44d3-91fb-92d906e54fb8","target":"6510fc62-ddf8-4118-b0cc-b8dc21b410ff","agreement":true,"isActive":true,"date":1702311373596,"kind":"Connector","isSelected":false,"intensity":3,"isDeletable":true,"isOver":false,"isBidirectional":false,"eventLog":[{"time":1702311373596,"type":"create connection"}]},{"id":"7f502e9e-9489-4f5a-ab44-fa8fb156ecde","source":"6510fc62-ddf8-4118-b0cc-b8dc21b410ff","target":"579a46ef-f459-449f-985c-bd7d3595c048","agreement":true,"isActive":true,"date":1702311373596,"kind":"Connector","isSelected":false,"intensity":3,"isDeletable":true,"isOver":false,"isBidirectional":false,"eventLog":[{"time":1702311373596,"type":"create connection"}]},{"id":"53d712ec-3536-4d6b-884d-dc58298af0ff","source":"4011640d-ec43-489c-8e67-2601b3f042ce","target":"04415aee-298e-46cb-b7b6-6e9b754d7b6b","agreement":true,"isActive":true,"date":1702311373597,"kind":"Connector","isSelected":false,"intensity":3,"isDeletable":true,"isOver":false,"isBidirectional":false,"eventLog":[{"time":1702311373597,"type":"create connection"}]},{"id":"63b96b54-f2b7-42ae-97f0-11cfb5d6c8ee","source":"a9770073-26ca-4dcf-8f83-b1b8808cf088","target":"4011640d-ec43-489c-8e67-2601b3f042ce","agreement":true,"isActive":true,"date":1702311373598,"kind":"Connector","isSelected":false,"intensity":3,"isDeletable":true,"isOver":false,"isBidirectional":false,"eventLog":[{"time":1702311373598,"type":"create connection"}]},{"id":"7de70824-36d6-4818-862e-edaac594663f","source":"4011640d-ec43-489c-8e67-2601b3f042ce","target":"f651b533-5d41-4b44-aca1-43546019d8e3","agreement":true,"isActive":true,"date":1702311373598,"kind":"Connector","isSelected":false,"intensity":3,"isDeletable":true,"isOver":false,"isBidirectional":false,"eventLog":[{"time":1702311373598,"type":"create connection"}]},{"id":"5ff16ce4-8fa4-4e0a-85e0-9d18528a5c94","source":"6510fc62-ddf8-4118-b0cc-b8dc21b410ff","target":"04415aee-298e-46cb-b7b6-6e9b754d7b6b","agreement":true,"isActive":true,"date":1702311373599,"kind":"Connector","isSelected":false,"intensity":3,"isDeletable":true,"isOver":false,"isBidirectional":false,"eventLog":[{"time":1702311373599,"type":"create connection"}]},{"id":"cd05758d-d933-47e9-aea3-cc20da740629","source":"04415aee-298e-46cb-b7b6-6e9b754d7b6b","target":"f651b533-5d41-4b44-aca1-43546019d8e3","agreement":true,"isActive":true,"date":1702311373599,"kind":"Connector","isSelected":false,"intensity":3,"isDeletable":true,"isOver":false,"isBidirectional":false,"eventLog":[{"time":1702311373599,"type":"create connection"}]},{"id":"40b8835d-644f-4fd2-9a43-1849080ce48c","source":"a9770073-26ca-4dcf-8f83-b1b8808cf088","target":"4704558a-8a2d-4017-991d-41c7f1dea582","agreement":true,"isActive":true,"date":1702311373600,"kind":"Connector","isSelected":false,"intensity":3,"isDeletable":true,"isOver":false,"isBidirectional":false,"eventLog":[{"time":1702311373600,"type":"create connection"}]},{"id":"23c44072-ae25-474d-a412-773e4078baeb","source":"579a46ef-f459-449f-985c-bd7d3595c048","target":"a9770073-26ca-4dcf-8f83-b1b8808cf088","agreement":true,"isActive":true,"date":1702311373600,"kind":"Connector","isSelected":false,"intensity":3,"isDeletable":true,"isOver":false,"isBidirectional":false,"eventLog":[{"time":1702311373600,"type":"create connection"}]},{"id":"907f9004-3b08-4b39-82a6-e897ac1d1503","source":"3e4de877-d0ec-453c-b7ae-0364f943e897","target":"6c95ed42-69ce-44d3-91fb-92d906e54fb8","agreement":true,"isActive":true,"date":1702311373601,"kind":"Connector","isSelected":false,"intensity":3,"isDeletable":true,"isOver":false,"isBidirectional":false,"eventLog":[{"time":1702311373601,"type":"create connection"}]},{"id":"823ba76d-09d8-47a7-b8ab-f321c01d7e44","source":"3e4de877-d0ec-453c-b7ae-0364f943e897","target":"a9770073-26ca-4dcf-8f83-b1b8808cf088","agreement":true,"isActive":true,"date":1702311373601,"kind":"Connector","isSelected":false,"intensity":3,"isDeletable":true,"isOver":false,"isBidirectional":false,"eventLog":[{"time":1702311373601,"type":"create connection"}]},{"id":"356c96b9-0cc6-4182-a4e1-9588149db1f0","source":"579a46ef-f459-449f-985c-bd7d3595c048","target":"d9ae4aa9-ceb7-4247-8b96-10f30fcf50cd","agreement":true,"isActive":true,"date":1702311373601,"kind":"Connector","isSelected":false,"intensity":3,"isDeletable":true,"isOver":false,"isBidirectional":false,"eventLog":[{"time":1702311373601,"type":"create connection"}]},{"id":"f22c5bb4-79d5-4796-816d-6b11e066daaa","source":"a9770073-26ca-4dcf-8f83-b1b8808cf088","target":"4fd2d033-9264-4696-a8bd-507d508a0d39","agreement":true,"isActive":true,"date":1702311373602,"kind":"Connector","isSelected":false,"intensity":3,"isDeletable":true,"isOver":false,"isBidirectional":false,"eventLog":[{"time":1702311373602,"type":"create connection"}]},{"id":"a54a16c7-b990-440b-a13f-4dfa06d21e67","source":"a9770073-26ca-4dcf-8f83-b1b8808cf088","target":"14c6babd-cb33-4505-a31f-f217202d6220","agreement":true,"isActive":true,"date":1702311373602,"kind":"Connector","isSelected":false,"intensity":3,"isDeletable":true,"isOver":false,"isBidirectional":false,"eventLog":[{"time":1702311373602,"type":"create connection"}]},{"id":"e3f7ebf6-e7a2-433c-813f-d75ae3235d8d","source":"4704558a-8a2d-4017-991d-41c7f1dea582","target":"4e3c3a6d-5853-4580-9663-74bea92be83e","agreement":true,"isActive":true,"date":1702311373602,"kind":"Connector","isSelected":false,"intensity":3,"isDeletable":true,"isOver":false,"isBidirectional":false,"eventLog":[{"time":1702311373602,"type":"create connection"}]}],"currentID":{},"currentNode":{},"hasSelectedNode":[false],"currentConnector":{},"hasSelectedConnector":[false],"readyToMove":[false],"isIncoming":[false]}
