{"idCAM":["caa32b83-d911-4d59-ab0a-dba5407dc9f1"],"creator":["5dea808cce8d8d19f5424b21_post"],"projectCAM":["S2_CAM part 2"],"defocusCAM":[null],"date":[1702310927610],"nodes":[{"id":"623fd614-ef15-4016-9c84-a902822ffe54","value":10,"text":"social assistance robot","comment":"","position":{"x":650,"y":400},"isActive":true,"date":1702310928519,"kind":"Node","isSelected":false,"isConnectorSelected":false,"isDraggable":0,"isDeletable":0,"hasElementMoved":false,"eventLog":[{"time":1702310928519,"type":"create node","value":10}],"isTextChangeable":0},{"id":"dea7295d-fb7f-41f9-b49c-f174436c62c4","value":-3,"text":"disadvantages","comment":"","position":{"x":450,"y":400},"isActive":true,"date":1702310928520,"kind":"Node","isSelected":false,"isConnectorSelected":false,"isDraggable":0,"isDeletable":0,"hasElementMoved":false,"eventLog":[{"time":1702310928520,"type":"create node","value":-3}],"isTextChangeable":0},{"id":"9a0a8904-d984-4d28-b8e3-c2ae5e6d691c","value":2,"text":"advantages","comment":"","position":{"x":850,"y":400},"isActive":true,"date":1702310928520,"kind":"Node","isSelected":false,"isConnectorSelected":false,"isDraggable":0,"isDeletable":0,"hasElementMoved":false,"eventLog":[{"time":1702310928520,"type":"create node","value":2}],"isTextChangeable":0},{"id":"28334b0d-d87e-496d-abc8-39417f0faacf","value":1,"text":"labor market","comment":"","position":{"x":983,"y":207},"isActive":true,"date":1702310928520,"kind":"Node","isSelected":false,"isConnectorSelected":false,"isDraggable":1,"isDeletable":1,"hasElementMoved":false,"eventLog":[{"time":1702310928520,"type":"create node","value":1}],"isTextChangeable":1},{"id":"38e5d3df-16bc-42d4-a6ef-13e9dd9dcae2","value":3,"text":"robots fill gaps","comment":"","position":{"x":1143,"y":119},"isActive":true,"date":1702310928520,"kind":"Node","isSelected":false,"isConnectorSelected":false,"isDraggable":1,"isDeletable":1,"hasElementMoved":false,"eventLog":[{"time":1702310928520,"type":"create node","value":3}],"isTextChangeable":1},{"id":"e32ee384-adcb-4082-846f-957bd39dfac2","value":-3,"text":"no human reference","comment":"","position":{"x":319,"y":258},"isActive":true,"date":1702310928520,"kind":"Node","isSelected":false,"isConnectorSelected":false,"isDraggable":1,"isDeletable":1,"hasElementMoved":false,"eventLog":[{"time":1702310928520,"type":"create node","value":-3}],"isTextChangeable":1},{"id":"b9a7599d-bddb-4dc8-8c3a-63c9240c1279","value":1,"text":"functions of robots","comment":"","position":{"x":1048,"y":417},"isActive":true,"date":1702310928520,"kind":"Node","isSelected":false,"isConnectorSelected":false,"isDraggable":1,"isDeletable":1,"hasElementMoved":false,"eventLog":[{"time":1702310928520,"type":"create node","value":1}],"isTextChangeable":1},{"id":"509c787a-6a56-4484-8a23-acce8aef3317","value":-2,"text":"ethical problems","comment":"","position":{"x":255,"y":421},"isActive":true,"date":1702310928520,"kind":"Node","isSelected":false,"isConnectorSelected":false,"isDraggable":1,"isDeletable":1,"hasElementMoved":false,"eventLog":[{"time":1702310928520,"type":"create node","value":-2}],"isTextChangeable":1},{"id":"570d3cdb-8145-43f7-a6c8-f60a8ae51aba","value":-3,"text":"technical problems","comment":"","position":{"x":420,"y":162},"isActive":true,"date":1702310928520,"kind":"Node","isSelected":false,"isConnectorSelected":false,"isDraggable":1,"isDeletable":1,"hasElementMoved":false,"eventLog":[{"time":1702310928520,"type":"create node","value":-3}],"isTextChangeable":1},{"id":"e847b11c-9987-43a1-b47d-4815ddc34a91","value":1,"text":"cheaper than people","comment":"","position":{"x":1074,"y":295},"isActive":true,"date":1702310928520,"kind":"Node","isSelected":false,"isConnectorSelected":false,"isDraggable":1,"isDeletable":1,"hasElementMoved":false,"eventLog":[{"time":1702310928520,"type":"create node","value":1}],"isTextChangeable":1},{"id":"8d7fbdb6-6e85-4594-bafe-1f4634d5309c","value":1,"text":"24/7 availability","comment":"","position":{"x":966,"y":522},"isActive":true,"date":1702310928520,"kind":"Node","isSelected":false,"isConnectorSelected":false,"isDraggable":1,"isDeletable":1,"hasElementMoved":false,"eventLog":[{"time":1702310928520,"type":"create node","value":1}],"isTextChangeable":1},{"id":"65b7902f-f8d4-4933-bce9-03a1ad02fe45","value":1,"text":"repetitive tasks","comment":"","position":{"x":1175,"y":369},"isActive":true,"date":1702310928520,"kind":"Node","isSelected":false,"isConnectorSelected":false,"isDraggable":1,"isDeletable":1,"hasElementMoved":false,"eventLog":[{"time":1702310928520,"type":"create node","value":1}],"isTextChangeable":1},{"id":"4c2f70c3-3b0f-4242-a72e-0b0e504731fc","value":1,"text":"monitoring of vital signs","comment":"","position":{"x":1155,"y":631},"isActive":true,"date":1702310928520,"kind":"Node","isSelected":false,"isConnectorSelected":false,"isDraggable":1,"isDeletable":1,"hasElementMoved":false,"eventLog":[{"time":"1702310928520","type":"create node","value":[1]},{"time":"2023-12-11T16:10:24.432Z","type":"position","value":{"x":[919],"y":[633]}},{"time":"2023-12-11T16:10:24.616Z","type":"position","value":{"x":[1076],"y":[642]}}],"isTextChangeable":1},{"id":"f8c783ff-f943-4982-9cff-f1872592f60d","value":3,"text":"physically strenuous work","comment":"","position":{"x":1158,"y":481},"isActive":true,"date":1702310928520,"kind":"Node","isSelected":false,"isConnectorSelected":false,"isDraggable":1,"isDeletable":1,"hasElementMoved":false,"eventLog":[{"time":1702310928520,"type":"create node","value":3}],"isTextChangeable":1},{"id":"6366f011-7799-4cf9-b83f-6fafe0f53958","value":-1,"text":"no empathy","comment":"","position":{"x":184,"y":203},"isActive":true,"date":1702310928520,"kind":"Node","isSelected":false,"isConnectorSelected":false,"isDraggable":1,"isDeletable":1,"hasElementMoved":false,"eventLog":[{"time":1702310928520,"type":"create node","value":-1}],"isTextChangeable":1},{"id":"622b6990-7457-47bb-81cc-a507f635459d","value":-1,"text":"possible privacy issues","comment":"","position":{"x":523,"y":77},"isActive":true,"date":1702310928520,"kind":"Node","isSelected":false,"isConnectorSelected":false,"isDraggable":1,"isDeletable":1,"hasElementMoved":false,"eventLog":[{"time":1702310928520,"type":"create node","value":-1}],"isTextChangeable":1},{"id":"f2cc2f6d-7270-4303-8ee8-87fd9ebce972","value":-1,"text":"dependence on robots","comment":"","position":{"x":269,"y":495},"isActive":true,"date":1702310928520,"kind":"Node","isSelected":false,"isConnectorSelected":false,"isDraggable":1,"isDeletable":1,"hasElementMoved":false,"eventLog":[{"time":"1702310928520","type":"create node","value":[-1]},{"time":"2023-12-11T16:10:21.219Z","type":"position","value":{"x":[453],"y":[556]}},{"time":"2023-12-11T16:10:22.130Z","type":"position","value":{"x":[303],"y":[502]}}],"isTextChangeable":1},{"id":"da0f9956-c5e4-47f8-809b-c25e4714cab5","value":10,"text":"future inevitable","comment":"","position":{"x":643,"y":261},"isActive":true,"date":1702310928520,"kind":"Node","isSelected":false,"isConnectorSelected":false,"isDraggable":1,"isDeletable":1,"hasElementMoved":false,"eventLog":[{"time":1702310928520,"type":"create node","value":10}],"isTextChangeable":1},{"id":"00183167-0f05-4406-8fa8-93d7eb302143","value":-1,"text":"unfilled positions","comment":"","position":{"x":770,"y":148},"isActive":true,"date":1702310928520,"kind":"Node","isSelected":false,"isConnectorSelected":false,"isDraggable":1,"isDeletable":1,"hasElementMoved":false,"eventLog":[{"time":1702310928520,"type":"create node","value":-1}],"isTextChangeable":1},{"id":"0a9f80cc-cde5-47c5-a724-463e55c294d2","value":0,"text":"soft robot","comment":"","position":{"x":653,"y":493},"isActive":true,"date":1702311026571,"kind":"Node","isSelected":false,"isConnectorSelected":false,"isDraggable":1,"isDeletable":1,"hasElementMoved":false,"eventLog":[{"time":"1702311026571","type":"create node","value":[0]},{"time":"1702311026643","type":"selected","value":[true]},{"time":"1702311041176","type":"text","value":["softroboter"]},{"time":"1702311041176","type":"selected","value":[false]},{"time":"2023-12-11T16:11:02.434Z","type":"position","value":{"x":[622],"y":[509]}},{"time":"2023-12-11T16:11:04.106Z","type":"position","value":{"x":[619],"y":[513]}}],"isTextChangeable":1},{"id":"97766ddd-ee2e-4ee6-a32f-39bd66e8d4bb","value":-2,"text":"disadvantages","comment":"","position":{"x":491,"y":564},"isActive":true,"date":1702311047511,"kind":"Node","isSelected":false,"isConnectorSelected":true,"isDraggable":1,"isDeletable":1,"hasElementMoved":false,"eventLog":[{"time":1702311047511,"type":"create node","value":"0"},{"time":1702311047583,"type":"selected","value":"TRUE"},{"time":1702311053953,"type":"text","value":"Nachteile"},{"time":1702311053953,"type":"value","value":"-2"},{"time":1702311053953,"type":"selected","value":"FALSE"}],"isTextChangeable":1},{"id":"2a2c9b2b-f8d4-4db4-bb4c-b42645ec8ce5","value":2,"text":"advantages","comment":"","position":{"x":813,"y":581},"isActive":true,"date":1702311055251,"kind":"Node","isSelected":false,"isConnectorSelected":false,"isDraggable":1,"isDeletable":1,"hasElementMoved":false,"eventLog":[{"time":1702311055251,"type":"create node","value":"0"},{"time":1702311055323,"type":"selected","value":"TRUE"},{"time":1702311060596,"type":"text","value":"Vorteile"},{"time":1702311060596,"type":"value","value":"2"},{"time":1702311060596,"type":"selected","value":"FALSE"}],"isTextChangeable":1},{"id":"6981298f-f84e-470d-bd87-37c40f79bdd5","value":1,"text":"lower risk of injury","comment":"","position":{"x":937,"y":633},"isActive":true,"date":1702311077301,"kind":"Node","isSelected":false,"isConnectorSelected":false,"isDraggable":1,"isDeletable":1,"hasElementMoved":false,"eventLog":[{"time":1702311077301,"type":"create node","value":"0"},{"time":1702311077365,"type":"selected","value":"TRUE"},{"time":1702311089963,"type":"text","value":"geringeres Verletzungsrisiko"},{"time":1702311089963,"type":"value","value":"1"},{"time":1702311089963,"type":"selected","value":"FALSE"}],"isTextChangeable":1},{"id":"5829ea63-3aa1-4c62-b7ff-4cda12d3dc4c","value":3,"text":"emotional therapy approaches","comment":"","position":{"x":810,"y":678},"isActive":true,"date":1702311100255,"kind":"Node","isSelected":false,"isConnectorSelected":false,"isDraggable":1,"isDeletable":1,"hasElementMoved":false,"eventLog":[{"time":1702311100255,"type":"create node","value":"0"},{"time":1702311100329,"type":"selected","value":"TRUE"},{"time":1702311112086,"type":"text","value":"emotionale Therapieansetze "},{"time":1702311112086,"type":"value","value":"3"},{"time":1702311112086,"type":"selected","value":"FALSE"}],"isTextChangeable":1},{"id":"1d50297e-495d-4a6c-b92d-3935c2164d8f","value":-1,"text":"emotional substitute","comment":"","position":{"x":330,"y":593},"isActive":true,"date":1702311150099,"kind":"Node","isSelected":false,"isConnectorSelected":false,"isDraggable":1,"isDeletable":1,"hasElementMoved":false,"eventLog":[{"time":1702311150099,"type":"create node","value":"0"},{"time":1702311150171,"type":"selected","value":"TRUE"},{"time":1702311162618,"type":"text","value":"emotionsersatz"},{"time":1702311162618,"type":"selected","value":"FALSE"},{"time":1702311165513,"type":"selected","value":"TRUE"},{"time":1702311168059,"type":"value","value":"-1"},{"time":1702311168059,"type":"selected","value":"FALSE"}],"isTextChangeable":1},{"id":"e5193a79-0f52-4248-86a1-4fba7a811cf3","value":-3,"text":"Only fake empathy","comment":"","position":{"x":417,"y":657},"isActive":true,"date":1702311174437,"kind":"Node","isSelected":false,"isConnectorSelected":true,"isDraggable":1,"isDeletable":1,"hasElementMoved":false,"eventLog":[{"time":1702311174437,"type":"create node","value":"0"},{"time":1702311174499,"type":"selected","value":"TRUE"},{"time":1702311182794,"type":"text","value":"Nur Fake-Empathie"},{"time":1702311182794,"type":"value","value":"-3"},{"time":1702311182794,"type":"selected","value":"FALSE"}],"isTextChangeable":1}],"connectors":[{"id":"d0d10851-4696-4b83-ac4f-c72623ae4528","source":"623fd614-ef15-4016-9c84-a902822ffe54","target":"dea7295d-fb7f-41f9-b49c-f174436c62c4","agreement":true,"isActive":true,"date":1702310928520,"kind":"Connector","isSelected":false,"intensity":3,"isDeletable":false,"isOver":false,"isBidirectional":false,"eventLog":[{"time":1702310928520,"type":"create connection"}]},{"id":"6f68463e-4ad9-4d0e-a5f1-a2c7ea4579c1","source":"623fd614-ef15-4016-9c84-a902822ffe54","target":"9a0a8904-d984-4d28-b8e3-c2ae5e6d691c","agreement":true,"isActive":true,"date":1702310928520,"kind":"Connector","isSelected":false,"intensity":3,"isDeletable":true,"isOver":false,"isBidirectional":false,"eventLog":[{"time":1702310928520,"type":"create connection"}]},{"id":"400f02f9-a9a0-4364-ab8c-e4bb815b14c2","source":"28334b0d-d87e-496d-abc8-39417f0faacf","target":"9a0a8904-d984-4d28-b8e3-c2ae5e6d691c","agreement":true,"isActive":true,"date":1702310928520,"kind":"Connector","isSelected":false,"intensity":6,"isDeletable":true,"isOver":false,"isBidirectional":false,"eventLog":[{"time":1702310928520,"type":"create connection"}]},{"id":"2a65633e-53fd-4fd0-b752-b603b9845528","source":"38e5d3df-16bc-42d4-a6ef-13e9dd9dcae2","target":"28334b0d-d87e-496d-abc8-39417f0faacf","agreement":true,"isActive":true,"date":1702310928520,"kind":"Connector","isSelected":false,"intensity":9,"isDeletable":true,"isOver":false,"isBidirectional":false,"eventLog":[{"time":1702310928520,"type":"create connection"}]},{"id":"2cbe1bf8-797b-46b3-9fed-acdfeb75a4c2","source":"e32ee384-adcb-4082-846f-957bd39dfac2","target":"dea7295d-fb7f-41f9-b49c-f174436c62c4","agreement":true,"isActive":true,"date":1702310928520,"kind":"Connector","isSelected":false,"intensity":3,"isDeletable":true,"isOver":false,"isBidirectional":false,"eventLog":[{"time":1702310928520,"type":"create connection"}]},{"id":"f6930e00-a31d-4a17-b6cc-1d6b832917c5","source":"b9a7599d-bddb-4dc8-8c3a-63c9240c1279","target":"9a0a8904-d984-4d28-b8e3-c2ae5e6d691c","agreement":true,"isActive":true,"date":1702310928521,"kind":"Connector","isSelected":false,"intensity":3,"isDeletable":true,"isOver":false,"isBidirectional":false,"eventLog":[{"time":1702310928521,"type":"create connection"}]},{"id":"5b48da84-0df1-4482-ae1b-218b259badb8","source":"509c787a-6a56-4484-8a23-acce8aef3317","target":"dea7295d-fb7f-41f9-b49c-f174436c62c4","agreement":true,"isActive":true,"date":1702310928521,"kind":"Connector","isSelected":false,"intensity":3,"isDeletable":true,"isOver":false,"isBidirectional":false,"eventLog":[{"time":1702310928521,"type":"create connection"}]},{"id":"cd20cbfc-e785-4935-88e4-ae5029afb103","source":"509c787a-6a56-4484-8a23-acce8aef3317","target":"e32ee384-adcb-4082-846f-957bd39dfac2","agreement":true,"isActive":true,"date":1702310928521,"kind":"Connector","isSelected":false,"intensity":3,"isDeletable":true,"isOver":false,"isBidirectional":false,"eventLog":[{"time":1702310928521,"type":"create connection"}]},{"id":"258e7bb0-5840-4ec6-accf-fc0549eb2e21","source":"570d3cdb-8145-43f7-a6c8-f60a8ae51aba","target":"dea7295d-fb7f-41f9-b49c-f174436c62c4","agreement":true,"isActive":true,"date":1702310928521,"kind":"Connector","isSelected":false,"intensity":3,"isDeletable":true,"isOver":false,"isBidirectional":false,"eventLog":[{"time":1702310928521,"type":"create connection"}]},{"id":"aaa180e9-7188-4af8-9dd5-d557a0cd3b74","source":"e847b11c-9987-43a1-b47d-4815ddc34a91","target":"28334b0d-d87e-496d-abc8-39417f0faacf","agreement":true,"isActive":true,"date":1702310928521,"kind":"Connector","isSelected":false,"intensity":3,"isDeletable":true,"isOver":false,"isBidirectional":false,"eventLog":[{"time":1702310928521,"type":"create connection"}]},{"id":"c7d68421-e9f7-4c16-b0a2-8703c376939a","source":"8d7fbdb6-6e85-4594-bafe-1f4634d5309c","target":"9a0a8904-d984-4d28-b8e3-c2ae5e6d691c","agreement":true,"isActive":true,"date":1702310928521,"kind":"Connector","isSelected":false,"intensity":9,"isDeletable":true,"isOver":false,"isBidirectional":false,"eventLog":[{"time":1702310928521,"type":"create connection"}]},{"id":"6909f209-3870-4db1-9417-4587db5f06cb","source":"65b7902f-f8d4-4933-bce9-03a1ad02fe45","target":"b9a7599d-bddb-4dc8-8c3a-63c9240c1279","agreement":true,"isActive":true,"date":1702310928521,"kind":"Connector","isSelected":false,"intensity":3,"isDeletable":true,"isOver":false,"isBidirectional":false,"eventLog":[{"time":1702310928521,"type":"create connection"}]},{"id":"7457b57a-26be-4efb-8ac0-28ef7183557c","source":"4c2f70c3-3b0f-4242-a72e-0b0e504731fc","target":"8d7fbdb6-6e85-4594-bafe-1f4634d5309c","agreement":true,"isActive":true,"date":1702310928521,"kind":"Connector","isSelected":false,"intensity":6,"isDeletable":true,"isOver":false,"isBidirectional":false,"eventLog":[{"time":1702310928521,"type":"create connection"}]},{"id":"82120e47-3177-4390-b05e-f377a836c8f2","source":"f8c783ff-f943-4982-9cff-f1872592f60d","target":"b9a7599d-bddb-4dc8-8c3a-63c9240c1279","agreement":true,"isActive":true,"date":1702310928521,"kind":"Connector","isSelected":false,"intensity":3,"isDeletable":true,"isOver":false,"isBidirectional":false,"eventLog":[{"time":1702310928521,"type":"create connection"}]},{"id":"bc1b5fc8-f3b6-437a-8715-3f656816a2aa","source":"6366f011-7799-4cf9-b83f-6fafe0f53958","target":"e32ee384-adcb-4082-846f-957bd39dfac2","agreement":true,"isActive":true,"date":1702310928521,"kind":"Connector","isSelected":false,"intensity":3,"isDeletable":true,"isOver":false,"isBidirectional":false,"eventLog":[{"time":1702310928521,"type":"create connection"}]},{"id":"b640f538-4850-45b3-9193-44cb47001d90","source":"570d3cdb-8145-43f7-a6c8-f60a8ae51aba","target":"622b6990-7457-47bb-81cc-a507f635459d","agreement":true,"isActive":true,"date":1702310928521,"kind":"Connector","isSelected":false,"intensity":3,"isDeletable":true,"isOver":false,"isBidirectional":false,"eventLog":[{"time":1702310928521,"type":"create connection"}]},{"id":"3ce08c25-a111-4dba-8480-bd87e84f1842","source":"f2cc2f6d-7270-4303-8ee8-87fd9ebce972","target":"dea7295d-fb7f-41f9-b49c-f174436c62c4","agreement":true,"isActive":true,"date":1702310928521,"kind":"Connector","isSelected":false,"intensity":3,"isDeletable":true,"isOver":false,"isBidirectional":false,"eventLog":[{"time":1702310928521,"type":"create connection"}]},{"id":"5e9ff06b-f2e6-461d-939b-f40fbc8c1bc3","source":"da0f9956-c5e4-47f8-809b-c25e4714cab5","target":"623fd614-ef15-4016-9c84-a902822ffe54","agreement":true,"isActive":true,"date":1702310928521,"kind":"Connector","isSelected":false,"intensity":3,"isDeletable":true,"isOver":false,"isBidirectional":false,"eventLog":[{"time":1702310928521,"type":"create connection"}]},{"id":"82df2ca4-b001-40d3-b5ce-3ec19ac08c49","source":"00183167-0f05-4406-8fa8-93d7eb302143","target":"da0f9956-c5e4-47f8-809b-c25e4714cab5","agreement":true,"isActive":true,"date":1702310928521,"kind":"Connector","isSelected":false,"intensity":3,"isDeletable":true,"isOver":false,"isBidirectional":false,"eventLog":[{"time":1702310928521,"type":"create connection"}]},{"id":"25279e22-522a-4c88-a775-9b7ac639d686","source":"00183167-0f05-4406-8fa8-93d7eb302143","target":"28334b0d-d87e-496d-abc8-39417f0faacf","agreement":false,"isActive":true,"date":1702310928521,"kind":"Connector","isSelected":false,"intensity":3,"isDeletable":true,"isOver":false,"isBidirectional":false,"eventLog":[{"time":1702310928521,"type":"create connection"}]},{"id":"f0a07a2a-bd0a-4d2f-b99b-5c010ed0ef00","source":"623fd614-ef15-4016-9c84-a902822ffe54","target":"0a9f80cc-cde5-47c5-a724-463e55c294d2","agreement":true,"isActive":true,"date":1702311042435,"kind":"Connector","isSelected":false,"intensity":3,"isDeletable":true,"isOver":false,"isBidirectional":false,"eventLog":[{"time":1702311042435,"type":"create connection"}]},{"id":"7099e4ca-7a43-4373-ac2f-19b4161f9c93","source":"2a2c9b2b-f8d4-4db4-bb4c-b42645ec8ce5","target":"0a9f80cc-cde5-47c5-a724-463e55c294d2","agreement":true,"isActive":true,"date":1702311061502,"kind":"Connector","isSelected":false,"intensity":3,"isDeletable":true,"isOver":false,"isBidirectional":false,"eventLog":[{"time":1702311061502,"type":"create connection"}]},{"id":"68ee3dbf-87a6-4954-a4c2-2d9b9a22e82d","source":"97766ddd-ee2e-4ee6-a32f-39bd66e8d4bb","target":"0a9f80cc-cde5-47c5-a724-463e55c294d2","agreement":true,"isActive":true,"date":1702311063609,"kind":"Connector","isSelected":false,"intensity":3,"isDeletable":true,"isOver":false,"isBidirectional":false,"eventLog":[{"time":1702311063609,"type":"create connection"}]},{"id":"b12ee2b0-bbfa-43b5-b07f-9b2a7105db6b","source":"2a2c9b2b-f8d4-4db4-bb4c-b42645ec8ce5","target":"6981298f-f84e-470d-bd87-37c40f79bdd5","agreement":true,"isActive":true,"date":1702311091089,"kind":"Connector","isSelected":false,"intensity":3,"isDeletable":true,"isOver":false,"isBidirectional":false,"eventLog":[{"time":1702311091089,"type":"create connection"}]},{"id":"364ff894-4192-4868-aee0-82a4e67c2673","source":"5829ea63-3aa1-4c62-b7ff-4cda12d3dc4c","target":"2a2c9b2b-f8d4-4db4-bb4c-b42645ec8ce5","agreement":true,"isActive":true,"date":1702311113060,"kind":"Connector","isSelected":false,"intensity":3,"isDeletable":true,"isOver":false,"isBidirectional":false,"eventLog":[{"time":1702311113060,"type":"create connection"}]},{"id":"39c81ed5-6a35-4db4-b547-f02beea0c2c2","source":"1d50297e-495d-4a6c-b92d-3935c2164d8f","target":"97766ddd-ee2e-4ee6-a32f-39bd66e8d4bb","agreement":true,"isActive":true,"date":1702311164538,"kind":"Connector","isSelected":false,"intensity":3,"isDeletable":true,"isOver":false,"isBidirectional":false,"eventLog":[{"time":1702311164538,"type":"create connection"}]},{"id":"fc49f09a-a141-4a76-bd8e-9424b6115cee","source":"e5193a79-0f52-4248-86a1-4fba7a811cf3","target":"97766ddd-ee2e-4ee6-a32f-39bd66e8d4bb","agreement":true,"isActive":true,"date":1702311184642,"kind":"Connector","isSelected":false,"intensity":9,"isDeletable":true,"isOver":false,"isBidirectional":false,"eventLog":[{"time":1702311184642,"type":"create connection"},{"time":1702311185896,"type":"selected","value":1},{"time":1702311189644,"type":"change intensity of connector","value":9},{"time":1702311189644,"type":"selected","value":0}]}],"currentID":["fc49f09a-a141-4a76-bd8e-9424b6115cee"],"currentNode":{},"hasSelectedNode":[false],"currentConnector":{"id":["fc49f09a-a141-4a76-bd8e-9424b6115cee"],"value":{},"source":["e5193a79-0f52-4248-86a1-4fba7a811cf3"],"target":["97766ddd-ee2e-4ee6-a32f-39bd66e8d4bb"],"agreement":[true],"isActive":[true],"date":[1702311184642],"kind":["Connector"],"isSelected":[false],"intensity":[9],"isDeletable":[true],"isOver":[false],"isBidirectional":[false],"eventLog":[{"time":1702311184642,"type":"create connection"},{"time":1702311185896,"type":"selected","value":1},{"time":1702311189644,"type":"change intensity of connector","value":9},{"time":1702311189644,"type":"selected","value":0}]},"hasSelectedConnector":[true],"readyToMove":[false],"isIncoming":[false],"hasElementMoved":[false]}
