{"idCAM":["5e068e94-2f0f-40b2-817b-f290c3adab08"],"creator":["5dea808cce8d8d19f5424b21_pre"],"projectCAM":["S2_CAM part 1"],"defocusCAM":["NA",70709],"date":[1702309947593],"nodes":[{"id":"cc2d9e4d-b7d1-4cd3-b35f-561f2c9d4d5f","value":10,"text":"social assistance robot","comment":"","position":{"x":650,"y":400},"isActive":true,"date":1702309948456,"kind":"Node","isSelected":false,"isConnectorSelected":false,"isDraggable":0,"isDeletable":0,"hasElementMoved":false,"eventLog":[{"time":1702309948456,"type":"create node","value":0},{"time":1702309983603,"type":"selected","value":1},{"time":1702309987319,"type":"value","value":10},{"time":1702309987319,"type":"selected","value":0}],"isTextChangeable":0},{"id":"28390a20-d780-460e-bb96-6b5b47817105","value":-3,"text":"disadvantages","comment":"","position":{"x":450,"y":400},"isActive":true,"date":1702309948456,"kind":"Node","isSelected":false,"isConnectorSelected":false,"isDraggable":0,"isDeletable":0,"hasElementMoved":false,"eventLog":[{"time":1702309948456,"type":"create node","value":0},{"time":1702309995392,"type":"selected","value":1},{"time":1702310000197,"type":"value","value":-3},{"time":1702310000197,"type":"selected","value":0}],"isTextChangeable":0},{"id":"71b62d95-0fbf-45b0-b51f-1d6ec5c140d7","value":2,"text":"advantages","comment":"","position":{"x":850,"y":400},"isActive":true,"date":1702309948456,"kind":"Node","isSelected":false,"isConnectorSelected":false,"isDraggable":0,"isDeletable":0,"hasElementMoved":false,"eventLog":[{"time":1702309948456,"type":"create node","value":0},{"time":1702309988237,"type":"selected","value":1},{"time":1702309988649,"type":"selected","value":0},{"time":1702309989661,"type":"selected","value":1},{"time":1702309995317,"type":"value","value":2},{"time":1702309995317,"type":"selected","value":0}],"isTextChangeable":0},{"id":"aa231861-2b1b-460e-97a0-0205e93b7a29","value":1,"text":"labor market","comment":"","position":{"x":983,"y":207},"isActive":true,"date":1702310001291,"kind":"Node","isSelected":false,"isConnectorSelected":true,"isDraggable":1,"isDeletable":1,"hasElementMoved":false,"eventLog":[{"time":1702310001291,"type":"create node","value":"0"},{"time":1702310001361,"type":"selected","value":"TRUE"},{"time":1702310030428,"type":"text","value":"Arbeitsmarkt"},{"time":1702310030428,"type":"value","value":"1"},{"time":1702310030428,"type":"selected","value":"FALSE"}],"isTextChangeable":1},{"id":"567c33d0-a929-4994-ad0b-e5c07a0048d3","value":3,"text":"robots fill gaps","comment":"","position":{"x":1143,"y":119},"isActive":true,"date":1702310038886,"kind":"Node","isSelected":false,"isConnectorSelected":false,"isDraggable":1,"isDeletable":1,"hasElementMoved":false,"eventLog":[{"time":1702310038886,"type":"create node","value":"0"},{"time":1702310041056,"type":"selected","value":"TRUE"},{"time":1702310058921,"type":"text","value":"Roboter füllen Leerstellen"},{"time":1702310058921,"type":"value","value":"3"},{"time":1702310058921,"type":"selected","value":"FALSE"}],"isTextChangeable":1},{"id":"dcef2529-28fe-4c08-a4fd-d2520eff3d32","value":-3,"text":"no human reference","comment":"","position":{"x":319,"y":258},"isActive":true,"date":1702310082057,"kind":"Node","isSelected":false,"isConnectorSelected":false,"isDraggable":1,"isDeletable":1,"hasElementMoved":false,"eventLog":[{"time":1702310082057,"type":"create node","value":"0"},{"time":1702310083670,"type":"selected","value":"TRUE"},{"time":1702310084080,"type":"selected","value":"FALSE"},{"time":1702310085187,"type":"selected","value":"TRUE"},{"time":1702310096871,"type":"text","value":"Kein menschlicher Bezug"},{"time":1702310096871,"type":"value","value":"-3"},{"time":1702310096871,"type":"selected","value":"FALSE"}],"isTextChangeable":1},{"id":"59c25c7e-7a50-4ac2-a763-3d8a881b71b0","value":1,"text":"functions of robots","comment":"","position":{"x":1048,"y":417},"isActive":true,"date":1702310196957,"kind":"Node","isSelected":false,"isConnectorSelected":false,"isDraggable":1,"isDeletable":1,"hasElementMoved":false,"eventLog":[{"time":1702310196957,"type":"create node","value":"0"},{"time":1702310197017,"type":"selected","value":"TRUE"},{"time":1702310209404,"type":"text","value":"Effizienter als Menschen"},{"time":1702310209404,"type":"value","value":"1"},{"time":1702310209404,"type":"selected","value":"FALSE"},{"time":1702310410592,"type":"selected","value":"TRUE"},{"time":1702310439901,"type":"text","value":"Funktionen von Robotern"},{"time":1702310439901,"type":"selected","value":"FALSE"}],"isTextChangeable":1},{"id":"d00a8ff4-ba5e-4f65-9c30-7b23867d91f7","value":-2,"text":"ethical problems","comment":"","position":{"x":255,"y":421},"isActive":true,"date":1702310219939,"kind":"Node","isSelected":false,"isConnectorSelected":false,"isDraggable":1,"isDeletable":1,"hasElementMoved":false,"eventLog":[{"time":1702310219939,"type":"create node","value":"0"},{"time":1702310220033,"type":"selected","value":"TRUE"},{"time":1702310233204,"type":"text","value":"Ethische Probleme"},{"time":1702310233204,"type":"value","value":"-2"},{"time":1702310233204,"type":"selected","value":"FALSE"}],"isTextChangeable":1},{"id":"a78ba6dc-8b7b-4a55-a427-0827870764eb","value":0,"text":"","comment":"","position":{"x":385,"y":525},"isActive":false,"date":1702310236885,"kind":"Node","isSelected":false,"isConnectorSelected":false,"isDraggable":1,"isDeletable":1,"hasElementMoved":false,"eventLog":[{"time":1702310236885,"type":"create node","value":0},{"time":1702310308819,"type":"node was deleted","value":-77}],"isTextChangeable":1},{"id":"b588e0a2-6a7b-4f90-b0a5-5f24dfcd0b92","value":-3,"text":"Keine Zwischenmenschliche Iteraktionen","comment":"","position":{"x":446,"y":178},"isActive":false,"date":1702310249513,"kind":"Node","isSelected":false,"isConnectorSelected":false,"isDraggable":1,"isDeletable":1,"hasElementMoved":false,"eventLog":[{"time":1702310249513,"type":"create node","value":0},{"time":1702310251127,"type":"selected","value":1},{"time":1702310267874,"type":"node was deleted","value":-77}],"isTextChangeable":1},{"id":"72aa5c73-722c-46cb-b8fe-23831aa03874","value":-3,"text":"technical problems","comment":"","position":{"x":420,"y":162},"isActive":true,"date":1702310270914,"kind":"Node","isSelected":false,"isConnectorSelected":false,"isDraggable":1,"isDeletable":1,"hasElementMoved":false,"eventLog":[{"time":1702310270914,"type":"create node","value":"0"},{"time":1702310270994,"type":"selected","value":"TRUE"},{"time":1702310299731,"type":"text","value":"Technische Probleme"},{"time":1702310299731,"type":"value","value":"-3"},{"time":1702310299731,"type":"selected","value":"FALSE"}],"isTextChangeable":1},{"id":"40a91278-07f5-47d9-8831-ab7a3ad18ca9","value":0,"text":"","comment":"","position":{"x":505,"y":261},"isActive":false,"date":1702310301611,"kind":"Node","isSelected":false,"isConnectorSelected":false,"isDraggable":1,"isDeletable":1,"hasElementMoved":false,"eventLog":[{"time":1702310301611,"type":"create node","value":0},{"time":1702310303245,"type":"selected","value":1},{"time":1702310303652,"type":"selected","value":0},{"time":1702310306347,"type":"node was deleted","value":-77}],"isTextChangeable":1},{"id":"0c288b73-00ed-4869-8123-26385414fa8b","value":1,"text":"cheaper than people","comment":"","position":{"x":1074,"y":295},"isActive":true,"date":1702310318040,"kind":"Node","isSelected":false,"isConnectorSelected":false,"isDraggable":1,"isDeletable":1,"hasElementMoved":false,"eventLog":[{"time":1702310318040,"type":"create node","value":"0"},{"time":1702310318128,"type":"selected","value":"TRUE"},{"time":1702310328211,"type":"text","value":"Günstiger als Menschen"},{"time":1702310328211,"type":"value","value":"1"},{"time":1702310328211,"type":"selected","value":"FALSE"}],"isTextChangeable":1},{"id":"727c3a7a-68f9-41c1-b088-203e5e0bb488","value":1,"text":"24/7 availability","comment":"","position":{"x":966,"y":522},"isActive":true,"date":1702310341498,"kind":"Node","isSelected":false,"isConnectorSelected":false,"isDraggable":1,"isDeletable":1,"hasElementMoved":false,"eventLog":[{"time":1702310341498,"type":"create node","value":"0"},{"time":1702310341623,"type":"selected","value":"TRUE"},{"time":1702310352785,"type":"text","value":"24/7 Verfügbarkeit"},{"time":1702310352785,"type":"value","value":"1"},{"time":1702310352785,"type":"selected","value":"FALSE"}],"isTextChangeable":1},{"id":"f4b7e84a-3e03-463f-a612-ea7bef5c0bc7","value":1,"text":"repetitive tasks","comment":"","position":{"x":1175,"y":369},"isActive":true,"date":1702310445343,"kind":"Node","isSelected":false,"isConnectorSelected":false,"isDraggable":1,"isDeletable":1,"hasElementMoved":false,"eventLog":[{"time":1702310445343,"type":"create node","value":"0"},{"time":1702310445408,"type":"selected","value":"TRUE"},{"time":1702310477380,"type":"text","value":"Repetitiven Aufgaben"},{"time":1702310477380,"type":"selected","value":"FALSE"},{"time":1702310478618,"type":"selected","value":"TRUE"},{"time":1702310480810,"type":"value","value":"1"},{"time":1702310480810,"type":"selected","value":"FALSE"}],"isTextChangeable":1},{"id":"d30c521b-a9b8-4918-9a9f-d61456e29dec","value":1,"text":"monitoring of vital signs","comment":"","position":{"x":921,"y":630},"isActive":true,"date":1702310494558,"kind":"Node","isSelected":false,"isConnectorSelected":false,"isDraggable":1,"isDeletable":1,"hasElementMoved":false,"eventLog":[{"time":1702310494558,"type":"create node","value":"0"},{"time":1702310494618,"type":"selected","value":"TRUE"},{"time":1702310510174,"type":"text","value":"Überwachung von Vitalzeichen"},{"time":1702310510174,"type":"value","value":"1"},{"time":1702310510174,"type":"selected","value":"FALSE"}],"isTextChangeable":1},{"id":"6b97e61e-c3a6-4d30-9f7c-a14009625eac","value":3,"text":"physically strenuous work","comment":"","position":{"x":1158,"y":481},"isActive":true,"date":1702310522357,"kind":"Node","isSelected":false,"isConnectorSelected":false,"isDraggable":1,"isDeletable":1,"hasElementMoved":false,"eventLog":[{"time":1702310522357,"type":"create node","value":"0"},{"time":1702310523466,"type":"selected","value":"TRUE"},{"time":1702310535223,"type":"text","value":"Körperlich belastende Arbeiten"},{"time":1702310535223,"type":"value","value":"3"},{"time":1702310535223,"type":"selected","value":"FALSE"}],"isTextChangeable":1},{"id":"56d7232c-1d84-41c2-b15c-0945a4ee71cc","value":-1,"text":"no empathy","comment":"","position":{"x":184,"y":203},"isActive":true,"date":1702310550771,"kind":"Node","isSelected":false,"isConnectorSelected":false,"isDraggable":1,"isDeletable":1,"hasElementMoved":false,"eventLog":[{"time":1702310550771,"type":"create node","value":"0"},{"time":1702310550858,"type":"selected","value":"TRUE"},{"time":1702310561696,"type":"text","value":"Keine Empathie"},{"time":1702310561696,"type":"value","value":"-1"},{"time":1702310561696,"type":"selected","value":"FALSE"}],"isTextChangeable":1},{"id":"0d1eea9b-b407-4868-8380-fddab138e16b","value":-1,"text":"possible privacy issues","comment":"","position":{"x":523,"y":77},"isActive":true,"date":1702310572653,"kind":"Node","isSelected":false,"isConnectorSelected":false,"isDraggable":1,"isDeletable":1,"hasElementMoved":false,"eventLog":[{"time":1702310572653,"type":"create node","value":"0"},{"time":1702310572721,"type":"selected","value":"TRUE"},{"time":1702310584335,"type":"text","value":"mögliche Datenschutz Probleme"},{"time":1702310584335,"type":"value","value":"-1"},{"time":1702310584335,"type":"selected","value":"FALSE"}],"isTextChangeable":1},{"id":"254f581a-1354-4e97-9274-03669ac82304","value":-1,"text":"dependence on robots","comment":"","position":{"x":451,"y":548},"isActive":true,"date":1702310614546,"kind":"Node","isSelected":false,"isConnectorSelected":false,"isDraggable":1,"isDeletable":1,"hasElementMoved":false,"eventLog":[{"time":1702310614546,"type":"create node","value":"0"},{"time":1702310614624,"type":"selected","value":"TRUE"},{"time":1702310632624,"type":"text","value":"Abhängigkeit von Robotern"},{"time":1702310632624,"type":"value","value":"-1"},{"time":1702310632624,"type":"selected","value":"FALSE"}],"isTextChangeable":1},{"id":"2c27f3b5-536b-4393-8c42-0fec5d8172ea","value":10,"text":"future inevitable","comment":"","position":{"x":643,"y":261},"isActive":true,"date":1702310651070,"kind":"Node","isSelected":false,"isConnectorSelected":false,"isDraggable":1,"isDeletable":1,"hasElementMoved":false,"eventLog":[{"time":1702310651070,"type":"create node","value":"0"},{"time":1702310651158,"type":"selected","value":"TRUE"},{"time":1702310685870,"type":"text","value":"zukünftig unausweichlich"},{"time":1702310685870,"type":"value","value":"10"},{"time":1702310685870,"type":"selected","value":"FALSE"}],"isTextChangeable":1},{"id":"a0614890-6e3b-469f-a5b3-031e7cf003c8","value":-1,"text":"unfilled positions","comment":"","position":{"x":770,"y":148},"isActive":true,"date":1702310729154,"kind":"Node","isSelected":false,"isConnectorSelected":true,"isDraggable":1,"isDeletable":1,"hasElementMoved":false,"eventLog":[{"time":1702310729154,"type":"create node","value":"0"},{"time":1702310729229,"type":"selected","value":"TRUE"},{"time":1702310738470,"type":"text","value":"unbesetzte Stellen"},{"time":1702310738470,"type":"value","value":"-1"},{"time":1702310738470,"type":"selected","value":"FALSE"}],"isTextChangeable":1}],"connectors":[{"id":"9ccac81e-0dda-484c-b464-a66c75e904a6","source":"cc2d9e4d-b7d1-4cd3-b35f-561f2c9d4d5f","target":"28390a20-d780-460e-bb96-6b5b47817105","agreement":true,"isActive":true,"date":1702309948456,"kind":"Connector","isSelected":false,"intensity":3,"isDeletable":false,"isOver":false,"isBidirectional":false,"eventLog":[{"time":1702309948456,"type":"create connection"}]},{"id":"6412f398-bf3e-4914-aeaa-34c604ddf936","source":"cc2d9e4d-b7d1-4cd3-b35f-561f2c9d4d5f","target":"71b62d95-0fbf-45b0-b51f-1d6ec5c140d7","agreement":true,"isActive":true,"date":1702309948456,"kind":"Connector","isSelected":false,"intensity":3,"isDeletable":true,"isOver":false,"isBidirectional":false,"eventLog":[{"time":1702309948456,"type":"create connection"}]},{"id":"76994477-786d-4ea8-82da-b19015fa045c","source":"aa231861-2b1b-460e-97a0-0205e93b7a29","target":"71b62d95-0fbf-45b0-b51f-1d6ec5c140d7","agreement":true,"isActive":true,"date":1702310031590,"kind":"Connector","isSelected":false,"intensity":6,"isDeletable":true,"isOver":false,"isBidirectional":false,"eventLog":[{"time":1702310031590,"type":"create connection"},{"time":1702310033293,"type":"selected","value":1},{"time":1702310036349,"type":"change intensity of connector","value":6},{"time":1702310036349,"type":"selected","value":0}]},{"id":"04e96202-d314-4d53-8ff7-1ef4f02a24f4","source":"567c33d0-a929-4994-ad0b-e5c07a0048d3","target":"aa231861-2b1b-460e-97a0-0205e93b7a29","agreement":true,"isActive":true,"date":1702310061100,"kind":"Connector","isSelected":false,"intensity":9,"isDeletable":true,"isOver":false,"isBidirectional":false,"eventLog":[{"time":1702310061100,"type":"create connection"},{"time":1702310063251,"type":"selected","value":1},{"time":1702310067176,"type":"change intensity of connector","value":9},{"time":1702310067176,"type":"selected","value":0}]},{"id":"af0f6c8c-4b12-4f86-8ec5-e4cf6e8a8a28","source":"dcef2529-28fe-4c08-a4fd-d2520eff3d32","target":"28390a20-d780-460e-bb96-6b5b47817105","agreement":true,"isActive":true,"date":1702310098146,"kind":"Connector","isSelected":false,"intensity":3,"isDeletable":true,"isOver":false,"isBidirectional":false,"eventLog":[{"time":1702310098146,"type":"create connection"}]},{"id":"f80472e5-e874-491d-8d73-85c72f1efdd8","source":"59c25c7e-7a50-4ac2-a763-3d8a881b71b0","target":"71b62d95-0fbf-45b0-b51f-1d6ec5c140d7","agreement":true,"isActive":true,"date":1702310210499,"kind":"Connector","isSelected":false,"intensity":3,"isDeletable":true,"isOver":false,"isBidirectional":false,"eventLog":[{"time":1702310210499,"type":"create connection"}]},{"id":"9e751e46-2175-47d4-a465-7182ac1d7fe0","source":"d00a8ff4-ba5e-4f65-9c30-7b23867d91f7","target":"28390a20-d780-460e-bb96-6b5b47817105","agreement":true,"isActive":true,"date":1702310234576,"kind":"Connector","isSelected":false,"intensity":3,"isDeletable":true,"isOver":false,"isBidirectional":false,"eventLog":[{"time":1702310234576,"type":"create connection"}]},{"id":"17ac6ed8-0cad-4ab3-b74b-68692c739f78","source":"d00a8ff4-ba5e-4f65-9c30-7b23867d91f7","target":"dcef2529-28fe-4c08-a4fd-d2520eff3d32","agreement":true,"isActive":true,"date":1702310236135,"kind":"Connector","isSelected":false,"intensity":3,"isDeletable":true,"isOver":false,"isBidirectional":false,"eventLog":[{"time":1702310236135,"type":"create connection"}]},{"id":"e929a2e3-b85c-484a-9dff-10cb743e273e","source":"72aa5c73-722c-46cb-b8fe-23831aa03874","target":"28390a20-d780-460e-bb96-6b5b47817105","agreement":true,"isActive":true,"date":1702310300888,"kind":"Connector","isSelected":false,"intensity":3,"isDeletable":true,"isOver":false,"isBidirectional":false,"eventLog":[{"time":1702310300888,"type":"create connection"}]},{"id":"1dc915b5-1568-4d09-8a58-7ee530b81370","source":"0c288b73-00ed-4869-8123-26385414fa8b","target":"aa231861-2b1b-460e-97a0-0205e93b7a29","agreement":true,"isActive":true,"date":1702310329430,"kind":"Connector","isSelected":false,"intensity":3,"isDeletable":true,"isOver":false,"isBidirectional":false,"eventLog":[{"time":1702310329430,"type":"create connection"}]},{"id":"b185da66-2126-433b-913b-545dfe2ed8b9","source":"727c3a7a-68f9-41c1-b088-203e5e0bb488","target":"71b62d95-0fbf-45b0-b51f-1d6ec5c140d7","agreement":true,"isActive":true,"date":1702310353958,"kind":"Connector","isSelected":false,"intensity":9,"isDeletable":true,"isOver":false,"isBidirectional":false,"eventLog":[{"time":1702310353958,"type":"create connection"},{"time":1702310355575,"type":"selected","value":1},{"time":1702310357813,"type":"change intensity of connector","value":9},{"time":1702310357813,"type":"selected","value":0}]},{"id":"2feae163-f9ad-4921-b6f2-573767daf1db","source":"f4b7e84a-3e03-463f-a612-ea7bef5c0bc7","target":"59c25c7e-7a50-4ac2-a763-3d8a881b71b0","agreement":true,"isActive":true,"date":1702310481667,"kind":"Connector","isSelected":false,"intensity":3,"isDeletable":true,"isOver":false,"isBidirectional":false,"eventLog":[{"time":1702310481667,"type":"create connection"}]},{"id":"0d5bc604-19c9-4cdd-a4f4-13d74c835372","source":"d30c521b-a9b8-4918-9a9f-d61456e29dec","target":"727c3a7a-68f9-41c1-b088-203e5e0bb488","agreement":true,"isActive":true,"date":1702310511351,"kind":"Connector","isSelected":false,"intensity":6,"isDeletable":true,"isOver":false,"isBidirectional":false,"eventLog":[{"time":1702310511351,"type":"create connection"},{"time":1702310512848,"type":"selected","value":1},{"time":1702310515230,"type":"change intensity of connector","value":6},{"time":1702310515230,"type":"selected","value":0}]},{"id":"c1f47cf5-5d2a-4b06-aec9-edea2e5e8597","source":"6b97e61e-c3a6-4d30-9f7c-a14009625eac","target":"59c25c7e-7a50-4ac2-a763-3d8a881b71b0","agreement":true,"isActive":true,"date":1702310536627,"kind":"Connector","isSelected":false,"intensity":3,"isDeletable":true,"isOver":false,"isBidirectional":false,"eventLog":[{"time":1702310536627,"type":"create connection"}]},{"id":"1f00e15a-c774-4e54-9b58-69c38e935136","source":"56d7232c-1d84-41c2-b15c-0945a4ee71cc","target":"dcef2529-28fe-4c08-a4fd-d2520eff3d32","agreement":true,"isActive":true,"date":1702310562780,"kind":"Connector","isSelected":false,"intensity":3,"isDeletable":true,"isOver":false,"isBidirectional":false,"eventLog":[{"time":1702310562780,"type":"create connection"}]},{"id":"7f0c7a2e-7664-4000-9c47-779aa0f2f208","source":"72aa5c73-722c-46cb-b8fe-23831aa03874","target":"0d1eea9b-b407-4868-8380-fddab138e16b","agreement":true,"isActive":true,"date":1702310586211,"kind":"Connector","isSelected":false,"intensity":3,"isDeletable":true,"isOver":false,"isBidirectional":false,"eventLog":[{"time":1702310586211,"type":"create connection"}]},{"id":"5dcae255-e1df-4bed-8558-31cd7e06c64c","source":"254f581a-1354-4e97-9274-03669ac82304","target":"28390a20-d780-460e-bb96-6b5b47817105","agreement":true,"isActive":true,"date":1702310633606,"kind":"Connector","isSelected":false,"intensity":3,"isDeletable":true,"isOver":false,"isBidirectional":false,"eventLog":[{"time":1702310633606,"type":"create connection"}]},{"id":"1bc70b3f-c3e3-426a-854e-5af0e15fee2d","source":"2c27f3b5-536b-4393-8c42-0fec5d8172ea","target":"cc2d9e4d-b7d1-4cd3-b35f-561f2c9d4d5f","agreement":true,"isActive":true,"date":1702310687427,"kind":"Connector","isSelected":false,"intensity":3,"isDeletable":true,"isOver":false,"isBidirectional":false,"eventLog":[{"time":1702310687427,"type":"create connection"}]},{"id":"71be628b-505d-43a4-8de1-54542e7c520c","source":"a0614890-6e3b-469f-a5b3-031e7cf003c8","target":"2c27f3b5-536b-4393-8c42-0fec5d8172ea","agreement":true,"isActive":true,"date":1702310739613,"kind":"Connector","isSelected":false,"intensity":3,"isDeletable":true,"isOver":false,"isBidirectional":false,"eventLog":[{"time":1702310739613,"type":"create connection"}]},{"id":"91c38a50-a27a-485d-9bc8-01b79ce66d93","source":"a0614890-6e3b-469f-a5b3-031e7cf003c8","target":"aa231861-2b1b-460e-97a0-0205e93b7a29","agreement":false,"isActive":true,"date":1702310744183,"kind":"Connector","isSelected":false,"intensity":3,"isDeletable":true,"isOver":false,"isBidirectional":false,"eventLog":[{"time":1702310744183,"type":"create connection"},{"time":1702310755457,"type":"selected","value":1},{"time":1702310757964,"type":"change intensity of connector","value":-3},{"time":1702310757964,"type":"selected","value":0}]}],"currentID":["91c38a50-a27a-485d-9bc8-01b79ce66d93"],"currentNode":{},"hasSelectedNode":[false],"currentConnector":{"id":["91c38a50-a27a-485d-9bc8-01b79ce66d93"],"value":{},"source":["a0614890-6e3b-469f-a5b3-031e7cf003c8"],"target":["aa231861-2b1b-460e-97a0-0205e93b7a29"],"agreement":[false],"isActive":[true],"date":[1702310744183],"kind":["Connector"],"isSelected":[false],"intensity":[3],"isDeletable":[true],"isOver":[false],"isBidirectional":[false],"eventLog":[{"time":1702310744183,"type":"create connection"},{"time":1702310755457,"type":"selected","value":1},{"time":1702310757964,"type":"change intensity of connector","value":-3},{"time":1702310757964,"type":"selected","value":0}]},"hasSelectedConnector":[true],"readyToMove":[false],"isIncoming":[false],"hasElementMoved":[false]}
