{"idCAM":["30435398-0a6f-4a21-a583-06a99ec8cca7"],"creator":["5debfbcc3a11682f0fae8b29_pre"],"projectCAM":["S2_CAM part 1"],"defocusCAM":[],"date":[1702313926649],"nodes":[{"id":"d3a7b80c-5c3d-4f73-aadd-bee4c771ef16","value":0,"text":"Vorteile","comment":"","position":{"x":442.4,"y":345.6},"isActive":true,"date":1702313951353,"kind":"Node","isSelected":false,"isConnectorSelected":false,"isDraggable":1,"isDeletable":1,"hasElementMoved":false,"eventLog":[{"time":"1702313951353","type":"create node","value":[0]},{"time":"1702313951407","type":"selected","value":[true]},{"time":"1702313959588","type":"selected","value":[false]},{"time":"2023-12-11T16:59:34.165Z","type":"position","value":{"x":[555.4],"y":[364.6]}},{"time":"2023-12-11T16:59:51.498Z","type":"position","value":{"x":[470.4],"y":[355.6]}},{"time":"1702314005222","type":"selected","value":[true]},{"time":"1702314012027","type":"text","value":["Vorteile"]},{"time":"1702314012027","type":"selected","value":[false]}],"isTextChangeable":1},{"id":"0fbd6255-2b7a-4605-aa78-f25a9531165f","value":2,"text":"Soziale Assistenzroboter","comment":"","position":{"x":646.4,"y":344.6},"isActive":true,"date":1702313968285,"kind":"Node","isSelected":false,"isConnectorSelected":false,"isDraggable":1,"isDeletable":1,"hasElementMoved":false,"eventLog":[{"time":"1702313968285","type":"create node","value":[0]},{"time":"2023-12-11T16:59:33.062Z","type":"position","value":{"x":[591.4],"y":[323.6]}},{"time":"2023-12-11T16:59:35.686Z","type":"position","value":{"x":[694.4],"y":[362.6]}},{"time":"2023-12-11T17:00:13.938Z","type":"position","value":{"x":[638.4],"y":[342.6]}},{"time":"2023-12-11T17:00:15.272Z","type":"position","value":{"x":[648.4],"y":[355.6]}},{"time":"2023-12-11T17:00:31.735Z","type":"position","value":{"x":[674.4],"y":[360.6]}},{"time":"1702314088017","type":"selected","value":[true]},{"time":"1702314122181","type":"selected","value":[false]},{"time":"2023-12-11T17:02:39.070Z","type":"position","value":{"x":[644.4],"y":[358.6]}},{"time":"2023-12-11T17:02:39.807Z","type":"position","value":{"x":[655.4],"y":[344.6]}},{"time":"1702314160514","type":"selected","value":[true]},{"time":"1702314160920","type":"selected","value":[false]},{"time":"1702314161892","type":"selected","value":[true]},{"time":"1702314181525","type":"text","value":["Soziale Assistenzroboter"]},{"time":"1702314181525","type":"value","value":[2]},{"time":"1702314181525","type":"selected","value":[false]}],"isTextChangeable":1},{"id":"ff3c5ad2-684d-4540-bb70-d8e718e8d48c","value":0,"text":"Nachteile","comment":"","position":{"x":851.4,"y":353.6},"isActive":true,"date":1702313970187,"kind":"Node","isSelected":false,"isConnectorSelected":false,"isDraggable":1,"isDeletable":1,"hasElementMoved":false,"eventLog":[{"time":"1702313970187","type":"create node","value":[0]},{"time":"2023-12-11T16:59:31.939Z","type":"position","value":{"x":[730.4],"y":[319.6]}},{"time":"2023-12-11T16:59:44.251Z","type":"position","value":{"x":[853.4],"y":[352.6]}},{"time":"1702314039126","type":"selected","value":[true]},{"time":"1702314084625","type":"text","value":["Nachteile"]},{"time":"1702314084625","type":"selected","value":[false]},{"time":"2023-12-11T17:05:06.817Z","type":"position","value":{"x":[884.4],"y":[328.6]}}],"isTextChangeable":1},{"id":"a01410a8-0a47-40cc-85dc-43f1d2eb7fb2","value":0,"text":"","comment":"","position":{"x":813.4,"y":414.6},"isActive":false,"date":1702313978262,"kind":"Node","isSelected":false,"isConnectorSelected":false,"isDraggable":1,"isDeletable":1,"hasElementMoved":false,"eventLog":[{"time":1702313978262,"type":"create node","value":0},{"time":1702313982045,"type":"node was deleted","value":-77}],"isTextChangeable":1},{"id":"6972f7c4-44da-4762-b336-39d751120e72","value":-1,"text":"Potentieller Arbeitsplätzeverlust","comment":"","position":{"x":970.4,"y":205.6},"isActive":true,"date":1702314185278,"kind":"Node","isSelected":false,"isConnectorSelected":false,"isDraggable":1,"isDeletable":1,"hasElementMoved":false,"eventLog":[{"time":"1702314185278","type":"create node","value":[0]},{"time":"1702314185365","type":"selected","value":[true]},{"time":"1702314207787","type":"text","value":["Potentieller Arbeitsplätzeverlust"]},{"time":"1702314207787","type":"selected","value":[false]},{"time":"2023-12-11T17:03:29.145Z","type":"position","value":{"x":[965.4],"y":[189.6]}},{"time":"1702314213235","type":"selected","value":[true]},{"time":"1702314215431","type":"value","value":[-1]},{"time":"1702314215431","type":"selected","value":[false]}],"isTextChangeable":1},{"id":"79c5dc58-0637-40c8-b4f6-16e5777b359c","value":10,"text":"Eher ein Systemproblem","comment":"Es ist nicht unbedingt ein Negativ wenn Roboter in vielen Feldern die Notwendigkeit von menschlicher Arbeit reduzieren","position":{"x":954.4,"y":112.6},"isActive":true,"date":1702314217580,"kind":"Node","isSelected":false,"isConnectorSelected":false,"isDraggable":1,"isDeletable":1,"hasElementMoved":false,"eventLog":[{"time":"1702314217580","type":"create node","value":[0]},{"time":"1702314217713","type":"selected","value":[true]},{"time":"1702314303290","type":"text","value":["Eher ein Systemproblem"]},{"time":"1702314303290","type":"value","value":[10]},{"time":"1702314303290","type":"comment","value":["Es ist nicht unbedingt ein Negativ wenn Roboter in vielen Feldern die Notwendigkeit von menschlicher Arbeit reduzieren"]},{"time":"1702314303290","type":"selected","value":[false]},{"time":"2023-12-11T17:05:09.895Z","type":"position","value":{"x":[964.4],"y":[111.6]}}],"isTextChangeable":1},{"id":"41e4dd4a-8205-4a4b-a6f2-63e56a438e8b","value":2,"text":"Entlastet menschliche Arbeiter","comment":"","position":{"x":374.4,"y":151.6},"isActive":true,"date":1702314316478,"kind":"Node","isSelected":false,"isConnectorSelected":false,"isDraggable":1,"isDeletable":1,"hasElementMoved":false,"eventLog":[{"time":1702314316478,"type":"create node","value":"0"},{"time":1702314319770,"type":"selected","value":"TRUE"},{"time":1702314335879,"type":"text","value":"Entlastet menschliche Arbeiter"},{"time":1702314335879,"type":"value","value":"2"},{"time":1702314335879,"type":"selected","value":"FALSE"}],"isTextChangeable":1},{"id":"7aafb4de-045d-4822-a033-30861a4975e6","value":0,"text":"","comment":"","position":{"x":453.4,"y":325.6},"isActive":false,"date":1702314336606,"kind":"Node","isSelected":false,"isConnectorSelected":false,"isDraggable":1,"isDeletable":1,"hasElementMoved":false,"eventLog":[{"time":1702314336606,"type":"create node","value":0},{"time":1702314338974,"type":"node was deleted","value":-77}],"isTextChangeable":1},{"id":"154d2879-487d-4be8-ba62-1eb6e9dc2f14","value":1,"text":"Reduzierung von Einsamkeit","comment":"","position":{"x":449.4,"y":544.6},"isActive":true,"date":1702314401150,"kind":"Node","isSelected":false,"isConnectorSelected":false,"isDraggable":1,"isDeletable":1,"hasElementMoved":false,"eventLog":[{"time":1702314401150,"type":"create node","value":"0"},{"time":1702314401240,"type":"selected","value":"TRUE"},{"time":1702314410396,"type":"text","value":"Reduzierung von Einsamkeit"},{"time":1702314410396,"type":"value","value":"1"},{"time":1702314410396,"type":"selected","value":"FALSE"}],"isTextChangeable":1},{"id":"929bfa6d-3e23-4f36-819d-7f6a805adb11","value":-2,"text":"Ersatz für Interkation","comment":"Die Gefah das solche Roboter als Ersatz für menschliche Interaktion genutzt werden statt eine unterstüzende Rolle einzunehmen, gerade auch weil sie billiger seien könnten","position":{"x":834.4,"y":521.6},"isActive":true,"date":1702314417421,"kind":"Node","isSelected":false,"isConnectorSelected":false,"isDraggable":1,"isDeletable":1,"hasElementMoved":false,"eventLog":[{"time":1702314417421,"type":"create node","value":"0"},{"time":1702314418902,"type":"selected","value":"TRUE"},{"time":1702314419304,"type":"selected","value":"FALSE"},{"time":1702314420555,"type":"selected","value":"TRUE"},{"time":1702314518558,"type":"text","value":"Ersatz für Interkation"},{"time":1702314518558,"type":"value","value":"-2"},{"time":1702314518558,"type":"comment","value":"Die Gefah das solche Roboter als Ersatz für menschliche Interaktion genutzt werden statt eine unterstüzende Rolle einzunehmen, gerade auch weil sie billiger seien könnten"},{"time":1702314518558,"type":"selected","value":"FALSE"}],"isTextChangeable":1},{"id":"bf22f33b-79a8-40a6-8c0e-183425f33d9a","value":2,"text":"Unterstützung beim Lernen","comment":"Die immer verfügbar ist gerade bei repitiven Aufgaben.","position":{"x":261.4,"y":471.6},"isActive":true,"date":1702314554190,"kind":"Node","isSelected":false,"isConnectorSelected":false,"isDraggable":1,"isDeletable":1,"hasElementMoved":false,"eventLog":[{"time":"1702314554191","type":"create node","value":[0]},{"time":"2023-12-11T17:09:17.682Z","type":"position","value":{"x":[266.4],"y":[476.6]}},{"time":"1702314558517","type":"selected","value":[true]},{"time":"1702314588751","type":"text","value":["Unterstützung beim Lernen"]},{"time":"1702314588751","type":"value","value":[2]},{"time":"1702314588751","type":"comment","value":["Die immer verfügbar ist gerade bei repitiven Aufgaben."]},{"time":"1702314588751","type":"selected","value":[false]}],"isTextChangeable":1},{"id":"a9e41a1c-7c22-4f7a-acd4-adb656bcf8f9","value":3,"text":"Immer Verfügbar","comment":"Roboter sind fast immer einsatzbereit, das ist besonders hilfreich für Personen die eine rund um die Uhr Betreuung brauchen.","position":{"x":215.4,"y":272.6},"isActive":true,"date":1702314668537,"kind":"Node","isSelected":false,"isConnectorSelected":false,"isDraggable":1,"isDeletable":1,"hasElementMoved":false,"eventLog":[{"time":1702314668537,"type":"create node","value":"0"},{"time":1702314673504,"type":"selected","value":"TRUE"},{"time":1702314727312,"type":"text","value":"Immer Verfügbar"},{"time":1702314727312,"type":"value","value":"3"},{"time":1702314727312,"type":"comment","value":"Roboter sind fast immer einsatzbereit, das ist besonders hilfreich für Personen die eine rund um die Uhr Betreuung brauchen."},{"time":1702314727312,"type":"selected","value":"FALSE"}],"isTextChangeable":1},{"id":"e2c8ad8f-fb13-4fc8-8a37-80062f1bbc75","value":0,"text":"","comment":"","position":{"x":262.4,"y":280.6},"isActive":false,"date":1702314729117,"kind":"Node","isSelected":false,"isConnectorSelected":false,"isDraggable":1,"isDeletable":1,"hasElementMoved":false,"eventLog":[{"time":1702314729117,"type":"create node","value":0},{"time":1702314731305,"type":"node was deleted","value":-77}],"isTextChangeable":1}],"connectors":[{"id":"f9146a9f-e8df-4bd0-919c-980d3f4abb2c","source":"0fbd6255-2b7a-4605-aa78-f25a9531165f","target":"d3a7b80c-5c3d-4f73-aadd-bee4c771ef16","agreement":true,"isActive":true,"date":1702313987500,"kind":"Connector","isSelected":false,"intensity":3,"isDeletable":true,"isOver":false,"isBidirectional":false,"eventLog":[{"time":1702313987500,"type":"create connection"}]},{"id":"3ae905cd-be72-4ef7-80ca-62b98159754a","source":"ff3c5ad2-684d-4540-bb70-d8e718e8d48c","target":"0fbd6255-2b7a-4605-aa78-f25a9531165f","agreement":true,"isActive":true,"date":1702313989341,"kind":"Connector","isSelected":false,"intensity":3,"isDeletable":true,"isOver":false,"isBidirectional":false,"eventLog":[{"time":1702313989341,"type":"create connection"}]},{"id":"2c778c37-e98d-4e26-b1f1-e0e0f45e88a8","source":"ff3c5ad2-684d-4540-bb70-d8e718e8d48c","target":"6972f7c4-44da-4762-b336-39d751120e72","agreement":true,"isActive":true,"date":1702314308814,"kind":"Connector","isSelected":false,"intensity":3,"isDeletable":true,"isOver":false,"isBidirectional":false,"eventLog":[{"time":1702314308814,"type":"create connection"}]},{"id":"57d04857-f714-477a-88e5-df003b7c14a9","source":"79c5dc58-0637-40c8-b4f6-16e5777b359c","target":"6972f7c4-44da-4762-b336-39d751120e72","agreement":true,"isActive":true,"date":1702314312134,"kind":"Connector","isSelected":false,"intensity":3,"isDeletable":true,"isOver":false,"isBidirectional":false,"eventLog":[{"time":1702314312134,"type":"create connection"}]},{"id":"eb01cfe5-2938-4db4-917a-fe94931e494c","source":"d3a7b80c-5c3d-4f73-aadd-bee4c771ef16","target":"41e4dd4a-8205-4a4b-a6f2-63e56a438e8b","agreement":true,"isActive":true,"date":1702314341379,"kind":"Connector","isSelected":false,"intensity":3,"isDeletable":true,"isOver":false,"isBidirectional":false,"eventLog":[{"time":1702314341379,"type":"create connection"}]},{"id":"088e0655-5df6-46a0-9d5f-b76c83a37213","source":"41e4dd4a-8205-4a4b-a6f2-63e56a438e8b","target":"79c5dc58-0637-40c8-b4f6-16e5777b359c","agreement":true,"isActive":true,"date":1702314346080,"kind":"Connector","isSelected":false,"intensity":3,"isDeletable":true,"isOver":false,"isBidirectional":false,"eventLog":[{"time":1702314346080,"type":"create connection"}]},{"id":"31f249c4-8502-4e1c-bd1a-84d9cb386d4a","source":"41e4dd4a-8205-4a4b-a6f2-63e56a438e8b","target":"6972f7c4-44da-4762-b336-39d751120e72","agreement":false,"isActive":true,"date":1702314347786,"kind":"Connector","isSelected":false,"intensity":3,"isDeletable":true,"isOver":false,"isBidirectional":false,"eventLog":[{"time":1702314347786,"type":"create connection"},{"time":1702314353672,"type":"selected","value":1},{"time":1702314362120,"type":"change intensity of connector","value":-3},{"time":1702314362120,"type":"selected","value":0}]},{"id":"b6286892-5d06-4c9f-bcce-fca0ca376a86","source":"d3a7b80c-5c3d-4f73-aadd-bee4c771ef16","target":"154d2879-487d-4be8-ba62-1eb6e9dc2f14","agreement":true,"isActive":true,"date":1702314411782,"kind":"Connector","isSelected":false,"intensity":3,"isDeletable":true,"isOver":false,"isBidirectional":false,"eventLog":[{"time":1702314411782,"type":"create connection"}]},{"id":"f7192cf2-b10e-4c84-9826-5e2e604dad7c","source":"ff3c5ad2-684d-4540-bb70-d8e718e8d48c","target":"929bfa6d-3e23-4f36-819d-7f6a805adb11","agreement":true,"isActive":true,"date":1702314520168,"kind":"Connector","isSelected":false,"intensity":3,"isDeletable":true,"isOver":false,"isBidirectional":false,"eventLog":[{"time":1702314520168,"type":"create connection"}]},{"id":"f9a2e3ec-58b2-4796-bc96-bf9a7b882e29","source":"154d2879-487d-4be8-ba62-1eb6e9dc2f14","target":"929bfa6d-3e23-4f36-819d-7f6a805adb11","agreement":false,"isActive":true,"date":1702314522199,"kind":"Connector","isSelected":false,"intensity":6,"isDeletable":true,"isOver":false,"isBidirectional":false,"eventLog":[{"time":1702314522199,"type":"create connection"},{"time":1702314527217,"type":"selected","value":1},{"time":1702314530629,"type":"change intensity of connector","value":-6},{"time":1702314530629,"type":"selected","value":0}]},{"id":"24f72709-f209-4a42-826e-c3e2771a3776","source":"d3a7b80c-5c3d-4f73-aadd-bee4c771ef16","target":"bf22f33b-79a8-40a6-8c0e-183425f33d9a","agreement":true,"isActive":true,"date":1702314590113,"kind":"Connector","isSelected":false,"intensity":3,"isDeletable":true,"isOver":false,"isBidirectional":false,"eventLog":[{"time":1702314590113,"type":"create connection"}]},{"id":"dff113c2-c1f9-4e7a-a46e-fe283b9ffff4","source":"d3a7b80c-5c3d-4f73-aadd-bee4c771ef16","target":"a9e41a1c-7c22-4f7a-acd4-adb656bcf8f9","agreement":true,"isActive":true,"date":1702314733739,"kind":"Connector","isSelected":false,"intensity":3,"isDeletable":true,"isOver":false,"isBidirectional":false,"eventLog":[{"time":1702314733739,"type":"create connection"}]}],"currentID":{},"currentNode":{},"hasSelectedNode":[false],"currentConnector":{},"hasSelectedConnector":[false],"readyToMove":[false],"isIncoming":[false],"hasElementMoved":[false]}
