{"idCAM":["1c1f90f1-9a80-4f78-bc44-536b916acd0d"],"creator":["5e5832478c2b6f03f9acd234_post"],"projectCAM":["S2_CAM part 2"],"defocusCAM":[2768,0],"date":[1702313666603],"nodes":[{"id":"b9cc1346-9d28-40ad-8868-fef64f0d6345","value":3,"text":"funktioniert in japan","comment":"","position":{"x":778.5117,"y":110.7539},"isActive":true,"date":1702313667487,"kind":"Node","isSelected":false,"isConnectorSelected":false,"isDraggable":1,"isDeletable":1,"hasElementMoved":false,"eventLog":[{"time":1702313667487,"type":"create node","value":3}],"isTextChangeable":1},{"id":"30caec70-d180-47d0-92d7-22540650b687","value":-3,"text":"achtung vor KI","comment":"","position":{"x":425.5117,"y":129.7539},"isActive":true,"date":1702313667488,"kind":"Node","isSelected":false,"isConnectorSelected":false,"isDraggable":1,"isDeletable":1,"hasElementMoved":false,"eventLog":[{"time":1702313667488,"type":"create node","value":-3}],"isTextChangeable":1},{"id":"5ca4f9bd-0225-44d3-aacb-275897de0c0a","value":1,"text":"nur zur Unterstützung!!!!!","comment":"","position":{"x":516.5117,"y":236.7539},"isActive":true,"date":1702313667488,"kind":"Node","isSelected":false,"isConnectorSelected":false,"isDraggable":1,"isDeletable":1,"hasElementMoved":false,"eventLog":[{"time":1702313667488,"type":"create node","value":1}],"isTextChangeable":1},{"id":"d79b7029-88b9-4e7c-9551-647405a2f259","value":3,"text":"Menschlichkeit ist wichtig!!!!","comment":"","position":{"x":124.5117,"y":176.7539},"isActive":true,"date":1702313667488,"kind":"Node","isSelected":false,"isConnectorSelected":false,"isDraggable":1,"isDeletable":1,"hasElementMoved":false,"eventLog":[{"time":1702313667488,"type":"create node","value":3}],"isTextChangeable":1},{"id":"09d5416a-dc1d-4f0b-baa9-1fd2b4f7a2f4","value":3,"text":"Arbeitskräfte","comment":"","position":{"x":926,"y":323},"isActive":true,"date":1702313667488,"kind":"Node","isSelected":false,"isConnectorSelected":false,"isDraggable":1,"isDeletable":1,"hasElementMoved":false,"eventLog":[{"time":1702313667488,"type":"create node","value":3}],"isTextChangeable":1},{"id":"098fee87-2b3a-4c8c-a833-a053abcef251","value":3,"text":"emotionale Inteligenz wichtig","comment":"","position":{"x":907,"y":194},"isActive":true,"date":1702313667489,"kind":"Node","isSelected":false,"isConnectorSelected":false,"isDraggable":1,"isDeletable":1,"hasElementMoved":false,"eventLog":[{"time":1702313667489,"type":"create node","value":3}],"isTextChangeable":1},{"id":"165d5c94-d8b0-4169-b763-b63f7a20f15c","value":3,"text":"ohne Menschen nicht","comment":"","position":{"x":539,"y":610},"isActive":true,"date":1702313667489,"kind":"Node","isSelected":false,"isConnectorSelected":false,"isDraggable":1,"isDeletable":1,"hasElementMoved":false,"eventLog":[{"time":1702313667489,"type":"create node","value":3}],"isTextChangeable":1},{"id":"43741d96-0de6-4938-aa71-bcdc9417e2ce","value":-3,"text":"Konzerne + Pflege ","comment":"","position":{"x":726,"y":492},"isActive":true,"date":1702313667490,"kind":"Node","isSelected":false,"isConnectorSelected":false,"isDraggable":1,"isDeletable":1,"hasElementMoved":false,"eventLog":[{"time":1702313667490,"type":"create node","value":-3}],"isTextChangeable":1},{"id":"5b7a4ed0-b9f6-4b5f-acd9-71ec04ce41cc","value":-3,"text":"NOGO bei Autismus","comment":"","position":{"x":896,"y":525},"isActive":true,"date":1702313667490,"kind":"Node","isSelected":false,"isConnectorSelected":false,"isDraggable":1,"isDeletable":1,"hasElementMoved":false,"eventLog":[{"time":1702313667490,"type":"create node","value":-3}],"isTextChangeable":1},{"id":"658f2df5-4093-43f8-bb9d-9df0e4cb39a5","value":-3,"text":"ScheissIDEE","comment":"","position":{"x":1058,"y":331},"isActive":true,"date":1702313667490,"kind":"Node","isSelected":false,"isConnectorSelected":false,"isDraggable":1,"isDeletable":1,"hasElementMoved":false,"eventLog":[{"time":1702313667490,"type":"create node","value":-3}],"isTextChangeable":1}],"connectors":[{"id":"d411501b-3879-45ef-9010-09ba07040e50","source":"5ca4f9bd-0225-44d3-aacb-275897de0c0a","target":"b9cc1346-9d28-40ad-8868-fef64f0d6345","agreement":true,"isActive":true,"date":1702313667492,"kind":"Connector","isSelected":false,"intensity":3,"isDeletable":true,"isOver":false,"isBidirectional":false,"eventLog":[{"time":1702313667492,"type":"create connection"}]},{"id":"f5e5f4ee-77a5-4076-b64f-6affa9d3b034","source":"5ca4f9bd-0225-44d3-aacb-275897de0c0a","target":"30caec70-d180-47d0-92d7-22540650b687","agreement":true,"isActive":true,"date":1702313667493,"kind":"Connector","isSelected":false,"intensity":9,"isDeletable":true,"isOver":false,"isBidirectional":false,"eventLog":[{"time":1702313667493,"type":"create connection"}]},{"id":"01a794ce-b544-4e38-a49d-4e8bae37d332","source":"5ca4f9bd-0225-44d3-aacb-275897de0c0a","target":"d79b7029-88b9-4e7c-9551-647405a2f259","agreement":true,"isActive":true,"date":1702313667493,"kind":"Connector","isSelected":false,"intensity":9,"isDeletable":true,"isOver":false,"isBidirectional":false,"eventLog":[{"time":1702313667493,"type":"create connection"}]},{"id":"447c3dbc-ca6f-4188-8600-389216b220bc","source":"d79b7029-88b9-4e7c-9551-647405a2f259","target":"b9cc1346-9d28-40ad-8868-fef64f0d6345","agreement":true,"isActive":true,"date":1702313667493,"kind":"Connector","isSelected":false,"intensity":9,"isDeletable":true,"isOver":false,"isBidirectional":false,"eventLog":[{"time":1702313667493,"type":"create connection"}]},{"id":"d61908ce-866f-4c43-b5e4-ba9b4e1dfdc6","source":"09d5416a-dc1d-4f0b-baa9-1fd2b4f7a2f4","target":"d79b7029-88b9-4e7c-9551-647405a2f259","agreement":true,"isActive":true,"date":1702313667494,"kind":"Connector","isSelected":false,"intensity":9,"isDeletable":true,"isOver":false,"isBidirectional":false,"eventLog":[{"time":1702313667494,"type":"create connection"}]},{"id":"3e874621-1d3f-4119-b418-f017763ef2c8","source":"09d5416a-dc1d-4f0b-baa9-1fd2b4f7a2f4","target":"165d5c94-d8b0-4169-b763-b63f7a20f15c","agreement":true,"isActive":true,"date":1702313667494,"kind":"Connector","isSelected":false,"intensity":9,"isDeletable":true,"isOver":false,"isBidirectional":false,"eventLog":[{"time":1702313667494,"type":"create connection"}]},{"id":"defb2fba-4738-4db9-b4d3-46a63a6edd89","source":"d79b7029-88b9-4e7c-9551-647405a2f259","target":"165d5c94-d8b0-4169-b763-b63f7a20f15c","agreement":true,"isActive":true,"date":1702313667494,"kind":"Connector","isSelected":false,"intensity":9,"isDeletable":true,"isOver":false,"isBidirectional":false,"eventLog":[{"time":1702313667494,"type":"create connection"}]},{"id":"310acdd4-413e-462f-931f-8fbabcba9ff7","source":"165d5c94-d8b0-4169-b763-b63f7a20f15c","target":"098fee87-2b3a-4c8c-a833-a053abcef251","agreement":true,"isActive":true,"date":1702313667494,"kind":"Connector","isSelected":false,"intensity":9,"isDeletable":true,"isOver":false,"isBidirectional":false,"eventLog":[{"time":1702313667494,"type":"create connection"}]},{"id":"dfb83640-2b09-499a-a611-a38628df52aa","source":"43741d96-0de6-4938-aa71-bcdc9417e2ce","target":"09d5416a-dc1d-4f0b-baa9-1fd2b4f7a2f4","agreement":false,"isActive":true,"date":1702313667495,"kind":"Connector","isSelected":false,"intensity":9,"isDeletable":true,"isOver":false,"isBidirectional":false,"eventLog":[{"time":1702313667495,"type":"create connection"}]},{"id":"b6d4888b-a06c-42b6-b374-93a105afc084","source":"43741d96-0de6-4938-aa71-bcdc9417e2ce","target":"d79b7029-88b9-4e7c-9551-647405a2f259","agreement":false,"isActive":true,"date":1702313667495,"kind":"Connector","isSelected":false,"intensity":9,"isDeletable":true,"isOver":false,"isBidirectional":false,"eventLog":[{"time":1702313667495,"type":"create connection"}]},{"id":"4f09b27d-3d5f-4a09-9d09-bb32bf2cc6fd","source":"5b7a4ed0-b9f6-4b5f-acd9-71ec04ce41cc","target":"165d5c94-d8b0-4169-b763-b63f7a20f15c","agreement":false,"isActive":true,"date":1702313667495,"kind":"Connector","isSelected":false,"intensity":9,"isDeletable":true,"isOver":false,"isBidirectional":false,"eventLog":[{"time":1702313667495,"type":"create connection"}]},{"id":"c96bde36-4a55-4713-a060-c10c355946c9","source":"658f2df5-4093-43f8-bb9d-9df0e4cb39a5","target":"09d5416a-dc1d-4f0b-baa9-1fd2b4f7a2f4","agreement":true,"isActive":true,"date":1702313667496,"kind":"Connector","isSelected":false,"intensity":9,"isDeletable":true,"isOver":false,"isBidirectional":false,"eventLog":[{"time":1702313667496,"type":"create connection"}]},{"id":"e325ba07-5696-44d4-a52a-8a08e12173aa","source":"098fee87-2b3a-4c8c-a833-a053abcef251","target":"658f2df5-4093-43f8-bb9d-9df0e4cb39a5","agreement":false,"isActive":true,"date":1702313667496,"kind":"Connector","isSelected":false,"intensity":9,"isDeletable":true,"isOver":false,"isBidirectional":false,"eventLog":[{"time":1702313667496,"type":"create connection"}]},{"id":"49b027b2-0c93-46ae-b527-3361243cfd75","source":"5b7a4ed0-b9f6-4b5f-acd9-71ec04ce41cc","target":"658f2df5-4093-43f8-bb9d-9df0e4cb39a5","agreement":true,"isActive":true,"date":1702313667496,"kind":"Connector","isSelected":false,"intensity":9,"isDeletable":true,"isOver":false,"isBidirectional":false,"eventLog":[{"time":1702313667496,"type":"create connection"}]}],"currentID":{},"currentNode":{},"hasSelectedNode":[false],"currentConnector":{},"hasSelectedConnector":[false],"readyToMove":[false],"isIncoming":[false]}
