{"idCAM":["ef91c661-a8e0-442d-ade8-7f7274075aff"],"creator":["5e6a3e3d265930022e81c70b_pre"],"projectCAM":["S2_CAM part 1"],"defocusCAM":[],"date":[1702309908574],"nodes":[{"id":"e3c28747-99b1-4ce5-8ea5-080b9edc4029","value":1,"text":"social assistance robot","comment":"","position":{"x":650,"y":400},"isActive":true,"date":1702309909469,"kind":"Node","isSelected":false,"isConnectorSelected":false,"isDraggable":0,"isDeletable":0,"hasElementMoved":false,"eventLog":[{"time":1702309909469,"type":"create node","value":0},{"time":1702309961045,"type":"selected","value":1},{"time":1702309964025,"type":"value","value":2},{"time":1702309964025,"type":"selected","value":0},{"time":1702310591468,"type":"selected","value":1},{"time":1702310591873,"type":"selected","value":0},{"time":1702310592732,"type":"selected","value":1},{"time":1702310594178,"type":"value","value":1},{"time":1702310594178,"type":"selected","value":0}],"isTextChangeable":0},{"id":"68f3ae36-2fb6-4726-ba60-d34b5d501430","value":0,"text":"disadvantages","comment":"","position":{"x":450,"y":400},"isActive":true,"date":1702309909469,"kind":"Node","isSelected":false,"isConnectorSelected":false,"isDraggable":0,"isDeletable":0,"hasElementMoved":false,"eventLog":[{"time":1702309909469,"type":"create node","value":0}],"isTextChangeable":0},{"id":"061e3e19-1542-4e59-8d9f-e2ca44a0623e","value":0,"text":"advantages","comment":"","position":{"x":850,"y":400},"isActive":true,"date":1702309909469,"kind":"Node","isSelected":false,"isConnectorSelected":false,"isDraggable":0,"isDeletable":0,"hasElementMoved":false,"eventLog":[{"time":1702309909469,"type":"create node","value":0}],"isTextChangeable":0},{"id":"f3c55e94-3b71-4a3a-80c6-262602429483","value":-2,"text":"false interactions","comment":"If the person interacts almost only with robots, they could get used to it and have problems with humans.","position":{"x":247,"y":471},"isActive":true,"date":1702309967188,"kind":"Node","isSelected":false,"isConnectorSelected":false,"isDraggable":1,"isDeletable":1,"hasElementMoved":false,"eventLog":[{"time":1702309967188,"type":"create node","value":"0"},{"time":1702309984672,"type":"selected","value":"TRUE"},{"time":1702310045481,"type":"text","value":"Falsche Interaktionen"},{"time":1702310045481,"type":"comment","value":"Wenn die Person fast nur mit Robotern interagiert, könnte die Person sich daran gewöhnen und Probleme mit Menschen haben."},{"time":1702310045481,"type":"selected","value":"FALSE"},{"time":1702310047257,"type":"selected","value":"TRUE"},{"time":1702310049630,"type":"value","value":"-2"},{"time":1702310049630,"type":"selected","value":"FALSE"}],"isTextChangeable":1},{"id":"b4513b35-2868-45ed-b428-56e463a9b0eb","value":-3,"text":"dependence","comment":"The person could become dependent on the robot and cannot live without it.","position":{"x":256,"y":323},"isActive":true,"date":1702310054030,"kind":"Node","isSelected":false,"isConnectorSelected":false,"isDraggable":1,"isDeletable":1,"hasElementMoved":false,"eventLog":[{"time":"1702310054030","type":"create node","value":[0]},{"time":"1702310054156","type":"selected","value":[true]},{"time":"1702310123368","type":"text","value":["Abhängigkeit"]},{"time":"1702310123368","type":"value","value":[-3]},{"time":"1702310123368","type":"comment","value":["Die Person könnte abhängig vom Roboter werden und kann nicht ohne ihn leben."]},{"time":"1702310123368","type":"selected","value":[false]},{"time":"2023-12-11T15:55:26.110Z","type":"position","value":{"x":[255],"y":[290]}}],"isTextChangeable":1},{"id":"742df909-1e24-4aa9-8ce3-05b1e1ee8a5b","value":3,"text":"help for shy people","comment":"If someone is not good with people, such a robot would be ideal.","position":{"x":1047,"y":251},"isActive":true,"date":1702310151277,"kind":"Node","isSelected":false,"isConnectorSelected":false,"isDraggable":1,"isDeletable":1,"hasElementMoved":false,"eventLog":[{"time":"1702310151277","type":"create node","value":[0]},{"time":"1702310152290","type":"selected","value":[true]},{"time":"1702310184468","type":"text","value":["Hilfe für Menschenscheue"]},{"time":"1702310184468","type":"comment","value":["Falls jemand nicht gut mit Menschen kann, wäre so ein Roboter ideal"]},{"time":"1702310184468","type":"selected","value":[false]},{"time":"1702310187044","type":"selected","value":[true]},{"time":"1702310187718","type":"selected","value":[false]},{"time":"2023-12-11T15:56:34.386Z","type":"position","value":{"x":[907],"y":[259]}},{"time":"2023-12-11T15:56:53.612Z","type":"position","value":{"x":[956],"y":[243]}},{"time":"1702310215745","type":"selected","value":[true]},{"time":"1702310217417","type":"value","value":[3]},{"time":"1702310217417","type":"selected","value":[false]},{"time":"2023-12-11T16:06:07.371Z","type":"position","value":{"x":[987],"y":[235]}}],"isTextChangeable":1},{"id":"15b95890-f6ae-429e-b79d-e42786a18ab7","value":2,"text":"help for those in need of learning","comment":"If someone needs a lot of attention, this can be easily replaced with a robot.","position":{"x":1016,"y":415},"isActive":true,"date":1702310233244,"kind":"Node","isSelected":false,"isConnectorSelected":false,"isDraggable":1,"isDeletable":1,"hasElementMoved":false,"eventLog":[{"time":1702310233244,"type":"create node","value":"0"},{"time":1702310233322,"type":"selected","value":"TRUE"},{"time":1702310272755,"type":"text","value":"Hilfe für Lernbedürftige"},{"time":1702310272755,"type":"value","value":"2"},{"time":1702310272755,"type":"comment","value":"Falls jemand besonders viel Aufmerksamkeit braucht, kann dies mit so einem Roboter mit leichtigkeit ersetzt werden"},{"time":1702310272755,"type":"selected","value":"FALSE"}],"isTextChangeable":1},{"id":"5a2c8505-7ed3-4141-ba57-f0d20c317c7f","value":10,"text":"workforce","comment":"Robots can help if there is a shortage of workers, however, they might also take these jobs away.","position":{"x":652,"y":564},"isActive":true,"date":1702310337893,"kind":"Node","isSelected":false,"isConnectorSelected":false,"isDraggable":1,"isDeletable":1,"hasElementMoved":false,"eventLog":[{"time":"1702310337893","type":"create node","value":[0]},{"time":"1702310337977","type":"selected","value":[true]},{"time":"1702310342177","type":"selected","value":[false]},{"time":"1702310343658","type":"selected","value":[true]},{"time":"1702310403727","type":"text","value":["Arbeitskräfte"]},{"time":"1702310403727","type":"value","value":[10]},{"time":"1702310403727","type":"comment","value":["Roboter können helfen, falls Arbeitskräfte fehlen, allerdings können sie vielleicht diese auch wegnehmen.\n"]},{"time":"1702310403727","type":"selected","value":[false]},{"time":"2023-12-11T16:00:04.152Z","type":"position","value":{"x":[992],"y":[547]}},{"time":"2023-12-11T16:00:04.263Z","type":"position","value":{"x":[833],"y":[555]}},{"time":"2023-12-11T16:00:04.430Z","type":"position","value":{"x":[682],"y":[546]}},{"time":"2023-12-11T16:00:08.564Z","type":"position","value":{"x":[642],"y":[565]}}],"isTextChangeable":1},{"id":"195c90bf-d908-49a4-aaf5-0978c616d4f5","value":-3,"text":"expensive","comment":"All of this could turn out to be very expensive, the question remains whether one can afford it.","position":{"x":345,"y":202},"isActive":true,"date":1702310450825,"kind":"Node","isSelected":false,"isConnectorSelected":false,"isDraggable":1,"isDeletable":1,"hasElementMoved":false,"eventLog":[{"time":"1702310450825","type":"create node","value":[0]},{"time":"1702310451718","type":"selected","value":[true]},{"time":"1702310494535","type":"text","value":["Teuer"]},{"time":"1702310494535","type":"value","value":[-3]},{"time":"1702310494535","type":"comment","value":["Das alles könnte sehr teuer ausfallen, bleibt die Frage, ob man sich das auch leisten können."]},{"time":"1702310494535","type":"selected","value":[false]},{"time":"2023-12-11T16:01:35.438Z","type":"position","value":{"x":[303],"y":[216]}}],"isTextChangeable":1},{"id":"20ca4d74-71f3-49a6-aa40-18a04a9cec34","value":-3,"text":"reduction of social contacts","comment":"If people are replaced by robots, some people may still feel lonely because they do not perceive robots as a replacement.","position":{"x":308,"y":602},"isActive":true,"date":1702310518962,"kind":"Node","isSelected":false,"isConnectorSelected":false,"isDraggable":1,"isDeletable":1,"hasElementMoved":false,"eventLog":[{"time":1702310518962,"type":"create node","value":"0"},{"time":1702310519057,"type":"selected","value":"TRUE"},{"time":1702310578644,"type":"text","value":"Verringerung Sozialer Kontakte"},{"time":1702310578644,"type":"value","value":"-3"},{"time":1702310578644,"type":"comment","value":"Wenn man Menschen durch Roboter ersetzt, können manche Menschen sich trotzdem einsam fühlen, weil sie Roboter als kein Ersatz empfinden."},{"time":1702310578644,"type":"selected","value":"FALSE"}],"isTextChangeable":1},{"id":"5ba1873b-f27e-46db-a8b7-d065058366bb","value":3,"text":"help with feelings of shame","comment":"Some people are ashamed of their sufferings, a robot could help there.","position":{"x":987,"y":551},"isActive":true,"date":1702310621180,"kind":"Node","isSelected":false,"isConnectorSelected":false,"isDraggable":1,"isDeletable":1,"hasElementMoved":false,"eventLog":[{"time":1702310621180,"type":"create node","value":"0"},{"time":1702310621294,"type":"selected","value":"TRUE"},{"time":1702310692931,"type":"text","value":"Hilfe bei Schamgefühlen"},{"time":1702310692931,"type":"value","value":"3"},{"time":1702310692931,"type":"comment","value":"Manche Menschen schämen sich für ihre Leiden, ein Roboter würde da helfen."},{"time":1702310692931,"type":"selected","value":"FALSE"}],"isTextChangeable":1},{"id":"83b5079a-e67b-479e-af14-d974e7732a75","value":1,"text":"emergency monitoring","comment":"Depending on how a robot is equipped, it could react very quickly in an emergency, faster than a human.","position":{"x":904,"y":144},"isActive":true,"date":1702310698269,"kind":"Node","isSelected":false,"isConnectorSelected":false,"isDraggable":1,"isDeletable":1,"hasElementMoved":false,"eventLog":[{"time":"1702310698269","type":"create node","value":[0]},{"time":"1702310698363","type":"selected","value":[true]},{"time":"1702310715046","type":"text","value":["Notfallüberwachung"]},{"time":"1702310715046","type":"value","value":[3]},{"time":"1702310715046","type":"selected","value":[false]},{"time":"1702310717940","type":"selected","value":[true]},{"time":"1702310748329","type":"value","value":[1]},{"time":"1702310748329","type":"comment","value":["Je nachdem wie ein Roboter ausgestattet ist, könnte dieser sehr schnell bei einem Notfall reagieren, schneller als ein Mensch."]},{"time":"1702310748329","type":"selected","value":[false]},{"time":"2023-12-11T16:05:52.775Z","type":"position","value":{"x":[868],"y":[134]}}],"isTextChangeable":1},{"id":"483c8c21-324c-44ac-9e44-f6032e05a67b","value":0,"text":"","comment":"","position":{"x":493,"y":216},"isActive":false,"date":1702310768064,"kind":"Node","isSelected":false,"isConnectorSelected":false,"isDraggable":1,"isDeletable":1,"hasElementMoved":false,"eventLog":[{"time":"1702310768064","type":"create node","value":[0]},{"time":"2023-12-11T16:06:09.347Z","type":"position","value":{"x":[850],"y":[225]}},{"time":"2023-12-11T16:06:09.766Z","type":"position","value":{"x":[823],"y":[389]}},{"time":"2023-12-11T16:06:09.916Z","type":"position","value":{"x":[802],"y":[543]}},{"time":"1702310770765","type":"selected","value":[true]},{"time":"1702310785611","type":"selected","value":[false]},{"time":"2023-12-11T16:06:27.687Z","type":"position","value":{"x":[876],"y":[609]}},{"time":"2023-12-11T16:06:27.800Z","type":"position","value":{"x":[722],"y":[535]}},{"time":"2023-12-11T16:06:27.891Z","type":"position","value":{"x":[609],"y":[456]}},{"time":"2023-12-11T16:06:27.933Z","type":"position","value":{"x":[570],"y":[426]}},{"time":"2023-12-11T16:06:28.216Z","type":"position","value":{"x":[490],"y":[303]}},{"time":"1702310822811","type":"node was deleted","value":[-77]}],"isTextChangeable":1}],"connectors":[{"id":"324d8321-1779-48fd-ac04-d64bf8559183","source":"e3c28747-99b1-4ce5-8ea5-080b9edc4029","target":"68f3ae36-2fb6-4726-ba60-d34b5d501430","agreement":true,"isActive":true,"date":1702309909469,"kind":"Connector","isSelected":false,"intensity":3,"isDeletable":false,"isOver":false,"isBidirectional":false,"eventLog":[{"time":1702309909469,"type":"create connection"},{"time":1702310204794,"type":"selected","value":1},{"time":1702310208192,"type":"change intensity of connector","value":3},{"time":1702310208192,"type":"selected","value":0}]},{"id":"2b5c7134-c631-40d4-bb3a-6409f65770c6","source":"e3c28747-99b1-4ce5-8ea5-080b9edc4029","target":"061e3e19-1542-4e59-8d9f-e2ca44a0623e","agreement":true,"isActive":true,"date":1702309909469,"kind":"Connector","isSelected":false,"intensity":3,"isDeletable":true,"isOver":false,"isBidirectional":false,"eventLog":[{"time":1702309909469,"type":"create connection"}]},{"id":"4ea9c9db-332e-406e-8ec8-815005c63c31","source":"f3c55e94-3b71-4a3a-80c6-262602429483","target":"68f3ae36-2fb6-4726-ba60-d34b5d501430","agreement":true,"isActive":true,"date":1702310050620,"kind":"Connector","isSelected":false,"intensity":9,"isDeletable":true,"isOver":false,"isBidirectional":false,"eventLog":[{"time":1702310050620,"type":"create connection"},{"time":1702310134838,"type":"selected","value":1},{"time":1702310136539,"type":"change intensity of connector","value":9},{"time":1702310136539,"type":"selected","value":0}]},{"id":"1777f59b-4190-4359-a8fe-627bed11cf82","source":"b4513b35-2868-45ed-b428-56e463a9b0eb","target":"68f3ae36-2fb6-4726-ba60-d34b5d501430","agreement":true,"isActive":true,"date":1702310124824,"kind":"Connector","isSelected":false,"intensity":9,"isDeletable":true,"isOver":false,"isBidirectional":false,"eventLog":[{"time":1702310124824,"type":"create connection"},{"time":1702310130938,"type":"selected","value":1},{"time":1702310133777,"type":"change intensity of connector","value":9},{"time":1702310133777,"type":"selected","value":0}]},{"id":"e8b49b85-f3f6-48c6-b032-df427196e266","source":"f3c55e94-3b71-4a3a-80c6-262602429483","target":"b4513b35-2868-45ed-b428-56e463a9b0eb","agreement":true,"isActive":true,"date":1702310129371,"kind":"Connector","isSelected":false,"intensity":3,"isDeletable":true,"isOver":false,"isBidirectional":false,"eventLog":[{"time":1702310129371,"type":"create connection"},{"time":1702310139878,"type":"selected","value":1},{"time":1702310141225,"type":"change intensity of connector","value":3},{"time":1702310141225,"type":"selected","value":0}]},{"id":"8e0f2f71-c957-4587-828d-861303daaa39","source":"061e3e19-1542-4e59-8d9f-e2ca44a0623e","target":"742df909-1e24-4aa9-8ce3-05b1e1ee8a5b","agreement":true,"isActive":true,"date":1702310186151,"kind":"Connector","isSelected":false,"intensity":9,"isDeletable":true,"isOver":false,"isBidirectional":false,"eventLog":[{"time":1702310186151,"type":"create connection"},{"time":1702310188080,"type":"selected","value":1},{"time":1702310188488,"type":"change intensity of connector","value":3},{"time":1702310188488,"type":"selected","value":0},{"time":1702310189759,"type":"selected","value":1},{"time":1702310191990,"type":"change intensity of connector","value":9},{"time":1702310191990,"type":"selected","value":0}]},{"id":"f499cb7b-0558-459f-a0d9-da9756573e60","source":"061e3e19-1542-4e59-8d9f-e2ca44a0623e","target":"15b95890-f6ae-429e-b79d-e42786a18ab7","agreement":true,"isActive":true,"date":1702310273688,"kind":"Connector","isSelected":false,"intensity":3,"isDeletable":true,"isOver":false,"isBidirectional":false,"eventLog":[{"time":1702310273688,"type":"create connection"}]},{"id":"18c96246-8d4b-4541-849f-bcd986f2caef","source":"68f3ae36-2fb6-4726-ba60-d34b5d501430","target":"5a2c8505-7ed3-4141-ba57-f0d20c317c7f","agreement":true,"isActive":true,"date":1702310406174,"kind":"Connector","isSelected":false,"intensity":6,"isDeletable":true,"isOver":false,"isBidirectional":false,"eventLog":[{"time":1702310406174,"type":"create connection"},{"time":1702310423030,"type":"selected","value":1},{"time":1702310424849,"type":"change intensity of connector","value":6},{"time":1702310424849,"type":"selected","value":0}]},{"id":"f1704de8-3c52-4930-869b-bccf39c7e3c4","source":"5a2c8505-7ed3-4141-ba57-f0d20c317c7f","target":"061e3e19-1542-4e59-8d9f-e2ca44a0623e","agreement":true,"isActive":true,"date":1702310407473,"kind":"Connector","isSelected":false,"intensity":6,"isDeletable":true,"isOver":false,"isBidirectional":false,"eventLog":[{"time":1702310407473,"type":"create connection"},{"time":1702310414469,"type":"selected","value":1},{"time":1702310417585,"type":"change intensity of connector","value":6},{"time":1702310417585,"type":"selected","value":0}]},{"id":"2d71e108-810c-4d12-a2b4-c5509cfe5fdf","source":"68f3ae36-2fb6-4726-ba60-d34b5d501430","target":"195c90bf-d908-49a4-aaf5-0978c616d4f5","agreement":true,"isActive":true,"date":1702310496808,"kind":"Connector","isSelected":false,"intensity":3,"isDeletable":true,"isOver":false,"isBidirectional":false,"eventLog":[{"time":1702310496808,"type":"create connection"}]},{"id":"cb18e1b9-12c6-4a85-818f-5741d0c392cc","source":"20ca4d74-71f3-49a6-aa40-18a04a9cec34","target":"68f3ae36-2fb6-4726-ba60-d34b5d501430","agreement":true,"isActive":true,"date":1702310580353,"kind":"Connector","isSelected":false,"intensity":3,"isDeletable":true,"isOver":false,"isBidirectional":false,"eventLog":[{"time":1702310580353,"type":"create connection"}]},{"id":"6bd3708b-bf34-423f-a1ed-f2f05c6d4024","source":"5ba1873b-f27e-46db-a8b7-d065058366bb","target":"061e3e19-1542-4e59-8d9f-e2ca44a0623e","agreement":true,"isActive":true,"date":1702310695327,"kind":"Connector","isSelected":false,"intensity":3,"isDeletable":true,"isOver":false,"isBidirectional":false,"eventLog":[{"time":1702310695327,"type":"create connection"}]},{"id":"1463a4f6-7300-4770-8d96-9cc57bbf62ad","source":"061e3e19-1542-4e59-8d9f-e2ca44a0623e","target":"83b5079a-e67b-479e-af14-d974e7732a75","agreement":true,"isActive":true,"date":1702310716901,"kind":"Connector","isSelected":false,"intensity":3,"isDeletable":true,"isOver":false,"isBidirectional":false,"eventLog":[{"time":1702310716901,"type":"create connection"}]}],"currentID":{},"currentNode":{},"hasSelectedNode":[false],"currentConnector":{},"hasSelectedConnector":[false],"readyToMove":[false],"isIncoming":[false],"hasElementMoved":[false]}
