{"idCAM":["a90498e2-9108-4c54-acf0-5c44fac4cc13"],"creator":["5e6a3e3d265930022e81c70b_post"],"projectCAM":["S2_CAM part 2"],"defocusCAM":[],"date":[1702310957041],"nodes":[{"id":"3d6a197d-f0d1-4408-98a7-92e82419baad","value":1,"text":"social assistance robot","comment":"","position":{"x":650,"y":400},"isActive":true,"date":1702310957909,"kind":"Node","isSelected":false,"isConnectorSelected":false,"isDraggable":0,"isDeletable":0,"hasElementMoved":false,"eventLog":[{"time":1702310957909,"type":"create node","value":1}],"isTextChangeable":0},{"id":"be6e6e87-5dfd-443e-8b20-b8d1338e3853","value":0,"text":"disadvantages","comment":"","position":{"x":450,"y":400},"isActive":true,"date":1702310957909,"kind":"Node","isSelected":false,"isConnectorSelected":false,"isDraggable":0,"isDeletable":0,"hasElementMoved":false,"eventLog":[{"time":1702310957909,"type":"create node","value":0}],"isTextChangeable":0},{"id":"4cacea87-8cb8-4cd5-ad8e-cfc69ff37499","value":0,"text":"advantages","comment":"","position":{"x":850,"y":400},"isActive":true,"date":1702310957909,"kind":"Node","isSelected":false,"isConnectorSelected":false,"isDraggable":0,"isDeletable":0,"hasElementMoved":false,"eventLog":[{"time":1702310957909,"type":"create node","value":0}],"isTextChangeable":0},{"id":"0d078e56-8449-4bad-97da-2aeedf8d8fb3","value":-2,"text":"false interactions","comment":"","position":{"x":247,"y":471},"isActive":true,"date":1702310957909,"kind":"Node","isSelected":false,"isConnectorSelected":false,"isDraggable":1,"isDeletable":1,"hasElementMoved":false,"eventLog":[{"time":1702310957909,"type":"create node","value":-2}],"isTextChangeable":1},{"id":"2dd2ed7c-46a6-4489-bf41-58f8b0c7ebcc","value":-3,"text":"dependence","comment":"","position":{"x":256,"y":323},"isActive":true,"date":1702310957909,"kind":"Node","isSelected":false,"isConnectorSelected":false,"isDraggable":1,"isDeletable":1,"hasElementMoved":false,"eventLog":[{"time":1702310957909,"type":"create node","value":-3}],"isTextChangeable":1},{"id":"a85e48e9-d492-4856-a34d-411acad1de37","value":3,"text":"help for shy people","comment":"","position":{"x":1047,"y":251},"isActive":true,"date":1702310957909,"kind":"Node","isSelected":false,"isConnectorSelected":false,"isDraggable":1,"isDeletable":1,"hasElementMoved":false,"eventLog":[{"time":1702310957909,"type":"create node","value":3},{"time":1702311038956,"type":"selected","value":1},{"time":1702311039760,"type":"selected","value":0}],"isTextChangeable":1},{"id":"8635a072-d0b7-44e2-9a9b-73cab6ecfe47","value":2,"text":"help for those in need of learning","comment":"","position":{"x":1016,"y":415},"isActive":true,"date":1702310957909,"kind":"Node","isSelected":false,"isConnectorSelected":false,"isDraggable":1,"isDeletable":1,"hasElementMoved":false,"eventLog":[{"time":1702310957909,"type":"create node","value":2},{"time":1702311035894,"type":"selected","value":1},{"time":1702311037467,"type":"selected","value":0}],"isTextChangeable":1},{"id":"c6417cec-b303-4aa6-a959-31863017c6c4","value":10,"text":"workforce","comment":"","position":{"x":652,"y":564},"isActive":true,"date":1702310957909,"kind":"Node","isSelected":false,"isConnectorSelected":false,"isDraggable":1,"isDeletable":1,"hasElementMoved":false,"eventLog":[{"time":1702310957909,"type":"create node","value":10}],"isTextChangeable":1},{"id":"db25d409-9f5e-49fb-9272-06abf300b81c","value":-3,"text":"expensive","comment":"","position":{"x":477,"y":606},"isActive":true,"date":1702310957909,"kind":"Node","isSelected":false,"isConnectorSelected":false,"isDraggable":1,"isDeletable":1,"hasElementMoved":false,"eventLog":[{"time":"1702310957909","type":"create node","value":[-3]},{"time":"2023-12-11T16:12:17.551Z","type":"position","value":{"x":[340],"y":[202]}},{"time":"2023-12-11T16:12:17.651Z","type":"position","value":{"x":[432],"y":[361]}},{"time":"2023-12-11T16:12:17.819Z","type":"position","value":{"x":[479],"y":[512]}}],"isTextChangeable":1},{"id":"d92c93e9-4a88-43b9-ba9f-3b09fe4b438d","value":-3,"text":"reduction of social contacts","comment":"","position":{"x":308,"y":602},"isActive":true,"date":1702310957909,"kind":"Node","isSelected":false,"isConnectorSelected":false,"isDraggable":1,"isDeletable":1,"hasElementMoved":false,"eventLog":[{"time":1702310957909,"type":"create node","value":-3}],"isTextChangeable":1},{"id":"db6b7630-8957-47fc-bcc4-9434b548a12e","value":3,"text":"help with feelings of shame","comment":"","position":{"x":1021,"y":521},"isActive":true,"date":1702310957909,"kind":"Node","isSelected":false,"isConnectorSelected":false,"isDraggable":1,"isDeletable":1,"hasElementMoved":false,"eventLog":[{"time":"1702310957909","type":"create node","value":[3]},{"time":"2023-12-11T16:12:23.038Z","type":"position","value":{"x":[1018],"y":[541]}}],"isTextChangeable":1},{"id":"274ad3a3-a600-4b66-99df-c35863af6f5d","value":1,"text":"emergency monitoring","comment":"","position":{"x":938,"y":195},"isActive":true,"date":1702310957909,"kind":"Node","isSelected":false,"isConnectorSelected":false,"isDraggable":1,"isDeletable":1,"hasElementMoved":false,"eventLog":[{"time":"1702310957909","type":"create node","value":[1]},{"time":"1702311040440","type":"selected","value":[true]},{"time":"1702311041119","type":"selected","value":[false]},{"time":"2023-12-11T16:12:33.019Z","type":"position","value":{"x":[909],"y":[146]}},{"time":"2023-12-11T16:12:35.467Z","type":"position","value":{"x":[919],"y":[190]}},{"time":"2023-12-11T16:12:36.135Z","type":"position","value":{"x":[1067],"y":[341]}},{"time":"2023-12-11T16:12:36.144Z","type":"position","value":{"x":[1069],"y":[343]}},{"time":"2023-12-11T16:12:36.269Z","type":"position","value":{"x":[1118],"y":[491]}},{"time":"2023-12-11T16:12:36.794Z","type":"position","value":{"x":[1020],"y":[337]}}],"isTextChangeable":1},{"id":"8ada227e-482f-490a-9e93-1174a0969423","value":3,"text":"pet replacement","comment":"A soft robot is a kind of pet that one doesn't need to take care of. But it serves almost the same purpose.","position":{"x":771,"y":202},"isActive":true,"date":1702310980724,"kind":"Node","isSelected":false,"isConnectorSelected":false,"isDraggable":1,"isDeletable":1,"hasElementMoved":false,"eventLog":[{"time":"1702310980724","type":"create node","value":[0]},{"time":"1702310980814","type":"selected","value":[true]},{"time":"1702311027281","type":"text","value":["Haustierersatz"]},{"time":"1702311027281","type":"value","value":[3]},{"time":"1702311027281","type":"comment","value":["Softer Roboter ist eine Art Haustier, um das man sich nicht kümmern muss. Aber fast denselben Zweck erfüllt."]},{"time":"1702311027281","type":"selected","value":[false]},{"time":"2023-12-11T16:10:29.655Z","type":"position","value":{"x":[811],"y":[217]}},{"time":"1702311041712","type":"selected","value":[true]},{"time":"1702311042399","type":"selected","value":[false]},{"time":"1702311043708","type":"selected","value":[true]},{"time":"1702311045420","type":"selected","value":[false]},{"time":"2023-12-11T16:10:52.111Z","type":"position","value":{"x":[748],"y":[217]}},{"time":"2023-12-11T16:12:08.651Z","type":"position","value":{"x":[736],"y":[228]}}],"isTextChangeable":1},{"id":"8ce0a262-ecb2-4a26-bbec-0d558c6e4ebb","value":1,"text":"low risk of injury","comment":"Because a soft robot is not made of metal, but rather soft, the risk is lower.","position":{"x":853,"y":555},"isActive":true,"date":1702311067900,"kind":"Node","isSelected":false,"isConnectorSelected":false,"isDraggable":1,"isDeletable":1,"hasElementMoved":false,"eventLog":[{"time":"1702311067900","type":"create node","value":[0]},{"time":"1702311067979","type":"selected","value":[true]},{"time":"1702311100635","type":"text","value":["Geringes Verletztungsrisiko"]},{"time":"1702311100635","type":"comment","value":["Dadurch das ein Softer Roboter nicht aus Metall, sondern eher weich ist, ist das Risiko geringer."]},{"time":"1702311100635","type":"selected","value":[false]},{"time":"1702311102597","type":"selected","value":[true]},{"time":"1702311104636","type":"value","value":[1]},{"time":"1702311104636","type":"selected","value":[false]},{"time":"2023-12-11T16:12:21.745Z","type":"position","value":{"x":[876],"y":[555]}}],"isTextChangeable":1}],"connectors":[{"id":"6d850667-a513-46d0-828c-82c3e4268a39","source":"3d6a197d-f0d1-4408-98a7-92e82419baad","target":"be6e6e87-5dfd-443e-8b20-b8d1338e3853","agreement":true,"isActive":true,"date":1702310957909,"kind":"Connector","isSelected":false,"intensity":3,"isDeletable":false,"isOver":false,"isBidirectional":false,"eventLog":[{"time":1702310957909,"type":"create connection"}]},{"id":"d7fe8a58-2310-47e0-b7f4-14d052c89ac1","source":"3d6a197d-f0d1-4408-98a7-92e82419baad","target":"4cacea87-8cb8-4cd5-ad8e-cfc69ff37499","agreement":true,"isActive":true,"date":1702310957910,"kind":"Connector","isSelected":false,"intensity":3,"isDeletable":true,"isOver":false,"isBidirectional":false,"eventLog":[{"time":1702310957910,"type":"create connection"}]},{"id":"aeaaed47-fb53-4791-8406-10a7549de948","source":"0d078e56-8449-4bad-97da-2aeedf8d8fb3","target":"be6e6e87-5dfd-443e-8b20-b8d1338e3853","agreement":true,"isActive":true,"date":1702310957910,"kind":"Connector","isSelected":false,"intensity":9,"isDeletable":true,"isOver":false,"isBidirectional":false,"eventLog":[{"time":1702310957910,"type":"create connection"}]},{"id":"4c23a059-a26d-40eb-879f-dd323f62db5f","source":"2dd2ed7c-46a6-4489-bf41-58f8b0c7ebcc","target":"be6e6e87-5dfd-443e-8b20-b8d1338e3853","agreement":true,"isActive":true,"date":1702310957910,"kind":"Connector","isSelected":false,"intensity":9,"isDeletable":true,"isOver":false,"isBidirectional":false,"eventLog":[{"time":1702310957910,"type":"create connection"}]},{"id":"5ed35b9d-64a9-4056-95ed-2e5c2bc7106a","source":"0d078e56-8449-4bad-97da-2aeedf8d8fb3","target":"2dd2ed7c-46a6-4489-bf41-58f8b0c7ebcc","agreement":true,"isActive":true,"date":1702310957910,"kind":"Connector","isSelected":false,"intensity":3,"isDeletable":true,"isOver":false,"isBidirectional":false,"eventLog":[{"time":1702310957910,"type":"create connection"}]},{"id":"879971de-e220-423a-9ba6-ccabf9171614","source":"4cacea87-8cb8-4cd5-ad8e-cfc69ff37499","target":"a85e48e9-d492-4856-a34d-411acad1de37","agreement":true,"isActive":true,"date":1702310957910,"kind":"Connector","isSelected":false,"intensity":9,"isDeletable":true,"isOver":false,"isBidirectional":false,"eventLog":[{"time":1702310957910,"type":"create connection"}]},{"id":"fc8f6f32-18ed-4011-9fc1-ef07483b114d","source":"4cacea87-8cb8-4cd5-ad8e-cfc69ff37499","target":"8635a072-d0b7-44e2-9a9b-73cab6ecfe47","agreement":true,"isActive":true,"date":1702310957910,"kind":"Connector","isSelected":false,"intensity":3,"isDeletable":true,"isOver":false,"isBidirectional":false,"eventLog":[{"time":1702310957910,"type":"create connection"}]},{"id":"e523c574-4113-41b2-8d0c-1f1d39a0b988","source":"be6e6e87-5dfd-443e-8b20-b8d1338e3853","target":"c6417cec-b303-4aa6-a959-31863017c6c4","agreement":true,"isActive":true,"date":1702310957910,"kind":"Connector","isSelected":false,"intensity":6,"isDeletable":true,"isOver":false,"isBidirectional":false,"eventLog":[{"time":1702310957910,"type":"create connection"}]},{"id":"c1e98ddf-acac-4ff9-95d6-b8e26fd48a4c","source":"c6417cec-b303-4aa6-a959-31863017c6c4","target":"4cacea87-8cb8-4cd5-ad8e-cfc69ff37499","agreement":true,"isActive":true,"date":1702310957910,"kind":"Connector","isSelected":false,"intensity":6,"isDeletable":true,"isOver":false,"isBidirectional":false,"eventLog":[{"time":1702310957910,"type":"create connection"}]},{"id":"3681cb49-1d21-4eff-984e-bf9d00895af0","source":"be6e6e87-5dfd-443e-8b20-b8d1338e3853","target":"db25d409-9f5e-49fb-9272-06abf300b81c","agreement":true,"isActive":true,"date":1702310957910,"kind":"Connector","isSelected":false,"intensity":3,"isDeletable":true,"isOver":false,"isBidirectional":false,"eventLog":[{"time":1702310957910,"type":"create connection"}]},{"id":"3a029189-d2c4-405a-afd5-eab9cdd0443b","source":"d92c93e9-4a88-43b9-ba9f-3b09fe4b438d","target":"be6e6e87-5dfd-443e-8b20-b8d1338e3853","agreement":true,"isActive":true,"date":1702310957910,"kind":"Connector","isSelected":false,"intensity":3,"isDeletable":true,"isOver":false,"isBidirectional":false,"eventLog":[{"time":1702310957910,"type":"create connection"}]},{"id":"19670963-69f1-4b94-9d68-301d707e340b","source":"db6b7630-8957-47fc-bcc4-9434b548a12e","target":"4cacea87-8cb8-4cd5-ad8e-cfc69ff37499","agreement":true,"isActive":true,"date":1702310957910,"kind":"Connector","isSelected":false,"intensity":3,"isDeletable":true,"isOver":false,"isBidirectional":false,"eventLog":[{"time":1702310957910,"type":"create connection"}]},{"id":"85b6ab44-da3a-4714-bb01-9741efbdc01f","source":"4cacea87-8cb8-4cd5-ad8e-cfc69ff37499","target":"274ad3a3-a600-4b66-99df-c35863af6f5d","agreement":true,"isActive":true,"date":1702310957910,"kind":"Connector","isSelected":false,"intensity":3,"isDeletable":true,"isOver":false,"isBidirectional":false,"eventLog":[{"time":1702310957910,"type":"create connection"}]},{"id":"23e0ba1d-64cb-4bd1-b2b5-14a055165634","source":"8ada227e-482f-490a-9e93-1174a0969423","target":"4cacea87-8cb8-4cd5-ad8e-cfc69ff37499","agreement":true,"isActive":true,"date":1702311028598,"kind":"Connector","isSelected":false,"intensity":3,"isDeletable":true,"isOver":false,"isBidirectional":false,"eventLog":[{"time":1702311028598,"type":"create connection"}]},{"id":"58b3cabd-f80b-4972-8bda-8f426ede9773","source":"8635a072-d0b7-44e2-9a9b-73cab6ecfe47","target":"a85e48e9-d492-4856-a34d-411acad1de37","agreement":true,"isActive":true,"date":1702311038774,"kind":"Connector","isSelected":false,"intensity":3,"isDeletable":true,"isOver":false,"isBidirectional":false,"eventLog":[{"time":1702311038774,"type":"create connection"}]},{"id":"0fc122b6-3e01-4392-99b6-c8ab3a930e45","source":"8ce0a262-ecb2-4a26-bbec-0d558c6e4ebb","target":"4cacea87-8cb8-4cd5-ad8e-cfc69ff37499","agreement":true,"isActive":true,"date":1702311101868,"kind":"Connector","isSelected":false,"intensity":3,"isDeletable":true,"isOver":false,"isBidirectional":false,"eventLog":[{"time":1702311101868,"type":"create connection"}]},{"id":"ba3f3300-9df6-479e-b962-80d1741eaa58","source":"db25d409-9f5e-49fb-9272-06abf300b81c","target":"c6417cec-b303-4aa6-a959-31863017c6c4","agreement":true,"isActive":true,"date":1702311139489,"kind":"Connector","isSelected":false,"intensity":3,"isDeletable":true,"isOver":false,"isBidirectional":false,"eventLog":[{"time":1702311139489,"type":"create connection"}]},{"id":"e33eb91f-b732-4288-ba25-2489c8484675","source":"db6b7630-8957-47fc-bcc4-9434b548a12e","target":"8635a072-d0b7-44e2-9a9b-73cab6ecfe47","agreement":true,"isActive":true,"date":1702311146458,"kind":"Connector","isSelected":false,"intensity":3,"isDeletable":true,"isOver":false,"isBidirectional":false,"eventLog":[{"time":1702311146458,"type":"create connection"}]}],"currentID":{},"currentNode":{},"hasSelectedNode":[false],"currentConnector":{},"hasSelectedConnector":[false],"readyToMove":[false],"isIncoming":[false],"hasElementMoved":[false]}
