{"idCAM":["c6d00bc9-3f5b-48a4-bf29-27e0aef92c07"],"creator":["5e9f28299286a70a21369a87_pre"],"projectCAM":["S2_CAM part 1"],"defocusCAM":[null],"date":[1702310050592],"nodes":[{"id":"4e6ff866-8896-4558-b867-359b79e22708","value":3,"text":"social assistance robot","comment":"","position":{"x":650,"y":400},"isActive":true,"date":1702310051501,"kind":"Node","isSelected":false,"isConnectorSelected":false,"isDraggable":0,"isDeletable":0,"hasElementMoved":false,"eventLog":[{"time":1702310051501,"type":"create node","value":0},{"time":1702310067368,"type":"selected","value":1},{"time":1702310067774,"type":"selected","value":0},{"time":1702310068423,"type":"selected","value":1},{"time":1702310071723,"type":"value","value":3},{"time":1702310071723,"type":"selected","value":0}],"isTextChangeable":0},{"id":"74d9787f-78a3-40d6-b41b-d5e0bd778974","value":0,"text":"disadvantages","comment":"","position":{"x":450,"y":400},"isActive":true,"date":1702310051501,"kind":"Node","isSelected":false,"isConnectorSelected":false,"isDraggable":0,"isDeletable":0,"hasElementMoved":false,"eventLog":[{"time":1702310051501,"type":"create node","value":0}],"isTextChangeable":0},{"id":"238fa061-4aea-4e25-a329-2de8a8db8965","value":0,"text":"advantages","comment":"","position":{"x":850,"y":400},"isActive":true,"date":1702310051501,"kind":"Node","isSelected":false,"isConnectorSelected":false,"isDraggable":0,"isDeletable":0,"hasElementMoved":false,"eventLog":[{"time":1702310051501,"type":"create node","value":0},{"time":1702310074612,"type":"selected","value":1},{"time":1702310076284,"type":"selected","value":0}],"isTextChangeable":0},{"id":"7d68159f-e77e-4b24-9078-a8f76ea65a3e","value":-1,"text":"data protection and security","comment":"What happens to the data, recordings, etc.?","position":{"x":713,"y":254},"isActive":true,"date":1702310079115,"kind":"Node","isSelected":false,"isConnectorSelected":false,"isDraggable":1,"isDeletable":1,"hasElementMoved":false,"eventLog":[{"time":"1702310079115","type":"create node","value":[0]},{"time":"1702310079222","type":"selected","value":[true]},{"time":"1702310084499","type":"selected","value":[false]},{"time":"2023-12-11T15:54:45.533Z","type":"position","value":{"x":[909],"y":[274]}},{"time":"2023-12-11T15:54:45.923Z","type":"position","value":{"x":[748],"y":[265]}},{"time":"1702310087123","type":"selected","value":[true]},{"time":"1702310096108","type":"text","value":["Datenschutz und Sicherheit"]},{"time":"1702310096108","type":"selected","value":[false]},{"time":"1702310101601","type":"selected","value":[true]},{"time":"1702310102875","type":"selected","value":[false]},{"time":"1702310104341","type":"selected","value":[true]},{"time":"1702310121758","type":"comment","value":["Was passiert mit den Daten, Aufnahmen, etc.?"]},{"time":"1702310121758","type":"selected","value":[false]},{"time":"1702310339318","type":"selected","value":[true]},{"time":"1702310347387","type":"selected","value":[false]},{"time":"1702310389677","type":"selected","value":[true]},{"time":"1702310394010","type":"value","value":[-1]},{"time":"1702310394010","type":"selected","value":[false]}],"isTextChangeable":1},{"id":"1fb0d985-1adf-4bb3-a9ba-05cb418b04bf","value":2,"text":"everyday help","comment":"","position":{"x":1020,"y":354},"isActive":true,"date":1702310124251,"kind":"Node","isSelected":false,"isConnectorSelected":false,"isDraggable":1,"isDeletable":1,"hasElementMoved":false,"eventLog":[{"time":1702310124251,"type":"create node","value":"0"},{"time":1702310124393,"type":"selected","value":"TRUE"},{"time":1702310151668,"type":"comment","value":"Alltagshilfe"},{"time":1702310151668,"type":"selected","value":"FALSE"},{"time":1702310152926,"type":"selected","value":"TRUE"},{"time":1702310157011,"type":"text","value":"Alltagshilfe"},{"time":1702310157011,"type":"comment","value":""},{"time":1702310157011,"type":"selected","value":"FALSE"},{"time":1702310158230,"type":"selected","value":"TRUE"},{"time":1702310163596,"type":"value","value":"2"},{"time":1702310163596,"type":"selected","value":"FALSE"}],"isTextChangeable":1},{"id":"7fed98b5-962b-4876-97e8-d8d4048e6098","value":1,"text":"food preparation","comment":"Could pay attention to scientific standards when it comes to a healthy diet.","position":{"x":1131,"y":275},"isActive":true,"date":1702310181330,"kind":"Node","isSelected":false,"isConnectorSelected":false,"isDraggable":1,"isDeletable":1,"hasElementMoved":false,"eventLog":[{"time":"1702310181330","type":"create node","value":[0]},{"time":"1702310181463","type":"selected","value":[true]},{"time":"1702310215388","type":"text","value":["Essenszubereitung"]},{"time":"1702310215388","type":"comment","value":["Könnte auf wissenschaftliche Standards achten, was eine gesunde Ernährung angeht"]},{"time":"1702310215388","type":"selected","value":[false]},{"time":"2023-12-11T15:56:56.030Z","type":"position","value":{"x":[1067],"y":[323]}},{"time":"2023-12-11T15:56:57.283Z","type":"position","value":{"x":[1149],"y":[270]}},{"time":"2023-12-11T15:56:58.170Z","type":"position","value":{"x":[1045],"y":[424]}},{"time":"1702310223668","type":"selected","value":[true]},{"time":"1702310226818","type":"value","value":[1]},{"time":"1702310226818","type":"selected","value":[false]}],"isTextChangeable":1},{"id":"947a861a-9a4e-4b12-b504-00cc3cd8183f","value":2,"text":"Helps against isolation","comment":"Great, if doctors, family, food stores or other people could be connected to the social assistance robot via screen.","position":{"x":1024,"y":449},"isActive":true,"date":1702310230370,"kind":"Node","isSelected":false,"isConnectorSelected":false,"isDraggable":1,"isDeletable":1,"hasElementMoved":false,"eventLog":[{"time":"1702310230370","type":"create node","value":[0]},{"time":"1702310230517","type":"selected","value":[true]},{"time":"1702310312811","type":"text","value":["Hilft gegen Isolation"]},{"time":"1702310312811","type":"value","value":[2]},{"time":"1702310312811","type":"comment","value":["super, wenn Ärzte, Familie, Essensläden oder weitere Personen via Bildschirm auf den sozialen Assistenzroboter zugeschaltet werden könnten"]},{"time":"1702310312811","type":"selected","value":[false]},{"time":"2023-12-11T15:58:33.791Z","type":"position","value":{"x":[1010],"y":[448]}}],"isTextChangeable":1},{"id":"cff08966-b33e-4d51-8342-d8855d656d16","value":0,"text":"jurisdiction","comment":"Who gets access to data?","position":{"x":640,"y":149},"isActive":true,"date":1702310350178,"kind":"Node","isSelected":false,"isConnectorSelected":false,"isDraggable":1,"isDeletable":1,"hasElementMoved":false,"eventLog":[{"time":1702310350178,"type":"create node","value":"0"},{"time":1702310350303,"type":"selected","value":"TRUE"},{"time":1702310384290,"type":"text","value":"Zuständigkeit"},{"time":1702310384290,"type":"comment","value":"Wer erhält Zugriff auf Daten?"},{"time":1702310384290,"type":"selected","value":"FALSE"}],"isTextChangeable":1},{"id":"c0fd8208-155b-4eb4-8859-25953a9b8732","value":0,"text":"duration of data storage","comment":"","position":{"x":772,"y":148},"isActive":true,"date":1702310397953,"kind":"Node","isSelected":false,"isConnectorSelected":false,"isDraggable":1,"isDeletable":1,"hasElementMoved":false,"eventLog":[{"time":"1702310397953","type":"create node","value":[0]},{"time":"1702310398070","type":"selected","value":[true]},{"time":"1702310398995","type":"selected","value":[false]},{"time":"2023-12-11T15:59:59.918Z","type":"position","value":{"x":[756],"y":[198]}},{"time":"1702310401977","type":"selected","value":[true]},{"time":"1702310426122","type":"text","value":["Dauer der Datenaufbewahrung"]},{"time":"1702310426122","type":"selected","value":[false]}],"isTextChangeable":1},{"id":"d0e29e50-82e5-4bd7-9604-6f13b49bcb6f","value":0,"text":"type of data?","comment":"Which patient data is disclosed?","position":{"x":863,"y":218},"isActive":true,"date":1702310434585,"kind":"Node","isSelected":false,"isConnectorSelected":false,"isDraggable":1,"isDeletable":1,"hasElementMoved":false,"eventLog":[{"time":"1702310434585","type":"create node","value":[0]},{"time":"1702310435914","type":"selected","value":[true]},{"time":"1702310469923","type":"text","value":["Art der Daten?"]},{"time":"1702310469923","type":"comment","value":["Welche Patientendaten werden preisgegeben?"]},{"time":"1702310469923","type":"selected","value":[false]},{"time":"2023-12-11T16:01:12.985Z","type":"position","value":{"x":[837],"y":[235]}}],"isTextChangeable":1},{"id":"de49f10f-ef5b-494e-9641-f1d5619ade9a","value":-1,"text":"emergency situation","comment":"can only provide limited help in an emergency situation","position":{"x":326,"y":317},"isActive":true,"date":1702310475745,"kind":"Node","isSelected":false,"isConnectorSelected":false,"isDraggable":1,"isDeletable":1,"hasElementMoved":false,"eventLog":[{"time":1702310475745,"type":"create node","value":"0"},{"time":1702310475877,"type":"selected","value":"TRUE"},{"time":1702310506026,"type":"text","value":"Notsituation"},{"time":1702310506026,"type":"value","value":"-1"},{"time":1702310506026,"type":"comment","value":"kann nur bedingt Hilfe leisten in Notsituation"},{"time":1702310506026,"type":"selected","value":"FALSE"}],"isTextChangeable":1},{"id":"b28c100d-2596-4d3c-83b6-d2fab5e862e5","value":-2,"text":"Responsibility is delegated","comment":"","position":{"x":303,"y":400},"isActive":true,"date":1702310509425,"kind":"Node","isSelected":false,"isConnectorSelected":false,"isDraggable":1,"isDeletable":1,"hasElementMoved":false,"eventLog":[{"time":1702310509425,"type":"create node","value":"0"},{"time":1702310511165,"type":"selected","value":"TRUE"},{"time":1702310529650,"type":"text","value":"Verantwort wird abgeschoben"},{"time":1702310529650,"type":"value","value":"-2"},{"time":1702310529650,"type":"selected","value":"FALSE"}],"isTextChangeable":1},{"id":"698c852e-641c-4311-bfbc-7222d37e00e3","value":-3,"text":"missing genuine communication","comment":"Negatively changes communication behavior when there is no direct and genuine human-to-human interaction.","position":{"x":329,"y":476},"isActive":true,"date":1702310534577,"kind":"Node","isSelected":false,"isConnectorSelected":false,"isDraggable":1,"isDeletable":1,"hasElementMoved":false,"eventLog":[{"time":1702310534577,"type":"create node","value":"0"},{"time":1702310535779,"type":"selected","value":"TRUE"},{"time":1702310598971,"type":"text","value":"fehlende echte Kommunikation"},{"time":1702310598971,"type":"value","value":"-3"},{"time":1702310598971,"type":"comment","value":"Verändert negativ das Kommunikationsverhalten, wenn keine direkte und echte Mensch-zu-Mensch-Interaktion vorhanden ist"},{"time":1702310598971,"type":"selected","value":"FALSE"}],"isTextChangeable":1},{"id":"19da7ec3-72eb-45bb-8dad-8ccf025eb937","value":2,"text":"training support","comment":"can primarily be used as support.","position":{"x":907,"y":546},"isActive":true,"date":1702310599928,"kind":"Node","isSelected":false,"isConnectorSelected":false,"isDraggable":1,"isDeletable":1,"hasElementMoved":false,"eventLog":[{"time":"1702310599928","type":"create node","value":[0]},{"time":"2023-12-11T16:03:20.966Z","type":"position","value":{"x":[389],"y":[474]}},{"time":"2023-12-11T16:03:21.578Z","type":"position","value":{"x":[546],"y":[520]}},{"time":"2023-12-11T16:04:09.227Z","type":"position","value":{"x":[659],"y":[510]}},{"time":"2023-12-11T16:04:14.589Z","type":"position","value":{"x":[708],"y":[513]}},{"time":"2023-12-11T16:04:14.866Z","type":"position","value":{"x":[862],"y":[506]}},{"time":"1702310657446","type":"selected","value":[true]},{"time":"1702310698259","type":"text","value":["Ausbildungsunterstützung"]},{"time":"1702310698259","type":"value","value":[2]},{"time":"1702310698259","type":"comment","value":["kann vor allem als Unterstützung genutzt werden."]},{"time":"1702310698259","type":"selected","value":[false]}],"isTextChangeable":1},{"id":"2e277e24-3133-4afe-95b7-41e1d44be4bf","value":1,"text":"medication check","comment":"Can check the correct medication for example","position":{"x":1163,"y":370},"isActive":true,"date":1702310712192,"kind":"Node","isSelected":false,"isConnectorSelected":false,"isDraggable":1,"isDeletable":1,"hasElementMoved":false,"eventLog":[{"time":"1702310712192","type":"create node","value":[0]},{"time":"1702310712868","type":"selected","value":[true]},{"time":"1702310737386","type":"text","value":["Medikamentencheck"]},{"time":"1702310737386","type":"comment","value":["Kann beipsielsweise die richtige Medikation prüfen"]},{"time":"1702310737386","type":"selected","value":[false]},{"time":"2023-12-11T16:05:37.931Z","type":"position","value":{"x":[1126],"y":[370]}},{"time":"1702310787227","type":"selected","value":[true]},{"time":"1702310790850","type":"value","value":[1]},{"time":"1702310790850","type":"selected","value":[false]}],"isTextChangeable":1}],"connectors":[{"id":"24604346-7b0e-4b43-a501-21ab0f058729","source":"4e6ff866-8896-4558-b867-359b79e22708","target":"74d9787f-78a3-40d6-b41b-d5e0bd778974","agreement":true,"isActive":true,"date":1702310051502,"kind":"Connector","isSelected":false,"intensity":3,"isDeletable":false,"isOver":false,"isBidirectional":false,"eventLog":[{"time":1702310051502,"type":"create connection"}]},{"id":"1939eee2-4664-4933-b88b-b5058c468bdd","source":"4e6ff866-8896-4558-b867-359b79e22708","target":"238fa061-4aea-4e25-a329-2de8a8db8965","agreement":true,"isActive":true,"date":1702310051502,"kind":"Connector","isSelected":false,"intensity":3,"isDeletable":true,"isOver":false,"isBidirectional":false,"eventLog":[{"time":1702310051502,"type":"create connection"}]},{"id":"1e28a35f-e3a1-4538-903f-98f088ba9e5e","source":"238fa061-4aea-4e25-a329-2de8a8db8965","target":"1fb0d985-1adf-4bb3-a9ba-05cb418b04bf","agreement":true,"isActive":true,"date":1702310164668,"kind":"Connector","isSelected":false,"intensity":3,"isDeletable":true,"isOver":false,"isBidirectional":false,"eventLog":[{"time":1702310164668,"type":"create connection"}]},{"id":"e2b4f46e-a33f-42b6-8faf-4659311e39de","source":"4e6ff866-8896-4558-b867-359b79e22708","target":"7d68159f-e77e-4b24-9078-a8f76ea65a3e","agreement":true,"isActive":true,"date":1702310168525,"kind":"Connector","isSelected":false,"intensity":3,"isDeletable":true,"isOver":false,"isBidirectional":false,"eventLog":[{"time":1702310168525,"type":"create connection"},{"time":1702310170962,"type":"selected","value":1},{"time":1702310177115,"type":"change intensity of connector","value":3},{"time":1702310177115,"type":"selected","value":0}]},{"id":"98d34893-489a-4425-b4c9-36a720a7b018","source":"7fed98b5-962b-4876-97e8-d8d4048e6098","target":"1fb0d985-1adf-4bb3-a9ba-05cb418b04bf","agreement":true,"isActive":true,"date":1702310222075,"kind":"Connector","isSelected":false,"intensity":3,"isDeletable":true,"isOver":false,"isBidirectional":false,"eventLog":[{"time":1702310222075,"type":"create connection"}]},{"id":"ba69d109-e47b-4857-ab94-1c349c043636","source":"238fa061-4aea-4e25-a329-2de8a8db8965","target":"947a861a-9a4e-4b12-b504-00cc3cd8183f","agreement":true,"isActive":true,"date":1702310318100,"kind":"Connector","isSelected":false,"intensity":3,"isDeletable":true,"isOver":false,"isBidirectional":false,"eventLog":[{"time":1702310318100,"type":"create connection"}]},{"id":"ada1da44-2e4c-4a1f-8321-0c5dfe3c958d","source":"7d68159f-e77e-4b24-9078-a8f76ea65a3e","target":"cff08966-b33e-4d51-8342-d8855d656d16","agreement":true,"isActive":true,"date":1702310385714,"kind":"Connector","isSelected":false,"intensity":3,"isDeletable":true,"isOver":false,"isBidirectional":false,"eventLog":[{"time":1702310385714,"type":"create connection"}]},{"id":"1ec52a7c-ea22-489b-8c34-bb9976f75d79","source":"c0fd8208-155b-4eb4-8859-25953a9b8732","target":"7d68159f-e77e-4b24-9078-a8f76ea65a3e","agreement":true,"isActive":true,"date":1702310427754,"kind":"Connector","isSelected":false,"intensity":3,"isDeletable":true,"isOver":false,"isBidirectional":false,"eventLog":[{"time":1702310427754,"type":"create connection"}]},{"id":"b10c1245-f5aa-4575-b246-74d2b756300a","source":"d0e29e50-82e5-4bd7-9604-6f13b49bcb6f","target":"7d68159f-e77e-4b24-9078-a8f76ea65a3e","agreement":true,"isActive":true,"date":1702310472009,"kind":"Connector","isSelected":false,"intensity":3,"isDeletable":true,"isOver":false,"isBidirectional":false,"eventLog":[{"time":1702310472009,"type":"create connection"}]},{"id":"fc918668-f0d6-4821-a0df-4a96a7c1e2cd","source":"74d9787f-78a3-40d6-b41b-d5e0bd778974","target":"de49f10f-ef5b-494e-9641-f1d5619ade9a","agreement":true,"isActive":true,"date":1702310507467,"kind":"Connector","isSelected":false,"intensity":3,"isDeletable":true,"isOver":false,"isBidirectional":false,"eventLog":[{"time":1702310507468,"type":"create connection"}]},{"id":"ed4512e8-0542-4a1d-af1f-bfc0c22d307e","source":"74d9787f-78a3-40d6-b41b-d5e0bd778974","target":"b28c100d-2596-4d3c-83b6-d2fab5e862e5","agreement":true,"isActive":true,"date":1702310532020,"kind":"Connector","isSelected":false,"intensity":3,"isDeletable":true,"isOver":false,"isBidirectional":false,"eventLog":[{"time":1702310532020,"type":"create connection"}]},{"id":"a0e85f27-6c64-4945-b7e5-14258318ac18","source":"698c852e-641c-4311-bfbc-7222d37e00e3","target":"74d9787f-78a3-40d6-b41b-d5e0bd778974","agreement":true,"isActive":true,"date":1702310604104,"kind":"Connector","isSelected":false,"intensity":3,"isDeletable":true,"isOver":false,"isBidirectional":false,"eventLog":[{"time":1702310604104,"type":"create connection"}]},{"id":"50f9f4a2-de58-4ec0-b002-acde233f21dc","source":"19da7ec3-72eb-45bb-8dad-8ccf025eb937","target":"238fa061-4aea-4e25-a329-2de8a8db8965","agreement":true,"isActive":true,"date":1702310699419,"kind":"Connector","isSelected":false,"intensity":3,"isDeletable":true,"isOver":false,"isBidirectional":false,"eventLog":[{"time":1702310699419,"type":"create connection"}]},{"id":"2e7912ba-8ebc-4606-9422-a2f42ad1ae83","source":"de49f10f-ef5b-494e-9641-f1d5619ade9a","target":"b28c100d-2596-4d3c-83b6-d2fab5e862e5","agreement":true,"isActive":true,"date":1702310705811,"kind":"Connector","isSelected":false,"intensity":3,"isDeletable":true,"isOver":false,"isBidirectional":false,"eventLog":[{"time":1702310705811,"type":"create connection"}]},{"id":"5924f4d2-79dd-43ba-865b-52954adc7aff","source":"1fb0d985-1adf-4bb3-a9ba-05cb418b04bf","target":"2e277e24-3133-4afe-95b7-41e1d44be4bf","agreement":true,"isActive":true,"date":1702310739881,"kind":"Connector","isSelected":false,"intensity":3,"isDeletable":true,"isOver":false,"isBidirectional":false,"eventLog":[{"time":1702310739881,"type":"create connection"}]}],"currentID":{},"currentNode":{},"hasSelectedNode":[false],"currentConnector":{},"hasSelectedConnector":[false],"readyToMove":[false],"isIncoming":[false],"hasElementMoved":[false]}
