{"idCAM":["14fda0f2-2bcb-46d2-9c9e-79d74d33bcff"],"creator":["5e9f28299286a70a21369a87_post"],"projectCAM":["S2_CAM part 2"],"defocusCAM":[null],"date":[1702310908635],"nodes":[{"id":"cf7864c3-dfd2-4121-af40-43d3adefef13","value":3,"text":"social assistance robot","comment":"","position":{"x":650,"y":400},"isActive":true,"date":1702310909540,"kind":"Node","isSelected":false,"isConnectorSelected":false,"isDraggable":0,"isDeletable":0,"hasElementMoved":false,"eventLog":[{"time":1702310909540,"type":"create node","value":3}],"isTextChangeable":0},{"id":"be4a6ef6-1500-4a2c-96f4-cd39b40f9cd7","value":-2,"text":"disadvantages","comment":"","position":{"x":450,"y":400},"isActive":true,"date":1702310909541,"kind":"Node","isSelected":false,"isConnectorSelected":false,"isDraggable":0,"isDeletable":0,"hasElementMoved":false,"eventLog":[{"time":1702310909541,"type":"create node","value":0},{"time":1702311004255,"type":"selected","value":1},{"time":1702311005679,"type":"node was deleted","value":-99},{"time":1702311005685,"type":"selected","value":0},{"time":1702311012286,"type":"selected","value":1},{"time":1702311016146,"type":"value","value":-2},{"time":1702311016146,"type":"selected","value":0}],"isTextChangeable":0},{"id":"e14ea996-bf56-4b0d-8f54-d91e9f08b460","value":2,"text":"advantages","comment":"","position":{"x":850,"y":400},"isActive":true,"date":1702310909541,"kind":"Node","isSelected":false,"isConnectorSelected":false,"isDraggable":0,"isDeletable":0,"hasElementMoved":false,"eventLog":[{"time":1702310909541,"type":"create node","value":0},{"time":1702311019871,"type":"selected","value":1},{"time":1702311023242,"type":"value","value":2},{"time":1702311023242,"type":"selected","value":0}],"isTextChangeable":0},{"id":"b3265a02-d04d-4e7b-abd4-f9e67e369f86","value":-1,"text":"data protection and security","comment":"","position":{"x":713,"y":254},"isActive":true,"date":1702310909541,"kind":"Node","isSelected":false,"isConnectorSelected":false,"isDraggable":1,"isDeletable":1,"hasElementMoved":false,"eventLog":[{"time":1702310909541,"type":"create node","value":-1}],"isTextChangeable":1},{"id":"f8457ba0-ef9b-4b2c-b392-3c3f2f623d72","value":2,"text":"everyday help","comment":"","position":{"x":1020,"y":354},"isActive":true,"date":1702310909541,"kind":"Node","isSelected":false,"isConnectorSelected":false,"isDraggable":1,"isDeletable":1,"hasElementMoved":false,"eventLog":[{"time":1702310909541,"type":"create node","value":2}],"isTextChangeable":1},{"id":"6c0fe975-5022-4bc0-9b48-8334d7fb10ec","value":1,"text":"food preparation","comment":"","position":{"x":1131,"y":275},"isActive":true,"date":1702310909541,"kind":"Node","isSelected":false,"isConnectorSelected":false,"isDraggable":1,"isDeletable":1,"hasElementMoved":false,"eventLog":[{"time":1702310909541,"type":"create node","value":1}],"isTextChangeable":1},{"id":"9b506d46-2642-4178-8c31-4a5d94b9b6b6","value":2,"text":"Helps against isolation","comment":"","position":{"x":1024,"y":449},"isActive":true,"date":1702310909541,"kind":"Node","isSelected":false,"isConnectorSelected":false,"isDraggable":1,"isDeletable":1,"hasElementMoved":false,"eventLog":[{"time":1702310909541,"type":"create node","value":2}],"isTextChangeable":1},{"id":"686147df-064f-4805-96f2-1492b0680a6c","value":0,"text":"jurisdiction","comment":"","position":{"x":640,"y":149},"isActive":true,"date":1702310909541,"kind":"Node","isSelected":false,"isConnectorSelected":false,"isDraggable":1,"isDeletable":1,"hasElementMoved":false,"eventLog":[{"time":1702310909541,"type":"create node","value":0}],"isTextChangeable":1},{"id":"6444bc10-9f1d-473a-bdec-c4ffb8cc0e7a","value":0,"text":"duration of data storage","comment":"","position":{"x":772,"y":148},"isActive":true,"date":1702310909542,"kind":"Node","isSelected":false,"isConnectorSelected":false,"isDraggable":1,"isDeletable":1,"hasElementMoved":false,"eventLog":[{"time":1702310909542,"type":"create node","value":0}],"isTextChangeable":1},{"id":"e62733c8-3d71-4555-843c-903927b19237","value":0,"text":"type of data?","comment":"","position":{"x":863,"y":218},"isActive":true,"date":1702310909542,"kind":"Node","isSelected":false,"isConnectorSelected":false,"isDraggable":1,"isDeletable":1,"hasElementMoved":false,"eventLog":[{"time":1702310909542,"type":"create node","value":0}],"isTextChangeable":1},{"id":"1af0f4db-8fdd-4680-b6d7-dcf4d5eaf0e6","value":-1,"text":"emergency situation","comment":"","position":{"x":326,"y":317},"isActive":true,"date":1702310909543,"kind":"Node","isSelected":false,"isConnectorSelected":false,"isDraggable":1,"isDeletable":1,"hasElementMoved":false,"eventLog":[{"time":1702310909543,"type":"create node","value":-1}],"isTextChangeable":1},{"id":"9b6daf6d-859d-431d-960a-d090450a21c2","value":-2,"text":"Responsibility is delegated","comment":"","position":{"x":303,"y":400},"isActive":true,"date":1702310909543,"kind":"Node","isSelected":false,"isConnectorSelected":false,"isDraggable":1,"isDeletable":1,"hasElementMoved":false,"eventLog":[{"time":1702310909543,"type":"create node","value":-2}],"isTextChangeable":1},{"id":"76a61b5b-88a6-4b52-ace7-b3763dbff540","value":-3,"text":"missing genuine communication","comment":"","position":{"x":329,"y":476},"isActive":true,"date":1702310909543,"kind":"Node","isSelected":false,"isConnectorSelected":false,"isDraggable":1,"isDeletable":1,"hasElementMoved":false,"eventLog":[{"time":1702310909543,"type":"create node","value":-3}],"isTextChangeable":1},{"id":"bd6ecbd2-2b80-4172-8265-d0ccc09ea46f","value":2,"text":"training support","comment":"","position":{"x":907,"y":546},"isActive":true,"date":1702310909543,"kind":"Node","isSelected":false,"isConnectorSelected":false,"isDraggable":1,"isDeletable":1,"hasElementMoved":false,"eventLog":[{"time":1702310909543,"type":"create node","value":2}],"isTextChangeable":1},{"id":"9c138c84-4acb-41f6-b36d-2abfcb3fe04c","value":1,"text":"medication check","comment":"","position":{"x":1163,"y":370},"isActive":true,"date":1702310909543,"kind":"Node","isSelected":false,"isConnectorSelected":false,"isDraggable":1,"isDeletable":1,"hasElementMoved":false,"eventLog":[{"time":1702310909543,"type":"create node","value":1}],"isTextChangeable":1},{"id":"4eb3ef71-1a25-4e15-9a19-403895570c40","value":1,"text":"enables closeness","comment":"","position":{"x":1104,"y":509},"isActive":true,"date":1702310931056,"kind":"Node","isSelected":false,"isConnectorSelected":false,"isDraggable":1,"isDeletable":1,"hasElementMoved":false,"eventLog":[{"time":"1702310931056","type":"create node","value":[0]},{"time":"1702310931206","type":"selected","value":[true]},{"time":"1702310945300","type":"text","value":["ermögicht Nähe"]},{"time":"1702310945300","type":"value","value":[1]},{"time":"1702310945300","type":"selected","value":[false]},{"time":"2023-12-11T16:09:07.227Z","type":"position","value":{"x":[1135],"y":[473]}}],"isTextChangeable":1},{"id":"505eb732-1341-4f54-be81-5daff99cb09d","value":0,"text":"larger knowledge base","comment":"can draw on more knowledge than a human","position":{"x":918,"y":296},"isActive":true,"date":1702310959975,"kind":"Node","isSelected":false,"isConnectorSelected":false,"isDraggable":1,"isDeletable":1,"hasElementMoved":false,"eventLog":[{"time":1702310959975,"type":"create node","value":"0"},{"time":1702310960846,"type":"selected","value":"TRUE"},{"time":1702310995106,"type":"text","value":"größerer Wissensschatz"},{"time":1702310995106,"type":"comment","value":"kann auf mehr Wissen zurückgreifen als ein Mensch"},{"time":1702310995106,"type":"selected","value":"FALSE"},{"time":1702311026883,"type":"selected","value":"TRUE"},{"time":1702311029010,"type":"selected","value":"FALSE"}],"isTextChangeable":1},{"id":"1c4fc98c-7655-4792-8997-bc35ca362613","value":-1,"text":"reading of emotions","comment":"can misinterpret emotions","position":{"x":462,"y":517},"isActive":true,"date":1702311030951,"kind":"Node","isSelected":false,"isConnectorSelected":false,"isDraggable":1,"isDeletable":1,"hasElementMoved":false,"eventLog":[{"time":"1702311030951","type":"create node","value":[0]},{"time":"1702311031076","type":"selected","value":[true]},{"time":"1702311054369","type":"text","value":["Lesen von Emotionen"]},{"time":"1702311054369","type":"value","value":[-1]},{"time":"1702311054369","type":"comment","value":["kann emotionen Fehlinterpretieren"]},{"time":"1702311054369","type":"selected","value":[false]},{"time":"2023-12-11T16:10:57.109Z","type":"position","value":{"x":[449],"y":[515]}}],"isTextChangeable":1}],"connectors":[{"id":"4e45e30a-3200-425e-bf02-4eb9fc7ffc17","source":"cf7864c3-dfd2-4121-af40-43d3adefef13","target":"be4a6ef6-1500-4a2c-96f4-cd39b40f9cd7","agreement":true,"isActive":true,"date":1702310909543,"kind":"Connector","isSelected":false,"intensity":3,"isDeletable":false,"isOver":false,"isBidirectional":false,"eventLog":[{"time":1702310909543,"type":"create connection"}]},{"id":"b67d2d47-2153-442d-bd15-850f072d8275","source":"cf7864c3-dfd2-4121-af40-43d3adefef13","target":"e14ea996-bf56-4b0d-8f54-d91e9f08b460","agreement":true,"isActive":true,"date":1702310909544,"kind":"Connector","isSelected":false,"intensity":3,"isDeletable":true,"isOver":false,"isBidirectional":false,"eventLog":[{"time":1702310909544,"type":"create connection"}]},{"id":"2f6e6d29-7704-4d58-81e3-594b4531fcf4","source":"e14ea996-bf56-4b0d-8f54-d91e9f08b460","target":"f8457ba0-ef9b-4b2c-b392-3c3f2f623d72","agreement":true,"isActive":true,"date":1702310909544,"kind":"Connector","isSelected":false,"intensity":3,"isDeletable":true,"isOver":false,"isBidirectional":false,"eventLog":[{"time":1702310909544,"type":"create connection"}]},{"id":"5ab60986-d033-4160-988d-4538ee6c267e","source":"cf7864c3-dfd2-4121-af40-43d3adefef13","target":"b3265a02-d04d-4e7b-abd4-f9e67e369f86","agreement":true,"isActive":true,"date":1702310909544,"kind":"Connector","isSelected":false,"intensity":3,"isDeletable":true,"isOver":false,"isBidirectional":false,"eventLog":[{"time":1702310909544,"type":"create connection"}]},{"id":"72ebe7cb-f38b-4b90-8942-707ac764bc61","source":"6c0fe975-5022-4bc0-9b48-8334d7fb10ec","target":"f8457ba0-ef9b-4b2c-b392-3c3f2f623d72","agreement":true,"isActive":true,"date":1702310909544,"kind":"Connector","isSelected":false,"intensity":3,"isDeletable":true,"isOver":false,"isBidirectional":false,"eventLog":[{"time":1702310909544,"type":"create connection"}]},{"id":"615bd8c8-0dd2-443f-b13e-c2f1d577a81b","source":"e14ea996-bf56-4b0d-8f54-d91e9f08b460","target":"9b506d46-2642-4178-8c31-4a5d94b9b6b6","agreement":true,"isActive":true,"date":1702310909544,"kind":"Connector","isSelected":false,"intensity":3,"isDeletable":true,"isOver":false,"isBidirectional":false,"eventLog":[{"time":1702310909544,"type":"create connection"}]},{"id":"e53c6bfa-25fa-441b-81e5-fa708d99b3b9","source":"b3265a02-d04d-4e7b-abd4-f9e67e369f86","target":"686147df-064f-4805-96f2-1492b0680a6c","agreement":true,"isActive":true,"date":1702310909544,"kind":"Connector","isSelected":false,"intensity":3,"isDeletable":true,"isOver":false,"isBidirectional":false,"eventLog":[{"time":1702310909544,"type":"create connection"}]},{"id":"a570d735-9f5f-48ec-85ac-c504ac31cb7c","source":"6444bc10-9f1d-473a-bdec-c4ffb8cc0e7a","target":"b3265a02-d04d-4e7b-abd4-f9e67e369f86","agreement":true,"isActive":true,"date":1702310909544,"kind":"Connector","isSelected":false,"intensity":3,"isDeletable":true,"isOver":false,"isBidirectional":false,"eventLog":[{"time":1702310909544,"type":"create connection"}]},{"id":"349ced86-e7e0-4278-b1eb-2a75fd3cd3dc","source":"e62733c8-3d71-4555-843c-903927b19237","target":"b3265a02-d04d-4e7b-abd4-f9e67e369f86","agreement":true,"isActive":true,"date":1702310909544,"kind":"Connector","isSelected":false,"intensity":3,"isDeletable":true,"isOver":false,"isBidirectional":false,"eventLog":[{"time":1702310909544,"type":"create connection"}]},{"id":"9916dfc4-a087-417d-9645-50ea48395507","source":"be4a6ef6-1500-4a2c-96f4-cd39b40f9cd7","target":"1af0f4db-8fdd-4680-b6d7-dcf4d5eaf0e6","agreement":true,"isActive":true,"date":1702310909544,"kind":"Connector","isSelected":false,"intensity":3,"isDeletable":true,"isOver":false,"isBidirectional":false,"eventLog":[{"time":1702310909544,"type":"create connection"}]},{"id":"ca453fa9-c018-46e3-9ee0-a8bee677107a","source":"be4a6ef6-1500-4a2c-96f4-cd39b40f9cd7","target":"9b6daf6d-859d-431d-960a-d090450a21c2","agreement":true,"isActive":true,"date":1702310909544,"kind":"Connector","isSelected":false,"intensity":3,"isDeletable":true,"isOver":false,"isBidirectional":false,"eventLog":[{"time":1702310909544,"type":"create connection"}]},{"id":"761136ea-083d-43f2-98cb-69a1439de412","source":"76a61b5b-88a6-4b52-ace7-b3763dbff540","target":"be4a6ef6-1500-4a2c-96f4-cd39b40f9cd7","agreement":true,"isActive":true,"date":1702310909544,"kind":"Connector","isSelected":false,"intensity":3,"isDeletable":true,"isOver":false,"isBidirectional":false,"eventLog":[{"time":1702310909544,"type":"create connection"}]},{"id":"b6eabd2a-9f48-47f6-8832-479deed3b060","source":"bd6ecbd2-2b80-4172-8265-d0ccc09ea46f","target":"e14ea996-bf56-4b0d-8f54-d91e9f08b460","agreement":true,"isActive":true,"date":1702310909544,"kind":"Connector","isSelected":false,"intensity":3,"isDeletable":true,"isOver":false,"isBidirectional":false,"eventLog":[{"time":1702310909544,"type":"create connection"}]},{"id":"5e1f925f-1f0b-42c8-8ae9-519ce67207d7","source":"1af0f4db-8fdd-4680-b6d7-dcf4d5eaf0e6","target":"9b6daf6d-859d-431d-960a-d090450a21c2","agreement":true,"isActive":true,"date":1702310909544,"kind":"Connector","isSelected":false,"intensity":3,"isDeletable":true,"isOver":false,"isBidirectional":false,"eventLog":[{"time":1702310909544,"type":"create connection"}]},{"id":"b260dfe0-05de-48c1-8f20-78572dec9bdb","source":"f8457ba0-ef9b-4b2c-b392-3c3f2f623d72","target":"9c138c84-4acb-41f6-b36d-2abfcb3fe04c","agreement":true,"isActive":true,"date":1702310909544,"kind":"Connector","isSelected":false,"intensity":3,"isDeletable":true,"isOver":false,"isBidirectional":false,"eventLog":[{"time":1702310909544,"type":"create connection"}]},{"id":"de9b0526-5f7c-41ad-9679-9778f9e8f1d0","source":"9b506d46-2642-4178-8c31-4a5d94b9b6b6","target":"4eb3ef71-1a25-4e15-9a19-403895570c40","agreement":true,"isActive":true,"date":1702310946227,"kind":"Connector","isSelected":false,"intensity":3,"isDeletable":true,"isOver":false,"isBidirectional":false,"eventLog":[{"time":1702310946227,"type":"create connection"}]},{"id":"257cd603-8535-4fca-9f3f-3265f2fa3ba9","source":"505eb732-1341-4f54-be81-5daff99cb09d","target":"e14ea996-bf56-4b0d-8f54-d91e9f08b460","agreement":true,"isActive":true,"date":1702310996490,"kind":"Connector","isSelected":false,"intensity":3,"isDeletable":true,"isOver":false,"isBidirectional":false,"eventLog":[{"time":1702310996490,"type":"create connection"}]},{"id":"80fed75c-d9ab-456b-82d6-b424792de28d","source":"e62733c8-3d71-4555-843c-903927b19237","target":"be4a6ef6-1500-4a2c-96f4-cd39b40f9cd7","agreement":true,"isActive":false,"date":1702311003848,"kind":"Connector","isSelected":false,"intensity":3,"isDeletable":true,"isOver":false,"isBidirectional":false,"eventLog":[{"time":1702311003848,"type":"create connection"},{"time":1702311009987,"type":"selected","value":1},{"time":1702311011303,"type":"connector was deleted","value":-99},{"time":1702311011303,"type":"active","value":0}]},{"id":"baf70dd9-1dcd-4c0c-8dcc-0df164db24fc","source":"be4a6ef6-1500-4a2c-96f4-cd39b40f9cd7","target":"1c4fc98c-7655-4792-8997-bc35ca362613","agreement":true,"isActive":true,"date":1702311055775,"kind":"Connector","isSelected":false,"intensity":3,"isDeletable":true,"isOver":false,"isBidirectional":false,"eventLog":[{"time":1702311055775,"type":"create connection"}]}],"currentID":{},"currentNode":{},"hasSelectedNode":[false],"currentConnector":{},"hasSelectedConnector":[false],"readyToMove":[false],"isIncoming":[false],"hasElementMoved":[false]}
