{"idCAM":["f3737731-879e-4ecb-b7e1-2f2ec5694c8d"],"creator":["5ebe6e4a226f3b1c53cd0626_post"],"projectCAM":["S2_CAM part 2"],"defocusCAM":[205.5],"date":[1702311382276],"nodes":[{"id":"7124d146-8b77-408a-b2d9-323d7f06dad4","value":-2,"text":"social assistance robot","comment":"","position":{"x":650,"y":400},"isActive":true,"date":1702311383162,"kind":"Node","isSelected":false,"isConnectorSelected":false,"isDraggable":0,"isDeletable":0,"hasElementMoved":false,"eventLog":[{"time":1702311383162,"type":"create node","value":-2}],"isTextChangeable":0},{"id":"858d7a4a-ecc8-4d83-9f97-74a61b8306e0","value":-3,"text":"disadvantages","comment":"","position":{"x":450,"y":400},"isActive":true,"date":1702311383163,"kind":"Node","isSelected":false,"isConnectorSelected":false,"isDraggable":0,"isDeletable":0,"hasElementMoved":false,"eventLog":[{"time":1702311383163,"type":"create node","value":-3}],"isTextChangeable":0},{"id":"ed4213d8-7341-4506-b3b9-a49ed454c895","value":3,"text":"advantages","comment":"","position":{"x":850,"y":400},"isActive":true,"date":1702311383163,"kind":"Node","isSelected":false,"isConnectorSelected":false,"isDraggable":0,"isDeletable":0,"hasElementMoved":false,"eventLog":[{"time":1702311383163,"type":"create node","value":3}],"isTextChangeable":0},{"id":"fd0d3028-9f13-4b5e-94b3-9dd0f96569df","value":1,"text":"saves costs","comment":"","position":{"x":823,"y":258},"isActive":true,"date":1702311383163,"kind":"Node","isSelected":false,"isConnectorSelected":false,"isDraggable":1,"isDeletable":1,"hasElementMoved":false,"eventLog":[{"time":1702311383163,"type":"create node","value":1}],"isTextChangeable":1},{"id":"5e1cef7e-0fbd-4e2d-ae96-63455dc4d2d6","value":-3,"text":"expanded economic approach","comment":"","position":{"x":547,"y":243},"isActive":true,"date":1702311383163,"kind":"Node","isSelected":false,"isConnectorSelected":false,"isDraggable":1,"isDeletable":1,"hasElementMoved":false,"eventLog":[{"time":1702311383163,"type":"create node","value":-3},{"time":1702311474135,"type":"selected","value":1},{"time":1702311474959,"type":"selected","value":0}],"isTextChangeable":1},{"id":"b4170966-2697-4bf0-a508-d6839612b12d","value":-3,"text":"fake interaction","comment":"","position":{"x":343,"y":258},"isActive":true,"date":1702311383163,"kind":"Node","isSelected":false,"isConnectorSelected":true,"isDraggable":1,"isDeletable":1,"hasElementMoved":false,"eventLog":[{"time":1702311383163,"type":"create node","value":-3},{"time":1702311467859,"type":"selected","value":1},{"time":1702311471824,"type":"selected","value":0}],"isTextChangeable":1},{"id":"69a715f8-e3b2-42b4-a4f9-4216dcb1e869","value":-3,"text":"reduction of human interaction","comment":"","position":{"x":248,"y":330},"isActive":true,"date":1702311383163,"kind":"Node","isSelected":false,"isConnectorSelected":false,"isDraggable":1,"isDeletable":1,"hasElementMoved":false,"eventLog":[{"time":1702311383163,"type":"create node","value":-3},{"time":1702311472345,"type":"selected","value":1},{"time":1702311473385,"type":"selected","value":0}],"isTextChangeable":1},{"id":"e98e76c0-ef6a-4e5d-801e-a3d6628b21f9","value":2,"text":"compensation for grievances","comment":"","position":{"x":974,"y":276},"isActive":true,"date":1702311383163,"kind":"Node","isSelected":false,"isConnectorSelected":false,"isDraggable":1,"isDeletable":1,"hasElementMoved":false,"eventLog":[{"time":1702311383163,"type":"create node","value":2}],"isTextChangeable":1},{"id":"aa1f6bd1-a43f-4e59-9a42-d248766cf97c","value":-1,"text":"dependence","comment":"","position":{"x":239,"y":446},"isActive":true,"date":1702311383163,"kind":"Node","isSelected":false,"isConnectorSelected":false,"isDraggable":1,"isDeletable":1,"hasElementMoved":false,"eventLog":[{"time":1702311383163,"type":"create node","value":-1}],"isTextChangeable":1},{"id":"ccfe3c1c-45bd-46af-bf72-a3cc12874905","value":-2,"text":"unemployment","comment":"","position":{"x":254,"y":520},"isActive":true,"date":1702311383163,"kind":"Node","isSelected":false,"isConnectorSelected":false,"isDraggable":1,"isDeletable":1,"hasElementMoved":false,"eventLog":[{"time":1702311383163,"type":"create node","value":-2}],"isTextChangeable":1},{"id":"eaaac8d5-34ae-47aa-9337-c354d05027ee","value":-1,"text":"one-sidedness of the job","comment":"","position":{"x":350,"y":570},"isActive":true,"date":1702311383163,"kind":"Node","isSelected":false,"isConnectorSelected":false,"isDraggable":1,"isDeletable":1,"hasElementMoved":false,"eventLog":[{"time":1702311383163,"type":"create node","value":-1}],"isTextChangeable":1},{"id":"2a654f7c-9f0d-43b4-979d-90fae1cf7cc7","value":-2,"text":"missing incentive job design","comment":"","position":{"x":447,"y":595},"isActive":true,"date":1702311383163,"kind":"Node","isSelected":false,"isConnectorSelected":false,"isDraggable":1,"isDeletable":1,"hasElementMoved":false,"eventLog":[{"time":1702311383163,"type":"create node","value":-2}],"isTextChangeable":1},{"id":"81d7450c-4ad1-4c1e-b7ae-a39e8c01a44d","value":2,"text":"possibility of special programs","comment":"","position":{"x":1010,"y":407},"isActive":true,"date":1702311383163,"kind":"Node","isSelected":false,"isConnectorSelected":false,"isDraggable":1,"isDeletable":1,"hasElementMoved":false,"eventLog":[{"time":1702311383163,"type":"create node","value":2}],"isTextChangeable":1},{"id":"189e57e3-1cba-43c4-870d-468b27c73c82","value":-2,"text":"replacement impossible","comment":"","position":{"x":555,"y":564},"isActive":true,"date":1702311383163,"kind":"Node","isSelected":false,"isConnectorSelected":false,"isDraggable":1,"isDeletable":1,"hasElementMoved":false,"eventLog":[{"time":1702311383163,"type":"create node","value":-2}],"isTextChangeable":1},{"id":"75cf13fc-5b1b-4670-9b4e-368205c0a9a9","value":-3,"text":"dependence manufacturer","comment":"","position":{"x":654,"y":519},"isActive":true,"date":1702311383163,"kind":"Node","isSelected":false,"isConnectorSelected":false,"isDraggable":1,"isDeletable":1,"hasElementMoved":false,"eventLog":[{"time":1702311383163,"type":"create node","value":-3}],"isTextChangeable":1},{"id":"4bda9510-ac7c-4f07-be67-66d1fa410fb0","value":2,"text":"human-animal interaction","comment":"that is more realistic than wanting to replace human-human","position":{"x":857,"y":536},"isActive":true,"date":1702311402487,"kind":"Node","isSelected":false,"isConnectorSelected":true,"isDraggable":1,"isDeletable":1,"hasElementMoved":false,"eventLog":[{"time":"1702311402487","type":"create node","value":[0]},{"time":"1702311402604","type":"selected","value":[true]},{"time":"1702311449398","type":"text","value":["Mensch-Tier-Interaktion"]},{"time":"1702311449398","type":"value","value":[2]},{"time":"1702311449398","type":"comment","value":["das ist realistischer als Mensch-Mensch ersetzen zu wollen"]},{"time":"1702311449398","type":"selected","value":[false]},{"time":"2023-12-11T16:17:36.992Z","type":"position","value":{"x":[853],"y":[511]}},{"time":"1702311481180","type":"selected","value":[true]},{"time":"1702311482237","type":"selected","value":[false]}],"isTextChangeable":1}],"connectors":[{"id":"35caeb28-76b6-45fd-85af-4e0a51d93755","source":"7124d146-8b77-408a-b2d9-323d7f06dad4","target":"858d7a4a-ecc8-4d83-9f97-74a61b8306e0","agreement":true,"isActive":true,"date":1702311383164,"kind":"Connector","isSelected":false,"intensity":3,"isDeletable":false,"isOver":false,"isBidirectional":false,"eventLog":[{"time":1702311383164,"type":"create connection"}]},{"id":"83a64f39-717d-4c59-a43e-077b5258b751","source":"7124d146-8b77-408a-b2d9-323d7f06dad4","target":"ed4213d8-7341-4506-b3b9-a49ed454c895","agreement":true,"isActive":true,"date":1702311383164,"kind":"Connector","isSelected":false,"intensity":3,"isDeletable":true,"isOver":false,"isBidirectional":false,"eventLog":[{"time":1702311383164,"type":"create connection"}]},{"id":"bb034f78-f985-4624-aa42-f25581503013","source":"fd0d3028-9f13-4b5e-94b3-9dd0f96569df","target":"ed4213d8-7341-4506-b3b9-a49ed454c895","agreement":true,"isActive":true,"date":1702311383164,"kind":"Connector","isSelected":false,"intensity":6,"isDeletable":true,"isOver":false,"isBidirectional":false,"eventLog":[{"time":1702311383164,"type":"create connection"}]},{"id":"9770848b-a427-46e0-8196-63214f83e2c0","source":"e98e76c0-ef6a-4e5d-801e-a3d6628b21f9","target":"ed4213d8-7341-4506-b3b9-a49ed454c895","agreement":true,"isActive":true,"date":1702311383164,"kind":"Connector","isSelected":false,"intensity":6,"isDeletable":true,"isOver":false,"isBidirectional":false,"eventLog":[{"time":1702311383164,"type":"create connection"}]},{"id":"7eb94ef4-5a33-4b37-82fd-a7868b4f5fcb","source":"fd0d3028-9f13-4b5e-94b3-9dd0f96569df","target":"5e1cef7e-0fbd-4e2d-ae96-63455dc4d2d6","agreement":true,"isActive":true,"date":1702311383165,"kind":"Connector","isSelected":false,"intensity":9,"isDeletable":true,"isOver":false,"isBidirectional":false,"eventLog":[{"time":1702311383165,"type":"create connection"}]},{"id":"dd1313ec-8a3c-476c-ae3b-819ec58f4d70","source":"858d7a4a-ecc8-4d83-9f97-74a61b8306e0","target":"5e1cef7e-0fbd-4e2d-ae96-63455dc4d2d6","agreement":true,"isActive":true,"date":1702311383165,"kind":"Connector","isSelected":false,"intensity":9,"isDeletable":true,"isOver":false,"isBidirectional":false,"eventLog":[{"time":1702311383165,"type":"create connection"}]},{"id":"7e861c8b-5d1e-4dc9-a663-0ef8696814e0","source":"b4170966-2697-4bf0-a508-d6839612b12d","target":"858d7a4a-ecc8-4d83-9f97-74a61b8306e0","agreement":true,"isActive":true,"date":1702311383165,"kind":"Connector","isSelected":false,"intensity":9,"isDeletable":true,"isOver":false,"isBidirectional":false,"eventLog":[{"time":1702311383165,"type":"create connection"}]},{"id":"f831dc90-f54c-4b47-8b8e-9e80658b2887","source":"69a715f8-e3b2-42b4-a4f9-4216dcb1e869","target":"858d7a4a-ecc8-4d83-9f97-74a61b8306e0","agreement":true,"isActive":true,"date":1702311383165,"kind":"Connector","isSelected":false,"intensity":9,"isDeletable":true,"isOver":false,"isBidirectional":false,"eventLog":[{"time":1702311383165,"type":"create connection"}]},{"id":"1f03cea5-23a0-4184-a990-5c193f358de3","source":"aa1f6bd1-a43f-4e59-9a42-d248766cf97c","target":"858d7a4a-ecc8-4d83-9f97-74a61b8306e0","agreement":true,"isActive":true,"date":1702311383165,"kind":"Connector","isSelected":false,"intensity":3,"isDeletable":true,"isOver":false,"isBidirectional":false,"eventLog":[{"time":1702311383165,"type":"create connection"}]},{"id":"7a3f3817-d7a0-413f-a752-4709dfb397e6","source":"ccfe3c1c-45bd-46af-bf72-a3cc12874905","target":"858d7a4a-ecc8-4d83-9f97-74a61b8306e0","agreement":true,"isActive":true,"date":1702311383165,"kind":"Connector","isSelected":false,"intensity":6,"isDeletable":true,"isOver":false,"isBidirectional":false,"eventLog":[{"time":1702311383165,"type":"create connection"}]},{"id":"cdc33540-faee-4afe-a502-62bbc4ec84ed","source":"858d7a4a-ecc8-4d83-9f97-74a61b8306e0","target":"eaaac8d5-34ae-47aa-9337-c354d05027ee","agreement":true,"isActive":true,"date":1702311383165,"kind":"Connector","isSelected":false,"intensity":3,"isDeletable":true,"isOver":false,"isBidirectional":false,"eventLog":[{"time":1702311383165,"type":"create connection"}]},{"id":"d65bd454-bead-420f-9773-1a65361f1e17","source":"2a654f7c-9f0d-43b4-979d-90fae1cf7cc7","target":"858d7a4a-ecc8-4d83-9f97-74a61b8306e0","agreement":true,"isActive":true,"date":1702311383166,"kind":"Connector","isSelected":false,"intensity":6,"isDeletable":true,"isOver":false,"isBidirectional":false,"eventLog":[{"time":1702311383166,"type":"create connection"}]},{"id":"857ba999-316e-44c4-a114-a159e5f7c1d4","source":"ed4213d8-7341-4506-b3b9-a49ed454c895","target":"81d7450c-4ad1-4c1e-b7ae-a39e8c01a44d","agreement":true,"isActive":true,"date":1702311383166,"kind":"Connector","isSelected":false,"intensity":3,"isDeletable":true,"isOver":false,"isBidirectional":false,"eventLog":[{"time":1702311383166,"type":"create connection"}]},{"id":"edc92488-c2cc-4388-aa3c-4f0128668d0b","source":"189e57e3-1cba-43c4-870d-468b27c73c82","target":"858d7a4a-ecc8-4d83-9f97-74a61b8306e0","agreement":true,"isActive":true,"date":1702311383166,"kind":"Connector","isSelected":false,"intensity":9,"isDeletable":true,"isOver":false,"isBidirectional":false,"eventLog":[{"time":1702311383166,"type":"create connection"}]},{"id":"801b66a2-bddb-4ce9-98de-be30da01b41f","source":"858d7a4a-ecc8-4d83-9f97-74a61b8306e0","target":"75cf13fc-5b1b-4670-9b4e-368205c0a9a9","agreement":true,"isActive":true,"date":1702311383166,"kind":"Connector","isSelected":false,"intensity":9,"isDeletable":true,"isOver":false,"isBidirectional":false,"eventLog":[{"time":1702311383166,"type":"create connection"}]},{"id":"4d5ae915-b102-4203-b648-938cb971563c","source":"fd0d3028-9f13-4b5e-94b3-9dd0f96569df","target":"75cf13fc-5b1b-4670-9b4e-368205c0a9a9","agreement":false,"isActive":true,"date":1702311383166,"kind":"Connector","isSelected":false,"intensity":9,"isDeletable":true,"isOver":false,"isBidirectional":false,"eventLog":[{"time":1702311383166,"type":"create connection"}]},{"id":"e39a6706-a631-4c88-ad02-56a0a48ec4fd","source":"4bda9510-ac7c-4f07-be67-66d1fa410fb0","target":"ed4213d8-7341-4506-b3b9-a49ed454c895","agreement":true,"isActive":true,"date":1702311450840,"kind":"Connector","isSelected":false,"intensity":6,"isDeletable":true,"isOver":false,"isBidirectional":false,"eventLog":[{"time":1702311450840,"type":"create connection"},{"time":1702311452888,"type":"selected","value":1},{"time":1702311454901,"type":"change intensity of connector","value":6},{"time":1702311454902,"type":"selected","value":0}]},{"id":"30269414-5dc9-43e8-bb84-02fe291c35ef","source":"b4170966-2697-4bf0-a508-d6839612b12d","target":"4bda9510-ac7c-4f07-be67-66d1fa410fb0","agreement":false,"isActive":true,"date":1702311490062,"kind":"Connector","isSelected":false,"intensity":6,"isDeletable":true,"isOver":false,"isBidirectional":false,"eventLog":[{"time":1702311490062,"type":"create connection"},{"time":1702311491764,"type":"selected","value":1},{"time":1702311494360,"type":"change intensity of connector","value":-6},{"time":1702311494360,"type":"selected","value":0}]}],"currentID":["30269414-5dc9-43e8-bb84-02fe291c35ef"],"currentNode":{},"hasSelectedNode":[false],"currentConnector":{"id":["30269414-5dc9-43e8-bb84-02fe291c35ef"],"value":{},"source":["b4170966-2697-4bf0-a508-d6839612b12d"],"target":["4bda9510-ac7c-4f07-be67-66d1fa410fb0"],"agreement":[false],"isActive":[true],"date":[1702311490062],"kind":["Connector"],"isSelected":[false],"intensity":[6],"isDeletable":[true],"isOver":[false],"isBidirectional":[false],"eventLog":[{"time":1702311490062,"type":"create connection"},{"time":1702311491764,"type":"selected","value":1},{"time":1702311494360,"type":"change intensity of connector","value":-6},{"time":1702311494360,"type":"selected","value":0}]},"hasSelectedConnector":[true],"readyToMove":[false],"isIncoming":[false],"hasElementMoved":[false]}
