{"idCAM":["4931bb49-5d85-439c-956b-ec0757ba39e3"],"creator":["5ed0f0bb34177d0009582f38_pre"],"projectCAM":["S2_CAM part 1"],"defocusCAM":[],"date":[1702311815702],"nodes":[{"id":"53353b4b-34af-4451-a239-ae3f2fa3a03e","value":0,"text":"social assistance robot","comment":"","position":{"x":650,"y":400},"isActive":true,"date":1702311816246,"kind":"Node","isSelected":false,"isConnectorSelected":false,"isDraggable":0,"isDeletable":0,"hasElementMoved":false,"eventLog":[{"time":1702311816246,"type":"create node","value":0}],"isTextChangeable":0},{"id":"29c7c699-159b-46e8-9275-00d1b35bc1cc","value":0,"text":"disadvantages","comment":"","position":{"x":450,"y":400},"isActive":true,"date":1702311816246,"kind":"Node","isSelected":false,"isConnectorSelected":false,"isDraggable":0,"isDeletable":0,"hasElementMoved":false,"eventLog":[{"time":1702311816246,"type":"create node","value":0}],"isTextChangeable":0},{"id":"4c898502-6e4c-4d14-9d73-7cd38cd36b8e","value":0,"text":"advantages","comment":"","position":{"x":850,"y":400},"isActive":true,"date":1702311816246,"kind":"Node","isSelected":false,"isConnectorSelected":false,"isDraggable":0,"isDeletable":0,"hasElementMoved":false,"eventLog":[{"time":1702311816246,"type":"create node","value":0}],"isTextChangeable":0},{"id":"45327985-03fc-4404-8e28-c651b1b72fe3","value":3,"text":"compensation for deficiency","comment":"Fewer and fewer people are willing to work in nursing professions, and there is also a shortage of workers in some areas of therapy. However, due to increasing life expectancy and the demands of the 'modern world', more and more people need support and therapy.","position":{"x":926.4,"y":264.6},"isActive":true,"date":1702311854505,"kind":"Node","isSelected":false,"isConnectorSelected":false,"isDraggable":1,"isDeletable":1,"hasElementMoved":false,"eventLog":[{"time":1702311854505,"type":"create node","value":"0"},{"time":1702311868828,"type":"selected","value":"TRUE"},{"time":1702312060669,"type":"text","value":"Ausgleich von Mangel"},{"time":1702312060669,"type":"value","value":"3"},{"time":1702312060669,"type":"comment","value":"Immer weniger Menschen sind bereit, in Pflegeberufen zu arbeiten, und auch in manchen Bereichen der Therapie herrscht Arbeitskräftemangel. Bedingt durch zunehmende Lebensdauer und auch durch die Anforderungen der \"modernen Welt\" benötigen aber immer mehr Menschen Unterstützung und Therapie."},{"time":1702312060669,"type":"selected","value":"FALSE"},{"time":1702312063436,"type":"selected","value":"TRUE"},{"time":1702312064768,"type":"selected","value":"FALSE"}],"isTextChangeable":1},{"id":"186f1ee8-b4aa-484f-add5-5f4c77ff3026","value":2,"text":"patience and endurance","comment":"Overwhelmed care and unsuitable therapy workers sometimes harm those in need more than they help them. In these cases, an assistance robot might be preferable.","position":{"x":1007.4,"y":371.6},"isActive":true,"date":1702312071835,"kind":"Node","isSelected":false,"isConnectorSelected":false,"isDraggable":1,"isDeletable":1,"hasElementMoved":false,"eventLog":[{"time":1702312071835,"type":"create node","value":"0"},{"time":1702312071923,"type":"selected","value":"TRUE"},{"time":1702312165400,"type":"text","value":"Geduld und Ausdauer"},{"time":1702312165400,"type":"value","value":"2"},{"time":1702312165400,"type":"comment","value":"Überforderte Pflege- und ungeeignete Therapiearbeiter schaden manchmal Hilfebedürftigen mehr als sie ihnen helfen. In diesen Fällen wäre ein Assistenzroboter vielleicht vorzuziehen."},{"time":1702312165400,"type":"selected","value":"FALSE"},{"time":1702312168175,"type":"selected","value":"TRUE"},{"time":1702312169186,"type":"selected","value":"FALSE"}],"isTextChangeable":1},{"id":"2b0bc828-7e6f-48e5-94ca-b88564194e84","value":2,"text":"acceptance of help","comment":"There are people who find it very difficult to give up their independence, which they lose due to illness, disability, or age. These individuals might prefer to be supported by artificial assistants.","position":{"x":991.4,"y":523.6},"isActive":true,"date":1702312171330,"kind":"Node","isSelected":false,"isConnectorSelected":false,"isDraggable":1,"isDeletable":1,"hasElementMoved":false,"eventLog":[{"time":1702312171330,"type":"create node","value":"0"},{"time":1702312171449,"type":"selected","value":"TRUE"},{"time":1702312305993,"type":"text","value":"Akzeptanz von Hilfe"},{"time":1702312305993,"type":"value","value":"2"},{"time":1702312305993,"type":"comment","value":"Es gibt Menschen, denen es sehr schwerfällt, die Selbständigkeit aufzugeben, die sie durch Krankheit, Behinderung oder Alter verlieren. Diese Personen würden sich möglicherweise lieber durch künstliche Assistenten unterstützen lassen."},{"time":1702312305993,"type":"selected","value":"FALSE"}],"isTextChangeable":1},{"id":"16f38e00-7065-4032-a654-376972c22a32","value":0,"text":"","comment":"","position":{"x":366.4,"y":137.6},"isActive":false,"date":1702312309073,"kind":"Node","isSelected":false,"isConnectorSelected":false,"isDraggable":1,"isDeletable":1,"hasElementMoved":false,"eventLog":[{"time":1702312309073,"type":"create node","value":0},{"time":1702312494621,"type":"selected","value":1},{"time":1702312496494,"type":"node was deleted","value":-99}],"isTextChangeable":1},{"id":"c0123122-f245-448c-8ccb-c8c3a1fc9ae5","value":10,"text":"lack of empathy","comment":"It is not foreseeable and perhaps not even desirable that artificial helpers develop feelings and can empathize with humans. This can be an advantage (factual help, no sympathy), but also a disadvantage.","position":{"x":618.4,"y":159.6},"isActive":true,"date":1702312309289,"kind":"Node","isSelected":false,"isConnectorSelected":false,"isDraggable":1,"isDeletable":1,"hasElementMoved":false,"eventLog":[{"time":1702312309289,"type":"create node","value":"0"},{"time":1702312315721,"type":"selected","value":"TRUE"},{"time":1702312472574,"type":"text","value":"Mangelnde Empathie"},{"time":1702312472574,"type":"value","value":"10"},{"time":1702312472574,"type":"comment","value":"Es ist nicht abzusehen und vielleicht nicht einmal wünschenswert, dass artifizielle Helfer Gefühle entwickeln und Menschen empathisch gegenüberstehen können. Das kann ein Vorteil (sachliche Hilfe, kein Mitleid), aber auch ein Nachteil sein."},{"time":1702312472574,"type":"selected","value":"FALSE"}],"isTextChangeable":1},{"id":"6bc0d6b8-3767-41b9-9d1e-92e2caf76012","value":0,"text":"","comment":"","position":{"x":722.4,"y":182.6},"isActive":false,"date":1702312481449,"kind":"Node","isSelected":false,"isConnectorSelected":false,"isDraggable":1,"isDeletable":1,"hasElementMoved":false,"eventLog":[{"time":1702312481449,"type":"create node","value":0},{"time":1702312491985,"type":"selected","value":1},{"time":1702312493498,"type":"node was deleted","value":-99}],"isTextChangeable":1},{"id":"20f9bc0c-3186-43c4-b7f0-64600f154df7","value":0,"text":"","comment":"","position":{"x":651.4,"y":155.6},"isActive":false,"date":1702312486766,"kind":"Node","isSelected":false,"isConnectorSelected":false,"isDraggable":1,"isDeletable":1,"hasElementMoved":false,"eventLog":[{"time":1702312486766,"type":"create node","value":0},{"time":1702312488396,"type":"selected","value":1},{"time":1702312490815,"type":"node was deleted","value":-99}],"isTextChangeable":1},{"id":"fcbfa689-3ac9-43b7-9096-84aab8ca1185","value":0,"text":"","comment":"","position":{"x":643.4,"y":446.6},"isActive":false,"date":1702312507721,"kind":"Node","isSelected":false,"isConnectorSelected":false,"isDraggable":1,"isDeletable":1,"hasElementMoved":false,"eventLog":[{"time":1702312507721,"type":"create node","value":0},{"time":1702312515102,"type":"selected","value":1},{"time":1702312517545,"type":"node was deleted","value":-99}],"isTextChangeable":1},{"id":"59e14e29-21c4-4575-9232-c8f5e5800686","value":0,"text":"","comment":"","position":{"x":643.4,"y":446.6},"isActive":false,"date":1702312507922,"kind":"Node","isSelected":false,"isConnectorSelected":false,"isDraggable":1,"isDeletable":1,"hasElementMoved":false,"eventLog":[{"time":1702312507922,"type":"create node","value":0},{"time":1702312511665,"type":"selected","value":1},{"time":1702312512846,"type":"node was deleted","value":-99}],"isTextChangeable":1},{"id":"1724b8b7-8a9a-4d92-8b50-f1dea4335384","value":10,"text":"error proneness","comment":"Artificial assistants make fewer careless mistakes than humans, but they might not 'understand' glaring errors.","position":{"x":633.4,"y":522.6},"isActive":true,"date":1702312519675,"kind":"Node","isSelected":false,"isConnectorSelected":false,"isDraggable":1,"isDeletable":1,"hasElementMoved":false,"eventLog":[{"time":1702312519675,"type":"create node","value":"0"},{"time":1702312521500,"type":"selected","value":"TRUE"},{"time":1702312624067,"type":"text","value":"Fehleranfälligkeit"},{"time":1702312624067,"type":"value","value":"10"},{"time":1702312624067,"type":"comment","value":"Künstliche Helfer machen weniger Flüchtigkeitsfehler als Menschen, \"verstehen\" aber möglicherweise krasse Fehler nicht."},{"time":1702312624067,"type":"selected","value":"FALSE"}],"isTextChangeable":1},{"id":"ef19c2a5-9128-4a47-a4ff-9ac582b66ce5","value":-2,"text":"neglect by society","comment":"To me, the reliance on artificial helpers seems like a failure of society. Shouldn't we be able to adequately support those in need?","position":{"x":294.4,"y":115.6},"isActive":true,"date":1702312627227,"kind":"Node","isSelected":false,"isConnectorSelected":false,"isDraggable":1,"isDeletable":1,"hasElementMoved":false,"eventLog":[{"time":1702312627227,"type":"create node","value":"0"},{"time":1702312628491,"type":"selected","value":"TRUE"},{"time":1702312707057,"type":"text","value":"Vernachlässigung"},{"time":1702312707057,"type":"value","value":"-2"},{"time":1702312707057,"type":"comment","value":"Mir erscheint das Zurückgreifen auf künstliche Helfer als ein Versagen der Gesellschaft. Sollte man nicht in der Lage sein, Hilfebedürftige angemessen zu unterstützen?"},{"time":1702312707057,"type":"selected","value":"FALSE"},{"time":1702312797594,"type":"selected","value":"TRUE"},{"time":1702312805460,"type":"text","value":"Vernachlässigung durch Gesellschaft"},{"time":1702312805460,"type":"selected","value":"FALSE"}],"isTextChangeable":1},{"id":"fc826713-3fef-415d-bd78-5b0aa2fd04b5","value":-3,"text":"loneliness","comment":"Artificial assistants cannot replace human interaction. Especially for older people, assistant personnel may be the only people they encounter throughout the day.","position":{"x":199.4,"y":335.6},"isActive":true,"date":1702312794689,"kind":"Node","isSelected":false,"isConnectorSelected":false,"isDraggable":1,"isDeletable":1,"hasElementMoved":false,"eventLog":[{"time":1702312794689,"type":"create node","value":"0"},{"time":1702312807081,"type":"selected","value":"TRUE"},{"time":1702312889415,"type":"text","value":"Vereinsamung"},{"time":1702312889415,"type":"value","value":"-3"},{"time":1702312889415,"type":"comment","value":"Künstliche Assistenten können menschliche Ansprache nicht ersetzen. Gerade für ältere Menschen können Assistenzpersonen die einzigen Menschen sein, die ihnen im Laufe des Tages begegnen."},{"time":1702312889415,"type":"selected","value":"FALSE"}],"isTextChangeable":1},{"id":"d4648d68-414f-44df-a035-7400b07b325b","value":-2,"text":"data protection","comment":"How does one prevent the robot from disclosing private information? Unlike a human assistant, whom you can trust or not, the robot is 'opaque' to the person needing help.","position":{"x":242.4,"y":539.6},"isActive":true,"date":1702312899226,"kind":"Node","isSelected":false,"isConnectorSelected":false,"isDraggable":1,"isDeletable":1,"hasElementMoved":false,"eventLog":[{"time":1702312899226,"type":"create node","value":"0"},{"time":1702312900666,"type":"selected","value":"TRUE"},{"time":1702313037326,"type":"text","value":"Datenschutz"},{"time":1702313037326,"type":"value","value":"-2"},{"time":1702313037326,"type":"comment","value":"Wie verhindert man, dass der Roboter private Informationen nach außen gibt? Im Gegensatz zu einer menschlichen Assistenzperson, der man vertraut oder auch nicht, ist der Roboter \"undurchschaubar\" für den Hilfebedürftigen."},{"time":1702313037326,"type":"selected","value":"FALSE"}],"isTextChangeable":1},{"id":"56ebefa9-826e-4cd6-a641-4bf0b60f7ce4","value":-2,"text":"danger","comment":"A malfunctioning robot can seriously endanger people. Software problems can never be ruled out even in safety-critical environments.","position":{"x":434.4,"y":559.6},"isActive":true,"date":1702313084234,"kind":"Node","isSelected":false,"isConnectorSelected":false,"isDraggable":1,"isDeletable":1,"hasElementMoved":false,"eventLog":[{"time":1702313084234,"type":"create node","value":"0"},{"time":1702313085088,"type":"selected","value":"TRUE"},{"time":1702313167317,"type":"text","value":"Gefahr"},{"time":1702313167317,"type":"value","value":"-2"},{"time":1702313167317,"type":"comment","value":"Ein fehlfunktionierender Roboter kann Menschen ernsthaft in Gefahr bringen. Softwareprobleme sind auch in sicherheitsrelevanten Umgebungen nie auszuschließen."},{"time":1702313167317,"type":"selected","value":"FALSE"}],"isTextChangeable":1},{"id":"c5cf26b3-b0b5-4c8c-8233-1a4db8afeed3","value":2,"text":"entertainment value","comment":"People are fascinated by robots. So maybe an artificial assistant also has some entertainment value? It would please those in need of help and would therefore be useful.","position":{"x":802.4,"y":527.6},"isActive":true,"date":1702313181422,"kind":"Node","isSelected":false,"isConnectorSelected":false,"isDraggable":1,"isDeletable":1,"hasElementMoved":false,"eventLog":[{"time":1702313181422,"type":"create node","value":"0"},{"time":1702313182353,"type":"selected","value":"TRUE"},{"time":1702313255935,"type":"text","value":"Unterhaltungswert"},{"time":1702313255935,"type":"value","value":"2"},{"time":1702313255935,"type":"comment","value":"Menschen sind von Robotern fasziniert. Vielleicht hat ein künstlicher Assistenz also auch einigen Unterhaltungswert? Freut den Hilfsbedürtigen und wäre daher nützlich."},{"time":1702313255935,"type":"selected","value":"FALSE"}],"isTextChangeable":1}],"connectors":[{"id":"0f22beed-e017-440a-b1e2-11ece498f402","source":"53353b4b-34af-4451-a239-ae3f2fa3a03e","target":"29c7c699-159b-46e8-9275-00d1b35bc1cc","agreement":true,"isActive":true,"date":1702311816246,"kind":"Connector","isSelected":false,"intensity":3,"isDeletable":false,"isOver":false,"isBidirectional":false,"eventLog":[{"time":1702311816246,"type":"create connection"}]},{"id":"0bb8f1b1-e4d9-402a-9e0a-dc9b3690ae2d","source":"53353b4b-34af-4451-a239-ae3f2fa3a03e","target":"4c898502-6e4c-4d14-9d73-7cd38cd36b8e","agreement":true,"isActive":true,"date":1702311816247,"kind":"Connector","isSelected":false,"intensity":3,"isDeletable":true,"isOver":false,"isBidirectional":false,"eventLog":[{"time":1702311816247,"type":"create connection"}]},{"id":"817115a5-a6dd-4810-9d29-f0aa2c364bb5","source":"45327985-03fc-4404-8e28-c651b1b72fe3","target":"4c898502-6e4c-4d14-9d73-7cd38cd36b8e","agreement":true,"isActive":true,"date":1702312726804,"kind":"Connector","isSelected":false,"intensity":3,"isDeletable":true,"isOver":false,"isBidirectional":false,"eventLog":[{"time":1702312726804,"type":"create connection"}]},{"id":"2f7c39c2-04f6-41a0-a739-4ba748539382","source":"45327985-03fc-4404-8e28-c651b1b72fe3","target":"186f1ee8-b4aa-484f-add5-5f4c77ff3026","agreement":true,"isActive":true,"date":1702312736066,"kind":"Connector","isSelected":false,"intensity":3,"isDeletable":true,"isOver":false,"isBidirectional":false,"eventLog":[{"time":1702312736066,"type":"create connection"}]},{"id":"bcae7bd0-c3e2-4475-a1cd-92e3e896442d","source":"186f1ee8-b4aa-484f-add5-5f4c77ff3026","target":"2b0bc828-7e6f-48e5-94ca-b88564194e84","agreement":true,"isActive":true,"date":1702312738843,"kind":"Connector","isSelected":false,"intensity":3,"isDeletable":true,"isOver":false,"isBidirectional":false,"eventLog":[{"time":1702312738843,"type":"create connection"}]},{"id":"edeede97-b9bf-4125-9005-5ff6b0e0d243","source":"2b0bc828-7e6f-48e5-94ca-b88564194e84","target":"4c898502-6e4c-4d14-9d73-7cd38cd36b8e","agreement":true,"isActive":true,"date":1702312742270,"kind":"Connector","isSelected":false,"intensity":3,"isDeletable":true,"isOver":false,"isBidirectional":false,"eventLog":[{"time":1702312742270,"type":"create connection"}]},{"id":"207aecb5-8d7c-4600-b770-ddb59248609a","source":"186f1ee8-b4aa-484f-add5-5f4c77ff3026","target":"4c898502-6e4c-4d14-9d73-7cd38cd36b8e","agreement":true,"isActive":true,"date":1702312743500,"kind":"Connector","isSelected":false,"intensity":3,"isDeletable":true,"isOver":false,"isBidirectional":false,"eventLog":[{"time":1702312743500,"type":"create connection"}]},{"id":"5b05478c-ae4f-42d2-a8f7-49144ce29bdd","source":"c0123122-f245-448c-8ccb-c8c3a1fc9ae5","target":"53353b4b-34af-4451-a239-ae3f2fa3a03e","agreement":true,"isActive":true,"date":1702312749017,"kind":"Connector","isSelected":false,"intensity":3,"isDeletable":true,"isOver":false,"isBidirectional":false,"eventLog":[{"time":1702312749017,"type":"create connection"}]},{"id":"90e75b35-3209-4d15-b28c-19f3f7c7e8fa","source":"53353b4b-34af-4451-a239-ae3f2fa3a03e","target":"1724b8b7-8a9a-4d92-8b50-f1dea4335384","agreement":true,"isActive":true,"date":1702312750697,"kind":"Connector","isSelected":false,"intensity":3,"isDeletable":true,"isOver":false,"isBidirectional":false,"eventLog":[{"time":1702312750697,"type":"create connection"}]},{"id":"b9d0eb5a-79eb-4aa6-8734-14bd1f88a60d","source":"ef19c2a5-9128-4a47-a4ff-9ac582b66ce5","target":"29c7c699-159b-46e8-9275-00d1b35bc1cc","agreement":true,"isActive":true,"date":1702312756052,"kind":"Connector","isSelected":false,"intensity":3,"isDeletable":true,"isOver":false,"isBidirectional":false,"eventLog":[{"time":1702312756052,"type":"create connection"},{"time":1702312761298,"type":"selected","value":1},{"time":1702312769026,"type":"change intensity of connector","value":3},{"time":1702312769026,"type":"selected","value":0}]},{"id":"c5512e4a-6a47-4b7f-8d25-6890ff030318","source":"fc826713-3fef-415d-bd78-5b0aa2fd04b5","target":"ef19c2a5-9128-4a47-a4ff-9ac582b66ce5","agreement":true,"isActive":true,"date":1702312893431,"kind":"Connector","isSelected":false,"intensity":3,"isDeletable":true,"isOver":false,"isBidirectional":false,"eventLog":[{"time":1702312893431,"type":"create connection"}]},{"id":"3d30a65a-a26c-45be-9929-c6ba615ddac4","source":"fc826713-3fef-415d-bd78-5b0aa2fd04b5","target":"29c7c699-159b-46e8-9275-00d1b35bc1cc","agreement":true,"isActive":true,"date":1702312896752,"kind":"Connector","isSelected":false,"intensity":3,"isDeletable":true,"isOver":false,"isBidirectional":false,"eventLog":[{"time":1702312896752,"type":"create connection"}]},{"id":"b6d589ba-4916-42e5-8901-80a63ec6e9c2","source":"d4648d68-414f-44df-a035-7400b07b325b","target":"29c7c699-159b-46e8-9275-00d1b35bc1cc","agreement":true,"isActive":true,"date":1702313039993,"kind":"Connector","isSelected":false,"intensity":3,"isDeletable":true,"isOver":false,"isBidirectional":false,"eventLog":[{"time":1702313039993,"type":"create connection"}]},{"id":"4b6205d6-5864-41c8-a0fc-d3dc4169e632","source":"29c7c699-159b-46e8-9275-00d1b35bc1cc","target":"56ebefa9-826e-4cd6-a641-4bf0b60f7ce4","agreement":true,"isActive":true,"date":1702313171310,"kind":"Connector","isSelected":false,"intensity":3,"isDeletable":true,"isOver":false,"isBidirectional":false,"eventLog":[{"time":1702313171310,"type":"create connection"}]},{"id":"16929a72-dcbe-4dec-a5af-4db0e1119149","source":"d4648d68-414f-44df-a035-7400b07b325b","target":"56ebefa9-826e-4cd6-a641-4bf0b60f7ce4","agreement":true,"isActive":true,"date":1702313173149,"kind":"Connector","isSelected":false,"intensity":3,"isDeletable":true,"isOver":false,"isBidirectional":false,"eventLog":[{"time":1702313173149,"type":"create connection"}]},{"id":"64e9f954-92e5-4c9d-ab50-007083a4065f","source":"4c898502-6e4c-4d14-9d73-7cd38cd36b8e","target":"c5cf26b3-b0b5-4c8c-8233-1a4db8afeed3","agreement":true,"isActive":true,"date":1702313257800,"kind":"Connector","isSelected":false,"intensity":3,"isDeletable":true,"isOver":false,"isBidirectional":false,"eventLog":[{"time":1702313257800,"type":"create connection"}]},{"id":"eca68f48-5296-4f9b-ba2f-ce3197711e26","source":"c5cf26b3-b0b5-4c8c-8233-1a4db8afeed3","target":"2b0bc828-7e6f-48e5-94ca-b88564194e84","agreement":true,"isActive":true,"date":1702313260011,"kind":"Connector","isSelected":false,"intensity":3,"isDeletable":true,"isOver":false,"isBidirectional":false,"eventLog":[{"time":1702313260011,"type":"create connection"}]}],"currentID":{},"currentNode":{},"hasSelectedNode":[false],"currentConnector":{},"hasSelectedConnector":[false],"readyToMove":[false],"isIncoming":[false],"hasElementMoved":[false]}
