{"idCAM":["0120ecba-5e43-4098-8d1e-12bf1ceaa771"],"creator":["5ed0f0bb34177d0009582f38_post"],"projectCAM":["S2_CAM part 2"],"defocusCAM":[null],"date":[1702313538583],"nodes":[{"id":"ad986a34-9b12-4ae8-bfec-efb188b7f212","value":0,"text":"social assistance robot","comment":"","position":{"x":650,"y":400},"isActive":true,"date":1702313539438,"kind":"Node","isSelected":false,"isConnectorSelected":false,"isDraggable":0,"isDeletable":0,"hasElementMoved":false,"eventLog":[{"time":1702313539438,"type":"create node","value":0}],"isTextChangeable":0},{"id":"0a82521d-322e-4696-a71a-5ce2f5d17808","value":0,"text":"disadvantages","comment":"","position":{"x":450,"y":400},"isActive":true,"date":1702313539439,"kind":"Node","isSelected":false,"isConnectorSelected":false,"isDraggable":0,"isDeletable":0,"hasElementMoved":false,"eventLog":[{"time":1702313539439,"type":"create node","value":0}],"isTextChangeable":0},{"id":"35c9b9d6-e34b-470e-b675-2bba45b5f1ad","value":0,"text":"advantages","comment":"","position":{"x":850,"y":400},"isActive":true,"date":1702313539440,"kind":"Node","isSelected":false,"isConnectorSelected":false,"isDraggable":0,"isDeletable":0,"hasElementMoved":false,"eventLog":[{"time":1702313539440,"type":"create node","value":0}],"isTextChangeable":0},{"id":"45dd153b-3035-4a04-b789-d5a52cc94979","value":3,"text":"compensation for deficiency","comment":"","position":{"x":926.4,"y":264.6},"isActive":true,"date":1702313539440,"kind":"Node","isSelected":false,"isConnectorSelected":false,"isDraggable":1,"isDeletable":1,"hasElementMoved":false,"eventLog":[{"time":1702313539440,"type":"create node","value":3}],"isTextChangeable":1},{"id":"195c0860-d4a7-44e4-b942-6d32b6d7f965","value":2,"text":"patience and endurance","comment":"","position":{"x":1007.4,"y":371.6},"isActive":true,"date":1702313539440,"kind":"Node","isSelected":false,"isConnectorSelected":false,"isDraggable":1,"isDeletable":1,"hasElementMoved":false,"eventLog":[{"time":1702313539440,"type":"create node","value":2}],"isTextChangeable":1},{"id":"aa1758b3-9a8a-4f97-ad39-0314bba08d37","value":2,"text":"acceptance of help","comment":"","position":{"x":991.4,"y":523.6},"isActive":true,"date":1702313539440,"kind":"Node","isSelected":false,"isConnectorSelected":false,"isDraggable":1,"isDeletable":1,"hasElementMoved":false,"eventLog":[{"time":1702313539440,"type":"create node","value":2}],"isTextChangeable":1},{"id":"249b390f-5a09-4e1d-954e-3c81c4283d71","value":10,"text":"lack of empathy","comment":"","position":{"x":618.4,"y":159.6},"isActive":true,"date":1702313539440,"kind":"Node","isSelected":false,"isConnectorSelected":false,"isDraggable":1,"isDeletable":1,"hasElementMoved":false,"eventLog":[{"time":1702313539440,"type":"create node","value":10}],"isTextChangeable":1},{"id":"712d8a42-214d-4343-aca7-ba554df92935","value":10,"text":"error proneness","comment":"","position":{"x":633.4,"y":522.6},"isActive":true,"date":1702313539440,"kind":"Node","isSelected":false,"isConnectorSelected":false,"isDraggable":1,"isDeletable":1,"hasElementMoved":false,"eventLog":[{"time":1702313539440,"type":"create node","value":10}],"isTextChangeable":1},{"id":"c3f44720-8785-4767-89fb-75bc6d1f4a00","value":-2,"text":"neglect by society","comment":"","position":{"x":294.4,"y":115.6},"isActive":true,"date":1702313539440,"kind":"Node","isSelected":false,"isConnectorSelected":false,"isDraggable":1,"isDeletable":1,"hasElementMoved":false,"eventLog":[{"time":1702313539440,"type":"create node","value":-2}],"isTextChangeable":1},{"id":"9d64558e-7747-4822-90e9-5ace2ef9239b","value":-3,"text":"loneliness","comment":"","position":{"x":199.4,"y":335.6},"isActive":true,"date":1702313539441,"kind":"Node","isSelected":false,"isConnectorSelected":false,"isDraggable":1,"isDeletable":1,"hasElementMoved":false,"eventLog":[{"time":1702313539441,"type":"create node","value":-3}],"isTextChangeable":1},{"id":"098c979b-c642-4c4e-aa94-1705df31f83a","value":-2,"text":"data protection","comment":"","position":{"x":242.4,"y":539.6},"isActive":true,"date":1702313539441,"kind":"Node","isSelected":false,"isConnectorSelected":false,"isDraggable":1,"isDeletable":1,"hasElementMoved":false,"eventLog":[{"time":1702313539441,"type":"create node","value":-2}],"isTextChangeable":1},{"id":"75b67e54-3ba0-4e77-b076-d3947dbc45e2","value":-2,"text":"danger","comment":"","position":{"x":434.4,"y":559.6},"isActive":true,"date":1702313539442,"kind":"Node","isSelected":false,"isConnectorSelected":false,"isDraggable":1,"isDeletable":1,"hasElementMoved":false,"eventLog":[{"time":1702313539442,"type":"create node","value":-2}],"isTextChangeable":1},{"id":"a13fc958-b3e3-49a6-8f82-192a848604e5","value":2,"text":"entertainment value","comment":"","position":{"x":802.4,"y":527.6},"isActive":true,"date":1702313539442,"kind":"Node","isSelected":false,"isConnectorSelected":false,"isDraggable":1,"isDeletable":1,"hasElementMoved":false,"eventLog":[{"time":1702313539442,"type":"create node","value":2}],"isTextChangeable":1},{"id":"c2886c5f-d2dd-4c5b-a131-ce2ae0197983","value":-3,"text":"feigning empathy","comment":"The described robots do not 'react' as a living being would. They have no will and no feelings. The 'reactions' are deception, as they suggest empathy to those in need.","position":{"x":459.4,"y":105.6},"isActive":true,"date":1702313549115,"kind":"Node","isSelected":false,"isConnectorSelected":false,"isDraggable":1,"isDeletable":1,"hasElementMoved":false,"eventLog":[{"time":1702313549115,"type":"create node","value":"0"},{"time":1702313550547,"type":"selected","value":"TRUE"},{"time":1702313651216,"type":"text","value":"Vortäuschen von Empathie"},{"time":1702313651216,"type":"value","value":"-3"},{"time":1702313651216,"type":"comment","value":"Die beschriebenen Roboter \"reagieren\" nicht, wie ein Lebewesen das tun würde. Sie haben keinen Willen und keine Empfindungen. Die \"Reaktionen\" sind Betrug, da sie den Hilfebedürftigen Empathie suggerieren."},{"time":1702313651216,"type":"selected","value":"FALSE"},{"time":1702313654817,"type":"selected","value":"TRUE"},{"time":1702313657767,"type":"selected","value":"FALSE"}],"isTextChangeable":1},{"id":"3c0c8c9e-6ab6-4ffc-9c3f-aff277514754","value":0,"text":"","comment":"","position":{"x":410.4,"y":107.6},"isActive":false,"date":1702313666032,"kind":"Node","isSelected":false,"isConnectorSelected":false,"isDraggable":1,"isDeletable":1,"hasElementMoved":false,"eventLog":[{"time":1702313666032,"type":"create node","value":0},{"time":1702313670950,"type":"selected","value":1},{"time":1702313672346,"type":"node was deleted","value":-99}],"isTextChangeable":1}],"connectors":[{"id":"5bb33ebc-9a58-4595-91d4-f06a419dcfd3","source":"ad986a34-9b12-4ae8-bfec-efb188b7f212","target":"0a82521d-322e-4696-a71a-5ce2f5d17808","agreement":true,"isActive":true,"date":1702313539443,"kind":"Connector","isSelected":false,"intensity":3,"isDeletable":false,"isOver":false,"isBidirectional":false,"eventLog":[{"time":1702313539443,"type":"create connection"}]},{"id":"21aa7c2d-5a04-4231-9752-b9713c6e0d83","source":"ad986a34-9b12-4ae8-bfec-efb188b7f212","target":"35c9b9d6-e34b-470e-b675-2bba45b5f1ad","agreement":true,"isActive":true,"date":1702313539444,"kind":"Connector","isSelected":false,"intensity":3,"isDeletable":true,"isOver":false,"isBidirectional":false,"eventLog":[{"time":1702313539444,"type":"create connection"}]},{"id":"87d7ae35-2fed-4a7b-a459-7f7e037a67aa","source":"45dd153b-3035-4a04-b789-d5a52cc94979","target":"35c9b9d6-e34b-470e-b675-2bba45b5f1ad","agreement":true,"isActive":true,"date":1702313539444,"kind":"Connector","isSelected":false,"intensity":3,"isDeletable":true,"isOver":false,"isBidirectional":false,"eventLog":[{"time":1702313539444,"type":"create connection"}]},{"id":"8b475fc1-02a8-47fb-badf-4f0c68f95d63","source":"45dd153b-3035-4a04-b789-d5a52cc94979","target":"195c0860-d4a7-44e4-b942-6d32b6d7f965","agreement":true,"isActive":true,"date":1702313539445,"kind":"Connector","isSelected":false,"intensity":3,"isDeletable":true,"isOver":false,"isBidirectional":false,"eventLog":[{"time":1702313539445,"type":"create connection"}]},{"id":"d065abea-fea2-4155-9b05-5e53042f3d1f","source":"195c0860-d4a7-44e4-b942-6d32b6d7f965","target":"aa1758b3-9a8a-4f97-ad39-0314bba08d37","agreement":true,"isActive":true,"date":1702313539445,"kind":"Connector","isSelected":false,"intensity":3,"isDeletable":true,"isOver":false,"isBidirectional":false,"eventLog":[{"time":1702313539445,"type":"create connection"}]},{"id":"23eb6232-ac08-46b0-b640-f1cb73bbd5a1","source":"aa1758b3-9a8a-4f97-ad39-0314bba08d37","target":"35c9b9d6-e34b-470e-b675-2bba45b5f1ad","agreement":true,"isActive":true,"date":1702313539445,"kind":"Connector","isSelected":false,"intensity":3,"isDeletable":true,"isOver":false,"isBidirectional":false,"eventLog":[{"time":1702313539445,"type":"create connection"}]},{"id":"28fbcc17-cbb6-435a-a6f8-2df403babd36","source":"195c0860-d4a7-44e4-b942-6d32b6d7f965","target":"35c9b9d6-e34b-470e-b675-2bba45b5f1ad","agreement":true,"isActive":true,"date":1702313539446,"kind":"Connector","isSelected":false,"intensity":3,"isDeletable":true,"isOver":false,"isBidirectional":false,"eventLog":[{"time":1702313539446,"type":"create connection"}]},{"id":"a199f364-6738-41ef-ab90-4bb8ff40ca0f","source":"249b390f-5a09-4e1d-954e-3c81c4283d71","target":"ad986a34-9b12-4ae8-bfec-efb188b7f212","agreement":true,"isActive":true,"date":1702313539446,"kind":"Connector","isSelected":false,"intensity":3,"isDeletable":true,"isOver":false,"isBidirectional":false,"eventLog":[{"time":1702313539446,"type":"create connection"}]},{"id":"0ee9efdc-3840-4386-b37e-4c7aac205e66","source":"ad986a34-9b12-4ae8-bfec-efb188b7f212","target":"712d8a42-214d-4343-aca7-ba554df92935","agreement":true,"isActive":true,"date":1702313539446,"kind":"Connector","isSelected":false,"intensity":3,"isDeletable":true,"isOver":false,"isBidirectional":false,"eventLog":[{"time":1702313539446,"type":"create connection"}]},{"id":"5f991894-656c-4ba2-a9e8-d72297f110d2","source":"c3f44720-8785-4767-89fb-75bc6d1f4a00","target":"0a82521d-322e-4696-a71a-5ce2f5d17808","agreement":true,"isActive":true,"date":1702313539446,"kind":"Connector","isSelected":false,"intensity":3,"isDeletable":true,"isOver":false,"isBidirectional":false,"eventLog":[{"time":1702313539446,"type":"create connection"}]},{"id":"2c217863-b9ae-4acc-b8ae-47821f8eb2b6","source":"9d64558e-7747-4822-90e9-5ace2ef9239b","target":"c3f44720-8785-4767-89fb-75bc6d1f4a00","agreement":true,"isActive":true,"date":1702313539447,"kind":"Connector","isSelected":false,"intensity":3,"isDeletable":true,"isOver":false,"isBidirectional":false,"eventLog":[{"time":1702313539447,"type":"create connection"}]},{"id":"5d71509a-ae79-4bc0-ba19-644e19bd3a38","source":"9d64558e-7747-4822-90e9-5ace2ef9239b","target":"0a82521d-322e-4696-a71a-5ce2f5d17808","agreement":true,"isActive":true,"date":1702313539447,"kind":"Connector","isSelected":false,"intensity":3,"isDeletable":true,"isOver":false,"isBidirectional":false,"eventLog":[{"time":1702313539447,"type":"create connection"}]},{"id":"f08e4008-ed67-4d45-994a-1971334f702c","source":"098c979b-c642-4c4e-aa94-1705df31f83a","target":"0a82521d-322e-4696-a71a-5ce2f5d17808","agreement":true,"isActive":true,"date":1702313539448,"kind":"Connector","isSelected":false,"intensity":3,"isDeletable":true,"isOver":false,"isBidirectional":false,"eventLog":[{"time":1702313539448,"type":"create connection"}]},{"id":"494be6eb-ec53-4133-9a85-7879be5168ff","source":"0a82521d-322e-4696-a71a-5ce2f5d17808","target":"75b67e54-3ba0-4e77-b076-d3947dbc45e2","agreement":true,"isActive":true,"date":1702313539448,"kind":"Connector","isSelected":false,"intensity":3,"isDeletable":true,"isOver":false,"isBidirectional":false,"eventLog":[{"time":1702313539448,"type":"create connection"}]},{"id":"2db6435d-ab66-452c-a6de-d8ec08680c83","source":"098c979b-c642-4c4e-aa94-1705df31f83a","target":"75b67e54-3ba0-4e77-b076-d3947dbc45e2","agreement":true,"isActive":true,"date":1702313539448,"kind":"Connector","isSelected":false,"intensity":3,"isDeletable":true,"isOver":false,"isBidirectional":false,"eventLog":[{"time":1702313539448,"type":"create connection"}]},{"id":"7dfe2807-4dd8-4aa1-b56a-e811cf83d0d0","source":"35c9b9d6-e34b-470e-b675-2bba45b5f1ad","target":"a13fc958-b3e3-49a6-8f82-192a848604e5","agreement":true,"isActive":true,"date":1702313539449,"kind":"Connector","isSelected":false,"intensity":3,"isDeletable":true,"isOver":false,"isBidirectional":false,"eventLog":[{"time":1702313539449,"type":"create connection"}]},{"id":"bf5cfca1-4c5b-490e-ab98-30e1336f6156","source":"a13fc958-b3e3-49a6-8f82-192a848604e5","target":"aa1758b3-9a8a-4f97-ad39-0314bba08d37","agreement":true,"isActive":true,"date":1702313539449,"kind":"Connector","isSelected":false,"intensity":3,"isDeletable":true,"isOver":false,"isBidirectional":false,"eventLog":[{"time":1702313539449,"type":"create connection"}]},{"id":"d1ffb40f-c805-41c0-8ec9-175a2b1a1573","source":"c2886c5f-d2dd-4c5b-a131-ce2ae0197983","target":"0a82521d-322e-4696-a71a-5ce2f5d17808","agreement":true,"isActive":true,"date":1702313660101,"kind":"Connector","isSelected":false,"intensity":3,"isDeletable":true,"isOver":false,"isBidirectional":false,"eventLog":[{"time":1702313660101,"type":"create connection"}]},{"id":"4c374905-4112-463f-853a-131abebb98b5","source":"c2886c5f-d2dd-4c5b-a131-ce2ae0197983","target":"9d64558e-7747-4822-90e9-5ace2ef9239b","agreement":true,"isActive":true,"date":1702313664900,"kind":"Connector","isSelected":false,"intensity":3,"isDeletable":true,"isOver":false,"isBidirectional":false,"eventLog":[{"time":1702313664900,"type":"create connection"}]},{"id":"26c6c96d-1e61-4a15-9e11-2a5487ce1391","source":"c2886c5f-d2dd-4c5b-a131-ce2ae0197983","target":"c3f44720-8785-4767-89fb-75bc6d1f4a00","agreement":true,"isActive":true,"date":1702313675076,"kind":"Connector","isSelected":false,"intensity":3,"isDeletable":true,"isOver":false,"isBidirectional":false,"eventLog":[{"time":1702313675076,"type":"create connection"}]},{"id":"915e18d5-d220-4696-99c1-c8bb613f0275","source":"c2886c5f-d2dd-4c5b-a131-ce2ae0197983","target":"249b390f-5a09-4e1d-954e-3c81c4283d71","agreement":true,"isActive":true,"date":1702313683704,"kind":"Connector","isSelected":false,"intensity":3,"isDeletable":true,"isOver":false,"isBidirectional":false,"eventLog":[{"time":1702313683704,"type":"create connection"}]}],"currentID":{},"currentNode":{},"hasSelectedNode":[false],"currentConnector":{},"hasSelectedConnector":[false],"readyToMove":[false],"isIncoming":[false]}
