{"idCAM":["403de1a7-3224-4069-980c-4c3a73d1d996"],"creator":["5edc8e2eaa0f2295a0fcef85_post"],"projectCAM":["S2_CAM part 2"],"defocusCAM":[],"date":[1702317017291],"nodes":[{"id":"44404b64-d318-4ce3-a59d-038aad4e3220","value":0,"text":"rescue robot","comment":"","position":{"x":650,"y":400},"isActive":true,"date":1702317018295,"kind":"Node","isSelected":false,"isConnectorSelected":false,"isDraggable":0,"isDeletable":0,"hasElementMoved":false,"eventLog":[{"time":1702317018295,"type":"create node","value":0}],"isTextChangeable":0},{"id":"0a4bd679-f225-4b36-a3e0-047c22709fe9","value":0,"text":"disadvantages","comment":"","position":{"x":450,"y":400},"isActive":true,"date":1702317018296,"kind":"Node","isSelected":false,"isConnectorSelected":false,"isDraggable":0,"isDeletable":0,"hasElementMoved":false,"eventLog":[{"time":1702317018296,"type":"create node","value":0}],"isTextChangeable":0},{"id":"366ad311-ac33-4c5c-9a31-fe2eb1f11df5","value":0,"text":"advantages","comment":"","position":{"x":850,"y":400},"isActive":true,"date":1702317018296,"kind":"Node","isSelected":false,"isConnectorSelected":false,"isDraggable":0,"isDeletable":0,"hasElementMoved":false,"eventLog":[{"time":1702317018296,"type":"create node","value":0}],"isTextChangeable":0},{"id":"00dd549d-e157-4100-84e5-fe15c4055371","value":-3,"text":"damage","comment":"","position":{"x":57.8889,"y":497.3333},"isActive":true,"date":1702317018296,"kind":"Node","isSelected":false,"isConnectorSelected":false,"isDraggable":1,"isDeletable":1,"hasElementMoved":false,"eventLog":[{"time":1702317018296,"type":"create node","value":"-3"},{"time":1702317275104,"type":"selected","value":"TRUE"},{"time":1702317288809,"type":"text","value":"beschadigung"},{"time":1702317288809,"type":"selected","value":"FALSE"}],"isTextChangeable":1},{"id":"db79566f-e9fd-47d6-9005-49ba3a7f7492","value":-1,"text":"precision","comment":"","position":{"x":286.8889,"y":494.3333},"isActive":true,"date":1702317018297,"kind":"Node","isSelected":false,"isConnectorSelected":false,"isDraggable":1,"isDeletable":1,"hasElementMoved":false,"eventLog":[{"time":1702317018297,"type":"create node","value":"-1"},{"time":1702317289610,"type":"selected","value":"TRUE"},{"time":1702317291330,"type":"selected","value":"FALSE"},{"time":1702317291665,"type":"selected","value":"TRUE"},{"time":1702317304660,"type":"text","value":"prazision"},{"time":1702317304660,"type":"selected","value":"FALSE"}],"isTextChangeable":1},{"id":"bdb4b270-55cf-4254-8f80-fc94866c6656","value":-2,"text":"prejudice","comment":"","position":{"x":173.8889,"y":496.3333},"isActive":true,"date":1702317018297,"kind":"Node","isSelected":false,"isConnectorSelected":false,"isDraggable":1,"isDeletable":1,"hasElementMoved":false,"eventLog":[{"time":1702317018297,"type":"create node","value":-2}],"isTextChangeable":1},{"id":"853148c8-59dc-4392-bc33-580dbb93d504","value":3,"text":"delivery","comment":"","position":{"x":793.8889,"y":491.3333},"isActive":true,"date":1702317018297,"kind":"Node","isSelected":false,"isConnectorSelected":false,"isDraggable":1,"isDeletable":1,"hasElementMoved":false,"eventLog":[{"time":1702317018297,"type":"create node","value":"3"},{"time":1702317229809,"type":"selected","value":"TRUE"},{"time":1702317238441,"type":"text","value":"lieferung"},{"time":1702317238441,"type":"selected","value":"FALSE"}],"isTextChangeable":1},{"id":"3422566f-b9be-406c-8029-9a2d4b5fc34c","value":2,"text":"flexibility","comment":"","position":{"x":900.8889,"y":492.3333},"isActive":true,"date":1702317018298,"kind":"Node","isSelected":false,"isConnectorSelected":false,"isDraggable":1,"isDeletable":1,"hasElementMoved":false,"eventLog":[{"time":1702317018298,"type":"create node","value":"2"},{"time":1702317238759,"type":"selected","value":"TRUE"},{"time":1702317250188,"type":"text","value":"flexibilitat"},{"time":1702317250188,"type":"selected","value":"FALSE"}],"isTextChangeable":1},{"id":"eb1e6177-e482-4483-9c48-9527dd62c126","value":1,"text":"access","comment":"","position":{"x":1005.8889,"y":492.3333},"isActive":true,"date":1702317018298,"kind":"Node","isSelected":false,"isConnectorSelected":false,"isDraggable":1,"isDeletable":1,"hasElementMoved":false,"eventLog":[{"time":1702317018298,"type":"create node","value":1},{"time":1702317251134,"type":"selected","value":1},{"time":1702317263536,"type":"selected","value":0}],"isTextChangeable":1},{"id":"84c668cf-da5c-4311-a6ac-bc6d8bb92743","value":10,"text":"adaptability","comment":"","position":{"x":462.8889,"y":48.3333},"isActive":true,"date":1702317018298,"kind":"Node","isSelected":false,"isConnectorSelected":false,"isDraggable":1,"isDeletable":1,"hasElementMoved":false,"eventLog":[{"time":1702317018298,"type":"create node","value":"10"},{"time":1702317311174,"type":"selected","value":"TRUE"},{"time":1702317326518,"type":"text","value":"anpassungfahigkeit"},{"time":1702317326518,"type":"selected","value":"FALSE"}],"isTextChangeable":1},{"id":"a1ea5087-739a-44ca-89c7-e2a5c96ca624","value":10,"text":"hybrid construction","comment":"","position":{"x":620.8889,"y":48.3333},"isActive":true,"date":1702317018299,"kind":"Node","isSelected":false,"isConnectorSelected":false,"isDraggable":1,"isDeletable":1,"hasElementMoved":false,"eventLog":[{"time":1702317018299,"type":"create node","value":"10"},{"time":1702317326849,"type":"selected","value":"TRUE"},{"time":1702317345385,"type":"text","value":"hybridkonstruktion"},{"time":1702317345385,"type":"selected","value":"FALSE"}],"isTextChangeable":1},{"id":"4046d1c4-f28c-49e9-b5e4-21eb3870e17b","value":10,"text":"remote control","comment":"","position":{"x":781.8889,"y":50.3333},"isActive":true,"date":1702317018299,"kind":"Node","isSelected":false,"isConnectorSelected":false,"isDraggable":1,"isDeletable":1,"hasElementMoved":false,"eventLog":[{"time":1702317018299,"type":"create node","value":"10"},{"time":1702317346635,"type":"selected","value":"TRUE"},{"time":1702317364407,"type":"text","value":"fernsteurung"},{"time":1702317364407,"type":"selected","value":"FALSE"}],"isTextChangeable":1},{"id":"d011fe20-9926-4600-b4b1-c9b47b6601de","value":0,"text":"navigation","comment":"","position":{"x":410.8889,"y":633.3333},"isActive":true,"date":1702317018299,"kind":"Node","isSelected":false,"isConnectorSelected":false,"isDraggable":1,"isDeletable":1,"hasElementMoved":false,"eventLog":[{"time":1702317018299,"type":"create node","value":"0"},{"time":1702317364783,"type":"selected","value":"TRUE"},{"time":1702317378866,"type":"text","value":"navigation"},{"time":1702317378866,"type":"selected","value":"FALSE"}],"isTextChangeable":1},{"id":"58078ccd-dfa0-4863-b208-44c8607d3039","value":0,"text":"contamination","comment":"","position":{"x":587.8889,"y":626.3333},"isActive":true,"date":1702317018299,"kind":"Node","isSelected":false,"isConnectorSelected":false,"isDraggable":1,"isDeletable":1,"hasElementMoved":false,"eventLog":[{"time":1702317018299,"type":"create node","value":"0"},{"time":1702317390563,"type":"selected","value":"TRUE"},{"time":1702317404142,"type":"text","value":"kontamination"},{"time":1702317404142,"type":"selected","value":"FALSE"}],"isTextChangeable":1},{"id":"7e2f8c2f-7e78-4fcd-81de-11f02a774728","value":0,"text":"injury risk","comment":"","position":{"x":811.8889,"y":632.3333},"isActive":true,"date":1702317018300,"kind":"Node","isSelected":false,"isConnectorSelected":false,"isDraggable":1,"isDeletable":1,"hasElementMoved":false,"eventLog":[{"time":1702317018300,"type":"create node","value":"0"},{"time":1702317404961,"type":"selected","value":"TRUE"},{"time":1702317419948,"type":"text","value":"verletzungsrisiko"},{"time":1702317419948,"type":"selected","value":"FALSE"}],"isTextChangeable":1},{"id":"5a5ced06-7fe1-448b-bf8d-7d76015717e4","value":1,"text":"autonomy","comment":"","position":{"x":1122.8889,"y":493.3333},"isActive":true,"date":1702317018300,"kind":"Node","isSelected":false,"isConnectorSelected":false,"isDraggable":1,"isDeletable":1,"hasElementMoved":false,"eventLog":[{"time":1702317018300,"type":"create node","value":1}],"isTextChangeable":1},{"id":"3f873898-b7c6-4294-9582-e81e17a118e2","value":0,"text":"f","comment":"","position":{"x":1216.8889,"y":489.3333},"isActive":true,"date":1702317209680,"kind":"Node","isSelected":false,"isConnectorSelected":false,"isDraggable":1,"isDeletable":1,"hasElementMoved":false,"eventLog":[{"time":"1702317209680","type":"create node","value":[0]},{"time":"2023-12-11T17:57:04.148Z","type":"position","value":{"x":[1173.8889],"y":[231.3333]}},{"time":"2023-12-11T17:57:06.315Z","type":"position","value":{"x":[1132.8889],"y":[381.3333]}},{"time":"1702317429553","type":"selected","value":[true]},{"time":"1702317431805","type":"text","value":["f"]},{"time":"1702317431805","type":"selected","value":[false]}],"isTextChangeable":1}],"connectors":[{"id":"e9cd6c53-4f62-4782-a2a1-d640ba522b25","source":"44404b64-d318-4ce3-a59d-038aad4e3220","target":"0a4bd679-f225-4b36-a3e0-047c22709fe9","agreement":true,"isActive":true,"date":1702317018301,"kind":"Connector","isSelected":false,"intensity":3,"isDeletable":false,"isOver":false,"isBidirectional":false,"eventLog":[{"time":1702317018302,"type":"create connection"}]},{"id":"bfaf7ea4-a906-4533-84fc-266be94c8434","source":"44404b64-d318-4ce3-a59d-038aad4e3220","target":"366ad311-ac33-4c5c-9a31-fe2eb1f11df5","agreement":true,"isActive":true,"date":1702317018303,"kind":"Connector","isSelected":false,"intensity":3,"isDeletable":true,"isOver":false,"isBidirectional":false,"eventLog":[{"time":1702317018303,"type":"create connection"}]},{"id":"465fc9d3-3648-4eeb-a4ab-e6bcbb47739b","source":"db79566f-e9fd-47d6-9005-49ba3a7f7492","target":"bdb4b270-55cf-4254-8f80-fc94866c6656","agreement":true,"isActive":true,"date":1702317018303,"kind":"Connector","isSelected":false,"intensity":3,"isDeletable":true,"isOver":false,"isBidirectional":false,"eventLog":[{"time":1702317018303,"type":"create connection"}]},{"id":"9afae46d-9502-4816-85c4-a54647dcf984","source":"bdb4b270-55cf-4254-8f80-fc94866c6656","target":"00dd549d-e157-4100-84e5-fe15c4055371","agreement":true,"isActive":true,"date":1702317018304,"kind":"Connector","isSelected":false,"intensity":3,"isDeletable":true,"isOver":false,"isBidirectional":false,"eventLog":[{"time":1702317018304,"type":"create connection"}]},{"id":"23ad5134-1ee7-4af1-a3b7-6c24696d6ff4","source":"eb1e6177-e482-4483-9c48-9527dd62c126","target":"3422566f-b9be-406c-8029-9a2d4b5fc34c","agreement":true,"isActive":true,"date":1702317018305,"kind":"Connector","isSelected":false,"intensity":3,"isDeletable":true,"isOver":false,"isBidirectional":false,"eventLog":[{"time":1702317018305,"type":"create connection"}]},{"id":"1b28d04a-dee8-4760-a1fd-36855f98988c","source":"853148c8-59dc-4392-bc33-580dbb93d504","target":"3422566f-b9be-406c-8029-9a2d4b5fc34c","agreement":true,"isActive":true,"date":1702317018306,"kind":"Connector","isSelected":false,"intensity":3,"isDeletable":true,"isOver":false,"isBidirectional":false,"eventLog":[{"time":1702317018306,"type":"create connection"}]},{"id":"86739022-f6d4-44a5-8a2f-6692bd9e8b1e","source":"a1ea5087-739a-44ca-89c7-e2a5c96ca624","target":"4046d1c4-f28c-49e9-b5e4-21eb3870e17b","agreement":true,"isActive":true,"date":1702317018307,"kind":"Connector","isSelected":false,"intensity":3,"isDeletable":true,"isOver":false,"isBidirectional":false,"eventLog":[{"time":1702317018307,"type":"create connection"}]},{"id":"af20cb60-2553-4e06-ba96-78352eece62d","source":"a1ea5087-739a-44ca-89c7-e2a5c96ca624","target":"84c668cf-da5c-4311-a6ac-bc6d8bb92743","agreement":true,"isActive":true,"date":1702317018307,"kind":"Connector","isSelected":false,"intensity":3,"isDeletable":true,"isOver":false,"isBidirectional":false,"eventLog":[{"time":1702317018308,"type":"create connection"}]},{"id":"dbac1bc3-1cb7-46fb-a805-6d7e93408b81","source":"7e2f8c2f-7e78-4fcd-81de-11f02a774728","target":"58078ccd-dfa0-4863-b208-44c8607d3039","agreement":true,"isActive":true,"date":1702317018308,"kind":"Connector","isSelected":false,"intensity":3,"isDeletable":true,"isOver":false,"isBidirectional":false,"eventLog":[{"time":1702317018308,"type":"create connection"}]},{"id":"ed6c965f-210e-4e49-a4c7-16b2d085ba3e","source":"d011fe20-9926-4600-b4b1-c9b47b6601de","target":"58078ccd-dfa0-4863-b208-44c8607d3039","agreement":true,"isActive":true,"date":1702317018309,"kind":"Connector","isSelected":false,"intensity":3,"isDeletable":true,"isOver":false,"isBidirectional":false,"eventLog":[{"time":1702317018309,"type":"create connection"}]},{"id":"dca3397b-8c12-465a-a3e8-dda2990eb2d5","source":"eb1e6177-e482-4483-9c48-9527dd62c126","target":"5a5ced06-7fe1-448b-bf8d-7d76015717e4","agreement":true,"isActive":true,"date":1702317018310,"kind":"Connector","isSelected":false,"intensity":3,"isDeletable":true,"isOver":false,"isBidirectional":false,"eventLog":[{"time":1702317018310,"type":"create connection"}]},{"id":"c46bae4a-c54b-420b-a415-597e8585b4a0","source":"db79566f-e9fd-47d6-9005-49ba3a7f7492","target":"0a4bd679-f225-4b36-a3e0-047c22709fe9","agreement":true,"isActive":true,"date":1702317018310,"kind":"Connector","isSelected":false,"intensity":3,"isDeletable":true,"isOver":false,"isBidirectional":false,"eventLog":[{"time":1702317018310,"type":"create connection"}]},{"id":"534e69e3-8223-4115-a66b-7cd2d5177732","source":"bdb4b270-55cf-4254-8f80-fc94866c6656","target":"853148c8-59dc-4392-bc33-580dbb93d504","agreement":true,"isActive":true,"date":1702317018311,"kind":"Connector","isSelected":false,"intensity":3,"isDeletable":true,"isOver":false,"isBidirectional":false,"eventLog":[{"time":1702317018311,"type":"create connection"}]},{"id":"9616f45b-1ae4-42b6-8872-71f11f37859b","source":"853148c8-59dc-4392-bc33-580dbb93d504","target":"db79566f-e9fd-47d6-9005-49ba3a7f7492","agreement":true,"isActive":true,"date":1702317018312,"kind":"Connector","isSelected":false,"intensity":3,"isDeletable":true,"isOver":false,"isBidirectional":false,"eventLog":[{"time":1702317018312,"type":"create connection"}]},{"id":"c79edb07-3633-464b-9a04-8abbbcc212b3","source":"853148c8-59dc-4392-bc33-580dbb93d504","target":"366ad311-ac33-4c5c-9a31-fe2eb1f11df5","agreement":true,"isActive":true,"date":1702317018312,"kind":"Connector","isSelected":false,"intensity":3,"isDeletable":true,"isOver":false,"isBidirectional":false,"eventLog":[{"time":1702317018312,"type":"create connection"}]},{"id":"6975cdea-2d21-430f-9fac-c89c1d9a6ad4","source":"58078ccd-dfa0-4863-b208-44c8607d3039","target":"44404b64-d318-4ce3-a59d-038aad4e3220","agreement":true,"isActive":true,"date":1702317018313,"kind":"Connector","isSelected":false,"intensity":3,"isDeletable":true,"isOver":false,"isBidirectional":false,"eventLog":[{"time":1702317018313,"type":"create connection"}]},{"id":"bfa8d47c-e737-4f46-8f2d-87d0cada527b","source":"a1ea5087-739a-44ca-89c7-e2a5c96ca624","target":"44404b64-d318-4ce3-a59d-038aad4e3220","agreement":true,"isActive":true,"date":1702317018313,"kind":"Connector","isSelected":false,"intensity":3,"isDeletable":true,"isOver":false,"isBidirectional":false,"eventLog":[{"time":1702317018313,"type":"create connection"}]},{"id":"5a84d207-1971-4c70-9ef7-e0c655830f0e","source":"3f873898-b7c6-4294-9582-e81e17a118e2","target":"5a5ced06-7fe1-448b-bf8d-7d76015717e4","agreement":true,"isActive":true,"date":1702317428152,"kind":"Connector","isSelected":false,"intensity":3,"isDeletable":true,"isOver":false,"isBidirectional":false,"eventLog":[{"time":1702317428152,"type":"create connection"}]}],"currentID":{},"currentNode":{},"hasSelectedNode":[false],"currentConnector":{},"hasSelectedConnector":[false],"readyToMove":[false],"isIncoming":[false],"hasElementMoved":[false]}
