{"idCAM":["83adecc7-c698-4781-a2a6-195f13cfd11f"],"creator":["5f298b2b7823df0a46e25d81_post"],"projectCAM":["S2_CAM part 2"],"defocusCAM":[null],"date":[1702312902367],"nodes":[{"id":"cda5f030-98b3-4234-91ca-37c1d809e4e5","value":0,"text":"rescue robot","comment":"","position":{"x":650,"y":400},"isActive":true,"date":1702312903266,"kind":"Node","isSelected":false,"isConnectorSelected":false,"isDraggable":0,"isDeletable":0,"hasElementMoved":false,"eventLog":[{"time":1702312903266,"type":"create node","value":0}],"isTextChangeable":0},{"id":"c65245ba-a3d6-474f-9cd7-23e1a717c23a","value":-3,"text":"disadvantages","comment":"","position":{"x":450,"y":400},"isActive":true,"date":1702312903267,"kind":"Node","isSelected":false,"isConnectorSelected":false,"isDraggable":0,"isDeletable":0,"hasElementMoved":false,"eventLog":[{"time":1702312903267,"type":"create node","value":-3}],"isTextChangeable":0},{"id":"0a867d5d-0e34-4cd3-92ec-7416c1ed4d2e","value":3,"text":"advantages","comment":"","position":{"x":850,"y":400},"isActive":true,"date":1702312903267,"kind":"Node","isSelected":false,"isConnectorSelected":false,"isDraggable":0,"isDeletable":0,"hasElementMoved":false,"eventLog":[{"time":1702312903267,"type":"create node","value":3}],"isTextChangeable":0},{"id":"f889bb08-376c-488c-ac87-c0f570dfbda6","value":3,"text":"support of human forces","comment":"","position":{"x":1111.4667,"y":419.7},"isActive":true,"date":1702312903267,"kind":"Node","isSelected":false,"isConnectorSelected":false,"isDraggable":1,"isDeletable":1,"hasElementMoved":false,"eventLog":[{"time":1702312903267,"type":"create node","value":3}],"isTextChangeable":1},{"id":"bf77495e-129c-4bc4-9f8e-6df7d1c433a0","value":3,"text":"investigation of inaccessible places","comment":"","position":{"x":820.4667,"y":187.7},"isActive":true,"date":1702312903267,"kind":"Node","isSelected":false,"isConnectorSelected":false,"isDraggable":1,"isDeletable":1,"hasElementMoved":false,"eventLog":[{"time":1702312903267,"type":"create node","value":3}],"isTextChangeable":1},{"id":"f43409c3-ae17-4f12-a75a-634afda0d857","value":-3,"text":"bias by algorithms","comment":"","position":{"x":371.4667,"y":263.7},"isActive":true,"date":1702312903267,"kind":"Node","isSelected":false,"isConnectorSelected":false,"isDraggable":1,"isDeletable":1,"hasElementMoved":false,"eventLog":[{"time":1702312903267,"type":"create node","value":-3}],"isTextChangeable":1},{"id":"f799da77-2590-401b-ae30-539e5040a4b9","value":3,"text":"can save lives","comment":"","position":{"x":955.4667,"y":292.7},"isActive":true,"date":1702312903267,"kind":"Node","isSelected":false,"isConnectorSelected":false,"isDraggable":1,"isDeletable":1,"hasElementMoved":false,"eventLog":[{"time":1702312903267,"type":"create node","value":3}],"isTextChangeable":1},{"id":"4f7bc072-41e0-472d-8711-e632ce57a3f1","value":10,"text":"autonomy","comment":"","position":{"x":560.4667,"y":200.7},"isActive":true,"date":1702312903268,"kind":"Node","isSelected":false,"isConnectorSelected":false,"isDraggable":1,"isDeletable":1,"hasElementMoved":false,"eventLog":[{"time":1702312903268,"type":"create node","value":10}],"isTextChangeable":1},{"id":"c62baec9-6cd1-442a-86a9-2c44ab5ccde7","value":3,"text":"can create cards","comment":"","position":{"x":937.4667,"y":540.7},"isActive":true,"date":1702312903268,"kind":"Node","isSelected":false,"isConnectorSelected":false,"isDraggable":1,"isDeletable":1,"hasElementMoved":false,"eventLog":[{"time":1702312903268,"type":"create node","value":3}],"isTextChangeable":1},{"id":"9d06473e-b814-4903-92ed-bf8562ffd48e","value":3,"text":"protection of rescue forces","comment":"","position":{"x":1048.4667,"y":166.7},"isActive":true,"date":1702312903268,"kind":"Node","isSelected":false,"isConnectorSelected":false,"isDraggable":1,"isDeletable":1,"hasElementMoved":false,"eventLog":[{"time":1702312903268,"type":"create node","value":3}],"isTextChangeable":1},{"id":"5be63246-0f7e-4769-9d1d-c7d1dc812167","value":3,"text":"supply of food","comment":"","position":{"x":742.4667,"y":524.7},"isActive":true,"date":1702312913499,"kind":"Node","isSelected":false,"isConnectorSelected":false,"isDraggable":1,"isDeletable":1,"hasElementMoved":false,"eventLog":[{"time":1702312913500,"type":"create node","value":"0"},{"time":1702312913628,"type":"selected","value":"TRUE"},{"time":1702312932624,"type":"text","value":"Versorgung mit Lebensmitteln"},{"time":1702312932624,"type":"value","value":"3"},{"time":1702312932624,"type":"selected","value":"FALSE"}],"isTextChangeable":1},{"id":"e8380653-04de-4dcd-98c5-2163b4db1dcf","value":-2,"text":"damage risk of the robot","comment":"","position":{"x":270.4667,"y":438.7},"isActive":true,"date":1702312944099,"kind":"Node","isSelected":false,"isConnectorSelected":false,"isDraggable":1,"isDeletable":1,"hasElementMoved":false,"eventLog":[{"time":"1702312944099","type":"create node","value":[0]},{"time":"1702312944215","type":"selected","value":[true]},{"time":"1702312996854","type":"text","value":["Beschädigungsrisiko des Roboters"]},{"time":"1702312996854","type":"value","value":[-2]},{"time":"1702312996854","type":"selected","value":[false]},{"time":"2023-12-11T16:43:34.562Z","type":"position","value":{"x":[303.4667],"y":[488.7]}}],"isTextChangeable":1},{"id":"aea26512-6d6e-4fa3-9fbb-3768ceaf7e99","value":10,"text":"special areas of responsibility","comment":"","position":{"x":569.4667,"y":509.7},"isActive":true,"date":1702313017290,"kind":"Node","isSelected":false,"isConnectorSelected":false,"isDraggable":1,"isDeletable":1,"hasElementMoved":false,"eventLog":[{"time":"1702313017290","type":"create node","value":[0]},{"time":"1702313017431","type":"selected","value":[true]},{"time":"1702313036563","type":"text","value":["spezielle Aufgabengebiete"]},{"time":"1702313036563","type":"value","value":[10]},{"time":"1702313036563","type":"selected","value":[false]},{"time":"2023-12-11T16:43:57.305Z","type":"position","value":{"x":[455.4667],"y":[514.7]}}],"isTextChangeable":1}],"connectors":[{"id":"b6a0bd5d-0fa2-4295-84c0-f42d4ad17b43","source":"cda5f030-98b3-4234-91ca-37c1d809e4e5","target":"c65245ba-a3d6-474f-9cd7-23e1a717c23a","agreement":false,"isActive":true,"date":1702312903269,"kind":"Connector","isSelected":false,"intensity":9,"isDeletable":false,"isOver":false,"isBidirectional":false,"eventLog":[{"time":1702312903269,"type":"create connection"}]},{"id":"1b15d34d-4135-4f5f-8870-48efeedd5040","source":"cda5f030-98b3-4234-91ca-37c1d809e4e5","target":"0a867d5d-0e34-4cd3-92ec-7416c1ed4d2e","agreement":true,"isActive":true,"date":1702312903270,"kind":"Connector","isSelected":false,"intensity":9,"isDeletable":true,"isOver":false,"isBidirectional":false,"eventLog":[{"time":1702312903270,"type":"create connection"}]},{"id":"eaf90844-1ab2-4cdc-82b0-12bb4c8d4940","source":"f889bb08-376c-488c-ac87-c0f570dfbda6","target":"0a867d5d-0e34-4cd3-92ec-7416c1ed4d2e","agreement":true,"isActive":true,"date":1702312903270,"kind":"Connector","isSelected":false,"intensity":9,"isDeletable":true,"isOver":false,"isBidirectional":false,"eventLog":[{"time":1702312903270,"type":"create connection"}]},{"id":"052815d0-cad4-4a57-924e-7c9fed332bf8","source":"bf77495e-129c-4bc4-9f8e-6df7d1c433a0","target":"0a867d5d-0e34-4cd3-92ec-7416c1ed4d2e","agreement":true,"isActive":true,"date":1702312903270,"kind":"Connector","isSelected":false,"intensity":9,"isDeletable":true,"isOver":false,"isBidirectional":false,"eventLog":[{"time":1702312903270,"type":"create connection"}]},{"id":"28cc4166-ec05-4857-bd33-392ee9d3c025","source":"f43409c3-ae17-4f12-a75a-634afda0d857","target":"c65245ba-a3d6-474f-9cd7-23e1a717c23a","agreement":true,"isActive":true,"date":1702312903271,"kind":"Connector","isSelected":false,"intensity":9,"isDeletable":true,"isOver":false,"isBidirectional":false,"eventLog":[{"time":1702312903271,"type":"create connection"}]},{"id":"9262bf35-a4fb-47ce-8cae-0cc6dd3617d2","source":"f799da77-2590-401b-ae30-539e5040a4b9","target":"0a867d5d-0e34-4cd3-92ec-7416c1ed4d2e","agreement":true,"isActive":true,"date":1702312903271,"kind":"Connector","isSelected":false,"intensity":9,"isDeletable":true,"isOver":false,"isBidirectional":false,"eventLog":[{"time":1702312903271,"type":"create connection"}]},{"id":"6a8fe50c-d442-4380-bd1e-f6b7e4fe1d9c","source":"c65245ba-a3d6-474f-9cd7-23e1a717c23a","target":"4f7bc072-41e0-472d-8711-e632ce57a3f1","agreement":true,"isActive":true,"date":1702312903271,"kind":"Connector","isSelected":false,"intensity":6,"isDeletable":true,"isOver":false,"isBidirectional":false,"eventLog":[{"time":1702312903271,"type":"create connection"}]},{"id":"3decaa40-595a-4f8a-89c2-b88d85b1c83e","source":"4f7bc072-41e0-472d-8711-e632ce57a3f1","target":"0a867d5d-0e34-4cd3-92ec-7416c1ed4d2e","agreement":true,"isActive":true,"date":1702312903272,"kind":"Connector","isSelected":false,"intensity":6,"isDeletable":true,"isOver":false,"isBidirectional":false,"eventLog":[{"time":1702312903272,"type":"create connection"}]},{"id":"46f4ce71-a3a4-4e4a-b4d7-9b75f3060037","source":"c62baec9-6cd1-442a-86a9-2c44ab5ccde7","target":"0a867d5d-0e34-4cd3-92ec-7416c1ed4d2e","agreement":true,"isActive":true,"date":1702312903272,"kind":"Connector","isSelected":false,"intensity":9,"isDeletable":true,"isOver":false,"isBidirectional":false,"eventLog":[{"time":1702312903272,"type":"create connection"}]},{"id":"3e725768-c445-4202-87eb-2d1bacf25b58","source":"9d06473e-b814-4903-92ed-bf8562ffd48e","target":"f889bb08-376c-488c-ac87-c0f570dfbda6","agreement":true,"isActive":true,"date":1702312903272,"kind":"Connector","isSelected":false,"intensity":9,"isDeletable":true,"isOver":false,"isBidirectional":false,"eventLog":[{"time":1702312903272,"type":"create connection"}]},{"id":"8bb16790-24b3-467a-bf90-bfaad63da1b1","source":"9d06473e-b814-4903-92ed-bf8562ffd48e","target":"f799da77-2590-401b-ae30-539e5040a4b9","agreement":true,"isActive":true,"date":1702312903273,"kind":"Connector","isSelected":false,"intensity":9,"isDeletable":true,"isOver":false,"isBidirectional":false,"eventLog":[{"time":1702312903273,"type":"create connection"}]},{"id":"fb1adac3-d953-4de6-b8df-f9795ec76e13","source":"9d06473e-b814-4903-92ed-bf8562ffd48e","target":"bf77495e-129c-4bc4-9f8e-6df7d1c433a0","agreement":true,"isActive":true,"date":1702312903273,"kind":"Connector","isSelected":false,"intensity":9,"isDeletable":true,"isOver":false,"isBidirectional":false,"eventLog":[{"time":1702312903273,"type":"create connection"}]},{"id":"72203bf9-b7f9-4af9-920b-b2095589bc80","source":"cda5f030-98b3-4234-91ca-37c1d809e4e5","target":"4f7bc072-41e0-472d-8711-e632ce57a3f1","agreement":true,"isActive":true,"date":1702312903273,"kind":"Connector","isSelected":false,"intensity":9,"isDeletable":true,"isOver":false,"isBidirectional":false,"eventLog":[{"time":1702312903273,"type":"create connection"}]},{"id":"3a8c88f1-ab72-4a91-90b4-ad427866d935","source":"f43409c3-ae17-4f12-a75a-634afda0d857","target":"4f7bc072-41e0-472d-8711-e632ce57a3f1","agreement":true,"isActive":true,"date":1702312903274,"kind":"Connector","isSelected":false,"intensity":9,"isDeletable":true,"isOver":false,"isBidirectional":false,"eventLog":[{"time":1702312903274,"type":"create connection"}]},{"id":"0b789800-29bf-4ba9-8e3d-ec474b2877e6","source":"4f7bc072-41e0-472d-8711-e632ce57a3f1","target":"bf77495e-129c-4bc4-9f8e-6df7d1c433a0","agreement":true,"isActive":true,"date":1702312903274,"kind":"Connector","isSelected":false,"intensity":9,"isDeletable":true,"isOver":false,"isBidirectional":false,"eventLog":[{"time":1702312903274,"type":"create connection"}]},{"id":"11faa826-acdc-4563-9063-a680ca5087ff","source":"5be63246-0f7e-4769-9d1d-c7d1dc812167","target":"0a867d5d-0e34-4cd3-92ec-7416c1ed4d2e","agreement":true,"isActive":true,"date":1702312933607,"kind":"Connector","isSelected":false,"intensity":9,"isDeletable":true,"isOver":false,"isBidirectional":false,"eventLog":[{"time":1702312933607,"type":"create connection"},{"time":1702312935864,"type":"selected","value":1},{"time":1702312940005,"type":"change intensity of connector","value":9},{"time":1702312940005,"type":"selected","value":0}]},{"id":"af17b2de-752a-45f1-895c-5a0d8bd4a797","source":"c65245ba-a3d6-474f-9cd7-23e1a717c23a","target":"e8380653-04de-4dcd-98c5-2163b4db1dcf","agreement":true,"isActive":true,"date":1702312999141,"kind":"Connector","isSelected":false,"intensity":6,"isDeletable":true,"isOver":false,"isBidirectional":false,"eventLog":[{"time":1702312999141,"type":"create connection"},{"time":1702313001291,"type":"selected","value":1},{"time":1702313004340,"type":"change intensity of connector","value":6},{"time":1702313004340,"type":"selected","value":0}]},{"id":"58c5b586-9999-46fe-bd97-e64a78a1402d","source":"c65245ba-a3d6-474f-9cd7-23e1a717c23a","target":"aea26512-6d6e-4fa3-9fbb-3768ceaf7e99","agreement":true,"isActive":true,"date":1702313042292,"kind":"Connector","isSelected":false,"intensity":3,"isDeletable":true,"isOver":false,"isBidirectional":false,"eventLog":[{"time":1702313042292,"type":"create connection"},{"time":1702313047244,"type":"selected","value":1},{"time":1702313056043,"type":"change intensity of connector","value":3},{"time":1702313056043,"type":"selected","value":0}]},{"id":"be920b0e-bb75-4bbc-b5c2-4b350e5389f0","source":"0a867d5d-0e34-4cd3-92ec-7416c1ed4d2e","target":"aea26512-6d6e-4fa3-9fbb-3768ceaf7e99","agreement":false,"isActive":true,"date":1702313045162,"kind":"Connector","isSelected":false,"intensity":3,"isDeletable":true,"isOver":false,"isBidirectional":false,"eventLog":[{"time":1702313045162,"type":"create connection"},{"time":1702313072635,"type":"selected","value":1},{"time":1702313076354,"type":"change intensity of connector","value":-3},{"time":1702313076354,"type":"selected","value":0}]}],"currentID":{},"currentNode":{},"hasSelectedNode":[false],"currentConnector":{},"hasSelectedConnector":[false],"readyToMove":[false],"isIncoming":[false],"hasElementMoved":[false]}
