{"idCAM":["af77986f-d119-47ab-b2c1-744d978b9905"],"creator":["5f32d5f107d49607c3f6cf7a_post"],"projectCAM":["S2_CAM part 2"],"defocusCAM":[],"date":[1702376079933],"nodes":[{"id":"9d89425e-6761-45fb-b9f4-010ea485236d","value":1,"text":"rescue robot","comment":"","position":{"x":650,"y":400},"isActive":true,"date":1702376080810,"kind":"Node","isSelected":false,"isConnectorSelected":false,"isDraggable":0,"isDeletable":0,"hasElementMoved":false,"eventLog":[{"time":1702376080810,"type":"create node","value":1}],"isTextChangeable":0},{"id":"9ec5ce09-f278-45a3-aee7-d1eac34bdf75","value":-1,"text":"disadvantages","comment":"","position":{"x":450,"y":400},"isActive":true,"date":1702376080811,"kind":"Node","isSelected":false,"isConnectorSelected":false,"isDraggable":0,"isDeletable":0,"hasElementMoved":false,"eventLog":[{"time":1702376080811,"type":"create node","value":-1}],"isTextChangeable":0},{"id":"dd49a607-a2bf-4eff-840d-187105f2a0f6","value":0,"text":"advantages","comment":"","position":{"x":850,"y":400},"isActive":true,"date":1702376080811,"kind":"Node","isSelected":false,"isConnectorSelected":false,"isDraggable":0,"isDeletable":0,"hasElementMoved":false,"eventLog":[{"time":1702376080811,"type":"create node","value":0}],"isTextChangeable":0},{"id":"f4b9993c-e0bf-4bba-b6cf-1da92c4bba0e","value":2,"text":"efficiency","comment":"","position":{"x":745,"y":540},"isActive":true,"date":1702376080811,"kind":"Node","isSelected":false,"isConnectorSelected":false,"isDraggable":1,"isDeletable":1,"hasElementMoved":false,"eventLog":[{"time":1702376080811,"type":"create node","value":2}],"isTextChangeable":1},{"id":"3bb731f2-6712-4748-8525-be901ecf0fd0","value":1,"text":"precision","comment":"","position":{"x":863,"y":522},"isActive":true,"date":1702376080811,"kind":"Node","isSelected":false,"isConnectorSelected":false,"isDraggable":1,"isDeletable":1,"hasElementMoved":false,"eventLog":[{"time":1702376080811,"type":"create node","value":1}],"isTextChangeable":1},{"id":"4ef391b1-251c-4014-a414-2d45dd770825","value":2,"text":"faster access","comment":"","position":{"x":995,"y":521},"isActive":true,"date":1702376080811,"kind":"Node","isSelected":false,"isConnectorSelected":false,"isDraggable":1,"isDeletable":1,"hasElementMoved":false,"eventLog":[{"time":1702376080811,"type":"create node","value":2}],"isTextChangeable":1},{"id":"b21f40d1-726a-4435-a24e-ded5d852f390","value":1,"text":"error reduction","comment":"","position":{"x":1023,"y":432},"isActive":true,"date":1702376080811,"kind":"Node","isSelected":false,"isConnectorSelected":false,"isDraggable":1,"isDeletable":1,"hasElementMoved":false,"eventLog":[{"time":1702376080811,"type":"create node","value":1}],"isTextChangeable":1},{"id":"00fe2a78-13a5-4606-bfe0-21e3579b2b86","value":-3,"text":"discrimination","comment":"","position":{"x":324,"y":457},"isActive":true,"date":1702376080811,"kind":"Node","isSelected":false,"isConnectorSelected":false,"isDraggable":1,"isDeletable":1,"hasElementMoved":false,"eventLog":[{"time":1702376080811,"type":"create node","value":-3}],"isTextChangeable":1},{"id":"164f4d75-276d-4fb5-8bf8-f8f2d91fd49e","value":0,"text":"damage vs benefit","comment":"","position":{"x":235,"y":604},"isActive":true,"date":1702376080811,"kind":"Node","isSelected":false,"isConnectorSelected":false,"isDraggable":1,"isDeletable":1,"hasElementMoved":false,"eventLog":[{"time":1702376080811,"type":"create node","value":0}],"isTextChangeable":1},{"id":"254e9688-2709-49b7-bc84-409760f34525","value":-3,"text":"Missbrauch","comment":"","position":{"x":451,"y":512},"isActive":false,"date":1702376080811,"kind":"Node","isSelected":false,"isConnectorSelected":false,"isDraggable":1,"isDeletable":1,"hasElementMoved":false,"eventLog":[{"time":1702376080811,"type":"create node","value":-3},{"time":1702376176475,"type":"selected","value":1},{"time":1702376177838,"type":"node was deleted","value":-99}],"isTextChangeable":1},{"id":"d23279b1-9bc9-4153-aaca-6ad273571218","value":-2,"text":"cost-intensive","comment":"","position":{"x":581,"y":483},"isActive":true,"date":1702376080811,"kind":"Node","isSelected":false,"isConnectorSelected":false,"isDraggable":1,"isDeletable":1,"hasElementMoved":false,"eventLog":[{"time":1702376080811,"type":"create node","value":-2}],"isTextChangeable":1},{"id":"dc32f6cd-fc35-43e0-94aa-079bb2291f38","value":-3,"text":"Machtmissbaruch","comment":"","position":{"x":477,"y":635},"isActive":false,"date":1702376080811,"kind":"Node","isSelected":false,"isConnectorSelected":false,"isDraggable":1,"isDeletable":1,"hasElementMoved":false,"eventLog":[{"time":1702376080811,"type":"create node","value":-3},{"time":1702376178968,"type":"selected","value":1},{"time":1702376180227,"type":"node was deleted","value":-99}],"isTextChangeable":1},{"id":"cd33f751-82de-4815-9f78-d155a7d82e90","value":0,"text":"cost efficiency","comment":"","position":{"x":735,"y":647},"isActive":true,"date":1702376080811,"kind":"Node","isSelected":false,"isConnectorSelected":false,"isDraggable":1,"isDeletable":1,"hasElementMoved":false,"eventLog":[{"time":1702376080811,"type":"create node","value":"0"},{"time":1702376089117,"type":"selected","value":"TRUE"},{"time":1702376092490,"type":"text","value":"Kosteneffizienz"},{"time":1702376092490,"type":"selected","value":"FALSE"}],"isTextChangeable":1},{"id":"ff347420-c1f0-4038-9d93-fe3aaf437265","value":3,"text":"adaptability","comment":"","position":{"x":1006,"y":346},"isActive":true,"date":1702376120717,"kind":"Node","isSelected":false,"isConnectorSelected":false,"isDraggable":1,"isDeletable":1,"hasElementMoved":false,"eventLog":[{"time":1702376120717,"type":"create node","value":"0"},{"time":1702376123050,"type":"selected","value":"TRUE"},{"time":1702376130159,"type":"text","value":"Anpassungsfähigkeit"},{"time":1702376130159,"type":"value","value":"3"},{"time":1702376130159,"type":"selected","value":"FALSE"}],"isTextChangeable":1}],"connectors":[{"id":"46a59946-19e2-4288-855a-66148d658368","source":"9d89425e-6761-45fb-b9f4-010ea485236d","target":"9ec5ce09-f278-45a3-aee7-d1eac34bdf75","agreement":true,"isActive":true,"date":1702376080812,"kind":"Connector","isSelected":false,"intensity":3,"isDeletable":false,"isOver":false,"isBidirectional":false,"eventLog":[{"time":1702376080812,"type":"create connection"}]},{"id":"7eeebff1-4092-4b0b-a1cf-ed9b1a1f078b","source":"9d89425e-6761-45fb-b9f4-010ea485236d","target":"dd49a607-a2bf-4eff-840d-187105f2a0f6","agreement":true,"isActive":true,"date":1702376080812,"kind":"Connector","isSelected":false,"intensity":3,"isDeletable":true,"isOver":false,"isBidirectional":false,"eventLog":[{"time":1702376080812,"type":"create connection"}]},{"id":"7eee5b97-142a-42ba-a626-c6f1cedaed86","source":"dd49a607-a2bf-4eff-840d-187105f2a0f6","target":"f4b9993c-e0bf-4bba-b6cf-1da92c4bba0e","agreement":true,"isActive":true,"date":1702376080812,"kind":"Connector","isSelected":false,"intensity":3,"isDeletable":true,"isOver":false,"isBidirectional":false,"eventLog":[{"time":1702376080812,"type":"create connection"}]},{"id":"603f3b9d-5a4d-42f6-85c3-4278bdb1c4c0","source":"3bb731f2-6712-4748-8525-be901ecf0fd0","target":"dd49a607-a2bf-4eff-840d-187105f2a0f6","agreement":true,"isActive":true,"date":1702376080812,"kind":"Connector","isSelected":false,"intensity":3,"isDeletable":true,"isOver":false,"isBidirectional":false,"eventLog":[{"time":1702376080812,"type":"create connection"}]},{"id":"dacc84a7-0962-4af1-8b07-1ca3bb272226","source":"4ef391b1-251c-4014-a414-2d45dd770825","target":"dd49a607-a2bf-4eff-840d-187105f2a0f6","agreement":true,"isActive":true,"date":1702376080812,"kind":"Connector","isSelected":false,"intensity":3,"isDeletable":true,"isOver":false,"isBidirectional":false,"eventLog":[{"time":1702376080812,"type":"create connection"}]},{"id":"37d5b030-be54-4bc4-b66f-80974b2be355","source":"dd49a607-a2bf-4eff-840d-187105f2a0f6","target":"b21f40d1-726a-4435-a24e-ded5d852f390","agreement":true,"isActive":true,"date":1702376080812,"kind":"Connector","isSelected":false,"intensity":3,"isDeletable":true,"isOver":false,"isBidirectional":false,"eventLog":[{"time":1702376080812,"type":"create connection"}]},{"id":"df422f42-074a-41b2-b244-8f5012891f3b","source":"00fe2a78-13a5-4606-bfe0-21e3579b2b86","target":"9ec5ce09-f278-45a3-aee7-d1eac34bdf75","agreement":true,"isActive":true,"date":1702376080813,"kind":"Connector","isSelected":false,"intensity":3,"isDeletable":true,"isOver":false,"isBidirectional":false,"eventLog":[{"time":1702376080813,"type":"create connection"}]},{"id":"5f884d5b-8216-44a6-b4b9-6fc4328840f6","source":"164f4d75-276d-4fb5-8bf8-f8f2d91fd49e","target":"00fe2a78-13a5-4606-bfe0-21e3579b2b86","agreement":false,"isActive":true,"date":1702376080813,"kind":"Connector","isSelected":false,"intensity":6,"isDeletable":true,"isOver":false,"isBidirectional":false,"eventLog":[{"time":1702376080813,"type":"create connection"}]},{"id":"782b29d1-d2c8-4cf4-bbc2-f60b7c7165e2","source":"9ec5ce09-f278-45a3-aee7-d1eac34bdf75","target":"254e9688-2709-49b7-bc84-409760f34525","agreement":true,"isActive":false,"date":1702376080813,"kind":"Connector","isSelected":false,"intensity":3,"isDeletable":true,"isOver":false,"isBidirectional":false,"eventLog":[{"time":1702376080813,"type":"create connection"},{"time":1702376177838,"type":"active","value":false}]},{"id":"d9da3f91-0048-4a5f-bd6f-b77d26cceaed","source":"9ec5ce09-f278-45a3-aee7-d1eac34bdf75","target":"d23279b1-9bc9-4153-aaca-6ad273571218","agreement":true,"isActive":true,"date":1702376080813,"kind":"Connector","isSelected":false,"intensity":3,"isDeletable":true,"isOver":false,"isBidirectional":false,"eventLog":[{"time":1702376080813,"type":"create connection"}]},{"id":"5923d366-24a1-4ca6-9f74-4022f421b004","source":"254e9688-2709-49b7-bc84-409760f34525","target":"dc32f6cd-fc35-43e0-94aa-079bb2291f38","agreement":true,"isActive":false,"date":1702376080813,"kind":"Connector","isSelected":false,"intensity":6,"isDeletable":true,"isOver":false,"isBidirectional":false,"eventLog":[{"time":1702376080813,"type":"create connection"},{"time":1702376177838,"type":"active","value":false},{"time":1702376180227,"type":"active","value":false}]},{"id":"9dfceb96-9a22-482e-9870-c39c31ed1327","source":"cd33f751-82de-4815-9f78-d155a7d82e90","target":"f4b9993c-e0bf-4bba-b6cf-1da92c4bba0e","agreement":true,"isActive":true,"date":1702376080813,"kind":"Connector","isSelected":false,"intensity":9,"isDeletable":true,"isOver":false,"isBidirectional":false,"eventLog":[{"time":1702376080813,"type":"create connection"}]},{"id":"fef82ba8-cb5b-4b76-b784-e44926b1cb59","source":"dd49a607-a2bf-4eff-840d-187105f2a0f6","target":"ff347420-c1f0-4038-9d93-fe3aaf437265","agreement":true,"isActive":true,"date":1702376131343,"kind":"Connector","isSelected":false,"intensity":9,"isDeletable":true,"isOver":false,"isBidirectional":false,"eventLog":[{"time":1702376131343,"type":"create connection"},{"time":1702376133355,"type":"selected","value":1},{"time":1702376135281,"type":"change intensity of connector","value":9},{"time":1702376135281,"type":"selected","value":0}]}],"currentID":{},"currentNode":{},"hasSelectedNode":[false],"currentConnector":{},"hasSelectedConnector":[false],"readyToMove":[false],"isIncoming":[false],"hasElementMoved":[false]}
