{"idCAM":["9285ca59-21c4-44c7-9c61-8c307cbd678b"],"creator":["5f32d5f107d49607c3f6cf7a_pre"],"projectCAM":["S2_CAM part 1"],"defocusCAM":[],"date":[1702375041648],"nodes":[{"id":"c4495019-a2c3-42ac-bcff-688d35f4f1ca","value":1,"text":"rescue robot","comment":"","position":{"x":650,"y":400},"isActive":true,"date":1702375042639,"kind":"Node","isSelected":false,"isConnectorSelected":false,"isDraggable":0,"isDeletable":0,"hasElementMoved":false,"eventLog":[{"time":1702375042639,"type":"create node","value":0},{"time":1702375066403,"type":"selected","value":1},{"time":1702375073198,"type":"value","value":1},{"time":1702375073198,"type":"selected","value":0}],"isTextChangeable":0},{"id":"26fe9d97-ff7f-44d8-ba8b-1432c454b813","value":-1,"text":"disadvantages","comment":"","position":{"x":450,"y":400},"isActive":true,"date":1702375042639,"kind":"Node","isSelected":false,"isConnectorSelected":false,"isDraggable":0,"isDeletable":0,"hasElementMoved":false,"eventLog":[{"time":1702375042639,"type":"create node","value":0},{"time":1702375666399,"type":"selected","value":1},{"time":1702375669100,"type":"value","value":-1},{"time":1702375669100,"type":"selected","value":0}],"isTextChangeable":0},{"id":"c6102f1c-1e47-4c8b-9691-6809f3e5e718","value":0,"text":"advantages","comment":"","position":{"x":850,"y":400},"isActive":true,"date":1702375042639,"kind":"Node","isSelected":false,"isConnectorSelected":false,"isDraggable":0,"isDeletable":0,"hasElementMoved":false,"eventLog":[{"time":1702375042639,"type":"create node","value":0},{"time":1702375065033,"type":"selected","value":1},{"time":1702375066307,"type":"selected","value":0}],"isTextChangeable":0},{"id":"ad3ef86a-48c8-4b10-a741-c35f39271041","value":2,"text":"efficiency","comment":"both equally fast work, more productive work method as well as improved access to danger location","position":{"x":745,"y":540},"isActive":true,"date":1702375076206,"kind":"Node","isSelected":false,"isConnectorSelected":false,"isDraggable":1,"isDeletable":1,"hasElementMoved":false,"eventLog":[{"time":"1702375076206","type":"create node","value":[0]},{"time":"1702375081439","type":"selected","value":[true]},{"time":"1702375089000","type":"text","value":["Effizienz"]},{"time":"1702375089000","type":"value","value":[2]},{"time":"1702375089000","type":"selected","value":[false]},{"time":"2023-12-12T09:58:09.623Z","type":"position","value":{"x":[881],"y":[463]}},{"time":"2023-12-12T09:58:13.742Z","type":"position","value":{"x":[881],"y":[521]}},{"time":"2023-12-12T09:58:42.506Z","type":"position","value":{"x":[832],"y":[529]}},{"time":"1702375280754","type":"selected","value":[true]},{"time":"1702375320150","type":"comment","value":["sowohl gleich schnelle Arbeit, produktivere Arbeitsweise als auch verbesserter Zugang zu Gefahrenort"]},{"time":"1702375320150","type":"selected","value":[false]}],"isTextChangeable":1},{"id":"5a0e313e-36d9-4f74-b3d5-71d4b91ef694","value":1,"text":"precision","comment":"","position":{"x":863,"y":522},"isActive":true,"date":1702375108091,"kind":"Node","isSelected":false,"isConnectorSelected":false,"isDraggable":1,"isDeletable":1,"hasElementMoved":false,"eventLog":[{"time":"1702375108091","type":"create node","value":[0]},{"time":"1702375108168","type":"selected","value":[true]},{"time":"1702375118088","type":"text","value":["Präzision"]},{"time":"1702375118088","type":"value","value":[1]},{"time":"1702375118088","type":"selected","value":[false]},{"time":"2023-12-12T09:58:38.669Z","type":"position","value":{"x":[930],"y":[521]}},{"time":"2023-12-12T09:58:44.048Z","type":"position","value":{"x":[917],"y":[517]}},{"time":"1702375126515","type":"selected","value":[true]},{"time":"1702375126924","type":"selected","value":[false]}],"isTextChangeable":1},{"id":"dd9d3f5d-eb5a-4bf0-87c9-1667cca77e7a","value":2,"text":"faster access","comment":"easier access to danger zone","position":{"x":995,"y":521},"isActive":true,"date":1702375128240,"kind":"Node","isSelected":false,"isConnectorSelected":false,"isDraggable":1,"isDeletable":1,"hasElementMoved":false,"eventLog":[{"time":"1702375128240","type":"create node","value":[0]},{"time":"1702375147161","type":"selected","value":[true]},{"time":"1702375194187","type":"text","value":["schnellerer Zugang"]},{"time":"1702375194187","type":"selected","value":[false]},{"time":"2023-12-12T09:59:54.728Z","type":"position","value":{"x":[979],"y":[516]}},{"time":"1702375196175","type":"selected","value":[true]},{"time":"1702375200540","type":"value","value":[2]},{"time":"1702375200540","type":"selected","value":[false]},{"time":"1702375207563","type":"selected","value":[true]},{"time":"1702375254063","type":"comment","value":["leichterer Zugang zu Gefahrenort"]},{"time":"1702375254063","type":"selected","value":[false]}],"isTextChangeable":1},{"id":"d88477ce-29eb-49a7-a77f-529322223f83","value":1,"text":"error reduction","comment":"","position":{"x":1023,"y":432},"isActive":true,"date":1702375201069,"kind":"Node","isSelected":false,"isConnectorSelected":false,"isDraggable":1,"isDeletable":1,"hasElementMoved":false,"eventLog":[{"time":"1702375201069","type":"create node","value":[0]},{"time":"2023-12-12T10:00:02.265Z","type":"position","value":{"x":[982],"y":[484]}},{"time":"2023-12-12T10:01:19.664Z","type":"position","value":{"x":[1000],"y":[450]}},{"time":"1702375364246","type":"selected","value":[true]},{"time":"1702375377385","type":"text","value":["Fehlerreduktion"]},{"time":"1702375377385","type":"selected","value":[false]},{"time":"1702375384083","type":"selected","value":[true]},{"time":"1702375384492","type":"selected","value":[false]},{"time":"1702375385616","type":"selected","value":[true]},{"time":"1702375393170","type":"value","value":[1]},{"time":"1702375393170","type":"selected","value":[false]}],"isTextChangeable":1},{"id":"d742bf43-52d6-4526-a18f-45ee6b98c379","value":-3,"text":"discrimination","comment":"the algorithm could discriminate","position":{"x":324,"y":457},"isActive":true,"date":1702375415286,"kind":"Node","isSelected":false,"isConnectorSelected":false,"isDraggable":1,"isDeletable":1,"hasElementMoved":false,"eventLog":[{"time":"1702375415286","type":"create node","value":[0]},{"time":"1702375419838","type":"selected","value":[true]},{"time":"1702375441109","type":"text","value":["Diskriminierung "]},{"time":"1702375441109","type":"comment","value":["der Algorithmus könnte diskriminieren"]},{"time":"1702375441109","type":"selected","value":[false]},{"time":"1702375441936","type":"selected","value":[true]},{"time":"1702375443864","type":"value","value":[-3]},{"time":"1702375443864","type":"selected","value":[false]},{"time":"2023-12-12T10:05:02.586Z","type":"position","value":{"x":[323],"y":[455]}}],"isTextChangeable":1},{"id":"c419e5f0-e4d7-4650-9243-54385a9a7429","value":0,"text":"damage vs benefit","comment":"","position":{"x":235,"y":604},"isActive":true,"date":1702375469960,"kind":"Node","isSelected":false,"isConnectorSelected":false,"isDraggable":1,"isDeletable":1,"hasElementMoved":false,"eventLog":[{"time":"1702375469960","type":"create node","value":[0]},{"time":"1702375471694","type":"selected","value":[true]},{"time":"1702375485980","type":"text","value":["mehr schädlich als "]},{"time":"1702375485980","type":"selected","value":[false]},{"time":"2023-12-12T10:04:47.068Z","type":"position","value":{"x":[257],"y":[514]}},{"time":"1702375490540","type":"selected","value":[true]},{"time":"1702375501089","type":"text","value":["Schaden vs Nutzen"]},{"time":"1702375501089","type":"selected","value":[false]},{"time":"2023-12-12T10:05:07.871Z","type":"position","value":{"x":[308],"y":[543]}},{"time":"2023-12-12T10:05:15.350Z","type":"position","value":{"x":[325],"y":[582]}},{"time":"1702375912113","type":"selected","value":[true]},{"time":"1702375912521","type":"selected","value":[false]},{"time":"1702375913888","type":"selected","value":[true]},{"time":"1702375919523","type":"selected","value":[false]}],"isTextChangeable":1},{"id":"40f5ae97-0c9b-4903-b6be-a50ff806eb4e","value":-3,"text":"abuse","comment":"incorrect use of robots in war situations for example","position":{"x":451,"y":512},"isActive":true,"date":1702375508889,"kind":"Node","isSelected":false,"isConnectorSelected":false,"isDraggable":1,"isDeletable":1,"hasElementMoved":false,"eventLog":[{"time":"1702375508889","type":"create node","value":[0]},{"time":"2023-12-12T10:05:20.190Z","type":"position","value":{"x":[446],"y":[534]}},{"time":"1702375794115","type":"selected","value":[true]},{"time":"1702375804349","type":"text","value":["Missbrauch"]},{"time":"1702375804349","type":"value","value":[-3]},{"time":"1702375804349","type":"selected","value":[false]},{"time":"1702375805379","type":"selected","value":[true]},{"time":"1702375819400","type":"comment","value":["falscher Einsatz von Robotern in Kriegssitautionen zB"]},{"time":"1702375819400","type":"selected","value":[false]},{"time":"2023-12-12T10:11:34.639Z","type":"position","value":{"x":[459],"y":[494]}}],"isTextChangeable":1},{"id":"ada3bed0-895b-4181-bb86-c70c2f92aabe","value":0,"text":"Investition","comment":"","position":{"x":653,"y":307},"isActive":false,"date":1702375631546,"kind":"Node","isSelected":false,"isConnectorSelected":false,"isDraggable":1,"isDeletable":1,"hasElementMoved":false,"eventLog":[{"time":"1702375631546","type":"create node","value":[0]},{"time":"1702375631655","type":"selected","value":[true]},{"time":"1702375642058","type":"text","value":["Investition"]},{"time":"1702375642058","type":"selected","value":[false]},{"time":"2023-12-12T10:07:22.871Z","type":"position","value":{"x":[673],"y":[308]}},{"time":"1702375842898","type":"selected","value":[true]},{"time":"1702375844169","type":"node was deleted","value":[-99]}],"isTextChangeable":1},{"id":"0168308e-0810-4804-8baf-73825c3b0ba9","value":3,"text":"Kosteneffizienz","comment":"günstiger durch Einsatz von KI als Mensch und Bergungs-/Rettungsmaterial","position":{"x":1024,"y":312},"isActive":false,"date":1702375701511,"kind":"Node","isSelected":false,"isConnectorSelected":false,"isDraggable":1,"isDeletable":1,"hasElementMoved":false,"eventLog":[{"time":"1702375701511","type":"create node","value":[0]},{"time":"2023-12-12T10:08:22.247Z","type":"position","value":{"x":[933],"y":[329]}},{"time":"1702375704304","type":"selected","value":[true]},{"time":"1702375750433","type":"text","value":["Kosteneffizienz"]},{"time":"1702375750433","type":"comment","value":["günstiger durch Einsatz von KI als Mensch und Bergungs-/Rettungsmaterial"]},{"time":"1702375750433","type":"selected","value":[false]},{"time":"1702375751277","type":"selected","value":[true]},{"time":"1702375754648","type":"value","value":[3]},{"time":"1702375754648","type":"selected","value":[false]},{"time":"2023-12-12T10:12:13.800Z","type":"position","value":{"x":[979],"y":[335]}},{"time":"2023-12-12T10:12:13.883Z","type":"position","value":{"x":[836],"y":[507]}},{"time":"2023-12-12T10:12:13.892Z","type":"position","value":{"x":[818],"y":[533]}},{"time":"2023-12-12T10:12:14.075Z","type":"position","value":{"x":[737],"y":[657]}},{"time":"2023-12-12T10:12:15.041Z","type":"position","value":{"x":[878],"y":[506]}},{"time":"2023-12-12T10:12:15.117Z","type":"position","value":{"x":[974],"y":[395]}},{"time":"2023-12-12T10:12:15.384Z","type":"position","value":{"x":[1003],"y":[356]}},{"time":"1702375949207","type":"selected","value":[true]},{"time":"1702375950535","type":"node was deleted","value":[-99]}],"isTextChangeable":1},{"id":"53b39bbc-848c-4ab4-9e0a-8d6434278f72","value":-2,"text":"cost-intensive","comment":"Investment in the development of the algorithm","position":{"x":581,"y":483},"isActive":true,"date":1702375822226,"kind":"Node","isSelected":false,"isConnectorSelected":false,"isDraggable":1,"isDeletable":1,"hasElementMoved":false,"eventLog":[{"time":"1702375822226","type":"create node","value":[0]},{"time":"2023-12-12T10:10:27.353Z","type":"position","value":{"x":[583],"y":[501]}},{"time":"1702375846529","type":"selected","value":[true]},{"time":"1702375865995","type":"text","value":["Kostenintensiv"]},{"time":"1702375865995","type":"value","value":[-2]},{"time":"1702375865995","type":"comment","value":["Investition in Aufbau des Algorithmus"]},{"time":"1702375865995","type":"selected","value":[false]}],"isTextChangeable":1},{"id":"08340d2d-2775-4824-9664-9d760ba1a676","value":-3,"text":"abuse of power","comment":"","position":{"x":449,"y":643},"isActive":true,"date":1702375882415,"kind":"Node","isSelected":false,"isConnectorSelected":false,"isDraggable":1,"isDeletable":1,"hasElementMoved":false,"eventLog":[{"time":"1702375882415","type":"create node","value":[0]},{"time":"1702375883902","type":"selected","value":[true]},{"time":"1702375891093","type":"text","value":["Machtmissbaruch"]},{"time":"1702375891093","type":"value","value":[-3]},{"time":"1702375891093","type":"selected","value":[false]},{"time":"2023-12-12T10:11:32.664Z","type":"position","value":{"x":[451],"y":[578]}},{"time":"2023-12-12T10:11:36.444Z","type":"position","value":{"x":[451],"y":[591]}}],"isTextChangeable":1},{"id":"a5ae6ca9-da93-4dfb-8c7c-078ec573cb7e","value":0,"text":"cost efficiency","comment":"","position":{"x":735,"y":647},"isActive":true,"date":1702375937216,"kind":"Node","isSelected":false,"isConnectorSelected":false,"isDraggable":1,"isDeletable":1,"hasElementMoved":false,"eventLog":[{"time":"1702375937216","type":"create node","value":[0]},{"time":"1702375939666","type":"selected","value":[true]},{"time":"1702375947808","type":"text","value":["Kosteneffizien"]},{"time":"1702375947808","type":"selected","value":[false]},{"time":"2023-12-12T10:12:31.358Z","type":"position","value":{"x":[766],"y":[605]}}],"isTextChangeable":1}],"connectors":[{"id":"dfaececb-c7af-4e3d-bd12-2c18d0314f6e","source":"c4495019-a2c3-42ac-bcff-688d35f4f1ca","target":"26fe9d97-ff7f-44d8-ba8b-1432c454b813","agreement":true,"isActive":true,"date":1702375042639,"kind":"Connector","isSelected":false,"intensity":3,"isDeletable":false,"isOver":false,"isBidirectional":false,"eventLog":[{"time":1702375042639,"type":"create connection"}]},{"id":"50020b59-601f-4980-b4cb-00e384649175","source":"c4495019-a2c3-42ac-bcff-688d35f4f1ca","target":"c6102f1c-1e47-4c8b-9691-6809f3e5e718","agreement":true,"isActive":true,"date":1702375042639,"kind":"Connector","isSelected":false,"intensity":3,"isDeletable":true,"isOver":false,"isBidirectional":false,"eventLog":[{"time":1702375042639,"type":"create connection"}]},{"id":"40f4d92f-d0d4-4843-833f-448bed719e10","source":"c6102f1c-1e47-4c8b-9691-6809f3e5e718","target":"ad3ef86a-48c8-4b10-a741-c35f39271041","agreement":true,"isActive":true,"date":1702375091357,"kind":"Connector","isSelected":false,"intensity":3,"isDeletable":true,"isOver":false,"isBidirectional":false,"eventLog":[{"time":1702375091357,"type":"create connection"}]},{"id":"91e2b3dc-4f4a-4e9f-80d7-789c59862227","source":"5a0e313e-36d9-4f74-b3d5-71d4b91ef694","target":"c6102f1c-1e47-4c8b-9691-6809f3e5e718","agreement":true,"isActive":true,"date":1702375120697,"kind":"Connector","isSelected":false,"intensity":3,"isDeletable":true,"isOver":false,"isBidirectional":false,"eventLog":[{"time":1702375120697,"type":"create connection"}]},{"id":"57fb9d4a-f613-42ce-8c70-2bfbe75bac9e","source":"dd9d3f5d-eb5a-4bf0-87c9-1667cca77e7a","target":"c6102f1c-1e47-4c8b-9691-6809f3e5e718","agreement":true,"isActive":true,"date":1702375205219,"kind":"Connector","isSelected":false,"intensity":3,"isDeletable":true,"isOver":false,"isBidirectional":false,"eventLog":[{"time":1702375205219,"type":"create connection"}]},{"id":"e0ddbd17-2482-4349-a680-b91c78e207cf","source":"c6102f1c-1e47-4c8b-9691-6809f3e5e718","target":"d88477ce-29eb-49a7-a77f-529322223f83","agreement":true,"isActive":true,"date":1702375378846,"kind":"Connector","isSelected":false,"intensity":3,"isDeletable":true,"isOver":false,"isBidirectional":false,"eventLog":[{"time":1702375378846,"type":"create connection"}]},{"id":"d1d92658-86e6-4574-a1e7-c1f3ac01b277","source":"d742bf43-52d6-4526-a18f-45ee6b98c379","target":"26fe9d97-ff7f-44d8-ba8b-1432c454b813","agreement":true,"isActive":true,"date":1702375505239,"kind":"Connector","isSelected":false,"intensity":3,"isDeletable":true,"isOver":false,"isBidirectional":false,"eventLog":[{"time":1702375505239,"type":"create connection"}]},{"id":"1ca140ef-aa3f-4a60-bfab-3df7ff607f34","source":"c419e5f0-e4d7-4650-9243-54385a9a7429","target":"d742bf43-52d6-4526-a18f-45ee6b98c379","agreement":false,"isActive":true,"date":1702375506976,"kind":"Connector","isSelected":false,"intensity":6,"isDeletable":true,"isOver":false,"isBidirectional":false,"eventLog":[{"time":1702375506976,"type":"create connection"},{"time":1702375510230,"type":"selected","value":1},{"time":1702375514362,"type":"change intensity of connector","value":-6},{"time":1702375514362,"type":"selected","value":0}]},{"id":"b5db0ee6-bda3-481e-8760-8cb6a30f197e","source":"26fe9d97-ff7f-44d8-ba8b-1432c454b813","target":"ada3bed0-895b-4181-bb86-c70c2f92aabe","agreement":true,"isActive":false,"date":1702375647413,"kind":"Connector","isSelected":false,"intensity":3,"isDeletable":true,"isOver":false,"isBidirectional":false,"eventLog":[{"time":1702375647413,"type":"create connection"},{"time":1702375844170,"type":"active","value":false}]},{"id":"fd6e6dac-1b02-4465-a0a8-fff4b7243c85","source":"ada3bed0-895b-4181-bb86-c70c2f92aabe","target":"c6102f1c-1e47-4c8b-9691-6809f3e5e718","agreement":true,"isActive":false,"date":1702375648917,"kind":"Connector","isSelected":false,"intensity":3,"isDeletable":true,"isOver":false,"isBidirectional":false,"eventLog":[{"time":1702375648917,"type":"create connection"},{"time":1702375651630,"type":"selected","value":1},{"time":1702375664739,"type":"change intensity of connector","value":3},{"time":1702375664739,"type":"selected","value":0},{"time":1702375844170,"type":"active","value":0}]},{"id":"63ceaaef-7c6a-44f1-8ca7-e8aca5f4f54f","source":"c6102f1c-1e47-4c8b-9691-6809f3e5e718","target":"0168308e-0810-4804-8baf-73825c3b0ba9","agreement":true,"isActive":false,"date":1702375755803,"kind":"Connector","isSelected":false,"intensity":3,"isDeletable":true,"isOver":false,"isBidirectional":false,"eventLog":[{"time":1702375755803,"type":"create connection"},{"time":1702375950535,"type":"active","value":false}]},{"id":"d70c8ef8-355b-4a0a-822b-b0c5ea8ccfac","source":"26fe9d97-ff7f-44d8-ba8b-1432c454b813","target":"40f5ae97-0c9b-4903-b6be-a50ff806eb4e","agreement":true,"isActive":true,"date":1702375820813,"kind":"Connector","isSelected":false,"intensity":3,"isDeletable":true,"isOver":false,"isBidirectional":false,"eventLog":[{"time":1702375820813,"type":"create connection"}]},{"id":"7da9959a-6b44-4741-bf3c-1178f7933889","source":"26fe9d97-ff7f-44d8-ba8b-1432c454b813","target":"53b39bbc-848c-4ab4-9e0a-8d6434278f72","agreement":true,"isActive":true,"date":1702375867157,"kind":"Connector","isSelected":false,"intensity":3,"isDeletable":true,"isOver":false,"isBidirectional":false,"eventLog":[{"time":1702375867157,"type":"create connection"}]},{"id":"e4f95d5c-3f91-4a16-a332-787ec34378ac","source":"40f5ae97-0c9b-4903-b6be-a50ff806eb4e","target":"08340d2d-2775-4824-9664-9d760ba1a676","agreement":true,"isActive":true,"date":1702375898305,"kind":"Connector","isSelected":false,"intensity":6,"isDeletable":true,"isOver":false,"isBidirectional":false,"eventLog":[{"time":1702375898305,"type":"create connection"},{"time":1702375899879,"type":"selected","value":1},{"time":1702375905928,"type":"change intensity of connector","value":6},{"time":1702375905928,"type":"selected","value":0}]},{"id":"f22cde35-9e3f-4d32-a226-bee07ff07440","source":"a5ae6ca9-da93-4dfb-8c7c-078ec573cb7e","target":"ad3ef86a-48c8-4b10-a741-c35f39271041","agreement":true,"isActive":true,"date":1702375953943,"kind":"Connector","isSelected":false,"intensity":9,"isDeletable":true,"isOver":false,"isBidirectional":false,"eventLog":[{"time":1702375953943,"type":"create connection"},{"time":1702375955308,"type":"selected","value":1},{"time":1702375957751,"type":"change intensity of connector","value":9},{"time":1702375957751,"type":"selected","value":0}]}],"currentID":{},"currentNode":{},"hasSelectedNode":[false],"currentConnector":{},"hasSelectedConnector":[false],"readyToMove":[false],"isIncoming":[false],"hasElementMoved":[false]}
