{"idCAM":["8a8699d1-f6fc-4708-9ddc-0d0a05d9a57a"],"creator":["5f4cde1cbfcaa81fc4dbf57d_post"],"projectCAM":["S2_CAM part 2"],"defocusCAM":[null],"date":[1702377099037],"nodes":[{"id":"c1a82c73-383a-40f0-bfe0-407a10c76c02","value":1,"text":"rescue robot","comment":"","position":{"x":650,"y":400},"isActive":true,"date":1702377099780,"kind":"Node","isSelected":false,"isConnectorSelected":false,"isDraggable":0,"isDeletable":0,"hasElementMoved":false,"eventLog":[{"time":1702377099780,"type":"create node","value":1}],"isTextChangeable":0},{"id":"4e310c64-57a2-468a-b54c-0f2fbe6bf1b1","value":-1,"text":"disadvantages","comment":"","position":{"x":450,"y":400},"isActive":true,"date":1702377099781,"kind":"Node","isSelected":false,"isConnectorSelected":false,"isDraggable":0,"isDeletable":0,"hasElementMoved":false,"eventLog":[{"time":1702377099781,"type":"create node","value":-1}],"isTextChangeable":0},{"id":"75a463fb-fa43-4329-9aee-f649c1c6c40e","value":1,"text":"advantages","comment":"","position":{"x":850,"y":400},"isActive":true,"date":1702377099781,"kind":"Node","isSelected":false,"isConnectorSelected":false,"isDraggable":0,"isDeletable":0,"hasElementMoved":false,"eventLog":[{"time":1702377099781,"type":"create node","value":1}],"isTextChangeable":0},{"id":"fb41f004-3cc8-4953-b88f-16ff22537808","value":-1,"text":"manipulable","comment":"","position":{"x":429,"y":231},"isActive":true,"date":1702377099781,"kind":"Node","isSelected":false,"isConnectorSelected":false,"isDraggable":1,"isDeletable":1,"hasElementMoved":false,"eventLog":[{"time":1702377099781,"type":"create node","value":-1}],"isTextChangeable":1},{"id":"42d09748-2976-4ec7-887c-f9f374eef628","value":-2,"text":"potentially discriminating","comment":"","position":{"x":302,"y":411},"isActive":true,"date":1702377099781,"kind":"Node","isSelected":false,"isConnectorSelected":false,"isDraggable":1,"isDeletable":1,"hasElementMoved":false,"eventLog":[{"time":1702377099781,"type":"create node","value":-2}],"isTextChangeable":1},{"id":"fa55a998-b147-40d6-9d85-b7fef480af89","value":-1,"text":"sensitivity to exceptional situations","comment":"","position":{"x":366,"y":584},"isActive":true,"date":1702377099781,"kind":"Node","isSelected":false,"isConnectorSelected":false,"isDraggable":1,"isDeletable":1,"hasElementMoved":false,"eventLog":[{"time":1702377099781,"type":"create node","value":-1}],"isTextChangeable":1},{"id":"cf654819-3b64-4a36-8ed0-2978dad9d67e","value":3,"text":"protects people","comment":"","position":{"x":857,"y":193},"isActive":true,"date":1702377099781,"kind":"Node","isSelected":false,"isConnectorSelected":false,"isDraggable":1,"isDeletable":1,"hasElementMoved":false,"eventLog":[{"time":1702377099781,"type":"create node","value":3}],"isTextChangeable":1},{"id":"a2471534-d4e7-48b1-8792-713d0deebe7a","value":2,"text":"exceeds human rescuers","comment":"","position":{"x":1024,"y":287},"isActive":true,"date":1702377099781,"kind":"Node","isSelected":false,"isConnectorSelected":false,"isDraggable":1,"isDeletable":1,"hasElementMoved":false,"eventLog":[{"time":1702377099781,"type":"create node","value":2}],"isTextChangeable":1},{"id":"6face20c-3e53-4ebe-9ba1-f9ba3379416a","value":10,"text":"reliability","comment":"","position":{"x":639,"y":549},"isActive":true,"date":1702377099781,"kind":"Node","isSelected":false,"isConnectorSelected":false,"isDraggable":1,"isDeletable":1,"hasElementMoved":false,"eventLog":[{"time":1702377099781,"type":"create node","value":10}],"isTextChangeable":1},{"id":"323c971e-87bc-4235-9a10-3cb619804c33","value":2,"text":"favorable","comment":"","position":{"x":1000,"y":443},"isActive":true,"date":1702377099781,"kind":"Node","isSelected":false,"isConnectorSelected":false,"isDraggable":1,"isDeletable":1,"hasElementMoved":false,"eventLog":[{"time":1702377099781,"type":"create node","value":2}],"isTextChangeable":1},{"id":"43d80932-f2d9-430d-9088-e2542e0bee33","value":2,"text":"low risk","comment":"","position":{"x":877,"y":569},"isActive":true,"date":1702377099781,"kind":"Node","isSelected":false,"isConnectorSelected":false,"isDraggable":1,"isDeletable":1,"hasElementMoved":false,"eventLog":[{"time":1702377099781,"type":"create node","value":2}],"isTextChangeable":1},{"id":"6e12ce1c-8404-4379-a4d8-56d0e7fdf7bf","value":10,"text":"unbiased","comment":"","position":{"x":1051,"y":567},"isActive":true,"date":1702377099781,"kind":"Node","isSelected":false,"isConnectorSelected":false,"isDraggable":1,"isDeletable":1,"hasElementMoved":false,"eventLog":[{"time":1702377099781,"type":"create node","value":10}],"isTextChangeable":1},{"id":"4f0159d7-2264-4439-bad7-c77b8d4e3633","value":-1,"text":"accuracy","comment":"Accuracy may be limited","position":{"x":277,"y":532},"isActive":true,"date":1702377108222,"kind":"Node","isSelected":false,"isConnectorSelected":false,"isDraggable":1,"isDeletable":1,"hasElementMoved":false,"eventLog":[{"time":1702377108222,"type":"create node","value":"0"},{"time":1702377108401,"type":"selected","value":"TRUE"},{"time":1702377128073,"type":"text","value":"Genauigkeit"},{"time":1702377128073,"type":"value","value":"-1"},{"time":1702377128073,"type":"comment","value":"Genauigkeit möglicherweise eingeschränkt\n"},{"time":1702377128073,"type":"selected","value":"FALSE"}],"isTextChangeable":1},{"id":"d5473839-716b-4887-a251-e6241bf83e4f","value":10,"text":"can be damaged","comment":"Still better than when people get damaged","position":{"x":550,"y":273},"isActive":true,"date":1702377154882,"kind":"Node","isSelected":false,"isConnectorSelected":false,"isDraggable":1,"isDeletable":1,"hasElementMoved":false,"eventLog":[{"time":1702377154882,"type":"create node","value":"0"},{"time":1702377155051,"type":"selected","value":"TRUE"},{"time":1702377173997,"type":"text","value":"Kann beschädigt werden"},{"time":1702377173997,"type":"value","value":"10"},{"time":1702377173997,"type":"comment","value":"Immer noch besser als wenn Menschen beschädigt werden\n"},{"time":1702377173997,"type":"selected","value":"FALSE"}],"isTextChangeable":1},{"id":"e1e6c1ea-6e36-4294-bc19-3a152d06bc64","value":2,"text":"special functions","comment":"Can do more things than human rescuers","position":{"x":1090,"y":168},"isActive":true,"date":1702377206007,"kind":"Node","isSelected":false,"isConnectorSelected":false,"isDraggable":1,"isDeletable":1,"hasElementMoved":false,"eventLog":[{"time":1702377206007,"type":"create node","value":"0"},{"time":1702377206170,"type":"selected","value":"TRUE"},{"time":1702377234848,"type":"text","value":"Spezialfunktionen"},{"time":1702377234848,"type":"value","value":"2"},{"time":1702377234848,"type":"comment","value":"Kann mehr Dinge, als menschliche Retter"},{"time":1702377234848,"type":"selected","value":"FALSE"}],"isTextChangeable":1},{"id":"c39035f1-cd36-4cdf-b984-997e301afdc2","value":0,"text":"","comment":"","position":{"x":1047,"y":251},"isActive":false,"date":1702377235892,"kind":"Node","isSelected":false,"isConnectorSelected":false,"isDraggable":1,"isDeletable":1,"hasElementMoved":false,"eventLog":[{"time":1702377235892,"type":"create node","value":0},{"time":1702377237996,"type":"selected","value":1},{"time":1702377239106,"type":"node was deleted","value":-99}],"isTextChangeable":1}],"connectors":[{"id":"f4c5e76f-566c-4a41-90d6-4cb5e30b2a1f","source":"c1a82c73-383a-40f0-bfe0-407a10c76c02","target":"4e310c64-57a2-468a-b54c-0f2fbe6bf1b1","agreement":true,"isActive":true,"date":1702377099781,"kind":"Connector","isSelected":false,"intensity":3,"isDeletable":false,"isOver":false,"isBidirectional":false,"eventLog":[{"time":1702377099781,"type":"create connection"}]},{"id":"55d75c72-fe79-4fcd-832f-e98d00ed7796","source":"c1a82c73-383a-40f0-bfe0-407a10c76c02","target":"75a463fb-fa43-4329-9aee-f649c1c6c40e","agreement":true,"isActive":true,"date":1702377099781,"kind":"Connector","isSelected":false,"intensity":3,"isDeletable":true,"isOver":false,"isBidirectional":false,"eventLog":[{"time":1702377099781,"type":"create connection"}]},{"id":"8e3d6493-023b-4ab9-a514-1a9db4a07245","source":"4e310c64-57a2-468a-b54c-0f2fbe6bf1b1","target":"fb41f004-3cc8-4953-b88f-16ff22537808","agreement":true,"isActive":true,"date":1702377099781,"kind":"Connector","isSelected":false,"intensity":6,"isDeletable":true,"isOver":false,"isBidirectional":false,"eventLog":[{"time":1702377099781,"type":"create connection"}]},{"id":"f681a8fc-2aaa-443f-8508-e6cb6a186645","source":"4e310c64-57a2-468a-b54c-0f2fbe6bf1b1","target":"42d09748-2976-4ec7-887c-f9f374eef628","agreement":true,"isActive":true,"date":1702377099781,"kind":"Connector","isSelected":false,"intensity":6,"isDeletable":true,"isOver":false,"isBidirectional":false,"eventLog":[{"time":1702377099781,"type":"create connection"}]},{"id":"485f50f4-4d67-436e-97f9-879dbe39d8f3","source":"4e310c64-57a2-468a-b54c-0f2fbe6bf1b1","target":"fa55a998-b147-40d6-9d85-b7fef480af89","agreement":false,"isActive":true,"date":1702377099781,"kind":"Connector","isSelected":false,"intensity":6,"isDeletable":true,"isOver":false,"isBidirectional":false,"eventLog":[{"time":1702377099781,"type":"create connection"}]},{"id":"49b84798-6802-4775-8dbb-1515ae321cbd","source":"42d09748-2976-4ec7-887c-f9f374eef628","target":"fb41f004-3cc8-4953-b88f-16ff22537808","agreement":true,"isActive":true,"date":1702377099781,"kind":"Connector","isSelected":false,"intensity":3,"isDeletable":true,"isOver":false,"isBidirectional":false,"eventLog":[{"time":1702377099781,"type":"create connection"}]},{"id":"42e67c1a-a738-48b3-b780-820055a1fc0c","source":"75a463fb-fa43-4329-9aee-f649c1c6c40e","target":"cf654819-3b64-4a36-8ed0-2978dad9d67e","agreement":true,"isActive":true,"date":1702377099781,"kind":"Connector","isSelected":false,"intensity":9,"isDeletable":true,"isOver":false,"isBidirectional":false,"eventLog":[{"time":1702377099781,"type":"create connection"}]},{"id":"4a0c2dbf-44d3-49b6-9878-6b7f6a966db1","source":"75a463fb-fa43-4329-9aee-f649c1c6c40e","target":"a2471534-d4e7-48b1-8792-713d0deebe7a","agreement":true,"isActive":true,"date":1702377099781,"kind":"Connector","isSelected":false,"intensity":3,"isDeletable":true,"isOver":false,"isBidirectional":false,"eventLog":[{"time":1702377099781,"type":"create connection"}]},{"id":"69dc66fd-785d-4af7-88ca-1f17fa6800b3","source":"c1a82c73-383a-40f0-bfe0-407a10c76c02","target":"6face20c-3e53-4ebe-9ba1-f9ba3379416a","agreement":true,"isActive":true,"date":1702377099781,"kind":"Connector","isSelected":false,"intensity":3,"isDeletable":true,"isOver":false,"isBidirectional":false,"eventLog":[{"time":1702377099781,"type":"create connection"}]},{"id":"b938eb20-39f0-4f27-b1a3-b0ac14f9c0c9","source":"75a463fb-fa43-4329-9aee-f649c1c6c40e","target":"323c971e-87bc-4235-9a10-3cb619804c33","agreement":true,"isActive":true,"date":1702377099781,"kind":"Connector","isSelected":false,"intensity":3,"isDeletable":true,"isOver":false,"isBidirectional":false,"eventLog":[{"time":1702377099781,"type":"create connection"}]},{"id":"b9110e42-1813-4edd-8da1-4b34432dce38","source":"75a463fb-fa43-4329-9aee-f649c1c6c40e","target":"43d80932-f2d9-430d-9088-e2542e0bee33","agreement":true,"isActive":true,"date":1702377099781,"kind":"Connector","isSelected":false,"intensity":3,"isDeletable":true,"isOver":false,"isBidirectional":false,"eventLog":[{"time":1702377099781,"type":"create connection"}]},{"id":"61ceb345-25f4-470b-8a58-66b2d839944a","source":"75a463fb-fa43-4329-9aee-f649c1c6c40e","target":"6e12ce1c-8404-4379-a4d8-56d0e7fdf7bf","agreement":true,"isActive":true,"date":1702377099781,"kind":"Connector","isSelected":false,"intensity":3,"isDeletable":true,"isOver":false,"isBidirectional":false,"eventLog":[{"time":1702377099781,"type":"create connection"}]},{"id":"2fad41be-6e90-4e53-b545-f09f19e2a849","source":"4e310c64-57a2-468a-b54c-0f2fbe6bf1b1","target":"4f0159d7-2264-4439-bad7-c77b8d4e3633","agreement":false,"isActive":true,"date":1702377131745,"kind":"Connector","isSelected":false,"intensity":6,"isDeletable":true,"isOver":false,"isBidirectional":false,"eventLog":[{"time":1702377131745,"type":"create connection"},{"time":1702377132922,"type":"selected","value":1},{"time":1702377137057,"type":"change intensity of connector","value":-6},{"time":1702377137057,"type":"selected","value":0}]},{"id":"fbb5e2f4-fc2a-412d-ade9-b45e2010e004","source":"4f0159d7-2264-4439-bad7-c77b8d4e3633","target":"fa55a998-b147-40d6-9d85-b7fef480af89","agreement":true,"isActive":true,"date":1702377139890,"kind":"Connector","isSelected":false,"intensity":3,"isDeletable":true,"isOver":false,"isBidirectional":false,"eventLog":[{"time":1702377139890,"type":"create connection"}]},{"id":"002f8cc6-d515-4be2-bf99-319a367ae4e2","source":"cf654819-3b64-4a36-8ed0-2978dad9d67e","target":"d5473839-716b-4887-a251-e6241bf83e4f","agreement":false,"isActive":true,"date":1702377176878,"kind":"Connector","isSelected":false,"intensity":9,"isDeletable":true,"isOver":false,"isBidirectional":false,"eventLog":[{"time":1702377176878,"type":"create connection"},{"time":1702377178819,"type":"selected","value":1},{"time":1702377182685,"type":"change intensity of connector","value":-9},{"time":1702377182685,"type":"selected","value":0}]},{"id":"4c145370-7f8c-4a8a-8c21-60cc4fb22353","source":"d5473839-716b-4887-a251-e6241bf83e4f","target":"4e310c64-57a2-468a-b54c-0f2fbe6bf1b1","agreement":true,"isActive":true,"date":1702377187183,"kind":"Connector","isSelected":false,"intensity":3,"isDeletable":true,"isOver":false,"isBidirectional":false,"eventLog":[{"time":1702377187183,"type":"create connection"}]},{"id":"1d7d08cd-dfe2-4865-80ca-f42ed79f9378","source":"a2471534-d4e7-48b1-8792-713d0deebe7a","target":"e1e6c1ea-6e36-4294-bc19-3a152d06bc64","agreement":true,"isActive":true,"date":1702377240783,"kind":"Connector","isSelected":false,"intensity":3,"isDeletable":true,"isOver":false,"isBidirectional":false,"eventLog":[{"time":1702377240783,"type":"create connection"}]}],"currentID":{},"currentNode":{},"hasSelectedNode":[false],"currentConnector":{},"hasSelectedConnector":[false],"readyToMove":[false],"isIncoming":[false]}
