{"idCAM":["ea195ea3-bec2-46a7-99ee-5bdce4e78871"],"creator":["5f5494aa76d6147f7ca89533_post"],"projectCAM":["S2_CAM part 2"],"defocusCAM":[null],"date":[1702379417867],"nodes":[{"id":"3aa1ec63-de4b-4731-b944-08649ed5e0f2","value":2,"text":"rescue robot","comment":"","position":{"x":650,"y":400},"isActive":true,"date":1702379418755,"kind":"Node","isSelected":false,"isConnectorSelected":false,"isDraggable":0,"isDeletable":0,"hasElementMoved":false,"eventLog":[{"time":1702379418755,"type":"create node","value":2}],"isTextChangeable":0},{"id":"4d165ccf-43bb-4462-9c73-6151c1fbd26e","value":-3,"text":"disadvantages","comment":"","position":{"x":450,"y":400},"isActive":true,"date":1702379418756,"kind":"Node","isSelected":false,"isConnectorSelected":true,"isDraggable":0,"isDeletable":0,"hasElementMoved":false,"eventLog":[{"time":1702379418756,"type":"create node","value":-3}],"isTextChangeable":0},{"id":"3772ecad-4588-43bf-b0ca-7ef9283d71e0","value":3,"text":"advantages","comment":"","position":{"x":850,"y":400},"isActive":true,"date":1702379418756,"kind":"Node","isSelected":false,"isConnectorSelected":false,"isDraggable":0,"isDeletable":0,"hasElementMoved":false,"eventLog":[{"time":1702379418756,"type":"create node","value":3}],"isTextChangeable":0},{"id":"c90597a3-6f61-4f93-a0f3-dfe32d8c20f5","value":2,"text":"accessibility of contaminated places","comment":"","position":{"x":736.2333,"y":300.35},"isActive":true,"date":1702379418756,"kind":"Node","isSelected":false,"isConnectorSelected":false,"isDraggable":1,"isDeletable":1,"hasElementMoved":false,"eventLog":[{"time":1702379418756,"type":"create node","value":2}],"isTextChangeable":1},{"id":"e695f6ff-b5e4-4932-922c-e34b987c6651","value":3,"text":"protection rescue forces","comment":"","position":{"x":805.2333,"y":116.35},"isActive":true,"date":1702379418756,"kind":"Node","isSelected":false,"isConnectorSelected":false,"isDraggable":1,"isDeletable":1,"hasElementMoved":false,"eventLog":[{"time":1702379418756,"type":"create node","value":3},{"time":1702379442425,"type":"selected","value":1},{"time":1702379444372,"type":"selected","value":0}],"isTextChangeable":1},{"id":"46a50247-ecfa-4b2a-bfd6-7ffb037690d7","value":1,"text":"force","comment":"possibly lower with soft robots than with hard robots","position":{"x":962.2333,"y":193.35},"isActive":true,"date":1702379418756,"kind":"Node","isSelected":false,"isConnectorSelected":false,"isDraggable":1,"isDeletable":1,"hasElementMoved":false,"eventLog":[{"time":1702379418757,"type":"create node","value":"1"},{"time":1702379429613,"type":"selected","value":"TRUE"},{"time":1702379440776,"type":"selected","value":"FALSE"},{"time":1702379445410,"type":"selected","value":"TRUE"},{"time":1702379459316,"type":"comment","value":"bei soften Robotern evtl geringer als bei festen Robotern"},{"time":1702379459316,"type":"selected","value":"FALSE"}],"isTextChangeable":1},{"id":"8205507c-c011-480d-afbb-3851fe0e867a","value":2,"text":"mobility","comment":"","position":{"x":1119.2333,"y":255.35},"isActive":true,"date":1702379418757,"kind":"Node","isSelected":false,"isConnectorSelected":false,"isDraggable":1,"isDeletable":1,"hasElementMoved":false,"eventLog":[{"time":1702379418757,"type":"create node","value":2}],"isTextChangeable":1},{"id":"e46f0560-4a0a-49e7-9b34-4dbd9df82b44","value":1,"text":"resources","comment":"","position":{"x":1129.2333,"y":376.35},"isActive":true,"date":1702379418757,"kind":"Node","isSelected":false,"isConnectorSelected":false,"isDraggable":1,"isDeletable":1,"hasElementMoved":false,"eventLog":[{"time":1702379418757,"type":"create node","value":1}],"isTextChangeable":1},{"id":"bf484dba-13e2-40fb-b37d-5367e61f4b00","value":-3,"text":"unclear algorithms","comment":"","position":{"x":493.2333,"y":224.35},"isActive":true,"date":1702379418758,"kind":"Node","isSelected":false,"isConnectorSelected":false,"isDraggable":1,"isDeletable":1,"hasElementMoved":false,"eventLog":[{"time":1702379418758,"type":"create node","value":-3}],"isTextChangeable":1},{"id":"1d73cc38-06d8-445b-9197-fde517e27c64","value":-1,"text":"jobs","comment":"","position":{"x":318.2333,"y":265.35},"isActive":true,"date":1702379418759,"kind":"Node","isSelected":false,"isConnectorSelected":false,"isDraggable":1,"isDeletable":1,"hasElementMoved":false,"eventLog":[{"time":1702379418759,"type":"create node","value":-1}],"isTextChangeable":1},{"id":"d134556b-f541-4968-9a1a-3d4c50bedfc8","value":-1,"text":"abuse","comment":"","position":{"x":251.2333,"y":366.35},"isActive":true,"date":1702379418759,"kind":"Node","isSelected":false,"isConnectorSelected":false,"isDraggable":1,"isDeletable":1,"hasElementMoved":false,"eventLog":[{"time":1702379418759,"type":"create node","value":-1}],"isTextChangeable":1},{"id":"9560f714-e62a-4abc-be40-8d8ebc43055a","value":1,"text":"economic development","comment":"","position":{"x":1074.2333,"y":508.35},"isActive":true,"date":1702379418760,"kind":"Node","isSelected":false,"isConnectorSelected":false,"isDraggable":1,"isDeletable":1,"hasElementMoved":false,"eventLog":[{"time":1702379418760,"type":"create node","value":1}],"isTextChangeable":1},{"id":"278a36d8-dc5f-4790-812b-294f4b67ae4f","value":1,"text":"cost saving","comment":"","position":{"x":894.2333,"y":552.35},"isActive":true,"date":1702379418760,"kind":"Node","isSelected":false,"isConnectorSelected":false,"isDraggable":1,"isDeletable":1,"hasElementMoved":false,"eventLog":[{"time":1702379418760,"type":"create node","value":1}],"isTextChangeable":1},{"id":"da266df9-20a0-4caa-8d6c-8c7f7b5be9d5","value":-1,"text":"emotional coldness","comment":"possibly better with soft robots than with solid robots, as these more closely resemble real organisms (such as animals)","position":{"x":301.2333,"y":490.35},"isActive":true,"date":1702379418760,"kind":"Node","isSelected":false,"isConnectorSelected":false,"isDraggable":1,"isDeletable":1,"hasElementMoved":false,"eventLog":[{"time":1702379418760,"type":"create node","value":"-2"},{"time":1702379464383,"type":"selected","value":"TRUE"},{"time":1702379500965,"type":"value","value":"-1"},{"time":1702379500965,"type":"comment","value":"bei soften Robotern evtl besser als bei festen Robotern, da diese eher echten Organismen (zb Tieren) ähneln"},{"time":1702379500965,"type":"selected","value":"FALSE"}],"isTextChangeable":1},{"id":"b5e7575a-650d-4f6c-8d00-c2e3ffa26733","value":0,"text":"","comment":"","position":{"x":599.2333,"y":536.35},"isActive":false,"date":1702379421200,"kind":"Node","isSelected":false,"isConnectorSelected":false,"isDraggable":1,"isDeletable":1,"hasElementMoved":false,"eventLog":[{"time":1702379421200,"type":"create node","value":0},{"time":1702379423815,"type":"selected","value":1},{"time":1702379425380,"type":"node was deleted","value":-99}],"isTextChangeable":1},{"id":"11ccf4ec-dc3e-4641-984a-fd20a0e984fd","value":2,"text":"supply of goods","comment":"Supplying victims with water, food, medicine etc.","position":{"x":756.2333,"y":527.35},"isActive":true,"date":1702379508924,"kind":"Node","isSelected":false,"isConnectorSelected":false,"isDraggable":1,"isDeletable":1,"hasElementMoved":false,"eventLog":[{"time":1702379508924,"type":"create node","value":"0"},{"time":1702379509356,"type":"selected","value":"TRUE"},{"time":1702379509765,"type":"selected","value":"FALSE"},{"time":1702379511247,"type":"selected","value":"TRUE"},{"time":1702379540604,"type":"text","value":"Versorgung mit Gütern"},{"time":1702379540604,"type":"value","value":"2"},{"time":1702379540604,"type":"comment","value":"Versorgung von Opfern mit Wasser, Nahrung, Medikamenten etc."},{"time":1702379540604,"type":"selected","value":"FALSE"}],"isTextChangeable":1},{"id":"b2277901-9040-4914-a750-a628eb13cb83","value":-2,"text":"easy to damage","comment":"soft robots can easily break or get damaged at the place of deployment","position":{"x":461.2333,"y":547.35},"isActive":true,"date":1702379563550,"kind":"Node","isSelected":false,"isConnectorSelected":true,"isDraggable":1,"isDeletable":1,"hasElementMoved":false,"eventLog":[{"time":1702379563550,"type":"create node","value":"0"},{"time":1702379564196,"type":"selected","value":"TRUE"},{"time":1702379597859,"type":"text","value":"leicht zu beschädigen"},{"time":1702379597859,"type":"value","value":"-2"},{"time":1702379597859,"type":"comment","value":"softe Roboter können am Einsatzort leicht kaputt gehen oder beschädigt werden"},{"time":1702379597859,"type":"selected","value":"FALSE"}],"isTextChangeable":1}],"connectors":[{"id":"02022ed1-b4e0-41c2-956e-eb106b0b14ef","source":"3aa1ec63-de4b-4731-b944-08649ed5e0f2","target":"4d165ccf-43bb-4462-9c73-6151c1fbd26e","agreement":true,"isActive":true,"date":1702379418761,"kind":"Connector","isSelected":false,"intensity":3,"isDeletable":false,"isOver":false,"isBidirectional":false,"eventLog":[{"time":1702379418761,"type":"create connection"}]},{"id":"eee6cab3-b8f2-474f-b1cc-760b3bc99be8","source":"3aa1ec63-de4b-4731-b944-08649ed5e0f2","target":"3772ecad-4588-43bf-b0ca-7ef9283d71e0","agreement":true,"isActive":true,"date":1702379418762,"kind":"Connector","isSelected":false,"intensity":3,"isDeletable":true,"isOver":false,"isBidirectional":false,"eventLog":[{"time":1702379418762,"type":"create connection"}]},{"id":"daaba9d9-90f7-4895-b2df-db8a88f6ed72","source":"3772ecad-4588-43bf-b0ca-7ef9283d71e0","target":"c90597a3-6f61-4f93-a0f3-dfe32d8c20f5","agreement":true,"isActive":true,"date":1702379418763,"kind":"Connector","isSelected":false,"intensity":6,"isDeletable":true,"isOver":false,"isBidirectional":false,"eventLog":[{"time":1702379418763,"type":"create connection"}]},{"id":"093ead73-b1ef-4715-a281-8e7820efdd8e","source":"3772ecad-4588-43bf-b0ca-7ef9283d71e0","target":"e695f6ff-b5e4-4932-922c-e34b987c6651","agreement":true,"isActive":true,"date":1702379418763,"kind":"Connector","isSelected":false,"intensity":9,"isDeletable":true,"isOver":false,"isBidirectional":false,"eventLog":[{"time":1702379418763,"type":"create connection"}]},{"id":"c743453a-ab86-4f77-a788-66b7cbc1788b","source":"3772ecad-4588-43bf-b0ca-7ef9283d71e0","target":"46a50247-ecfa-4b2a-bfd6-7ffb037690d7","agreement":true,"isActive":true,"date":1702379418764,"kind":"Connector","isSelected":false,"intensity":6,"isDeletable":true,"isOver":false,"isBidirectional":false,"eventLog":[{"time":1702379418764,"type":"create connection"}]},{"id":"370a54e0-f1a2-4f56-a039-26d6fc271b63","source":"3772ecad-4588-43bf-b0ca-7ef9283d71e0","target":"8205507c-c011-480d-afbb-3851fe0e867a","agreement":true,"isActive":true,"date":1702379418765,"kind":"Connector","isSelected":false,"intensity":3,"isDeletable":true,"isOver":false,"isBidirectional":false,"eventLog":[{"time":1702379418765,"type":"create connection"}]},{"id":"be9580f3-8a14-4220-b986-0b422cfc22d0","source":"3772ecad-4588-43bf-b0ca-7ef9283d71e0","target":"e46f0560-4a0a-49e7-9b34-4dbd9df82b44","agreement":true,"isActive":true,"date":1702379418765,"kind":"Connector","isSelected":false,"intensity":3,"isDeletable":true,"isOver":false,"isBidirectional":false,"eventLog":[{"time":1702379418765,"type":"create connection"}]},{"id":"fc7b21ca-9b8f-4b42-bc46-a12ec0a459e6","source":"9560f714-e62a-4abc-be40-8d8ebc43055a","target":"3772ecad-4588-43bf-b0ca-7ef9283d71e0","agreement":true,"isActive":true,"date":1702379418765,"kind":"Connector","isSelected":false,"intensity":3,"isDeletable":true,"isOver":false,"isBidirectional":false,"eventLog":[{"time":1702379418765,"type":"create connection"}]},{"id":"2b12ea73-191c-40bb-9745-48d80e0b1307","source":"4d165ccf-43bb-4462-9c73-6151c1fbd26e","target":"bf484dba-13e2-40fb-b37d-5367e61f4b00","agreement":true,"isActive":true,"date":1702379418765,"kind":"Connector","isSelected":false,"intensity":6,"isDeletable":true,"isOver":false,"isBidirectional":false,"eventLog":[{"time":1702379418765,"type":"create connection"}]},{"id":"c55ebb39-1804-4a7e-9f56-da8272dbcd67","source":"4d165ccf-43bb-4462-9c73-6151c1fbd26e","target":"1d73cc38-06d8-445b-9197-fde517e27c64","agreement":true,"isActive":true,"date":1702379418765,"kind":"Connector","isSelected":false,"intensity":3,"isDeletable":true,"isOver":false,"isBidirectional":false,"eventLog":[{"time":1702379418765,"type":"create connection"}]},{"id":"64cc0f9f-2342-4396-908e-e238efa253cf","source":"4d165ccf-43bb-4462-9c73-6151c1fbd26e","target":"d134556b-f541-4968-9a1a-3d4c50bedfc8","agreement":true,"isActive":true,"date":1702379418767,"kind":"Connector","isSelected":false,"intensity":3,"isDeletable":true,"isOver":false,"isBidirectional":false,"eventLog":[{"time":1702379418767,"type":"create connection"}]},{"id":"5993e764-feca-480c-94aa-262614648bd0","source":"3772ecad-4588-43bf-b0ca-7ef9283d71e0","target":"278a36d8-dc5f-4790-812b-294f4b67ae4f","agreement":true,"isActive":true,"date":1702379418767,"kind":"Connector","isSelected":false,"intensity":3,"isDeletable":true,"isOver":false,"isBidirectional":false,"eventLog":[{"time":1702379418767,"type":"create connection"}]},{"id":"9016486b-0bd0-4aee-93f0-52378fd7dd7a","source":"4d165ccf-43bb-4462-9c73-6151c1fbd26e","target":"da266df9-20a0-4caa-8d6c-8c7f7b5be9d5","agreement":true,"isActive":true,"date":1702379418768,"kind":"Connector","isSelected":false,"intensity":3,"isDeletable":true,"isOver":false,"isBidirectional":false,"eventLog":[{"time":1702379418768,"type":"create connection"}]},{"id":"98a9890e-3876-42c3-91be-4bc406156834","source":"c90597a3-6f61-4f93-a0f3-dfe32d8c20f5","target":"8205507c-c011-480d-afbb-3851fe0e867a","agreement":true,"isActive":true,"date":1702379418768,"kind":"Connector","isSelected":false,"intensity":3,"isDeletable":true,"isOver":false,"isBidirectional":false,"eventLog":[{"time":1702379418768,"type":"create connection"}]},{"id":"146234c4-6e85-435a-8122-ee17b75e70d0","source":"e695f6ff-b5e4-4932-922c-e34b987c6651","target":"c90597a3-6f61-4f93-a0f3-dfe32d8c20f5","agreement":true,"isActive":true,"date":1702379418768,"kind":"Connector","isSelected":false,"intensity":6,"isDeletable":true,"isOver":false,"isBidirectional":false,"eventLog":[{"time":1702379418768,"type":"create connection"}]},{"id":"3e1b2e3d-b30b-415e-8d2c-b6ba64d0231d","source":"3772ecad-4588-43bf-b0ca-7ef9283d71e0","target":"11ccf4ec-dc3e-4641-984a-fd20a0e984fd","agreement":true,"isActive":true,"date":1702379543988,"kind":"Connector","isSelected":false,"intensity":6,"isDeletable":true,"isOver":false,"isBidirectional":false,"eventLog":[{"time":1702379543988,"type":"create connection"},{"time":1702379544872,"type":"selected","value":1},{"time":1702379547753,"type":"change intensity of connector","value":6},{"time":1702379547753,"type":"selected","value":0}]},{"id":"6b31d691-20b9-4f73-a93a-6474da31e483","source":"b2277901-9040-4914-a750-a628eb13cb83","target":"4d165ccf-43bb-4462-9c73-6151c1fbd26e","agreement":true,"isActive":true,"date":1702379599183,"kind":"Connector","isSelected":false,"intensity":6,"isDeletable":true,"isOver":false,"isBidirectional":false,"eventLog":[{"time":1702379599183,"type":"create connection"},{"time":1702379599875,"type":"selected","value":1},{"time":1702379602230,"type":"change intensity of connector","value":6},{"time":1702379602230,"type":"selected","value":0}]}],"currentID":["6b31d691-20b9-4f73-a93a-6474da31e483"],"currentNode":{},"hasSelectedNode":[false],"currentConnector":{"id":["6b31d691-20b9-4f73-a93a-6474da31e483"],"value":{},"source":["b2277901-9040-4914-a750-a628eb13cb83"],"target":["4d165ccf-43bb-4462-9c73-6151c1fbd26e"],"agreement":[true],"isActive":[true],"date":[1702379599183],"kind":["Connector"],"isSelected":[false],"intensity":[6],"isDeletable":[true],"isOver":[false],"isBidirectional":[false],"eventLog":[{"time":1702379599183,"type":"create connection"},{"time":1702379599875,"type":"selected","value":1},{"time":1702379602230,"type":"change intensity of connector","value":6},{"time":1702379602230,"type":"selected","value":0}]},"hasSelectedConnector":[true],"readyToMove":[false],"isIncoming":[false],"hasElementMoved":[false]}
