{"idCAM":["8266b0f2-38e4-409e-a2e8-2bfd10924aec"],"creator":["5f738b981a302b0d6d6405aa_post"],"projectCAM":["S2_CAM part 2"],"defocusCAM":[],"date":[1702310569105],"nodes":[{"id":"14f8d1d0-fa7c-4500-95b1-cae12058ebfe","value":10,"text":"social assistance robot","comment":"","position":{"x":650,"y":400},"isActive":true,"date":1702310570022,"kind":"Node","isSelected":false,"isConnectorSelected":false,"isDraggable":0,"isDeletable":0,"hasElementMoved":false,"eventLog":[{"time":1702310570022,"type":"create node","value":10}],"isTextChangeable":0},{"id":"1651b24d-faa1-4f7c-8de0-455b1142f047","value":0,"text":"disadvantages","comment":"","position":{"x":450,"y":400},"isActive":true,"date":1702310570022,"kind":"Node","isSelected":false,"isConnectorSelected":false,"isDraggable":0,"isDeletable":0,"hasElementMoved":false,"eventLog":[{"time":1702310570022,"type":"create node","value":0}],"isTextChangeable":0},{"id":"7d40a866-9c45-4261-b54c-802c8e9f33f9","value":0,"text":"advantages","comment":"","position":{"x":850,"y":400},"isActive":true,"date":1702310570022,"kind":"Node","isSelected":false,"isConnectorSelected":false,"isDraggable":0,"isDeletable":0,"hasElementMoved":false,"eventLog":[{"time":1702310570022,"type":"create node","value":0}],"isTextChangeable":0},{"id":"483ab4cc-744c-45f6-827c-032a01eb9f8c","value":-1,"text":"dependence on robots","comment":"","position":{"x":316,"y":285},"isActive":true,"date":1702310570022,"kind":"Node","isSelected":false,"isConnectorSelected":false,"isDraggable":1,"isDeletable":1,"hasElementMoved":false,"eventLog":[{"time":1702310570022,"type":"create node","value":-1}],"isTextChangeable":1},{"id":"99ba35e1-9dd8-4b35-b2eb-d967bb39f24a","value":-2,"text":"loss of jobs","comment":"","position":{"x":272,"y":400},"isActive":true,"date":1702310570022,"kind":"Node","isSelected":false,"isConnectorSelected":false,"isDraggable":1,"isDeletable":1,"hasElementMoved":false,"eventLog":[{"time":1702310570022,"type":"create node","value":-2},{"time":1702310830563,"type":"selected","value":1},{"time":1702310831370,"type":"selected","value":0}],"isTextChangeable":1},{"id":"b14e0393-7122-4e19-9d5f-03d2c1564cdb","value":-2,"text":"influence","comment":"","position":{"x":301,"y":485},"isActive":true,"date":1702310570022,"kind":"Node","isSelected":false,"isConnectorSelected":false,"isDraggable":1,"isDeletable":1,"hasElementMoved":false,"eventLog":[{"time":1702310570022,"type":"create node","value":-2},{"time":1702310827961,"type":"selected","value":1},{"time":1702310828602,"type":"selected","value":0}],"isTextChangeable":1},{"id":"f9f1b0c2-12f1-4606-b495-718ca692ac6a","value":2,"text":"interaction","comment":"","position":{"x":1214.4,"y":353.6},"isActive":true,"date":1702310570022,"kind":"Node","isSelected":false,"isConnectorSelected":false,"isDraggable":1,"isDeletable":1,"hasElementMoved":false,"eventLog":[{"time":"1702310570022","type":"create node","value":[2]},{"time":"2023-12-11T16:06:49.037Z","type":"position","value":{"x":[1083.4],"y":[299.6]}}],"isTextChangeable":1},{"id":"bd93671b-5c28-4651-8658-e139d3b56da1","value":2,"text":"enhancement of social skills","comment":"","position":{"x":886.4,"y":635.6},"isActive":true,"date":1702310570022,"kind":"Node","isSelected":false,"isConnectorSelected":false,"isDraggable":1,"isDeletable":1,"hasElementMoved":false,"eventLog":[{"time":"1702310570022","type":"create node","value":[1]},{"time":"1702310613570","type":"selected","value":[true]},{"time":"1702310614912","type":"value","value":[2]},{"time":"1702310614912","type":"selected","value":[false]},{"time":"2023-12-11T16:06:30.290Z","type":"position","value":{"x":[1100.4],"y":[416.6]}},{"time":"2023-12-11T16:06:30.512Z","type":"position","value":{"x":[947.4],"y":[531.6]}},{"time":"2023-12-11T16:06:30.545Z","type":"position","value":{"x":[911.4],"y":[569.6]}}],"isTextChangeable":1},{"id":"ebd07296-9493-48d5-bd54-60f045e46213","value":3,"text":"help with education","comment":"","position":{"x":1054.4,"y":462.6},"isActive":true,"date":1702310570022,"kind":"Node","isSelected":false,"isConnectorSelected":false,"isDraggable":1,"isDeletable":1,"hasElementMoved":false,"eventLog":[{"time":"1702310570022","type":"create node","value":[3]},{"time":"2023-12-11T16:06:50.277Z","type":"position","value":{"x":[1088.4],"y":[480.6]}},{"time":"2023-12-11T16:06:53.459Z","type":"position","value":{"x":[1040.4],"y":[447.6]}}],"isTextChangeable":1},{"id":"63322a7f-abce-4459-ad6f-f11a5fb48c3d","value":-1,"text":"service","comment":"above all, older people could have problems with the operation","position":{"x":445,"y":555},"isActive":true,"date":1702310570022,"kind":"Node","isSelected":false,"isConnectorSelected":false,"isDraggable":1,"isDeletable":1,"hasElementMoved":false,"eventLog":[{"time":1702310570022,"type":"create node","value":"-1"},{"time":1702310822898,"type":"selected","value":"TRUE"},{"time":1702310827250,"type":"selected","value":"FALSE"},{"time":1702310832043,"type":"selected","value":"TRUE"},{"time":1702310853635,"type":"comment","value":"vorallem ältere Menschen könnten Probleme mit der Bedienung haben"},{"time":1702310853635,"type":"selected","value":"FALSE"},{"time":1702310854520,"type":"selected","value":"TRUE"},{"time":1702310855082,"type":"selected","value":"FALSE"},{"time":1702310855875,"type":"selected","value":"TRUE"},{"time":1702310856995,"type":"selected","value":"FALSE"}],"isTextChangeable":1},{"id":"f00160aa-3734-4b84-b027-1876764039ba","value":-3,"text":"possibility of malfunctions","comment":"","position":{"x":421.4,"y":165.6},"isActive":true,"date":1702310570022,"kind":"Node","isSelected":false,"isConnectorSelected":false,"isDraggable":1,"isDeletable":1,"hasElementMoved":false,"eventLog":[{"time":"1702310570022","type":"create node","value":[-3]},{"time":"2023-12-11T16:06:21.306Z","type":"position","value":{"x":[439.4],"y":[201.6]}}],"isTextChangeable":1},{"id":"d94c3899-93cb-463d-80c9-90c49cd61b5f","value":3,"text":"24/7 support","comment":"","position":{"x":1047,"y":581},"isActive":true,"date":1702310570022,"kind":"Node","isSelected":false,"isConnectorSelected":false,"isDraggable":1,"isDeletable":1,"hasElementMoved":false,"eventLog":[{"time":1702310570022,"type":"create node","value":3}],"isTextChangeable":1},{"id":"65bb49bd-09b8-48cd-a190-4b48cf37fbed","value":-1,"text":"cost","comment":"","position":{"x":524,"y":247},"isActive":true,"date":1702310570022,"kind":"Node","isSelected":false,"isConnectorSelected":false,"isDraggable":1,"isDeletable":1,"hasElementMoved":false,"eventLog":[{"time":1702310570022,"type":"create node","value":-1}],"isTextChangeable":1},{"id":"ab026495-0b31-47b5-9d54-135a1adcd8fc","value":3,"text":"low risk of injury","comment":"","position":{"x":876.4,"y":97.6},"isActive":true,"date":1702310580553,"kind":"Node","isSelected":false,"isConnectorSelected":false,"isDraggable":1,"isDeletable":1,"hasElementMoved":false,"eventLog":[{"time":"1702310580553","type":"create node","value":[0]},{"time":"1702310582026","type":"selected","value":[true]},{"time":"1702310592240","type":"text","value":["geringes Verletzungsrisiko"]},{"time":"1702310592240","type":"value","value":[3]},{"time":"1702310592240","type":"selected","value":[false]},{"time":"2023-12-11T16:03:16.914Z","type":"position","value":{"x":[912.4],"y":[254.6]}},{"time":"2023-12-11T16:06:14.372Z","type":"position","value":{"x":[1024.4],"y":[226.6]}}],"isTextChangeable":1},{"id":"d4a1d866-2dbf-4510-bbbd-6fb506957f85","value":0,"text":"","comment":"","position":{"x":821.4,"y":207.6},"isActive":false,"date":1702310597864,"kind":"Node","isSelected":false,"isConnectorSelected":false,"isDraggable":1,"isDeletable":1,"hasElementMoved":false,"eventLog":[{"time":"1702310597864","type":"create node","value":[0]},{"time":"2023-12-11T16:03:18.733Z","type":"position","value":{"x":[1251.4],"y":[320.6]}},{"time":"2023-12-11T16:03:18.834Z","type":"position","value":{"x":[1092.4],"y":[226.6]}},{"time":"2023-12-11T16:03:18.880Z","type":"position","value":{"x":[936.4],"y":[173.6]}},{"time":"2023-12-11T16:03:18.884Z","type":"position","value":{"x":[924.4],"y":[170.6]}},{"time":"1702310599398","type":"selected","value":[true]},{"time":"1702310611854","type":"node was deleted","value":[-99]}],"isTextChangeable":1},{"id":"e3658ef2-a1b0-47c2-a420-ac234e6bd85e","value":-2,"text":"emotional dependence","comment":"","position":{"x":187.4,"y":180.6},"isActive":true,"date":1702310625459,"kind":"Node","isSelected":false,"isConnectorSelected":false,"isDraggable":1,"isDeletable":1,"hasElementMoved":false,"eventLog":[{"time":1702310625459,"type":"create node","value":"0"},{"time":1702310625539,"type":"selected","value":"TRUE"},{"time":1702310634986,"type":"text","value":"emotionale Abhängigkeit"},{"time":1702310634986,"type":"value","value":"-2"},{"time":1702310634986,"type":"selected","value":"FALSE"}],"isTextChangeable":1},{"id":"97c320f5-91ba-4665-bf04-cada884d18a6","value":-3,"text":"influence of human emotions","comment":"The ability to recognize and simulate emotions can be used to influence people","position":{"x":176.4,"y":564.6},"isActive":true,"date":1702310723549,"kind":"Node","isSelected":false,"isConnectorSelected":false,"isDraggable":1,"isDeletable":1,"hasElementMoved":false,"eventLog":[{"time":1702310723549,"type":"create node","value":"0"},{"time":1702310724656,"type":"selected","value":"TRUE"},{"time":1702310761072,"type":"text","value":"Beeinflussung Menschlicher Emotionen"},{"time":1702310761072,"type":"value","value":"3"},{"time":1702310761072,"type":"comment","value":"Fähigkeit Emotionen zu erkennen und zu simulieren kann genutzt werden um Menschen zu beeinflussen"},{"time":1702310761072,"type":"selected","value":"FALSE"},{"time":1702310761961,"type":"selected","value":"TRUE"},{"time":1702310763265,"type":"value","value":"-3"},{"time":1702310763265,"type":"selected","value":"FALSE"},{"time":1702310829058,"type":"selected","value":"TRUE"},{"time":1702310829850,"type":"selected","value":"FALSE"}],"isTextChangeable":1}],"connectors":[{"id":"7ea5ca37-00d1-4793-bd37-90760c1f8a03","source":"14f8d1d0-fa7c-4500-95b1-cae12058ebfe","target":"1651b24d-faa1-4f7c-8de0-455b1142f047","agreement":false,"isActive":true,"date":1702310570022,"kind":"Connector","isSelected":false,"intensity":3,"isDeletable":false,"isOver":false,"isBidirectional":false,"eventLog":[{"time":1702310570022,"type":"create connection"}]},{"id":"5b6ab111-7483-4797-b010-1cb3319d7585","source":"14f8d1d0-fa7c-4500-95b1-cae12058ebfe","target":"7d40a866-9c45-4261-b54c-802c8e9f33f9","agreement":true,"isActive":true,"date":1702310570023,"kind":"Connector","isSelected":false,"intensity":3,"isDeletable":true,"isOver":false,"isBidirectional":false,"eventLog":[{"time":1702310570023,"type":"create connection"}]},{"id":"7440cfc5-5e58-4713-8f73-511f11174f86","source":"7d40a866-9c45-4261-b54c-802c8e9f33f9","target":"1651b24d-faa1-4f7c-8de0-455b1142f047","agreement":true,"isActive":true,"date":1702310570023,"kind":"Connector","isSelected":false,"intensity":3,"isDeletable":true,"isOver":false,"isBidirectional":false,"eventLog":[{"time":1702310570023,"type":"create connection"}]},{"id":"400b72da-578e-4876-bdb8-a5769811d783","source":"483ab4cc-744c-45f6-827c-032a01eb9f8c","target":"1651b24d-faa1-4f7c-8de0-455b1142f047","agreement":true,"isActive":true,"date":1702310570023,"kind":"Connector","isSelected":false,"intensity":3,"isDeletable":true,"isOver":false,"isBidirectional":false,"eventLog":[{"time":1702310570023,"type":"create connection"},{"time":1702310675507,"type":"selected","value":1},{"time":1702310679117,"type":"change intensity of connector","value":3},{"time":1702310679117,"type":"selected","value":0}]},{"id":"ac64b04c-48ab-4cf2-9c39-e28d93031627","source":"1651b24d-faa1-4f7c-8de0-455b1142f047","target":"99ba35e1-9dd8-4b35-b2eb-d967bb39f24a","agreement":true,"isActive":true,"date":1702310570023,"kind":"Connector","isSelected":false,"intensity":6,"isDeletable":true,"isOver":false,"isBidirectional":false,"eventLog":[{"time":1702310570023,"type":"create connection"},{"time":1702310681865,"type":"selected","value":1},{"time":1702310683077,"type":"change intensity of connector","value":6},{"time":1702310683077,"type":"selected","value":0}]},{"id":"5804e399-4769-4635-aa2c-4461b643b7bb","source":"b14e0393-7122-4e19-9d5f-03d2c1564cdb","target":"1651b24d-faa1-4f7c-8de0-455b1142f047","agreement":true,"isActive":true,"date":1702310570023,"kind":"Connector","isSelected":false,"intensity":6,"isDeletable":true,"isOver":false,"isBidirectional":false,"eventLog":[{"time":1702310570023,"type":"create connection"},{"time":1702310683760,"type":"selected","value":1},{"time":1702310685168,"type":"change intensity of connector","value":6},{"time":1702310685168,"type":"selected","value":0}]},{"id":"f4abd62e-635a-45eb-b28f-bc4afb0ea219","source":"7d40a866-9c45-4261-b54c-802c8e9f33f9","target":"f9f1b0c2-12f1-4606-b495-718ca692ac6a","agreement":true,"isActive":true,"date":1702310570023,"kind":"Connector","isSelected":false,"intensity":6,"isDeletable":true,"isOver":false,"isBidirectional":false,"eventLog":[{"time":1702310570023,"type":"create connection"}]},{"id":"398ac130-f8e1-4461-9521-d29d0b4d18db","source":"7d40a866-9c45-4261-b54c-802c8e9f33f9","target":"bd93671b-5c28-4651-8658-e139d3b56da1","agreement":true,"isActive":true,"date":1702310570023,"kind":"Connector","isSelected":false,"intensity":6,"isDeletable":true,"isOver":false,"isBidirectional":false,"eventLog":[{"time":1702310570023,"type":"create connection"},{"time":1702310615413,"type":"selected","value":1},{"time":1702310617062,"type":"change intensity of connector","value":6},{"time":1702310617062,"type":"selected","value":0}]},{"id":"0df9fbfe-0760-462c-8a15-af2291cd5476","source":"7d40a866-9c45-4261-b54c-802c8e9f33f9","target":"ebd07296-9493-48d5-bd54-60f045e46213","agreement":true,"isActive":true,"date":1702310570023,"kind":"Connector","isSelected":false,"intensity":9,"isDeletable":true,"isOver":false,"isBidirectional":false,"eventLog":[{"time":1702310570023,"type":"create connection"}]},{"id":"cd4bd2ac-5377-417a-aa51-3adbe53b15ac","source":"1651b24d-faa1-4f7c-8de0-455b1142f047","target":"63322a7f-abce-4459-ad6f-f11a5fb48c3d","agreement":true,"isActive":true,"date":1702310570023,"kind":"Connector","isSelected":false,"intensity":3,"isDeletable":true,"isOver":false,"isBidirectional":false,"eventLog":[{"time":1702310570023,"type":"create connection"},{"time":1702310685877,"type":"selected","value":1},{"time":1702310686953,"type":"change intensity of connector","value":3},{"time":1702310686953,"type":"selected","value":0}]},{"id":"70f6192d-f2e2-4e59-88b5-d1103881cd08","source":"f00160aa-3734-4b84-b027-1876764039ba","target":"1651b24d-faa1-4f7c-8de0-455b1142f047","agreement":true,"isActive":true,"date":1702310570023,"kind":"Connector","isSelected":false,"intensity":9,"isDeletable":true,"isOver":false,"isBidirectional":false,"eventLog":[{"time":1702310570023,"type":"create connection"},{"time":1702310673141,"type":"selected","value":1},{"time":1702310674820,"type":"change intensity of connector","value":9},{"time":1702310674820,"type":"selected","value":0}]},{"id":"a15d935b-d35e-4f40-9f1c-26228e3588e1","source":"d94c3899-93cb-463d-80c9-90c49cd61b5f","target":"7d40a866-9c45-4261-b54c-802c8e9f33f9","agreement":true,"isActive":true,"date":1702310570023,"kind":"Connector","isSelected":false,"intensity":9,"isDeletable":true,"isOver":false,"isBidirectional":false,"eventLog":[{"time":1702310570023,"type":"create connection"}]},{"id":"0456ccf2-203f-4e54-8c81-b9a7099bf3e0","source":"1651b24d-faa1-4f7c-8de0-455b1142f047","target":"65bb49bd-09b8-48cd-a190-4b48cf37fbed","agreement":true,"isActive":true,"date":1702310570023,"kind":"Connector","isSelected":false,"intensity":3,"isDeletable":true,"isOver":false,"isBidirectional":false,"eventLog":[{"time":1702310570023,"type":"create connection"},{"time":1702310669745,"type":"selected","value":1},{"time":1702310672484,"type":"change intensity of connector","value":3},{"time":1702310672484,"type":"selected","value":0}]},{"id":"66869004-55f9-4a26-b34e-8e18ee213852","source":"7d40a866-9c45-4261-b54c-802c8e9f33f9","target":"ab026495-0b31-47b5-9d54-135a1adcd8fc","agreement":true,"isActive":true,"date":1702310594003,"kind":"Connector","isSelected":false,"intensity":9,"isDeletable":true,"isOver":false,"isBidirectional":false,"eventLog":[{"time":1702310594003,"type":"create connection"},{"time":1702310594809,"type":"selected","value":1},{"time":1702310596541,"type":"change intensity of connector","value":9},{"time":1702310596541,"type":"selected","value":0}]},{"id":"2e20221e-a50a-4b96-b8b1-93ad286ab861","source":"e3658ef2-a1b0-47c2-a420-ac234e6bd85e","target":"483ab4cc-744c-45f6-827c-032a01eb9f8c","agreement":true,"isActive":true,"date":1702310635827,"kind":"Connector","isSelected":false,"intensity":9,"isDeletable":true,"isOver":false,"isBidirectional":false,"eventLog":[{"time":1702310635827,"type":"create connection"},{"time":1702310636338,"type":"selected","value":1},{"time":1702310637869,"type":"change intensity of connector","value":-6},{"time":1702310637869,"type":"selected","value":0},{"time":1702310679770,"type":"selected","value":1},{"time":1702310681136,"type":"change intensity of connector","value":9},{"time":1702310681136,"type":"selected","value":0}]},{"id":"1519136b-fb2a-45b4-880d-3bca4513e47c","source":"97c320f5-91ba-4665-bf04-cada884d18a6","target":"b14e0393-7122-4e19-9d5f-03d2c1564cdb","agreement":true,"isActive":true,"date":1702310764002,"kind":"Connector","isSelected":false,"intensity":3,"isDeletable":true,"isOver":false,"isBidirectional":false,"eventLog":[{"time":1702310764002,"type":"create connection"}]},{"id":"170d2131-3abf-4f5f-afeb-518ce0028780","source":"ab026495-0b31-47b5-9d54-135a1adcd8fc","target":"f00160aa-3734-4b84-b027-1876764039ba","agreement":false,"isActive":true,"date":1702310776521,"kind":"Connector","isSelected":false,"intensity":6,"isDeletable":true,"isOver":false,"isBidirectional":false,"eventLog":[{"time":1702310776521,"type":"create connection"},{"time":1702310777129,"type":"selected","value":1},{"time":1702310780138,"type":"change intensity of connector","value":-6},{"time":1702310780138,"type":"selected","value":0}]},{"id":"5c9901bf-8372-4a8b-bc2b-08d0575e695d","source":"bd93671b-5c28-4651-8658-e139d3b56da1","target":"483ab4cc-744c-45f6-827c-032a01eb9f8c","agreement":false,"isActive":true,"date":1702310797189,"kind":"Connector","isSelected":false,"intensity":3,"isDeletable":true,"isOver":false,"isBidirectional":false,"eventLog":[{"time":1702310797189,"type":"create connection"},{"time":1702310799247,"type":"selected","value":1},{"time":1702310801374,"type":"change intensity of connector","value":-3},{"time":1702310801374,"type":"selected","value":0}]},{"id":"d0afe4ad-6a93-476a-a799-81006f88d10e","source":"f9f1b0c2-12f1-4606-b495-718ca692ac6a","target":"d94c3899-93cb-463d-80c9-90c49cd61b5f","agreement":true,"isActive":true,"date":1702310812212,"kind":"Connector","isSelected":false,"intensity":3,"isDeletable":true,"isOver":false,"isBidirectional":false,"eventLog":[{"time":1702310812212,"type":"create connection"}]}],"currentID":{},"currentNode":{},"hasSelectedNode":[false],"currentConnector":{},"hasSelectedConnector":[false],"readyToMove":[false],"isIncoming":[false],"hasElementMoved":[false]}
