{"idCAM":["07f908bc-e189-49a5-a28c-633098ffef20"],"creator":["5f738b981a302b0d6d6405aa_pre"],"projectCAM":["S2_CAM part 1"],"defocusCAM":[],"date":[1702309861104],"nodes":[{"id":"292585af-2b33-40e3-8671-417e298fdeeb","value":10,"text":"social assistance robot","comment":"","position":{"x":650,"y":400},"isActive":true,"date":1702309862002,"kind":"Node","isSelected":false,"isConnectorSelected":false,"isDraggable":0,"isDeletable":0,"hasElementMoved":false,"eventLog":[{"time":1702309862002,"type":"create node","value":0},{"time":1702310155609,"type":"selected","value":1},{"time":1702310158684,"type":"value","value":1},{"time":1702310158684,"type":"selected","value":0},{"time":1702310207941,"type":"selected","value":1},{"time":1702310211507,"type":"selected","value":0},{"time":1702310212502,"type":"selected","value":1},{"time":1702310217120,"type":"value","value":10},{"time":1702310217120,"type":"selected","value":0},{"time":1702310473628,"type":"selected","value":1},{"time":1702310476769,"type":"selected","value":0}],"isTextChangeable":0},{"id":"9a9e4f39-caff-49b7-9d69-71b82dcf211d","value":0,"text":"disadvantages","comment":"","position":{"x":450,"y":400},"isActive":true,"date":1702309862002,"kind":"Node","isSelected":false,"isConnectorSelected":false,"isDraggable":0,"isDeletable":0,"hasElementMoved":false,"eventLog":[{"time":1702309862002,"type":"create node","value":0},{"time":1702309889390,"type":"selected","value":1},{"time":1702309891995,"type":"value","value":-1},{"time":1702309891995,"type":"selected","value":0},{"time":1702309893836,"type":"selected","value":1},{"time":1702309895286,"type":"value","value":0},{"time":1702309895286,"type":"selected","value":0}],"isTextChangeable":0},{"id":"7df857e3-f8b2-433f-903f-a3036065684d","value":0,"text":"advantages","comment":"","position":{"x":850,"y":400},"isActive":true,"date":1702309862002,"kind":"Node","isSelected":false,"isConnectorSelected":false,"isDraggable":0,"isDeletable":0,"hasElementMoved":false,"eventLog":[{"time":1702309862002,"type":"create node","value":0}],"isTextChangeable":0},{"id":"f3342ddc-931f-4bd0-b443-4e57a94f3ba3","value":-1,"text":"dependence on robots","comment":"","position":{"x":316,"y":285},"isActive":true,"date":1702309901927,"kind":"Node","isSelected":false,"isConnectorSelected":false,"isDraggable":1,"isDeletable":1,"hasElementMoved":false,"eventLog":[{"time":"1702309901927","type":"create node","value":[0]},{"time":"2023-12-11T15:51:42.825Z","type":"position","value":{"x":[381],"y":[499]}},{"time":"1702309904463","type":"selected","value":[true]},{"time":"1702309934064","type":"text","value":["Abhängigkeit von Robotern"]},{"time":"1702309934064","type":"value","value":[-2]},{"time":"1702309934064","type":"selected","value":[false]},{"time":"2023-12-11T15:52:20.290Z","type":"position","value":{"x":[321],"y":[517]}},{"time":"2023-12-11T15:52:20.859Z","type":"position","value":{"x":[258],"y":[367]}},{"time":"1702309979740","type":"selected","value":[true]},{"time":"1702309981070","type":"value","value":[-1]},{"time":"1702309981070","type":"selected","value":[false]}],"isTextChangeable":1},{"id":"c386c94d-a8d7-4034-bac3-888229a2bb45","value":-2,"text":"loss of jobs","comment":"","position":{"x":272,"y":400},"isActive":true,"date":1702309942927,"kind":"Node","isSelected":false,"isConnectorSelected":false,"isDraggable":1,"isDeletable":1,"hasElementMoved":false,"eventLog":[{"time":"1702309942927","type":"create node","value":[0]},{"time":"2023-12-11T15:52:23.901Z","type":"position","value":{"x":[373],"y":[462]}},{"time":"1702309944682","type":"selected","value":[true]},{"time":"1702309968631","type":"text","value":["Verlust von Jobs"]},{"time":"1702309968631","type":"value","value":[-2]},{"time":"1702309968631","type":"selected","value":[false]},{"time":"2023-12-11T15:52:56.231Z","type":"position","value":{"x":[305],"y":[595]}},{"time":"2023-12-11T15:53:01.722Z","type":"position","value":{"x":[293],"y":[470]}},{"time":"2023-12-11T15:57:03.171Z","type":"position","value":{"x":[266],"y":[478]}}],"isTextChangeable":1},{"id":"ff9b83e3-f781-4876-8ad2-e9caa686673a","value":-2,"text":"influence","comment":"Interacting with robots can impair social skills","position":{"x":301,"y":485},"isActive":true,"date":1702309982698,"kind":"Node","isSelected":false,"isConnectorSelected":false,"isDraggable":1,"isDeletable":1,"hasElementMoved":false,"eventLog":[{"time":"1702309982698","type":"create node","value":[0]},{"time":"1702309983902","type":"selected","value":[true]},{"time":"1702310029874","type":"text","value":["Beeinflussung"]},{"time":"1702310029874","type":"value","value":[-3]},{"time":"1702310029874","type":"comment","value":["Umgang mit Robotern kann sozialkompetenzen beeinträchtigen"]},{"time":"1702310029874","type":"selected","value":[false]},{"time":"2023-12-11T15:53:55.392Z","type":"position","value":{"x":[463],"y":[565]}},{"time":"1702310164071","type":"selected","value":[true]},{"time":"1702310167873","type":"value","value":[-2]},{"time":"1702310167873","type":"selected","value":[false]},{"time":"2023-12-11T15:56:09.412Z","type":"position","value":{"x":[396],"y":[594]}},{"time":"2023-12-11T15:57:06.825Z","type":"position","value":{"x":[393],"y":[559]}}],"isTextChangeable":1},{"id":"7286b9e7-d424-4340-a9cd-55b6a2297c7a","value":2,"text":"interaction","comment":"isolated people can interact with the robot instead of being alone","position":{"x":1085,"y":301},"isActive":true,"date":1702310039216,"kind":"Node","isSelected":false,"isConnectorSelected":false,"isDraggable":1,"isDeletable":1,"hasElementMoved":false,"eventLog":[{"time":"1702310039216","type":"create node","value":[0]},{"time":"1702310039299","type":"selected","value":[true]},{"time":"1702310082235","type":"text","value":["Interaktion"]},{"time":"1702310082235","type":"value","value":[2]},{"time":"1702310082235","type":"comment","value":["isolierte Menschen können mit dem Roboter interagieren anstatt alleine zu sein"]},{"time":"1702310082235","type":"selected","value":[false]},{"time":"2023-12-11T15:54:45.680Z","type":"position","value":{"x":[906],"y":[533]}},{"time":"2023-12-11T15:54:45.801Z","type":"position","value":{"x":[1048],"y":[373]}},{"time":"2023-12-11T15:54:45.808Z","type":"position","value":{"x":[1057],"y":[358]}},{"time":"2023-12-11T15:54:45.916Z","type":"position","value":{"x":[1027],"y":[222]}},{"time":"2023-12-11T15:59:23.787Z","type":"position","value":{"x":[989],"y":[229]}}],"isTextChangeable":1},{"id":"c6eecb96-64c7-40bb-89ac-6b05c386e89f","value":1,"text":"enhancement of social skills","comment":"","position":{"x":1092,"y":414},"isActive":true,"date":1702310086765,"kind":"Node","isSelected":false,"isConnectorSelected":false,"isDraggable":1,"isDeletable":1,"hasElementMoved":false,"eventLog":[{"time":"1702310086765","type":"create node","value":[0]},{"time":"1702310088219","type":"selected","value":[true]},{"time":"1702310123363","type":"text","value":["steigerung von Sozialkompetenzen"]},{"time":"1702310123363","type":"value","value":[1]},{"time":"1702310123363","type":"selected","value":[false]},{"time":"2023-12-11T15:55:26.380Z","type":"position","value":{"x":[1076],"y":[407]}},{"time":"2023-12-11T15:55:29.216Z","type":"position","value":{"x":[1067],"y":[436]}},{"time":"2023-12-11T15:55:29.987Z","type":"position","value":{"x":[917],"y":[551]}},{"time":"1702310145435","type":"selected","value":[true]},{"time":"1702310148394","type":"selected","value":[false]},{"time":"2023-12-11T15:55:49.229Z","type":"position","value":{"x":[907],"y":[573]}},{"time":"2023-12-11T15:55:50.878Z","type":"position","value":{"x":[1057],"y":[441]}},{"time":"2023-12-11T15:55:50.924Z","type":"position","value":{"x":[1062],"y":[423]}},{"time":"2023-12-11T15:59:24.873Z","type":"position","value":{"x":[1098],"y":[407]}}],"isTextChangeable":1},{"id":"0739b74d-0c24-4219-bf8f-7ea54dff0788","value":3,"text":"help with education","comment":"","position":{"x":1092,"y":487},"isActive":true,"date":1702310170172,"kind":"Node","isSelected":false,"isConnectorSelected":false,"isDraggable":1,"isDeletable":1,"hasElementMoved":false,"eventLog":[{"time":"1702310170172","type":"create node","value":[0]},{"time":"2023-12-11T15:56:11.118Z","type":"position","value":{"x":[720],"y":[563]}},{"time":"2023-12-11T15:56:11.220Z","type":"position","value":{"x":[871],"y":[558]}},{"time":"2023-12-11T15:56:11.328Z","type":"position","value":{"x":[1024],"y":[566]}},{"time":"1702310172544","type":"selected","value":[true]},{"time":"1702310192146","type":"text","value":["Hilfe bei Bildung"]},{"time":"1702310192146","type":"value","value":[3]},{"time":"1702310192146","type":"selected","value":[false]},{"time":"2023-12-11T15:56:35.768Z","type":"position","value":{"x":[1049],"y":[548]}},{"time":"2023-12-11T15:59:25.874Z","type":"position","value":{"x":[1085],"y":[538]}}],"isTextChangeable":1},{"id":"c46dc78f-527c-41e4-8e80-603a2a989b09","value":0,"text":"","comment":"","position":{"x":968,"y":621},"isActive":false,"date":1702310196347,"kind":"Node","isSelected":false,"isConnectorSelected":false,"isDraggable":1,"isDeletable":1,"hasElementMoved":false,"eventLog":[{"time":1702310196347,"type":"create node","value":0},{"time":1702310206646,"type":"node was deleted","value":-77}],"isTextChangeable":1},{"id":"336cdb34-a3df-416a-a6be-94c348de1215","value":-1,"text":"service","comment":"older people might have problems operating the robots","position":{"x":445,"y":555},"isActive":true,"date":1702310258193,"kind":"Node","isSelected":false,"isConnectorSelected":false,"isDraggable":1,"isDeletable":1,"hasElementMoved":false,"eventLog":[{"time":1702310258193,"type":"create node","value":"0"},{"time":1702310259090,"type":"selected","value":"TRUE"},{"time":1702310282288,"type":"text","value":"Bedienung"},{"time":1702310282288,"type":"value","value":"-1"},{"time":1702310282288,"type":"comment","value":"ältere Menschen könnten Probleme mit der Bedienung der Roboter haben"},{"time":1702310282288,"type":"selected","value":"FALSE"}],"isTextChangeable":1},{"id":"4fcfbac6-b216-4fa7-9f72-b8d7ef2c5e5c","value":-3,"text":"possibility of malfunctions","comment":"Depending on what exactly the robot is used for, in case of a malfunction, the person being cared for may be left on their own.","position":{"x":438,"y":211},"isActive":true,"date":1702310288435,"kind":"Node","isSelected":false,"isConnectorSelected":false,"isDraggable":1,"isDeletable":1,"hasElementMoved":false,"eventLog":[{"time":"1702310288435","type":"create node","value":[0]},{"time":"1702310290189","type":"selected","value":[true]},{"time":"1702310354648","type":"text","value":["Möglichkeit von Fehlfunktionen"]},{"time":"1702310354648","type":"value","value":[-3]},{"time":"1702310354648","type":"comment","value":["je nachdem wofür genau der Roboter genutzt wird kann bei einer Fehlfunktion die zu betreuende Person auf sich selbst gestellt sein"]},{"time":"1702310354648","type":"selected","value":[false]},{"time":"2023-12-11T15:59:19.219Z","type":"position","value":{"x":[525],"y":[237]}},{"time":"2023-12-11T15:59:42.565Z","type":"position","value":{"x":[488],"y":[211]}}],"isTextChangeable":1},{"id":"b68da44d-b8bc-4245-b989-e2f970f1531e","value":3,"text":"24/7 support","comment":"","position":{"x":1047,"y":581},"isActive":true,"date":1702310366758,"kind":"Node","isSelected":false,"isConnectorSelected":false,"isDraggable":1,"isDeletable":1,"hasElementMoved":false,"eventLog":[{"time":"1702310366758","type":"create node","value":[0]},{"time":"1702310366840","type":"selected","value":[true]},{"time":"1702310374890","type":"text","value":["24/7 Support"]},{"time":"1702310374890","type":"value","value":[3]},{"time":"1702310374890","type":"selected","value":[false]},{"time":"2023-12-11T15:59:38.460Z","type":"position","value":{"x":[930],"y":[600]}}],"isTextChangeable":1},{"id":"08148a21-0b6b-4c98-8c10-633c18e2062e","value":-1,"text":"cost","comment":"Are costs covered by health insurance or does one have to pay for them oneself?","position":{"x":524,"y":247},"isActive":true,"date":1702310383572,"kind":"Node","isSelected":false,"isConnectorSelected":false,"isDraggable":1,"isDeletable":1,"hasElementMoved":false,"eventLog":[{"time":"1702310383572","type":"create node","value":[0]},{"time":"1702310383674","type":"selected","value":[true]},{"time":"1702310392953","type":"selected","value":[false]},{"time":"1702310394313","type":"selected","value":[true]},{"time":"1702310464444","type":"text","value":["kosten"]},{"time":"1702310464444","type":"value","value":[-1]},{"time":"1702310464444","type":"comment","value":["werden kosten von Krankenkasse übernommen oder muss man selbst dafür aufkommen"]},{"time":"1702310464444","type":"selected","value":[false]},{"time":"2023-12-11T16:01:04.801Z","type":"position","value":{"x":[847],"y":[171]}},{"time":"2023-12-11T16:01:04.919Z","type":"position","value":{"x":[687],"y":[206]}},{"time":"2023-12-11T16:01:05.169Z","type":"position","value":{"x":[537],"y":[244]}}],"isTextChangeable":1}],"connectors":[{"id":"4d6142cd-4e94-4e62-b96a-a923b1e7c523","source":"292585af-2b33-40e3-8671-417e298fdeeb","target":"9a9e4f39-caff-49b7-9d69-71b82dcf211d","agreement":false,"isActive":true,"date":1702309862002,"kind":"Connector","isSelected":false,"intensity":3,"isDeletable":false,"isOver":false,"isBidirectional":false,"eventLog":[{"time":1702309862002,"type":"create connection"},{"time":1702309879124,"type":"selected","value":1},{"time":1702309886043,"type":"change intensity of connector","value":-3},{"time":1702309886043,"type":"selected","value":0}]},{"id":"258f5120-21dc-42ac-bfd2-fc4023f20781","source":"292585af-2b33-40e3-8671-417e298fdeeb","target":"7df857e3-f8b2-433f-903f-a3036065684d","agreement":true,"isActive":true,"date":1702309862003,"kind":"Connector","isSelected":false,"intensity":3,"isDeletable":true,"isOver":false,"isBidirectional":false,"eventLog":[{"time":1702309862003,"type":"create connection"},{"time":1702309887610,"type":"selected","value":1},{"time":1702309888357,"type":"change intensity of connector","value":3},{"time":1702309888357,"type":"selected","value":0}]},{"id":"f8b60c7d-3096-4696-8425-a14d64c16224","source":"7df857e3-f8b2-433f-903f-a3036065684d","target":"9a9e4f39-caff-49b7-9d69-71b82dcf211d","agreement":true,"isActive":true,"date":1702309893422,"kind":"Connector","isSelected":false,"intensity":3,"isDeletable":true,"isOver":false,"isBidirectional":false,"eventLog":[{"time":1702309893422,"type":"create connection"},{"time":1702310197605,"type":"selected","value":1},{"time":1702310199777,"type":"change intensity of connector","value":6},{"time":1702310199777,"type":"selected","value":0},{"time":1702310201510,"type":"selected","value":1},{"time":1702310204476,"type":"change intensity of connector","value":3},{"time":1702310204476,"type":"selected","value":0}]},{"id":"b55c0913-87ae-4c64-981b-1e9d04d806fa","source":"f3342ddc-931f-4bd0-b443-4e57a94f3ba3","target":"9a9e4f39-caff-49b7-9d69-71b82dcf211d","agreement":false,"isActive":true,"date":1702309935691,"kind":"Connector","isSelected":false,"intensity":3,"isDeletable":true,"isOver":false,"isBidirectional":false,"eventLog":[{"time":1702309935691,"type":"create connection"},{"time":1702309937444,"type":"selected","value":1},{"time":1702309939462,"type":"change intensity of connector","value":-6},{"time":1702309939462,"type":"selected","value":0},{"time":1702309977712,"type":"selected","value":1},{"time":1702309979032,"type":"change intensity of connector","value":-3},{"time":1702309979032,"type":"selected","value":0}]},{"id":"ef147472-a77d-419b-9b03-0ae67f01fcba","source":"9a9e4f39-caff-49b7-9d69-71b82dcf211d","target":"c386c94d-a8d7-4034-bac3-888229a2bb45","agreement":false,"isActive":true,"date":1702309971277,"kind":"Connector","isSelected":false,"intensity":6,"isDeletable":true,"isOver":false,"isBidirectional":false,"eventLog":[{"time":1702309971277,"type":"create connection"},{"time":1702309973894,"type":"selected","value":1},{"time":1702309975417,"type":"change intensity of connector","value":-6},{"time":1702309975417,"type":"selected","value":0}]},{"id":"17af7197-513f-4223-ad40-62f331caf05a","source":"ff9b83e3-f781-4876-8ad2-e9caa686673a","target":"9a9e4f39-caff-49b7-9d69-71b82dcf211d","agreement":false,"isActive":true,"date":1702310031300,"kind":"Connector","isSelected":false,"intensity":6,"isDeletable":true,"isOver":false,"isBidirectional":false,"eventLog":[{"time":1702310031300,"type":"create connection"},{"time":1702310032659,"type":"selected","value":1},{"time":1702310034919,"type":"change intensity of connector","value":-9},{"time":1702310034919,"type":"selected","value":0},{"time":1702310161044,"type":"selected","value":1},{"time":1702310163301,"type":"change intensity of connector","value":-6},{"time":1702310163301,"type":"selected","value":0}]},{"id":"f0781008-9959-4ec6-94e2-03c246cdc7e4","source":"7df857e3-f8b2-433f-903f-a3036065684d","target":"7286b9e7-d424-4340-a9cd-55b6a2297c7a","agreement":true,"isActive":true,"date":1702310082931,"kind":"Connector","isSelected":false,"intensity":6,"isDeletable":true,"isOver":false,"isBidirectional":false,"eventLog":[{"time":1702310082931,"type":"create connection"},{"time":1702310083852,"type":"selected","value":1},{"time":1702310085286,"type":"change intensity of connector","value":6},{"time":1702310085286,"type":"selected","value":0}]},{"id":"da0cac54-cb51-49d5-a483-64fba12f15e9","source":"7df857e3-f8b2-433f-903f-a3036065684d","target":"c6eecb96-64c7-40bb-89ac-6b05c386e89f","agreement":true,"isActive":true,"date":1702310125545,"kind":"Connector","isSelected":false,"intensity":3,"isDeletable":true,"isOver":false,"isBidirectional":false,"eventLog":[{"time":1702310125546,"type":"create connection"}]},{"id":"1d1dd4f0-f65a-4e23-a618-e65ba1db07c2","source":"c6eecb96-64c7-40bb-89ac-6b05c386e89f","target":"ff9b83e3-f781-4876-8ad2-e9caa686673a","agreement":true,"isActive":false,"date":1702310131503,"kind":"Connector","isSelected":false,"intensity":3,"isDeletable":true,"isOver":false,"isBidirectional":false,"eventLog":[{"time":1702310131503,"type":"create connection"},{"time":1702310132935,"type":"selected","value":1},{"time":1702310137760,"type":"change intensity of connector","value":3},{"time":1702310137760,"type":"selected","value":0},{"time":1702310140363,"type":"selected","value":1},{"time":1702310144336,"type":"connector was deleted","value":-99},{"time":1702310144336,"type":"active","value":0}]},{"id":"9ea82108-641e-4413-b639-091ce295f818","source":"7df857e3-f8b2-433f-903f-a3036065684d","target":"0739b74d-0c24-4219-bf8f-7ea54dff0788","agreement":true,"isActive":true,"date":1702310193076,"kind":"Connector","isSelected":false,"intensity":9,"isDeletable":true,"isOver":false,"isBidirectional":false,"eventLog":[{"time":1702310193076,"type":"create connection"},{"time":1702310193644,"type":"selected","value":1},{"time":1702310195133,"type":"change intensity of connector","value":9},{"time":1702310195133,"type":"selected","value":0}]},{"id":"5b241a2e-b834-47e7-afea-ddc45665c195","source":"9a9e4f39-caff-49b7-9d69-71b82dcf211d","target":"336cdb34-a3df-416a-a6be-94c348de1215","agreement":false,"isActive":true,"date":1702310283100,"kind":"Connector","isSelected":false,"intensity":3,"isDeletable":true,"isOver":false,"isBidirectional":false,"eventLog":[{"time":1702310283100,"type":"create connection"},{"time":1702310284470,"type":"selected","value":1},{"time":1702310286091,"type":"change intensity of connector","value":-3},{"time":1702310286091,"type":"selected","value":0}]},{"id":"69865b8d-6217-43bf-9ffd-03c6e05fe46b","source":"4fcfbac6-b216-4fa7-9f72-b8d7ef2c5e5c","target":"9a9e4f39-caff-49b7-9d69-71b82dcf211d","agreement":false,"isActive":true,"date":1702310356558,"kind":"Connector","isSelected":false,"intensity":9,"isDeletable":true,"isOver":false,"isBidirectional":false,"eventLog":[{"time":1702310356558,"type":"create connection"},{"time":1702310357194,"type":"selected","value":1},{"time":1702310358653,"type":"change intensity of connector","value":-9},{"time":1702310358653,"type":"selected","value":0}]},{"id":"ff1f550f-14f0-4edf-a733-dcc27b2a6250","source":"b68da44d-b8bc-4245-b989-e2f970f1531e","target":"7df857e3-f8b2-433f-903f-a3036065684d","agreement":true,"isActive":true,"date":1702310376198,"kind":"Connector","isSelected":false,"intensity":9,"isDeletable":true,"isOver":false,"isBidirectional":false,"eventLog":[{"time":1702310376198,"type":"create connection"},{"time":1702310376812,"type":"selected","value":1},{"time":1702310378132,"type":"change intensity of connector","value":9},{"time":1702310378132,"type":"selected","value":0}]},{"id":"bccef4a4-c7a5-4d31-bfce-6eb1260375ac","source":"9a9e4f39-caff-49b7-9d69-71b82dcf211d","target":"08148a21-0b6b-4c98-8c10-633c18e2062e","agreement":false,"isActive":true,"date":1702310465962,"kind":"Connector","isSelected":false,"intensity":3,"isDeletable":true,"isOver":false,"isBidirectional":false,"eventLog":[{"time":1702310465962,"type":"create connection"},{"time":1702310467929,"type":"selected","value":1},{"time":1702310469228,"type":"change intensity of connector","value":-3},{"time":1702310469228,"type":"selected","value":0}]}],"currentID":{},"currentNode":{},"hasSelectedNode":[false],"currentConnector":{},"hasSelectedConnector":[false],"readyToMove":[false],"isIncoming":[false],"hasElementMoved":[false]}
