{"idCAM":["86939696-29e5-40ca-aa78-b127aa88065e"],"creator":["5fb42f807e81960acbfdb22e_pre"],"projectCAM":["S2_CAM part 1"],"defocusCAM":[],"date":[1702311697900],"nodes":[{"id":"36eb8dd7-4923-4289-b1b0-a6b1daaf73e3","value":3,"text":"rescue robot","comment":"","position":{"x":650,"y":400},"isActive":true,"date":1702311698803,"kind":"Node","isSelected":false,"isConnectorSelected":false,"isDraggable":0,"isDeletable":0,"hasElementMoved":false,"eventLog":[{"time":1702311698804,"type":"create node","value":0},{"time":1702311871559,"type":"selected","value":1},{"time":1702311876320,"type":"value","value":2},{"time":1702311876320,"type":"selected","value":0},{"time":1702312405882,"type":"selected","value":1},{"time":1702312407564,"type":"value","value":3},{"time":1702312407564,"type":"selected","value":0}],"isTextChangeable":0},{"id":"e50a6157-6377-487d-b983-b6b9183ca0c5","value":-1,"text":"disadvantages","comment":"","position":{"x":450,"y":400},"isActive":true,"date":1702311698804,"kind":"Node","isSelected":false,"isConnectorSelected":false,"isDraggable":0,"isDeletable":0,"hasElementMoved":false,"eventLog":[{"time":1702311698804,"type":"create node","value":0},{"time":1702312256764,"type":"selected","value":1},{"time":1702312258287,"type":"value","value":-1},{"time":1702312258287,"type":"selected","value":0}],"isTextChangeable":0},{"id":"9c57bb20-170b-4aa4-b46c-c158fe1c03f4","value":3,"text":"advantages","comment":"","position":{"x":850,"y":400},"isActive":true,"date":1702311698804,"kind":"Node","isSelected":false,"isConnectorSelected":false,"isDraggable":0,"isDeletable":0,"hasElementMoved":false,"eventLog":[{"time":1702311698804,"type":"create node","value":0},{"time":1702312259248,"type":"selected","value":1},{"time":1702312260919,"type":"value","value":3},{"time":1702312260919,"type":"selected","value":0}],"isTextChangeable":0},{"id":"b977d0ca-94c2-494b-aba5-2e1ea38632b2","value":-2,"text":"faulty programming","comment":"The software often has errors that only become noticeable in practice.","position":{"x":309,"y":538},"isActive":true,"date":1702311720293,"kind":"Node","isSelected":false,"isConnectorSelected":false,"isDraggable":1,"isDeletable":1,"hasElementMoved":false,"eventLog":[{"time":"1702311720293","type":"create node","value":[0]},{"time":"2023-12-11T16:22:01.761Z","type":"position","value":{"x":[461],"y":[507]}},{"time":"2023-12-11T16:22:02.125Z","type":"position","value":{"x":[611],"y":[501]}},{"time":"2023-12-11T16:22:03.812Z","type":"position","value":{"x":[616],"y":[507]}},{"time":"2023-12-11T16:22:04.380Z","type":"position","value":{"x":[466],"y":[515]}},{"time":"1702311739949","type":"selected","value":[true]},{"time":"1702311798592","type":"text","value":["Fehlerhafte Programmierung"]},{"time":"1702311798592","type":"value","value":[-2]},{"time":"1702311798592","type":"comment","value":["Software weist häufig Fehler auf, die erst in der Praxis auffallen."]},{"time":"1702311798592","type":"selected","value":[false]},{"time":"2023-12-11T16:23:37.777Z","type":"position","value":{"x":[455],"y":[503]}},{"time":"2023-12-11T16:23:39.517Z","type":"position","value":{"x":[443],"y":[464]}},{"time":"2023-12-11T16:23:42.390Z","type":"position","value":{"x":[439],"y":[503]}},{"time":"2023-12-11T16:24:05.980Z","type":"position","value":{"x":[454],"y":[513]}},{"time":"2023-12-11T16:33:13.477Z","type":"position","value":{"x":[472],"y":[530]}},{"time":"2023-12-11T16:33:13.729Z","type":"position","value":{"x":[317],"y":[524]}}],"isTextChangeable":1},{"id":"b249a400-0250-4c26-a05c-a87d0e3535f3","value":-3,"text":"endangerment of human lives","comment":"","position":{"x":134,"y":481},"isActive":true,"date":1702311799411,"kind":"Node","isSelected":false,"isConnectorSelected":false,"isDraggable":1,"isDeletable":1,"hasElementMoved":false,"eventLog":[{"time":"1702311799411","type":"create node","value":[0]},{"time":"1702311804467","type":"selected","value":[true]},{"time":"1702311815827","type":"text","value":["Gefährdung von Menschenleben"]},{"time":"1702311815827","type":"value","value":[-3]},{"time":"1702311815827","type":"selected","value":[false]},{"time":"2023-12-11T16:23:40.867Z","type":"position","value":{"x":[633],"y":[495]}},{"time":"2023-12-11T16:24:04.248Z","type":"position","value":{"x":[586],"y":[599]}},{"time":"2023-12-11T16:24:08.477Z","type":"position","value":{"x":[538],"y":[625]}},{"time":"2023-12-11T16:33:09.441Z","type":"position","value":{"x":[629],"y":[625]}},{"time":"2023-12-11T16:33:09.593Z","type":"position","value":{"x":[464],"y":[675]}},{"time":"2023-12-11T16:33:09.680Z","type":"position","value":{"x":[302],"y":[657]}},{"time":"2023-12-11T16:33:09.846Z","type":"position","value":{"x":[152],"y":[483]}},{"time":"2023-12-11T16:33:09.863Z","type":"position","value":{"x":[145],"y":[471]}}],"isTextChangeable":1},{"id":"db00061f-2250-460e-b777-a9740249b368","value":0,"text":"","comment":"","position":{"x":839,"y":559},"isActive":false,"date":1702311850573,"kind":"Node","isSelected":false,"isConnectorSelected":false,"isDraggable":1,"isDeletable":1,"hasElementMoved":false,"eventLog":[{"time":1702311850573,"type":"create node","value":0},{"time":1702311855039,"type":"node was deleted","value":-77}],"isTextChangeable":1},{"id":"a79d0ff2-9d3b-45b5-b594-22acc40895c7","value":3,"text":"unreachable areas","comment":"Deployment in areas unreachable by humans is possible","position":{"x":1020,"y":534},"isActive":true,"date":1702311863525,"kind":"Node","isSelected":false,"isConnectorSelected":false,"isDraggable":1,"isDeletable":1,"hasElementMoved":false,"eventLog":[{"time":"1702311863525","type":"create node","value":[0]},{"time":"1702311877696","type":"selected","value":[true]},{"time":"1702312003224","type":"text","value":["Unerreichbare Gebiete"]},{"time":"1702312003224","type":"value","value":[3]},{"time":"1702312003224","type":"comment","value":["Einsatz in durch Menschen unerreichbaren Gebieten ist möglich"]},{"time":"1702312003224","type":"selected","value":[false]},{"time":"1702312008123","type":"selected","value":[true]},{"time":"1702312010586","type":"selected","value":[false]},{"time":"2023-12-11T16:26:51.860Z","type":"position","value":{"x":[952],"y":[483]}}],"isTextChangeable":1},{"id":"c631ea16-2d2a-48c6-bdf2-e327ca8bc35e","value":0,"text":"Geschicklichkeit","comment":"Oft öhere Geschicklichkeit als menschliche Retter","position":{"x":992,"y":387},"isActive":false,"date":1702312014654,"kind":"Node","isSelected":false,"isConnectorSelected":false,"isDraggable":1,"isDeletable":1,"hasElementMoved":false,"eventLog":[{"time":1702312014654,"type":"create node","value":0},{"time":1702312014808,"type":"selected","value":1},{"time":1702312016907,"type":"selected","value":0},{"time":1702312018011,"type":"selected","value":1},{"time":1702312045612,"type":"node was deleted","value":-77}],"isTextChangeable":1},{"id":"fbfac27f-defa-4ef9-aebe-3aa67c7bdc15","value":2,"text":"dexterity","comment":"Often higher skill than human rescuers","position":{"x":1040,"y":419},"isActive":true,"date":1702312047114,"kind":"Node","isSelected":false,"isConnectorSelected":false,"isDraggable":1,"isDeletable":1,"hasElementMoved":false,"eventLog":[{"time":"1702312047114","type":"create node","value":[0]},{"time":"1702312047188","type":"selected","value":[true]},{"time":"1702312066709","type":"text","value":["Geschicklichkeit"]},{"time":"1702312066709","type":"value","value":[2]},{"time":"1702312066709","type":"comment","value":["Oftmals höhere Geschicklichkeit als menschliche Retter"]},{"time":"1702312066709","type":"selected","value":[false]},{"time":"2023-12-11T16:27:49.721Z","type":"position","value":{"x":[1005],"y":[390]}}],"isTextChangeable":1},{"id":"b90c9936-b293-4683-b05a-fc6171e0c8aa","value":-1,"text":"abuse","comment":"Possibly misuse through use in wars","position":{"x":451,"y":537},"isActive":true,"date":1702312071113,"kind":"Node","isSelected":false,"isConnectorSelected":false,"isDraggable":1,"isDeletable":1,"hasElementMoved":false,"eventLog":[{"time":"1702312071113","type":"create node","value":[0]},{"time":"1702312072251","type":"selected","value":[true]},{"time":"1702312073068","type":"selected","value":[false]},{"time":"2023-12-11T16:27:55.687Z","type":"position","value":{"x":[876],"y":[573]}},{"time":"2023-12-11T16:27:55.894Z","type":"position","value":{"x":[706],"y":[594]}},{"time":"2023-12-11T16:27:55.938Z","type":"position","value":{"x":[538],"y":[604]}},{"time":"2023-12-11T16:27:56.042Z","type":"position","value":{"x":[387],"y":[588]}},{"time":"1702312077229","type":"selected","value":[true]},{"time":"1702312112583","type":"text","value":["Missbrauch"]},{"time":"1702312112583","type":"value","value":[-1]},{"time":"1702312112583","type":"comment","value":["Möglicherweise Missbrauch durch Einsatz in Kriegen"]},{"time":"1702312112583","type":"selected","value":[false]},{"time":"2023-12-11T16:28:35.465Z","type":"position","value":{"x":[335],"y":[511]}},{"time":"2023-12-11T16:29:21.531Z","type":"position","value":{"x":[336],"y":[526]}},{"time":"2023-12-11T16:29:21.766Z","type":"position","value":{"x":[489],"y":[504]}},{"time":"2023-12-11T16:33:18.110Z","type":"position","value":{"x":[603],"y":[519]}},{"time":"2023-12-11T16:33:18.405Z","type":"position","value":{"x":[453],"y":[538]}}],"isTextChangeable":1},{"id":"1de84f9d-238c-4815-b43e-0f5236ea3e1c","value":-2,"text":"bias","comment":"AI is often biased against certain groups of people due to training data.","position":{"x":292,"y":382},"isActive":true,"date":1702312118257,"kind":"Node","isSelected":false,"isConnectorSelected":false,"isDraggable":1,"isDeletable":1,"hasElementMoved":false,"eventLog":[{"time":"1702312118257","type":"create node","value":[0]},{"time":"1702312119304","type":"selected","value":[true]},{"time":"1702312154510","type":"text","value":["Voreingenommenheit"]},{"time":"1702312154510","type":"value","value":[-2]},{"time":"1702312154510","type":"comment","value":["KI ist aufgrund von Trainingsdaten oft voreingenommen gegenüber bestimmten Personengruppen"]},{"time":"1702312154510","type":"selected","value":[false]},{"time":"2023-12-11T16:29:15.699Z","type":"position","value":{"x":[289],"y":[322]}},{"time":"2023-12-11T16:29:15.819Z","type":"position","value":{"x":[181],"y":[483]}},{"time":"2023-12-11T16:29:15.985Z","type":"position","value":{"x":[208],"y":[634]}},{"time":"2023-12-11T16:29:23.638Z","type":"position","value":{"x":[403],"y":[661]}},{"time":"2023-12-11T16:33:11.940Z","type":"position","value":{"x":[356],"y":[594]}},{"time":"2023-12-11T16:33:12.206Z","type":"position","value":{"x":[302],"y":[441]}},{"time":"2023-12-11T16:33:16.119Z","type":"position","value":{"x":[293],"y":[375]}}],"isTextChangeable":1},{"id":"faa07d19-1c52-437a-93f0-033ed0e7cc1c","value":0,"text":"","comment":"","position":{"x":432,"y":701},"isActive":false,"date":1702312165708,"kind":"Node","isSelected":false,"isConnectorSelected":false,"isDraggable":1,"isDeletable":1,"hasElementMoved":false,"eventLog":[{"time":1702312165708,"type":"create node","value":0},{"time":1702312167159,"type":"selected","value":1},{"time":1702312168865,"type":"node was deleted","value":-77}],"isTextChangeable":1},{"id":"dcb2d795-2323-4bed-a027-12a6cd476988","value":2,"text":"reactivity","comment":"Robots have a significantly higher response capability than human rescuers","position":{"x":1040,"y":328},"isActive":true,"date":1702312181900,"kind":"Node","isSelected":false,"isConnectorSelected":false,"isDraggable":1,"isDeletable":1,"hasElementMoved":false,"eventLog":[{"time":1702312181900,"type":"create node","value":"0"},{"time":1702312182638,"type":"selected","value":"TRUE"},{"time":1702312216803,"type":"text","value":"Reaktionsfähigkeit"},{"time":1702312216803,"type":"value","value":"2"},{"time":1702312216803,"type":"comment","value":"Roboter haben eine deutlich höhere Reaktionsfähigkeit als menschliche Retter"},{"time":1702312216803,"type":"selected","value":"FALSE"}],"isTextChangeable":1},{"id":"d10ae989-a228-4182-a5ff-ca7986569311","value":3,"text":"rescue of human lives","comment":"","position":{"x":1199,"y":438},"isActive":true,"date":1702312231630,"kind":"Node","isSelected":false,"isConnectorSelected":false,"isDraggable":1,"isDeletable":1,"hasElementMoved":false,"eventLog":[{"time":"1702312231630","type":"create node","value":[0]},{"time":"1702312231894","type":"selected","value":[true]},{"time":"1702312239995","type":"text","value":["Rettung von Menschenleben"]},{"time":"1702312239995","type":"value","value":[3]},{"time":"1702312239995","type":"selected","value":[false]},{"time":"2023-12-11T16:30:40.568Z","type":"position","value":{"x":[908],"y":[678]}},{"time":"2023-12-11T16:30:40.820Z","type":"position","value":{"x":[1058],"y":[637]}},{"time":"2023-12-11T16:30:40.968Z","type":"position","value":{"x":[1142],"y":[528]}}],"isTextChangeable":1},{"id":"b1c26211-0e9a-4546-aaf9-e09191758784","value":1,"text":"no fatigue","comment":"Unlike human rescuers, robots do not tire even during long operations","position":{"x":918,"y":597},"isActive":true,"date":1702312273906,"kind":"Node","isSelected":false,"isConnectorSelected":false,"isDraggable":1,"isDeletable":1,"hasElementMoved":false,"eventLog":[{"time":1702312273906,"type":"create node","value":"0"},{"time":1702312274165,"type":"selected","value":"TRUE"},{"time":1702312302816,"type":"text","value":"Keine Ermüdung"},{"time":1702312302816,"type":"value","value":"1"},{"time":1702312302816,"type":"comment","value":"Im Gegensatz zu menschlichen Rettern ermüden Roboter auch bei langen Einsätzen nicht"},{"time":1702312302816,"type":"selected","value":"FALSE"}],"isTextChangeable":1},{"id":"f691b93d-72a4-428f-8b4e-d1550e4f1552","value":2,"text":"replaceable","comment":"During deployment, unlike with human rescuers, we do not have to pay attention to the safety of robots, as they can be easily replaced.","position":{"x":943,"y":269},"isActive":true,"date":1702312308250,"kind":"Node","isSelected":false,"isConnectorSelected":false,"isDraggable":1,"isDeletable":1,"hasElementMoved":false,"eventLog":[{"time":"1702312308250","type":"create node","value":[0]},{"time":"1702312308341","type":"selected","value":[true]},{"time":"1702312374591","type":"text","value":["Ersetzbar"]},{"time":"1702312374591","type":"value","value":[2]},{"time":"1702312374591","type":"comment","value":["Beim Einsatz muss, im Gegensatz zu menschlichen Rettern, nicht auf die Sicherheit der Roboter geachtet werden, da diese problemlos ersetzt werden können"]},{"time":"1702312374591","type":"selected","value":[false]},{"time":"2023-12-11T16:32:57.168Z","type":"position","value":{"x":[906],"y":[281]}}],"isTextChangeable":1},{"id":"8b939e69-2f03-48ef-a726-5d58540514cb","value":0,"text":"","comment":"","position":{"x":715,"y":247},"isActive":false,"date":1702312378551,"kind":"Node","isSelected":false,"isConnectorSelected":false,"isDraggable":1,"isDeletable":1,"hasElementMoved":false,"eventLog":[{"time":1702312378551,"type":"create node","value":0},{"time":1702312379474,"type":"selected","value":1},{"time":1702312380665,"type":"node was deleted","value":-77}],"isTextChangeable":1},{"id":"69757915-8eb9-4949-8d28-bf24be608093","value":0,"text":"","comment":"","position":{"x":580,"y":563},"isActive":false,"date":1702312399901,"kind":"Node","isSelected":false,"isConnectorSelected":false,"isDraggable":1,"isDeletable":1,"hasElementMoved":false,"eventLog":[{"time":1702312399901,"type":"create node","value":0},{"time":1702312400772,"type":"selected","value":1},{"time":1702312401974,"type":"node was deleted","value":-77}],"isTextChangeable":1}],"connectors":[{"id":"f41f7bf0-d9a0-45d1-9027-74082db45a72","source":"36eb8dd7-4923-4289-b1b0-a6b1daaf73e3","target":"e50a6157-6377-487d-b983-b6b9183ca0c5","agreement":true,"isActive":true,"date":1702311698804,"kind":"Connector","isSelected":false,"intensity":3,"isDeletable":false,"isOver":false,"isBidirectional":false,"eventLog":[{"time":1702311698804,"type":"create connection"}]},{"id":"1ef65ce2-ad09-4cc3-bca7-9357580890c9","source":"36eb8dd7-4923-4289-b1b0-a6b1daaf73e3","target":"9c57bb20-170b-4aa4-b46c-c158fe1c03f4","agreement":true,"isActive":true,"date":1702311698805,"kind":"Connector","isSelected":false,"intensity":3,"isDeletable":true,"isOver":false,"isBidirectional":false,"eventLog":[{"time":1702311698805,"type":"create connection"}]},{"id":"e20b1252-2c5e-409e-96a5-b640f4d80a72","source":"e50a6157-6377-487d-b983-b6b9183ca0c5","target":"b977d0ca-94c2-494b-aba5-2e1ea38632b2","agreement":true,"isActive":true,"date":1702311841256,"kind":"Connector","isSelected":false,"intensity":3,"isDeletable":true,"isOver":false,"isBidirectional":false,"eventLog":[{"time":1702311841256,"type":"create connection"}]},{"id":"b28a9fce-bda7-4fee-8467-49a2d1e6096d","source":"b977d0ca-94c2-494b-aba5-2e1ea38632b2","target":"b249a400-0250-4c26-a05c-a87d0e3535f3","agreement":true,"isActive":true,"date":1702311843574,"kind":"Connector","isSelected":false,"intensity":3,"isDeletable":true,"isOver":false,"isBidirectional":false,"eventLog":[{"time":1702311843574,"type":"create connection"}]},{"id":"585feda8-c8aa-44a1-892d-f7e83bff1e55","source":"a79d0ff2-9d3b-45b5-b594-22acc40895c7","target":"36eb8dd7-4923-4289-b1b0-a6b1daaf73e3","agreement":true,"isActive":false,"date":1702311869547,"kind":"Connector","isSelected":false,"intensity":3,"isDeletable":true,"isOver":false,"isBidirectional":false,"eventLog":[{"time":1702311869547,"type":"create connection"},{"time":1702312005633,"type":"connector was deleted","value":-77},{"time":1702312005633,"type":"active","value":0}]},{"id":"7115fc7c-01dc-4b89-9146-f8e16085725d","source":"9c57bb20-170b-4aa4-b46c-c158fe1c03f4","target":"a79d0ff2-9d3b-45b5-b594-22acc40895c7","agreement":true,"isActive":true,"date":1702312006770,"kind":"Connector","isSelected":false,"intensity":3,"isDeletable":true,"isOver":false,"isBidirectional":false,"eventLog":[{"time":1702312006770,"type":"create connection"}]},{"id":"b756e043-5c8d-43aa-a7ac-0c0c0fbc7224","source":"9c57bb20-170b-4aa4-b46c-c158fe1c03f4","target":"fbfac27f-defa-4ef9-aebe-3aa67c7bdc15","agreement":true,"isActive":true,"date":1702312068559,"kind":"Connector","isSelected":false,"intensity":3,"isDeletable":true,"isOver":false,"isBidirectional":false,"eventLog":[{"time":1702312068559,"type":"create connection"}]},{"id":"a1158ef8-381a-4164-87fc-fe4400bdd7a1","source":"e50a6157-6377-487d-b983-b6b9183ca0c5","target":"b90c9936-b293-4683-b05a-fc6171e0c8aa","agreement":true,"isActive":true,"date":1702312114402,"kind":"Connector","isSelected":false,"intensity":3,"isDeletable":true,"isOver":false,"isBidirectional":false,"eventLog":[{"time":1702312114402,"type":"create connection"}]},{"id":"65db9d70-ed3e-47f5-9f8c-114231e8383d","source":"e50a6157-6377-487d-b983-b6b9183ca0c5","target":"1de84f9d-238c-4815-b43e-0f5236ea3e1c","agreement":true,"isActive":true,"date":1702312158123,"kind":"Connector","isSelected":false,"intensity":3,"isDeletable":true,"isOver":false,"isBidirectional":false,"eventLog":[{"time":1702312158123,"type":"create connection"}]},{"id":"4c06c8fe-d92d-4ced-87be-ac3ce6ef0a11","source":"1de84f9d-238c-4815-b43e-0f5236ea3e1c","target":"b249a400-0250-4c26-a05c-a87d0e3535f3","agreement":true,"isActive":true,"date":1702312159793,"kind":"Connector","isSelected":false,"intensity":3,"isDeletable":true,"isOver":false,"isBidirectional":false,"eventLog":[{"time":1702312159793,"type":"create connection"}]},{"id":"9ca22722-4b5f-4935-8313-68dde9327627","source":"9c57bb20-170b-4aa4-b46c-c158fe1c03f4","target":"dcb2d795-2323-4bed-a027-12a6cd476988","agreement":true,"isActive":true,"date":1702312218734,"kind":"Connector","isSelected":false,"intensity":3,"isDeletable":true,"isOver":false,"isBidirectional":false,"eventLog":[{"time":1702312218734,"type":"create connection"}]},{"id":"d9082610-887e-4740-a7af-cece2caa9947","source":"d10ae989-a228-4182-a5ff-ca7986569311","target":"dcb2d795-2323-4bed-a027-12a6cd476988","agreement":true,"isActive":true,"date":1702312243559,"kind":"Connector","isSelected":false,"intensity":3,"isDeletable":true,"isOver":false,"isBidirectional":false,"eventLog":[{"time":1702312243559,"type":"create connection"}]},{"id":"d07839b4-0bca-46ce-aab1-2f1ffabf0d66","source":"fbfac27f-defa-4ef9-aebe-3aa67c7bdc15","target":"d10ae989-a228-4182-a5ff-ca7986569311","agreement":true,"isActive":true,"date":1702312244805,"kind":"Connector","isSelected":false,"intensity":3,"isDeletable":true,"isOver":false,"isBidirectional":false,"eventLog":[{"time":1702312244805,"type":"create connection"}]},{"id":"5a93b712-a13c-4839-bf9b-887aeb5a9bad","source":"a79d0ff2-9d3b-45b5-b594-22acc40895c7","target":"d10ae989-a228-4182-a5ff-ca7986569311","agreement":true,"isActive":true,"date":1702312246039,"kind":"Connector","isSelected":false,"intensity":3,"isDeletable":true,"isOver":false,"isBidirectional":false,"eventLog":[{"time":1702312246039,"type":"create connection"}]},{"id":"150b2ec8-9a3f-468f-8038-7cb68e2fc741","source":"9c57bb20-170b-4aa4-b46c-c158fe1c03f4","target":"b1c26211-0e9a-4546-aaf9-e09191758784","agreement":true,"isActive":true,"date":1702312306652,"kind":"Connector","isSelected":false,"intensity":3,"isDeletable":true,"isOver":false,"isBidirectional":false,"eventLog":[{"time":1702312306652,"type":"create connection"}]},{"id":"38a79a3a-86f2-4400-917b-db5ec358af56","source":"9c57bb20-170b-4aa4-b46c-c158fe1c03f4","target":"f691b93d-72a4-428f-8b4e-d1550e4f1552","agreement":true,"isActive":true,"date":1702312376109,"kind":"Connector","isSelected":false,"intensity":3,"isDeletable":true,"isOver":false,"isBidirectional":false,"eventLog":[{"time":1702312376109,"type":"create connection"}]}],"currentID":{},"currentNode":{},"hasSelectedNode":[false],"currentConnector":{},"hasSelectedConnector":[false],"readyToMove":[false],"isIncoming":[false],"hasElementMoved":[false]}
