{"idCAM":["6fe9a16a-57d4-4100-95e8-4074efc73762"],"creator":["5fb42f807e81960acbfdb22e_post"],"projectCAM":["S2_CAM part 2"],"defocusCAM":[],"date":[1702312565818],"nodes":[{"id":"04e4efe3-a8cb-40eb-b096-1a894239a600","value":3,"text":"rescue robot","comment":"","position":{"x":650,"y":400},"isActive":true,"date":1702312566720,"kind":"Node","isSelected":false,"isConnectorSelected":false,"isDraggable":0,"isDeletable":0,"hasElementMoved":false,"eventLog":[{"time":1702312566720,"type":"create node","value":3}],"isTextChangeable":0},{"id":"644ead18-3acf-448e-a9a6-9f895993f50e","value":-1,"text":"disadvantages","comment":"","position":{"x":450,"y":400},"isActive":true,"date":1702312566720,"kind":"Node","isSelected":false,"isConnectorSelected":false,"isDraggable":0,"isDeletable":0,"hasElementMoved":false,"eventLog":[{"time":1702312566720,"type":"create node","value":-1}],"isTextChangeable":0},{"id":"4b1b22c7-e51c-4360-9eab-baffb366573a","value":3,"text":"advantages","comment":"","position":{"x":850,"y":400},"isActive":true,"date":1702312566721,"kind":"Node","isSelected":false,"isConnectorSelected":false,"isDraggable":0,"isDeletable":0,"hasElementMoved":false,"eventLog":[{"time":1702312566721,"type":"create node","value":3}],"isTextChangeable":0},{"id":"30165dc3-7812-493c-aef3-7c97075691f6","value":-2,"text":"faulty programming","comment":"","position":{"x":309,"y":538},"isActive":true,"date":1702312566721,"kind":"Node","isSelected":false,"isConnectorSelected":false,"isDraggable":1,"isDeletable":1,"hasElementMoved":false,"eventLog":[{"time":1702312566721,"type":"create node","value":-2}],"isTextChangeable":1},{"id":"d29a0a08-ce0a-4951-9818-90f75fbfc982","value":-3,"text":"endangerment of human lives","comment":"","position":{"x":134,"y":481},"isActive":true,"date":1702312566721,"kind":"Node","isSelected":false,"isConnectorSelected":false,"isDraggable":1,"isDeletable":1,"hasElementMoved":false,"eventLog":[{"time":1702312566721,"type":"create node","value":-3}],"isTextChangeable":1},{"id":"86470b77-3e2e-4ddb-ab4e-ee2405f91078","value":3,"text":"unreachable areas","comment":"","position":{"x":1020,"y":534},"isActive":true,"date":1702312566721,"kind":"Node","isSelected":false,"isConnectorSelected":false,"isDraggable":1,"isDeletable":1,"hasElementMoved":false,"eventLog":[{"time":1702312566721,"type":"create node","value":3}],"isTextChangeable":1},{"id":"b3b7988c-e6c5-4167-b2bf-6b245353e974","value":2,"text":"dexterity","comment":"","position":{"x":1040,"y":419},"isActive":true,"date":1702312566721,"kind":"Node","isSelected":false,"isConnectorSelected":false,"isDraggable":1,"isDeletable":1,"hasElementMoved":false,"eventLog":[{"time":1702312566721,"type":"create node","value":2}],"isTextChangeable":1},{"id":"add510d2-6b45-43b0-ad25-06c9bc51a9fe","value":-1,"text":"abuse","comment":"","position":{"x":451,"y":537},"isActive":true,"date":1702312566721,"kind":"Node","isSelected":false,"isConnectorSelected":false,"isDraggable":1,"isDeletable":1,"hasElementMoved":false,"eventLog":[{"time":1702312566721,"type":"create node","value":-1}],"isTextChangeable":1},{"id":"bab6bbd1-01fc-4db3-a07a-6f20ff8a6e49","value":-2,"text":"bias","comment":"","position":{"x":292,"y":382},"isActive":true,"date":1702312566721,"kind":"Node","isSelected":false,"isConnectorSelected":false,"isDraggable":1,"isDeletable":1,"hasElementMoved":false,"eventLog":[{"time":1702312566721,"type":"create node","value":-2}],"isTextChangeable":1},{"id":"1406813e-cbec-4825-b91c-4aba6b4b6384","value":2,"text":"reactivity","comment":"","position":{"x":1040,"y":328},"isActive":true,"date":1702312566721,"kind":"Node","isSelected":false,"isConnectorSelected":false,"isDraggable":1,"isDeletable":1,"hasElementMoved":false,"eventLog":[{"time":1702312566721,"type":"create node","value":2}],"isTextChangeable":1},{"id":"34026042-83c1-472a-ba3e-f942252e14d0","value":3,"text":"rescue of human lives","comment":"","position":{"x":1199,"y":438},"isActive":true,"date":1702312566721,"kind":"Node","isSelected":false,"isConnectorSelected":false,"isDraggable":1,"isDeletable":1,"hasElementMoved":false,"eventLog":[{"time":1702312566721,"type":"create node","value":3}],"isTextChangeable":1},{"id":"d695f762-6240-4a7e-8cf2-4a3499b10145","value":1,"text":"no fatigue","comment":"","position":{"x":918,"y":597},"isActive":true,"date":1702312566721,"kind":"Node","isSelected":false,"isConnectorSelected":false,"isDraggable":1,"isDeletable":1,"hasElementMoved":false,"eventLog":[{"time":1702312566721,"type":"create node","value":1}],"isTextChangeable":1},{"id":"5fca442b-2f3e-4f56-b855-36e2f1b51567","value":2,"text":"replaceable","comment":"","position":{"x":799,"y":236},"isActive":true,"date":1702312566722,"kind":"Node","isSelected":false,"isConnectorSelected":false,"isDraggable":1,"isDeletable":1,"hasElementMoved":false,"eventLog":[{"time":"1702312566722","type":"create node","value":[2]},{"time":"2023-12-11T16:36:18.141Z","type":"position","value":{"x":[931],"y":[276]}}],"isTextChangeable":1},{"id":"2839622f-7543-4600-b19c-5ea4b49a9e22","value":3,"text":"transportation of supplies","comment":"Can transport significantly more food, etc. and thus supply people to be saved","position":{"x":1035,"y":224},"isActive":true,"date":1702312584328,"kind":"Node","isSelected":false,"isConnectorSelected":false,"isDraggable":1,"isDeletable":1,"hasElementMoved":false,"eventLog":[{"time":"1702312584328","type":"create node","value":[0]},{"time":"1702312584604","type":"selected","value":[true]},{"time":"1702312650252","type":"text","value":["Transport von Versorgung"]},{"time":"1702312650252","type":"value","value":[3]},{"time":"1702312650252","type":"comment","value":["Können erheblich mehr Nahrung usw. transportieren und somit zu rettende Menschen versorgen"]},{"time":"1702312650252","type":"selected","value":[false]},{"time":"2023-12-11T16:37:35.523Z","type":"position","value":{"x":[938],"y":[227]}}],"isTextChangeable":1}],"connectors":[{"id":"f3e1a26f-f3f6-41e5-941c-21faf38a8a2b","source":"04e4efe3-a8cb-40eb-b096-1a894239a600","target":"644ead18-3acf-448e-a9a6-9f895993f50e","agreement":true,"isActive":true,"date":1702312566722,"kind":"Connector","isSelected":false,"intensity":3,"isDeletable":false,"isOver":false,"isBidirectional":false,"eventLog":[{"time":1702312566722,"type":"create connection"}]},{"id":"f47d0ac7-314c-4ade-96f5-3804098473c3","source":"04e4efe3-a8cb-40eb-b096-1a894239a600","target":"4b1b22c7-e51c-4360-9eab-baffb366573a","agreement":true,"isActive":true,"date":1702312566723,"kind":"Connector","isSelected":false,"intensity":3,"isDeletable":true,"isOver":false,"isBidirectional":false,"eventLog":[{"time":1702312566723,"type":"create connection"}]},{"id":"480f1650-6c52-4eff-801b-006e42036845","source":"644ead18-3acf-448e-a9a6-9f895993f50e","target":"30165dc3-7812-493c-aef3-7c97075691f6","agreement":true,"isActive":true,"date":1702312566723,"kind":"Connector","isSelected":false,"intensity":3,"isDeletable":true,"isOver":false,"isBidirectional":false,"eventLog":[{"time":1702312566723,"type":"create connection"}]},{"id":"3ecccd8f-c276-47d0-8f02-8bc488a51536","source":"30165dc3-7812-493c-aef3-7c97075691f6","target":"d29a0a08-ce0a-4951-9818-90f75fbfc982","agreement":true,"isActive":true,"date":1702312566723,"kind":"Connector","isSelected":false,"intensity":3,"isDeletable":true,"isOver":false,"isBidirectional":false,"eventLog":[{"time":1702312566723,"type":"create connection"}]},{"id":"8dc01d0d-f53c-40f1-9de2-956c1ebb1791","source":"4b1b22c7-e51c-4360-9eab-baffb366573a","target":"86470b77-3e2e-4ddb-ab4e-ee2405f91078","agreement":true,"isActive":true,"date":1702312566723,"kind":"Connector","isSelected":false,"intensity":3,"isDeletable":true,"isOver":false,"isBidirectional":false,"eventLog":[{"time":1702312566723,"type":"create connection"}]},{"id":"1bc39559-b3cb-4aca-a61f-f7d34f047722","source":"4b1b22c7-e51c-4360-9eab-baffb366573a","target":"b3b7988c-e6c5-4167-b2bf-6b245353e974","agreement":true,"isActive":true,"date":1702312566724,"kind":"Connector","isSelected":false,"intensity":3,"isDeletable":true,"isOver":false,"isBidirectional":false,"eventLog":[{"time":1702312566724,"type":"create connection"}]},{"id":"2bbcacd5-4478-431f-8d33-3c65e50483ae","source":"644ead18-3acf-448e-a9a6-9f895993f50e","target":"add510d2-6b45-43b0-ad25-06c9bc51a9fe","agreement":true,"isActive":true,"date":1702312566724,"kind":"Connector","isSelected":false,"intensity":3,"isDeletable":true,"isOver":false,"isBidirectional":false,"eventLog":[{"time":1702312566724,"type":"create connection"}]},{"id":"ffdd0b47-5823-41b0-8311-c109dad5084f","source":"644ead18-3acf-448e-a9a6-9f895993f50e","target":"bab6bbd1-01fc-4db3-a07a-6f20ff8a6e49","agreement":true,"isActive":true,"date":1702312566724,"kind":"Connector","isSelected":false,"intensity":3,"isDeletable":true,"isOver":false,"isBidirectional":false,"eventLog":[{"time":1702312566724,"type":"create connection"}]},{"id":"6abb94f9-3a08-4608-b47b-27ff566e3c62","source":"bab6bbd1-01fc-4db3-a07a-6f20ff8a6e49","target":"d29a0a08-ce0a-4951-9818-90f75fbfc982","agreement":true,"isActive":true,"date":1702312566724,"kind":"Connector","isSelected":false,"intensity":3,"isDeletable":true,"isOver":false,"isBidirectional":false,"eventLog":[{"time":1702312566724,"type":"create connection"}]},{"id":"8013f407-15c3-49f5-8f47-4fae99a0d2ed","source":"4b1b22c7-e51c-4360-9eab-baffb366573a","target":"1406813e-cbec-4825-b91c-4aba6b4b6384","agreement":true,"isActive":true,"date":1702312566724,"kind":"Connector","isSelected":false,"intensity":3,"isDeletable":true,"isOver":false,"isBidirectional":false,"eventLog":[{"time":1702312566724,"type":"create connection"}]},{"id":"f8d5cba7-7b9a-4735-aafa-deac1bede255","source":"34026042-83c1-472a-ba3e-f942252e14d0","target":"1406813e-cbec-4825-b91c-4aba6b4b6384","agreement":true,"isActive":true,"date":1702312566724,"kind":"Connector","isSelected":false,"intensity":3,"isDeletable":true,"isOver":false,"isBidirectional":false,"eventLog":[{"time":1702312566725,"type":"create connection"}]},{"id":"95382b88-fe50-4bfa-86c1-44c7a992d76e","source":"b3b7988c-e6c5-4167-b2bf-6b245353e974","target":"34026042-83c1-472a-ba3e-f942252e14d0","agreement":true,"isActive":true,"date":1702312566725,"kind":"Connector","isSelected":false,"intensity":3,"isDeletable":true,"isOver":false,"isBidirectional":false,"eventLog":[{"time":1702312566725,"type":"create connection"}]},{"id":"5ccacc0c-461a-4328-980d-91e1ab641de0","source":"86470b77-3e2e-4ddb-ab4e-ee2405f91078","target":"34026042-83c1-472a-ba3e-f942252e14d0","agreement":true,"isActive":true,"date":1702312566725,"kind":"Connector","isSelected":false,"intensity":3,"isDeletable":true,"isOver":false,"isBidirectional":false,"eventLog":[{"time":1702312566725,"type":"create connection"}]},{"id":"88a3c920-e48a-4add-9992-78dd68af3a42","source":"4b1b22c7-e51c-4360-9eab-baffb366573a","target":"d695f762-6240-4a7e-8cf2-4a3499b10145","agreement":true,"isActive":true,"date":1702312566725,"kind":"Connector","isSelected":false,"intensity":3,"isDeletable":true,"isOver":false,"isBidirectional":false,"eventLog":[{"time":1702312566725,"type":"create connection"}]},{"id":"44b5a48e-3cba-4047-80b1-493d346af583","source":"4b1b22c7-e51c-4360-9eab-baffb366573a","target":"5fca442b-2f3e-4f56-b855-36e2f1b51567","agreement":true,"isActive":true,"date":1702312566725,"kind":"Connector","isSelected":false,"intensity":3,"isDeletable":true,"isOver":false,"isBidirectional":false,"eventLog":[{"time":1702312566725,"type":"create connection"}]},{"id":"88445bae-23a8-46bb-9e93-6b06f3735d29","source":"2839622f-7543-4600-b19c-5ea4b49a9e22","target":"34026042-83c1-472a-ba3e-f942252e14d0","agreement":true,"isActive":true,"date":1702312652578,"kind":"Connector","isSelected":false,"intensity":3,"isDeletable":true,"isOver":false,"isBidirectional":false,"eventLog":[{"time":1702312652578,"type":"create connection"}]},{"id":"cf8fbad7-663a-40f1-a724-14eb511c8bcc","source":"4b1b22c7-e51c-4360-9eab-baffb366573a","target":"2839622f-7543-4600-b19c-5ea4b49a9e22","agreement":true,"isActive":true,"date":1702312654828,"kind":"Connector","isSelected":false,"intensity":3,"isDeletable":true,"isOver":false,"isBidirectional":false,"eventLog":[{"time":1702312654828,"type":"create connection"}]}],"currentID":{},"currentNode":{},"hasSelectedNode":[false],"currentConnector":{},"hasSelectedConnector":[false],"readyToMove":[false],"isIncoming":[false],"hasElementMoved":[false]}
