{"idCAM":["24d45a10-a693-4d46-809b-06bf36940f04"],"creator":["60207652caa62b6a34ff96dc_pre"],"projectCAM":["S2_CAM part 1"],"defocusCAM":["NA",3185],"date":[1702312520141],"nodes":[{"id":"fa9d2ffd-b2dc-448b-acb8-d9cb7d73a85b","value":10,"text":"rescue robot","comment":"","position":{"x":650,"y":400},"isActive":true,"date":1702312520954,"kind":"Node","isSelected":false,"isConnectorSelected":false,"isDraggable":0,"isDeletable":0,"hasElementMoved":false,"eventLog":[{"time":1702312520954,"type":"create node","value":0},{"time":1702312549319,"type":"selected","value":1},{"time":1702312552610,"type":"value","value":10},{"time":1702312552610,"type":"selected","value":0}],"isTextChangeable":0},{"id":"4c8b25c2-2af8-43f7-ac65-517fce0a904e","value":-3,"text":"disadvantages","comment":"","position":{"x":450,"y":400},"isActive":true,"date":1702312520954,"kind":"Node","isSelected":false,"isConnectorSelected":false,"isDraggable":0,"isDeletable":0,"hasElementMoved":false,"eventLog":[{"time":1702312520954,"type":"create node","value":0},{"time":1702312559584,"type":"selected","value":1},{"time":1702312561309,"type":"value","value":3},{"time":1702312561309,"type":"selected","value":0},{"time":1702312720151,"type":"selected","value":1},{"time":1702312721899,"type":"selected","value":0},{"time":1702313049229,"type":"selected","value":1},{"time":1702313050915,"type":"value","value":-3},{"time":1702313050915,"type":"selected","value":0}],"isTextChangeable":0},{"id":"2f46015a-e0b4-41e8-ad3a-776a45ff1e53","value":3,"text":"advantages","comment":"","position":{"x":850,"y":400},"isActive":true,"date":1702312520954,"kind":"Node","isSelected":false,"isConnectorSelected":true,"isDraggable":0,"isDeletable":0,"hasElementMoved":false,"eventLog":[{"time":"1702312520954","type":"create node","value":[0]},{"time":"1702312553118","type":"selected","value":[true]},{"time":"1702312558851","type":"value","value":[3]},{"time":"1702312558851","type":"selected","value":[false]},{"time":"1702312597833","type":"selected","value":[true]},{"time":"1702312598428","type":"selected","value":[false]},{"time":"2023-12-11T16:36:41.530Z","type":"position","value":{"x":[859.6667],"y":[388.85]}},{"time":"2023-12-11T16:37:12.349Z","type":"position","value":{"x":[855.6667],"y":[383.85]}},{"time":"2023-12-11T16:37:13.450Z","type":"position","value":{"x":[872.6667],"y":[383.85]}},{"time":"1702312656345","type":"selected","value":[true]},{"time":"1702312660660","type":"selected","value":[false]},{"time":"1702313091567","type":"selected","value":[true]},{"time":"1702313092406","type":"selected","value":[false]},{"time":"1702313136122","type":"selected","value":[true]},{"time":"1702313136891","type":"selected","value":[false]}],"isTextChangeable":0},{"id":"b8b026ab-343d-4fc7-afcf-52812ad5fcdc","value":3,"text":"place of deployment","comment":"larger than human","position":{"x":919.6667,"y":196.85},"isActive":true,"date":1702312562694,"kind":"Node","isSelected":false,"isConnectorSelected":false,"isDraggable":1,"isDeletable":1,"hasElementMoved":false,"eventLog":[{"time":"1702312562694","type":"create node","value":[0]},{"time":"1702312562736","type":"selected","value":[true]},{"time":"1702312595205","type":"text","value":["Einsatzort"]},{"time":"1702312595205","type":"value","value":[3]},{"time":"1702312595205","type":"comment","value":["größer als bei Mensch"]},{"time":"1702312595205","type":"selected","value":[false]},{"time":"2023-12-11T16:36:35.944Z","type":"position","value":{"x":[613.6667],"y":[147.85]}},{"time":"2023-12-11T16:36:36.031Z","type":"position","value":{"x":[815.6667],"y":[198.85]}},{"time":"2023-12-11T16:36:36.080Z","type":"position","value":{"x":[982.6667],"y":[237.85]}},{"time":"1702312599284","type":"selected","value":[true]},{"time":"1702312600414","type":"selected","value":[false]},{"time":"2023-12-11T16:36:43.207Z","type":"position","value":{"x":[893.6667],"y":[285.85]}},{"time":"2023-12-11T16:36:44.486Z","type":"position","value":{"x":[881.6667],"y":[386.85]}},{"time":"1702312605810","type":"selected","value":[true]},{"time":"1702312608389","type":"selected","value":[false]},{"time":"1702312609801","type":"selected","value":[true]},{"time":"1702312625908","type":"comment","value":["größer als Mensch"]},{"time":"1702312625908","type":"selected","value":[false]},{"time":"2023-12-11T16:37:11.833Z","type":"position","value":{"x":[917.6667],"y":[258.85]}},{"time":"2023-12-11T16:42:52.584Z","type":"position","value":{"x":[915.6667],"y":[246.85]}},{"time":"2023-12-11T16:44:19.921Z","type":"position","value":{"x":[1017.6667],"y":[223.85]}}],"isTextChangeable":1},{"id":"6b166e65-dc10-43aa-ab96-24a30588ea18","value":10,"text":"reliability","comment":"doubtful","position":{"x":649.6667,"y":216.85},"isActive":true,"date":1702312664484,"kind":"Node","isSelected":false,"isConnectorSelected":false,"isDraggable":1,"isDeletable":1,"hasElementMoved":false,"eventLog":[{"time":"1702312664484","type":"create node","value":[0]},{"time":"1702312665893","type":"selected","value":[true]},{"time":"1702312675568","type":"text","value":["Zuverlässigkeit"]},{"time":"1702312675568","type":"selected","value":[false]},{"time":"1702312676576","type":"selected","value":[true]},{"time":"1702312685532","type":"value","value":[10]},{"time":"1702312685532","type":"comment","value":["fraglich"]},{"time":"1702312685532","type":"selected","value":[false]},{"time":"2023-12-11T16:38:06.438Z","type":"position","value":{"x":[680.6667],"y":[191.85]}},{"time":"2023-12-11T16:42:32.204Z","type":"position","value":{"x":[680.6667],"y":[181.85]}}],"isTextChangeable":1},{"id":"b27a81bd-b483-4de0-a815-388d1075e250","value":-3,"text":"costs","comment":"Development and production","position":{"x":448.6667,"y":209.85},"isActive":true,"date":1702312697369,"kind":"Node","isSelected":false,"isConnectorSelected":false,"isDraggable":1,"isDeletable":1,"hasElementMoved":false,"eventLog":[{"time":"1702312697369","type":"create node","value":[0]},{"time":"1702312697414","type":"selected","value":[true]},{"time":"1702312717444","type":"text","value":["Kosten"]},{"time":"1702312717444","type":"value","value":[-3]},{"time":"1702312717444","type":"comment","value":["Entwicklung und Produktion"]},{"time":"1702312717444","type":"selected","value":[false]},{"time":"2023-12-11T16:38:38.520Z","type":"position","value":{"x":[1046.6667],"y":[512.85]}},{"time":"2023-12-11T16:38:38.587Z","type":"position","value":{"x":[842.6667],"y":[439.85]}},{"time":"2023-12-11T16:38:38.621Z","type":"position","value":{"x":[637.6667],"y":[393.85]}},{"time":"2023-12-11T16:38:38.654Z","type":"position","value":{"x":[460.6667],"y":[359.85]}},{"time":"2023-12-11T16:38:38.987Z","type":"position","value":{"x":[309.6667],"y":[271.85]}},{"time":"2023-12-11T16:42:44.733Z","type":"position","value":{"x":[315.6667],"y":[231.85]}},{"time":"2023-12-11T16:42:50.750Z","type":"position","value":{"x":[424.6667],"y":[211.85]}}],"isTextChangeable":1},{"id":"ff31dd47-cb17-4ca4-bd50-580086222f7a","value":-3,"text":"abuse","comment":"possible","position":{"x":192.6667,"y":396.85},"isActive":true,"date":1702312728357,"kind":"Node","isSelected":false,"isConnectorSelected":false,"isDraggable":1,"isDeletable":1,"hasElementMoved":false,"eventLog":[{"time":"1702312728357","type":"create node","value":[0]},{"time":"1702312728463","type":"selected","value":[true]},{"time":"1702312730013","type":"selected","value":[false]},{"time":"1702312742688","type":"selected","value":[true]},{"time":"1702312754680","type":"text","value":["Missbrauch"]},{"time":"1702312754680","type":"value","value":[-3]},{"time":"1702312754680","type":"comment","value":["möglich"]},{"time":"1702312754680","type":"selected","value":[false]},{"time":"2023-12-11T16:39:15.356Z","type":"position","value":{"x":[1051.6667],"y":[394.85]}},{"time":"2023-12-11T16:39:15.522Z","type":"position","value":{"x":[867.6667],"y":[545.85]}},{"time":"2023-12-11T16:39:15.556Z","type":"position","value":{"x":[701.6667],"y":[555.85]}},{"time":"2023-12-11T16:39:15.589Z","type":"position","value":{"x":[528.6667],"y":[555.85]}},{"time":"2023-12-11T16:39:15.640Z","type":"position","value":{"x":[354.6667],"y":[541.85]}},{"time":"2023-12-11T16:42:42.667Z","type":"position","value":{"x":[288.6667],"y":[486.85]}},{"time":"2023-12-11T16:42:47.467Z","type":"position","value":{"x":[170.6667],"y":[416.85]}}],"isTextChangeable":1},{"id":"820a1363-bb27-4fc2-85c9-fb2d054d3b73","value":3,"text":"danger","comment":"less human danger","position":{"x":969.6667,"y":615.85},"isActive":true,"date":1702312775402,"kind":"Node","isSelected":false,"isConnectorSelected":false,"isDraggable":1,"isDeletable":1,"hasElementMoved":false,"eventLog":[{"time":"1702312775402","type":"create node","value":[0]},{"time":"1702312794320","type":"selected","value":[true]},{"time":"1702312818526","type":"text","value":["Gefahr"]},{"time":"1702312818526","type":"value","value":[3]},{"time":"1702312818526","type":"comment","value":["weniger menschliche Gefahr"]},{"time":"1702312818526","type":"selected","value":[false]},{"time":"2023-12-11T16:40:19.171Z","type":"position","value":{"x":[1073.6667],"y":[330.85]}},{"time":"2023-12-11T16:40:19.459Z","type":"position","value":{"x":[1082.6667],"y":[481.85]}},{"time":"2023-12-11T16:42:56.400Z","type":"position","value":{"x":[983.6667],"y":[547.85]}},{"time":"2023-12-11T16:44:21.288Z","type":"position","value":{"x":[1036.6667],"y":[568.85]}}],"isTextChangeable":1},{"id":"b36d717f-c644-488f-bb7d-11adb8f251c9","value":-2,"text":"development time","comment":"","position":{"x":194.6667,"y":260.85},"isActive":true,"date":1702312832679,"kind":"Node","isSelected":false,"isConnectorSelected":false,"isDraggable":1,"isDeletable":1,"hasElementMoved":false,"eventLog":[{"time":"1702312832679","type":"create node","value":[0]},{"time":"1702312833677","type":"selected","value":[true]},{"time":"1702312844809","type":"text","value":["Entwicklungszeit"]},{"time":"1702312844809","type":"value","value":[-2]},{"time":"1702312844809","type":"selected","value":[false]},{"time":"2023-12-11T16:40:45.511Z","type":"position","value":{"x":[1248.6667],"y":[305.85]}},{"time":"2023-12-11T16:40:45.593Z","type":"position","value":{"x":[1080.6667],"y":[331.85]}},{"time":"2023-12-11T16:40:45.627Z","type":"position","value":{"x":[892.6667],"y":[334.85]}},{"time":"2023-12-11T16:40:45.660Z","type":"position","value":{"x":[699.6667],"y":[332.85]}},{"time":"2023-12-11T16:40:45.694Z","type":"position","value":{"x":[524.6667],"y":[325.85]}},{"time":"2023-12-11T16:40:45.744Z","type":"position","value":{"x":[362.6667],"y":[309.85]}},{"time":"2023-12-11T16:40:45.894Z","type":"position","value":{"x":[201.6667],"y":[283.85]}},{"time":"2023-12-11T16:42:46.158Z","type":"position","value":{"x":[159.6667],"y":[275.85]}},{"time":"2023-12-11T16:42:49.578Z","type":"position","value":{"x":[200.6667],"y":[269.85]}}],"isTextChangeable":1},{"id":"1b120ddc-50c8-4130-846d-cf64592a6751","value":10,"text":"ability","comment":"unknown, variable","position":{"x":660.6667,"y":593.85},"isActive":true,"date":1702312851534,"kind":"Node","isSelected":false,"isConnectorSelected":false,"isDraggable":1,"isDeletable":1,"hasElementMoved":false,"eventLog":[{"time":"1702312851534","type":"create node","value":[0]},{"time":"1702312851618","type":"selected","value":[true]},{"time":"1702312889349","type":"text","value":["Fähigkeit"]},{"time":"1702312889349","type":"value","value":[10]},{"time":"1702312889349","type":"comment","value":["unbekannt, veränderlich"]},{"time":"1702312889349","type":"selected","value":[false]},{"time":"2023-12-11T16:41:30.396Z","type":"position","value":{"x":[1096.6667],"y":[364.85]}},{"time":"2023-12-11T16:41:30.529Z","type":"position","value":{"x":[962.6667],"y":[520.85]}},{"time":"2023-12-11T16:41:30.546Z","type":"position","value":{"x":[865.6667],"y":[560.85]}},{"time":"2023-12-11T16:41:30.579Z","type":"position","value":{"x":[668.6667],"y":[610.85]}},{"time":"1702312946214","type":"selected","value":[true]},{"time":"1702312946778","type":"selected","value":[false]},{"time":"2023-12-11T16:42:29.799Z","type":"position","value":{"x":[646.6667],"y":[554.85]}}],"isTextChangeable":1},{"id":"a8a74b38-29ee-4bb7-8da9-e76ba9704e17","value":-2,"text":"complete autonomy","comment":"no control intervention","position":{"x":253.6667,"y":565.85},"isActive":true,"date":1702313004134,"kind":"Node","isSelected":false,"isConnectorSelected":false,"isDraggable":1,"isDeletable":1,"hasElementMoved":false,"eventLog":[{"time":"1702313004134","type":"create node","value":[0]},{"time":"1702313004234","type":"selected","value":[true]},{"time":"1702313026996","type":"text","value":["komplette Autonomie"]},{"time":"1702313026996","type":"value","value":[-2]},{"time":"1702313026996","type":"comment","value":["kein Kontrolleingriff"]},{"time":"1702313026996","type":"selected","value":[false]},{"time":"2023-12-11T16:43:48.072Z","type":"position","value":{"x":[597.6667],"y":[116.85]}},{"time":"2023-12-11T16:43:48.186Z","type":"position","value":{"x":[422.6667],"y":[278.85]}},{"time":"2023-12-11T16:43:48.253Z","type":"position","value":{"x":[365.6667],"y":[446.85]}},{"time":"2023-12-11T16:43:48.686Z","type":"position","value":{"x":[272.6667],"y":[574.85]}}],"isTextChangeable":1},{"id":"5cdbd519-82d1-493f-ab6b-68372da35856","value":3,"text":"emergency care","comment":"with food, information","position":{"x":1128.6667,"y":272.85},"isActive":true,"date":1702313070129,"kind":"Node","isSelected":false,"isConnectorSelected":true,"isDraggable":1,"isDeletable":1,"hasElementMoved":false,"eventLog":[{"time":"1702313070129","type":"create node","value":[0]},{"time":"1702313070208","type":"selected","value":[true]},{"time":"1702313090748","type":"text","value":["Notfallversorgung"]},{"time":"1702313090748","type":"value","value":[3]},{"time":"1702313090748","type":"comment","value":["mit Lebensmitteln, Informationen"]},{"time":"1702313090748","type":"selected","value":[false]},{"time":"2023-12-11T16:44:54.257Z","type":"position","value":{"x":[1173.6667],"y":[390.85]}}],"isTextChangeable":1},{"id":"4040baee-25cd-423d-b89f-a50db65a9c89","value":3,"text":"collection of data","comment":"Processing, storage, sending","position":{"x":1082.6667,"y":441.85},"isActive":true,"date":1702313096740,"kind":"Node","isSelected":false,"isConnectorSelected":false,"isDraggable":1,"isDeletable":1,"hasElementMoved":false,"eventLog":[{"time":1702313096740,"type":"create node","value":"0"},{"time":1702313097400,"type":"selected","value":"TRUE"},{"time":1702313135055,"type":"text","value":"Sammlung von Daten"},{"time":1702313135055,"type":"comment","value":"Verarbeitung, Speicherung, Versendung"},{"time":1702313135055,"type":"selected","value":"FALSE"},{"time":1702313139209,"type":"selected","value":"TRUE"},{"time":1702313141111,"type":"value","value":"3"},{"time":1702313141111,"type":"selected","value":"FALSE"}],"isTextChangeable":1}],"connectors":[{"id":"801bb132-1c46-43f7-badb-6ee4d5b255eb","source":"fa9d2ffd-b2dc-448b-acb8-d9cb7d73a85b","target":"4c8b25c2-2af8-43f7-ac65-517fce0a904e","agreement":true,"isActive":true,"date":1702312520954,"kind":"Connector","isSelected":false,"intensity":3,"isDeletable":false,"isOver":false,"isBidirectional":false,"eventLog":[{"time":1702312520954,"type":"create connection"}]},{"id":"2462f1fd-d0d0-421f-9bf1-95fc513bc796","source":"fa9d2ffd-b2dc-448b-acb8-d9cb7d73a85b","target":"2f46015a-e0b4-41e8-ad3a-776a45ff1e53","agreement":true,"isActive":true,"date":1702312520954,"kind":"Connector","isSelected":false,"intensity":3,"isDeletable":true,"isOver":false,"isBidirectional":false,"eventLog":[{"time":1702312520954,"type":"create connection"}]},{"id":"ff2ea3fc-422b-4a9f-b5d1-1638b5f5129e","source":"b8b026ab-343d-4fc7-afcf-52812ad5fcdc","target":"2f46015a-e0b4-41e8-ad3a-776a45ff1e53","agreement":true,"isActive":true,"date":1702312656178,"kind":"Connector","isSelected":false,"intensity":9,"isDeletable":true,"isOver":false,"isBidirectional":false,"eventLog":[{"time":1702312656178,"type":"create connection"},{"time":1702312661298,"type":"selected","value":1},{"time":1702312663456,"type":"change intensity of connector","value":9},{"time":1702312663456,"type":"selected","value":0}]},{"id":"9c05eca1-18d5-43bd-a117-fab17bd27cd6","source":"6b166e65-dc10-43aa-ab96-24a30588ea18","target":"4c8b25c2-2af8-43f7-ac65-517fce0a904e","agreement":true,"isActive":true,"date":1702312689810,"kind":"Connector","isSelected":false,"intensity":3,"isDeletable":true,"isOver":false,"isBidirectional":false,"eventLog":[{"time":1702312689810,"type":"create connection"}]},{"id":"1b07070e-9b74-49ef-860e-fd93d4112a9c","source":"6b166e65-dc10-43aa-ab96-24a30588ea18","target":"2f46015a-e0b4-41e8-ad3a-776a45ff1e53","agreement":true,"isActive":true,"date":1702312692062,"kind":"Connector","isSelected":false,"intensity":3,"isDeletable":true,"isOver":false,"isBidirectional":false,"eventLog":[{"time":1702312692062,"type":"create connection"}]},{"id":"331e5aec-2ad4-44f5-8d27-5cab9446d5c0","source":"b27a81bd-b483-4de0-a815-388d1075e250","target":"4c8b25c2-2af8-43f7-ac65-517fce0a904e","agreement":true,"isActive":true,"date":1702312725082,"kind":"Connector","isSelected":false,"intensity":9,"isDeletable":true,"isOver":false,"isBidirectional":false,"eventLog":[{"time":1702312725082,"type":"create connection"},{"time":1702312731298,"type":"selected","value":1},{"time":1702312732889,"type":"change intensity of connector","value":9},{"time":1702312732889,"type":"selected","value":0}]},{"id":"8999dcae-d7df-469b-b212-3f8ac18a77a0","source":"ff31dd47-cb17-4ca4-bd50-580086222f7a","target":"4c8b25c2-2af8-43f7-ac65-517fce0a904e","agreement":true,"isActive":true,"date":1702312757779,"kind":"Connector","isSelected":false,"intensity":9,"isDeletable":true,"isOver":false,"isBidirectional":false,"eventLog":[{"time":1702312757779,"type":"create connection"},{"time":1702312761725,"type":"selected","value":1},{"time":1702312774336,"type":"change intensity of connector","value":9},{"time":1702312774336,"type":"selected","value":0}]},{"id":"5e11fb38-274d-4900-95fb-4f1be241afd3","source":"2f46015a-e0b4-41e8-ad3a-776a45ff1e53","target":"820a1363-bb27-4fc2-85c9-fb2d054d3b73","agreement":true,"isActive":true,"date":1702312821248,"kind":"Connector","isSelected":false,"intensity":9,"isDeletable":true,"isOver":false,"isBidirectional":false,"eventLog":[{"time":1702312821248,"type":"create connection"},{"time":1702312822510,"type":"selected","value":1},{"time":1702312824122,"type":"change intensity of connector","value":9},{"time":1702312824122,"type":"selected","value":0}]},{"id":"336072a6-1d49-4dee-8242-864edcebc254","source":"4c8b25c2-2af8-43f7-ac65-517fce0a904e","target":"b36d717f-c644-488f-bb7d-11adb8f251c9","agreement":true,"isActive":true,"date":1702312849495,"kind":"Connector","isSelected":false,"intensity":9,"isDeletable":true,"isOver":false,"isBidirectional":false,"eventLog":[{"time":1702312849495,"type":"create connection"},{"time":1702313039967,"type":"selected","value":1},{"time":1702313040372,"type":"change intensity of connector","value":3},{"time":1702313040372,"type":"selected","value":0},{"time":1702313041981,"type":"selected","value":1},{"time":1702313043852,"type":"change intensity of connector","value":9},{"time":1702313043852,"type":"selected","value":0}]},{"id":"1b7312a3-2939-4c54-8b3f-bdb56dab3cb4","source":"fa9d2ffd-b2dc-448b-acb8-d9cb7d73a85b","target":"1b120ddc-50c8-4130-846d-cf64592a6751","agreement":true,"isActive":false,"date":1702312893059,"kind":"Connector","isSelected":false,"intensity":3,"isDeletable":true,"isOver":false,"isBidirectional":false,"eventLog":[{"time":1702312893059,"type":"create connection"},{"time":1702312942762,"type":"selected","value":1},{"time":1702312944248,"type":"connector was deleted","value":-99},{"time":1702312944248,"type":"active","value":0}]},{"id":"23530cbb-9ebe-4dd5-9728-af3405661426","source":"4c8b25c2-2af8-43f7-ac65-517fce0a904e","target":"1b120ddc-50c8-4130-846d-cf64592a6751","agreement":true,"isActive":true,"date":1702312945798,"kind":"Connector","isSelected":false,"intensity":3,"isDeletable":true,"isOver":false,"isBidirectional":false,"eventLog":[{"time":1702312945798,"type":"create connection"}]},{"id":"6783546c-dd88-4ec5-a55c-5e59897acd0a","source":"2f46015a-e0b4-41e8-ad3a-776a45ff1e53","target":"1b120ddc-50c8-4130-846d-cf64592a6751","agreement":true,"isActive":true,"date":1702312947864,"kind":"Connector","isSelected":false,"intensity":3,"isDeletable":true,"isOver":false,"isBidirectional":false,"eventLog":[{"time":1702312947864,"type":"create connection"}]},{"id":"c9451e4c-d244-43c4-b81d-d8bcb7beb8bf","source":"a8a74b38-29ee-4bb7-8da9-e76ba9704e17","target":"4c8b25c2-2af8-43f7-ac65-517fce0a904e","agreement":true,"isActive":true,"date":1702313030042,"kind":"Connector","isSelected":false,"intensity":9,"isDeletable":true,"isOver":false,"isBidirectional":false,"eventLog":[{"time":1702313030042,"type":"create connection"},{"time":1702313034106,"type":"selected","value":1},{"time":1702313038371,"type":"change intensity of connector","value":9},{"time":1702313038371,"type":"selected","value":0}]},{"id":"3ae2bd6c-1626-488a-a4cd-19f9a7703871","source":"5cdbd519-82d1-493f-ab6b-68372da35856","target":"2f46015a-e0b4-41e8-ad3a-776a45ff1e53","agreement":true,"isActive":true,"date":1702313093502,"kind":"Connector","isSelected":false,"intensity":9,"isDeletable":true,"isOver":false,"isBidirectional":false,"eventLog":[{"time":1702313093502,"type":"create connection"},{"time":1702313143708,"type":"selected","value":1},{"time":1702313145019,"type":"change intensity of connector","value":9},{"time":1702313145019,"type":"selected","value":0}]},{"id":"0753311e-9b3d-43f0-a979-d66dbe542732","source":"2f46015a-e0b4-41e8-ad3a-776a45ff1e53","target":"4040baee-25cd-423d-b89f-a50db65a9c89","agreement":true,"isActive":true,"date":1702313137549,"kind":"Connector","isSelected":false,"intensity":9,"isDeletable":true,"isOver":false,"isBidirectional":false,"eventLog":[{"time":1702313137549,"type":"create connection"},{"time":1702313141867,"type":"selected","value":1},{"time":1702313143148,"type":"change intensity of connector","value":9},{"time":1702313143148,"type":"selected","value":0}]}],"currentID":["3ae2bd6c-1626-488a-a4cd-19f9a7703871"],"currentNode":{},"hasSelectedNode":[false],"currentConnector":{"id":["3ae2bd6c-1626-488a-a4cd-19f9a7703871"],"value":{},"source":["5cdbd519-82d1-493f-ab6b-68372da35856"],"target":["2f46015a-e0b4-41e8-ad3a-776a45ff1e53"],"agreement":[true],"isActive":[true],"date":[1702313093502],"kind":["Connector"],"isSelected":[false],"intensity":[9],"isDeletable":[true],"isOver":[false],"isBidirectional":[false],"eventLog":[{"time":1702313093502,"type":"create connection"},{"time":1702313143708,"type":"selected","value":1},{"time":1702313145019,"type":"change intensity of connector","value":9},{"time":1702313145019,"type":"selected","value":0}]},"hasSelectedConnector":[true],"readyToMove":[false],"isIncoming":[false],"hasElementMoved":[false]}
