{"idCAM":["5d1a7d4a-9a66-4c29-9279-31bb23cd9c76"],"creator":["603a80b01bb75f608c3dbb0d_post"],"projectCAM":["S2_CAM part 2"],"defocusCAM":[null],"date":[1702313160703],"nodes":[{"id":"09611e68-ad99-4a16-8563-41d23884ff82","value":0,"text":"social assistance robot","comment":"","position":{"x":650,"y":400},"isActive":true,"date":1702313161617,"kind":"Node","isSelected":false,"isConnectorSelected":false,"isDraggable":0,"isDeletable":0,"hasElementMoved":false,"eventLog":[{"time":1702313161617,"type":"create node","value":0}],"isTextChangeable":0},{"id":"85723594-6ce5-46d4-9143-0de3e016d657","value":0,"text":"disadvantages","comment":"","position":{"x":450,"y":400},"isActive":true,"date":1702313161617,"kind":"Node","isSelected":false,"isConnectorSelected":false,"isDraggable":0,"isDeletable":0,"hasElementMoved":false,"eventLog":[{"time":1702313161617,"type":"create node","value":0}],"isTextChangeable":0},{"id":"ab99b0d3-46e4-48fc-9146-9cc02ebdf864","value":0,"text":"advantages","comment":"","position":{"x":850,"y":400},"isActive":true,"date":1702313161618,"kind":"Node","isSelected":false,"isConnectorSelected":false,"isDraggable":0,"isDeletable":0,"hasElementMoved":false,"eventLog":[{"time":1702313161618,"type":"create node","value":0}],"isTextChangeable":0},{"id":"57d7acd7-5862-429a-971c-2f0c130080ab","value":3,"text":"mental health","comment":"","position":{"x":847.5,"y":477},"isActive":true,"date":1702313161618,"kind":"Node","isSelected":false,"isConnectorSelected":false,"isDraggable":1,"isDeletable":1,"hasElementMoved":false,"eventLog":[{"time":1702313161618,"type":"create node","value":3}],"isTextChangeable":1},{"id":"b095d34f-904e-44b2-99c9-8a4f527fe4f8","value":-2,"text":"physical health","comment":"","position":{"x":449.5,"y":462},"isActive":true,"date":1702313161618,"kind":"Node","isSelected":false,"isConnectorSelected":false,"isDraggable":1,"isDeletable":1,"hasElementMoved":false,"eventLog":[{"time":1702313161618,"type":"create node","value":-2}],"isTextChangeable":1},{"id":"cd344572-14c8-4303-ba13-3386004124d5","value":-1,"text":"negative effects","comment":"","position":{"x":451.5,"y":579},"isActive":true,"date":1702313161619,"kind":"Node","isSelected":false,"isConnectorSelected":false,"isDraggable":1,"isDeletable":1,"hasElementMoved":false,"eventLog":[{"time":1702313161619,"type":"create node","value":-1}],"isTextChangeable":1},{"id":"08a621a3-2f0a-4ab2-b343-9c968f7c20eb","value":3,"text":"everyday helper","comment":"","position":{"x":924.5,"y":568},"isActive":true,"date":1702313161619,"kind":"Node","isSelected":false,"isConnectorSelected":false,"isDraggable":1,"isDeletable":1,"hasElementMoved":false,"eventLog":[{"time":1702313161619,"type":"create node","value":3}],"isTextChangeable":1},{"id":"82e1f64f-c108-465b-a855-55e47e0897b0","value":1,"text":"memory training","comment":"","position":{"x":780.5,"y":571},"isActive":true,"date":1702313161619,"kind":"Node","isSelected":false,"isConnectorSelected":false,"isDraggable":1,"isDeletable":1,"hasElementMoved":false,"eventLog":[{"time":1702313161619,"type":"create node","value":1}],"isTextChangeable":1},{"id":"11bfed91-b703-455b-819a-3d3556ce982c","value":-1,"text":"use of mobiles","comment":"","position":{"x":321.5,"y":540},"isActive":true,"date":1702313161619,"kind":"Node","isSelected":false,"isConnectorSelected":true,"isDraggable":1,"isDeletable":1,"hasElementMoved":false,"eventLog":[{"time":1702313161619,"type":"create node","value":-1}],"isTextChangeable":1},{"id":"8eeb5b18-af96-4a52-8edf-396bd49971b9","value":3,"text":"communication and interaction","comment":"","position":{"x":1027.5,"y":402},"isActive":true,"date":1702313161620,"kind":"Node","isSelected":false,"isConnectorSelected":false,"isDraggable":1,"isDeletable":1,"hasElementMoved":false,"eventLog":[{"time":1702313161620,"type":"create node","value":3}],"isTextChangeable":1},{"id":"e1796ee7-5f1b-4bb6-995a-fc3683bfe3fe","value":-3,"text":"handling","comment":"","position":{"x":262.5,"y":400},"isActive":true,"date":1702313161622,"kind":"Node","isSelected":false,"isConnectorSelected":true,"isDraggable":1,"isDeletable":1,"hasElementMoved":false,"eventLog":[{"time":1702313161622,"type":"create node","value":-3}],"isTextChangeable":1},{"id":"1e0f2c31-bebb-43ac-95cb-7c4279de361d","value":0,"text":"health insurance","comment":"","position":{"x":1028.5,"y":528},"isActive":true,"date":1702313161623,"kind":"Node","isSelected":false,"isConnectorSelected":false,"isDraggable":1,"isDeletable":1,"hasElementMoved":false,"eventLog":[{"time":1702313161623,"type":"create node","value":0}],"isTextChangeable":1},{"id":"4621246c-ef8e-42f2-9255-28997f650a16","value":0,"text":"strengthening of independence","comment":"","position":{"x":929.5,"y":664},"isActive":true,"date":1702313161623,"kind":"Node","isSelected":false,"isConnectorSelected":false,"isDraggable":1,"isDeletable":1,"hasElementMoved":false,"eventLog":[{"time":1702313161623,"type":"create node","value":0}],"isTextChangeable":1}],"connectors":[{"id":"2e71fbfb-4e67-4765-b1a8-044dae7ea1f5","source":"09611e68-ad99-4a16-8563-41d23884ff82","target":"85723594-6ce5-46d4-9143-0de3e016d657","agreement":true,"isActive":true,"date":1702313161623,"kind":"Connector","isSelected":false,"intensity":3,"isDeletable":false,"isOver":false,"isBidirectional":false,"eventLog":[{"time":1702313161623,"type":"create connection"}]},{"id":"a6d4b84d-fc6e-47fc-95de-b8e748a3f8e8","source":"09611e68-ad99-4a16-8563-41d23884ff82","target":"ab99b0d3-46e4-48fc-9146-9cc02ebdf864","agreement":true,"isActive":true,"date":1702313161624,"kind":"Connector","isSelected":false,"intensity":3,"isDeletable":true,"isOver":false,"isBidirectional":false,"eventLog":[{"time":1702313161624,"type":"create connection"}]},{"id":"2dfb0a41-121e-4797-9e73-d4d9edd8929a","source":"08a621a3-2f0a-4ab2-b343-9c968f7c20eb","target":"57d7acd7-5862-429a-971c-2f0c130080ab","agreement":true,"isActive":true,"date":1702313161624,"kind":"Connector","isSelected":false,"intensity":3,"isDeletable":true,"isOver":false,"isBidirectional":false,"eventLog":[{"time":1702313161624,"type":"create connection"}]},{"id":"b3317107-6f0b-49c1-a253-436950451413","source":"57d7acd7-5862-429a-971c-2f0c130080ab","target":"82e1f64f-c108-465b-a855-55e47e0897b0","agreement":true,"isActive":true,"date":1702313161625,"kind":"Connector","isSelected":false,"intensity":3,"isDeletable":true,"isOver":false,"isBidirectional":false,"eventLog":[{"time":1702313161625,"type":"create connection"}]},{"id":"2e13ce5a-4b75-4d4b-9a60-d5bdeb720601","source":"cd344572-14c8-4303-ba13-3386004124d5","target":"b095d34f-904e-44b2-99c9-8a4f527fe4f8","agreement":true,"isActive":true,"date":1702313161625,"kind":"Connector","isSelected":false,"intensity":3,"isDeletable":true,"isOver":false,"isBidirectional":false,"eventLog":[{"time":1702313161625,"type":"create connection"}]},{"id":"83e4263d-4850-406f-acca-925997e77549","source":"ab99b0d3-46e4-48fc-9146-9cc02ebdf864","target":"57d7acd7-5862-429a-971c-2f0c130080ab","agreement":true,"isActive":true,"date":1702313161625,"kind":"Connector","isSelected":false,"intensity":3,"isDeletable":true,"isOver":false,"isBidirectional":false,"eventLog":[{"time":1702313161625,"type":"create connection"}]},{"id":"68f4d21b-e049-4324-b9c9-9a4f34064f61","source":"85723594-6ce5-46d4-9143-0de3e016d657","target":"b095d34f-904e-44b2-99c9-8a4f527fe4f8","agreement":true,"isActive":true,"date":1702313161626,"kind":"Connector","isSelected":false,"intensity":3,"isDeletable":true,"isOver":false,"isBidirectional":false,"eventLog":[{"time":1702313161626,"type":"create connection"}]},{"id":"a05a9b4a-8f4b-487b-91d3-99cfc47deda9","source":"09611e68-ad99-4a16-8563-41d23884ff82","target":"82e1f64f-c108-465b-a855-55e47e0897b0","agreement":true,"isActive":true,"date":1702313161627,"kind":"Connector","isSelected":false,"intensity":3,"isDeletable":true,"isOver":false,"isBidirectional":false,"eventLog":[{"time":1702313161627,"type":"create connection"}]},{"id":"71fcd418-4ac1-4ee5-91b9-d5e4ed1003b8","source":"cd344572-14c8-4303-ba13-3386004124d5","target":"09611e68-ad99-4a16-8563-41d23884ff82","agreement":false,"isActive":true,"date":1702313161627,"kind":"Connector","isSelected":false,"intensity":6,"isDeletable":true,"isOver":false,"isBidirectional":false,"eventLog":[{"time":1702313161627,"type":"create connection"}]},{"id":"b7c2d78a-1ce5-4555-bbf5-c16e96733eb0","source":"11bfed91-b703-455b-819a-3d3556ce982c","target":"cd344572-14c8-4303-ba13-3386004124d5","agreement":true,"isActive":true,"date":1702313161627,"kind":"Connector","isSelected":false,"intensity":3,"isDeletable":true,"isOver":false,"isBidirectional":false,"eventLog":[{"time":1702313161627,"type":"create connection"}]},{"id":"9139a51c-0f73-4691-b4c0-f57acb0cb684","source":"85723594-6ce5-46d4-9143-0de3e016d657","target":"e1796ee7-5f1b-4bb6-995a-fc3683bfe3fe","agreement":true,"isActive":true,"date":1702313161629,"kind":"Connector","isSelected":false,"intensity":3,"isDeletable":true,"isOver":false,"isBidirectional":false,"eventLog":[{"time":1702313161629,"type":"create connection"}]},{"id":"2265eb48-0d7e-42d9-af0a-289ceb09a8f7","source":"8eeb5b18-af96-4a52-8edf-396bd49971b9","target":"ab99b0d3-46e4-48fc-9146-9cc02ebdf864","agreement":true,"isActive":true,"date":1702313161630,"kind":"Connector","isSelected":false,"intensity":3,"isDeletable":true,"isOver":false,"isBidirectional":false,"eventLog":[{"time":1702313161630,"type":"create connection"}]},{"id":"7d7baa4e-4638-4604-ad19-3abe7eee50bd","source":"8eeb5b18-af96-4a52-8edf-396bd49971b9","target":"1e0f2c31-bebb-43ac-95cb-7c4279de361d","agreement":true,"isActive":true,"date":1702313161631,"kind":"Connector","isSelected":false,"intensity":3,"isDeletable":true,"isOver":false,"isBidirectional":false,"eventLog":[{"time":1702313161631,"type":"create connection"}]},{"id":"e1ca915a-d569-443f-b27b-3d6509a6d044","source":"4621246c-ef8e-42f2-9255-28997f650a16","target":"08a621a3-2f0a-4ab2-b343-9c968f7c20eb","agreement":true,"isActive":true,"date":1702313161631,"kind":"Connector","isSelected":false,"intensity":3,"isDeletable":true,"isOver":false,"isBidirectional":false,"eventLog":[{"time":1702313161631,"type":"create connection"}]},{"id":"50c00126-c464-4553-ad4a-e92cddaf04ff","source":"11bfed91-b703-455b-819a-3d3556ce982c","target":"e1796ee7-5f1b-4bb6-995a-fc3683bfe3fe","agreement":false,"isActive":true,"date":1702313209371,"kind":"Connector","isSelected":false,"intensity":6,"isDeletable":true,"isOver":false,"isBidirectional":false,"eventLog":[{"time":1702313209371,"type":"create connection"},{"time":1702313211515,"type":"selected","value":1},{"time":1702313216062,"type":"change intensity of connector","value":-6},{"time":1702313216062,"type":"selected","value":0}]}],"currentID":["50c00126-c464-4553-ad4a-e92cddaf04ff"],"currentNode":{},"hasSelectedNode":[false],"currentConnector":{"id":["50c00126-c464-4553-ad4a-e92cddaf04ff"],"value":{},"source":["11bfed91-b703-455b-819a-3d3556ce982c"],"target":["e1796ee7-5f1b-4bb6-995a-fc3683bfe3fe"],"agreement":[false],"isActive":[true],"date":[1702313209371],"kind":["Connector"],"isSelected":[false],"intensity":[6],"isDeletable":[true],"isOver":[false],"isBidirectional":[false],"eventLog":[{"time":1702313209371,"type":"create connection"},{"time":1702313211515,"type":"selected","value":1},{"time":1702313216062,"type":"change intensity of connector","value":-6},{"time":1702313216062,"type":"selected","value":0}]},"hasSelectedConnector":[true],"readyToMove":[false],"isIncoming":[false],"hasElementMoved":[false]}
