{"idCAM":["e9f941af-2243-49e2-9f89-dd3daf9b7f03"],"creator":["6046b9bf731b0611fe4d0159_post"],"projectCAM":["S2_CAM part 2"],"defocusCAM":[],"date":[1702378974656],"nodes":[{"id":"edb1499e-be9b-4cb3-8802-485fdad94fc3","value":0,"text":"rescue robot","comment":"","position":{"x":650,"y":400},"isActive":true,"date":1702378975409,"kind":"Node","isSelected":false,"isConnectorSelected":false,"isDraggable":0,"isDeletable":0,"hasElementMoved":false,"eventLog":[{"time":1702378975409,"type":"create node","value":0}],"isTextChangeable":0},{"id":"4926aba1-b9ed-4841-a1f5-6a5933007403","value":0,"text":"disadvantages","comment":"","position":{"x":450,"y":400},"isActive":true,"date":1702378975409,"kind":"Node","isSelected":false,"isConnectorSelected":false,"isDraggable":0,"isDeletable":0,"hasElementMoved":false,"eventLog":[{"time":1702378975409,"type":"create node","value":0}],"isTextChangeable":0},{"id":"13ed3534-bdc4-41cd-a9e4-d003e84da1a1","value":0,"text":"advantages","comment":"","position":{"x":850,"y":400},"isActive":true,"date":1702378975409,"kind":"Node","isSelected":false,"isConnectorSelected":false,"isDraggable":0,"isDeletable":0,"hasElementMoved":false,"eventLog":[{"time":1702378975409,"type":"create node","value":0}],"isTextChangeable":0},{"id":"21c43bb8-12ec-41e0-83f1-88e427691da4","value":2,"text":"Can assistants support","comment":"","position":{"x":912.4,"y":459.6},"isActive":true,"date":1702378975409,"kind":"Node","isSelected":false,"isConnectorSelected":false,"isDraggable":1,"isDeletable":1,"hasElementMoved":false,"eventLog":[{"time":"1702378975409","type":"create node","value":[2]},{"time":"2023-12-12T11:03:05.093Z","type":"position","value":{"x":[940.4],"y":[459.6]}}],"isTextChangeable":1},{"id":"b0838007-b949-4ae7-bb09-6d1c91d99313","value":2,"text":"quick deployment","comment":"","position":{"x":958.4,"y":276.6},"isActive":true,"date":1702378975409,"kind":"Node","isSelected":false,"isConnectorSelected":false,"isDraggable":1,"isDeletable":1,"hasElementMoved":false,"eventLog":[{"time":1702378975409,"type":"create node","value":2}],"isTextChangeable":1},{"id":"d2ba05da-4a42-4fc9-ab1f-e45034d63e6c","value":3,"text":"less danger","comment":"","position":{"x":910.4,"y":558.6},"isActive":true,"date":1702378975409,"kind":"Node","isSelected":false,"isConnectorSelected":false,"isDraggable":1,"isDeletable":1,"hasElementMoved":false,"eventLog":[{"time":1702378975409,"type":"create node","value":3}],"isTextChangeable":1},{"id":"06705579-d66a-4e6e-8fc8-36a727c4de7c","value":3,"text":"precise","comment":"","position":{"x":1085.4,"y":352.6},"isActive":true,"date":1702378975409,"kind":"Node","isSelected":false,"isConnectorSelected":false,"isDraggable":1,"isDeletable":1,"hasElementMoved":false,"eventLog":[{"time":1702378975409,"type":"create node","value":3}],"isTextChangeable":1},{"id":"c8b1109a-e82a-40a0-bfda-b280255df0e3","value":1,"text":"usable in bulk","comment":"","position":{"x":1112.4,"y":484.6},"isActive":true,"date":1702378975410,"kind":"Node","isSelected":false,"isConnectorSelected":false,"isDraggable":1,"isDeletable":1,"hasElementMoved":false,"eventLog":[{"time":1702378975410,"type":"create node","value":1}],"isTextChangeable":1},{"id":"a4564502-6013-4825-a7e9-8ccf572a6a95","value":-1,"text":"expensive","comment":"","position":{"x":467.4,"y":254.6},"isActive":true,"date":1702378975410,"kind":"Node","isSelected":false,"isConnectorSelected":false,"isDraggable":1,"isDeletable":1,"hasElementMoved":false,"eventLog":[{"time":1702378975410,"type":"create node","value":-1}],"isTextChangeable":1},{"id":"2c67d4cd-1d29-46fe-831a-472a444fab57","value":-2,"text":"immature technology","comment":"","position":{"x":316.4,"y":337.6},"isActive":true,"date":1702378975410,"kind":"Node","isSelected":false,"isConnectorSelected":false,"isDraggable":1,"isDeletable":1,"hasElementMoved":false,"eventLog":[{"time":1702378975410,"type":"create node","value":-2}],"isTextChangeable":1},{"id":"77f481b1-e948-4d2d-b265-0156f5e9febf","value":-1,"text":"error-proneness","comment":"","position":{"x":364.4,"y":508.6},"isActive":true,"date":1702378975410,"kind":"Node","isSelected":false,"isConnectorSelected":false,"isDraggable":1,"isDeletable":1,"hasElementMoved":false,"eventLog":[{"time":1702378975410,"type":"create node","value":-1}],"isTextChangeable":1},{"id":"919831e5-fb37-4bdc-8828-fa458881c23b","value":-1,"text":"moral decision making","comment":"","position":{"x":211.4,"y":451.6},"isActive":true,"date":1702378975410,"kind":"Node","isSelected":false,"isConnectorSelected":false,"isDraggable":1,"isDeletable":1,"hasElementMoved":false,"eventLog":[{"time":1702378975410,"type":"create node","value":-1}],"isTextChangeable":1},{"id":"418dacf0-f570-416f-9be6-d0ebe56d5342","value":10,"text":"diverse applicability","comment":"","position":{"x":640.4,"y":522.6},"isActive":true,"date":1702378975410,"kind":"Node","isSelected":false,"isConnectorSelected":false,"isDraggable":1,"isDeletable":1,"hasElementMoved":false,"eventLog":[{"time":1702378975410,"type":"create node","value":10}],"isTextChangeable":1},{"id":"6f4cbcfd-dcc8-4908-9991-44a63ea3f738","value":2,"text":"manage more difficult conditions","comment":"","position":{"x":1028.4,"y":558.6},"isActive":true,"date":1702378986538,"kind":"Node","isSelected":false,"isConnectorSelected":false,"isDraggable":1,"isDeletable":1,"hasElementMoved":false,"eventLog":[{"time":"1702378986538","type":"create node","value":[0]},{"time":"1702378987487","type":"selected","value":[true]},{"time":"1702379011080","type":"text","value":["schwerere bedingungen meisterbar"]},{"time":"1702379011080","type":"value","value":[2]},{"time":"1702379011080","type":"selected","value":[false]},{"time":"2023-12-12T11:03:31.799Z","type":"position","value":{"x":[1028.4],"y":[561.6]}}],"isTextChangeable":1}],"connectors":[{"id":"b5f84fb8-736c-4caa-9cae-b085dff32e67","source":"edb1499e-be9b-4cb3-8802-485fdad94fc3","target":"4926aba1-b9ed-4841-a1f5-6a5933007403","agreement":true,"isActive":true,"date":1702378975410,"kind":"Connector","isSelected":false,"intensity":3,"isDeletable":false,"isOver":false,"isBidirectional":false,"eventLog":[{"time":1702378975410,"type":"create connection"}]},{"id":"132184ae-dd37-4efe-9b35-243c3f9fd0e8","source":"edb1499e-be9b-4cb3-8802-485fdad94fc3","target":"13ed3534-bdc4-41cd-a9e4-d003e84da1a1","agreement":true,"isActive":true,"date":1702378975411,"kind":"Connector","isSelected":false,"intensity":3,"isDeletable":true,"isOver":false,"isBidirectional":false,"eventLog":[{"time":1702378975411,"type":"create connection"}]},{"id":"030aa589-5cb8-4465-9e03-5d832d0da7e8","source":"d2ba05da-4a42-4fc9-ab1f-e45034d63e6c","target":"21c43bb8-12ec-41e0-83f1-88e427691da4","agreement":true,"isActive":true,"date":1702378975411,"kind":"Connector","isSelected":false,"intensity":3,"isDeletable":true,"isOver":false,"isBidirectional":false,"eventLog":[{"time":1702378975411,"type":"create connection"}]},{"id":"9f6ad2a1-cbdc-4f9f-9ad8-64c6967e7175","source":"21c43bb8-12ec-41e0-83f1-88e427691da4","target":"13ed3534-bdc4-41cd-a9e4-d003e84da1a1","agreement":true,"isActive":true,"date":1702378975411,"kind":"Connector","isSelected":false,"intensity":3,"isDeletable":true,"isOver":false,"isBidirectional":false,"eventLog":[{"time":1702378975411,"type":"create connection"}]},{"id":"22925775-18bd-4844-94a6-3bab42f9e2a5","source":"b0838007-b949-4ae7-bb09-6d1c91d99313","target":"13ed3534-bdc4-41cd-a9e4-d003e84da1a1","agreement":true,"isActive":true,"date":1702378975411,"kind":"Connector","isSelected":false,"intensity":3,"isDeletable":true,"isOver":false,"isBidirectional":false,"eventLog":[{"time":1702378975411,"type":"create connection"}]},{"id":"d363980a-62a4-4cf1-9ab5-609fe7d1f03d","source":"06705579-d66a-4e6e-8fc8-36a727c4de7c","target":"13ed3534-bdc4-41cd-a9e4-d003e84da1a1","agreement":true,"isActive":true,"date":1702378975412,"kind":"Connector","isSelected":false,"intensity":3,"isDeletable":true,"isOver":false,"isBidirectional":false,"eventLog":[{"time":1702378975412,"type":"create connection"}]},{"id":"2dcc4663-227f-4cd3-adce-993fb84408b6","source":"2c67d4cd-1d29-46fe-831a-472a444fab57","target":"4926aba1-b9ed-4841-a1f5-6a5933007403","agreement":true,"isActive":true,"date":1702378975412,"kind":"Connector","isSelected":false,"intensity":3,"isDeletable":true,"isOver":false,"isBidirectional":false,"eventLog":[{"time":1702378975412,"type":"create connection"}]},{"id":"1b45a4ed-5740-465d-a21d-0c3206c3678a","source":"a4564502-6013-4825-a7e9-8ccf572a6a95","target":"4926aba1-b9ed-4841-a1f5-6a5933007403","agreement":true,"isActive":true,"date":1702378975412,"kind":"Connector","isSelected":false,"intensity":3,"isDeletable":true,"isOver":false,"isBidirectional":false,"eventLog":[{"time":1702378975412,"type":"create connection"}]},{"id":"ffe05b96-bae9-43be-b7cf-f46265e91173","source":"4926aba1-b9ed-4841-a1f5-6a5933007403","target":"77f481b1-e948-4d2d-b265-0156f5e9febf","agreement":true,"isActive":true,"date":1702378975412,"kind":"Connector","isSelected":false,"intensity":3,"isDeletable":true,"isOver":false,"isBidirectional":false,"eventLog":[{"time":1702378975412,"type":"create connection"}]},{"id":"c3759605-f648-497b-a563-3dbbc16e0eca","source":"4926aba1-b9ed-4841-a1f5-6a5933007403","target":"919831e5-fb37-4bdc-8828-fa458881c23b","agreement":true,"isActive":true,"date":1702378975412,"kind":"Connector","isSelected":false,"intensity":3,"isDeletable":true,"isOver":false,"isBidirectional":false,"eventLog":[{"time":1702378975412,"type":"create connection"}]},{"id":"a9438914-135a-4984-b8bf-8067dd012520","source":"418dacf0-f570-416f-9be6-d0ebe56d5342","target":"4926aba1-b9ed-4841-a1f5-6a5933007403","agreement":true,"isActive":true,"date":1702378975412,"kind":"Connector","isSelected":false,"intensity":3,"isDeletable":true,"isOver":false,"isBidirectional":false,"eventLog":[{"time":1702378975412,"type":"create connection"}]},{"id":"edeb9b21-c9d8-465c-9554-95a50df5d2b4","source":"418dacf0-f570-416f-9be6-d0ebe56d5342","target":"13ed3534-bdc4-41cd-a9e4-d003e84da1a1","agreement":true,"isActive":true,"date":1702378975413,"kind":"Connector","isSelected":false,"intensity":3,"isDeletable":true,"isOver":false,"isBidirectional":false,"eventLog":[{"time":1702378975413,"type":"create connection"}]},{"id":"48d53ebb-9bc7-4672-b0c2-1784cb27f322","source":"c8b1109a-e82a-40a0-bfda-b280255df0e3","target":"13ed3534-bdc4-41cd-a9e4-d003e84da1a1","agreement":true,"isActive":true,"date":1702378975413,"kind":"Connector","isSelected":false,"intensity":3,"isDeletable":true,"isOver":false,"isBidirectional":false,"eventLog":[{"time":1702378975413,"type":"create connection"}]},{"id":"6bfa1bbf-e5e9-4273-8fbd-e6f72d070fcd","source":"21c43bb8-12ec-41e0-83f1-88e427691da4","target":"6f4cbcfd-dcc8-4908-9991-44a63ea3f738","agreement":true,"isActive":true,"date":1702379012696,"kind":"Connector","isSelected":false,"intensity":3,"isDeletable":true,"isOver":false,"isBidirectional":false,"eventLog":[{"time":1702379012696,"type":"create connection"}]}],"currentID":{},"currentNode":{},"hasSelectedNode":[false],"currentConnector":{},"hasSelectedConnector":[false],"readyToMove":[false],"isIncoming":[false],"hasElementMoved":[false]}
