{"idCAM":["9b634d84-435e-43bf-a18e-25fa7c0f889b"],"creator":["6046b9bf731b0611fe4d0159_pre"],"projectCAM":["S2_CAM part 1"],"defocusCAM":[2416],"date":[1702378509079],"nodes":[{"id":"9cd4c15a-5922-4cb7-b4a8-021d3cda7e9d","value":0,"text":"rescue robot","comment":"","position":{"x":650,"y":400},"isActive":true,"date":1702378509974,"kind":"Node","isSelected":false,"isConnectorSelected":false,"isDraggable":0,"isDeletable":0,"hasElementMoved":false,"eventLog":[{"time":1702378509974,"type":"create node","value":0}],"isTextChangeable":0},{"id":"8bb9c231-d80e-4f64-a01f-27a071b518c2","value":0,"text":"disadvantages","comment":"","position":{"x":450,"y":400},"isActive":true,"date":1702378509974,"kind":"Node","isSelected":false,"isConnectorSelected":false,"isDraggable":0,"isDeletable":0,"hasElementMoved":false,"eventLog":[{"time":"1702378509974","type":"create node","value":[0]},{"time":"2023-12-12T11:00:36.430Z","type":"position","value":{"x":[404.4],"y":[413.6]}}],"isTextChangeable":0},{"id":"9fdbf5b8-7523-4d57-a284-6fbb802158c5","value":0,"text":"advantages","comment":"","position":{"x":850,"y":400},"isActive":true,"date":1702378509974,"kind":"Node","isSelected":false,"isConnectorSelected":false,"isDraggable":0,"isDeletable":0,"hasElementMoved":false,"eventLog":[{"time":1702378509974,"type":"create node","value":0}],"isTextChangeable":0},{"id":"cd81a124-915a-49bf-a110-ee278820fa93","value":2,"text":"Can assistants support","comment":"","position":{"x":931.4,"y":457.6},"isActive":true,"date":1702378531655,"kind":"Node","isSelected":false,"isConnectorSelected":false,"isDraggable":1,"isDeletable":1,"hasElementMoved":false,"eventLog":[{"time":"1702378531655","type":"create node","value":[0]},{"time":"1702378534653","type":"selected","value":[true]},{"time":"1702378559190","type":"text","value":["Können Hilfskräfte Unterstützen"]},{"time":"1702378559190","type":"value","value":[2]},{"time":"1702378559190","type":"selected","value":[false]},{"time":"2023-12-12T10:57:48.828Z","type":"position","value":{"x":[920.4],"y":[497.6]}}],"isTextChangeable":1},{"id":"18fc2936-4176-4daa-9d3b-c389a3058720","value":0,"text":"weniger Retungskräfte in ","comment":"","position":{"x":981.4,"y":409.6},"isActive":false,"date":1702378532105,"kind":"Node","isSelected":false,"isConnectorSelected":false,"isDraggable":1,"isDeletable":1,"hasElementMoved":false,"eventLog":[{"time":1702378532105,"type":"create node","value":0},{"time":1702378566204,"type":"selected","value":1},{"time":1702378651322,"type":"node was deleted","value":-99}],"isTextChangeable":1},{"id":"cec45052-12f8-46bc-b8e2-c1aa8a307584","value":2,"text":"quick deployment","comment":"","position":{"x":958.4,"y":276.6},"isActive":true,"date":1702378562653,"kind":"Node","isSelected":false,"isConnectorSelected":false,"isDraggable":1,"isDeletable":1,"hasElementMoved":false,"eventLog":[{"time":"1702378562653","type":"create node","value":[0]},{"time":"2023-12-12T10:56:04.002Z","type":"position","value":{"x":[900.4],"y":[435.6]}},{"time":"2023-12-12T10:56:04.467Z","type":"position","value":{"x":[1010.4],"y":[279.6]}},{"time":"2023-12-12T10:57:54.321Z","type":"position","value":{"x":[958.4],"y":[265.6]}},{"time":"1702378678787","type":"selected","value":[true]},{"time":"1702378695670","type":"text","value":["schneller Einsatz"]},{"time":"1702378695670","type":"selected","value":[false]},{"time":"1702378699031","type":"selected","value":[true]},{"time":"1702378701529","type":"value","value":[2]},{"time":"1702378701529","type":"selected","value":[false]}],"isTextChangeable":1},{"id":"263728a6-8f3c-4667-9d31-e5b50639094c","value":3,"text":"less danger","comment":"","position":{"x":910.4,"y":558.6},"isActive":true,"date":1702378652394,"kind":"Node","isSelected":false,"isConnectorSelected":false,"isDraggable":1,"isDeletable":1,"hasElementMoved":false,"eventLog":[{"time":1702378652394,"type":"create node","value":"0"},{"time":1702378659218,"type":"selected","value":"TRUE"},{"time":1702378665428,"type":"text","value":"weniger gefahr"},{"time":1702378665428,"type":"value","value":"3"},{"time":1702378665428,"type":"selected","value":"FALSE"},{"time":1702378666190,"type":"selected","value":"TRUE"},{"time":1702378666795,"type":"selected","value":"FALSE"},{"time":1702378666860,"type":"selected","value":"TRUE"},{"time":1702378667698,"type":"selected","value":"FALSE"}],"isTextChangeable":1},{"id":"c4117a5d-721d-444d-a205-b490b1a76555","value":3,"text":"precise","comment":"","position":{"x":1085.4,"y":352.6},"isActive":true,"date":1702378702699,"kind":"Node","isSelected":false,"isConnectorSelected":false,"isDraggable":1,"isDeletable":1,"hasElementMoved":false,"eventLog":[{"time":1702378702699,"type":"create node","value":"0"},{"time":1702378702810,"type":"selected","value":"TRUE"},{"time":1702378711563,"type":"text","value":"präzise"},{"time":1702378711563,"type":"value","value":"3"},{"time":1702378711563,"type":"selected","value":"FALSE"}],"isTextChangeable":1},{"id":"d89217ae-eea2-4899-8138-923287ae2b98","value":1,"text":"usable in bulk","comment":"","position":{"x":1112.4,"y":484.6},"isActive":true,"date":1702378714273,"kind":"Node","isSelected":false,"isConnectorSelected":false,"isDraggable":1,"isDeletable":1,"hasElementMoved":false,"eventLog":[{"time":1702378714273,"type":"create node","value":"0"},{"time":1702378714534,"type":"selected","value":"TRUE"},{"time":1702378728483,"type":"text","value":"Massenweise einsetzbar"},{"time":1702378728483,"type":"selected","value":"FALSE"},{"time":1702378730345,"type":"selected","value":"TRUE"},{"time":1702378730760,"type":"selected","value":"FALSE"},{"time":1702378731712,"type":"selected","value":"TRUE"},{"time":1702378733738,"type":"value","value":"1"},{"time":1702378733738,"type":"selected","value":"FALSE"}],"isTextChangeable":1},{"id":"a89d1bf8-b3c9-4339-b6af-f13e21c91f99","value":-1,"text":"expensive","comment":"","position":{"x":467.4,"y":254.6},"isActive":true,"date":1702378736075,"kind":"Node","isSelected":false,"isConnectorSelected":false,"isDraggable":1,"isDeletable":1,"hasElementMoved":false,"eventLog":[{"time":1702378736075,"type":"create node","value":"0"},{"time":1702378736917,"type":"selected","value":"TRUE"},{"time":1702378741357,"type":"text","value":"teuer"},{"time":1702378741357,"type":"selected","value":"FALSE"},{"time":1702378742312,"type":"selected","value":"TRUE"},{"time":1702378744175,"type":"value","value":"-1"},{"time":1702378744175,"type":"selected","value":"FALSE"}],"isTextChangeable":1},{"id":"60a609d6-f813-4629-b665-206bb31d392e","value":-2,"text":"immature technology","comment":"","position":{"x":316.4,"y":337.6},"isActive":true,"date":1702378744721,"kind":"Node","isSelected":false,"isConnectorSelected":false,"isDraggable":1,"isDeletable":1,"hasElementMoved":false,"eventLog":[{"time":"1702378744721","type":"create node","value":[0]},{"time":"1702378744818","type":"selected","value":[true]},{"time":"1702378752378","type":"text","value":["unausgereifte technik"]},{"time":"1702378752378","type":"selected","value":[false]},{"time":"2023-12-12T10:59:12.991Z","type":"position","value":{"x":[312.4],"y":[337.6]}},{"time":"1702378753968","type":"selected","value":[true]},{"time":"1702378755988","type":"value","value":[-2]},{"time":"1702378755988","type":"selected","value":[false]}],"isTextChangeable":1},{"id":"b3234143-e031-4f64-a1af-b09cfdf1e1f5","value":-1,"text":"error-proneness","comment":"","position":{"x":364.4,"y":508.6},"isActive":true,"date":1702378759929,"kind":"Node","isSelected":false,"isConnectorSelected":false,"isDraggable":1,"isDeletable":1,"hasElementMoved":false,"eventLog":[{"time":"1702378759929","type":"create node","value":[0]},{"time":"1702378760014","type":"selected","value":[true]},{"time":"1702378775126","type":"text","value":["fehleranfälligkeit"]},{"time":"1702378775126","type":"value","value":[-1]},{"time":"1702378775126","type":"selected","value":[false]},{"time":"2023-12-12T10:59:35.693Z","type":"position","value":{"x":[364.4],"y":[510.6]}}],"isTextChangeable":1},{"id":"0fe8c735-21ba-4be7-9161-2f545c601783","value":-1,"text":"moral decision making","comment":"","position":{"x":211.4,"y":451.6},"isActive":true,"date":1702378777813,"kind":"Node","isSelected":false,"isConnectorSelected":false,"isDraggable":1,"isDeletable":1,"hasElementMoved":false,"eventLog":[{"time":1702378777813,"type":"create node","value":"0"},{"time":1702378777902,"type":"selected","value":"TRUE"},{"time":1702378803731,"type":"text","value":"Moralische Entscheidungsfindung"},{"time":1702378803731,"type":"value","value":"-1"},{"time":1702378803731,"type":"selected","value":"FALSE"}],"isTextChangeable":1},{"id":"08ba6c20-a5ed-4fda-a01c-188cf7c245df","value":10,"text":"diverse applicability","comment":"","position":{"x":640.4,"y":522.6},"isActive":true,"date":1702378809496,"kind":"Node","isSelected":false,"isConnectorSelected":false,"isDraggable":1,"isDeletable":1,"hasElementMoved":false,"eventLog":[{"time":1702378809496,"type":"create node","value":"0"},{"time":1702378819022,"type":"selected","value":"TRUE"},{"time":1702378832492,"type":"text","value":"vielfältige Einsetzbarkeit"},{"time":1702378832492,"type":"value","value":"10"},{"time":1702378832492,"type":"selected","value":"FALSE"}],"isTextChangeable":1},{"id":"fa02045c-8ea7-4ba5-a8d3-06ad877cb32e","value":0,"text":"","comment":"","position":{"x":821.4,"y":566.6},"isActive":false,"date":1702378842942,"kind":"Node","isSelected":false,"isConnectorSelected":false,"isDraggable":1,"isDeletable":1,"hasElementMoved":false,"eventLog":[{"time":1702378842942,"type":"create node","value":0},{"time":1702378861109,"type":"selected","value":1},{"time":1702378862673,"type":"node was deleted","value":-99}],"isTextChangeable":1}],"connectors":[{"id":"635fe7b9-972e-43e1-918f-c44d3d94a2f5","source":"9cd4c15a-5922-4cb7-b4a8-021d3cda7e9d","target":"8bb9c231-d80e-4f64-a01f-27a071b518c2","agreement":true,"isActive":true,"date":1702378509974,"kind":"Connector","isSelected":false,"intensity":3,"isDeletable":false,"isOver":false,"isBidirectional":false,"eventLog":[{"time":1702378509974,"type":"create connection"}]},{"id":"33f61489-0437-49e8-9ca6-8a39ca2a619a","source":"9cd4c15a-5922-4cb7-b4a8-021d3cda7e9d","target":"9fdbf5b8-7523-4d57-a284-6fbb802158c5","agreement":true,"isActive":true,"date":1702378509975,"kind":"Connector","isSelected":false,"intensity":3,"isDeletable":true,"isOver":false,"isBidirectional":false,"eventLog":[{"time":1702378509975,"type":"create connection"}]},{"id":"22149753-a092-4082-9b8e-290c54d71a72","source":"18fc2936-4176-4daa-9d3b-c389a3058720","target":"9fdbf5b8-7523-4d57-a284-6fbb802158c5","agreement":true,"isActive":false,"date":1702378561379,"kind":"Connector","isSelected":false,"intensity":3,"isDeletable":true,"isOver":false,"isBidirectional":false,"eventLog":[{"time":1702378561379,"type":"create connection"},{"time":1702378651322,"type":"active","value":false}]},{"id":"63567b14-0963-4692-86f2-22c711836cd2","source":"263728a6-8f3c-4667-9d31-e5b50639094c","target":"cd81a124-915a-49bf-a110-ee278820fa93","agreement":true,"isActive":true,"date":1702378670574,"kind":"Connector","isSelected":false,"intensity":3,"isDeletable":true,"isOver":false,"isBidirectional":false,"eventLog":[{"time":1702378670574,"type":"create connection"}]},{"id":"a5233297-528f-44be-8b45-2d665ea6c763","source":"cd81a124-915a-49bf-a110-ee278820fa93","target":"9fdbf5b8-7523-4d57-a284-6fbb802158c5","agreement":true,"isActive":true,"date":1702378672687,"kind":"Connector","isSelected":false,"intensity":3,"isDeletable":true,"isOver":false,"isBidirectional":false,"eventLog":[{"time":1702378672687,"type":"create connection"}]},{"id":"2ff3efd1-1b16-4509-b49e-f7325e2bf1a2","source":"cec45052-12f8-46bc-b8e2-c1aa8a307584","target":"9fdbf5b8-7523-4d57-a284-6fbb802158c5","agreement":true,"isActive":true,"date":1702378696791,"kind":"Connector","isSelected":false,"intensity":3,"isDeletable":true,"isOver":false,"isBidirectional":false,"eventLog":[{"time":1702378696791,"type":"create connection"}]},{"id":"a109156c-6c1b-4413-81cc-5df0af7cb418","source":"c4117a5d-721d-444d-a205-b490b1a76555","target":"9fdbf5b8-7523-4d57-a284-6fbb802158c5","agreement":true,"isActive":true,"date":1702378712432,"kind":"Connector","isSelected":false,"intensity":3,"isDeletable":true,"isOver":false,"isBidirectional":false,"eventLog":[{"time":1702378712432,"type":"create connection"}]},{"id":"2bb5b603-5f39-49f6-9694-0d1a9cfbc3e6","source":"60a609d6-f813-4629-b665-206bb31d392e","target":"8bb9c231-d80e-4f64-a01f-27a071b518c2","agreement":true,"isActive":true,"date":1702378757079,"kind":"Connector","isSelected":false,"intensity":3,"isDeletable":true,"isOver":false,"isBidirectional":false,"eventLog":[{"time":1702378757079,"type":"create connection"}]},{"id":"ef48af85-d189-4f70-94a1-b93af1b28a8e","source":"a89d1bf8-b3c9-4339-b6af-f13e21c91f99","target":"8bb9c231-d80e-4f64-a01f-27a071b518c2","agreement":true,"isActive":true,"date":1702378758717,"kind":"Connector","isSelected":false,"intensity":3,"isDeletable":true,"isOver":false,"isBidirectional":false,"eventLog":[{"time":1702378758717,"type":"create connection"}]},{"id":"aa4e883f-a38e-4319-b6e1-7cecfa985549","source":"8bb9c231-d80e-4f64-a01f-27a071b518c2","target":"b3234143-e031-4f64-a1af-b09cfdf1e1f5","agreement":true,"isActive":true,"date":1702378776535,"kind":"Connector","isSelected":false,"intensity":3,"isDeletable":true,"isOver":false,"isBidirectional":false,"eventLog":[{"time":1702378776535,"type":"create connection"}]},{"id":"4d39f335-5676-4b48-8090-aadaccf6fd59","source":"8bb9c231-d80e-4f64-a01f-27a071b518c2","target":"0fe8c735-21ba-4be7-9161-2f545c601783","agreement":true,"isActive":true,"date":1702378837717,"kind":"Connector","isSelected":false,"intensity":3,"isDeletable":true,"isOver":false,"isBidirectional":false,"eventLog":[{"time":1702378837717,"type":"create connection"}]},{"id":"b17ad6e4-2d63-4375-8c5b-add969d0bb9c","source":"08ba6c20-a5ed-4fda-a01c-188cf7c245df","target":"8bb9c231-d80e-4f64-a01f-27a071b518c2","agreement":true,"isActive":true,"date":1702378840494,"kind":"Connector","isSelected":false,"intensity":3,"isDeletable":true,"isOver":false,"isBidirectional":false,"eventLog":[{"time":1702378840494,"type":"create connection"}]},{"id":"a963e50d-f207-42c9-ad14-be955fc3333b","source":"08ba6c20-a5ed-4fda-a01c-188cf7c245df","target":"9fdbf5b8-7523-4d57-a284-6fbb802158c5","agreement":true,"isActive":true,"date":1702378841974,"kind":"Connector","isSelected":false,"intensity":3,"isDeletable":true,"isOver":false,"isBidirectional":false,"eventLog":[{"time":1702378841974,"type":"create connection"}]},{"id":"ce9d90dc-0145-4a8b-a86d-ccde63599c45","source":"d89217ae-eea2-4899-8138-923287ae2b98","target":"9fdbf5b8-7523-4d57-a284-6fbb802158c5","agreement":true,"isActive":true,"date":1702378872586,"kind":"Connector","isSelected":false,"intensity":3,"isDeletable":true,"isOver":false,"isBidirectional":false,"eventLog":[{"time":1702378872586,"type":"create connection"}]}],"currentID":{},"currentNode":{},"hasSelectedNode":[false],"currentConnector":{},"hasSelectedConnector":[false],"readyToMove":[false],"isIncoming":[false],"hasElementMoved":[false]}
