{"idCAM":["875815c8-5264-413b-af44-ec5cc33e0b58"],"creator":["604b169fe4b7991ec08da3a6_post"],"projectCAM":["S2_CAM part 2"],"defocusCAM":[null],"date":[1702314243667],"nodes":[{"id":"9452d981-e542-4cf9-bf16-33c59b040a30","value":0,"text":"rescue robot","comment":"","position":{"x":650,"y":400},"isActive":true,"date":1702314244554,"kind":"Node","isSelected":false,"isConnectorSelected":false,"isDraggable":0,"isDeletable":0,"hasElementMoved":false,"eventLog":[{"time":1702314244554,"type":"create node","value":0}],"isTextChangeable":0},{"id":"a9d3e083-9fa3-4cff-9f03-e6f1a66d137a","value":0,"text":"disadvantages","comment":"","position":{"x":450,"y":400},"isActive":true,"date":1702314244554,"kind":"Node","isSelected":false,"isConnectorSelected":false,"isDraggable":0,"isDeletable":0,"hasElementMoved":false,"eventLog":[{"time":1702314244554,"type":"create node","value":0}],"isTextChangeable":0},{"id":"b1f86478-af65-419a-a624-f3ab3477fcf5","value":0,"text":"advantages","comment":"","position":{"x":850,"y":400},"isActive":true,"date":1702314244554,"kind":"Node","isSelected":false,"isConnectorSelected":false,"isDraggable":0,"isDeletable":0,"hasElementMoved":false,"eventLog":[{"time":1702314244554,"type":"create node","value":0}],"isTextChangeable":0},{"id":"8b5afbe4-522f-48ee-a8f8-3f75c13cd5e7","value":10,"text":"different possible uses","comment":"","position":{"x":645,"y":212},"isActive":true,"date":1702314244554,"kind":"Node","isSelected":false,"isConnectorSelected":false,"isDraggable":1,"isDeletable":1,"hasElementMoved":false,"eventLog":[{"time":1702314244554,"type":"create node","value":10}],"isTextChangeable":1},{"id":"3b53eca1-0e88-4f9c-a946-67b565efd86c","value":3,"text":"save many people","comment":"","position":{"x":995,"y":503},"isActive":true,"date":1702314244554,"kind":"Node","isSelected":false,"isConnectorSelected":false,"isDraggable":1,"isDeletable":1,"hasElementMoved":false,"eventLog":[{"time":1702314244554,"type":"create node","value":3}],"isTextChangeable":1},{"id":"bf02e7e0-ed39-4fd0-b1db-b4b73be60123","value":3,"text":"quick help","comment":"","position":{"x":996,"y":354},"isActive":true,"date":1702314244554,"kind":"Node","isSelected":false,"isConnectorSelected":false,"isDraggable":1,"isDeletable":1,"hasElementMoved":false,"eventLog":[{"time":1702314244554,"type":"create node","value":3}],"isTextChangeable":1},{"id":"5d9e4e43-4fe5-4b94-bfc7-2229a04bbc93","value":-3,"text":"prejudice decide","comment":"","position":{"x":332,"y":279},"isActive":true,"date":1702314244554,"kind":"Node","isSelected":false,"isConnectorSelected":false,"isDraggable":1,"isDeletable":1,"hasElementMoved":false,"eventLog":[{"time":1702314244554,"type":"create node","value":-3}],"isTextChangeable":1},{"id":"fdaab953-ba13-4c8a-8a21-fdde57677b03","value":-2,"text":"can be hacked","comment":"","position":{"x":284,"y":389},"isActive":true,"date":1702314244554,"kind":"Node","isSelected":false,"isConnectorSelected":false,"isDraggable":1,"isDeletable":1,"hasElementMoved":false,"eventLog":[{"time":1702314244554,"type":"create node","value":-2}],"isTextChangeable":1},{"id":"27dfbb8e-fc06-4f9c-8339-3d20e6cb2cb4","value":-1,"text":"can hurt people","comment":"","position":{"x":257,"y":505},"isActive":true,"date":1702314244554,"kind":"Node","isSelected":false,"isConnectorSelected":false,"isDraggable":1,"isDeletable":1,"hasElementMoved":false,"eventLog":[{"time":1702314244554,"type":"create node","value":-1}],"isTextChangeable":1},{"id":"a713ae7f-37cc-4ff6-af4c-b3119dfc7d2f","value":-3,"text":"throw bombs","comment":"","position":{"x":573,"y":103},"isActive":true,"date":1702314244554,"kind":"Node","isSelected":false,"isConnectorSelected":false,"isDraggable":1,"isDeletable":1,"hasElementMoved":false,"eventLog":[{"time":1702314244554,"type":"create node","value":-3}],"isTextChangeable":1},{"id":"13721fe0-26b5-471a-8cc5-1176eb885ece","value":-1,"text":"need maintenance","comment":"","position":{"x":406,"y":572},"isActive":true,"date":1702314244554,"kind":"Node","isSelected":false,"isConnectorSelected":false,"isDraggable":1,"isDeletable":1,"hasElementMoved":false,"eventLog":[{"time":1702314244554,"type":"create node","value":-1}],"isTextChangeable":1},{"id":"e164e9e9-1146-4b5f-a691-fb949446ac1c","value":-1,"text":"malfunctions","comment":"","position":{"x":554,"y":529},"isActive":true,"date":1702314244555,"kind":"Node","isSelected":false,"isConnectorSelected":false,"isDraggable":1,"isDeletable":1,"hasElementMoved":false,"eventLog":[{"time":1702314244555,"type":"create node","value":-1}],"isTextChangeable":1},{"id":"4f86af58-95bb-4d87-bd5b-c4e66d61047d","value":3,"text":"life-threatening places","comment":"","position":{"x":782,"y":118},"isActive":true,"date":1702314247537,"kind":"Node","isSelected":false,"isConnectorSelected":false,"isDraggable":1,"isDeletable":1,"hasElementMoved":false,"eventLog":[{"time":"1702314247537","type":"create node","value":[0]},{"time":"1702314247622","type":"selected","value":[true]},{"time":"1702314259749","type":"text","value":["Lebensgefährliche orte"]},{"time":"1702314259749","type":"value","value":[3]},{"time":"1702314259749","type":"selected","value":[false]},{"time":"2023-12-11T17:04:25.610Z","type":"position","value":{"x":[719],"y":[119]}}],"isTextChangeable":1},{"id":"0bc18ab8-bf45-412a-a58c-9d51e8060fba","value":-1,"text":"can be damaged","comment":"","position":{"x":340,"y":141},"isActive":true,"date":1702314304288,"kind":"Node","isSelected":false,"isConnectorSelected":false,"isDraggable":1,"isDeletable":1,"hasElementMoved":false,"eventLog":[{"time":"1702314304288","type":"create node","value":[0]},{"time":"1702314305463","type":"selected","value":[true]},{"time":"1702314317730","type":"text","value":["Kann beschädigt werden"]},{"time":"1702314317730","type":"value","value":[-1]},{"time":"1702314317730","type":"selected","value":[false]},{"time":"2023-12-11T17:05:20.756Z","type":"position","value":{"x":[451],"y":[265]}}],"isTextChangeable":1},{"id":"18348f77-3e2e-430f-a673-7b1bf677ed61","value":-3,"text":"make a wrong decision","comment":"","position":{"x":484,"y":244},"isActive":true,"date":1702314322410,"kind":"Node","isSelected":false,"isConnectorSelected":false,"isDraggable":1,"isDeletable":1,"hasElementMoved":false,"eventLog":[{"time":1702314322410,"type":"create node","value":"0"},{"time":1702314324719,"type":"selected","value":"TRUE"},{"time":1702314340447,"type":"text","value":"falsche entscheidung treffen"},{"time":1702314340447,"type":"value","value":"-3"},{"time":1702314340447,"type":"selected","value":"FALSE"}],"isTextChangeable":1},{"id":"b02a17a1-274f-430d-b1ab-b3fee68069c6","value":3,"text":"essential help","comment":"","position":{"x":1009,"y":192},"isActive":true,"date":1702314459159,"kind":"Node","isSelected":false,"isConnectorSelected":false,"isDraggable":1,"isDeletable":1,"hasElementMoved":false,"eventLog":[{"time":"1702314459159","type":"create node","value":[0]},{"time":"1702314459313","type":"selected","value":[true]},{"time":"1702314471109","type":"text","value":["lebensnötige hilfe"]},{"time":"1702314471109","type":"value","value":[3]},{"time":"1702314471109","type":"selected","value":[false]},{"time":"2023-12-11T17:07:56.629Z","type":"position","value":{"x":[1070],"y":[295]}},{"time":"2023-12-11T17:07:57.564Z","type":"position","value":{"x":[1008],"y":[241]}}],"isTextChangeable":1},{"id":"d1cc0983-5438-4e3b-85b3-befc854466a8","value":3,"text":"many robots simultaneously","comment":"","position":{"x":772,"y":593},"isActive":true,"date":1702314494637,"kind":"Node","isSelected":false,"isConnectorSelected":false,"isDraggable":1,"isDeletable":1,"hasElementMoved":false,"eventLog":[{"time":"1702314494637","type":"create node","value":[0]},{"time":"1702314495770","type":"selected","value":[true]},{"time":"1702314518387","type":"text","value":["Viele roboter gleichzeitig"]},{"time":"1702314518387","type":"value","value":[3]},{"time":"1702314518387","type":"selected","value":[false]},{"time":"2023-12-11T17:08:43.052Z","type":"position","value":{"x":[877],"y":[515]}}],"isTextChangeable":1},{"id":"437aff45-73cc-4c27-82f2-f4cd03dce028","value":0,"text":"","comment":"","position":{"x":1206,"y":22},"isActive":false,"date":1702314534535,"kind":"Node","isSelected":false,"isConnectorSelected":false,"isDraggable":1,"isDeletable":1,"hasElementMoved":false,"eventLog":[{"time":1702314534535,"type":"create node","value":0},{"time":1702314540542,"type":"selected","value":1},{"time":1702314541560,"type":"node was deleted","value":-99}],"isTextChangeable":1}],"connectors":[{"id":"e6c77f8a-8388-423e-a916-b835b4eb4887","source":"9452d981-e542-4cf9-bf16-33c59b040a30","target":"a9d3e083-9fa3-4cff-9f03-e6f1a66d137a","agreement":true,"isActive":true,"date":1702314244556,"kind":"Connector","isSelected":false,"intensity":3,"isDeletable":false,"isOver":false,"isBidirectional":false,"eventLog":[{"time":1702314244556,"type":"create connection"}]},{"id":"fdd0adef-92ca-4eb9-b0ad-5af516694490","source":"9452d981-e542-4cf9-bf16-33c59b040a30","target":"b1f86478-af65-419a-a624-f3ab3477fcf5","agreement":true,"isActive":true,"date":1702314244556,"kind":"Connector","isSelected":false,"intensity":3,"isDeletable":true,"isOver":false,"isBidirectional":false,"eventLog":[{"time":1702314244556,"type":"create connection"}]},{"id":"e4a0b2e7-bfdd-436e-a492-0c06912fc9c0","source":"8b5afbe4-522f-48ee-a8f8-3f75c13cd5e7","target":"b1f86478-af65-419a-a624-f3ab3477fcf5","agreement":true,"isActive":true,"date":1702314244556,"kind":"Connector","isSelected":false,"intensity":3,"isDeletable":true,"isOver":false,"isBidirectional":false,"eventLog":[{"time":1702314244556,"type":"create connection"}]},{"id":"441a1010-74e9-4a86-92b4-aea37bed404d","source":"a9d3e083-9fa3-4cff-9f03-e6f1a66d137a","target":"8b5afbe4-522f-48ee-a8f8-3f75c13cd5e7","agreement":true,"isActive":true,"date":1702314244556,"kind":"Connector","isSelected":false,"intensity":3,"isDeletable":true,"isOver":false,"isBidirectional":false,"eventLog":[{"time":1702314244556,"type":"create connection"}]},{"id":"7a6255d6-de86-4060-a975-36accae6dbf0","source":"b1f86478-af65-419a-a624-f3ab3477fcf5","target":"3b53eca1-0e88-4f9c-a946-67b565efd86c","agreement":true,"isActive":true,"date":1702314244559,"kind":"Connector","isSelected":false,"intensity":3,"isDeletable":true,"isOver":false,"isBidirectional":false,"eventLog":[{"time":1702314244559,"type":"create connection"}]},{"id":"3b1ff440-53b6-454a-a7f9-6af4c74d8e61","source":"a9d3e083-9fa3-4cff-9f03-e6f1a66d137a","target":"5d9e4e43-4fe5-4b94-bfc7-2229a04bbc93","agreement":true,"isActive":true,"date":1702314244559,"kind":"Connector","isSelected":false,"intensity":3,"isDeletable":true,"isOver":false,"isBidirectional":false,"eventLog":[{"time":1702314244559,"type":"create connection"}]},{"id":"ad297633-c8df-429c-bbf6-a43f7b48662f","source":"a9d3e083-9fa3-4cff-9f03-e6f1a66d137a","target":"fdaab953-ba13-4c8a-8a21-fdde57677b03","agreement":true,"isActive":true,"date":1702314244559,"kind":"Connector","isSelected":false,"intensity":3,"isDeletable":true,"isOver":false,"isBidirectional":false,"eventLog":[{"time":1702314244559,"type":"create connection"}]},{"id":"c8924328-ff74-4f08-89c4-122bb9321bbf","source":"a9d3e083-9fa3-4cff-9f03-e6f1a66d137a","target":"27dfbb8e-fc06-4f9c-8339-3d20e6cb2cb4","agreement":true,"isActive":true,"date":1702314244559,"kind":"Connector","isSelected":false,"intensity":3,"isDeletable":true,"isOver":false,"isBidirectional":false,"eventLog":[{"time":1702314244559,"type":"create connection"}]},{"id":"1d4e2d32-d58a-4804-bb88-0e7f8ebe509f","source":"fdaab953-ba13-4c8a-8a21-fdde57677b03","target":"27dfbb8e-fc06-4f9c-8339-3d20e6cb2cb4","agreement":true,"isActive":true,"date":1702314244559,"kind":"Connector","isSelected":false,"intensity":9,"isDeletable":true,"isOver":false,"isBidirectional":false,"eventLog":[{"time":1702314244559,"type":"create connection"}]},{"id":"e1200759-841f-4c86-8818-909504399e8f","source":"b1f86478-af65-419a-a624-f3ab3477fcf5","target":"bf02e7e0-ed39-4fd0-b1db-b4b73be60123","agreement":true,"isActive":true,"date":1702314244559,"kind":"Connector","isSelected":false,"intensity":3,"isDeletable":true,"isOver":false,"isBidirectional":false,"eventLog":[{"time":1702314244559,"type":"create connection"}]},{"id":"c7957fec-3b43-48e7-9ec8-2ddbbb497ab4","source":"8b5afbe4-522f-48ee-a8f8-3f75c13cd5e7","target":"bf02e7e0-ed39-4fd0-b1db-b4b73be60123","agreement":true,"isActive":true,"date":1702314244559,"kind":"Connector","isSelected":false,"intensity":3,"isDeletable":true,"isOver":false,"isBidirectional":false,"eventLog":[{"time":1702314244559,"type":"create connection"}]},{"id":"d1ced1ab-ab09-470c-bc0f-c9496fc07b00","source":"8b5afbe4-522f-48ee-a8f8-3f75c13cd5e7","target":"a713ae7f-37cc-4ff6-af4c-b3119dfc7d2f","agreement":true,"isActive":true,"date":1702314244559,"kind":"Connector","isSelected":false,"intensity":3,"isDeletable":true,"isOver":false,"isBidirectional":false,"eventLog":[{"time":1702314244559,"type":"create connection"}]},{"id":"a938f518-6e0c-49ac-a7a2-1553f5780eb5","source":"a9d3e083-9fa3-4cff-9f03-e6f1a66d137a","target":"13721fe0-26b5-471a-8cc5-1176eb885ece","agreement":true,"isActive":true,"date":1702314244559,"kind":"Connector","isSelected":false,"intensity":3,"isDeletable":true,"isOver":false,"isBidirectional":false,"eventLog":[{"time":1702314244559,"type":"create connection"}]},{"id":"8a2b1672-3810-4843-b4f5-62f9112fb85b","source":"13721fe0-26b5-471a-8cc5-1176eb885ece","target":"27dfbb8e-fc06-4f9c-8339-3d20e6cb2cb4","agreement":true,"isActive":true,"date":1702314244560,"kind":"Connector","isSelected":false,"intensity":3,"isDeletable":true,"isOver":false,"isBidirectional":false,"eventLog":[{"time":1702314244560,"type":"create connection"}]},{"id":"9cac09f7-aed7-44f7-9f17-81c0292d235f","source":"a9d3e083-9fa3-4cff-9f03-e6f1a66d137a","target":"e164e9e9-1146-4b5f-a691-fb949446ac1c","agreement":true,"isActive":true,"date":1702314244560,"kind":"Connector","isSelected":false,"intensity":3,"isDeletable":true,"isOver":false,"isBidirectional":false,"eventLog":[{"time":1702314244560,"type":"create connection"}]},{"id":"27628f3a-759e-48b0-b9e8-661982d97236","source":"e164e9e9-1146-4b5f-a691-fb949446ac1c","target":"27dfbb8e-fc06-4f9c-8339-3d20e6cb2cb4","agreement":true,"isActive":true,"date":1702314244560,"kind":"Connector","isSelected":false,"intensity":3,"isDeletable":true,"isOver":false,"isBidirectional":false,"eventLog":[{"time":1702314244560,"type":"create connection"}]},{"id":"2da5e861-d37e-4dad-9d2a-6b15f6d1b9d8","source":"e164e9e9-1146-4b5f-a691-fb949446ac1c","target":"13721fe0-26b5-471a-8cc5-1176eb885ece","agreement":true,"isActive":true,"date":1702314244560,"kind":"Connector","isSelected":false,"intensity":3,"isDeletable":true,"isOver":false,"isBidirectional":false,"eventLog":[{"time":1702314244560,"type":"create connection"}]},{"id":"33e600ec-a6d9-47dc-8ffd-e352bc4f3556","source":"8b5afbe4-522f-48ee-a8f8-3f75c13cd5e7","target":"4f86af58-95bb-4d87-bd5b-c4e66d61047d","agreement":true,"isActive":true,"date":1702314260872,"kind":"Connector","isSelected":false,"intensity":3,"isDeletable":true,"isOver":false,"isBidirectional":false,"eventLog":[{"time":1702314260872,"type":"create connection"}]},{"id":"782c7d38-1f68-4a3e-8489-215e93adba52","source":"b1f86478-af65-419a-a624-f3ab3477fcf5","target":"4f86af58-95bb-4d87-bd5b-c4e66d61047d","agreement":true,"isActive":true,"date":1702314263637,"kind":"Connector","isSelected":false,"intensity":3,"isDeletable":true,"isOver":false,"isBidirectional":false,"eventLog":[{"time":1702314263637,"type":"create connection"}]},{"id":"d22f55db-149d-4f15-b216-b5877800adf2","source":"0bc18ab8-bf45-412a-a58c-9d51e8060fba","target":"a9d3e083-9fa3-4cff-9f03-e6f1a66d137a","agreement":true,"isActive":true,"date":1702314319706,"kind":"Connector","isSelected":false,"intensity":3,"isDeletable":true,"isOver":false,"isBidirectional":false,"eventLog":[{"time":1702314319706,"type":"create connection"}]},{"id":"0013582a-1522-4949-8e6e-3e26051b9018","source":"a9d3e083-9fa3-4cff-9f03-e6f1a66d137a","target":"18348f77-3e2e-430f-a673-7b1bf677ed61","agreement":true,"isActive":true,"date":1702314342919,"kind":"Connector","isSelected":false,"intensity":3,"isDeletable":true,"isOver":false,"isBidirectional":false,"eventLog":[{"time":1702314342919,"type":"create connection"}]},{"id":"f201eb54-0877-4476-a46e-5c6ad25993ec","source":"bf02e7e0-ed39-4fd0-b1db-b4b73be60123","target":"b02a17a1-274f-430d-b1ab-b3fee68069c6","agreement":true,"isActive":true,"date":1702314472520,"kind":"Connector","isSelected":false,"intensity":3,"isDeletable":true,"isOver":false,"isBidirectional":false,"eventLog":[{"time":1702314472520,"type":"create connection"}]},{"id":"8decd288-fa13-4cde-b253-9d6f4f04c424","source":"b1f86478-af65-419a-a624-f3ab3477fcf5","target":"b02a17a1-274f-430d-b1ab-b3fee68069c6","agreement":true,"isActive":true,"date":1702314480284,"kind":"Connector","isSelected":false,"intensity":3,"isDeletable":true,"isOver":false,"isBidirectional":false,"eventLog":[{"time":1702314480284,"type":"create connection"}]},{"id":"bc60a2b1-765c-40b1-860c-2cb0b1f7d247","source":"4f86af58-95bb-4d87-bd5b-c4e66d61047d","target":"b02a17a1-274f-430d-b1ab-b3fee68069c6","agreement":true,"isActive":true,"date":1702314486808,"kind":"Connector","isSelected":false,"intensity":3,"isDeletable":true,"isOver":false,"isBidirectional":false,"eventLog":[{"time":1702314486808,"type":"create connection"}]},{"id":"49268ba1-4b21-4d2a-9c8b-93ef77b33b87","source":"bf02e7e0-ed39-4fd0-b1db-b4b73be60123","target":"3b53eca1-0e88-4f9c-a946-67b565efd86c","agreement":true,"isActive":true,"date":1702314490775,"kind":"Connector","isSelected":false,"intensity":3,"isDeletable":true,"isOver":false,"isBidirectional":false,"eventLog":[{"time":1702314490775,"type":"create connection"}]},{"id":"d8fa0a29-87c4-48ef-8360-6c76dd5061a2","source":"d1cc0983-5438-4e3b-85b3-befc854466a8","target":"b1f86478-af65-419a-a624-f3ab3477fcf5","agreement":true,"isActive":true,"date":1702314519693,"kind":"Connector","isSelected":false,"intensity":3,"isDeletable":true,"isOver":false,"isBidirectional":false,"eventLog":[{"time":1702314519693,"type":"create connection"}]},{"id":"cfacb111-e309-42a6-b84a-46578521d876","source":"d1cc0983-5438-4e3b-85b3-befc854466a8","target":"3b53eca1-0e88-4f9c-a946-67b565efd86c","agreement":true,"isActive":true,"date":1702314522304,"kind":"Connector","isSelected":false,"intensity":3,"isDeletable":true,"isOver":false,"isBidirectional":false,"eventLog":[{"time":1702314522304,"type":"create connection"}]},{"id":"fb02964c-a484-477f-87d3-692553a97e2d","source":"d1cc0983-5438-4e3b-85b3-befc854466a8","target":"bf02e7e0-ed39-4fd0-b1db-b4b73be60123","agreement":true,"isActive":true,"date":1702314524667,"kind":"Connector","isSelected":false,"intensity":3,"isDeletable":true,"isOver":false,"isBidirectional":false,"eventLog":[{"time":1702314524667,"type":"create connection"}]},{"id":"0f6365c0-89ac-4581-9d6e-74707986c7e2","source":"d1cc0983-5438-4e3b-85b3-befc854466a8","target":"4f86af58-95bb-4d87-bd5b-c4e66d61047d","agreement":true,"isActive":true,"date":1702314529943,"kind":"Connector","isSelected":false,"intensity":3,"isDeletable":true,"isOver":false,"isBidirectional":false,"eventLog":[{"time":1702314529943,"type":"create connection"}]}],"currentID":{},"currentNode":{},"hasSelectedNode":[false],"currentConnector":{},"hasSelectedConnector":[false],"readyToMove":[false],"isIncoming":[false],"hasElementMoved":[false]}
