{"idCAM":["b82eab01-a0f5-4443-9b8d-69cf7446fe7c"],"creator":["604b169fe4b7991ec08da3a6_pre"],"projectCAM":["S2_CAM part 1"],"defocusCAM":["NA",95560,1],"date":[1702313137910],"nodes":[{"id":"cb44b299-af03-45e1-b673-ed9de605ab0c","value":0,"text":"rescue robot","comment":"","position":{"x":650,"y":400},"isActive":true,"date":1702313138764,"kind":"Node","isSelected":false,"isConnectorSelected":false,"isDraggable":0,"isDeletable":0,"hasElementMoved":false,"eventLog":[{"time":1702313138764,"type":"create node","value":0}],"isTextChangeable":0},{"id":"6e71d4c2-cb80-4897-b498-7dfb5e5b53ec","value":0,"text":"disadvantages","comment":"","position":{"x":450,"y":400},"isActive":true,"date":1702313138764,"kind":"Node","isSelected":false,"isConnectorSelected":false,"isDraggable":0,"isDeletable":0,"hasElementMoved":false,"eventLog":[{"time":1702313138764,"type":"create node","value":0}],"isTextChangeable":0},{"id":"b3330f01-4396-4237-8120-450e1cf33055","value":0,"text":"advantages","comment":"","position":{"x":850,"y":400},"isActive":true,"date":1702313138764,"kind":"Node","isSelected":false,"isConnectorSelected":false,"isDraggable":0,"isDeletable":0,"hasElementMoved":false,"eventLog":[{"time":1702313138764,"type":"create node","value":0}],"isTextChangeable":0},{"id":"a1ec6e68-47db-4744-9642-89827cf45d0c","value":3,"text":"überall einsetzbar","comment":"","position":{"x":961,"y":308},"isActive":false,"date":1702313268563,"kind":"Node","isSelected":false,"isConnectorSelected":false,"isDraggable":1,"isDeletable":1,"hasElementMoved":false,"eventLog":[{"time":1702313268563,"type":"create node","value":"0"},{"time":1702313269801,"type":"selected","value":"TRUE"},{"time":1702313341797,"type":"text","value":"überall einsetzbar"},{"time":1702313341797,"type":"value","value":"3"},{"time":1702313341797,"type":"selected","value":"FALSE"},{"time":1702313401618,"type":"selected","value":"TRUE"},{"time":1702313406836,"type":"selected","value":"FALSE"},{"time":1702313419230,"type":"selected","value":"TRUE"},{"time":1702313421132,"type":"node was deleted","value":"-99"}],"isTextChangeable":1},{"id":"f3f23e0f-805e-4c44-a9c0-6b3101662217","value":10,"text":"different possible uses","comment":"","position":{"x":645,"y":212},"isActive":true,"date":1702313343139,"kind":"Node","isSelected":false,"isConnectorSelected":false,"isDraggable":1,"isDeletable":1,"hasElementMoved":false,"eventLog":[{"time":"1702313343139","type":"create node","value":[0]},{"time":"1702313343234","type":"selected","value":[true]},{"time":"1702313382888","type":"text","value":["Verschiedene einsatzmöglichkeit"]},{"time":"1702313382888","type":"value","value":[10]},{"time":"1702313382888","type":"selected","value":[false]},{"time":"2023-12-11T16:49:44.062Z","type":"position","value":{"x":[977],"y":[395]}},{"time":"2023-12-11T16:49:44.162Z","type":"position","value":{"x":[795],"y":[215]}},{"time":"2023-12-11T16:49:44.363Z","type":"position","value":{"x":[645],"y":[139]}},{"time":"2023-12-11T16:50:24.402Z","type":"position","value":{"x":[650],"y":[233]}}],"isTextChangeable":1},{"id":"b72262a3-9d8e-47df-883e-825eccdf772f","value":3,"text":"save many people","comment":"","position":{"x":1001,"y":487},"isActive":true,"date":1702313445881,"kind":"Node","isSelected":false,"isConnectorSelected":false,"isDraggable":1,"isDeletable":1,"hasElementMoved":false,"eventLog":[{"time":1702313445881,"type":"create node","value":"0"},{"time":1702313446648,"type":"selected","value":"TRUE"},{"time":1702313459776,"type":"text","value":"Menschen retten"},{"time":1702313459776,"type":"value","value":"3"},{"time":1702313459776,"type":"selected","value":"FALSE"},{"time":1702313771409,"type":"selected","value":"TRUE"},{"time":1702313776903,"type":"text","value":"viele Menschen retten"},{"time":1702313776903,"type":"selected","value":"FALSE"}],"isTextChangeable":1},{"id":"6f7799c4-4610-42a7-84bd-93b16003732a","value":3,"text":"quick help","comment":"","position":{"x":996,"y":354},"isActive":true,"date":1702313462865,"kind":"Node","isSelected":false,"isConnectorSelected":false,"isDraggable":1,"isDeletable":1,"hasElementMoved":false,"eventLog":[{"time":1702313462865,"type":"create node","value":"0"},{"time":1702313464248,"type":"selected","value":"TRUE"},{"time":1702313472898,"type":"text","value":"Schnelle hilfe"},{"time":1702313472898,"type":"value","value":"3"},{"time":1702313472898,"type":"selected","value":"FALSE"}],"isTextChangeable":1},{"id":"eaddbd16-18d0-48cb-b9bf-23bfae12edae","value":-3,"text":"prejudice decide","comment":"","position":{"x":332,"y":279},"isActive":true,"date":1702313474446,"kind":"Node","isSelected":false,"isConnectorSelected":false,"isDraggable":1,"isDeletable":1,"hasElementMoved":false,"eventLog":[{"time":"1702313474446","type":"create node","value":[0]},{"time":"2023-12-11T16:51:18.401Z","type":"position","value":{"x":[866],"y":[394]}},{"time":"2023-12-11T16:51:18.582Z","type":"position","value":{"x":[894],"y":[238]}},{"time":"2023-12-11T16:51:21.765Z","type":"position","value":{"x":[680],"y":[299]}},{"time":"2023-12-11T16:51:21.798Z","type":"position","value":{"x":[517],"y":[320]}},{"time":"2023-12-11T16:51:22.081Z","type":"position","value":{"x":[366],"y":[327]}},{"time":"1702313482878","type":"selected","value":[true]},{"time":"1702313532201","type":"text","value":["Voreingenommen entscheiden"]},{"time":"1702313532201","type":"value","value":[-3]},{"time":"1702313532201","type":"selected","value":[false]}],"isTextChangeable":1},{"id":"934ae2b5-21cc-4560-86c6-8c104dfa30bc","value":-2,"text":"can be hacked","comment":"","position":{"x":284,"y":389},"isActive":true,"date":1702313536777,"kind":"Node","isSelected":false,"isConnectorSelected":false,"isDraggable":1,"isDeletable":1,"hasElementMoved":false,"eventLog":[{"time":1702313536777,"type":"create node","value":"0"},{"time":1702313536857,"type":"selected","value":"TRUE"},{"time":1702313569463,"type":"text","value":"Kann gehackt werden"},{"time":1702313569463,"type":"value","value":"-2"},{"time":1702313569463,"type":"selected","value":"FALSE"}],"isTextChangeable":1},{"id":"57dad3f6-751b-44aa-a42b-b25e0f2db122","value":-1,"text":"can hurt people","comment":"","position":{"x":257,"y":505},"isActive":true,"date":1702313572419,"kind":"Node","isSelected":false,"isConnectorSelected":false,"isDraggable":1,"isDeletable":1,"hasElementMoved":false,"eventLog":[{"time":"1702313572419","type":"create node","value":[0]},{"time":"1702313572585","type":"selected","value":[true]},{"time":"1702313592006","type":"text","value":["Kann menschen verletzen"]},{"time":"1702313592006","type":"value","value":[-1]},{"time":"1702313592006","type":"selected","value":[false]},{"time":"2023-12-11T16:53:14.934Z","type":"position","value":{"x":[299],"y":[478]}}],"isTextChangeable":1},{"id":"98374c90-61df-4604-b1cb-d07a9e3402c4","value":-3,"text":"throw bombs","comment":"","position":{"x":573,"y":103},"isActive":true,"date":1702313635037,"kind":"Node","isSelected":false,"isConnectorSelected":false,"isDraggable":1,"isDeletable":1,"hasElementMoved":false,"eventLog":[{"time":1702313635037,"type":"create node","value":"0"},{"time":1702313637224,"type":"selected","value":"TRUE"},{"time":1702313648020,"type":"text","value":"Bomben werfen"},{"time":1702313648020,"type":"value","value":"-3"},{"time":1702313648020,"type":"selected","value":"FALSE"}],"isTextChangeable":1},{"id":"b63d8ef9-da9d-473d-936b-5db2b2d51039","value":-1,"text":"need maintenance","comment":"","position":{"x":406,"y":572},"isActive":true,"date":1702313807026,"kind":"Node","isSelected":false,"isConnectorSelected":false,"isDraggable":1,"isDeletable":1,"hasElementMoved":false,"eventLog":[{"time":"1702313807026","type":"create node","value":[0]},{"time":"1702313807145","type":"selected","value":[true]},{"time":"1702313875132","type":"text","value":["Brauch wartung"]},{"time":"1702313875132","type":"value","value":[-1]},{"time":"1702313875132","type":"selected","value":[false]},{"time":"2023-12-11T16:57:56.535Z","type":"position","value":{"x":[392],"y":[538]}},{"time":"2023-12-11T16:58:03.418Z","type":"position","value":{"x":[433],"y":[572]}}],"isTextChangeable":1},{"id":"b496defd-aa64-480d-a6c4-3f20613e0b71","value":-1,"text":"malfunctions","comment":"","position":{"x":554,"y":529},"isActive":true,"date":1702313944576,"kind":"Node","isSelected":false,"isConnectorSelected":false,"isDraggable":1,"isDeletable":1,"hasElementMoved":false,"eventLog":[{"time":"1702313944576","type":"create node","value":[0]},{"time":"1702313944661","type":"selected","value":[true]},{"time":"1702313956324","type":"text","value":["fehl funktionen"]},{"time":"1702313956324","type":"value","value":[-1]},{"time":"1702313956324","type":"selected","value":[false]},{"time":"2023-12-11T16:59:17.163Z","type":"position","value":{"x":[523],"y":[544]}},{"time":"2023-12-11T16:59:19.281Z","type":"position","value":{"x":[587],"y":[583]}}],"isTextChangeable":1},{"id":"913d9a40-6e64-455a-9942-33cf0c8756bf","value":0,"text":"","comment":"","position":{"x":842,"y":492},"isActive":false,"date":1702313984850,"kind":"Node","isSelected":false,"isConnectorSelected":false,"isDraggable":1,"isDeletable":1,"hasElementMoved":false,"eventLog":[{"time":1702313984850,"type":"create node","value":0},{"time":1702313986270,"type":"selected","value":1},{"time":1702313990853,"type":"node was deleted","value":-99}],"isTextChangeable":1},{"id":"95db217f-9221-441b-b16e-4b91a8323466","value":0,"text":"Überall einsetzbar","comment":"","position":{"x":922,"y":273},"isActive":false,"date":1702314036545,"kind":"Node","isSelected":false,"isConnectorSelected":false,"isDraggable":1,"isDeletable":1,"hasElementMoved":false,"eventLog":[{"time":1702314036545,"type":"create node","value":0},{"time":1702314038051,"type":"selected","value":1},{"time":1702314038465,"type":"selected","value":0},{"time":1702314042948,"type":"selected","value":1},{"time":1702314054867,"type":"node was deleted","value":-99}],"isTextChangeable":1}],"connectors":[{"id":"bc6564ff-c176-4a06-a175-b8bef09177db","source":"cb44b299-af03-45e1-b673-ed9de605ab0c","target":"6e71d4c2-cb80-4897-b498-7dfb5e5b53ec","agreement":true,"isActive":true,"date":1702313138764,"kind":"Connector","isSelected":false,"intensity":3,"isDeletable":false,"isOver":false,"isBidirectional":false,"eventLog":[{"time":1702313138764,"type":"create connection"}]},{"id":"bfe523e8-809c-43aa-bad0-23d1ed26ecdd","source":"cb44b299-af03-45e1-b673-ed9de605ab0c","target":"b3330f01-4396-4237-8120-450e1cf33055","agreement":true,"isActive":true,"date":1702313138765,"kind":"Connector","isSelected":false,"intensity":3,"isDeletable":true,"isOver":false,"isBidirectional":false,"eventLog":[{"time":1702313138765,"type":"create connection"}]},{"id":"980d078d-ebf9-477e-b1c0-7dc7a1efa4c6","source":"f3f23e0f-805e-4c44-a9c0-6b3101662217","target":"b3330f01-4396-4237-8120-450e1cf33055","agreement":true,"isActive":true,"date":1702313386816,"kind":"Connector","isSelected":false,"intensity":3,"isDeletable":true,"isOver":false,"isBidirectional":false,"eventLog":[{"time":1702313386816,"type":"create connection"}]},{"id":"364d3dc1-09a1-4299-8641-222c8bca3137","source":"6e71d4c2-cb80-4897-b498-7dfb5e5b53ec","target":"f3f23e0f-805e-4c44-a9c0-6b3101662217","agreement":true,"isActive":true,"date":1702313388596,"kind":"Connector","isSelected":false,"intensity":3,"isDeletable":true,"isOver":false,"isBidirectional":false,"eventLog":[{"time":1702313388596,"type":"create connection"}]},{"id":"ca31c47b-1155-40e5-9c0d-7954656d1144","source":"b3330f01-4396-4237-8120-450e1cf33055","target":"b72262a3-9d8e-47df-883e-825eccdf772f","agreement":true,"isActive":true,"date":1702313461224,"kind":"Connector","isSelected":false,"intensity":3,"isDeletable":true,"isOver":false,"isBidirectional":false,"eventLog":[{"time":1702313461224,"type":"create connection"}]},{"id":"76a09eb2-47d7-46a9-a07f-d86e60379519","source":"6e71d4c2-cb80-4897-b498-7dfb5e5b53ec","target":"eaddbd16-18d0-48cb-b9bf-23bfae12edae","agreement":true,"isActive":true,"date":1702313534685,"kind":"Connector","isSelected":false,"intensity":3,"isDeletable":true,"isOver":false,"isBidirectional":false,"eventLog":[{"time":1702313534686,"type":"create connection"}]},{"id":"cd665220-90f1-49d2-a7fe-0beef5cbe889","source":"6e71d4c2-cb80-4897-b498-7dfb5e5b53ec","target":"934ae2b5-21cc-4560-86c6-8c104dfa30bc","agreement":true,"isActive":true,"date":1702313570949,"kind":"Connector","isSelected":false,"intensity":3,"isDeletable":true,"isOver":false,"isBidirectional":false,"eventLog":[{"time":1702313570949,"type":"create connection"}]},{"id":"bbec98f4-f238-4264-adc4-2635acd9ccf4","source":"6e71d4c2-cb80-4897-b498-7dfb5e5b53ec","target":"57dad3f6-751b-44aa-a42b-b25e0f2db122","agreement":true,"isActive":true,"date":1702313593867,"kind":"Connector","isSelected":false,"intensity":3,"isDeletable":true,"isOver":false,"isBidirectional":false,"eventLog":[{"time":1702313593867,"type":"create connection"}]},{"id":"c29c7069-5bf6-476d-ae53-cc5b7bb8169a","source":"934ae2b5-21cc-4560-86c6-8c104dfa30bc","target":"57dad3f6-751b-44aa-a42b-b25e0f2db122","agreement":true,"isActive":true,"date":1702313598241,"kind":"Connector","isSelected":false,"intensity":9,"isDeletable":true,"isOver":false,"isBidirectional":false,"eventLog":[{"time":1702313598241,"type":"create connection"},{"time":1702313601266,"type":"selected","value":1},{"time":1702313606435,"type":"change intensity of connector","value":9},{"time":1702313606435,"type":"selected","value":0},{"time":1702313610301,"type":"selected","value":1},{"time":1702313612074,"type":"change intensity of connector","value":9},{"time":1702313612074,"type":"selected","value":0}]},{"id":"138d1b73-4ae2-414c-8065-830bc0919a81","source":"b3330f01-4396-4237-8120-450e1cf33055","target":"6f7799c4-4610-42a7-84bd-93b16003732a","agreement":true,"isActive":true,"date":1702313618549,"kind":"Connector","isSelected":false,"intensity":3,"isDeletable":true,"isOver":false,"isBidirectional":false,"eventLog":[{"time":1702313618549,"type":"create connection"}]},{"id":"82589ff8-7030-43c8-9cb9-796b1634da5e","source":"f3f23e0f-805e-4c44-a9c0-6b3101662217","target":"6f7799c4-4610-42a7-84bd-93b16003732a","agreement":true,"isActive":true,"date":1702313626859,"kind":"Connector","isSelected":false,"intensity":3,"isDeletable":true,"isOver":false,"isBidirectional":false,"eventLog":[{"time":1702313626859,"type":"create connection"}]},{"id":"ca06bf7a-3b6e-4b77-89df-583c36d3433e","source":"f3f23e0f-805e-4c44-a9c0-6b3101662217","target":"98374c90-61df-4604-b1cb-d07a9e3402c4","agreement":true,"isActive":true,"date":1702313649255,"kind":"Connector","isSelected":false,"intensity":3,"isDeletable":true,"isOver":false,"isBidirectional":false,"eventLog":[{"time":1702313649255,"type":"create connection"}]},{"id":"0a3dfaaa-0729-47f5-8f56-6e9a0e4525d2","source":"6e71d4c2-cb80-4897-b498-7dfb5e5b53ec","target":"b63d8ef9-da9d-473d-936b-5db2b2d51039","agreement":true,"isActive":true,"date":1702313878064,"kind":"Connector","isSelected":false,"intensity":3,"isDeletable":true,"isOver":false,"isBidirectional":false,"eventLog":[{"time":1702313878064,"type":"create connection"}]},{"id":"5c1b67b9-1c0e-4e75-be18-8b2e0ac50e02","source":"b63d8ef9-da9d-473d-936b-5db2b2d51039","target":"57dad3f6-751b-44aa-a42b-b25e0f2db122","agreement":true,"isActive":true,"date":1702313879301,"kind":"Connector","isSelected":false,"intensity":3,"isDeletable":true,"isOver":false,"isBidirectional":false,"eventLog":[{"time":1702313879301,"type":"create connection"}]},{"id":"417821ac-c0e0-4800-a890-2de6229e3d92","source":"6e71d4c2-cb80-4897-b498-7dfb5e5b53ec","target":"b496defd-aa64-480d-a6c4-3f20613e0b71","agreement":true,"isActive":true,"date":1702313958631,"kind":"Connector","isSelected":false,"intensity":3,"isDeletable":true,"isOver":false,"isBidirectional":false,"eventLog":[{"time":1702313958631,"type":"create connection"}]},{"id":"bc399d79-01c6-4e7c-b0bf-f5338924fbd7","source":"b496defd-aa64-480d-a6c4-3f20613e0b71","target":"57dad3f6-751b-44aa-a42b-b25e0f2db122","agreement":true,"isActive":true,"date":1702313962351,"kind":"Connector","isSelected":false,"intensity":3,"isDeletable":true,"isOver":false,"isBidirectional":false,"eventLog":[{"time":1702313962351,"type":"create connection"}]},{"id":"7f96a5d8-095e-489f-a416-4348bf99709e","source":"b496defd-aa64-480d-a6c4-3f20613e0b71","target":"b63d8ef9-da9d-473d-936b-5db2b2d51039","agreement":true,"isActive":true,"date":1702313963953,"kind":"Connector","isSelected":false,"intensity":3,"isDeletable":true,"isOver":false,"isBidirectional":false,"eventLog":[{"time":1702313963953,"type":"create connection"}]}],"currentID":{},"currentNode":{},"hasSelectedNode":[false],"currentConnector":{},"hasSelectedConnector":[false],"readyToMove":[false],"isIncoming":[false],"hasElementMoved":[false]}
