{"idCAM":["9064db3d-2a5d-4489-b2ca-48beb38b0b58"],"creator":["604d17eb4931a500d6e0a3d3_pre"],"projectCAM":["S2_CAM part 1"],"defocusCAM":[null],"date":[1702310091549],"nodes":[{"id":"97be96aa-f018-40f9-9037-92d1dd84e312","value":0,"text":"rescue robot","comment":"","position":{"x":650,"y":400},"isActive":true,"date":1702310092449,"kind":"Node","isSelected":false,"isConnectorSelected":false,"isDraggable":0,"isDeletable":0,"hasElementMoved":false,"eventLog":[{"time":1702310092450,"type":"create node","value":0}],"isTextChangeable":0},{"id":"22c43d52-1400-42d2-89e7-f8096a45b722","value":-2,"text":"disadvantages","comment":"","position":{"x":450,"y":400},"isActive":true,"date":1702310092450,"kind":"Node","isSelected":false,"isConnectorSelected":false,"isDraggable":0,"isDeletable":0,"hasElementMoved":false,"eventLog":[{"time":"1702310092451","type":"create node","value":[0]},{"time":"1702310113652","type":"selected","value":[true]},{"time":"1702310126759","type":"value","value":[-2]},{"time":"1702310126759","type":"selected","value":[false]},{"time":"2023-12-11T16:07:49.034Z","type":"position","value":{"x":[446.4],"y":[397.6]}}],"isTextChangeable":0},{"id":"f78c11b0-11d9-4850-b87c-95acff0e72ed","value":3,"text":"advantages","comment":"","position":{"x":850,"y":400},"isActive":true,"date":1702310092451,"kind":"Node","isSelected":false,"isConnectorSelected":false,"isDraggable":0,"isDeletable":0,"hasElementMoved":false,"eventLog":[{"time":1702310092451,"type":"create node","value":0},{"time":1702310228959,"type":"selected","value":1},{"time":1702310235711,"type":"value","value":3},{"time":1702310235711,"type":"selected","value":0},{"time":1702310449748,"type":"selected","value":1},{"time":1702310450904,"type":"selected","value":0}],"isTextChangeable":0},{"id":"2a85286c-1e5e-4c5c-a1f8-80ab497c98dc","value":3,"text":"possibility of use","comment":"Possible even under dangerous conditions","position":{"x":669.4,"y":221.6},"isActive":true,"date":1702310144813,"kind":"Node","isSelected":false,"isConnectorSelected":false,"isDraggable":1,"isDeletable":1,"hasElementMoved":false,"eventLog":[{"time":1702310144813,"type":"create node","value":"0"},{"time":1702310170428,"type":"selected","value":"TRUE"},{"time":1702310226355,"type":"text","value":"Einsatzmöglichkeit"},{"time":1702310226355,"type":"value","value":"3"},{"time":1702310226355,"type":"comment","value":"Auch unter gefährlichen Bedingungen möglich"},{"time":1702310226355,"type":"selected","value":"FALSE"}],"isTextChangeable":1},{"id":"07aa5a40-aa04-438c-a32b-26480b51fd79","value":2,"text":"adjustable size","comment":"","position":{"x":840.4,"y":209.6},"isActive":true,"date":1702310242521,"kind":"Node","isSelected":false,"isConnectorSelected":false,"isDraggable":1,"isDeletable":1,"hasElementMoved":false,"eventLog":[{"time":1702310242521,"type":"create node","value":"0"},{"time":1702310242611,"type":"selected","value":"TRUE"},{"time":1702310264231,"type":"text","value":"Größe anpassbar"},{"time":1702310264231,"type":"value","value":"2"},{"time":1702310264231,"type":"selected","value":"FALSE"}],"isTextChangeable":1},{"id":"4a3dbaf1-8e52-47bf-b5fa-010e582c7118","value":2,"text":"replaceable","comment":"No human sacrifice in case of loss","position":{"x":995.4,"y":271.6},"isActive":true,"date":1702310271098,"kind":"Node","isSelected":false,"isConnectorSelected":false,"isDraggable":1,"isDeletable":1,"hasElementMoved":false,"eventLog":[{"time":1702310271098,"type":"create node","value":"0"},{"time":1702310271229,"type":"selected","value":"TRUE"},{"time":1702310339077,"type":"text","value":"ersetzbar"},{"time":1702310339077,"type":"value","value":"2"},{"time":1702310339077,"type":"comment","value":"Bei Verlust kein menschliches Opfer"},{"time":1702310339077,"type":"selected","value":"FALSE"}],"isTextChangeable":1},{"id":"844794c1-9992-41c0-9728-ff80101dfaac","value":3,"text":"adaptable to dangerous situations","comment":"e.g. thermal, physical conditions","position":{"x":1010.4,"y":431.6},"isActive":true,"date":1702310363509,"kind":"Node","isSelected":false,"isConnectorSelected":false,"isDraggable":1,"isDeletable":1,"hasElementMoved":false,"eventLog":[{"time":1702310363509,"type":"create node","value":"0"},{"time":1702310363713,"type":"selected","value":"TRUE"},{"time":1702310402387,"type":"text","value":"anpassbar an Gefahrensituationen"},{"time":1702310402387,"type":"value","value":"3"},{"time":1702310402387,"type":"selected","value":"FALSE"},{"time":1702310767981,"type":"selected","value":"TRUE"},{"time":1702310837132,"type":"comment","value":"z.B. thermisch,physikalische Bedingungen"},{"time":1702310837132,"type":"selected","value":"FALSE"}],"isTextChangeable":1},{"id":"e8cca4ae-835b-43f8-937c-69f0cef568da","value":10,"text":"emotionless","comment":"","position":{"x":634.4,"y":568.6},"isActive":true,"date":1702310415761,"kind":"Node","isSelected":false,"isConnectorSelected":false,"isDraggable":1,"isDeletable":1,"hasElementMoved":false,"eventLog":[{"time":1702310415761,"type":"create node","value":"0"},{"time":1702310415903,"type":"selected","value":"TRUE"},{"time":1702310447411,"type":"text","value":"emotionslos"},{"time":1702310447411,"type":"value","value":"10"},{"time":1702310447411,"type":"selected","value":"FALSE"},{"time":1702310451805,"type":"selected","value":"TRUE"},{"time":1702310464203,"type":"selected","value":"FALSE"}],"isTextChangeable":1},{"id":"0e141799-4e32-4783-b454-317b64e34c71","value":-2,"text":"instinctless","comment":"","position":{"x":412.4,"y":253.6},"isActive":true,"date":1702310511453,"kind":"Node","isSelected":false,"isConnectorSelected":false,"isDraggable":1,"isDeletable":1,"hasElementMoved":false,"eventLog":[{"time":1702310511453,"type":"create node","value":"0"},{"time":1702310525052,"type":"selected","value":"TRUE"},{"time":1702310551869,"type":"text","value":"instinktlos"},{"time":1702310551869,"type":"value","value":"-2"},{"time":1702310551869,"type":"selected","value":"FALSE"}],"isTextChangeable":1},{"id":"0c6df9f6-8f0e-4132-9043-ba84cf16703d","value":-2,"text":"ethical reservations","comment":"","position":{"x":305.4,"y":368.6},"isActive":true,"date":1702310587821,"kind":"Node","isSelected":false,"isConnectorSelected":false,"isDraggable":1,"isDeletable":1,"hasElementMoved":false,"eventLog":[{"time":"1702310587821","type":"create node","value":[0]},{"time":"2023-12-11T16:03:16.293Z","type":"position","value":{"x":[166.4],"y":[341.6]}},{"time":"1702310844201","type":"selected","value":[true]},{"time":"1702310864962","type":"text","value":["ethische Vorbehalte"]},{"time":"1702310864962","type":"value","value":[-2]},{"time":"1702310864962","type":"selected","value":[false]},{"time":"1702310871617","type":"selected","value":[true]},{"time":"1702310872869","type":"selected","value":[false]}],"isTextChangeable":1},{"id":"ffd78a0a-1481-4806-9666-32bdc6744a2b","value":10,"text":"many special features possible","comment":"Audio/Video/Orientation/Mapping\nBUT ALSO e.g., Armament","position":{"x":764.4,"y":559.6},"isActive":true,"date":1702310622509,"kind":"Node","isSelected":false,"isConnectorSelected":false,"isDraggable":1,"isDeletable":1,"hasElementMoved":false,"eventLog":[{"time":"1702310622509","type":"create node","value":[0]},{"time":"1702310624843","type":"selected","value":[true]},{"time":"1702310741851","type":"text","value":["viele Spezialfeatures möglich"]},{"time":"1702310741851","type":"value","value":[10]},{"time":"1702310741851","type":"comment","value":["Audio/Video/Orientierung/Kartierung\nABER AUCHz.B Bewaffnung"]},{"time":"1702310741851","type":"selected","value":[false]},{"time":"2023-12-11T16:05:42.981Z","type":"position","value":{"x":[873.4],"y":[531.6]}}],"isTextChangeable":1},{"id":"bc6b4102-a5b5-4f9c-ba96-ebc4c837820c","value":-2,"text":"misuse possible","comment":"for detecting enemies","position":{"x":399.4,"y":502.6},"isActive":true,"date":1702310878105,"kind":"Node","isSelected":false,"isConnectorSelected":false,"isDraggable":1,"isDeletable":1,"hasElementMoved":false,"eventLog":[{"time":1702310878105,"type":"create node","value":"0"},{"time":1702310878231,"type":"selected","value":"TRUE"},{"time":1702310886125,"type":"selected","value":"FALSE"},{"time":1702310917098,"type":"selected","value":"TRUE"},{"time":1702310972717,"type":"text","value":"Fehlanwendung möglich"},{"time":1702310972717,"type":"comment","value":"zum Aufspüren von Feinden"},{"time":1702310972717,"type":"selected","value":"FALSE"},{"time":1702310974724,"type":"selected","value":"TRUE"},{"time":1702310979487,"type":"value","value":"-2"},{"time":1702310979487,"type":"selected","value":"FALSE"}],"isTextChangeable":1},{"id":"6c71b217-3297-4647-bd3e-4a3bb9a99f84","value":10,"text":"programmable","comment":"","position":{"x":918.4,"y":568.6},"isActive":true,"date":1702311025301,"kind":"Node","isSelected":false,"isConnectorSelected":false,"isDraggable":1,"isDeletable":1,"hasElementMoved":false,"eventLog":[{"time":1702311025301,"type":"create node","value":"0"},{"time":1702311062587,"type":"selected","value":"TRUE"},{"time":1702311067319,"type":"value","value":"10"},{"time":1702311067319,"type":"selected","value":"FALSE"},{"time":1702311070835,"type":"selected","value":"TRUE"},{"time":1702311085541,"type":"text","value":"Programmierbar"},{"time":1702311085541,"type":"selected","value":"FALSE"}],"isTextChangeable":1}],"connectors":[{"id":"7d32c29c-a57b-4619-bee6-29a2f7c49999","source":"97be96aa-f018-40f9-9037-92d1dd84e312","target":"22c43d52-1400-42d2-89e7-f8096a45b722","agreement":false,"isActive":true,"date":1702310092451,"kind":"Connector","isSelected":false,"intensity":3,"isDeletable":false,"isOver":false,"isBidirectional":false,"eventLog":[{"time":1702310092451,"type":"create connection"},{"time":1702310126998,"type":"selected","value":1},{"time":1702310143643,"type":"change intensity of connector","value":-3},{"time":1702310143643,"type":"selected","value":0}]},{"id":"599acf16-008e-462c-b960-f3e377e02cc2","source":"97be96aa-f018-40f9-9037-92d1dd84e312","target":"f78c11b0-11d9-4850-b87c-95acff0e72ed","agreement":true,"isActive":true,"date":1702310092452,"kind":"Connector","isSelected":false,"intensity":3,"isDeletable":true,"isOver":false,"isBidirectional":false,"eventLog":[{"time":1702310092452,"type":"create connection"}]},{"id":"e3ac6c96-387d-461e-bdd0-c9627845172c","source":"2a85286c-1e5e-4c5c-a1f8-80ab497c98dc","target":"f78c11b0-11d9-4850-b87c-95acff0e72ed","agreement":true,"isActive":true,"date":1702310237780,"kind":"Connector","isSelected":false,"intensity":6,"isDeletable":true,"isOver":false,"isBidirectional":false,"eventLog":[{"time":1702310237780,"type":"create connection"},{"time":1702310887767,"type":"selected","value":1},{"time":1702310892927,"type":"change intensity of connector","value":6},{"time":1702310892927,"type":"selected","value":0}]},{"id":"0f615c2e-c954-4058-bcad-a09497e6d732","source":"07aa5a40-aa04-438c-a32b-26480b51fd79","target":"f78c11b0-11d9-4850-b87c-95acff0e72ed","agreement":true,"isActive":true,"date":1702310266444,"kind":"Connector","isSelected":false,"intensity":3,"isDeletable":true,"isOver":false,"isBidirectional":false,"eventLog":[{"time":1702310266444,"type":"create connection"}]},{"id":"412b4fe6-a98a-40e4-8e7a-3561aa44fccd","source":"4a3dbaf1-8e52-47bf-b5fa-010e582c7118","target":"f78c11b0-11d9-4850-b87c-95acff0e72ed","agreement":true,"isActive":true,"date":1702310341322,"kind":"Connector","isSelected":false,"intensity":3,"isDeletable":true,"isOver":false,"isBidirectional":false,"eventLog":[{"time":1702310341322,"type":"create connection"}]},{"id":"a20db414-a0be-4ec9-8f2f-2cfff808d9d0","source":"f78c11b0-11d9-4850-b87c-95acff0e72ed","target":"844794c1-9992-41c0-9728-ff80101dfaac","agreement":true,"isActive":true,"date":1702310405087,"kind":"Connector","isSelected":false,"intensity":6,"isDeletable":true,"isOver":false,"isBidirectional":false,"eventLog":[{"time":1702310405087,"type":"create connection"},{"time":1702310893053,"type":"selected","value":1},{"time":1702310898399,"type":"change intensity of connector","value":6},{"time":1702310898399,"type":"selected","value":0}]},{"id":"2ed74b7d-4120-42a3-969b-92ccbd2b59ee","source":"f78c11b0-11d9-4850-b87c-95acff0e72ed","target":"e8cca4ae-835b-43f8-937c-69f0cef568da","agreement":true,"isActive":true,"date":1702310473107,"kind":"Connector","isSelected":false,"intensity":3,"isDeletable":true,"isOver":false,"isBidirectional":false,"eventLog":[{"time":1702310473107,"type":"create connection"}]},{"id":"2aff91ac-9f0e-4272-ba13-46515a604a8c","source":"22c43d52-1400-42d2-89e7-f8096a45b722","target":"e8cca4ae-835b-43f8-937c-69f0cef568da","agreement":true,"isActive":true,"date":1702310476042,"kind":"Connector","isSelected":false,"intensity":3,"isDeletable":true,"isOver":false,"isBidirectional":false,"eventLog":[{"time":1702310476042,"type":"create connection"}]},{"id":"4a849432-4e6c-4f5e-8529-d10ce9a2c49f","source":"0e141799-4e32-4783-b454-317b64e34c71","target":"22c43d52-1400-42d2-89e7-f8096a45b722","agreement":true,"isActive":true,"date":1702310554462,"kind":"Connector","isSelected":false,"intensity":6,"isDeletable":true,"isOver":false,"isBidirectional":false,"eventLog":[{"time":1702310554462,"type":"create connection"},{"time":1702310900257,"type":"selected","value":1},{"time":1702310911315,"type":"change intensity of connector","value":6},{"time":1702310911315,"type":"selected","value":0}]},{"id":"130a7ae6-f1e5-44c4-b49b-936bb96bdf7c","source":"22c43d52-1400-42d2-89e7-f8096a45b722","target":"ffd78a0a-1481-4806-9666-32bdc6744a2b","agreement":true,"isActive":true,"date":1702310748854,"kind":"Connector","isSelected":false,"intensity":3,"isDeletable":true,"isOver":false,"isBidirectional":false,"eventLog":[{"time":1702310748854,"type":"create connection"}]},{"id":"092b0fcb-ee34-403b-8e63-4c4fc4f8cb77","source":"f78c11b0-11d9-4850-b87c-95acff0e72ed","target":"ffd78a0a-1481-4806-9666-32bdc6744a2b","agreement":true,"isActive":true,"date":1702310752587,"kind":"Connector","isSelected":false,"intensity":3,"isDeletable":true,"isOver":false,"isBidirectional":false,"eventLog":[{"time":1702310752587,"type":"create connection"}]},{"id":"a9f2d20b-a341-44a9-8ca4-c95d702ef987","source":"22c43d52-1400-42d2-89e7-f8096a45b722","target":"0c6df9f6-8f0e-4132-9043-ba84cf16703d","agreement":true,"isActive":true,"date":1702310875094,"kind":"Connector","isSelected":false,"intensity":3,"isDeletable":true,"isOver":false,"isBidirectional":false,"eventLog":[{"time":1702310875094,"type":"create connection"}]},{"id":"65e4d7eb-7499-4acc-ac9d-2bcad041ea08","source":"22c43d52-1400-42d2-89e7-f8096a45b722","target":"bc6b4102-a5b5-4f9c-ba96-ebc4c837820c","agreement":true,"isActive":true,"date":1702310981391,"kind":"Connector","isSelected":false,"intensity":6,"isDeletable":true,"isOver":false,"isBidirectional":false,"eventLog":[{"time":1702310981391,"type":"create connection"},{"time":1702310984110,"type":"selected","value":1},{"time":1702311014418,"type":"change intensity of connector","value":6},{"time":1702311014418,"type":"selected","value":0}]},{"id":"dba7be03-b097-40e4-bd75-111b4121d261","source":"f78c11b0-11d9-4850-b87c-95acff0e72ed","target":"6c71b217-3297-4647-bd3e-4a3bb9a99f84","agreement":true,"isActive":true,"date":1702311087632,"kind":"Connector","isSelected":false,"intensity":3,"isDeletable":true,"isOver":false,"isBidirectional":false,"eventLog":[{"time":1702311087632,"type":"create connection"}]},{"id":"c126f94d-f2fa-46db-9c51-66963e09e6d5","source":"6c71b217-3297-4647-bd3e-4a3bb9a99f84","target":"22c43d52-1400-42d2-89e7-f8096a45b722","agreement":true,"isActive":true,"date":1702311091759,"kind":"Connector","isSelected":false,"intensity":3,"isDeletable":true,"isOver":false,"isBidirectional":false,"eventLog":[{"time":1702311091759,"type":"create connection"}]}],"currentID":{},"currentNode":{},"hasSelectedNode":[false],"currentConnector":{},"hasSelectedConnector":[false],"readyToMove":[true],"isIncoming":[false],"hasElementMoved":[true]}
