{"idCAM":["21a4de17-cb64-4f84-9def-81bf57678337"],"creator":["604d26915c5dc2a98d18c7fd_pre"],"projectCAM":["S2_CAM part 1"],"defocusCAM":[],"date":[1702311477271],"nodes":[{"id":"f8eaa005-9dd9-4641-9bde-8f75a9d79706","value":1,"text":"social assistance robot","comment":"","position":{"x":650,"y":400},"isActive":true,"date":1702311478172,"kind":"Node","isSelected":false,"isConnectorSelected":false,"isDraggable":0,"isDeletable":0,"hasElementMoved":false,"eventLog":[{"time":1702311478172,"type":"create node","value":0},{"time":1702312024817,"type":"selected","value":1},{"time":1702312027848,"type":"value","value":2},{"time":1702312027848,"type":"selected","value":0},{"time":1702312161147,"type":"selected","value":1},{"time":1702312162625,"type":"value","value":1},{"time":1702312162625,"type":"selected","value":0}],"isTextChangeable":0},{"id":"e88b4665-b539-4571-9096-e558431a6e78","value":0,"text":"disadvantages","comment":"","position":{"x":450,"y":400},"isActive":true,"date":1702311478172,"kind":"Node","isSelected":false,"isConnectorSelected":false,"isDraggable":0,"isDeletable":0,"hasElementMoved":false,"eventLog":[{"time":1702311478172,"type":"create node","value":0},{"time":1702311881701,"type":"selected","value":1},{"time":1702311882691,"type":"selected","value":0},{"time":1702312032153,"type":"selected","value":1},{"time":1702312034020,"type":"value","value":-3},{"time":1702312034020,"type":"selected","value":0},{"time":1702312040784,"type":"selected","value":1},{"time":1702312042747,"type":"value","value":0},{"time":1702312042747,"type":"selected","value":0}],"isTextChangeable":0},{"id":"4b776aa1-7866-4de9-a1a7-19a9d61eedc1","value":0,"text":"advantages","comment":"","position":{"x":850,"y":400},"isActive":true,"date":1702311478172,"kind":"Node","isSelected":false,"isConnectorSelected":false,"isDraggable":0,"isDeletable":0,"hasElementMoved":false,"eventLog":[{"time":1702311478172,"type":"create node","value":0},{"time":1702311651762,"type":"selected","value":1},{"time":1702311653355,"type":"selected","value":0},{"time":1702312035117,"type":"selected","value":1},{"time":1702312037079,"type":"value","value":3},{"time":1702312037079,"type":"selected","value":0},{"time":1702312038311,"type":"selected","value":1},{"time":1702312040086,"type":"value","value":0},{"time":1702312040086,"type":"selected","value":0}],"isTextChangeable":0},{"id":"e147f90c-ea05-4ac6-b798-baf70965c1bc","value":2,"text":"fill empty workplaces","comment":"","position":{"x":849,"y":177},"isActive":true,"date":1702311497246,"kind":"Node","isSelected":false,"isConnectorSelected":false,"isDraggable":1,"isDeletable":1,"hasElementMoved":false,"eventLog":[{"time":"1702311497246","type":"create node","value":[0]},{"time":"2023-12-11T16:18:18.892Z","type":"position","value":{"x":[968],"y":[280]}},{"time":"1702311499363","type":"selected","value":[true]},{"time":"1702311516618","type":"text","value":["Leere Arbeitsplätze füllen"]},{"time":"1702311516618","type":"value","value":[2]},{"time":"1702311516618","type":"selected","value":[false]},{"time":"2023-12-11T16:20:48.915Z","type":"position","value":{"x":[946],"y":[276]}},{"time":"2023-12-11T16:25:55.537Z","type":"position","value":{"x":[908],"y":[222]}},{"time":"2023-12-11T16:26:23.528Z","type":"position","value":{"x":[870],"y":[213]}},{"time":"2023-12-11T16:26:29.605Z","type":"position","value":{"x":[865],"y":[211]}},{"time":"2023-12-11T16:26:31.284Z","type":"position","value":{"x":[848],"y":[193]}}],"isTextChangeable":1},{"id":"b9fb6960-4223-4ec4-8d95-e9caf617a5ca","value":3,"text":"fight loneliness","comment":"","position":{"x":1080,"y":179},"isActive":true,"date":1702311528700,"kind":"Node","isSelected":false,"isConnectorSelected":false,"isDraggable":1,"isDeletable":1,"hasElementMoved":false,"eventLog":[{"time":"1702311528700","type":"create node","value":[0]},{"time":"1702311530925","type":"selected","value":[true]},{"time":"1702311548521","type":"text","value":["Einsamkeit bekämpfen"]},{"time":"1702311548521","type":"value","value":[3]},{"time":"1702311548521","type":"selected","value":[false]},{"time":"2023-12-11T16:20:49.799Z","type":"position","value":{"x":[1005],"y":[390]}},{"time":"2023-12-11T16:20:50.049Z","type":"position","value":{"x":[1011],"y":[240]}},{"time":"2023-12-11T16:25:41.705Z","type":"position","value":{"x":[1023],"y":[251]}}],"isTextChangeable":1},{"id":"c596b79d-1ad8-4de9-b0ce-692ae06252f0","value":10,"text":"cheap labor","comment":"","position":{"x":648,"y":197},"isActive":true,"date":1702311550206,"kind":"Node","isSelected":false,"isConnectorSelected":false,"isDraggable":1,"isDeletable":1,"hasElementMoved":false,"eventLog":[{"time":"1702311550206","type":"create node","value":[0]},{"time":"1702311552249","type":"selected","value":[true]},{"time":"1702311584895","type":"text","value":["Günstige Arbeitskraft"]},{"time":"1702311584895","type":"value","value":[3]},{"time":"1702311584895","type":"selected","value":[false]},{"time":"2023-12-11T16:25:57.482Z","type":"position","value":{"x":[969],"y":[526]}},{"time":"2023-12-11T16:25:57.640Z","type":"position","value":{"x":[874],"y":[375]}},{"time":"2023-12-11T16:25:57.686Z","type":"position","value":{"x":[819],"y":[331]}},{"time":"2023-12-11T16:25:57.861Z","type":"position","value":{"x":[674],"y":[225]}},{"time":"2023-12-11T16:25:57.870Z","type":"position","value":{"x":[669],"y":[221]}},{"time":"2023-12-11T16:25:59.257Z","type":"position","value":{"x":[621],"y":[193]}},{"time":"2023-12-11T16:26:07.704Z","type":"position","value":{"x":[656],"y":[206]}},{"time":"1702311969030","type":"selected","value":[true]},{"time":"1702311974312","type":"value","value":[10]},{"time":"1702311974312","type":"selected","value":[false]},{"time":"2023-12-11T16:26:15.536Z","type":"position","value":{"x":[673],"y":[217]}},{"time":"2023-12-11T16:26:16.991Z","type":"position","value":{"x":[644],"y":[214]}},{"time":"2023-12-11T16:26:21.542Z","type":"position","value":{"x":[636],"y":[206]}},{"time":"2023-12-11T16:26:25.747Z","type":"position","value":{"x":[661],"y":[205]}},{"time":"2023-12-11T16:26:56.422Z","type":"position","value":{"x":[661],"y":[207]}}],"isTextChangeable":1},{"id":"63ef0e3b-b7e0-4520-bdc3-aafd8453f15b","value":3,"text":"artificial intelligence","comment":"AI may possibly enable better therapeutic methods than humans","position":{"x":853,"y":608},"isActive":true,"date":1702311586630,"kind":"Node","isSelected":false,"isConnectorSelected":false,"isDraggable":1,"isDeletable":1,"hasElementMoved":false,"eventLog":[{"time":"1702311586630","type":"create node","value":[0]},{"time":"1702311587718","type":"selected","value":[true]},{"time":"1702311631904","type":"text","value":["Künstliche Intelligenz"]},{"time":"1702311631904","type":"value","value":[3]},{"time":"1702311631904","type":"comment","value":["KI ermöglicht möglicherweise bessere therapeutische Methoden als Menschen"]},{"time":"1702311631904","type":"selected","value":[false]},{"time":"1702311821515","type":"selected","value":[true]},{"time":"1702311824416","type":"selected","value":[false]},{"time":"2023-12-11T16:26:35.882Z","type":"position","value":{"x":[943],"y":[587]}},{"time":"2023-12-11T16:26:38.681Z","type":"position","value":{"x":[862],"y":[600]}}],"isTextChangeable":1},{"id":"9d43a8de-a4d2-4ddb-867e-b816573f0ccd","value":1,"text":"personal care","comment":"In, for example, nursing homes, the caregivers often change. A robot could be programmed to be exactly tailored to a resident.","position":{"x":1093,"y":404},"isActive":true,"date":1702311654083,"kind":"Node","isSelected":false,"isConnectorSelected":false,"isDraggable":1,"isDeletable":1,"hasElementMoved":false,"eventLog":[{"time":"1702311654083","type":"create node","value":[0]},{"time":"1702311654168","type":"selected","value":[true]},{"time":"1702311717453","type":"text","value":["Personalisierte Assistenz"]},{"time":"1702311717453","type":"value","value":[1]},{"time":"1702311717453","type":"comment","value":["In z. B. Altenheimen wechseln oft die Pfleger. Einen Roboter könnte man so programmieren, dass er exakt auf einen Bewohner zugeschnitten wäre."]},{"time":"1702311717453","type":"selected","value":[false]},{"time":"1702311719602","type":"selected","value":[true]},{"time":"1702311731979","type":"text","value":["Persönliche Pflege"]},{"time":"1702311731979","type":"selected","value":[false]},{"time":"2023-12-11T16:25:42.868Z","type":"position","value":{"x":[1034],"y":[407]}},{"time":"2023-12-11T16:25:49.143Z","type":"position","value":{"x":[1060],"y":[432]}},{"time":"2023-12-11T16:27:00.209Z","type":"position","value":{"x":[1095],"y":[398]}}],"isTextChangeable":1},{"id":"9b79a551-a186-4f61-baca-1ec184f15816","value":-3,"text":"loss of jobs","comment":"","position":{"x":183,"y":195},"isActive":true,"date":1702311736842,"kind":"Node","isSelected":false,"isConnectorSelected":false,"isDraggable":1,"isDeletable":1,"hasElementMoved":false,"eventLog":[{"time":"1702311736842","type":"create node","value":[0]},{"time":"1702311736912","type":"selected","value":[true]},{"time":"1702311747147","type":"text","value":["Verlust von Arbeitsplätzen"]},{"time":"1702311747147","type":"value","value":[-3]},{"time":"1702311747147","type":"selected","value":[false]},{"time":"2023-12-11T16:24:02.448Z","type":"position","value":{"x":[363],"y":[249]}},{"time":"2023-12-11T16:24:04.252Z","type":"position","value":{"x":[363],"y":[214]}},{"time":"2023-12-11T16:24:09.310Z","type":"position","value":{"x":[353],"y":[193]}},{"time":"2023-12-11T16:25:32.276Z","type":"position","value":{"x":[347],"y":[167]}},{"time":"2023-12-11T16:26:00.561Z","type":"position","value":{"x":[375],"y":[212]}},{"time":"2023-12-11T16:26:02.967Z","type":"position","value":{"x":[341],"y":[214]}},{"time":"2023-12-11T16:26:03.412Z","type":"position","value":{"x":[191],"y":[201]}}],"isTextChangeable":1},{"id":"367117f5-2521-4193-923d-88419d11cd51","value":-2,"text":"Real jobs underpaid","comment":"Since the robots might be cheaper.","position":{"x":441,"y":193},"isActive":true,"date":1702311747818,"kind":"Node","isSelected":false,"isConnectorSelected":false,"isDraggable":1,"isDeletable":1,"hasElementMoved":false,"eventLog":[{"time":"1702311747818","type":"create node","value":[0]},{"time":"1702311747890","type":"selected","value":[true]},{"time":"1702311780922","type":"text","value":["Echte Arbeitsplätze unterbezahlt"]},{"time":"1702311780922","type":"comment","value":["Da die Roboter eventuell günstiger wären."]},{"time":"1702311780922","type":"selected","value":[false]},{"time":"1702311781819","type":"selected","value":[true]},{"time":"1702311783963","type":"value","value":[-2]},{"time":"1702311783963","type":"selected","value":[false]},{"time":"2023-12-11T16:25:18.294Z","type":"position","value":{"x":[287],"y":[441]}},{"time":"2023-12-11T16:25:23.190Z","type":"position","value":{"x":[270],"y":[289]}},{"time":"2023-12-11T16:25:25.190Z","type":"position","value":{"x":[146],"y":[211]}},{"time":"2023-12-11T16:25:33.723Z","type":"position","value":{"x":[165],"y":[181]}},{"time":"2023-12-11T16:26:01.698Z","type":"position","value":{"x":[133],"y":[207]}},{"time":"2023-12-11T16:26:01.853Z","type":"position","value":{"x":[285],"y":[192]}},{"time":"2023-12-11T16:26:01.957Z","type":"position","value":{"x":[438],"y":[195]}},{"time":"2023-12-11T16:26:04.430Z","type":"position","value":{"x":[459],"y":[217]}},{"time":"2023-12-11T16:29:32.550Z","type":"position","value":{"x":[434],"y":[218]}}],"isTextChangeable":1},{"id":"8b72be4a-dc3c-4ded-9091-2cee13866028","value":-2,"text":"loss of human contact","comment":"","position":{"x":450,"y":552},"isActive":true,"date":1702311786518,"kind":"Node","isSelected":false,"isConnectorSelected":false,"isDraggable":1,"isDeletable":1,"hasElementMoved":false,"eventLog":[{"time":"1702311786518","type":"create node","value":[0]},{"time":"1702311786619","type":"selected","value":[true]},{"time":"1702311788132","type":"selected","value":[false]},{"time":"2023-12-11T16:23:08.544Z","type":"position","value":{"x":[334],"y":[418]}},{"time":"2023-12-11T16:23:08.678Z","type":"position","value":{"x":[341],"y":[570]}},{"time":"2023-12-11T16:23:09.430Z","type":"position","value":{"x":[347],"y":[575]}},{"time":"1702311793108","type":"selected","value":[true]},{"time":"1702311810541","type":"text","value":["Verlust menschlichen Kontaktes"]},{"time":"1702311810541","type":"value","value":[-2]},{"time":"1702311810541","type":"selected","value":[false]},{"time":"2023-12-11T16:24:10.093Z","type":"position","value":{"x":[330],"y":[524]}},{"time":"2023-12-11T16:24:24.870Z","type":"position","value":{"x":[321],"y":[584]}},{"time":"2023-12-11T16:24:56.039Z","type":"position","value":{"x":[281],"y":[557]}},{"time":"2023-12-11T16:24:56.497Z","type":"position","value":{"x":[431],"y":[521]}},{"time":"2023-12-11T16:25:06.495Z","type":"position","value":{"x":[454],"y":[520]}},{"time":"2023-12-11T16:28:51.697Z","type":"position","value":{"x":[478],"y":[543]}}],"isTextChangeable":1},{"id":"af09e144-41c8-4a42-bf2f-0e798a8e3279","value":-3,"text":"social isolation","comment":"","position":{"x":294,"y":710},"isActive":true,"date":1702311811268,"kind":"Node","isSelected":false,"isConnectorSelected":false,"isDraggable":1,"isDeletable":1,"hasElementMoved":false,"eventLog":[{"time":"1702311811268","type":"create node","value":[0]},{"time":"1702311812772","type":"selected","value":[true]},{"time":"1702311818386","type":"text","value":["Soziale Isolation"]},{"time":"1702311818386","type":"value","value":[-3]},{"time":"1702311818386","type":"selected","value":[false]},{"time":"2023-12-11T16:23:38.854Z","type":"position","value":{"x":[448],"y":[535]}},{"time":"2023-12-11T16:24:11.402Z","type":"position","value":{"x":[470],"y":[546]}},{"time":"2023-12-11T16:24:24.088Z","type":"position","value":{"x":[498],"y":[587]}},{"time":"2023-12-11T16:24:25.992Z","type":"position","value":{"x":[595],"y":[585]}},{"time":"2023-12-11T16:24:35.059Z","type":"position","value":{"x":[579],"y":[583]}},{"time":"2023-12-11T16:24:54.166Z","type":"position","value":{"x":[554],"y":[573]}},{"time":"2023-12-11T16:24:54.799Z","type":"position","value":{"x":[417],"y":[723]}},{"time":"2023-12-11T16:24:54.837Z","type":"position","value":{"x":[403],"y":[728]}}],"isTextChangeable":1},{"id":"ae89780e-252e-480e-b7ea-f351a163010c","value":-2,"text":"unlearning human interaction","comment":"","position":{"x":102,"y":713},"isActive":true,"date":1702312094385,"kind":"Node","isSelected":false,"isConnectorSelected":false,"isDraggable":1,"isDeletable":1,"hasElementMoved":false,"eventLog":[{"time":"1702312094385","type":"create node","value":[0]},{"time":"1702312095365","type":"selected","value":[true]},{"time":"1702312118368","type":"text","value":["Verlernen menschlichen Umgangs"]},{"time":"1702312118368","type":"selected","value":[false]},{"time":"1702312120016","type":"selected","value":[true]},{"time":"1702312126247","type":"value","value":[-2]},{"time":"1702312126247","type":"selected","value":[false]},{"time":"2023-12-11T16:28:48.398Z","type":"position","value":{"x":[106],"y":[679]}}],"isTextChangeable":1},{"id":"53bcc75f-95aa-4234-b7ea-188f9d3802dc","value":-3,"text":"higher unemployment rate","comment":"","position":{"x":184,"y":402},"isActive":true,"date":1702312152756,"kind":"Node","isSelected":false,"isConnectorSelected":false,"isDraggable":1,"isDeletable":1,"hasElementMoved":false,"eventLog":[{"time":"1702312152756","type":"create node","value":[0]},{"time":"1702312153649","type":"selected","value":[true]},{"time":"1702312160395","type":"text","value":["Höhere Arbeitslosenquote"]},{"time":"1702312160395","type":"value","value":[-3]},{"time":"1702312160395","type":"selected","value":[false]},{"time":"2023-12-11T16:29:23.969Z","type":"position","value":{"x":[196],"y":[398]}},{"time":"1702312164941","type":"selected","value":[true]},{"time":"1702312166815","type":"selected","value":[false]},{"time":"2023-12-11T16:29:29.384Z","type":"position","value":{"x":[196],"y":[360]}}],"isTextChangeable":1},{"id":"678831e2-91fd-48e6-86e6-c2f8ca385822","value":2,"text":"more reliable than humans","comment":"","position":{"x":1096,"y":598},"isActive":true,"date":1702312186024,"kind":"Node","isSelected":false,"isConnectorSelected":false,"isDraggable":1,"isDeletable":1,"hasElementMoved":false,"eventLog":[{"time":"1702312186024","type":"create node","value":[0]},{"time":"1702312186379","type":"selected","value":[true]},{"time":"1702312207167","type":"text","value":["Zuverlässiger als Menschen"]},{"time":"1702312207167","type":"value","value":[2]},{"time":"1702312207167","type":"selected","value":[false]},{"time":"2023-12-11T16:30:09.529Z","type":"position","value":{"x":[1052],"y":[559]}},{"time":"2023-12-11T16:30:12.055Z","type":"position","value":{"x":[1096],"y":[588]}}],"isTextChangeable":1}],"connectors":[{"id":"9c829e95-7d2a-4703-a8ab-adbfe2ce6de2","source":"f8eaa005-9dd9-4641-9bde-8f75a9d79706","target":"e88b4665-b539-4571-9096-e558431a6e78","agreement":true,"isActive":true,"date":1702311478172,"kind":"Connector","isSelected":false,"intensity":3,"isDeletable":false,"isOver":false,"isBidirectional":false,"eventLog":[{"time":1702311478172,"type":"create connection"}]},{"id":"15eb4712-5491-43f4-84b0-6920d7b58db6","source":"f8eaa005-9dd9-4641-9bde-8f75a9d79706","target":"4b776aa1-7866-4de9-a1a7-19a9d61eedc1","agreement":true,"isActive":true,"date":1702311478172,"kind":"Connector","isSelected":false,"intensity":3,"isDeletable":true,"isOver":false,"isBidirectional":false,"eventLog":[{"time":1702311478172,"type":"create connection"}]},{"id":"80742708-0c1d-4ee2-96a7-6089b44488c5","source":"8b72be4a-dc3c-4ded-9091-2cee13866028","target":"af09e144-41c8-4a42-bf2f-0e798a8e3279","agreement":true,"isActive":true,"date":1702311853114,"kind":"Connector","isSelected":false,"intensity":3,"isDeletable":true,"isOver":false,"isBidirectional":false,"eventLog":[{"time":1702311853114,"type":"create connection"},{"time":1702311855865,"type":"selected","value":1},{"time":1702311863636,"type":"change intensity of connector","value":3},{"time":1702311863636,"type":"selected","value":0},{"time":1702311866885,"type":"selected","value":1},{"time":1702311874575,"type":"change intensity of connector","value":3},{"time":1702311874575,"type":"selected","value":0}]},{"id":"95cb12c8-e045-4645-be4d-a738efb50d84","source":"e88b4665-b539-4571-9096-e558431a6e78","target":"af09e144-41c8-4a42-bf2f-0e798a8e3279","agreement":true,"isActive":false,"date":1702311883822,"kind":"Connector","isSelected":false,"intensity":3,"isDeletable":true,"isOver":false,"isBidirectional":false,"eventLog":[{"time":1702311883822,"type":"create connection"},{"time":1702311890446,"type":"selected","value":1},{"time":1702311892708,"type":"connector was deleted","value":-99},{"time":1702311892708,"type":"active","value":0}]},{"id":"510a584f-22bd-462c-ab69-efef3e9d0fe6","source":"e88b4665-b539-4571-9096-e558431a6e78","target":"8b72be4a-dc3c-4ded-9091-2cee13866028","agreement":true,"isActive":true,"date":1702311898477,"kind":"Connector","isSelected":false,"intensity":6,"isDeletable":true,"isOver":false,"isBidirectional":false,"eventLog":[{"time":1702311898477,"type":"create connection"},{"time":1702311899825,"type":"selected","value":1},{"time":1702311901470,"type":"change intensity of connector","value":6},{"time":1702311901470,"type":"selected","value":0},{"time":1702311909402,"type":"selected","value":1},{"time":1702311911117,"type":"change intensity of connector","value":6},{"time":1702311911117,"type":"selected","value":0}]},{"id":"cbe46bcc-449c-4161-be2f-21f9eee62f3a","source":"e88b4665-b539-4571-9096-e558431a6e78","target":"367117f5-2521-4193-923d-88419d11cd51","agreement":true,"isActive":true,"date":1702311927420,"kind":"Connector","isSelected":false,"intensity":3,"isDeletable":true,"isOver":false,"isBidirectional":false,"eventLog":[{"time":1702311927420,"type":"create connection"}]},{"id":"fecc64e7-96db-475d-b6e9-8d1917341a0a","source":"e88b4665-b539-4571-9096-e558431a6e78","target":"9b79a551-a186-4f61-baca-1ec184f15816","agreement":true,"isActive":true,"date":1702311929114,"kind":"Connector","isSelected":false,"intensity":3,"isDeletable":true,"isOver":false,"isBidirectional":false,"eventLog":[{"time":1702311929114,"type":"create connection"}]},{"id":"e55de077-d5d7-4150-bd9f-78f2af3cc69d","source":"9b79a551-a186-4f61-baca-1ec184f15816","target":"367117f5-2521-4193-923d-88419d11cd51","agreement":true,"isActive":true,"date":1702311930674,"kind":"Connector","isSelected":false,"intensity":3,"isDeletable":true,"isOver":false,"isBidirectional":false,"eventLog":[{"time":1702311930674,"type":"create connection"}]},{"id":"017ca766-406a-4f75-8c92-35cb5bcfc025","source":"9d43a8de-a4d2-4ddb-867e-b816573f0ccd","target":"b9fb6960-4223-4ec4-8d95-e9caf617a5ca","agreement":true,"isActive":true,"date":1702311947322,"kind":"Connector","isSelected":false,"intensity":3,"isDeletable":true,"isOver":false,"isBidirectional":false,"eventLog":[{"time":1702311947322,"type":"create connection"}]},{"id":"76e3efe6-37f6-4d4d-8de0-eecc35159f73","source":"4b776aa1-7866-4de9-a1a7-19a9d61eedc1","target":"b9fb6960-4223-4ec4-8d95-e9caf617a5ca","agreement":true,"isActive":true,"date":1702311951468,"kind":"Connector","isSelected":false,"intensity":3,"isDeletable":true,"isOver":false,"isBidirectional":false,"eventLog":[{"time":1702311951468,"type":"create connection"}]},{"id":"79b72ef1-f5ac-4567-af18-130732e267d7","source":"4b776aa1-7866-4de9-a1a7-19a9d61eedc1","target":"9d43a8de-a4d2-4ddb-867e-b816573f0ccd","agreement":true,"isActive":true,"date":1702311952531,"kind":"Connector","isSelected":false,"intensity":3,"isDeletable":true,"isOver":false,"isBidirectional":false,"eventLog":[{"time":1702311952531,"type":"create connection"}]},{"id":"e77481d4-84d2-4805-b419-eecc09de0c42","source":"4b776aa1-7866-4de9-a1a7-19a9d61eedc1","target":"c596b79d-1ad8-4de9-b0ce-692ae06252f0","agreement":true,"isActive":true,"date":1702311966977,"kind":"Connector","isSelected":false,"intensity":3,"isDeletable":true,"isOver":false,"isBidirectional":false,"eventLog":[{"time":1702311966977,"type":"create connection"}]},{"id":"27d6540a-1655-4e35-8dc5-906706c2234e","source":"c596b79d-1ad8-4de9-b0ce-692ae06252f0","target":"367117f5-2521-4193-923d-88419d11cd51","agreement":true,"isActive":true,"date":1702311979260,"kind":"Connector","isSelected":false,"intensity":3,"isDeletable":true,"isOver":false,"isBidirectional":false,"eventLog":[{"time":1702311979260,"type":"create connection"}]},{"id":"438f04c6-ce20-4e39-817d-439c0186089a","source":"e147f90c-ea05-4ac6-b798-baf70965c1bc","target":"4b776aa1-7866-4de9-a1a7-19a9d61eedc1","agreement":true,"isActive":true,"date":1702311988596,"kind":"Connector","isSelected":false,"intensity":3,"isDeletable":true,"isOver":false,"isBidirectional":false,"eventLog":[{"time":1702311988596,"type":"create connection"}]},{"id":"e25dd247-1326-4e03-8ad2-505a5fea877a","source":"4b776aa1-7866-4de9-a1a7-19a9d61eedc1","target":"63ef0e3b-b7e0-4520-bdc3-aafd8453f15b","agreement":true,"isActive":true,"date":1702311997991,"kind":"Connector","isSelected":false,"intensity":3,"isDeletable":true,"isOver":false,"isBidirectional":false,"eventLog":[{"time":1702311997991,"type":"create connection"}]},{"id":"89e38399-0c32-437d-95c2-8b0cc56bfcc0","source":"af09e144-41c8-4a42-bf2f-0e798a8e3279","target":"ae89780e-252e-480e-b7ea-f351a163010c","agreement":true,"isActive":true,"date":1702312127725,"kind":"Connector","isSelected":false,"intensity":3,"isDeletable":true,"isOver":false,"isBidirectional":false,"eventLog":[{"time":1702312127725,"type":"create connection"}]},{"id":"d42d29bc-6cdb-4166-bd88-b5c5261c77ec","source":"9b79a551-a186-4f61-baca-1ec184f15816","target":"53bcc75f-95aa-4234-b7ea-188f9d3802dc","agreement":true,"isActive":true,"date":1702312168250,"kind":"Connector","isSelected":false,"intensity":3,"isDeletable":true,"isOver":false,"isBidirectional":false,"eventLog":[{"time":1702312168250,"type":"create connection"}]},{"id":"75f50446-2991-4729-bddc-82136b4ce025","source":"678831e2-91fd-48e6-86e6-c2f8ca385822","target":"4b776aa1-7866-4de9-a1a7-19a9d61eedc1","agreement":true,"isActive":true,"date":1702312208638,"kind":"Connector","isSelected":false,"intensity":3,"isDeletable":true,"isOver":false,"isBidirectional":false,"eventLog":[{"time":1702312208638,"type":"create connection"}]}],"currentID":{},"currentNode":{},"hasSelectedNode":[false],"currentConnector":{},"hasSelectedConnector":[false],"readyToMove":[false],"isIncoming":[false],"hasElementMoved":[false]}
