{"idCAM":["a1b238c7-507f-41e7-864b-98879feafd4b"],"creator":["604d26915c5dc2a98d18c7fd_post"],"projectCAM":["S2_CAM part 2"],"defocusCAM":[],"date":[1702312334890],"nodes":[{"id":"9536493a-d194-49b5-91a2-0ddf54336438","value":1,"text":"social assistance robot","comment":"","position":{"x":650,"y":400},"isActive":true,"date":1702312335793,"kind":"Node","isSelected":false,"isConnectorSelected":false,"isDraggable":0,"isDeletable":0,"hasElementMoved":false,"eventLog":[{"time":1702312335793,"type":"create node","value":1}],"isTextChangeable":0},{"id":"49309b4a-3079-422b-8ef4-8b02f2e9e36e","value":0,"text":"disadvantages","comment":"","position":{"x":450,"y":400},"isActive":true,"date":1702312335793,"kind":"Node","isSelected":false,"isConnectorSelected":false,"isDraggable":0,"isDeletable":0,"hasElementMoved":false,"eventLog":[{"time":1702312335793,"type":"create node","value":0}],"isTextChangeable":0},{"id":"e6dd35ce-fc2c-4a93-b71c-b7442bdc7ea2","value":0,"text":"advantages","comment":"","position":{"x":850,"y":400},"isActive":true,"date":1702312335793,"kind":"Node","isSelected":false,"isConnectorSelected":false,"isDraggable":0,"isDeletable":0,"hasElementMoved":false,"eventLog":[{"time":1702312335793,"type":"create node","value":0}],"isTextChangeable":0},{"id":"cd9aa8a0-2928-42d1-bd31-377dbc5ac05b","value":2,"text":"fill empty workplaces","comment":"","position":{"x":849,"y":177},"isActive":true,"date":1702312335793,"kind":"Node","isSelected":false,"isConnectorSelected":false,"isDraggable":1,"isDeletable":1,"hasElementMoved":false,"eventLog":[{"time":1702312335793,"type":"create node","value":2}],"isTextChangeable":1},{"id":"cf1ce201-a7cf-43fd-b590-89f43151f8f6","value":3,"text":"fight loneliness","comment":"","position":{"x":925,"y":670},"isActive":true,"date":1702312335793,"kind":"Node","isSelected":false,"isConnectorSelected":false,"isDraggable":1,"isDeletable":1,"hasElementMoved":false,"eventLog":[{"time":"1702312335793","type":"create node","value":[3]},{"time":"2023-12-11T16:33:40.233Z","type":"position","value":{"x":[1083],"y":[200]}},{"time":"2023-12-11T16:33:40.415Z","type":"position","value":{"x":[1090],"y":[353]}},{"time":"2023-12-11T16:33:40.602Z","type":"position","value":{"x":[1092],"y":[504]}},{"time":"2023-12-11T16:33:43.520Z","type":"position","value":{"x":[1076],"y":[573]}},{"time":"2023-12-11T16:33:47.096Z","type":"position","value":{"x":[1075],"y":[657]}},{"time":"2023-12-11T16:33:50.291Z","type":"position","value":{"x":[922],"y":[689]}}],"isTextChangeable":1},{"id":"d14ea70d-6cb6-4e3b-bfa0-8b90bb42a515","value":10,"text":"cheap labor","comment":"","position":{"x":648,"y":197},"isActive":true,"date":1702312335793,"kind":"Node","isSelected":false,"isConnectorSelected":false,"isDraggable":1,"isDeletable":1,"hasElementMoved":false,"eventLog":[{"time":1702312335793,"type":"create node","value":10}],"isTextChangeable":1},{"id":"1eeb1740-56c6-438a-b118-d56fa2e2c80d","value":3,"text":"artificial intelligence","comment":"","position":{"x":1124,"y":289},"isActive":true,"date":1702312335793,"kind":"Node","isSelected":false,"isConnectorSelected":false,"isDraggable":1,"isDeletable":1,"hasElementMoved":false,"eventLog":[{"time":"1702312335793","type":"create node","value":[3]},{"time":"2023-12-11T16:33:45.633Z","type":"position","value":{"x":[893],"y":[600]}},{"time":"2023-12-11T16:33:45.736Z","type":"position","value":{"x":[987],"y":[444]}},{"time":"2023-12-11T16:33:45.765Z","type":"position","value":{"x":[1045],"y":[373]}},{"time":"2023-12-11T16:33:45.840Z","type":"position","value":{"x":[1111],"y":[292]}}],"isTextChangeable":1},{"id":"fa602fcc-6a16-4b5b-9a91-ed4ff2ae1801","value":1,"text":"personal care","comment":"","position":{"x":1192,"y":668},"isActive":true,"date":1702312335793,"kind":"Node","isSelected":false,"isConnectorSelected":false,"isDraggable":1,"isDeletable":1,"hasElementMoved":false,"eventLog":[{"time":"1702312335793","type":"create node","value":[1]},{"time":"2023-12-11T16:33:48.131Z","type":"position","value":{"x":[1096],"y":[421]}},{"time":"2023-12-11T16:33:48.251Z","type":"position","value":{"x":[1142],"y":[571]}}],"isTextChangeable":1},{"id":"2f7b7df9-4b7e-4ff3-ae6d-b748c1dbd1b6","value":-3,"text":"loss of jobs","comment":"","position":{"x":183,"y":195},"isActive":true,"date":1702312335793,"kind":"Node","isSelected":false,"isConnectorSelected":false,"isDraggable":1,"isDeletable":1,"hasElementMoved":false,"eventLog":[{"time":1702312335793,"type":"create node","value":-3}],"isTextChangeable":1},{"id":"36141f46-6112-48d8-8feb-e944484f3678","value":-2,"text":"Real jobs underpaid","comment":"","position":{"x":441,"y":193},"isActive":true,"date":1702312335793,"kind":"Node","isSelected":false,"isConnectorSelected":false,"isDraggable":1,"isDeletable":1,"hasElementMoved":false,"eventLog":[{"time":1702312335793,"type":"create node","value":-2}],"isTextChangeable":1},{"id":"ca25cce2-b747-42cc-855c-36f97b5b1d52","value":-2,"text":"loss of human contact","comment":"","position":{"x":450,"y":552},"isActive":true,"date":1702312335793,"kind":"Node","isSelected":false,"isConnectorSelected":false,"isDraggable":1,"isDeletable":1,"hasElementMoved":false,"eventLog":[{"time":1702312335793,"type":"create node","value":-2}],"isTextChangeable":1},{"id":"e3ce218d-775d-4181-b29b-54e7e3d46aff","value":-3,"text":"social isolation","comment":"","position":{"x":224,"y":625},"isActive":true,"date":1702312335793,"kind":"Node","isSelected":false,"isConnectorSelected":false,"isDraggable":1,"isDeletable":1,"hasElementMoved":false,"eventLog":[{"time":"1702312335793","type":"create node","value":[-3]},{"time":"2023-12-11T16:35:45.537Z","type":"position","value":{"x":[299],"y":[689]}}],"isTextChangeable":1},{"id":"eafed3a8-4ad5-4127-8024-9f53dec401f3","value":-2,"text":"unlearning human interaction","comment":"","position":{"x":102,"y":713},"isActive":true,"date":1702312335793,"kind":"Node","isSelected":false,"isConnectorSelected":false,"isDraggable":1,"isDeletable":1,"hasElementMoved":false,"eventLog":[{"time":1702312335793,"type":"create node","value":-2}],"isTextChangeable":1},{"id":"557ba194-6df5-4ff1-843e-b0838443cd59","value":-3,"text":"higher unemployment rate","comment":"","position":{"x":184,"y":402},"isActive":true,"date":1702312335793,"kind":"Node","isSelected":false,"isConnectorSelected":false,"isDraggable":1,"isDeletable":1,"hasElementMoved":false,"eventLog":[{"time":1702312335793,"type":"create node","value":-3}],"isTextChangeable":1},{"id":"51c0ce92-bd11-4bf0-8788-e9d4493f200d","value":2,"text":"more reliable than humans","comment":"","position":{"x":1081,"y":173},"isActive":true,"date":1702312335793,"kind":"Node","isSelected":false,"isConnectorSelected":false,"isDraggable":1,"isDeletable":1,"hasElementMoved":false,"eventLog":[{"time":"1702312335793","type":"create node","value":[2]},{"time":"2023-12-11T16:33:41.857Z","type":"position","value":{"x":[1085],"y":[577]}},{"time":"2023-12-11T16:33:41.991Z","type":"position","value":{"x":[1110],"y":[426]}},{"time":"2023-12-11T16:33:42.091Z","type":"position","value":{"x":[1115],"y":[273]}}],"isTextChangeable":1},{"id":"70bb146c-972c-48ba-8079-5483f5e6720f","value":0,"text":"soft robots","comment":"","position":{"x":653,"y":569},"isActive":true,"date":1702312357274,"kind":"Node","isSelected":false,"isConnectorSelected":false,"isDraggable":1,"isDeletable":1,"hasElementMoved":false,"eventLog":[{"time":"1702312357274","type":"create node","value":[0]},{"time":"1702312357334","type":"selected","value":[true]},{"time":"1702312363638","type":"text","value":["Softe Roboter"]},{"time":"1702312363638","type":"selected","value":[false]},{"time":"2023-12-11T16:32:44.476Z","type":"position","value":{"x":[677],"y":[520]}},{"time":"2023-12-11T16:32:46.493Z","type":"position","value":{"x":[659],"y":[554]}},{"time":"2023-12-11T16:32:53.802Z","type":"position","value":{"x":[677],"y":[581]}}],"isTextChangeable":1},{"id":"0f1f1746-f341-4a8c-91db-498fe8ef80ac","value":10,"text":"realistic","comment":"With more realistic robots, the associated negative aspects could be intensified, as the distinction between real beings and robots decreases.","position":{"x":658,"y":721},"isActive":true,"date":1702312378351,"kind":"Node","isSelected":false,"isConnectorSelected":false,"isDraggable":1,"isDeletable":1,"hasElementMoved":false,"eventLog":[{"time":"1702312378351","type":"create node","value":[0]},{"time":"1702312378633","type":"selected","value":[true]},{"time":"1702312403612","type":"text","value":["Realistischer"]},{"time":"1702312403612","type":"selected","value":[false]},{"time":"1702312404740","type":"selected","value":[true]},{"time":"1702312406837","type":"value","value":[3]},{"time":"1702312406837","type":"selected","value":[false]},{"time":"2023-12-11T16:33:30.803Z","type":"position","value":{"x":[762],"y":[701]}},{"time":"2023-12-11T16:33:31.002Z","type":"position","value":{"x":[912],"y":[718]}},{"time":"2023-12-11T16:33:32.023Z","type":"position","value":{"x":[762],"y":[701]}},{"time":"1702312461668","type":"selected","value":[true]},{"time":"1702312463412","type":"value","value":[1]},{"time":"1702312463412","type":"selected","value":[false]},{"time":"2023-12-11T16:34:41.591Z","type":"position","value":{"x":[748],"y":[665]}},{"time":"1702312482831","type":"selected","value":[true]},{"time":"1702312538447","type":"value","value":[10]},{"time":"1702312538447","type":"comment","value":["Durch die realistischeren Roboter, könnten die verbundenen negativen Aspekte verstärkt werden, da die Abgrenzung zwischen echten Wesen und Robotern kleiner wird."]},{"time":"1702312538447","type":"selected","value":[false]},{"time":"2023-12-11T16:36:05.695Z","type":"position","value":{"x":[631],"y":[712]}}],"isTextChangeable":1},{"id":"20192e42-680f-4699-8be0-b6b2da7644bc","value":-2,"text":"Verstärkte Immersion","comment":"Durch die verstärkte Immersion, bzw. den ","position":{"x":500,"y":686},"isActive":false,"date":1702312440159,"kind":"Node","isSelected":false,"isConnectorSelected":false,"isDraggable":1,"isDeletable":1,"hasElementMoved":false,"eventLog":[{"time":1702312440159,"type":"create node","value":"0"},{"time":1702312440249,"type":"selected","value":"TRUE"},{"time":1702312461087,"type":"text","value":"Verstärkte Immersion"},{"time":1702312461087,"type":"value","value":"-2"},{"time":1702312461087,"type":"selected","value":"FALSE"},{"time":1702312464113,"type":"selected","value":"TRUE"},{"time":1702312478252,"type":"comment","value":"Durch die verstärkte Immersion, bzw. den "},{"time":1702312478252,"type":"selected","value":"FALSE"},{"time":1702312479217,"type":"selected","value":"TRUE"},{"time":1702312480649,"type":"node was deleted","value":"-99"}],"isTextChangeable":1}],"connectors":[{"id":"88a737e5-a3f8-4dea-9dd7-617a922b88d5","source":"9536493a-d194-49b5-91a2-0ddf54336438","target":"49309b4a-3079-422b-8ef4-8b02f2e9e36e","agreement":true,"isActive":true,"date":1702312335793,"kind":"Connector","isSelected":false,"intensity":3,"isDeletable":false,"isOver":false,"isBidirectional":false,"eventLog":[{"time":1702312335793,"type":"create connection"}]},{"id":"f0f463f9-9604-4c19-8043-1931cb2e5902","source":"9536493a-d194-49b5-91a2-0ddf54336438","target":"e6dd35ce-fc2c-4a93-b71c-b7442bdc7ea2","agreement":true,"isActive":true,"date":1702312335794,"kind":"Connector","isSelected":false,"intensity":3,"isDeletable":true,"isOver":false,"isBidirectional":false,"eventLog":[{"time":1702312335794,"type":"create connection"}]},{"id":"c9d7175f-8081-490e-a248-d27f62f8758b","source":"ca25cce2-b747-42cc-855c-36f97b5b1d52","target":"e3ce218d-775d-4181-b29b-54e7e3d46aff","agreement":true,"isActive":true,"date":1702312335794,"kind":"Connector","isSelected":false,"intensity":3,"isDeletable":true,"isOver":false,"isBidirectional":false,"eventLog":[{"time":1702312335794,"type":"create connection"}]},{"id":"329e5cdf-950b-4a04-877f-14403150b3b7","source":"49309b4a-3079-422b-8ef4-8b02f2e9e36e","target":"ca25cce2-b747-42cc-855c-36f97b5b1d52","agreement":true,"isActive":true,"date":1702312335794,"kind":"Connector","isSelected":false,"intensity":6,"isDeletable":true,"isOver":false,"isBidirectional":false,"eventLog":[{"time":1702312335794,"type":"create connection"}]},{"id":"e0f6623f-4e0c-4647-92f2-17f1480f27d5","source":"49309b4a-3079-422b-8ef4-8b02f2e9e36e","target":"36141f46-6112-48d8-8feb-e944484f3678","agreement":true,"isActive":true,"date":1702312335794,"kind":"Connector","isSelected":false,"intensity":3,"isDeletable":true,"isOver":false,"isBidirectional":false,"eventLog":[{"time":1702312335794,"type":"create connection"}]},{"id":"ed3c57be-5ea3-48d9-9428-ea9d1252695b","source":"49309b4a-3079-422b-8ef4-8b02f2e9e36e","target":"2f7b7df9-4b7e-4ff3-ae6d-b748c1dbd1b6","agreement":true,"isActive":true,"date":1702312335794,"kind":"Connector","isSelected":false,"intensity":3,"isDeletable":true,"isOver":false,"isBidirectional":false,"eventLog":[{"time":1702312335794,"type":"create connection"}]},{"id":"6a981c68-bdf6-4994-addb-04dd663c605d","source":"2f7b7df9-4b7e-4ff3-ae6d-b748c1dbd1b6","target":"36141f46-6112-48d8-8feb-e944484f3678","agreement":true,"isActive":true,"date":1702312335794,"kind":"Connector","isSelected":false,"intensity":3,"isDeletable":true,"isOver":false,"isBidirectional":false,"eventLog":[{"time":1702312335794,"type":"create connection"}]},{"id":"98a92ecd-13cd-4dc8-838d-7e44bc1a7faf","source":"fa602fcc-6a16-4b5b-9a91-ed4ff2ae1801","target":"cf1ce201-a7cf-43fd-b590-89f43151f8f6","agreement":true,"isActive":true,"date":1702312335794,"kind":"Connector","isSelected":false,"intensity":3,"isDeletable":true,"isOver":false,"isBidirectional":false,"eventLog":[{"time":1702312335794,"type":"create connection"}]},{"id":"aecb5a82-c211-4949-925d-27c9f4d63e6e","source":"e6dd35ce-fc2c-4a93-b71c-b7442bdc7ea2","target":"cf1ce201-a7cf-43fd-b590-89f43151f8f6","agreement":true,"isActive":true,"date":1702312335794,"kind":"Connector","isSelected":false,"intensity":3,"isDeletable":true,"isOver":false,"isBidirectional":false,"eventLog":[{"time":1702312335794,"type":"create connection"}]},{"id":"7fe4658d-491e-444b-b5f1-887c04563fd9","source":"e6dd35ce-fc2c-4a93-b71c-b7442bdc7ea2","target":"fa602fcc-6a16-4b5b-9a91-ed4ff2ae1801","agreement":true,"isActive":true,"date":1702312335794,"kind":"Connector","isSelected":false,"intensity":3,"isDeletable":true,"isOver":false,"isBidirectional":false,"eventLog":[{"time":1702312335794,"type":"create connection"}]},{"id":"4e6b7a81-062a-499c-b192-5d087107bce0","source":"e6dd35ce-fc2c-4a93-b71c-b7442bdc7ea2","target":"d14ea70d-6cb6-4e3b-bfa0-8b90bb42a515","agreement":true,"isActive":true,"date":1702312335794,"kind":"Connector","isSelected":false,"intensity":3,"isDeletable":true,"isOver":false,"isBidirectional":false,"eventLog":[{"time":1702312335794,"type":"create connection"}]},{"id":"4698dc45-0ec7-4db2-a432-a04255366b19","source":"d14ea70d-6cb6-4e3b-bfa0-8b90bb42a515","target":"36141f46-6112-48d8-8feb-e944484f3678","agreement":true,"isActive":true,"date":1702312335794,"kind":"Connector","isSelected":false,"intensity":3,"isDeletable":true,"isOver":false,"isBidirectional":false,"eventLog":[{"time":1702312335794,"type":"create connection"}]},{"id":"eba405b9-7dcb-4853-8178-191baafc2ae4","source":"cd9aa8a0-2928-42d1-bd31-377dbc5ac05b","target":"e6dd35ce-fc2c-4a93-b71c-b7442bdc7ea2","agreement":true,"isActive":true,"date":1702312335794,"kind":"Connector","isSelected":false,"intensity":3,"isDeletable":true,"isOver":false,"isBidirectional":false,"eventLog":[{"time":1702312335794,"type":"create connection"}]},{"id":"8a72a7bc-5a7d-451a-8d35-b711e765c6b4","source":"e6dd35ce-fc2c-4a93-b71c-b7442bdc7ea2","target":"1eeb1740-56c6-438a-b118-d56fa2e2c80d","agreement":true,"isActive":true,"date":1702312335794,"kind":"Connector","isSelected":false,"intensity":3,"isDeletable":true,"isOver":false,"isBidirectional":false,"eventLog":[{"time":1702312335794,"type":"create connection"}]},{"id":"4a44d541-b341-45f9-9ccd-eafeb69285a9","source":"e3ce218d-775d-4181-b29b-54e7e3d46aff","target":"eafed3a8-4ad5-4127-8024-9f53dec401f3","agreement":true,"isActive":true,"date":1702312335794,"kind":"Connector","isSelected":false,"intensity":3,"isDeletable":true,"isOver":false,"isBidirectional":false,"eventLog":[{"time":1702312335794,"type":"create connection"}]},{"id":"3b10ae23-b902-4307-8ff5-e7a8d19f5430","source":"2f7b7df9-4b7e-4ff3-ae6d-b748c1dbd1b6","target":"557ba194-6df5-4ff1-843e-b0838443cd59","agreement":true,"isActive":true,"date":1702312335794,"kind":"Connector","isSelected":false,"intensity":3,"isDeletable":true,"isOver":false,"isBidirectional":false,"eventLog":[{"time":1702312335794,"type":"create connection"}]},{"id":"c6ee6d3a-a80f-44e9-bbe5-3b93b49b8226","source":"51c0ce92-bd11-4bf0-8788-e9d4493f200d","target":"e6dd35ce-fc2c-4a93-b71c-b7442bdc7ea2","agreement":true,"isActive":true,"date":1702312335794,"kind":"Connector","isSelected":false,"intensity":6,"isDeletable":true,"isOver":false,"isBidirectional":false,"eventLog":[{"time":1702312335794,"type":"create connection"},{"time":1702312552852,"type":"selected","value":1},{"time":1702312554247,"type":"change intensity of connector","value":6},{"time":1702312554247,"type":"selected","value":0}]},{"id":"d0f2856b-6fc3-4b62-bdba-88765a64991f","source":"9536493a-d194-49b5-91a2-0ddf54336438","target":"70bb146c-972c-48ba-8079-5483f5e6720f","agreement":true,"isActive":true,"date":1702312365808,"kind":"Connector","isSelected":false,"intensity":3,"isDeletable":true,"isOver":false,"isBidirectional":false,"eventLog":[{"time":1702312365808,"type":"create connection"}]},{"id":"e779f79c-589f-417e-9c4e-dcef9e37aa1b","source":"70bb146c-972c-48ba-8079-5483f5e6720f","target":"0f1f1746-f341-4a8c-91db-498fe8ef80ac","agreement":true,"isActive":true,"date":1702312434127,"kind":"Connector","isSelected":false,"intensity":3,"isDeletable":true,"isOver":false,"isBidirectional":false,"eventLog":[{"time":1702312434127,"type":"create connection"}]},{"id":"07cc00c2-2ea8-4112-ac74-a0ba5ea40188","source":"0f1f1746-f341-4a8c-91db-498fe8ef80ac","target":"cf1ce201-a7cf-43fd-b590-89f43151f8f6","agreement":true,"isActive":true,"date":1702312436009,"kind":"Connector","isSelected":false,"intensity":6,"isDeletable":true,"isOver":false,"isBidirectional":false,"eventLog":[{"time":1702312436009,"type":"create connection"},{"time":1702312557434,"type":"selected","value":1},{"time":1702312559821,"type":"change intensity of connector","value":6},{"time":1702312559821,"type":"selected","value":0}]},{"id":"41bae5ae-a143-456e-b2ac-94b20e4af8df","source":"0f1f1746-f341-4a8c-91db-498fe8ef80ac","target":"e3ce218d-775d-4181-b29b-54e7e3d46aff","agreement":true,"isActive":true,"date":1702312544295,"kind":"Connector","isSelected":false,"intensity":3,"isDeletable":true,"isOver":false,"isBidirectional":false,"eventLog":[{"time":1702312544295,"type":"create connection"}]},{"id":"5b8e931a-ea67-4917-ae93-0b14bf1b8677","source":"0f1f1746-f341-4a8c-91db-498fe8ef80ac","target":"ca25cce2-b747-42cc-855c-36f97b5b1d52","agreement":true,"isActive":true,"date":1702312547528,"kind":"Connector","isSelected":false,"intensity":3,"isDeletable":true,"isOver":false,"isBidirectional":false,"eventLog":[{"time":1702312547528,"type":"create connection"}]},{"id":"b0657198-b572-4623-b9f3-7cf9517c9521","source":"0f1f1746-f341-4a8c-91db-498fe8ef80ac","target":"eafed3a8-4ad5-4127-8024-9f53dec401f3","agreement":true,"isActive":true,"date":1702312548974,"kind":"Connector","isSelected":false,"intensity":9,"isDeletable":true,"isOver":false,"isBidirectional":false,"eventLog":[{"time":1702312548974,"type":"create connection"},{"time":1702312562499,"type":"selected","value":1},{"time":1702312563974,"type":"change intensity of connector","value":9},{"time":1702312563974,"type":"selected","value":0}]}],"currentID":{},"currentNode":{},"hasSelectedNode":[false],"currentConnector":{},"hasSelectedConnector":[false],"readyToMove":[false],"isIncoming":[false],"hasElementMoved":[false]}
