{"idCAM":["9d9ebddf-4a0a-4f1f-8e4d-a2b40ec24b28"],"creator":["604d17eb4931a500d6e0a3d3_post"],"projectCAM":["S2_CAM part 2"],"defocusCAM":[null],"date":[1702311360791],"nodes":[{"id":"af453dc5-ace8-4cdc-b02a-e8e1adce73e5","value":0,"text":"rescue robot","comment":"","position":{"x":650,"y":400},"isActive":true,"date":1702311361672,"kind":"Node","isSelected":false,"isConnectorSelected":false,"isDraggable":0,"isDeletable":0,"hasElementMoved":false,"eventLog":[{"time":1702311361672,"type":"create node","value":0}],"isTextChangeable":0},{"id":"e3bcfd57-854c-4141-811f-a02be2cd1080","value":-2,"text":"disadvantages","comment":"","position":{"x":450,"y":400},"isActive":true,"date":1702311361673,"kind":"Node","isSelected":false,"isConnectorSelected":false,"isDraggable":0,"isDeletable":0,"hasElementMoved":false,"eventLog":[{"time":1702311361673,"type":"create node","value":-2}],"isTextChangeable":0},{"id":"636a1641-6a99-4db8-bf2d-523c439c82b8","value":3,"text":"advantages","comment":"","position":{"x":850,"y":400},"isActive":true,"date":1702311361674,"kind":"Node","isSelected":false,"isConnectorSelected":false,"isDraggable":0,"isDeletable":0,"hasElementMoved":false,"eventLog":[{"time":1702311361674,"type":"create node","value":3}],"isTextChangeable":0},{"id":"b1073224-235a-4408-a0f0-d8926c1ce121","value":3,"text":"possibility of use","comment":"","position":{"x":669.4,"y":221.6},"isActive":true,"date":1702311361674,"kind":"Node","isSelected":false,"isConnectorSelected":false,"isDraggable":1,"isDeletable":1,"hasElementMoved":false,"eventLog":[{"time":1702311361674,"type":"create node","value":3}],"isTextChangeable":1},{"id":"3ebb0598-f917-4229-a1ff-ceaf2e5c392e","value":2,"text":"adjustable size","comment":"","position":{"x":840.4,"y":209.6},"isActive":true,"date":1702311361674,"kind":"Node","isSelected":false,"isConnectorSelected":false,"isDraggable":1,"isDeletable":1,"hasElementMoved":false,"eventLog":[{"time":1702311361674,"type":"create node","value":2}],"isTextChangeable":1},{"id":"5f78fd50-a6f1-46e2-9443-38333e2c8d89","value":2,"text":"replaceable","comment":"","position":{"x":995.4,"y":271.6},"isActive":true,"date":1702311361674,"kind":"Node","isSelected":false,"isConnectorSelected":false,"isDraggable":1,"isDeletable":1,"hasElementMoved":false,"eventLog":[{"time":1702311361674,"type":"create node","value":2}],"isTextChangeable":1},{"id":"27465894-2b9c-4a18-9e91-f84afcd3fb08","value":3,"text":"adaptable to dangerous situations","comment":"","position":{"x":1010.4,"y":431.6},"isActive":true,"date":1702311361674,"kind":"Node","isSelected":false,"isConnectorSelected":false,"isDraggable":1,"isDeletable":1,"hasElementMoved":false,"eventLog":[{"time":1702311361674,"type":"create node","value":3}],"isTextChangeable":1},{"id":"8cdfbdb0-8d27-49dd-ab00-a4a67b0baaa0","value":10,"text":"emotionless","comment":"","position":{"x":634.4,"y":568.6},"isActive":true,"date":1702311361674,"kind":"Node","isSelected":false,"isConnectorSelected":false,"isDraggable":1,"isDeletable":1,"hasElementMoved":false,"eventLog":[{"time":1702311361674,"type":"create node","value":10},{"time":1702311509288,"type":"selected","value":1},{"time":1702311515873,"type":"selected","value":0}],"isTextChangeable":1},{"id":"4916c94a-9678-40d3-8eac-42ea6a1033be","value":-2,"text":"instinctless","comment":"","position":{"x":412.4,"y":253.6},"isActive":true,"date":1702311361675,"kind":"Node","isSelected":false,"isConnectorSelected":false,"isDraggable":1,"isDeletable":1,"hasElementMoved":false,"eventLog":[{"time":1702311361675,"type":"create node","value":-2}],"isTextChangeable":1},{"id":"a97d5234-2ce3-4b1d-a71a-e314527d997d","value":-2,"text":"ethical reservations","comment":"","position":{"x":305.4,"y":368.6},"isActive":true,"date":1702311361675,"kind":"Node","isSelected":false,"isConnectorSelected":false,"isDraggable":1,"isDeletable":1,"hasElementMoved":false,"eventLog":[{"time":1702311361675,"type":"create node","value":-2}],"isTextChangeable":1},{"id":"c66e3249-6455-4592-a7b5-01cdc81188bd","value":10,"text":"many special features possible","comment":"","position":{"x":764.4,"y":559.6},"isActive":true,"date":1702311361675,"kind":"Node","isSelected":false,"isConnectorSelected":false,"isDraggable":1,"isDeletable":1,"hasElementMoved":false,"eventLog":[{"time":1702311361675,"type":"create node","value":10}],"isTextChangeable":1},{"id":"ba8a01d5-80ac-4442-bae9-60ec6dd19065","value":-2,"text":"misuse possible","comment":"","position":{"x":399.4,"y":502.6},"isActive":true,"date":1702311361676,"kind":"Node","isSelected":false,"isConnectorSelected":false,"isDraggable":1,"isDeletable":1,"hasElementMoved":false,"eventLog":[{"time":1702311361677,"type":"create node","value":-2}],"isTextChangeable":1},{"id":"8369b4df-9035-44a5-bcf9-fedd0b72c27b","value":10,"text":"programmable","comment":"Even 'evil' uses are conceivable","position":{"x":918.4,"y":568.6},"isActive":true,"date":1702311361677,"kind":"Node","isSelected":false,"isConnectorSelected":false,"isDraggable":1,"isDeletable":1,"hasElementMoved":false,"eventLog":[{"time":1702311361677,"type":"create node","value":"10"},{"time":1702311422013,"type":"selected","value":"TRUE"},{"time":1702311487709,"type":"comment","value":"Auch \"böse\" Verwendungsmöglichkeiten sind denkbar"},{"time":1702311487709,"type":"selected","value":"FALSE"}],"isTextChangeable":1},{"id":"72c66a0e-90fb-4610-9914-61471a0be2f8","value":3,"text":"delivery of supply goods","comment":"","position":{"x":1091.4,"y":350.6},"isActive":true,"date":1702311369031,"kind":"Node","isSelected":false,"isConnectorSelected":false,"isDraggable":1,"isDeletable":1,"hasElementMoved":false,"eventLog":[{"time":1702311369031,"type":"create node","value":"0"},{"time":1702311369129,"type":"selected","value":"TRUE"},{"time":1702311394290,"type":"text","value":"Lieferung von Versorgungsgütern"},{"time":1702311394290,"type":"value","value":"3"},{"time":1702311394290,"type":"selected","value":"FALSE"},{"time":1702311396911,"type":"selected","value":"TRUE"},{"time":1702311397916,"type":"selected","value":"FALSE"}],"isTextChangeable":1}],"connectors":[{"id":"43446622-2ff6-4532-88db-f690130d5fc1","source":"af453dc5-ace8-4cdc-b02a-e8e1adce73e5","target":"e3bcfd57-854c-4141-811f-a02be2cd1080","agreement":false,"isActive":true,"date":1702311361677,"kind":"Connector","isSelected":false,"intensity":3,"isDeletable":false,"isOver":false,"isBidirectional":false,"eventLog":[{"time":1702311361677,"type":"create connection"}]},{"id":"402cb2af-67db-467a-845d-e47c99648637","source":"af453dc5-ace8-4cdc-b02a-e8e1adce73e5","target":"636a1641-6a99-4db8-bf2d-523c439c82b8","agreement":true,"isActive":true,"date":1702311361679,"kind":"Connector","isSelected":false,"intensity":3,"isDeletable":true,"isOver":false,"isBidirectional":false,"eventLog":[{"time":1702311361679,"type":"create connection"}]},{"id":"2250f66d-8ae5-4ad6-ad52-d4d439d8c149","source":"b1073224-235a-4408-a0f0-d8926c1ce121","target":"636a1641-6a99-4db8-bf2d-523c439c82b8","agreement":true,"isActive":true,"date":1702311361679,"kind":"Connector","isSelected":false,"intensity":6,"isDeletable":true,"isOver":false,"isBidirectional":false,"eventLog":[{"time":1702311361679,"type":"create connection"}]},{"id":"a99b321d-17c2-43d1-8d52-8c55a40efcd4","source":"3ebb0598-f917-4229-a1ff-ceaf2e5c392e","target":"636a1641-6a99-4db8-bf2d-523c439c82b8","agreement":true,"isActive":true,"date":1702311361680,"kind":"Connector","isSelected":false,"intensity":3,"isDeletable":true,"isOver":false,"isBidirectional":false,"eventLog":[{"time":1702311361680,"type":"create connection"}]},{"id":"28027af3-d5f2-4472-b7ed-913f2bed9174","source":"5f78fd50-a6f1-46e2-9443-38333e2c8d89","target":"636a1641-6a99-4db8-bf2d-523c439c82b8","agreement":true,"isActive":true,"date":1702311361680,"kind":"Connector","isSelected":false,"intensity":3,"isDeletable":true,"isOver":false,"isBidirectional":false,"eventLog":[{"time":1702311361680,"type":"create connection"}]},{"id":"7053aa1e-01aa-4f38-995c-8e9966f885df","source":"636a1641-6a99-4db8-bf2d-523c439c82b8","target":"27465894-2b9c-4a18-9e91-f84afcd3fb08","agreement":true,"isActive":true,"date":1702311361680,"kind":"Connector","isSelected":false,"intensity":6,"isDeletable":true,"isOver":false,"isBidirectional":false,"eventLog":[{"time":1702311361680,"type":"create connection"}]},{"id":"4ae2e6c5-6c34-45de-a3fc-dd261263d5df","source":"636a1641-6a99-4db8-bf2d-523c439c82b8","target":"8cdfbdb0-8d27-49dd-ab00-a4a67b0baaa0","agreement":true,"isActive":true,"date":1702311361681,"kind":"Connector","isSelected":false,"intensity":3,"isDeletable":true,"isOver":false,"isBidirectional":false,"eventLog":[{"time":1702311361681,"type":"create connection"}]},{"id":"df8f3b4d-9c14-4eb5-8729-62f6f1aa44e1","source":"e3bcfd57-854c-4141-811f-a02be2cd1080","target":"8cdfbdb0-8d27-49dd-ab00-a4a67b0baaa0","agreement":true,"isActive":true,"date":1702311361681,"kind":"Connector","isSelected":false,"intensity":3,"isDeletable":true,"isOver":false,"isBidirectional":false,"eventLog":[{"time":1702311361681,"type":"create connection"}]},{"id":"060bc90b-b064-4c77-bad4-9b9187494f2d","source":"4916c94a-9678-40d3-8eac-42ea6a1033be","target":"e3bcfd57-854c-4141-811f-a02be2cd1080","agreement":true,"isActive":true,"date":1702311361681,"kind":"Connector","isSelected":false,"intensity":6,"isDeletable":true,"isOver":false,"isBidirectional":false,"eventLog":[{"time":1702311361681,"type":"create connection"}]},{"id":"7a44f433-06f0-4ff4-b11e-8ec66cddc379","source":"e3bcfd57-854c-4141-811f-a02be2cd1080","target":"c66e3249-6455-4592-a7b5-01cdc81188bd","agreement":true,"isActive":true,"date":1702311361681,"kind":"Connector","isSelected":false,"intensity":3,"isDeletable":true,"isOver":false,"isBidirectional":false,"eventLog":[{"time":1702311361681,"type":"create connection"}]},{"id":"0ac81b58-8216-459b-aa97-cea1bc87ccb0","source":"636a1641-6a99-4db8-bf2d-523c439c82b8","target":"c66e3249-6455-4592-a7b5-01cdc81188bd","agreement":true,"isActive":true,"date":1702311361682,"kind":"Connector","isSelected":false,"intensity":3,"isDeletable":true,"isOver":false,"isBidirectional":false,"eventLog":[{"time":1702311361682,"type":"create connection"}]},{"id":"98c2c699-ec79-465b-8d00-dbab2d54c8e4","source":"e3bcfd57-854c-4141-811f-a02be2cd1080","target":"a97d5234-2ce3-4b1d-a71a-e314527d997d","agreement":true,"isActive":true,"date":1702311361683,"kind":"Connector","isSelected":false,"intensity":3,"isDeletable":true,"isOver":false,"isBidirectional":false,"eventLog":[{"time":1702311361683,"type":"create connection"}]},{"id":"9dd8ae53-7cbd-4d9e-8851-999ae417dba0","source":"e3bcfd57-854c-4141-811f-a02be2cd1080","target":"ba8a01d5-80ac-4442-bae9-60ec6dd19065","agreement":true,"isActive":true,"date":1702311361683,"kind":"Connector","isSelected":false,"intensity":6,"isDeletable":true,"isOver":false,"isBidirectional":false,"eventLog":[{"time":1702311361683,"type":"create connection"}]},{"id":"8e039092-a1f4-47de-83f9-ce6e80aba748","source":"636a1641-6a99-4db8-bf2d-523c439c82b8","target":"8369b4df-9035-44a5-bcf9-fedd0b72c27b","agreement":true,"isActive":true,"date":1702311361683,"kind":"Connector","isSelected":false,"intensity":6,"isDeletable":true,"isOver":false,"isBidirectional":false,"eventLog":[{"time":1702311361683,"type":"create connection"},{"time":1702311491580,"type":"selected","value":1},{"time":1702311497184,"type":"change intensity of connector","value":6},{"time":1702311497184,"type":"selected","value":0}]},{"id":"6b45516c-134c-43df-a8dc-ed21520d60dc","source":"8369b4df-9035-44a5-bcf9-fedd0b72c27b","target":"e3bcfd57-854c-4141-811f-a02be2cd1080","agreement":true,"isActive":true,"date":1702311361684,"kind":"Connector","isSelected":false,"intensity":6,"isDeletable":true,"isOver":false,"isBidirectional":false,"eventLog":[{"time":1702311361684,"type":"create connection"},{"time":1702311497301,"type":"selected","value":1},{"time":1702311502468,"type":"change intensity of connector","value":6},{"time":1702311502468,"type":"selected","value":0}]},{"id":"f2ae6dea-6ba3-408d-9df8-d6f619ff4ec2","source":"72c66a0e-90fb-4610-9914-61471a0be2f8","target":"636a1641-6a99-4db8-bf2d-523c439c82b8","agreement":true,"isActive":true,"date":1702311399094,"kind":"Connector","isSelected":false,"intensity":9,"isDeletable":true,"isOver":false,"isBidirectional":false,"eventLog":[{"time":1702311399094,"type":"create connection"},{"time":1702311400616,"type":"selected","value":1},{"time":1702311420971,"type":"change intensity of connector","value":9},{"time":1702311420971,"type":"selected","value":0}]}],"currentID":{},"currentNode":{},"hasSelectedNode":[false],"currentConnector":{},"hasSelectedConnector":[false],"readyToMove":[false],"isIncoming":[false]}
