{"idCAM":["a8c4e167-3040-4691-97f7-335bd7ea010b"],"creator":["60513ec07ee46769ed029be4_pre"],"projectCAM":["S2_CAM part 1"],"defocusCAM":[],"date":[1702310113573],"nodes":[{"id":"bfc24e18-9f97-4a9f-a8c4-cd37ae744b60","value":10,"text":"rescue robot","comment":"","position":{"x":650,"y":400},"isActive":true,"date":1702310114480,"kind":"Node","isSelected":false,"isConnectorSelected":false,"isDraggable":0,"isDeletable":0,"hasElementMoved":false,"eventLog":[{"time":1702310114480,"type":"create node","value":0},{"time":1702310141800,"type":"selected","value":1},{"time":1702310148940,"type":"value","value":10},{"time":1702310148940,"type":"selected","value":0}],"isTextChangeable":0},{"id":"f96e8341-9146-4629-a52e-2148b5e78061","value":-3,"text":"disadvantages","comment":"","position":{"x":450,"y":400},"isActive":true,"date":1702310114480,"kind":"Node","isSelected":false,"isConnectorSelected":true,"isDraggable":0,"isDeletable":0,"hasElementMoved":false,"eventLog":[{"time":1702310114480,"type":"create node","value":0},{"time":1702310132837,"type":"selected","value":1},{"time":1702310138307,"type":"value","value":-3},{"time":1702310138307,"type":"selected","value":0}],"isTextChangeable":0},{"id":"32c9c2f0-adb2-4390-a997-f0c21c3c7d43","value":3,"text":"advantages","comment":"","position":{"x":850,"y":400},"isActive":true,"date":1702310114480,"kind":"Node","isSelected":false,"isConnectorSelected":false,"isDraggable":0,"isDeletable":0,"hasElementMoved":false,"eventLog":[{"time":1702310114480,"type":"create node","value":0},{"time":1702310138483,"type":"selected","value":1},{"time":1702310141622,"type":"value","value":3},{"time":1702310141622,"type":"selected","value":0}],"isTextChangeable":0},{"id":"acea5f2a-e8fe-4ca1-8f33-eb058bf642ab","value":-3,"text":"high costs","comment":"","position":{"x":322,"y":467},"isActive":true,"date":1702310177972,"kind":"Node","isSelected":false,"isConnectorSelected":false,"isDraggable":1,"isDeletable":1,"hasElementMoved":false,"eventLog":[{"time":1702310177973,"type":"create node","value":"0"},{"time":1702310182074,"type":"selected","value":"TRUE"},{"time":1702310198225,"type":"text","value":"hohe Kosten"},{"time":1702310198225,"type":"selected","value":"FALSE"},{"time":1702310512995,"type":"selected","value":"TRUE"},{"time":1702310515456,"type":"value","value":"-3"},{"time":1702310515456,"type":"selected","value":"FALSE"}],"isTextChangeable":1},{"id":"57965a48-84d3-41b8-b598-d47370109494","value":-2,"text":"possible technical problems","comment":"","position":{"x":270,"y":301},"isActive":true,"date":1702310198389,"kind":"Node","isSelected":false,"isConnectorSelected":true,"isDraggable":1,"isDeletable":1,"hasElementMoved":false,"eventLog":[{"time":1702310198389,"type":"create node","value":"0"},{"time":1702310200549,"type":"selected","value":"TRUE"},{"time":1702310224559,"type":"text","value":"mögliche technische Probleme"},{"time":1702310224559,"type":"selected","value":"FALSE"},{"time":1702310510313,"type":"selected","value":"TRUE"},{"time":1702310512928,"type":"value","value":"-2"},{"time":1702310512928,"type":"selected","value":"FALSE"}],"isTextChangeable":1},{"id":"611388ca-32be-47fa-83ed-54723ca132e7","value":-2,"text":"possible limited mobility","comment":"","position":{"x":359,"y":221},"isActive":true,"date":1702310225022,"kind":"Node","isSelected":false,"isConnectorSelected":false,"isDraggable":1,"isDeletable":1,"hasElementMoved":false,"eventLog":[{"time":1702310225022,"type":"create node","value":"0"},{"time":1702310231550,"type":"selected","value":"TRUE"},{"time":1702310274957,"type":"text","value":"mögliche eingeschränkte Mobilität"},{"time":1702310274957,"type":"selected","value":"FALSE"},{"time":1702310507005,"type":"selected","value":"TRUE"},{"time":1702310510210,"type":"value","value":"-2"},{"time":1702310510210,"type":"selected","value":"FALSE"}],"isTextChangeable":1},{"id":"4fbdf819-75a3-410c-9102-ef3dd5fd8b5d","value":3,"text":"less risk","comment":"","position":{"x":806,"y":215},"isActive":true,"date":1702310275122,"kind":"Node","isSelected":false,"isConnectorSelected":false,"isDraggable":1,"isDeletable":1,"hasElementMoved":false,"eventLog":[{"time":1702310275122,"type":"create node","value":"0"},{"time":1702310278900,"type":"selected","value":"TRUE"},{"time":1702310296425,"type":"text","value":"Weniger Risiko"},{"time":1702310296425,"type":"selected","value":"FALSE"},{"time":1702310490233,"type":"selected","value":"TRUE"},{"time":1702310492725,"type":"value","value":"3"},{"time":1702310492725,"type":"selected","value":"FALSE"}],"isTextChangeable":1},{"id":"09cf0ba0-eeb1-4730-bdc9-1d052f00fd8b","value":2,"text":"fast data transfer","comment":"","position":{"x":736,"y":551},"isActive":true,"date":1702310296574,"kind":"Node","isSelected":false,"isConnectorSelected":false,"isDraggable":1,"isDeletable":1,"hasElementMoved":false,"eventLog":[{"time":1702310296574,"type":"create node","value":"0"},{"time":1702310305633,"type":"selected","value":"TRUE"},{"time":1702310338577,"type":"text","value":"schnelle Datenübertragung"},{"time":1702310338577,"type":"selected","value":"FALSE"},{"time":1702310498750,"type":"selected","value":"TRUE"},{"time":1702310503444,"type":"value","value":"2"},{"time":1702310503444,"type":"selected","value":"FALSE"}],"isTextChangeable":1},{"id":"60f77dd1-1ff1-4697-8b93-5b4ae19352d8","value":3,"text":"efficiency in search","comment":"","position":{"x":913,"y":550},"isActive":true,"date":1702310338723,"kind":"Node","isSelected":false,"isConnectorSelected":false,"isDraggable":1,"isDeletable":1,"hasElementMoved":false,"eventLog":[{"time":1702310338723,"type":"create node","value":"0"},{"time":1702310339900,"type":"selected","value":"TRUE"},{"time":1702310354674,"type":"text","value":"Effizienz bei Suche"},{"time":1702310354674,"type":"selected","value":"FALSE"},{"time":1702310495484,"type":"selected","value":"TRUE"},{"time":1702310498590,"type":"value","value":"3"},{"time":1702310498590,"type":"selected","value":"FALSE"}],"isTextChangeable":1},{"id":"30e845d9-da95-425f-88d9-aca72f4fee2b","value":-1,"text":"data protection concerns","comment":"","position":{"x":346,"y":588},"isActive":true,"date":1702310354839,"kind":"Node","isSelected":false,"isConnectorSelected":false,"isDraggable":1,"isDeletable":1,"hasElementMoved":false,"eventLog":[{"time":1702310354839,"type":"create node","value":"0"},{"time":1702310356550,"type":"selected","value":"TRUE"},{"time":1702310361823,"type":"text","value":"Datenschutzbedenken"},{"time":1702310361823,"type":"selected","value":"FALSE"},{"time":1702310515633,"type":"selected","value":"TRUE"},{"time":1702310520525,"type":"value","value":"-1"},{"time":1702310520525,"type":"selected","value":"FALSE"},{"time":1702310533250,"type":"selected","value":"TRUE"},{"time":1702310534763,"type":"selected","value":"FALSE"}],"isTextChangeable":1},{"id":"d3e8b376-a93a-4f9b-b6b4-d86654acfca2","value":-1,"text":"ethical questions","comment":"","position":{"x":471,"y":281},"isActive":true,"date":1702310362008,"kind":"Node","isSelected":false,"isConnectorSelected":false,"isDraggable":1,"isDeletable":1,"hasElementMoved":false,"eventLog":[{"time":1702310362008,"type":"create node","value":"0"},{"time":1702310459735,"type":"selected","value":"TRUE"},{"time":1702310475225,"type":"text","value":"ethische Fragen"},{"time":1702310475225,"type":"selected","value":"FALSE"},{"time":1702310503604,"type":"selected","value":"TRUE"},{"time":1702310506942,"type":"value","value":"-1"},{"time":1702310506942,"type":"selected","value":"FALSE"}],"isTextChangeable":1},{"id":"ed120255-0065-4146-89e1-ee16873e1503","value":2,"text":"no fatigue","comment":"","position":{"x":928,"y":304},"isActive":true,"date":1702310412005,"kind":"Node","isSelected":false,"isConnectorSelected":false,"isDraggable":1,"isDeletable":1,"hasElementMoved":false,"eventLog":[{"time":1702310412005,"type":"create node","value":"0"},{"time":1702310412169,"type":"selected","value":"TRUE"},{"time":1702310459443,"type":"text","value":"keine Ermüdung"},{"time":1702310459443,"type":"selected","value":"FALSE"},{"time":1702310492868,"type":"selected","value":"TRUE"},{"time":1702310495328,"type":"value","value":"2"},{"time":1702310495328,"type":"selected","value":"FALSE"}],"isTextChangeable":1},{"id":"30c087ed-f78b-48a2-b18e-60b68cca2530","value":1,"text":"precise work possible","comment":"","position":{"x":1020,"y":447},"isActive":true,"date":1702310475373,"kind":"Node","isSelected":false,"isConnectorSelected":false,"isDraggable":1,"isDeletable":1,"hasElementMoved":false,"eventLog":[{"time":1702310475373,"type":"create node","value":"0"},{"time":1702310478328,"type":"selected","value":"TRUE"},{"time":1702310490078,"type":"text","value":"präzise Arbeit möglich"},{"time":1702310490078,"type":"value","value":"1"},{"time":1702310490078,"type":"selected","value":"FALSE"}],"isTextChangeable":1}],"connectors":[{"id":"71f1cb40-fc20-4397-a114-23ceae98e39d","source":"bfc24e18-9f97-4a9f-a8c4-cd37ae744b60","target":"f96e8341-9146-4629-a52e-2148b5e78061","agreement":true,"isActive":true,"date":1702310114480,"kind":"Connector","isSelected":false,"intensity":3,"isDeletable":false,"isOver":false,"isBidirectional":false,"eventLog":[{"time":1702310114480,"type":"create connection"}]},{"id":"37c35abb-e596-4bf2-b6aa-995fb23e665d","source":"bfc24e18-9f97-4a9f-a8c4-cd37ae744b60","target":"32c9c2f0-adb2-4390-a997-f0c21c3c7d43","agreement":true,"isActive":true,"date":1702310114480,"kind":"Connector","isSelected":false,"intensity":3,"isDeletable":true,"isOver":false,"isBidirectional":false,"eventLog":[{"time":1702310114480,"type":"create connection"},{"time":1702310562148,"type":"selected","value":1},{"time":1702310563360,"type":"change intensity of connector","value":3},{"time":1702310563360,"type":"selected","value":0}]},{"id":"3f2d835e-ff60-4785-ba86-cbdc3012936b","source":"acea5f2a-e8fe-4ca1-8f33-eb058bf642ab","target":"f96e8341-9146-4629-a52e-2148b5e78061","agreement":true,"isActive":true,"date":1702310523476,"kind":"Connector","isSelected":false,"intensity":9,"isDeletable":true,"isOver":false,"isBidirectional":false,"eventLog":[{"time":1702310523476,"type":"create connection"},{"time":1702310526449,"type":"selected","value":1},{"time":1702310533046,"type":"change intensity of connector","value":9},{"time":1702310533046,"type":"selected","value":0}]},{"id":"a854bb3b-7382-4842-a256-4c57f366ff82","source":"30e845d9-da95-425f-88d9-aca72f4fee2b","target":"f96e8341-9146-4629-a52e-2148b5e78061","agreement":true,"isActive":true,"date":1702310536960,"kind":"Connector","isSelected":false,"intensity":3,"isDeletable":true,"isOver":false,"isBidirectional":false,"eventLog":[{"time":1702310536960,"type":"create connection"}]},{"id":"3cf5da3e-9c3b-450f-9c0e-c1825609389d","source":"57965a48-84d3-41b8-b598-d47370109494","target":"f96e8341-9146-4629-a52e-2148b5e78061","agreement":true,"isActive":true,"date":1702310539459,"kind":"Connector","isSelected":false,"intensity":6,"isDeletable":true,"isOver":false,"isBidirectional":false,"eventLog":[{"time":1702310539459,"type":"create connection"},{"time":1702310572566,"type":"selected","value":1},{"time":1702310575993,"type":"change intensity of connector","value":6},{"time":1702310575993,"type":"selected","value":0}]},{"id":"a6efff2b-eb6a-4f7e-a01f-698cfd9e1c7a","source":"d3e8b376-a93a-4f9b-b6b4-d86654acfca2","target":"f96e8341-9146-4629-a52e-2148b5e78061","agreement":true,"isActive":true,"date":1702310540926,"kind":"Connector","isSelected":false,"intensity":3,"isDeletable":true,"isOver":false,"isBidirectional":false,"eventLog":[{"time":1702310540926,"type":"create connection"}]},{"id":"104c6686-549f-4f77-8225-98f28c227b3a","source":"611388ca-32be-47fa-83ed-54723ca132e7","target":"f96e8341-9146-4629-a52e-2148b5e78061","agreement":true,"isActive":true,"date":1702310542075,"kind":"Connector","isSelected":false,"intensity":3,"isDeletable":true,"isOver":false,"isBidirectional":false,"eventLog":[{"time":1702310542075,"type":"create connection"}]},{"id":"18179dd5-6f2d-4ad3-9e9d-1a192e96d749","source":"09cf0ba0-eeb1-4730-bdc9-1d052f00fd8b","target":"32c9c2f0-adb2-4390-a997-f0c21c3c7d43","agreement":true,"isActive":true,"date":1702310543459,"kind":"Connector","isSelected":false,"intensity":3,"isDeletable":true,"isOver":false,"isBidirectional":false,"eventLog":[{"time":1702310543459,"type":"create connection"}]},{"id":"fb338ed8-eb27-43f4-b5e9-4bdb1bc3b4b1","source":"4fbdf819-75a3-410c-9102-ef3dd5fd8b5d","target":"32c9c2f0-adb2-4390-a997-f0c21c3c7d43","agreement":true,"isActive":true,"date":1702310544907,"kind":"Connector","isSelected":false,"intensity":9,"isDeletable":true,"isOver":false,"isBidirectional":false,"eventLog":[{"time":1702310544907,"type":"create connection"},{"time":1702310552363,"type":"selected","value":1},{"time":1702310556608,"type":"change intensity of connector","value":9},{"time":1702310556608,"type":"selected","value":0}]},{"id":"2bf3266c-7fc0-4f7c-bf0e-fe271421a03f","source":"32c9c2f0-adb2-4390-a997-f0c21c3c7d43","target":"ed120255-0065-4146-89e1-ee16873e1503","agreement":true,"isActive":true,"date":1702310546059,"kind":"Connector","isSelected":false,"intensity":3,"isDeletable":true,"isOver":false,"isBidirectional":false,"eventLog":[{"time":1702310546059,"type":"create connection"}]},{"id":"3a8651a2-2cd0-414c-a525-e34f590938f7","source":"30c087ed-f78b-48a2-b18e-60b68cca2530","target":"32c9c2f0-adb2-4390-a997-f0c21c3c7d43","agreement":true,"isActive":true,"date":1702310547359,"kind":"Connector","isSelected":false,"intensity":3,"isDeletable":true,"isOver":false,"isBidirectional":false,"eventLog":[{"time":1702310547359,"type":"create connection"}]},{"id":"6d0cc8b1-316e-42aa-8755-e47772b6fa16","source":"60f77dd1-1ff1-4697-8b93-5b4ae19352d8","target":"32c9c2f0-adb2-4390-a997-f0c21c3c7d43","agreement":true,"isActive":true,"date":1702310548577,"kind":"Connector","isSelected":false,"intensity":6,"isDeletable":true,"isOver":false,"isBidirectional":false,"eventLog":[{"time":1702310548577,"type":"create connection"},{"time":1702310556834,"type":"selected","value":1},{"time":1702310560775,"type":"change intensity of connector","value":6},{"time":1702310560775,"type":"selected","value":0}]}],"currentID":["3cf5da3e-9c3b-450f-9c0e-c1825609389d"],"currentNode":{},"hasSelectedNode":[false],"currentConnector":{"id":["3cf5da3e-9c3b-450f-9c0e-c1825609389d"],"value":{},"source":["57965a48-84d3-41b8-b598-d47370109494"],"target":["f96e8341-9146-4629-a52e-2148b5e78061"],"agreement":[true],"isActive":[true],"date":[1702310539459],"kind":["Connector"],"isSelected":[false],"intensity":[6],"isDeletable":[true],"isOver":[false],"isBidirectional":[false],"eventLog":[{"time":1702310539459,"type":"create connection"},{"time":1702310572566,"type":"selected","value":1},{"time":1702310575993,"type":"change intensity of connector","value":6},{"time":1702310575993,"type":"selected","value":0}]},"hasSelectedConnector":[true],"readyToMove":[false],"isIncoming":[false]}
