{"idCAM":["2080b905-a1e1-4367-a450-fdbbd8cb5e80"],"creator":["6053d1011605ac6f3164bc99_pre"],"projectCAM":["S2_CAM part 1"],"defocusCAM":[],"date":[1702312386485],"nodes":[{"id":"c70eca40-a848-4164-aea2-777968b2ccc0","value":1,"text":"rescue robot","comment":"","position":{"x":650,"y":400},"isActive":true,"date":1702312387346,"kind":"Node","isSelected":false,"isConnectorSelected":false,"isDraggable":0,"isDeletable":0,"hasElementMoved":false,"eventLog":[{"time":1702312387346,"type":"create node","value":0},{"time":1702313236734,"type":"selected","value":1},{"time":1702313239088,"type":"value","value":2},{"time":1702313239088,"type":"selected","value":0},{"time":1702313242023,"type":"selected","value":1},{"time":1702313243488,"type":"value","value":1},{"time":1702313243488,"type":"selected","value":0}],"isTextChangeable":0},{"id":"91720bb4-81a0-435a-9212-baba742bc4bd","value":0,"text":"disadvantages","comment":"","position":{"x":450,"y":400},"isActive":true,"date":1702312387346,"kind":"Node","isSelected":false,"isConnectorSelected":false,"isDraggable":0,"isDeletable":0,"hasElementMoved":false,"eventLog":[{"time":1702312387346,"type":"create node","value":0}],"isTextChangeable":0},{"id":"9a1b2a99-a65e-4ecf-b3b6-5e9cbda39a0c","value":0,"text":"advantages","comment":"","position":{"x":850,"y":400},"isActive":true,"date":1702312387346,"kind":"Node","isSelected":false,"isConnectorSelected":false,"isDraggable":0,"isDeletable":0,"hasElementMoved":false,"eventLog":[{"time":1702312387346,"type":"create node","value":0}],"isTextChangeable":0},{"id":"1c6a9cce-db87-45c2-b5a4-c0c465b1b82f","value":-2,"text":"costs","comment":"Less developed countries may not have economic opportunities they can utilize.","position":{"x":436,"y":547},"isActive":true,"date":1702312422463,"kind":"Node","isSelected":false,"isConnectorSelected":false,"isDraggable":1,"isDeletable":1,"hasElementMoved":false,"eventLog":[{"time":"1702312422463","type":"create node","value":[0]},{"time":"1702312424687","type":"selected","value":[true]},{"time":"1702312425096","type":"selected","value":[false]},{"time":"1702312426068","type":"selected","value":[true]},{"time":"1702312499441","type":"text","value":["Kosten"]},{"time":"1702312499441","type":"value","value":[-2]},{"time":"1702312499441","type":"comment","value":["Weniger entwickelte Länder haben möglicherweise keine wirtschaftlichen Möglichkeiten, die sie nutzen können."]},{"time":"1702312499441","type":"selected","value":[false]},{"time":"2023-12-11T16:35:07.224Z","type":"position","value":{"x":[832],"y":[541]}},{"time":"2023-12-11T16:35:07.471Z","type":"position","value":{"x":[645],"y":[514]}},{"time":"2023-12-11T16:35:07.520Z","type":"position","value":{"x":[458],"y":[465]}}],"isTextChangeable":1},{"id":"ede5c6e0-dff8-43a3-ac79-51e7ab68bf22","value":3,"text":"fewer deaths","comment":"","position":{"x":859,"y":529},"isActive":true,"date":1702312516415,"kind":"Node","isSelected":false,"isConnectorSelected":false,"isDraggable":1,"isDeletable":1,"hasElementMoved":false,"eventLog":[{"time":1702312516415,"type":"create node","value":"0"},{"time":1702312517390,"type":"selected","value":"TRUE"},{"time":1702312597320,"type":"text","value":"Weniger Todesfalle"},{"time":1702312597320,"type":"value","value":"3"},{"time":1702312597320,"type":"selected","value":"FALSE"}],"isTextChangeable":1},{"id":"740749cd-4ac6-47bd-8e9c-7ffd1b2e8a09","value":3,"text":"fast operation","comment":"","position":{"x":1054,"y":394},"isActive":true,"date":1702312599326,"kind":"Node","isSelected":false,"isConnectorSelected":false,"isDraggable":1,"isDeletable":1,"hasElementMoved":false,"eventLog":[{"time":"1702312599326","type":"create node","value":[0]},{"time":"2023-12-11T16:36:39.927Z","type":"position","value":{"x":[722],"y":[513]}},{"time":"1702312662497","type":"selected","value":[true]},{"time":"1702312670553","type":"text","value":["Schneller Betrieb"]},{"time":"1702312670553","type":"value","value":[3]},{"time":"1702312670553","type":"selected","value":[false]},{"time":"2023-12-11T16:37:51.768Z","type":"position","value":{"x":[678],"y":[535]}},{"time":"2023-12-11T16:37:52.340Z","type":"position","value":{"x":[855],"y":[529]}},{"time":"2023-12-11T16:37:52.722Z","type":"position","value":{"x":[1006],"y":[386]}},{"time":"2023-12-11T16:37:52.739Z","type":"position","value":{"x":[1016],"y":[378]}}],"isTextChangeable":1},{"id":"9bbc4093-5901-47ac-bd42-f8362be5f1d0","value":3,"text":"advantages for environment","comment":"Due to its programming, the environment can be less damaged.","position":{"x":956,"y":213},"isActive":true,"date":1702312675175,"kind":"Node","isSelected":false,"isConnectorSelected":false,"isDraggable":1,"isDeletable":1,"hasElementMoved":false,"eventLog":[{"time":"1702312675175","type":"create node","value":[0]},{"time":"2023-12-11T16:37:55.555Z","type":"position","value":{"x":[974],"y":[255]}},{"time":"1702312700577","type":"selected","value":[true]},{"time":"1702312700983","type":"selected","value":[false]},{"time":"1702312704949","type":"selected","value":[true]},{"time":"1702312793162","type":"text","value":["Vorteile für Umwelt"]},{"time":"1702312793162","type":"value","value":[3]},{"time":"1702312793162","type":"comment","value":["Aufgrund seiner Programmierung kann die Umwelt weniger geschädigt werden."]},{"time":"1702312793162","type":"selected","value":[false]}],"isTextChangeable":1},{"id":"93c7fe3d-9358-4abe-b76c-6d8529a485ea","value":3,"text":"accuracy","comment":"","position":{"x":669,"y":226},"isActive":true,"date":1702312701591,"kind":"Node","isSelected":false,"isConnectorSelected":false,"isDraggable":1,"isDeletable":1,"hasElementMoved":false,"eventLog":[{"time":"1702312701591","type":"create node","value":[0]},{"time":"2023-12-11T16:38:22.368Z","type":"position","value":{"x":[962],"y":[178]}},{"time":"2023-12-11T16:38:22.499Z","type":"position","value":{"x":[812],"y":[132]}},{"time":"2023-12-11T16:38:22.780Z","type":"position","value":{"x":[661],"y":[234]}},{"time":"2023-12-11T16:42:54.008Z","type":"position","value":{"x":[667],"y":[249]}},{"time":"2023-12-11T16:42:57.017Z","type":"position","value":{"x":[726],"y":[227]}},{"time":"1702313008880","type":"selected","value":[true]},{"time":"1702313024625","type":"text","value":["Genauigkeit"]},{"time":"1702313024625","type":"value","value":[3]},{"time":"1702313024625","type":"selected","value":[false]}],"isTextChangeable":1},{"id":"3c6af63d-41f5-423d-b4e2-7b458a4afab8","value":-3,"text":"manipulation","comment":"The devices could be hacked and manipulated. It can be racist and cause more damage.","position":{"x":377,"y":211},"isActive":true,"date":1702312812815,"kind":"Node","isSelected":false,"isConnectorSelected":false,"isDraggable":1,"isDeletable":1,"hasElementMoved":false,"eventLog":[{"time":1702312812815,"type":"create node","value":"0"},{"time":1702312815587,"type":"selected","value":"TRUE"},{"time":1702312877985,"type":"text","value":"Manipulation"},{"time":1702312877985,"type":"value","value":"-3"},{"time":1702312877985,"type":"comment","value":"Die Geräte könnten gehackt und manupuliert werden. Sie kann rassistisch sein und mehr Schaden anrichten."},{"time":1702312877985,"type":"selected","value":"FALSE"}],"isTextChangeable":1},{"id":"e4cf2f58-2a05-4c53-ae16-6ebae0338815","value":-3,"text":"possible malfunctions","comment":"As intelligent as they may be, sometimes these devices cannot function properly. This can have catastrophic consequences.","position":{"x":228,"y":368},"isActive":true,"date":1702312881447,"kind":"Node","isSelected":false,"isConnectorSelected":false,"isDraggable":1,"isDeletable":1,"hasElementMoved":false,"eventLog":[{"time":1702312881447,"type":"create node","value":"0"},{"time":1702312882271,"type":"selected","value":"TRUE"},{"time":1702312960441,"type":"text","value":"Mögliche Fehlfunktionen."},{"time":1702312960441,"type":"value","value":"-3"},{"time":1702312960441,"type":"comment","value":"So intelligent sie auch sind, manchmal können diese Ger8te nicht richtig funktionieren. Das kann katastrophale Folgen haben."},{"time":1702312960441,"type":"selected","value":"FALSE"}],"isTextChangeable":1},{"id":"995808df-d5e1-4358-9c9a-8dfe848ddf30","value":3,"text":"efficient","comment":"","position":{"x":688,"y":551},"isActive":true,"date":1702313025151,"kind":"Node","isSelected":false,"isConnectorSelected":false,"isDraggable":1,"isDeletable":1,"hasElementMoved":false,"eventLog":[{"time":1702313025151,"type":"create node","value":"0"},{"time":1702313026363,"type":"selected","value":"TRUE"},{"time":1702313030560,"type":"text","value":"Effiziente"},{"time":1702313030560,"type":"selected","value":"FALSE"},{"time":1702313035015,"type":"selected","value":"TRUE"},{"time":1702313036728,"type":"value","value":"3"},{"time":1702313036728,"type":"selected","value":"FALSE"}],"isTextChangeable":1},{"id":"68943cd3-90e1-4053-bbeb-1e4936df771b","value":10,"text":"unemployment","comment":"Dependence on technology could lead to job loss. But if governments offer alternatives, that would not be a problem.","position":{"x":563,"y":211},"isActive":true,"date":1702313037551,"kind":"Node","isSelected":false,"isConnectorSelected":false,"isDraggable":1,"isDeletable":1,"hasElementMoved":false,"eventLog":[{"time":"1702313037551","type":"create node","value":[0]},{"time":"1702313037828","type":"selected","value":[true]},{"time":"1702313150136","type":"text","value":["Arbeitslosigkeit"]},{"time":"1702313150136","type":"value","value":[10]},{"time":"1702313150136","type":"comment","value":["Die Abhängigkeit von der Technologie könnte zum Verlust von Arbeitsplätzen führen. Aber wenndie Regierungen Alternativen anbieten, wäre das kein Problem."]},{"time":"1702313150136","type":"selected","value":[false]},{"time":"2023-12-11T16:45:50.866Z","type":"position","value":{"x":[555],"y":[307]}},{"time":"2023-12-11T16:45:53.466Z","type":"position","value":{"x":[615],"y":[334]}}],"isTextChangeable":1},{"id":"6893f008-fd17-4497-8c31-88f427b2ed2a","value":-2,"text":"possible militaristic use","comment":"","position":{"x":534,"y":686},"isActive":true,"date":1702313201726,"kind":"Node","isSelected":false,"isConnectorSelected":false,"isDraggable":1,"isDeletable":1,"hasElementMoved":false,"eventLog":[{"time":1702313201726,"type":"create node","value":"0"},{"time":1702313202093,"type":"selected","value":"TRUE"},{"time":1702313232729,"type":"text","value":"Mögliche militaristische Nutzung"},{"time":1702313232729,"type":"value","value":"-2"},{"time":1702313232729,"type":"selected","value":"FALSE"},{"time":1702313248439,"type":"selected","value":"TRUE"},{"time":1702313255887,"type":"selected","value":"FALSE"}],"isTextChangeable":1}],"connectors":[{"id":"7ccf2aa9-a84e-4f93-8697-aa224dc1a52b","source":"c70eca40-a848-4164-aea2-777968b2ccc0","target":"91720bb4-81a0-435a-9212-baba742bc4bd","agreement":true,"isActive":true,"date":1702312387346,"kind":"Connector","isSelected":false,"intensity":3,"isDeletable":false,"isOver":false,"isBidirectional":false,"eventLog":[{"time":1702312387346,"type":"create connection"}]},{"id":"7ada39f7-7583-4338-8225-c242e3b906c9","source":"c70eca40-a848-4164-aea2-777968b2ccc0","target":"9a1b2a99-a65e-4ecf-b3b6-5e9cbda39a0c","agreement":true,"isActive":true,"date":1702312387346,"kind":"Connector","isSelected":false,"intensity":3,"isDeletable":true,"isOver":false,"isBidirectional":false,"eventLog":[{"time":1702312387346,"type":"create connection"}]},{"id":"d235406a-c1e2-4dc9-8247-c149c90d3289","source":"91720bb4-81a0-435a-9212-baba742bc4bd","target":"1c6a9cce-db87-45c2-b5a4-c0c465b1b82f","agreement":true,"isActive":true,"date":1702312509107,"kind":"Connector","isSelected":false,"intensity":6,"isDeletable":true,"isOver":false,"isBidirectional":false,"eventLog":[{"time":1702312509107,"type":"create connection"},{"time":1702312511393,"type":"selected","value":1},{"time":1702312513274,"type":"change intensity of connector","value":6},{"time":1702312513274,"type":"selected","value":0}]},{"id":"cd36a709-ddb0-405e-87e0-9ad79b8d546c","source":"9a1b2a99-a65e-4ecf-b3b6-5e9cbda39a0c","target":"ede5c6e0-dff8-43a3-ac79-51e7ab68bf22","agreement":true,"isActive":true,"date":1702312598521,"kind":"Connector","isSelected":false,"intensity":3,"isDeletable":true,"isOver":false,"isBidirectional":false,"eventLog":[{"time":1702312598521,"type":"create connection"}]},{"id":"8a91dff6-d159-424e-819d-136a515ee977","source":"9a1b2a99-a65e-4ecf-b3b6-5e9cbda39a0c","target":"740749cd-4ac6-47bd-8e9c-7ffd1b2e8a09","agreement":true,"isActive":true,"date":1702312674041,"kind":"Connector","isSelected":false,"intensity":3,"isDeletable":true,"isOver":false,"isBidirectional":false,"eventLog":[{"time":1702312674041,"type":"create connection"}]},{"id":"44bcf25e-3103-491f-a778-f4991bd587bf","source":"9bbc4093-5901-47ac-bd42-f8362be5f1d0","target":"9a1b2a99-a65e-4ecf-b3b6-5e9cbda39a0c","agreement":true,"isActive":true,"date":1702312794785,"kind":"Connector","isSelected":false,"intensity":3,"isDeletable":true,"isOver":false,"isBidirectional":false,"eventLog":[{"time":1702312794785,"type":"create connection"}]},{"id":"c5e947c4-5ff0-4656-9355-ae2beaa82b12","source":"91720bb4-81a0-435a-9212-baba742bc4bd","target":"3c6af63d-41f5-423d-b4e2-7b458a4afab8","agreement":true,"isActive":true,"date":1702312879808,"kind":"Connector","isSelected":false,"intensity":9,"isDeletable":true,"isOver":false,"isBidirectional":false,"eventLog":[{"time":1702312879808,"type":"create connection"},{"time":1702312971028,"type":"selected","value":1},{"time":1702312972631,"type":"change intensity of connector","value":9},{"time":1702312972631,"type":"selected","value":0}]},{"id":"f36a8878-155f-4195-bb6a-ce1ac0c17bbb","source":"e4cf2f58-2a05-4c53-ae16-6ebae0338815","target":"91720bb4-81a0-435a-9212-baba742bc4bd","agreement":true,"isActive":true,"date":1702312962993,"kind":"Connector","isSelected":false,"intensity":9,"isDeletable":true,"isOver":false,"isBidirectional":false,"eventLog":[{"time":1702312962993,"type":"create connection"},{"time":1702312966399,"type":"selected","value":1},{"time":1702312968584,"type":"change intensity of connector","value":9},{"time":1702312968584,"type":"selected","value":0}]},{"id":"b5f14073-1def-4012-9e7c-e8bff1134bb2","source":"9a1b2a99-a65e-4ecf-b3b6-5e9cbda39a0c","target":"995808df-d5e1-4358-9c9a-8dfe848ddf30","agreement":true,"isActive":true,"date":1702313031864,"kind":"Connector","isSelected":false,"intensity":3,"isDeletable":true,"isOver":false,"isBidirectional":false,"eventLog":[{"time":1702313031864,"type":"create connection"}]},{"id":"1e4bd4db-ba2d-40a6-9f0d-1bee725ec819","source":"93c7fe3d-9358-4abe-b76c-6d8529a485ea","target":"9a1b2a99-a65e-4ecf-b3b6-5e9cbda39a0c","agreement":true,"isActive":true,"date":1702313033512,"kind":"Connector","isSelected":false,"intensity":3,"isDeletable":true,"isOver":false,"isBidirectional":false,"eventLog":[{"time":1702313033512,"type":"create connection"}]},{"id":"79a6861d-0f3a-4a76-8b87-fb011491a334","source":"68943cd3-90e1-4053-bbeb-1e4936df771b","target":"c70eca40-a848-4164-aea2-777968b2ccc0","agreement":true,"isActive":true,"date":1702313152561,"kind":"Connector","isSelected":false,"intensity":3,"isDeletable":true,"isOver":false,"isBidirectional":false,"eventLog":[{"time":1702313152561,"type":"create connection"}]},{"id":"c04a1aac-5159-44cb-af0c-f535b5044cc6","source":"91720bb4-81a0-435a-9212-baba742bc4bd","target":"6893f008-fd17-4497-8c31-88f427b2ed2a","agreement":true,"isActive":true,"date":1702313234801,"kind":"Connector","isSelected":false,"intensity":3,"isDeletable":true,"isOver":false,"isBidirectional":false,"eventLog":[{"time":1702313234801,"type":"create connection"}]}],"currentID":{},"currentNode":{},"hasSelectedNode":[false],"currentConnector":{},"hasSelectedConnector":[false],"readyToMove":[false],"isIncoming":[false],"hasElementMoved":[false]}
