{"idCAM":["6252b4a8-7589-4c89-98ea-6456d2201d3f"],"creator":["606b94352e103bc54d43321b_pre"],"projectCAM":["S2_CAM part 1"],"defocusCAM":[],"date":[1702318133287],"nodes":[{"id":"2a2e26c3-bd8c-427f-ac42-03fd610d534f","value":0,"text":"social assistance robot","comment":"","position":{"x":650,"y":400},"isActive":true,"date":1702318134152,"kind":"Node","isSelected":false,"isConnectorSelected":false,"isDraggable":0,"isDeletable":0,"hasElementMoved":false,"eventLog":[{"time":1702318134152,"type":"create node","value":0}],"isTextChangeable":0},{"id":"a51b090b-3506-41da-bb87-b7b50a831f89","value":-3,"text":"disadvantages","comment":"","position":{"x":450,"y":400},"isActive":true,"date":1702318134152,"kind":"Node","isSelected":false,"isConnectorSelected":false,"isDraggable":0,"isDeletable":0,"hasElementMoved":false,"eventLog":[{"time":1702318134152,"type":"create node","value":0},{"time":1702318215340,"type":"selected","value":1},{"time":1702318219336,"type":"value","value":-3},{"time":1702318219336,"type":"selected","value":0},{"time":1702318266909,"type":"selected","value":1},{"time":1702318271398,"type":"selected","value":0},{"time":1702318685275,"type":"selected","value":1},{"time":1702318687409,"type":"selected","value":0}],"isTextChangeable":0},{"id":"4b41e85e-5df9-401e-9b90-14ff57e75624","value":3,"text":"advantages","comment":"","position":{"x":850,"y":400},"isActive":true,"date":1702318134152,"kind":"Node","isSelected":false,"isConnectorSelected":false,"isDraggable":0,"isDeletable":0,"hasElementMoved":false,"eventLog":[{"time":1702318134152,"type":"create node","value":0},{"time":1702318222067,"type":"selected","value":1},{"time":1702318224677,"type":"value","value":3},{"time":1702318224677,"type":"selected","value":0},{"time":1702318277737,"type":"selected","value":1},{"time":1702318279268,"type":"selected","value":0}],"isTextChangeable":0},{"id":"4783afcb-f4be-4061-b1fb-89cfb567d6f4","value":2,"text":"interaction","comment":"","position":{"x":934.6667,"y":214.8667},"isActive":true,"date":1702318303527,"kind":"Node","isSelected":false,"isConnectorSelected":false,"isDraggable":1,"isDeletable":1,"hasElementMoved":false,"eventLog":[{"time":"1702318303527","type":"create node","value":[0]},{"time":"1702318304622","type":"selected","value":[true]},{"time":"1702318362130","type":"text","value":["Interaktionen verbessern"]},{"time":"1702318362130","type":"value","value":[3]},{"time":"1702318362130","type":"selected","value":[false]},{"time":"1702318364898","type":"selected","value":[true]},{"time":"1702318366851","type":"selected","value":[false]},{"time":"2023-12-11T18:19:11.161Z","type":"position","value":{"x":[985.6667],"y":[243.8667]}},{"time":"2023-12-11T18:19:11.335Z","type":"position","value":{"x":[835.6667],"y":[226.8667]}},{"time":"2023-12-11T18:19:11.462Z","type":"position","value":{"x":[682.6667],"y":[206.8667]}},{"time":"2023-12-11T18:19:14.183Z","type":"position","value":{"x":[684.6667],"y":[205.8667]}},{"time":"2023-12-11T18:19:18.833Z","type":"position","value":{"x":[662.6667],"y":[209.8667]}},{"time":"1702318766082","type":"selected","value":[true]},{"time":"1702318770895","type":"value","value":[10]},{"time":"1702318770895","type":"selected","value":[false]},{"time":"1702318771769","type":"selected","value":[true]},{"time":"1702318800795","type":"text","value":["Interaktion"]},{"time":"1702318800795","type":"value","value":[2]},{"time":"1702318800795","type":"selected","value":[false]},{"time":"2023-12-11T18:20:04.911Z","type":"position","value":{"x":[717.6667],"y":[189.8667]}},{"time":"2023-12-11T18:20:05.032Z","type":"position","value":{"x":[875.6667],"y":[217.8667]}},{"time":"1702318808396","type":"selected","value":[true]},{"time":"1702318813830","type":"selected","value":[false]}],"isTextChangeable":1},{"id":"4035008e-87fb-42d6-8b45-ebb3f3b8e400","value":2,"text":"education","comment":"Robots as learning assistants","position":{"x":1064.6667,"y":413.8667},"isActive":true,"date":1702318386581,"kind":"Node","isSelected":false,"isConnectorSelected":false,"isDraggable":1,"isDeletable":1,"hasElementMoved":false,"eventLog":[{"time":"1702318386581","type":"create node","value":[0]},{"time":"1702318387899","type":"selected","value":[true]},{"time":"1702318498428","type":"text","value":["Bildung"]},{"time":"1702318498428","type":"value","value":[2]},{"time":"1702318498428","type":"comment","value":["Roboter als Lernassistenten"]},{"time":"1702318498428","type":"selected","value":[false]},{"time":"2023-12-11T18:15:04.022Z","type":"position","value":{"x":[995.6667],"y":[391.8667]}}],"isTextChangeable":1},{"id":"f4daadd8-9250-4ca9-b653-8c60e43c2557","value":2,"text":"optimize work environments","comment":"Create notes, present information","position":{"x":896.6667,"y":527.8667},"isActive":true,"date":1702318506423,"kind":"Node","isSelected":false,"isConnectorSelected":false,"isDraggable":1,"isDeletable":1,"hasElementMoved":false,"eventLog":[{"time":"1702318506423","type":"create node","value":[0]},{"time":"1702318532722","type":"selected","value":[true]},{"time":"1702318604543","type":"text","value":["Sicherheit"]},{"time":"1702318604543","type":"selected","value":[false]},{"time":"1702318605615","type":"selected","value":[true]},{"time":"1702318609153","type":"selected","value":[false]},{"time":"2023-12-11T18:17:09.381Z","type":"position","value":{"x":[949.6667],"y":[457.8667]}},{"time":"1702318629854","type":"selected","value":[true]},{"time":"1702318668253","type":"text","value":["Arbeitsumgebungen optimieren"]},{"time":"1702318668253","type":"value","value":[2]},{"time":"1702318668253","type":"comment","value":["Notizen erstellen, Informationen präsentieren"]},{"time":"1702318668253","type":"selected","value":[false]},{"time":"2023-12-11T18:17:48.629Z","type":"position","value":{"x":[937.6667],"y":[467.8667]}}],"isTextChangeable":1},{"id":"2c8bb0b9-634c-44df-ba92-e8e336cc2e76","value":0,"text":"","comment":"","position":{"x":990.6667,"y":445.8667},"isActive":false,"date":1702318609793,"kind":"Node","isSelected":false,"isConnectorSelected":false,"isDraggable":1,"isDeletable":1,"hasElementMoved":false,"eventLog":[{"time":1702318609793,"type":"create node","value":0},{"time":1702318611374,"type":"selected","value":1},{"time":1702318612324,"type":"node was deleted","value":-99}],"isTextChangeable":1},{"id":"abcb6a85-e5fe-4b4a-97ff-c734f9af73a8","value":-3,"text":"job loss","comment":"","position":{"x":336.6667,"y":484.8667},"isActive":true,"date":1702318688154,"kind":"Node","isSelected":false,"isConnectorSelected":false,"isDraggable":1,"isDeletable":1,"hasElementMoved":false,"eventLog":[{"time":1702318688154,"type":"create node","value":"0"},{"time":1702318688275,"type":"selected","value":"TRUE"},{"time":1702318708397,"type":"text","value":"Arbeitsplatzverlust"},{"time":1702318708397,"type":"value","value":"-3"},{"time":1702318708397,"type":"selected","value":"FALSE"}],"isTextChangeable":1},{"id":"770b1e57-ebab-4372-aef9-1cb35a02eb3e","value":0,"text":"","comment":"","position":{"x":1093.6667,"y":251.8667},"isActive":false,"date":1702318806136,"kind":"Node","isSelected":false,"isConnectorSelected":false,"isDraggable":1,"isDeletable":1,"hasElementMoved":false,"eventLog":[{"time":1702318806136,"type":"create node","value":0},{"time":1702318807589,"type":"node was deleted","value":-77}],"isTextChangeable":1},{"id":"7fdc7309-09fd-4a12-ba93-0666ef767699","value":-2,"text":"safety","comment":"","position":{"x":308.6667,"y":323.8667},"isActive":true,"date":1702318840353,"kind":"Node","isSelected":false,"isConnectorSelected":false,"isDraggable":1,"isDeletable":1,"hasElementMoved":false,"eventLog":[{"time":"1702318840353","type":"create node","value":[0]},{"time":"1702318841095","type":"selected","value":[true]},{"time":"1702318862781","type":"text","value":["Sicherheit"]},{"time":"1702318862781","type":"value","value":[-2]},{"time":"1702318862781","type":"selected","value":[false]},{"time":"2023-12-11T18:24:53.907Z","type":"position","value":{"x":[306.6667],"y":[255.8667]}}],"isTextChangeable":1},{"id":"2a35f616-0649-4b52-b97c-95dcb1fdd9bf","value":-1,"text":"costs","comment":"","position":{"x":459.6667,"y":577.8667},"isActive":true,"date":1702318885109,"kind":"Node","isSelected":false,"isConnectorSelected":false,"isDraggable":1,"isDeletable":1,"hasElementMoved":false,"eventLog":[{"time":"1702318885109","type":"create node","value":[0]},{"time":"1702318885850","type":"selected","value":[true]},{"time":"1702318924243","type":"text","value":["Kosten"]},{"time":"1702318924243","type":"value","value":[-1]},{"time":"1702318924243","type":"selected","value":[false]},{"time":"2023-12-11T18:22:06.026Z","type":"position","value":{"x":[450.6667],"y":[543.8667]}}],"isTextChangeable":1},{"id":"5819d1d6-ab63-4e59-a67f-b1c3c7e62f49","value":2,"text":"health","comment":"Improved diagnoses","position":{"x":746.6667,"y":526.8667},"isActive":true,"date":1702318927043,"kind":"Node","isSelected":false,"isConnectorSelected":false,"isDraggable":1,"isDeletable":1,"hasElementMoved":false,"eventLog":[{"time":1702318927043,"type":"create node","value":"0"},{"time":1702318955138,"type":"selected","value":"TRUE"},{"time":1702318972671,"type":"text","value":"Gesundheit"},{"time":1702318972671,"type":"value","value":"2"},{"time":1702318972671,"type":"comment","value":"Verbesserte Diagnosen"},{"time":1702318972671,"type":"selected","value":"FALSE"}],"isTextChangeable":1},{"id":"b29b52bc-e005-4018-8f08-547843e69682","value":-1,"text":"legal responsibilities","comment":"","position":{"x":429.6667,"y":218.8667},"isActive":true,"date":1702319098037,"kind":"Node","isSelected":false,"isConnectorSelected":false,"isDraggable":1,"isDeletable":1,"hasElementMoved":false,"eventLog":[{"time":1702319098037,"type":"create node","value":"0"},{"time":1702319113334,"type":"selected","value":"TRUE"},{"time":1702319138425,"type":"text","value":"Rechtliche Verantwortlichkeiten"},{"time":1702319138425,"type":"value","value":"-1"},{"time":1702319138425,"type":"selected","value":"FALSE"}],"isTextChangeable":1},{"id":"51621904-41de-41e6-af12-7e1b0844e7b4","value":-1,"text":"traditional skills","comment":"Loss of traditional skills due to increasing automation","position":{"x":530.6667,"y":266.8667},"isActive":true,"date":1702319148542,"kind":"Node","isSelected":false,"isConnectorSelected":false,"isDraggable":1,"isDeletable":1,"hasElementMoved":false,"eventLog":[{"time":1702319148542,"type":"create node","value":"0"},{"time":1702319148923,"type":"selected","value":"TRUE"},{"time":1702319189186,"type":"text","value":"Traditionelle Fertigkeiten"},{"time":1702319189186,"type":"value","value":"-1"},{"time":1702319189186,"type":"comment","value":"Verlust von traditionellen Fertigkeiten durch die zunehmende Automatisierung"},{"time":1702319189186,"type":"selected","value":"FALSE"}],"isTextChangeable":1},{"id":"8d7348e5-d771-46a1-9893-1293c6a836b3","value":1,"text":"creativity","comment":"","position":{"x":781.6667,"y":234.8667},"isActive":true,"date":1702319222271,"kind":"Node","isSelected":false,"isConnectorSelected":false,"isDraggable":1,"isDeletable":1,"hasElementMoved":false,"eventLog":[{"time":1702319222271,"type":"create node","value":"0"},{"time":1702319223059,"type":"selected","value":"TRUE"},{"time":1702319268205,"type":"text","value":"Kreativitität"},{"time":1702319268205,"type":"value","value":"1"},{"time":1702319268205,"type":"selected","value":"FALSE"}],"isTextChangeable":1}],"connectors":[{"id":"75365d98-8567-4a48-bc16-77969d727952","source":"2a2e26c3-bd8c-427f-ac42-03fd610d534f","target":"a51b090b-3506-41da-bb87-b7b50a831f89","agreement":false,"isActive":true,"date":1702318134152,"kind":"Connector","isSelected":false,"intensity":9,"isDeletable":false,"isOver":false,"isBidirectional":false,"eventLog":[{"time":1702318134152,"type":"create connection"},{"time":1702318208078,"type":"selected","value":1},{"time":1702318213666,"type":"change intensity of connector","value":-9},{"time":1702318213666,"type":"selected","value":0},{"time":1702318272633,"type":"selected","value":1},{"time":1702318274634,"type":"change intensity of connector","value":-9},{"time":1702318274634,"type":"selected","value":0}]},{"id":"e1a0aae5-3580-464e-a5e7-623f8fd95ccc","source":"2a2e26c3-bd8c-427f-ac42-03fd610d534f","target":"4b41e85e-5df9-401e-9b90-14ff57e75624","agreement":true,"isActive":true,"date":1702318134152,"kind":"Connector","isSelected":false,"intensity":3,"isDeletable":true,"isOver":false,"isBidirectional":false,"eventLog":[{"time":1702318134152,"type":"create connection"}]},{"id":"7cce7a6f-10a0-4ceb-8cc4-b53464d5578b","source":"4783afcb-f4be-4061-b1fb-89cfb567d6f4","target":"4b41e85e-5df9-401e-9b90-14ff57e75624","agreement":true,"isActive":true,"date":1702318363683,"kind":"Connector","isSelected":false,"intensity":6,"isDeletable":true,"isOver":false,"isBidirectional":false,"eventLog":[{"time":1702318363683,"type":"create connection"},{"time":1702318367513,"type":"selected","value":1},{"time":1702318372639,"type":"change intensity of connector","value":6},{"time":1702318372639,"type":"selected","value":0}]},{"id":"e26279b4-4354-4316-bc59-cfa0dcad8e92","source":"4035008e-87fb-42d6-8b45-ebb3f3b8e400","target":"4b41e85e-5df9-401e-9b90-14ff57e75624","agreement":true,"isActive":true,"date":1702318499618,"kind":"Connector","isSelected":false,"intensity":6,"isDeletable":true,"isOver":false,"isBidirectional":false,"eventLog":[{"time":1702318499618,"type":"create connection"},{"time":1702318501101,"type":"selected","value":1},{"time":1702318503659,"type":"change intensity of connector","value":6},{"time":1702318503659,"type":"selected","value":0}]},{"id":"d744ff85-1f17-4712-8410-4be577633d23","source":"f4daadd8-9250-4ca9-b653-8c60e43c2557","target":"4b41e85e-5df9-401e-9b90-14ff57e75624","agreement":true,"isActive":true,"date":1702318669954,"kind":"Connector","isSelected":false,"intensity":3,"isDeletable":true,"isOver":false,"isBidirectional":false,"eventLog":[{"time":1702318669954,"type":"create connection"},{"time":1702318671516,"type":"selected","value":1},{"time":1702318672836,"type":"change intensity of connector","value":3},{"time":1702318672836,"type":"selected","value":0}]},{"id":"eb2310cc-ae5b-4b6f-94e6-26736321c62d","source":"abcb6a85-e5fe-4b4a-97ff-c734f9af73a8","target":"a51b090b-3506-41da-bb87-b7b50a831f89","agreement":true,"isActive":true,"date":1702318710116,"kind":"Connector","isSelected":false,"intensity":3,"isDeletable":true,"isOver":false,"isBidirectional":false,"eventLog":[{"time":1702318710116,"type":"create connection"},{"time":1702318711009,"type":"selected","value":1},{"time":1702318714993,"type":"change intensity of connector","value":3},{"time":1702318714993,"type":"selected","value":0}]},{"id":"270eb61c-1a7a-4b99-a25e-901e52ed6b2a","source":"4783afcb-f4be-4061-b1fb-89cfb567d6f4","target":"a51b090b-3506-41da-bb87-b7b50a831f89","agreement":true,"isActive":false,"date":1702318760769,"kind":"Connector","isSelected":false,"intensity":3,"isDeletable":true,"isOver":false,"isBidirectional":false,"eventLog":[{"time":1702318760769,"type":"create connection"},{"time":1702318761976,"type":"selected","value":1},{"time":1702318765475,"type":"change intensity of connector","value":3},{"time":1702318765475,"type":"selected","value":0},{"time":1702318803199,"type":"selected","value":1},{"time":1702318804345,"type":"connector was deleted","value":-99},{"time":1702318804345,"type":"active","value":0}]},{"id":"665ab3f2-48e5-47d7-b3b3-fa9adf0f381e","source":"a51b090b-3506-41da-bb87-b7b50a831f89","target":"7fdc7309-09fd-4a12-ba93-0666ef767699","agreement":true,"isActive":true,"date":1702318865118,"kind":"Connector","isSelected":false,"intensity":3,"isDeletable":true,"isOver":false,"isBidirectional":false,"eventLog":[{"time":1702318865118,"type":"create connection"},{"time":1702318866180,"type":"selected","value":1},{"time":1702318867849,"type":"change intensity of connector","value":3},{"time":1702318867849,"type":"selected","value":0}]},{"id":"0235699c-2102-4c09-abbb-e84976398bba","source":"2a35f616-0649-4b52-b97c-95dcb1fdd9bf","target":"a51b090b-3506-41da-bb87-b7b50a831f89","agreement":true,"isActive":true,"date":1702318925340,"kind":"Connector","isSelected":false,"intensity":3,"isDeletable":true,"isOver":false,"isBidirectional":false,"eventLog":[{"time":1702318925340,"type":"create connection"}]},{"id":"6902f749-28dd-4887-9d9a-f4210e47281a","source":"5819d1d6-ab63-4e59-a67f-b1c3c7e62f49","target":"4b41e85e-5df9-401e-9b90-14ff57e75624","agreement":true,"isActive":true,"date":1702318973669,"kind":"Connector","isSelected":false,"intensity":3,"isDeletable":true,"isOver":false,"isBidirectional":false,"eventLog":[{"time":1702318973669,"type":"create connection"}]},{"id":"808fc941-d601-4da4-aba8-f9f66e67764b","source":"b29b52bc-e005-4018-8f08-547843e69682","target":"a51b090b-3506-41da-bb87-b7b50a831f89","agreement":true,"isActive":true,"date":1702319139790,"kind":"Connector","isSelected":false,"intensity":3,"isDeletable":true,"isOver":false,"isBidirectional":false,"eventLog":[{"time":1702319139790,"type":"create connection"}]},{"id":"d2cdbbcd-3603-4899-8c4a-c346f22ee466","source":"51621904-41de-41e6-af12-7e1b0844e7b4","target":"a51b090b-3506-41da-bb87-b7b50a831f89","agreement":true,"isActive":true,"date":1702319190502,"kind":"Connector","isSelected":false,"intensity":3,"isDeletable":true,"isOver":false,"isBidirectional":false,"eventLog":[{"time":1702319190502,"type":"create connection"}]},{"id":"71affbf9-0c5b-43a3-8d1b-c078db7430ed","source":"8d7348e5-d771-46a1-9893-1293c6a836b3","target":"4b41e85e-5df9-401e-9b90-14ff57e75624","agreement":true,"isActive":true,"date":1702319269062,"kind":"Connector","isSelected":false,"intensity":3,"isDeletable":true,"isOver":false,"isBidirectional":false,"eventLog":[{"time":1702319269062,"type":"create connection"}]}],"currentID":{},"currentNode":{},"hasSelectedNode":[false],"currentConnector":{},"hasSelectedConnector":[false],"readyToMove":[false],"isIncoming":[false],"hasElementMoved":[false]}
