{"idCAM":["dd5e233d-30ca-43f8-91e3-57347fe3cd09"],"creator":["60fd19bb0d1f1d54adccc4fa_pre"],"projectCAM":["S2_CAM part 1"],"defocusCAM":[],"date":[1702380829256],"nodes":[{"id":"6982e3e2-4aea-4ddc-bbd7-6d7849ab71cc","value":10,"text":"rescue robot","comment":"Danger or necessity?","position":{"x":650,"y":400},"isActive":true,"date":1702380830157,"kind":"Node","isSelected":false,"isConnectorSelected":false,"isDraggable":0,"isDeletable":0,"hasElementMoved":false,"eventLog":[{"time":1702380830157,"type":"create node","value":"0"},{"time":1702380846185,"type":"selected","value":"TRUE"},{"time":1702380850286,"type":"value","value":"10"},{"time":1702380850286,"type":"selected","value":"FALSE"},{"time":1702380910289,"type":"selected","value":"TRUE"},{"time":1702380922427,"type":"comment","value":"Gefahr oder Notwendigkeit?"},{"time":1702380922427,"type":"selected","value":"FALSE"}],"isTextChangeable":0},{"id":"f51bd06c-2517-4c5b-9afd-2654ed1c873f","value":-3,"text":"disadvantages","comment":"","position":{"x":450,"y":400},"isActive":true,"date":1702380830157,"kind":"Node","isSelected":false,"isConnectorSelected":false,"isDraggable":0,"isDeletable":0,"hasElementMoved":false,"eventLog":[{"time":1702380830157,"type":"create node","value":0},{"time":1702380851088,"type":"selected","value":1},{"time":1702380856303,"type":"value","value":-3},{"time":1702380856303,"type":"selected","value":0}],"isTextChangeable":0},{"id":"a0fe8975-aaa2-474f-afc4-c482f6d7d3ff","value":3,"text":"advantages","comment":"","position":{"x":850,"y":400},"isActive":true,"date":1702380830157,"kind":"Node","isSelected":false,"isConnectorSelected":false,"isDraggable":0,"isDeletable":0,"hasElementMoved":false,"eventLog":[{"time":1702380830157,"type":"create node","value":0},{"time":1702380840519,"type":"selected","value":1},{"time":1702380844954,"type":"value","value":3},{"time":1702380844954,"type":"selected","value":0}],"isTextChangeable":0},{"id":"d1568397-4632-4556-bd94-85efb6144ce9","value":-2,"text":"abuse/ misuse","comment":"","position":{"x":422.8889,"y":240.3333},"isActive":true,"date":1702380878546,"kind":"Node","isSelected":false,"isConnectorSelected":false,"isDraggable":1,"isDeletable":1,"hasElementMoved":false,"eventLog":[{"time":"1702380878546","type":"create node","value":[0]},{"time":"1702380879734","type":"selected","value":[true]},{"time":"1702380904718","type":"text","value":["Missbrauch/ Zweckentwendung"]},{"time":"1702380904718","type":"value","value":[-2]},{"time":"1702380904718","type":"selected","value":[false]},{"time":"2023-12-12T11:38:58.799Z","type":"position","value":{"x":[349.8889],"y":[269.3333]}}],"isTextChangeable":1},{"id":"2cefbfc0-5a4b-4d66-b720-b93e210aebf2","value":3,"text":"deployment in danger zones","comment":"","position":{"x":1169.8889,"y":308.3333},"isActive":true,"date":1702380941693,"kind":"Node","isSelected":false,"isConnectorSelected":false,"isDraggable":1,"isDeletable":1,"hasElementMoved":false,"eventLog":[{"time":"1702380941693","type":"create node","value":[0]},{"time":"1702380941710","type":"selected","value":[true]},{"time":"1702380955481","type":"text","value":["Einsatz in Gefahrgebieten"]},{"time":"1702380955481","type":"value","value":[3]},{"time":"1702380955481","type":"selected","value":[false]},{"time":"2023-12-12T11:35:56.565Z","type":"position","value":{"x":[972.8889],"y":[348.3333]}},{"time":"2023-12-12T11:38:33.350Z","type":"position","value":{"x":[1034.8889],"y":[253.3333]}},{"time":"2023-12-12T11:38:50.118Z","type":"position","value":{"x":[1079.8889],"y":[250.3333]}}],"isTextChangeable":1},{"id":"bc4e2f3f-08dc-438d-9a1f-6b26d009f410","value":3,"text":"deployment in inaccessibility","comment":"","position":{"x":1165.8889,"y":452.3333},"isActive":true,"date":1702380961940,"kind":"Node","isSelected":false,"isConnectorSelected":true,"isDraggable":1,"isDeletable":1,"hasElementMoved":false,"eventLog":[{"time":"1702380961940","type":"create node","value":[0]},{"time":"1702380961957","type":"selected","value":[true]},{"time":"1702380975009","type":"text","value":["Einsatz bei Unzugänglichkeit"]},{"time":"1702380975009","type":"value","value":[3]},{"time":"1702380975009","type":"selected","value":[false]},{"time":"2023-12-12T11:38:45.477Z","type":"position","value":{"x":[1067.8889],"y":[368.3333]}},{"time":"2023-12-12T11:38:48.789Z","type":"position","value":{"x":[1175.8889],"y":[366.3333]}}],"isTextChangeable":1},{"id":"ccf96384-649a-4a4e-b058-22b7c313a670","value":2,"text":"accuracy of work","comment":"","position":{"x":1039.8889,"y":537.3333},"isActive":true,"date":1702380980207,"kind":"Node","isSelected":false,"isConnectorSelected":false,"isDraggable":1,"isDeletable":1,"hasElementMoved":false,"eventLog":[{"time":"1702380980207","type":"create node","value":[0]},{"time":"1702380980219","type":"selected","value":[true]},{"time":"1702380988143","type":"text","value":["Genauigkeit der Arbeit"]},{"time":"1702380988143","type":"value","value":[2]},{"time":"1702380988143","type":"selected","value":[false]},{"time":"2023-12-12T11:38:35.269Z","type":"position","value":{"x":[1074.8889],"y":[500.3333]}},{"time":"2023-12-12T11:38:41.777Z","type":"position","value":{"x":[1104.8889],"y":[561.3333]}}],"isTextChangeable":1},{"id":"6fd43615-c390-4a08-b556-d91c0f939dc8","value":2,"text":"reliability","comment":"","position":{"x":874.8889,"y":549.3333},"isActive":true,"date":1702380989140,"kind":"Node","isSelected":false,"isConnectorSelected":false,"isDraggable":1,"isDeletable":1,"hasElementMoved":false,"eventLog":[{"time":"1702380989140","type":"create node","value":[0]},{"time":"1702380989151","type":"selected","value":[true]},{"time":"1702380995906","type":"text","value":["Zuverlässigkeit"]},{"time":"1702380995906","type":"value","value":[2]},{"time":"1702380995907","type":"selected","value":[false]},{"time":"2023-12-12T11:38:31.879Z","type":"position","value":{"x":[910.8889],"y":[271.3333]}},{"time":"2023-12-12T11:38:37.993Z","type":"position","value":{"x":[846.8889],"y":[229.3333]}},{"time":"2023-12-12T11:38:38.112Z","type":"position","value":{"x":[928.8889],"y":[384.3333]}},{"time":"2023-12-12T11:38:38.294Z","type":"position","value":{"x":[998.8889],"y":[537.3333]}},{"time":"2023-12-12T11:38:40.742Z","type":"position","value":{"x":[962.8889],"y":[602.3333]}}],"isTextChangeable":1},{"id":"041ea9e1-e3fc-4ce9-b776-00b2edabcd7d","value":2,"text":"not prone to stress","comment":"","position":{"x":952.8889,"y":232.3333},"isActive":true,"date":1702381005413,"kind":"Node","isSelected":false,"isConnectorSelected":false,"isDraggable":1,"isDeletable":1,"hasElementMoved":false,"eventLog":[{"time":"1702381005413","type":"create node","value":[0]},{"time":"1702381005424","type":"selected","value":[true]},{"time":"1702381017084","type":"text","value":["nicht stressanfällig"]},{"time":"1702381017084","type":"value","value":[2]},{"time":"1702381017084","type":"selected","value":[false]},{"time":"2023-12-12T11:38:36.589Z","type":"position","value":{"x":[911.8889],"y":[544.3333]}},{"time":"2023-12-12T11:38:39.230Z","type":"position","value":{"x":[869.8889],"y":[603.3333]}},{"time":"2023-12-12T11:38:39.375Z","type":"position","value":{"x":[880.8889],"y":[431.3333]}},{"time":"2023-12-12T11:38:39.477Z","type":"position","value":{"x":[884.8889],"y":[272.3333]}},{"time":"2023-12-12T11:38:51.481Z","type":"position","value":{"x":[873.8889],"y":[171.3333]}}],"isTextChangeable":1},{"id":"c3b51f10-2196-429d-b706-e5bfe2eff659","value":3,"text":"risks no human lives","comment":"","position":{"x":1011.8889,"y":382.3333},"isActive":true,"date":1702381018822,"kind":"Node","isSelected":false,"isConnectorSelected":true,"isDraggable":1,"isDeletable":1,"hasElementMoved":false,"eventLog":[{"time":"1702381018822","type":"create node","value":[0]},{"time":"1702381018831","type":"selected","value":[true]},{"time":"1702381027413","type":"text","value":["riskiert keine Menschenleben"]},{"time":"1702381027413","type":"value","value":[3]},{"time":"1702381027413","type":"selected","value":[false]},{"time":"2023-12-12T11:38:44.069Z","type":"position","value":{"x":[1170.8889],"y":[405.3333]}},{"time":"2023-12-12T11:38:47.246Z","type":"position","value":{"x":[1149.8889],"y":[436.3333]}}],"isTextChangeable":1},{"id":"d7dbe1de-a51a-4941-a364-7c4e6032ed3f","value":-3,"text":"immoral decision-making","comment":"","position":{"x":475.8889,"y":581.3333},"isActive":true,"date":1702381037547,"kind":"Node","isSelected":false,"isConnectorSelected":false,"isDraggable":1,"isDeletable":1,"hasElementMoved":false,"eventLog":[{"time":"1702381037547","type":"create node","value":[0]},{"time":"1702381037559","type":"selected","value":[true]},{"time":"1702381050560","type":"text","value":["unmoralische Entscheidungsführung"]},{"time":"1702381050560","type":"value","value":[-3]},{"time":"1702381050560","type":"selected","value":[false]},{"time":"2023-12-12T11:38:55.884Z","type":"position","value":{"x":[287.8889],"y":[513.3333]}},{"time":"2023-12-12T11:39:04.899Z","type":"position","value":{"x":[235.8889],"y":[557.3333]}},{"time":"2023-12-12T11:39:05.070Z","type":"position","value":{"x":[393.8889],"y":[589.3333]}}],"isTextChangeable":1},{"id":"112abeb4-dd08-4b8b-b4d5-3bd5ac144075","value":-3,"text":"possible technical errors","comment":"","position":{"x":152.8889,"y":359.3333},"isActive":true,"date":1702381067530,"kind":"Node","isSelected":false,"isConnectorSelected":false,"isDraggable":1,"isDeletable":1,"hasElementMoved":false,"eventLog":[{"time":"1702381067530","type":"create node","value":[0]},{"time":"1702381067542","type":"selected","value":[true]},{"time":"1702381081814","type":"text","value":["mögliche technische Fehler"]},{"time":"1702381081814","type":"value","value":[-3]},{"time":"1702381081814","type":"selected","value":[false]},{"time":"2023-12-12T11:39:00.601Z","type":"position","value":{"x":[161.8889],"y":[379.3333]}},{"time":"2023-12-12T11:39:14.885Z","type":"position","value":{"x":[179.8889],"y":[342.3333]}}],"isTextChangeable":1},{"id":"4530940d-7f6c-480b-846e-01e45d60845f","value":-3,"text":"complete autonomy","comment":"","position":{"x":256.8889,"y":539.3333},"isActive":true,"date":1702381088892,"kind":"Node","isSelected":false,"isConnectorSelected":false,"isDraggable":1,"isDeletable":1,"hasElementMoved":false,"eventLog":[{"time":"1702381088892","type":"create node","value":[0]},{"time":"1702381088907","type":"selected","value":[true]},{"time":"1702381102070","type":"text","value":["vollständige Autonomie?"]},{"time":"1702381102070","type":"value","value":[-3]},{"time":"1702381102070","type":"selected","value":[false]},{"time":"2023-12-12T11:38:57.179Z","type":"position","value":{"x":[467.8889],"y":[549.3333]}},{"time":"2023-12-12T11:39:03.783Z","type":"position","value":{"x":[448.8889],"y":[561.3333]}},{"time":"2023-12-12T11:39:03.919Z","type":"position","value":{"x":[276.8889],"y":[527.3333]}},{"time":"2023-12-12T11:39:06.438Z","type":"position","value":{"x":[215.8889],"y":[503.3333]}}],"isTextChangeable":1}],"connectors":[{"id":"bc2e05be-6c06-4313-a690-58de3f7bc481","source":"6982e3e2-4aea-4ddc-bbd7-6d7849ab71cc","target":"f51bd06c-2517-4c5b-9afd-2654ed1c873f","agreement":true,"isActive":true,"date":1702380830158,"kind":"Connector","isSelected":false,"intensity":9,"isDeletable":false,"isOver":false,"isBidirectional":false,"eventLog":[{"time":1702380830158,"type":"create connection"},{"time":1702380857447,"type":"selected","value":1},{"time":1702380869030,"type":"change intensity of connector","value":9},{"time":1702380869030,"type":"selected","value":0}]},{"id":"bdb1ee57-738e-4d0e-b29a-7bc6345943b1","source":"6982e3e2-4aea-4ddc-bbd7-6d7849ab71cc","target":"a0fe8975-aaa2-474f-afc4-c482f6d7d3ff","agreement":true,"isActive":true,"date":1702380830158,"kind":"Connector","isSelected":false,"intensity":9,"isDeletable":true,"isOver":false,"isBidirectional":false,"eventLog":[{"time":1702380830158,"type":"create connection"},{"time":1702380869947,"type":"selected","value":1},{"time":1702380872329,"type":"change intensity of connector","value":9},{"time":1702380872329,"type":"selected","value":0}]},{"id":"710ec746-85a3-4641-a785-d58e4a6102cd","source":"4530940d-7f6c-480b-846e-01e45d60845f","target":"f51bd06c-2517-4c5b-9afd-2654ed1c873f","agreement":true,"isActive":true,"date":1702381148684,"kind":"Connector","isSelected":false,"intensity":6,"isDeletable":true,"isOver":false,"isBidirectional":false,"eventLog":[{"time":1702381148684,"type":"create connection"},{"time":1702381202089,"type":"selected","value":1},{"time":1702381204578,"type":"change intensity of connector","value":6},{"time":1702381204578,"type":"selected","value":0}]},{"id":"193f14a1-6c08-4471-bf6f-7ffbf9d3455d","source":"112abeb4-dd08-4b8b-b4d5-3bd5ac144075","target":"4530940d-7f6c-480b-846e-01e45d60845f","agreement":true,"isActive":true,"date":1702381152616,"kind":"Connector","isSelected":false,"intensity":3,"isDeletable":true,"isOver":false,"isBidirectional":false,"eventLog":[{"time":1702381152616,"type":"create connection"}]},{"id":"3cebd743-ac75-482a-9c77-ae2f7bdc66f7","source":"112abeb4-dd08-4b8b-b4d5-3bd5ac144075","target":"f51bd06c-2517-4c5b-9afd-2654ed1c873f","agreement":true,"isActive":true,"date":1702381157246,"kind":"Connector","isSelected":false,"intensity":9,"isDeletable":true,"isOver":false,"isBidirectional":false,"eventLog":[{"time":1702381157246,"type":"create connection"},{"time":1702381189158,"type":"selected","value":1},{"time":1702381191687,"type":"change intensity of connector","value":9},{"time":1702381191687,"type":"selected","value":0}]},{"id":"45bbb3ea-0e33-49f6-a0b6-4a78250c5f34","source":"d1568397-4632-4556-bd94-85efb6144ce9","target":"f51bd06c-2517-4c5b-9afd-2654ed1c873f","agreement":true,"isActive":true,"date":1702381159244,"kind":"Connector","isSelected":false,"intensity":6,"isDeletable":true,"isOver":false,"isBidirectional":false,"eventLog":[{"time":1702381159244,"type":"create connection"},{"time":1702381183024,"type":"selected","value":1},{"time":1702381187913,"type":"change intensity of connector","value":6},{"time":1702381187913,"type":"selected","value":0}]},{"id":"6aa63052-fdbc-4f7e-8ee4-5d2a735145aa","source":"d7dbe1de-a51a-4941-a364-7c4e6032ed3f","target":"f51bd06c-2517-4c5b-9afd-2654ed1c873f","agreement":true,"isActive":true,"date":1702381162015,"kind":"Connector","isSelected":false,"intensity":9,"isDeletable":true,"isOver":false,"isBidirectional":false,"eventLog":[{"time":1702381162015,"type":"create connection"},{"time":1702381193312,"type":"selected","value":1},{"time":1702381195760,"type":"change intensity of connector","value":9},{"time":1702381195760,"type":"selected","value":0}]},{"id":"e7ceb10d-24a2-4e0d-826f-7406a447d465","source":"d7dbe1de-a51a-4941-a364-7c4e6032ed3f","target":"4530940d-7f6c-480b-846e-01e45d60845f","agreement":false,"isActive":true,"date":1702381163543,"kind":"Connector","isSelected":false,"intensity":3,"isDeletable":true,"isOver":false,"isBidirectional":false,"eventLog":[{"time":1702381163543,"type":"create connection"},{"time":1702381196966,"type":"selected","value":1},{"time":1702381200641,"type":"change intensity of connector","value":-3},{"time":1702381200641,"type":"selected","value":0}]},{"id":"13776cf2-1fe2-4485-b84c-b1e925ec92c3","source":"a0fe8975-aaa2-474f-afc4-c482f6d7d3ff","target":"c3b51f10-2196-429d-b706-e5bfe2eff659","agreement":true,"isActive":true,"date":1702381166226,"kind":"Connector","isSelected":false,"intensity":9,"isDeletable":true,"isOver":false,"isBidirectional":false,"eventLog":[{"time":1702381166226,"type":"create connection"},{"time":1702381221091,"type":"selected","value":1},{"time":1702381223229,"type":"change intensity of connector","value":9},{"time":1702381223229,"type":"selected","value":0}]},{"id":"5773644a-bcb4-43ed-9883-56f455c930b7","source":"c3b51f10-2196-429d-b706-e5bfe2eff659","target":"2cefbfc0-5a4b-4d66-b720-b93e210aebf2","agreement":true,"isActive":true,"date":1702381167596,"kind":"Connector","isSelected":false,"intensity":9,"isDeletable":true,"isOver":false,"isBidirectional":false,"eventLog":[{"time":1702381167596,"type":"create connection"},{"time":1702381225762,"type":"selected","value":1},{"time":1702381228877,"type":"change intensity of connector","value":9},{"time":1702381228877,"type":"selected","value":0}]},{"id":"8da2f269-ae0d-4daf-974a-523868d46128","source":"c3b51f10-2196-429d-b706-e5bfe2eff659","target":"bc4e2f3f-08dc-438d-9a1f-6b26d009f410","agreement":true,"isActive":true,"date":1702381169164,"kind":"Connector","isSelected":false,"intensity":9,"isDeletable":true,"isOver":false,"isBidirectional":false,"eventLog":[{"time":1702381169164,"type":"create connection"},{"time":1702381229968,"type":"selected","value":1},{"time":1702381232614,"type":"change intensity of connector","value":9},{"time":1702381232614,"type":"selected","value":0}]},{"id":"24e42dfd-1bb4-4099-ad9f-d043447ff328","source":"ccf96384-649a-4a4e-b058-22b7c313a670","target":"a0fe8975-aaa2-474f-afc4-c482f6d7d3ff","agreement":true,"isActive":true,"date":1702381171283,"kind":"Connector","isSelected":false,"intensity":6,"isDeletable":true,"isOver":false,"isBidirectional":false,"eventLog":[{"time":1702381171283,"type":"create connection"},{"time":1702381217874,"type":"selected","value":1},{"time":1702381220104,"type":"change intensity of connector","value":6},{"time":1702381220104,"type":"selected","value":0}]},{"id":"50a03810-d44f-44ed-bc90-7d3b3c4f592b","source":"6fd43615-c390-4a08-b556-d91c0f939dc8","target":"a0fe8975-aaa2-474f-afc4-c482f6d7d3ff","agreement":true,"isActive":true,"date":1702381172762,"kind":"Connector","isSelected":false,"intensity":6,"isDeletable":true,"isOver":false,"isBidirectional":false,"eventLog":[{"time":1702381172762,"type":"create connection"},{"time":1702381213281,"type":"selected","value":1},{"time":1702381216368,"type":"change intensity of connector","value":6},{"time":1702381216368,"type":"selected","value":0}]},{"id":"055c7210-0fc1-4388-a2d9-d5b931b3e16c","source":"6fd43615-c390-4a08-b556-d91c0f939dc8","target":"ccf96384-649a-4a4e-b058-22b7c313a670","agreement":true,"isActive":true,"date":1702381174144,"kind":"Connector","isSelected":false,"intensity":3,"isDeletable":true,"isOver":false,"isBidirectional":false,"eventLog":[{"time":1702381174144,"type":"create connection"}]},{"id":"a24fa489-888c-4717-aff7-ce475bf17027","source":"041ea9e1-e3fc-4ce9-b776-00b2edabcd7d","target":"a0fe8975-aaa2-474f-afc4-c482f6d7d3ff","agreement":true,"isActive":true,"date":1702381176033,"kind":"Connector","isSelected":false,"intensity":9,"isDeletable":true,"isOver":false,"isBidirectional":false,"eventLog":[{"time":1702381176033,"type":"create connection"},{"time":1702381210064,"type":"selected","value":1},{"time":1702381212287,"type":"change intensity of connector","value":9},{"time":1702381212287,"type":"selected","value":0}]},{"id":"651cdb39-20aa-4549-8dbf-567eab6618c3","source":"041ea9e1-e3fc-4ce9-b776-00b2edabcd7d","target":"c3b51f10-2196-429d-b706-e5bfe2eff659","agreement":true,"isActive":true,"date":1702381179381,"kind":"Connector","isSelected":false,"intensity":3,"isDeletable":true,"isOver":false,"isBidirectional":false,"eventLog":[{"time":1702381179381,"type":"create connection"}]}],"currentID":["8da2f269-ae0d-4daf-974a-523868d46128"],"currentNode":{},"hasSelectedNode":[false],"currentConnector":{"id":["8da2f269-ae0d-4daf-974a-523868d46128"],"value":{},"source":["c3b51f10-2196-429d-b706-e5bfe2eff659"],"target":["bc4e2f3f-08dc-438d-9a1f-6b26d009f410"],"agreement":[true],"isActive":[true],"date":[1702381169164],"kind":["Connector"],"isSelected":[false],"intensity":[9],"isDeletable":[true],"isOver":[false],"isBidirectional":[false],"eventLog":[{"time":1702381169164,"type":"create connection"},{"time":1702381229968,"type":"selected","value":1},{"time":1702381232614,"type":"change intensity of connector","value":9},{"time":1702381232614,"type":"selected","value":0}]},"hasSelectedConnector":[true],"readyToMove":[false],"isIncoming":[false],"hasElementMoved":[false]}
