{"idCAM":["9bf47935-450a-41f5-942c-69d8913df831"],"creator":["60fd15295d6b2a3711cafbd2_post"],"projectCAM":["S2_CAM part 2"],"defocusCAM":[],"date":[1702311087872],"nodes":[{"id":"9b823879-9c86-483a-a8e3-e82b3396eb1c","value":1,"text":"rescue robot","comment":"","position":{"x":650,"y":400},"isActive":true,"date":1702311088772,"kind":"Node","isSelected":false,"isConnectorSelected":true,"isDraggable":0,"isDeletable":0,"hasElementMoved":false,"eventLog":[{"time":1702311088772,"type":"create node","value":1}],"isTextChangeable":0},{"id":"5a9ff9e2-15ea-4169-a998-76cc03eb7199","value":-1,"text":"disadvantages","comment":"","position":{"x":450,"y":400},"isActive":true,"date":1702311088772,"kind":"Node","isSelected":false,"isConnectorSelected":false,"isDraggable":0,"isDeletable":0,"hasElementMoved":false,"eventLog":[{"time":1702311088772,"type":"create node","value":-1}],"isTextChangeable":0},{"id":"b08484c5-5db0-4e0f-94f9-9203aad47bc5","value":1,"text":"advantages","comment":"","position":{"x":850,"y":400},"isActive":true,"date":1702311088772,"kind":"Node","isSelected":false,"isConnectorSelected":true,"isDraggable":0,"isDeletable":0,"hasElementMoved":false,"eventLog":[{"time":1702311088772,"type":"create node","value":1}],"isTextChangeable":0},{"id":"91d0f6b3-4165-45c5-a4be-df1c7e41080e","value":3,"text":"reduced danger","comment":"","position":{"x":1085,"y":405},"isActive":true,"date":1702311088772,"kind":"Node","isSelected":false,"isConnectorSelected":false,"isDraggable":1,"isDeletable":1,"hasElementMoved":false,"eventLog":[{"time":1702311088772,"type":"create node","value":3}],"isTextChangeable":1},{"id":"b441b4f7-ebe6-4f7c-9a91-808fbef23a71","value":10,"text":"without emotions","comment":"","position":{"x":901,"y":261},"isActive":true,"date":1702311088772,"kind":"Node","isSelected":false,"isConnectorSelected":false,"isDraggable":1,"isDeletable":1,"hasElementMoved":false,"eventLog":[{"time":1702311088772,"type":"create node","value":10}],"isTextChangeable":1},{"id":"084a8949-f4c7-439e-81b2-18b5b5be9b31","value":-2,"text":"worse pattern recognition","comment":"","position":{"x":245,"y":297},"isActive":true,"date":1702311088772,"kind":"Node","isSelected":false,"isConnectorSelected":false,"isDraggable":1,"isDeletable":1,"hasElementMoved":false,"eventLog":[{"time":1702311088772,"type":"create node","value":-2}],"isTextChangeable":1},{"id":"be0a3042-588a-4fd1-be0f-56a9f01c4793","value":-3,"text":"discrimination","comment":"","position":{"x":206,"y":413},"isActive":true,"date":1702311088772,"kind":"Node","isSelected":false,"isConnectorSelected":false,"isDraggable":1,"isDeletable":1,"hasElementMoved":false,"eventLog":[{"time":1702311088772,"type":"create node","value":-3}],"isTextChangeable":1},{"id":"c905698f-3dfb-4625-8b2a-bf113a9f82c3","value":2,"text":"faster work","comment":"","position":{"x":1050,"y":494},"isActive":true,"date":1702311088773,"kind":"Node","isSelected":false,"isConnectorSelected":false,"isDraggable":1,"isDeletable":1,"hasElementMoved":false,"eventLog":[{"time":1702311088773,"type":"create node","value":2}],"isTextChangeable":1},{"id":"110bbc2f-6868-498c-be85-154e6efa68b5","value":-1,"text":"availability","comment":"","position":{"x":224,"y":547},"isActive":true,"date":1702311088773,"kind":"Node","isSelected":false,"isConnectorSelected":false,"isDraggable":1,"isDeletable":1,"hasElementMoved":false,"eventLog":[{"time":1702311088773,"type":"create node","value":-1}],"isTextChangeable":1},{"id":"7f28a258-5883-4fbd-900e-5b810dcdbbfd","value":-1,"text":"reliability","comment":"","position":{"x":371,"y":597},"isActive":true,"date":1702311088773,"kind":"Node","isSelected":false,"isConnectorSelected":false,"isDraggable":1,"isDeletable":1,"hasElementMoved":false,"eventLog":[{"time":1702311088773,"type":"create node","value":-1}],"isTextChangeable":1},{"id":"c2c30f8f-be5a-4a0c-b4ce-e0ca390883dc","value":2,"text":"precision","comment":"","position":{"x":1174,"y":252},"isActive":true,"date":1702311088773,"kind":"Node","isSelected":false,"isConnectorSelected":false,"isDraggable":1,"isDeletable":1,"hasElementMoved":false,"eventLog":[{"time":1702311088773,"type":"create node","value":2}],"isTextChangeable":1},{"id":"c0aa0f17-7325-4d10-b2f8-20ab7ca0530b","value":-1,"text":"financing","comment":"","position":{"x":422,"y":226},"isActive":true,"date":1702311088773,"kind":"Node","isSelected":false,"isConnectorSelected":false,"isDraggable":1,"isDeletable":1,"hasElementMoved":false,"eventLog":[{"time":1702311088773,"type":"create node","value":-1}],"isTextChangeable":1},{"id":"65b0c619-5c5f-44f2-85f8-bfc049211e78","value":10,"text":"loss of jobs","comment":"","position":{"x":736,"y":523},"isActive":true,"date":1702311088773,"kind":"Node","isSelected":false,"isConnectorSelected":false,"isDraggable":1,"isDeletable":1,"hasElementMoved":false,"eventLog":[{"time":1702311088773,"type":"create node","value":10}],"isTextChangeable":1},{"id":"7a7bd15f-55a8-444f-bf7c-d38496952750","value":2,"text":"soft robot","comment":"","position":{"x":878,"y":650},"isActive":true,"date":1702311109141,"kind":"Node","isSelected":false,"isConnectorSelected":false,"isDraggable":1,"isDeletable":1,"hasElementMoved":false,"eventLog":[{"time":"1702311109141","type":"create node","value":[0]},{"time":"1702311109812","type":"selected","value":[true]},{"time":"1702311119396","type":"text","value":["Soft Roboter"]},{"time":"1702311119396","type":"value","value":[2]},{"time":"1702311119396","type":"selected","value":[false]},{"time":"2023-12-11T16:12:00.957Z","type":"position","value":{"x":[551],"y":[663]}},{"time":"2023-12-11T16:12:01.139Z","type":"position","value":{"x":[715],"y":[657]}},{"time":"2023-12-11T16:12:01.372Z","type":"position","value":{"x":[866],"y":[639]}}],"isTextChangeable":1},{"id":"02ba0d0e-5529-4aae-9d5d-0050a9b19a30","value":1,"text":"direct help","comment":"through water/food","position":{"x":1092,"y":665},"isActive":true,"date":1702311124723,"kind":"Node","isSelected":false,"isConnectorSelected":false,"isDraggable":1,"isDeletable":1,"hasElementMoved":false,"eventLog":[{"time":1702311124723,"type":"create node","value":"0"},{"time":1702311125587,"type":"selected","value":"TRUE"},{"time":1702311144377,"type":"text","value":"Direkte Hilfe"},{"time":1702311144377,"type":"value","value":"1"},{"time":1702311144377,"type":"comment","value":"durch Wasser/Nahrung"},{"time":1702311144377,"type":"selected","value":"FALSE"}],"isTextChangeable":1},{"id":"18331014-b615-40f8-a78f-50159d2e5026","value":-2,"text":"risk of damage","comment":"","position":{"x":683,"y":714},"isActive":true,"date":1702311157373,"kind":"Node","isSelected":false,"isConnectorSelected":false,"isDraggable":1,"isDeletable":1,"hasElementMoved":false,"eventLog":[{"time":1702311157373,"type":"create node","value":"0"},{"time":1702311158617,"type":"selected","value":"TRUE"},{"time":1702311167060,"type":"text","value":"Beschädigungsgefahr"},{"time":1702311167060,"type":"value","value":"-2"},{"time":1702311167060,"type":"selected","value":"FALSE"}],"isTextChangeable":1}],"connectors":[{"id":"cc2172d2-e8a4-4f53-9b72-825c8b8e8d92","source":"9b823879-9c86-483a-a8e3-e82b3396eb1c","target":"5a9ff9e2-15ea-4169-a998-76cc03eb7199","agreement":false,"isActive":true,"date":1702311088773,"kind":"Connector","isSelected":false,"intensity":6,"isDeletable":false,"isOver":false,"isBidirectional":false,"eventLog":[{"time":1702311088773,"type":"create connection"},{"time":1702311174815,"type":"selected","value":1},{"time":1702311176959,"type":"change intensity of connector","value":-6},{"time":1702311176959,"type":"selected","value":0}]},{"id":"8385173b-6cc2-4ee0-a18f-b3c2cf18802d","source":"9b823879-9c86-483a-a8e3-e82b3396eb1c","target":"b08484c5-5db0-4e0f-94f9-9203aad47bc5","agreement":true,"isActive":true,"date":1702311088773,"kind":"Connector","isSelected":false,"intensity":9,"isDeletable":true,"isOver":false,"isBidirectional":false,"eventLog":[{"time":1702311088773,"type":"create connection"},{"time":1702311182570,"type":"selected","value":1},{"time":1702311184075,"type":"change intensity of connector","value":9},{"time":1702311184075,"type":"selected","value":0}]},{"id":"cfb663da-7629-4df0-88ae-8e9fe1866d47","source":"b08484c5-5db0-4e0f-94f9-9203aad47bc5","target":"91d0f6b3-4165-45c5-a4be-df1c7e41080e","agreement":true,"isActive":true,"date":1702311088773,"kind":"Connector","isSelected":false,"intensity":9,"isDeletable":true,"isOver":false,"isBidirectional":false,"eventLog":[{"time":1702311088773,"type":"create connection"}]},{"id":"92f3e0c5-fbfc-4267-86ff-fcb7f9c936ca","source":"b441b4f7-ebe6-4f7c-9a91-808fbef23a71","target":"b08484c5-5db0-4e0f-94f9-9203aad47bc5","agreement":true,"isActive":true,"date":1702311088773,"kind":"Connector","isSelected":false,"intensity":6,"isDeletable":true,"isOver":false,"isBidirectional":false,"eventLog":[{"time":1702311088773,"type":"create connection"}]},{"id":"345749f1-b6ff-4f33-ac48-d3e2603a9380","source":"5a9ff9e2-15ea-4169-a998-76cc03eb7199","target":"b441b4f7-ebe6-4f7c-9a91-808fbef23a71","agreement":true,"isActive":true,"date":1702311088773,"kind":"Connector","isSelected":false,"intensity":3,"isDeletable":true,"isOver":false,"isBidirectional":false,"eventLog":[{"time":1702311088773,"type":"create connection"}]},{"id":"5baf3f47-5bcc-4c60-93b4-e45d3a3835cf","source":"5a9ff9e2-15ea-4169-a998-76cc03eb7199","target":"084a8949-f4c7-439e-81b2-18b5b5be9b31","agreement":true,"isActive":true,"date":1702311088773,"kind":"Connector","isSelected":false,"intensity":3,"isDeletable":true,"isOver":false,"isBidirectional":false,"eventLog":[{"time":1702311088773,"type":"create connection"}]},{"id":"4b20fced-6ae2-427f-84b2-9d594a3a90b8","source":"5a9ff9e2-15ea-4169-a998-76cc03eb7199","target":"be0a3042-588a-4fd1-be0f-56a9f01c4793","agreement":true,"isActive":true,"date":1702311088773,"kind":"Connector","isSelected":false,"intensity":3,"isDeletable":true,"isOver":false,"isBidirectional":false,"eventLog":[{"time":1702311088773,"type":"create connection"}]},{"id":"42bb5fd0-125f-4cee-85d5-f941a26010e6","source":"c905698f-3dfb-4625-8b2a-bf113a9f82c3","target":"b08484c5-5db0-4e0f-94f9-9203aad47bc5","agreement":true,"isActive":true,"date":1702311088773,"kind":"Connector","isSelected":false,"intensity":6,"isDeletable":true,"isOver":false,"isBidirectional":false,"eventLog":[{"time":1702311088773,"type":"create connection"}]},{"id":"dfc01bf2-0413-494f-be48-559ccfa2be42","source":"110bbc2f-6868-498c-be85-154e6efa68b5","target":"5a9ff9e2-15ea-4169-a998-76cc03eb7199","agreement":true,"isActive":true,"date":1702311088773,"kind":"Connector","isSelected":false,"intensity":3,"isDeletable":true,"isOver":false,"isBidirectional":false,"eventLog":[{"time":1702311088773,"type":"create connection"}]},{"id":"2dc613c1-5585-4ef6-a3ff-75addcc78619","source":"7f28a258-5883-4fbd-900e-5b810dcdbbfd","target":"5a9ff9e2-15ea-4169-a998-76cc03eb7199","agreement":true,"isActive":true,"date":1702311088773,"kind":"Connector","isSelected":false,"intensity":3,"isDeletable":true,"isOver":false,"isBidirectional":false,"eventLog":[{"time":1702311088773,"type":"create connection"}]},{"id":"9fe95ba3-ef1f-4049-8d44-10da40dd9642","source":"c2c30f8f-be5a-4a0c-b4ce-e0ca390883dc","target":"b08484c5-5db0-4e0f-94f9-9203aad47bc5","agreement":true,"isActive":true,"date":1702311088773,"kind":"Connector","isSelected":false,"intensity":3,"isDeletable":true,"isOver":false,"isBidirectional":false,"eventLog":[{"time":1702311088773,"type":"create connection"}]},{"id":"e27b223b-86d5-4526-a2be-71298a68d712","source":"c0aa0f17-7325-4d10-b2f8-20ab7ca0530b","target":"5a9ff9e2-15ea-4169-a998-76cc03eb7199","agreement":true,"isActive":true,"date":1702311088773,"kind":"Connector","isSelected":false,"intensity":3,"isDeletable":true,"isOver":false,"isBidirectional":false,"eventLog":[{"time":1702311088773,"type":"create connection"}]},{"id":"f8dff1d6-3a4e-46f1-9507-94eae43e25ef","source":"65b0c619-5c5f-44f2-85f8-bfc049211e78","target":"b08484c5-5db0-4e0f-94f9-9203aad47bc5","agreement":true,"isActive":true,"date":1702311088773,"kind":"Connector","isSelected":false,"intensity":3,"isDeletable":true,"isOver":false,"isBidirectional":false,"eventLog":[{"time":1702311088773,"type":"create connection"}]},{"id":"bf65a923-da22-4e6f-8ef5-e8ad3d8f3086","source":"65b0c619-5c5f-44f2-85f8-bfc049211e78","target":"5a9ff9e2-15ea-4169-a998-76cc03eb7199","agreement":true,"isActive":true,"date":1702311088773,"kind":"Connector","isSelected":false,"intensity":3,"isDeletable":true,"isOver":false,"isBidirectional":false,"eventLog":[{"time":1702311088773,"type":"create connection"}]},{"id":"c09fce31-9ca4-4247-bb85-c662174614e6","source":"c2c30f8f-be5a-4a0c-b4ce-e0ca390883dc","target":"c905698f-3dfb-4625-8b2a-bf113a9f82c3","agreement":true,"isActive":true,"date":1702311088773,"kind":"Connector","isSelected":false,"intensity":3,"isDeletable":true,"isOver":false,"isBidirectional":false,"eventLog":[{"time":1702311088773,"type":"create connection"}]},{"id":"b37999c1-2fa2-496c-b3a6-aef040e6761e","source":"b441b4f7-ebe6-4f7c-9a91-808fbef23a71","target":"c905698f-3dfb-4625-8b2a-bf113a9f82c3","agreement":true,"isActive":true,"date":1702311088774,"kind":"Connector","isSelected":false,"intensity":3,"isDeletable":true,"isOver":false,"isBidirectional":false,"eventLog":[{"time":1702311088774,"type":"create connection"}]},{"id":"12cc3711-b23d-4a6b-bc45-0fc410b9bb1e","source":"02ba0d0e-5529-4aae-9d5d-0050a9b19a30","target":"7a7bd15f-55a8-444f-bf7c-d38496952750","agreement":true,"isActive":true,"date":1702311145390,"kind":"Connector","isSelected":false,"intensity":6,"isDeletable":true,"isOver":false,"isBidirectional":false,"eventLog":[{"time":1702311145390,"type":"create connection"},{"time":1702311148411,"type":"selected","value":1},{"time":1702311150241,"type":"change intensity of connector","value":6},{"time":1702311150241,"type":"selected","value":0}]},{"id":"42463c9d-59f2-4fea-808a-0e087489e592","source":"7a7bd15f-55a8-444f-bf7c-d38496952750","target":"9b823879-9c86-483a-a8e3-e82b3396eb1c","agreement":true,"isActive":true,"date":1702311154623,"kind":"Connector","isSelected":false,"intensity":3,"isDeletable":true,"isOver":false,"isBidirectional":false,"eventLog":[{"time":1702311154623,"type":"create connection"}]},{"id":"4a07cb74-2ed7-4aa0-9994-54ab28e664d2","source":"18331014-b615-40f8-a78f-50159d2e5026","target":"7a7bd15f-55a8-444f-bf7c-d38496952750","agreement":false,"isActive":true,"date":1702311168975,"kind":"Connector","isSelected":false,"intensity":6,"isDeletable":true,"isOver":false,"isBidirectional":false,"eventLog":[{"time":1702311168975,"type":"create connection"},{"time":1702311169960,"type":"selected","value":1},{"time":1702311172141,"type":"change intensity of connector","value":-6},{"time":1702311172141,"type":"selected","value":0}]}],"currentID":["8385173b-6cc2-4ee0-a18f-b3c2cf18802d"],"currentNode":{},"hasSelectedNode":[false],"currentConnector":{"id":["8385173b-6cc2-4ee0-a18f-b3c2cf18802d"],"value":{},"source":["9b823879-9c86-483a-a8e3-e82b3396eb1c"],"target":["b08484c5-5db0-4e0f-94f9-9203aad47bc5"],"agreement":[true],"isActive":[true],"date":[1702311088773],"kind":["Connector"],"isSelected":[false],"intensity":[9],"isDeletable":[true],"isOver":[false],"isBidirectional":[false],"eventLog":[{"time":1702311088773,"type":"create connection"},{"time":1702311182570,"type":"selected","value":1},{"time":1702311184075,"type":"change intensity of connector","value":9},{"time":1702311184075,"type":"selected","value":0}]},"hasSelectedConnector":[true],"readyToMove":[false],"isIncoming":[false],"hasElementMoved":[false]}
