{"idCAM":["337ba88b-57a8-416c-b024-56c7ec77973a"],"creator":["60fd15295d6b2a3711cafbd2_pre"],"projectCAM":["S2_CAM part 1"],"defocusCAM":[],"date":[1702310262461],"nodes":[{"id":"b43d3f41-2e5f-4cd9-80e2-fbaac017ff85","value":1,"text":"rescue robot","comment":"","position":{"x":650,"y":400},"isActive":true,"date":1702310263361,"kind":"Node","isSelected":false,"isConnectorSelected":false,"isDraggable":0,"isDeletable":0,"hasElementMoved":false,"eventLog":[{"time":1702310263361,"type":"create node","value":0},{"time":1702310952199,"type":"selected","value":1},{"time":1702310955324,"type":"value","value":1},{"time":1702310955324,"type":"selected","value":0}],"isTextChangeable":0},{"id":"6610111e-13af-4613-99d8-b963e0c41a27","value":-1,"text":"disadvantages","comment":"","position":{"x":450,"y":400},"isActive":true,"date":1702310263361,"kind":"Node","isSelected":false,"isConnectorSelected":false,"isDraggable":0,"isDeletable":0,"hasElementMoved":false,"eventLog":[{"time":1702310263361,"type":"create node","value":0},{"time":1702310939864,"type":"selected","value":1},{"time":1702310940272,"type":"selected","value":0},{"time":1702310941517,"type":"selected","value":1},{"time":1702310944590,"type":"value","value":-1},{"time":1702310944590,"type":"selected","value":0}],"isTextChangeable":0},{"id":"a576da76-d4b8-44f3-8602-07ae13557523","value":1,"text":"advantages","comment":"","position":{"x":850,"y":400},"isActive":true,"date":1702310263361,"kind":"Node","isSelected":false,"isConnectorSelected":false,"isDraggable":0,"isDeletable":0,"hasElementMoved":false,"eventLog":[{"time":"1702310263361","type":"create node","value":[0]},{"time":"2023-12-11T16:02:25.187Z","type":"position","value":{"x":[854],"y":[394]}},{"time":"1702310547974","type":"selected","value":[true]},{"time":"1702310548607","type":"selected","value":[false]},{"time":"1702310666464","type":"selected","value":[true]},{"time":"1702310667071","type":"selected","value":[false]},{"time":"1702310945394","type":"selected","value":[true]},{"time":"1702310948098","type":"value","value":[1]},{"time":"1702310948098","type":"selected","value":[false]}],"isTextChangeable":0},{"id":"822a4301-cc1b-493f-b285-5e63d2a95ab6","value":3,"text":"reduced danger","comment":"By using robots, no human personnel are exposed to the dangerous situation","position":{"x":1085,"y":405},"isActive":true,"date":1702310274850,"kind":"Node","isSelected":false,"isConnectorSelected":false,"isDraggable":1,"isDeletable":1,"hasElementMoved":false,"eventLog":[{"time":"1702310274850","type":"create node","value":[0]},{"time":"1702310287376","type":"selected","value":[true]},{"time":"1702310337319","type":"text","value":["Verminderte Gefahr"]},{"time":"1702310337319","type":"value","value":[3]},{"time":"1702310337319","type":"comment","value":["Durch das Einsetzen von Robotern, werden keine menschlichen Einsatzkräfte der gefährlichen Situation ausgesetzt"]},{"time":"1702310337319","type":"selected","value":[false]},{"time":"2023-12-11T16:02:11.819Z","type":"position","value":{"x":[690],"y":[174]}},{"time":"2023-12-11T16:02:12.069Z","type":"position","value":{"x":[864],"y":[277]}},{"time":"2023-12-11T16:02:12.152Z","type":"position","value":{"x":[1023],"y":[327]}},{"time":"2023-12-11T16:02:16.868Z","type":"position","value":{"x":[1087],"y":[405]}}],"isTextChangeable":1},{"id":"ffcf032e-1740-4228-95a8-ce1687f58fae","value":10,"text":"without emotions","comment":"Robots can assess situations without emotional involvement, while humans might waste too much time on futile rescue attempts.","position":{"x":901,"y":261},"isActive":true,"date":1702310339634,"kind":"Node","isSelected":false,"isConnectorSelected":false,"isDraggable":1,"isDeletable":1,"hasElementMoved":false,"eventLog":[{"time":"1702310339634","type":"create node","value":[0]},{"time":"1702310339693","type":"selected","value":[true]},{"time":"1702310413423","type":"text","value":["Ohne Emotionen"]},{"time":"1702310413423","type":"value","value":[1]},{"time":"1702310413423","type":"comment","value":["Roboter können Situationen ohne emotionales Involvement bewerten, während Menschen eventuell zu viel Zeit aus aussichtslose Rettungsversuche verwerten würden"]},{"time":"1702310413423","type":"selected","value":[false]},{"time":"2023-12-11T16:02:14.018Z","type":"position","value":{"x":[853],"y":[223]}},{"time":"1702310546526","type":"selected","value":[true]},{"time":"1702310547621","type":"selected","value":[false]},{"time":"2023-12-11T16:02:33.838Z","type":"position","value":{"x":[901],"y":[261]}},{"time":"1702310582961","type":"selected","value":[true]},{"time":"1702310584837","type":"value","value":[10]},{"time":"1702310584837","type":"selected","value":[false]}],"isTextChangeable":1},{"id":"3a4a8c6e-6eb4-4748-bcb5-afc3c37a054e","value":-2,"text":"worse pattern recognition","comment":"People can better recognize patterns and thus perhaps find victims that would not be recognizable for robots.","position":{"x":245,"y":297},"isActive":true,"date":1702310423401,"kind":"Node","isSelected":false,"isConnectorSelected":false,"isDraggable":1,"isDeletable":1,"hasElementMoved":false,"eventLog":[{"time":"1702310423401","type":"create node","value":[0]},{"time":"1702310425522","type":"selected","value":[true]},{"time":"1702310528075","type":"text","value":["Schlechtere Mustererkennung"]},{"time":"1702310528075","type":"value","value":[-2]},{"time":"1702310528075","type":"comment","value":["Menschen können besser Muster erkennen und somit vielleicht Opfer finden, die für Roboter nicht erkennbar wären"]},{"time":"1702310528075","type":"selected","value":[false]},{"time":"2023-12-11T16:02:08.885Z","type":"position","value":{"x":[1029],"y":[251]}},{"time":"2023-12-11T16:02:09.068Z","type":"position","value":{"x":[850],"y":[242]}},{"time":"2023-12-11T16:02:09.134Z","type":"position","value":{"x":[660],"y":[227]}},{"time":"2023-12-11T16:02:09.385Z","type":"position","value":{"x":[510],"y":[213]}},{"time":"2023-12-11T16:02:10.085Z","type":"position","value":{"x":[513],"y":[220]}},{"time":"2023-12-11T16:02:10.302Z","type":"position","value":{"x":[359],"y":[241]}},{"time":"2023-12-11T16:02:54.152Z","type":"position","value":{"x":[265],"y":[267]}}],"isTextChangeable":1},{"id":"06df02e0-1d13-49b9-99c8-ded812894463","value":-3,"text":"discrimination","comment":"When programming the robot, priorities of the rescue attempts must be specified.","position":{"x":206,"y":413},"isActive":true,"date":1702310543202,"kind":"Node","isSelected":false,"isConnectorSelected":false,"isDraggable":1,"isDeletable":1,"hasElementMoved":false,"eventLog":[{"time":"1702310543202","type":"create node","value":[0]},{"time":"2023-12-11T16:02:23.953Z","type":"position","value":{"x":[877],"y":[353]}},{"time":"2023-12-11T16:02:24.435Z","type":"position","value":{"x":[737],"y":[203]}},{"time":"2023-12-11T16:02:57.686Z","type":"position","value":{"x":[732],"y":[192]}},{"time":"2023-12-11T16:02:57.969Z","type":"position","value":{"x":[579],"y":[186]}},{"time":"1702310587791","type":"selected","value":[true]},{"time":"1702310638473","type":"text","value":["Diskriminierung"]},{"time":"1702310638473","type":"value","value":[-3]},{"time":"1702310638473","type":"comment","value":["Bei Programmierung des Roboters müssen Prioritäten der Rettungsversuche vorgegeben werden"]},{"time":"1702310638473","type":"selected","value":[false]},{"time":"2023-12-11T16:04:00.339Z","type":"position","value":{"x":[588],"y":[166]}},{"time":"2023-12-11T16:04:00.536Z","type":"position","value":{"x":[415],"y":[274]}},{"time":"2023-12-11T16:04:00.586Z","type":"position","value":{"x":[320],"y":[332]}},{"time":"2023-12-11T16:04:00.669Z","type":"position","value":{"x":[265],"y":[360]}},{"time":"1702310980618","type":"selected","value":[true]},{"time":"1702310981661","type":"selected","value":[false]}],"isTextChangeable":1},{"id":"facddd9f-279c-4d6a-a065-2fb6c4770860","value":2,"text":"faster work","comment":"Robots show no fatigue","position":{"x":1050,"y":494},"isActive":true,"date":1702310643719,"kind":"Node","isSelected":false,"isConnectorSelected":false,"isDraggable":1,"isDeletable":1,"hasElementMoved":false,"eventLog":[{"time":"1702310643719","type":"create node","value":[0]},{"time":"1702310645567","type":"selected","value":[true]},{"time":"1702310663522","type":"text","value":["Schnellere Arbeit"]},{"time":"1702310663522","type":"value","value":[2]},{"time":"1702310663522","type":"comment","value":["Roboter zeigen keine Ermüdung"]},{"time":"1702310663522","type":"selected","value":[false]},{"time":"2023-12-11T16:04:24.570Z","type":"position","value":{"x":[360],"y":[504]}},{"time":"2023-12-11T16:04:24.686Z","type":"position","value":{"x":[566],"y":[502]}},{"time":"2023-12-11T16:04:24.719Z","type":"position","value":{"x":[739],"y":[500]}},{"time":"2023-12-11T16:04:24.786Z","type":"position","value":{"x":[908],"y":[497]}},{"time":"2023-12-11T16:04:24.986Z","type":"position","value":{"x":[1059],"y":[496]}},{"time":"2023-12-11T16:04:25.452Z","type":"position","value":{"x":[1057],"y":[495]}}],"isTextChangeable":1},{"id":"9efa5875-2554-4e87-b722-a30a59fef9d8","value":-1,"text":"availability","comment":"Expensive robots are poorly available and may have long transport routes","position":{"x":224,"y":547},"isActive":true,"date":1702310670369,"kind":"Node","isSelected":false,"isConnectorSelected":false,"isDraggable":1,"isDeletable":1,"hasElementMoved":false,"eventLog":[{"time":"1702310670369","type":"create node","value":[0]},{"time":"1702310671426","type":"selected","value":[true]},{"time":"1702310721926","type":"text","value":["Verfügbarkeit"]},{"time":"1702310721926","type":"value","value":[-1]},{"time":"1702310721926","type":"comment","value":["Teure Roboter sind schlecht verfügbar"]},{"time":"1702310721926","type":"selected","value":[false]},{"time":"2023-12-11T16:05:22.620Z","type":"position","value":{"x":[699],"y":[525]}},{"time":"2023-12-11T16:05:22.770Z","type":"position","value":{"x":[540],"y":[525]}},{"time":"2023-12-11T16:05:22.869Z","type":"position","value":{"x":[375],"y":[532]}},{"time":"2023-12-11T16:05:23.036Z","type":"position","value":{"x":[225],"y":[540]}},{"time":"1702310982143","type":"selected","value":[true]},{"time":"1702311006725","type":"comment","value":["Teure Roboter sind schlecht verfügbar und haben eventuell lange Transportwege"]},{"time":"1702311006725","type":"selected","value":[false]}],"isTextChangeable":1},{"id":"a0c76d80-bd67-48c3-b260-8f234db3ee79","value":-1,"text":"reliability","comment":"The experience level regarding the reliability of rescue robots is still too low","position":{"x":371,"y":597},"isActive":true,"date":1702310726021,"kind":"Node","isSelected":false,"isConnectorSelected":false,"isDraggable":1,"isDeletable":1,"hasElementMoved":false,"eventLog":[{"time":"1702310726021","type":"create node","value":[0]},{"time":"1702310726702","type":"selected","value":[true]},{"time":"1702310770538","type":"text","value":["Verlässlichkeit"]},{"time":"1702310770538","type":"value","value":[-1]},{"time":"1702310770538","type":"comment","value":["Die Erfahrungslage zur Verlässlichkeit von Rettungsrobotern ist noch zu gering"]},{"time":"1702310770538","type":"selected","value":[false]},{"time":"2023-12-11T16:06:11.723Z","type":"position","value":{"x":[622],"y":[560]}},{"time":"2023-12-11T16:06:11.904Z","type":"position","value":{"x":[465],"y":[583]}}],"isTextChangeable":1},{"id":"5502c927-0f0c-4b3a-9c96-fd0e51212632","value":2,"text":"precision","comment":"","position":{"x":1174,"y":252},"isActive":true,"date":1702310776403,"kind":"Node","isSelected":false,"isConnectorSelected":false,"isDraggable":1,"isDeletable":1,"hasElementMoved":false,"eventLog":[{"time":"1702310776404","type":"create node","value":[0]},{"time":"1702310777135","type":"selected","value":[true]},{"time":"1702310813993","type":"text","value":["Präzision "]},{"time":"1702310813993","type":"value","value":[2]},{"time":"1702310813993","type":"selected","value":[false]},{"time":"2023-12-11T16:06:54.488Z","type":"position","value":{"x":[616],"y":[172]}},{"time":"2023-12-11T16:06:54.637Z","type":"position","value":{"x":[820],"y":[181]}},{"time":"2023-12-11T16:06:54.703Z","type":"position","value":{"x":[993],"y":[197]}},{"time":"2023-12-11T16:06:54.838Z","type":"position","value":{"x":[1147],"y":[212]}},{"time":"2023-12-11T16:08:38.875Z","type":"position","value":{"x":[1174],"y":[252]}}],"isTextChangeable":1},{"id":"4081f557-d404-47d8-a443-803168fd1789","value":-1,"text":"financing","comment":"Funds must be found for the financing","position":{"x":422,"y":226},"isActive":true,"date":1702310821374,"kind":"Node","isSelected":false,"isConnectorSelected":false,"isDraggable":1,"isDeletable":1,"hasElementMoved":false,"eventLog":[{"time":"1702310821374","type":"create node","value":[0]},{"time":"2023-12-11T16:07:03.521Z","type":"position","value":{"x":[774],"y":[595]}},{"time":"1702310824720","type":"selected","value":[true]},{"time":"1702310859162","type":"text","value":["Finanzierung"]},{"time":"1702310859162","type":"value","value":[-1]},{"time":"1702310859162","type":"comment","value":["Gelder müssen für die Finanzierung gefunden werden"]},{"time":"1702310859162","type":"selected","value":[false]},{"time":"2023-12-11T16:07:40.023Z","type":"position","value":{"x":[661],"y":[605]}},{"time":"2023-12-11T16:07:40.254Z","type":"position","value":{"x":[563],"y":[442]}},{"time":"2023-12-11T16:07:40.337Z","type":"position","value":{"x":[508],"y":[324]}},{"time":"2023-12-11T16:07:40.370Z","type":"position","value":{"x":[483],"y":[290]}}],"isTextChangeable":1},{"id":"22b02f88-90ff-44cd-aa03-26628b814933","value":10,"text":"loss of jobs","comment":"Can also be positive, as the profession may not be liked to be practiced","position":{"x":736,"y":523},"isActive":true,"date":1702310822054,"kind":"Node","isSelected":false,"isConnectorSelected":false,"isDraggable":1,"isDeletable":1,"hasElementMoved":false,"eventLog":[{"time":"1702310822054","type":"create node","value":[0]},{"time":"1702310863529","type":"selected","value":[true]},{"time":"1702310901276","type":"text","value":["Verlust von Arbeitsplätzen"]},{"time":"1702310901276","type":"value","value":[10]},{"time":"1702310901276","type":"comment","value":["Kann auch positiv sein, da der Beruf vielleicht ungern ausgeübt wird"]},{"time":"1702310901276","type":"selected","value":[false]},{"time":"2023-12-11T16:08:22.905Z","type":"position","value":{"x":[860],"y":[573]}}],"isTextChangeable":1},{"id":"4a8523e8-2f23-45e6-96c8-4dcb4583f498","value":0,"text":"","comment":"","position":{"x":670,"y":134},"isActive":false,"date":1702310862639,"kind":"Node","isSelected":false,"isConnectorSelected":false,"isDraggable":1,"isDeletable":1,"hasElementMoved":false,"eventLog":[{"time":"1702310862639","type":"create node","value":[0]},{"time":"2023-12-11T16:08:57.590Z","type":"position","value":{"x":[603],"y":[651]}},{"time":"2023-12-11T16:09:18.640Z","type":"position","value":{"x":[565],"y":[679]}},{"time":"2023-12-11T16:09:18.838Z","type":"position","value":{"x":[627],"y":[515]}},{"time":"2023-12-11T16:09:18.938Z","type":"position","value":{"x":[633],"y":[336]}},{"time":"2023-12-11T16:09:19.206Z","type":"position","value":{"x":[638],"y":[497]}},{"time":"2023-12-11T16:09:19.472Z","type":"position","value":{"x":[633],"y":[648]}},{"time":"2023-12-11T16:09:19.772Z","type":"position","value":{"x":[656],"y":[495]}},{"time":"2023-12-11T16:09:19.822Z","type":"position","value":{"x":[683],"y":[326]}},{"time":"2023-12-11T16:09:19.922Z","type":"position","value":{"x":[681],"y":[173]}},{"time":"1702310961695","type":"selected","value":[true]},{"time":"1702310969905","type":"node was deleted","value":[-99]}],"isTextChangeable":1}],"connectors":[{"id":"2cd78c67-71b9-4d97-85da-588671802b95","source":"b43d3f41-2e5f-4cd9-80e2-fbaac017ff85","target":"6610111e-13af-4613-99d8-b963e0c41a27","agreement":true,"isActive":true,"date":1702310263361,"kind":"Connector","isSelected":false,"intensity":3,"isDeletable":false,"isOver":false,"isBidirectional":false,"eventLog":[{"time":1702310263361,"type":"create connection"}]},{"id":"197a478f-2a67-41b9-a49c-84fa03e371b3","source":"b43d3f41-2e5f-4cd9-80e2-fbaac017ff85","target":"a576da76-d4b8-44f3-8602-07ae13557523","agreement":true,"isActive":true,"date":1702310263361,"kind":"Connector","isSelected":false,"intensity":3,"isDeletable":true,"isOver":false,"isBidirectional":false,"eventLog":[{"time":1702310263361,"type":"create connection"}]},{"id":"a656c91a-c782-4852-b25d-8d60c4b5dfda","source":"a576da76-d4b8-44f3-8602-07ae13557523","target":"822a4301-cc1b-493f-b285-5e63d2a95ab6","agreement":true,"isActive":true,"date":1702310538419,"kind":"Connector","isSelected":false,"intensity":9,"isDeletable":true,"isOver":false,"isBidirectional":false,"eventLog":[{"time":1702310538419,"type":"create connection"},{"time":1702310570297,"type":"selected","value":1},{"time":1702310572806,"type":"change intensity of connector","value":9},{"time":1702310572806,"type":"selected","value":0}]},{"id":"e7203180-11b8-43a9-9fa0-3166d771d37e","source":"ffcf032e-1740-4228-95a8-ce1687f58fae","target":"a576da76-d4b8-44f3-8602-07ae13557523","agreement":true,"isActive":true,"date":1702310549785,"kind":"Connector","isSelected":false,"intensity":6,"isDeletable":true,"isOver":false,"isBidirectional":false,"eventLog":[{"time":1702310549785,"type":"create connection"},{"time":1702310567242,"type":"selected","value":1},{"time":1702310569371,"type":"change intensity of connector","value":6},{"time":1702310569371,"type":"selected","value":0}]},{"id":"888cc963-fe9b-412b-ac7c-44605e1fd317","source":"6610111e-13af-4613-99d8-b963e0c41a27","target":"ffcf032e-1740-4228-95a8-ce1687f58fae","agreement":true,"isActive":true,"date":1702310555735,"kind":"Connector","isSelected":false,"intensity":3,"isDeletable":true,"isOver":false,"isBidirectional":false,"eventLog":[{"time":1702310555735,"type":"create connection"},{"time":1702310558295,"type":"selected","value":1},{"time":1702310566354,"type":"change intensity of connector","value":3},{"time":1702310566354,"type":"selected","value":0}]},{"id":"d04b8493-b5e7-466b-ae4f-3cb8097eac75","source":"6610111e-13af-4613-99d8-b963e0c41a27","target":"3a4a8c6e-6eb4-4748-bcb5-afc3c37a054e","agreement":true,"isActive":true,"date":1702310575852,"kind":"Connector","isSelected":false,"intensity":3,"isDeletable":true,"isOver":false,"isBidirectional":false,"eventLog":[{"time":1702310575852,"type":"create connection"}]},{"id":"7fbd67fe-56ae-44a7-b8c2-10f0fa97cd5f","source":"6610111e-13af-4613-99d8-b963e0c41a27","target":"06df02e0-1d13-49b9-99c8-ded812894463","agreement":true,"isActive":true,"date":1702310642169,"kind":"Connector","isSelected":false,"intensity":3,"isDeletable":true,"isOver":false,"isBidirectional":false,"eventLog":[{"time":1702310642169,"type":"create connection"}]},{"id":"f3bc17af-fe20-4735-b5e6-66f7d1e5a5e1","source":"facddd9f-279c-4d6a-a065-2fb6c4770860","target":"a576da76-d4b8-44f3-8602-07ae13557523","agreement":true,"isActive":true,"date":1702310669053,"kind":"Connector","isSelected":false,"intensity":6,"isDeletable":true,"isOver":false,"isBidirectional":false,"eventLog":[{"time":1702310669053,"type":"create connection"},{"time":1702310912716,"type":"selected","value":1},{"time":1702310914789,"type":"change intensity of connector","value":6},{"time":1702310914789,"type":"selected","value":0}]},{"id":"7dfc2b5b-6e00-4b91-a8dc-3936d5cc7777","source":"9efa5875-2554-4e87-b722-a30a59fef9d8","target":"6610111e-13af-4613-99d8-b963e0c41a27","agreement":true,"isActive":true,"date":1702310725172,"kind":"Connector","isSelected":false,"intensity":3,"isDeletable":true,"isOver":false,"isBidirectional":false,"eventLog":[{"time":1702310725172,"type":"create connection"}]},{"id":"1464b227-a254-4d8a-a2a7-8f077935f6c8","source":"a0c76d80-bd67-48c3-b260-8f234db3ee79","target":"6610111e-13af-4613-99d8-b963e0c41a27","agreement":true,"isActive":true,"date":1702310773088,"kind":"Connector","isSelected":false,"intensity":3,"isDeletable":true,"isOver":false,"isBidirectional":false,"eventLog":[{"time":1702310773088,"type":"create connection"}]},{"id":"40f1c6d9-b023-4c2d-9580-00188f9d4779","source":"5502c927-0f0c-4b3a-9c96-fd0e51212632","target":"a576da76-d4b8-44f3-8602-07ae13557523","agreement":true,"isActive":true,"date":1702310817788,"kind":"Connector","isSelected":false,"intensity":3,"isDeletable":true,"isOver":false,"isBidirectional":false,"eventLog":[{"time":1702310817788,"type":"create connection"}]},{"id":"d5287349-c771-432f-9e5b-275b89a17217","source":"4081f557-d404-47d8-a443-803168fd1789","target":"6610111e-13af-4613-99d8-b963e0c41a27","agreement":true,"isActive":true,"date":1702310861762,"kind":"Connector","isSelected":false,"intensity":3,"isDeletable":true,"isOver":false,"isBidirectional":false,"eventLog":[{"time":1702310861762,"type":"create connection"}]},{"id":"57b2a644-ac4a-437f-8a6e-a280b78b568c","source":"22b02f88-90ff-44cd-aa03-26628b814933","target":"a576da76-d4b8-44f3-8602-07ae13557523","agreement":true,"isActive":true,"date":1702310905405,"kind":"Connector","isSelected":false,"intensity":3,"isDeletable":true,"isOver":false,"isBidirectional":false,"eventLog":[{"time":1702310905405,"type":"create connection"}]},{"id":"e6d0f0b2-7360-4b01-a4da-88ec22fe1e28","source":"22b02f88-90ff-44cd-aa03-26628b814933","target":"6610111e-13af-4613-99d8-b963e0c41a27","agreement":true,"isActive":true,"date":1702310907907,"kind":"Connector","isSelected":false,"intensity":3,"isDeletable":true,"isOver":false,"isBidirectional":false,"eventLog":[{"time":1702310907907,"type":"create connection"}]},{"id":"4848a5c4-5c54-4f41-9eb4-01bc3b773a94","source":"5502c927-0f0c-4b3a-9c96-fd0e51212632","target":"facddd9f-279c-4d6a-a065-2fb6c4770860","agreement":true,"isActive":true,"date":1702310920405,"kind":"Connector","isSelected":false,"intensity":3,"isDeletable":true,"isOver":false,"isBidirectional":false,"eventLog":[{"time":1702310920405,"type":"create connection"}]},{"id":"8898a19f-c2ba-4390-a21b-63d0936d92e4","source":"ffcf032e-1740-4228-95a8-ce1687f58fae","target":"facddd9f-279c-4d6a-a065-2fb6c4770860","agreement":true,"isActive":true,"date":1702310926305,"kind":"Connector","isSelected":false,"intensity":3,"isDeletable":true,"isOver":false,"isBidirectional":false,"eventLog":[{"time":1702310926305,"type":"create connection"}]}],"currentID":{},"currentNode":{},"hasSelectedNode":[false],"currentConnector":{},"hasSelectedConnector":[false],"readyToMove":[false],"isIncoming":[false],"hasElementMoved":[false]}
