{"idCAM":["8b7ac4b2-723d-421b-81d0-e045e5cf23f9"],"creator":["60fe7985ba99343ad0b893b7_pre"],"projectCAM":["S2_CAM part 1"],"defocusCAM":[],"date":[1702309827877],"nodes":[{"id":"cdf706a4-3f52-4f7d-b34a-d1b3f03cb56c","value":0,"text":"social assistance robot","comment":"","position":{"x":650,"y":400},"isActive":true,"date":1702309828844,"kind":"Node","isSelected":false,"isConnectorSelected":false,"isDraggable":0,"isDeletable":0,"hasElementMoved":false,"eventLog":[{"time":1702309828844,"type":"create node","value":0}],"isTextChangeable":0},{"id":"12c76852-2a3b-4235-a361-223b89dc6949","value":-3,"text":"disadvantages","comment":"","position":{"x":450,"y":400},"isActive":true,"date":1702309828844,"kind":"Node","isSelected":false,"isConnectorSelected":false,"isDraggable":0,"isDeletable":0,"hasElementMoved":false,"eventLog":[{"time":1702309828844,"type":"create node","value":0},{"time":1702309849906,"type":"selected","value":1},{"time":1702309852436,"type":"value","value":-3},{"time":1702309852436,"type":"selected","value":0}],"isTextChangeable":0},{"id":"8f37c43b-d1af-4703-bdba-03c3a55dba40","value":3,"text":"advantages","comment":"","position":{"x":850,"y":400},"isActive":true,"date":1702309828845,"kind":"Node","isSelected":false,"isConnectorSelected":false,"isDraggable":0,"isDeletable":0,"hasElementMoved":false,"eventLog":[{"time":1702309828845,"type":"create node","value":0},{"time":1702309852523,"type":"selected","value":1},{"time":1702309854681,"type":"value","value":3},{"time":1702309854681,"type":"selected","value":0}],"isTextChangeable":0},{"id":"03a76c77-2954-4c20-bda4-96362fdec091","value":3,"text":"learn","comment":"","position":{"x":887.5,"y":305},"isActive":true,"date":1702309856915,"kind":"Node","isSelected":false,"isConnectorSelected":false,"isDraggable":1,"isDeletable":1,"hasElementMoved":false,"eventLog":[{"time":1702309856915,"type":"create node","value":"0"},{"time":1702309859001,"type":"selected","value":"TRUE"},{"time":1702309859425,"type":"selected","value":"FALSE"},{"time":1702309861860,"type":"selected","value":"TRUE"},{"time":1702309868859,"type":"text","value":"Lernen"},{"time":1702309868859,"type":"value","value":"3"},{"time":1702309868859,"type":"selected","value":"FALSE"}],"isTextChangeable":1},{"id":"2e561886-85c1-4e61-bd83-348ebf604680","value":10,"text":"social interactions","comment":"Robots behave differently than humans","position":{"x":881.5,"y":188},"isActive":true,"date":1702309869436,"kind":"Node","isSelected":false,"isConnectorSelected":false,"isDraggable":1,"isDeletable":1,"hasElementMoved":false,"eventLog":[{"time":1702309869436,"type":"create node","value":"0"},{"time":1702309869484,"type":"selected","value":"TRUE"},{"time":1702309876919,"type":"text","value":"Soziale Interaktionen"},{"time":1702309876919,"type":"value","value":"2"},{"time":1702309876919,"type":"selected","value":"FALSE"},{"time":1702309922551,"type":"selected","value":"TRUE"},{"time":1702309941169,"type":"value","value":"10"},{"time":1702309941169,"type":"comment","value":"Roboter verhalten sich anders als Menschen"},{"time":1702309941169,"type":"selected","value":"FALSE"}],"isTextChangeable":1},{"id":"b9a6a545-b7fd-41af-b5c0-f451ffb36801","value":1,"text":"detection of emotions","comment":"","position":{"x":1005.5,"y":176},"isActive":true,"date":1702309877614,"kind":"Node","isSelected":false,"isConnectorSelected":false,"isDraggable":1,"isDeletable":1,"hasElementMoved":false,"eventLog":[{"time":"1702309877614","type":"create node","value":[0]},{"time":"1702309877679","type":"selected","value":[true]},{"time":"1702309890138","type":"text","value":["Erkennung Emotionen"]},{"time":"1702309890138","type":"value","value":[1]},{"time":"1702309890138","type":"selected","value":[false]},{"time":"2023-12-11T16:01:49.329Z","type":"position","value":{"x":[1042.5],"y":[231]}},{"time":"2023-12-11T16:01:50.983Z","type":"position","value":{"x":[1154.5],"y":[272]}}],"isTextChangeable":1},{"id":"e8ffb68e-86a0-4353-ab2f-e7442e8857d1","value":3,"text":"non-judgmental feedback","comment":"","position":{"x":1047.5,"y":346},"isActive":true,"date":1702309896858,"kind":"Node","isSelected":false,"isConnectorSelected":false,"isDraggable":1,"isDeletable":1,"hasElementMoved":false,"eventLog":[{"time":1702309896858,"type":"create node","value":"0"},{"time":1702309896961,"type":"selected","value":"TRUE"},{"time":1702309906794,"type":"text","value":"Nicht-wertendes Feedback"},{"time":1702309906794,"type":"value","value":"3"},{"time":1702309906794,"type":"selected","value":"FALSE"}],"isTextChangeable":1},{"id":"d3b2771d-394d-4c3b-ac7e-7f5f130d0c02","value":3,"text":"prejudice-free","comment":"Robots in relation to the people who use the robots","position":{"x":995.5,"y":440},"isActive":true,"date":1702309912965,"kind":"Node","isSelected":false,"isConnectorSelected":false,"isDraggable":1,"isDeletable":1,"hasElementMoved":false,"eventLog":[{"time":"1702309912965","type":"create node","value":[0]},{"time":"2023-12-11T15:51:54.391Z","type":"position","value":{"x":[883.5],"y":[356]}},{"time":"2023-12-11T15:51:54.658Z","type":"position","value":{"x":[1056.5],"y":[536]}},{"time":"1702309944054","type":"selected","value":[true]},{"time":"1702309976663","type":"text","value":["(Vor-)urteilsfrei"]},{"time":"1702309976663","type":"value","value":[3]},{"time":"1702309976663","type":"comment","value":["Roboter gegenüber den Personen, die den Roboter nutzen"]},{"time":"1702309976663","type":"selected","value":[false]},{"time":"2023-12-11T15:52:57.200Z","type":"position","value":{"x":[1073.5],"y":[523]}},{"time":"2023-12-11T15:52:57.288Z","type":"position","value":{"x":[884.5],"y":[548]}},{"time":"2023-12-11T15:52:57.810Z","type":"position","value":{"x":[733.5],"y":[528]}},{"time":"2023-12-11T15:53:01.652Z","type":"position","value":{"x":[745.5],"y":[547]}},{"time":"2023-12-11T15:53:15.426Z","type":"position","value":{"x":[873.5],"y":[586]}},{"time":"2023-12-11T15:53:16.279Z","type":"position","value":{"x":[1004.5],"y":[430]}}],"isTextChangeable":1},{"id":"dc8da28c-eead-46dd-a63b-adc14b8d102b","value":3,"text":"fear taking","comment":"","position":{"x":1001.5,"y":540},"isActive":true,"date":1702309998296,"kind":"Node","isSelected":false,"isConnectorSelected":false,"isDraggable":1,"isDeletable":1,"hasElementMoved":false,"eventLog":[{"time":"1702309998296","type":"create node","value":[0]},{"time":"1702309999235","type":"selected","value":[true]},{"time":"1702310006000","type":"text","value":["Angst nehmend"]},{"time":"1702310006000","type":"value","value":[3]},{"time":"1702310006000","type":"selected","value":[false]},{"time":"2023-12-11T15:53:26.548Z","type":"position","value":{"x":[949.5],"y":[528]}},{"time":"2023-12-11T15:53:38.479Z","type":"position","value":{"x":[935.5],"y":[543]}}],"isTextChangeable":1},{"id":"e9d61fd7-a047-4326-aee0-1d6b8cad7c5f","value":2,"text":"try out possible","comment":"","position":{"x":1112.5,"y":511},"isActive":true,"date":1702310008651,"kind":"Node","isSelected":false,"isConnectorSelected":false,"isDraggable":1,"isDeletable":1,"hasElementMoved":false,"eventLog":[{"time":1702310008651,"type":"create node","value":"0"},{"time":1702310008739,"type":"selected","value":"TRUE"},{"time":1702310016216,"type":"text","value":"Ausprobieren möglich"},{"time":1702310016216,"type":"value","value":"2"},{"time":1702310016216,"type":"selected","value":"FALSE"}],"isTextChangeable":1},{"id":"281c708f-c05c-4a8f-835f-cdf47c113529","value":2,"text":"supportive","comment":"","position":{"x":957.5,"y":623},"isActive":true,"date":1702310019582,"kind":"Node","isSelected":false,"isConnectorSelected":false,"isDraggable":1,"isDeletable":1,"hasElementMoved":false,"eventLog":[{"time":"1702310019582","type":"create node","value":[0]},{"time":"1702310019676","type":"selected","value":[true]},{"time":"1702310029229","type":"text","value":["Unterstützend"]},{"time":"1702310029229","type":"value","value":[2]},{"time":"1702310029229","type":"selected","value":[false]},{"time":"2023-12-11T15:53:49.728Z","type":"position","value":{"x":[840.5],"y":[499]}},{"time":"2023-12-11T15:57:18.345Z","type":"position","value":{"x":[873.5],"y":[557]}}],"isTextChangeable":1},{"id":"ca617fa9-6b0b-4706-9987-302dfb4edb16","value":-2,"text":"not empathetic (enough)","comment":"Robots cannot empathize or understand human emotions","position":{"x":339.5,"y":272},"isActive":true,"date":1702310032882,"kind":"Node","isSelected":false,"isConnectorSelected":false,"isDraggable":1,"isDeletable":1,"hasElementMoved":false,"eventLog":[{"time":"1702310032882","type":"create node","value":[0]},{"time":"1702310033319","type":"selected","value":[true]},{"time":"1702310033737","type":"selected","value":[false]},{"time":"1702310034778","type":"selected","value":[true]},{"time":"1702310082083","type":"text","value":["Nicht einfühlsam (genug)"]},{"time":"1702310082083","type":"value","value":[-2]},{"time":"1702310082083","type":"comment","value":["Roboter können menschliche Emotionen nicht nachempfinden oder verstehen"]},{"time":"1702310082083","type":"selected","value":[false]},{"time":"2023-12-11T15:54:42.881Z","type":"position","value":{"x":[445.5],"y":[210]}}],"isTextChangeable":1},{"id":"f80e3fe6-5453-4dd2-b127-53ed57b8fe64","value":10,"text":"no human contact","comment":"","position":{"x":761.5,"y":267},"isActive":true,"date":1702310085067,"kind":"Node","isSelected":false,"isConnectorSelected":false,"isDraggable":1,"isDeletable":1,"hasElementMoved":false,"eventLog":[{"time":"1702310085067","type":"create node","value":[0]},{"time":"1702310086159","type":"selected","value":[true]},{"time":"1702310105453","type":"text","value":["Kein menschlicher Kontakt"]},{"time":"1702310105453","type":"value","value":[10]},{"time":"1702310105453","type":"selected","value":[false]},{"time":"2023-12-11T15:55:06.079Z","type":"position","value":{"x":[256.5],"y":[348]}},{"time":"2023-12-11T15:55:06.168Z","type":"position","value":{"x":[464.5],"y":[329]}},{"time":"2023-12-11T15:55:06.370Z","type":"position","value":{"x":[643.5],"y":[240]}},{"time":"2023-12-11T15:58:17.740Z","type":"position","value":{"x":[694.5],"y":[262]}},{"time":"2023-12-11T16:00:28.216Z","type":"position","value":{"x":[722.5],"y":[244]}}],"isTextChangeable":1},{"id":"b5d8c5db-607a-4804-b414-af36d78a2417","value":-2,"text":"unforeseen reactions","comment":"Robot reactions can turn out differently than desired if the program does not function 100% correctly.","position":{"x":254.5,"y":363},"isActive":true,"date":1702310111336,"kind":"Node","isSelected":false,"isConnectorSelected":false,"isDraggable":1,"isDeletable":1,"hasElementMoved":false,"eventLog":[{"time":"1702310111336","type":"create node","value":[0]},{"time":"1702310112632","type":"selected","value":[true]},{"time":"1702310137005","type":"text","value":["Unvorhergesehene Reaktionen"]},{"time":"1702310137005","type":"comment","value":["Reaktionen der Roboter können anders ausfallen als gewünscht, wenn das Programm nicht 100% korrekt funktioniert"]},{"time":"1702310137005","type":"selected","value":[false]},{"time":"1702310139393","type":"selected","value":[true]},{"time":"1702310141724","type":"value","value":[-2]},{"time":"1702310141724","type":"selected","value":[false]},{"time":"2023-12-11T16:00:11.413Z","type":"position","value":{"x":[236.5],"y":[449]}},{"time":"1702310412749","type":"selected","value":[true]},{"time":"1702310415766","type":"selected","value":[false]},{"time":"2023-12-11T16:00:30.648Z","type":"position","value":{"x":[289.5],"y":[435]}},{"time":"1702310565740","type":"selected","value":[true]},{"time":"1702310568265","type":"selected","value":[false]}],"isTextChangeable":1},{"id":"a103b5d9-0a6c-45bc-83c6-d63aad29cc20","value":10,"text":"jobs","comment":"","position":{"x":652.5,"y":503},"isActive":true,"date":1702310144899,"kind":"Node","isSelected":false,"isConnectorSelected":false,"isDraggable":1,"isDeletable":1,"hasElementMoved":false,"eventLog":[{"time":"1702310144899","type":"create node","value":[0]},{"time":"1702310144976","type":"selected","value":[true]},{"time":"1702310152138","type":"text","value":["Arbeitsplätze"]},{"time":"1702310152138","type":"value","value":[10]},{"time":"1702310152138","type":"selected","value":[false]},{"time":"2023-12-11T15:55:52.560Z","type":"position","value":{"x":[423.5],"y":[503]}},{"time":"2023-12-11T15:55:52.820Z","type":"position","value":{"x":[582.5],"y":[496]}},{"time":"2023-12-11T15:56:32.604Z","type":"position","value":{"x":[651.5],"y":[551]}},{"time":"2023-12-11T15:56:35.831Z","type":"position","value":{"x":[658.5],"y":[494]}}],"isTextChangeable":1},{"id":"b0e10d16-3be5-4ac9-875a-27f457db8f23","value":0,"text":"rsetzt menschliche Betreuung","comment":"","position":{"x":446.5,"y":530},"isActive":false,"date":1702310155308,"kind":"Node","isSelected":false,"isConnectorSelected":false,"isDraggable":1,"isDeletable":1,"hasElementMoved":false,"eventLog":[{"time":1702310155308,"type":"create node","value":0},{"time":1702310155396,"type":"selected","value":1},{"time":1702310176536,"type":"node was deleted","value":-77}],"isTextChangeable":1},{"id":"0a29ef46-e8b3-47fd-a4ec-6d97e502ef06","value":10,"text":"replaces human care","comment":"","position":{"x":646.5,"y":645},"isActive":true,"date":1702310178100,"kind":"Node","isSelected":false,"isConnectorSelected":false,"isDraggable":1,"isDeletable":1,"hasElementMoved":false,"eventLog":[{"time":"1702310178100","type":"create node","value":[0]},{"time":"1702310179137","type":"selected","value":[true]},{"time":"1702310188606","type":"text","value":["ersetzt menschliche Betreuung"]},{"time":"1702310188606","type":"value","value":[10]},{"time":"1702310188606","type":"selected","value":[false]},{"time":"2023-12-11T15:56:31.459Z","type":"position","value":{"x":[466.5],"y":[489]}},{"time":"2023-12-11T15:56:31.728Z","type":"position","value":{"x":[610.5],"y":[643]}},{"time":"2023-12-11T15:56:31.757Z","type":"position","value":{"x":[624.5],"y":[644]}},{"time":"2023-12-11T15:56:34.288Z","type":"position","value":{"x":[641.5],"y":[625]}},{"time":"2023-12-11T16:01:35.566Z","type":"position","value":{"x":[655.5],"y":[606]}}],"isTextChangeable":1},{"id":"886b312b-02a3-4da2-b593-50de171fd67c","value":-3,"text":"loss work therapists","comment":"","position":{"x":440.5,"y":547},"isActive":true,"date":1702310199230,"kind":"Node","isSelected":false,"isConnectorSelected":false,"isDraggable":1,"isDeletable":1,"hasElementMoved":false,"eventLog":[{"time":"1702310199230","type":"create node","value":[0]},{"time":"1702310199320","type":"selected","value":[true]},{"time":"1702310214722","type":"text","value":["Verlust Arbeit Therapeuten"]},{"time":"1702310214722","type":"value","value":[-3]},{"time":"1702310214722","type":"selected","value":[false]},{"time":"2023-12-11T15:56:55.278Z","type":"position","value":{"x":[473.5],"y":[571]}}],"isTextChangeable":1},{"id":"eac291ee-ed58-4eb9-afd2-1976a073ac19","value":2,"text":"Creates job development","comment":"","position":{"x":794.5,"y":585},"isActive":true,"date":1702310221916,"kind":"Node","isSelected":false,"isConnectorSelected":false,"isDraggable":1,"isDeletable":1,"hasElementMoved":false,"eventLog":[{"time":1702310221916,"type":"create node","value":"0"},{"time":1702310221980,"type":"selected","value":"TRUE"},{"time":1702310233593,"type":"text","value":"Schafft Arbeitsplätze Entwicklung"},{"time":1702310233593,"type":"value","value":"2"},{"time":1702310233593,"type":"selected","value":"FALSE"}],"isTextChangeable":1},{"id":"b6a6ad3f-7d0b-4935-b9bf-973e6fb7dff4","value":-2,"text":"unrealistically learned behavior","comment":"","position":{"x":494.5,"y":232},"isActive":true,"date":1702310245411,"kind":"Node","isSelected":false,"isConnectorSelected":false,"isDraggable":1,"isDeletable":1,"hasElementMoved":false,"eventLog":[{"time":1702310245411,"type":"create node","value":"0"},{"time":1702310245493,"type":"selected","value":"TRUE"},{"time":1702310266830,"type":"text","value":"unrealistisch gelernter Umgang"},{"time":1702310266830,"type":"value","value":"-2"},{"time":1702310266830,"type":"selected","value":"FALSE"}],"isTextChangeable":1},{"id":"5b001c5c-1381-443f-9443-ee5fd48a6eba","value":10,"text":"insertion into society","comment":"The individuals who are or have been supported by robots can find both easier and more difficult access to society.","position":{"x":631.5,"y":169},"isActive":true,"date":1702310272292,"kind":"Node","isSelected":false,"isConnectorSelected":false,"isDraggable":1,"isDeletable":1,"hasElementMoved":false,"eventLog":[{"time":"1702310272292","type":"create node","value":[0]},{"time":"1702310273169","type":"selected","value":[true]},{"time":"1702310295296","type":"text","value":["Einfügung in Gesellschaft"]},{"time":"1702310295296","type":"comment","value":["Die Personen, die von Robotern unterstützt werden/wurden"]},{"time":"1702310295296","type":"selected","value":[false]},{"time":"2023-12-11T15:58:20.917Z","type":"position","value":{"x":[607.5],"y":[163]}},{"time":"1702310302628","type":"selected","value":[true]},{"time":"1702310324986","type":"value","value":[10]},{"time":"1702310324986","type":"comment","value":["Die Personen, die von Robotern unterstützt werden/wurden können sowohl einen leichteren als auch einen schwereren Zugang zur Gesellschaft finden"]},{"time":"1702310324986","type":"selected","value":[false]},{"time":"2023-12-11T16:02:50.646Z","type":"position","value":{"x":[617.5],"y":[133]}},{"time":"2023-12-11T16:02:51.547Z","type":"position","value":{"x":[604.5],"y":[296]}},{"time":"2023-12-11T16:02:52.981Z","type":"position","value":{"x":[575.5],"y":[314]}}],"isTextChangeable":1},{"id":"35d7d03c-4689-4c85-bc26-f800df837087","value":-3,"text":"unexplored","comment":"Even for people who do not need the support, the impact of social assistance robots is not conclusively researched.","position":{"x":285.5,"y":485},"isActive":true,"date":1702310432133,"kind":"Node","isSelected":false,"isConnectorSelected":false,"isDraggable":1,"isDeletable":1,"hasElementMoved":false,"eventLog":[{"time":1702310432133,"type":"create node","value":"0"},{"time":1702310432250,"type":"selected","value":"TRUE"},{"time":1702310481286,"type":"text","value":"Unerforscht"},{"time":1702310481286,"type":"value","value":"-3"},{"time":1702310481286,"type":"comment","value":"Auch an Personen, die die Unterstützung nicht benötigen, ist der Einfluss von sozialen Assistenzrobotern nicht abschließend erforscht"},{"time":1702310481286,"type":"selected","value":"FALSE"}],"isTextChangeable":1},{"id":"692cb1a3-5107-4187-a871-a57c5e7a1fa4","value":3,"text":"infinite patience","comment":"","position":{"x":1204.5,"y":279},"isActive":true,"date":1702310512190,"kind":"Node","isSelected":false,"isConnectorSelected":false,"isDraggable":1,"isDeletable":1,"hasElementMoved":false,"eventLog":[{"time":"1702310512190","type":"create node","value":[0]},{"time":"1702310512284","type":"selected","value":[true]},{"time":"1702310521503","type":"text","value":["Unendliche Geduld"]},{"time":"1702310521503","type":"value","value":[3]},{"time":"1702310521503","type":"selected","value":[false]},{"time":"2023-12-11T16:02:06.989Z","type":"position","value":{"x":[1119.5],"y":[253]}},{"time":"2023-12-11T16:02:22.213Z","type":"position","value":{"x":[1218.5],"y":[278]}},{"time":"1702310545492","type":"selected","value":[true]},{"time":"1702310546245","type":"selected","value":[false]}],"isTextChangeable":1}],"connectors":[{"id":"e4809d15-8060-4eca-ac72-023093f96304","source":"cdf706a4-3f52-4f7d-b34a-d1b3f03cb56c","target":"12c76852-2a3b-4235-a361-223b89dc6949","agreement":false,"isActive":true,"date":1702309828845,"kind":"Connector","isSelected":false,"intensity":9,"isDeletable":false,"isOver":false,"isBidirectional":false,"eventLog":[{"time":1702309828845,"type":"create connection"},{"time":1702310333362,"type":"selected","value":1},{"time":1702310336945,"type":"change intensity of connector","value":-9},{"time":1702310336945,"type":"selected","value":0}]},{"id":"ba55c33b-18b2-46ef-976f-5c5514abce1a","source":"cdf706a4-3f52-4f7d-b34a-d1b3f03cb56c","target":"8f37c43b-d1af-4703-bdba-03c3a55dba40","agreement":true,"isActive":true,"date":1702309828845,"kind":"Connector","isSelected":false,"intensity":9,"isDeletable":true,"isOver":false,"isBidirectional":false,"eventLog":[{"time":1702309828845,"type":"create connection"},{"time":1702310337022,"type":"selected","value":1},{"time":1702310339543,"type":"change intensity of connector","value":9},{"time":1702310339543,"type":"selected","value":0}]},{"id":"5a9b9c9b-db59-4d34-8baf-21ce144d31dd","source":"2e561886-85c1-4e61-bd83-348ebf604680","target":"03a76c77-2954-4c20-bda4-96362fdec091","agreement":true,"isActive":true,"date":1702309908174,"kind":"Connector","isSelected":false,"intensity":3,"isDeletable":true,"isOver":false,"isBidirectional":false,"eventLog":[{"time":1702309908174,"type":"create connection"}]},{"id":"5666e202-5c16-4d52-acd4-88ae8c752515","source":"b9a6a545-b7fd-41af-b5c0-f451ffb36801","target":"03a76c77-2954-4c20-bda4-96362fdec091","agreement":true,"isActive":true,"date":1702309909100,"kind":"Connector","isSelected":false,"intensity":3,"isDeletable":true,"isOver":false,"isBidirectional":false,"eventLog":[{"time":1702309909100,"type":"create connection"}]},{"id":"dcc7f4a2-f93f-4ede-a18d-1a1b2b5ae7ef","source":"e8ffb68e-86a0-4353-ab2f-e7442e8857d1","target":"03a76c77-2954-4c20-bda4-96362fdec091","agreement":true,"isActive":true,"date":1702309910255,"kind":"Connector","isSelected":false,"intensity":6,"isDeletable":true,"isOver":false,"isBidirectional":false,"eventLog":[{"time":1702309910255,"type":"create connection"},{"time":1702310355674,"type":"selected","value":1},{"time":1702310357647,"type":"change intensity of connector","value":6},{"time":1702310357647,"type":"selected","value":0}]},{"id":"783b90cb-e2a1-4fa1-8efb-08b1bb3da68b","source":"03a76c77-2954-4c20-bda4-96362fdec091","target":"8f37c43b-d1af-4703-bdba-03c3a55dba40","agreement":true,"isActive":true,"date":1702309915809,"kind":"Connector","isSelected":false,"intensity":9,"isDeletable":true,"isOver":false,"isBidirectional":false,"eventLog":[{"time":1702309915809,"type":"create connection"},{"time":1702310341214,"type":"selected","value":1},{"time":1702310343122,"type":"change intensity of connector","value":9},{"time":1702310343122,"type":"selected","value":0}]},{"id":"c028f210-aa2d-43b4-b883-2763da0ec051","source":"d3b2771d-394d-4c3b-ac7e-7f5f130d0c02","target":"cdf706a4-3f52-4f7d-b34a-d1b3f03cb56c","agreement":true,"isActive":false,"date":1702309979510,"kind":"Connector","isSelected":false,"intensity":3,"isDeletable":true,"isOver":false,"isBidirectional":false,"eventLog":[{"time":1702309979510,"type":"create connection"},{"time":1702309985593,"type":"selected","value":1},{"time":1702309985998,"type":"change intensity of connector","value":3},{"time":1702309985998,"type":"selected","value":0},{"time":1702309992160,"type":"selected","value":1},{"time":1702309993270,"type":"connector was deleted","value":-99},{"time":1702309993270,"type":"active","value":0}]},{"id":"89c927ad-2be7-4744-b076-4a07487abcdd","source":"d3b2771d-394d-4c3b-ac7e-7f5f130d0c02","target":"e8ffb68e-86a0-4353-ab2f-e7442e8857d1","agreement":true,"isActive":true,"date":1702309980765,"kind":"Connector","isSelected":false,"intensity":9,"isDeletable":true,"isOver":false,"isBidirectional":false,"eventLog":[{"time":1702309980765,"type":"create connection"},{"time":1702310353620,"type":"selected","value":1},{"time":1702310355565,"type":"change intensity of connector","value":9},{"time":1702310355565,"type":"selected","value":0}]},{"id":"1e405164-ba1d-4cd3-a09d-35ebf8b5c536","source":"8f37c43b-d1af-4703-bdba-03c3a55dba40","target":"d3b2771d-394d-4c3b-ac7e-7f5f130d0c02","agreement":true,"isActive":true,"date":1702309994674,"kind":"Connector","isSelected":false,"intensity":9,"isDeletable":true,"isOver":false,"isBidirectional":false,"eventLog":[{"time":1702309994674,"type":"create connection"},{"time":1702310350206,"type":"selected","value":1},{"time":1702310352393,"type":"change intensity of connector","value":9},{"time":1702310352393,"type":"selected","value":0}]},{"id":"ac8f9b25-8788-43e0-ac13-2aab6cc0d9c3","source":"dc8da28c-eead-46dd-a63b-adc14b8d102b","target":"d3b2771d-394d-4c3b-ac7e-7f5f130d0c02","agreement":true,"isActive":true,"date":1702310007608,"kind":"Connector","isSelected":false,"intensity":6,"isDeletable":true,"isOver":false,"isBidirectional":false,"eventLog":[{"time":1702310007608,"type":"create connection"},{"time":1702310364634,"type":"selected","value":1},{"time":1702310367525,"type":"change intensity of connector","value":6},{"time":1702310367525,"type":"selected","value":0}]},{"id":"9fa8e532-af41-46cc-bd1a-2a11a2c56474","source":"e9d61fd7-a047-4326-aee0-1d6b8cad7c5f","target":"d3b2771d-394d-4c3b-ac7e-7f5f130d0c02","agreement":true,"isActive":true,"date":1702310017499,"kind":"Connector","isSelected":false,"intensity":9,"isDeletable":true,"isOver":false,"isBidirectional":false,"eventLog":[{"time":1702310017499,"type":"create connection"},{"time":1702310362754,"type":"selected","value":1},{"time":1702310364550,"type":"change intensity of connector","value":9},{"time":1702310364550,"type":"selected","value":0}]},{"id":"ddd92680-902b-47e3-a82a-589faad8bb39","source":"281c708f-c05c-4a8f-835f-cdf47c113529","target":"8f37c43b-d1af-4703-bdba-03c3a55dba40","agreement":true,"isActive":true,"date":1702310031332,"kind":"Connector","isSelected":false,"intensity":6,"isDeletable":true,"isOver":false,"isBidirectional":false,"eventLog":[{"time":1702310031332,"type":"create connection"},{"time":1702310347669,"type":"selected","value":1},{"time":1702310350124,"type":"change intensity of connector","value":6},{"time":1702310350124,"type":"selected","value":0}]},{"id":"488b397b-7698-45bd-9837-1e614a7ef287","source":"f80e3fe6-5453-4dd2-b127-53ed57b8fe64","target":"cdf706a4-3f52-4f7d-b34a-d1b3f03cb56c","agreement":true,"isActive":true,"date":1702310107744,"kind":"Connector","isSelected":false,"intensity":3,"isDeletable":true,"isOver":false,"isBidirectional":false,"eventLog":[{"time":1702310107744,"type":"create connection"}]},{"id":"19377e09-0bc6-4e2e-8584-e86f355c824b","source":"f80e3fe6-5453-4dd2-b127-53ed57b8fe64","target":"2e561886-85c1-4e61-bd83-348ebf604680","agreement":true,"isActive":true,"date":1702310108974,"kind":"Connector","isSelected":false,"intensity":3,"isDeletable":true,"isOver":false,"isBidirectional":false,"eventLog":[{"time":1702310108974,"type":"create connection"}]},{"id":"85300d39-1917-4e74-8d3e-fe9c68d4c974","source":"b5d8c5db-607a-4804-b414-af36d78a2417","target":"12c76852-2a3b-4235-a361-223b89dc6949","agreement":true,"isActive":true,"date":1702310143345,"kind":"Connector","isSelected":false,"intensity":3,"isDeletable":true,"isOver":false,"isBidirectional":false,"eventLog":[{"time":1702310143345,"type":"create connection"}]},{"id":"996e5add-285a-43f9-ac72-f9cda949fad8","source":"ca617fa9-6b0b-4706-9987-302dfb4edb16","target":"12c76852-2a3b-4235-a361-223b89dc6949","agreement":true,"isActive":true,"date":1702310144205,"kind":"Connector","isSelected":false,"intensity":3,"isDeletable":true,"isOver":false,"isBidirectional":false,"eventLog":[{"time":1702310144205,"type":"create connection"},{"time":1702310407402,"type":"selected","value":1},{"time":1702310408423,"type":"change intensity of connector","value":3},{"time":1702310408423,"type":"selected","value":0}]},{"id":"ada39413-508a-4ba9-b79e-5aa52cb7f0c4","source":"a103b5d9-0a6c-45bc-83c6-d63aad29cc20","target":"cdf706a4-3f52-4f7d-b34a-d1b3f03cb56c","agreement":true,"isActive":true,"date":1702310154242,"kind":"Connector","isSelected":false,"intensity":3,"isDeletable":true,"isOver":false,"isBidirectional":false,"eventLog":[{"time":1702310154242,"type":"create connection"}]},{"id":"f709d6f4-05e2-45aa-8b30-671270611bf5","source":"0a29ef46-e8b3-47fd-a4ec-6d97e502ef06","target":"a103b5d9-0a6c-45bc-83c6-d63aad29cc20","agreement":true,"isActive":true,"date":1702310190451,"kind":"Connector","isSelected":false,"intensity":3,"isDeletable":true,"isOver":false,"isBidirectional":false,"eventLog":[{"time":1702310190451,"type":"create connection"}]},{"id":"cc009213-8390-4176-ac1a-3f541a1c7c43","source":"886b312b-02a3-4da2-b593-50de171fd67c","target":"12c76852-2a3b-4235-a361-223b89dc6949","agreement":true,"isActive":true,"date":1702310216736,"kind":"Connector","isSelected":false,"intensity":6,"isDeletable":true,"isOver":false,"isBidirectional":false,"eventLog":[{"time":1702310216736,"type":"create connection"},{"time":1702310368244,"type":"selected","value":1},{"time":1702310372715,"type":"change intensity of connector","value":3},{"time":1702310372715,"type":"selected","value":0},{"time":1702310386771,"type":"selected","value":1},{"time":1702310400203,"type":"change intensity of connector","value":6},{"time":1702310400203,"type":"selected","value":0}]},{"id":"8e0c2ff4-c4eb-4f24-a9b1-accef80a335e","source":"886b312b-02a3-4da2-b593-50de171fd67c","target":"0a29ef46-e8b3-47fd-a4ec-6d97e502ef06","agreement":true,"isActive":true,"date":1702310218442,"kind":"Connector","isSelected":false,"intensity":3,"isDeletable":true,"isOver":false,"isBidirectional":false,"eventLog":[{"time":1702310218442,"type":"create connection"}]},{"id":"288294dd-e5ea-4723-a984-5b6c7128e45c","source":"886b312b-02a3-4da2-b593-50de171fd67c","target":"a103b5d9-0a6c-45bc-83c6-d63aad29cc20","agreement":true,"isActive":true,"date":1702310221069,"kind":"Connector","isSelected":false,"intensity":3,"isDeletable":true,"isOver":false,"isBidirectional":false,"eventLog":[{"time":1702310221069,"type":"create connection"}]},{"id":"53fbfaaf-5733-44bd-9e20-18d13ea465bc","source":"eac291ee-ed58-4eb9-afd2-1976a073ac19","target":"a103b5d9-0a6c-45bc-83c6-d63aad29cc20","agreement":true,"isActive":true,"date":1702310235119,"kind":"Connector","isSelected":false,"intensity":3,"isDeletable":true,"isOver":false,"isBidirectional":false,"eventLog":[{"time":1702310235119,"type":"create connection"}]},{"id":"11776b7a-658f-4adb-9535-7bceb358ef5e","source":"eac291ee-ed58-4eb9-afd2-1976a073ac19","target":"8f37c43b-d1af-4703-bdba-03c3a55dba40","agreement":true,"isActive":true,"date":1702310237534,"kind":"Connector","isSelected":false,"intensity":3,"isDeletable":true,"isOver":false,"isBidirectional":false,"eventLog":[{"time":1702310237534,"type":"create connection"},{"time":1702310343226,"type":"selected","value":1},{"time":1702310346983,"type":"change intensity of connector","value":3},{"time":1702310346983,"type":"selected","value":0}]},{"id":"47375b6b-b846-4ca3-9ce2-25627402602e","source":"b6a6ad3f-7d0b-4935-b9bf-973e6fb7dff4","target":"12c76852-2a3b-4235-a361-223b89dc6949","agreement":true,"isActive":true,"date":1702310267886,"kind":"Connector","isSelected":false,"intensity":6,"isDeletable":true,"isOver":false,"isBidirectional":false,"eventLog":[{"time":1702310267886,"type":"create connection"},{"time":1702310403984,"type":"selected","value":1},{"time":1702310407333,"type":"change intensity of connector","value":6},{"time":1702310407333,"type":"selected","value":0}]},{"id":"22a5c0ad-22f8-4540-89fc-96357f9839e8","source":"b6a6ad3f-7d0b-4935-b9bf-973e6fb7dff4","target":"ca617fa9-6b0b-4706-9987-302dfb4edb16","agreement":true,"isActive":true,"date":1702310269088,"kind":"Connector","isSelected":false,"intensity":3,"isDeletable":true,"isOver":false,"isBidirectional":false,"eventLog":[{"time":1702310269088,"type":"create connection"}]},{"id":"f16dc400-1740-4070-b9e2-8a3ef2807ef8","source":"5b001c5c-1381-443f-9443-ee5fd48a6eba","target":"cdf706a4-3f52-4f7d-b34a-d1b3f03cb56c","agreement":true,"isActive":true,"date":1702310296970,"kind":"Connector","isSelected":false,"intensity":3,"isDeletable":true,"isOver":false,"isBidirectional":false,"eventLog":[{"time":1702310296970,"type":"create connection"}]},{"id":"bda4b39c-cfdf-4fda-a76d-f09a7ab1126a","source":"b6a6ad3f-7d0b-4935-b9bf-973e6fb7dff4","target":"5b001c5c-1381-443f-9443-ee5fd48a6eba","agreement":true,"isActive":true,"date":1702310326813,"kind":"Connector","isSelected":false,"intensity":3,"isDeletable":true,"isOver":false,"isBidirectional":false,"eventLog":[{"time":1702310326813,"type":"create connection"}]},{"id":"653d8607-df8b-4030-801f-666430a87cc7","source":"b5d8c5db-607a-4804-b414-af36d78a2417","target":"35d7d03c-4689-4c85-bc26-f800df837087","agreement":true,"isActive":true,"date":1702310482339,"kind":"Connector","isSelected":false,"intensity":3,"isDeletable":true,"isOver":false,"isBidirectional":false,"eventLog":[{"time":1702310482339,"type":"create connection"}]},{"id":"1f6e42a4-38a6-4997-8161-3a994e01c764","source":"35d7d03c-4689-4c85-bc26-f800df837087","target":"12c76852-2a3b-4235-a361-223b89dc6949","agreement":true,"isActive":true,"date":1702310483799,"kind":"Connector","isSelected":false,"intensity":9,"isDeletable":true,"isOver":false,"isBidirectional":false,"eventLog":[{"time":1702310483799,"type":"create connection"},{"time":1702310484869,"type":"selected","value":1},{"time":1702310487567,"type":"change intensity of connector","value":9},{"time":1702310487567,"type":"selected","value":0}]},{"id":"2aa425f1-7542-4442-b865-cfa05ff4d9ab","source":"692cb1a3-5107-4187-a871-a57c5e7a1fa4","target":"03a76c77-2954-4c20-bda4-96362fdec091","agreement":true,"isActive":true,"date":1702310523249,"kind":"Connector","isSelected":false,"intensity":9,"isDeletable":true,"isOver":false,"isBidirectional":false,"eventLog":[{"time":1702310523249,"type":"create connection"},{"time":1702310535319,"type":"selected","value":1},{"time":1702310536839,"type":"change intensity of connector","value":9},{"time":1702310536839,"type":"selected","value":0}]},{"id":"2df64cd8-2049-46c7-9e0f-3f13cda977da","source":"692cb1a3-5107-4187-a871-a57c5e7a1fa4","target":"e8ffb68e-86a0-4353-ab2f-e7442e8857d1","agreement":true,"isActive":true,"date":1702310524679,"kind":"Connector","isSelected":false,"intensity":9,"isDeletable":true,"isOver":false,"isBidirectional":false,"eventLog":[{"time":1702310524679,"type":"create connection"},{"time":1702310537251,"type":"selected","value":1},{"time":1702310539097,"type":"change intensity of connector","value":9},{"time":1702310539097,"type":"selected","value":0}]},{"id":"568368e1-a2a6-4f08-834f-2c2f2da9b08e","source":"692cb1a3-5107-4187-a871-a57c5e7a1fa4","target":"d3b2771d-394d-4c3b-ac7e-7f5f130d0c02","agreement":true,"isActive":true,"date":1702310526126,"kind":"Connector","isSelected":false,"intensity":9,"isDeletable":true,"isOver":false,"isBidirectional":false,"eventLog":[{"time":1702310526127,"type":"create connection"},{"time":1702310539178,"type":"selected","value":1},{"time":1702310541518,"type":"change intensity of connector","value":9},{"time":1702310541518,"type":"selected","value":0}]},{"id":"436cd0bd-a610-4a7c-972c-9cddf6295ec2","source":"e9d61fd7-a047-4326-aee0-1d6b8cad7c5f","target":"692cb1a3-5107-4187-a871-a57c5e7a1fa4","agreement":true,"isActive":true,"date":1702310529759,"kind":"Connector","isSelected":false,"intensity":9,"isDeletable":true,"isOver":false,"isBidirectional":false,"eventLog":[{"time":1702310529759,"type":"create connection"},{"time":1702310532750,"type":"selected","value":1},{"time":1702310535221,"type":"change intensity of connector","value":9},{"time":1702310535221,"type":"selected","value":0}]},{"id":"f72bb4da-8a51-49f7-9753-da0a689cc9e4","source":"dc8da28c-eead-46dd-a63b-adc14b8d102b","target":"692cb1a3-5107-4187-a871-a57c5e7a1fa4","agreement":true,"isActive":true,"date":1702310544570,"kind":"Connector","isSelected":false,"intensity":9,"isDeletable":true,"isOver":false,"isBidirectional":false,"eventLog":[{"time":1702310544570,"type":"create connection"},{"time":1702310547031,"type":"selected","value":1},{"time":1702310554843,"type":"change intensity of connector","value":9},{"time":1702310554843,"type":"selected","value":0}]}],"currentID":{},"currentNode":{},"hasSelectedNode":[false],"currentConnector":{},"hasSelectedConnector":[false],"readyToMove":[false],"isIncoming":[false],"hasElementMoved":[false]}
