{"idCAM":["2b2ce9e7-480f-4dd1-a3f0-141d2d77369c"],"creator":["60fe7985ba99343ad0b893b7_post"],"projectCAM":["S2_CAM part 2"],"defocusCAM":[],"date":[1702310713008],"nodes":[{"id":"5a7d88e6-5239-48e3-a7e8-9ebead933e9e","value":0,"text":"social assistance robot","comment":"","position":{"x":650,"y":400},"isActive":true,"date":1702310713842,"kind":"Node","isSelected":false,"isConnectorSelected":false,"isDraggable":0,"isDeletable":0,"hasElementMoved":false,"eventLog":[{"time":1702310713842,"type":"create node","value":0}],"isTextChangeable":0},{"id":"5faf98f6-90f5-4a58-ab6e-00596665bb3b","value":-3,"text":"disadvantages","comment":"","position":{"x":450,"y":400},"isActive":true,"date":1702310713842,"kind":"Node","isSelected":false,"isConnectorSelected":false,"isDraggable":0,"isDeletable":0,"hasElementMoved":false,"eventLog":[{"time":1702310713842,"type":"create node","value":-3}],"isTextChangeable":0},{"id":"7ca951e2-121a-46dc-9b6c-18d697dd29f8","value":3,"text":"advantages","comment":"","position":{"x":850,"y":400},"isActive":true,"date":1702310713842,"kind":"Node","isSelected":false,"isConnectorSelected":false,"isDraggable":0,"isDeletable":0,"hasElementMoved":false,"eventLog":[{"time":1702310713842,"type":"create node","value":3}],"isTextChangeable":0},{"id":"fdddb4e4-5e66-4c82-95bb-39b2d5706ead","value":3,"text":"learn","comment":"","position":{"x":937.5,"y":264},"isActive":true,"date":1702310713842,"kind":"Node","isSelected":false,"isConnectorSelected":false,"isDraggable":1,"isDeletable":1,"hasElementMoved":false,"eventLog":[{"time":"1702310713842","type":"create node","value":[3]},{"time":"2023-12-11T16:07:12.178Z","type":"position","value":{"x":[892.5],"y":[316]}}],"isTextChangeable":1},{"id":"11debba2-925c-4b3c-84e3-02406b2b4961","value":10,"text":"social interactions","comment":"","position":{"x":881.5,"y":188},"isActive":true,"date":1702310713843,"kind":"Node","isSelected":false,"isConnectorSelected":false,"isDraggable":1,"isDeletable":1,"hasElementMoved":false,"eventLog":[{"time":1702310713843,"type":"create node","value":10}],"isTextChangeable":1},{"id":"6407ba16-5095-4aec-9f24-c1d3f40abeeb","value":1,"text":"detection of emotions","comment":"","position":{"x":1005.5,"y":176},"isActive":true,"date":1702310713843,"kind":"Node","isSelected":false,"isConnectorSelected":false,"isDraggable":1,"isDeletable":1,"hasElementMoved":false,"eventLog":[{"time":1702310713843,"type":"create node","value":1}],"isTextChangeable":1},{"id":"f0d00d6b-6e21-472c-ad81-a781388834ac","value":3,"text":"non-judgmental feedback","comment":"","position":{"x":980.5,"y":356},"isActive":true,"date":1702310713843,"kind":"Node","isSelected":false,"isConnectorSelected":false,"isDraggable":1,"isDeletable":1,"hasElementMoved":false,"eventLog":[{"time":"1702310713843","type":"create node","value":[3]},{"time":"2023-12-11T16:07:16.906Z","type":"position","value":{"x":[1066.5],"y":[328]}}],"isTextChangeable":1},{"id":"0ff0b587-cb36-4804-821a-b2d9bc927060","value":3,"text":"prejudice-free","comment":"","position":{"x":995.5,"y":440},"isActive":true,"date":1702310713843,"kind":"Node","isSelected":false,"isConnectorSelected":false,"isDraggable":1,"isDeletable":1,"hasElementMoved":false,"eventLog":[{"time":1702310713843,"type":"create node","value":3}],"isTextChangeable":1},{"id":"cd2dfefc-fb02-40f2-8a3b-7d3daa5c1fda","value":3,"text":"fear taking","comment":"","position":{"x":1001.5,"y":540},"isActive":true,"date":1702310713843,"kind":"Node","isSelected":false,"isConnectorSelected":false,"isDraggable":1,"isDeletable":1,"hasElementMoved":false,"eventLog":[{"time":1702310713843,"type":"create node","value":3}],"isTextChangeable":1},{"id":"6aa7e722-04f2-43ed-964e-4e98bdb124f0","value":2,"text":"try out possible","comment":"","position":{"x":1112.5,"y":511},"isActive":true,"date":1702310713843,"kind":"Node","isSelected":false,"isConnectorSelected":false,"isDraggable":1,"isDeletable":1,"hasElementMoved":false,"eventLog":[{"time":1702310713843,"type":"create node","value":2}],"isTextChangeable":1},{"id":"0ecded90-5f95-4ab1-83a7-c5668e91e4e8","value":2,"text":"supportive","comment":"","position":{"x":957.5,"y":623},"isActive":true,"date":1702310713844,"kind":"Node","isSelected":false,"isConnectorSelected":false,"isDraggable":1,"isDeletable":1,"hasElementMoved":false,"eventLog":[{"time":1702310713844,"type":"create node","value":2}],"isTextChangeable":1},{"id":"48989d4c-936b-46cc-9072-6e1dcd0206f2","value":-2,"text":"not empathetic (enough)","comment":"","position":{"x":339.5,"y":272},"isActive":true,"date":1702310713844,"kind":"Node","isSelected":false,"isConnectorSelected":false,"isDraggable":1,"isDeletable":1,"hasElementMoved":false,"eventLog":[{"time":1702310713844,"type":"create node","value":-2}],"isTextChangeable":1},{"id":"8b2377f3-46a4-4961-b9bd-7b78029407da","value":10,"text":"No \"real\" contact","comment":"","position":{"x":775.5,"y":289},"isActive":true,"date":1702310713845,"kind":"Node","isSelected":false,"isConnectorSelected":false,"isDraggable":1,"isDeletable":1,"hasElementMoved":false,"eventLog":[{"time":"1702310713845","type":"create node","value":[10]},{"time":"2023-12-11T16:05:20.558Z","type":"position","value":{"x":[743.5],"y":[267]}},{"time":"2023-12-11T16:05:37.340Z","type":"position","value":{"x":[787.5],"y":[336]}},{"time":"2023-12-11T16:06:59.191Z","type":"position","value":{"x":[796.5],"y":[333]}},{"time":"1702310820745","type":"selected","value":[true]},{"time":"1702310830992","type":"text","value":["Kein \"echter\" Kontakt"]},{"time":"1702310830992","type":"selected","value":[false]}],"isTextChangeable":1},{"id":"2323f1c3-04d8-48db-a5f1-b3e8a7b2d595","value":-2,"text":"unforeseen reactions","comment":"","position":{"x":254.5,"y":363},"isActive":true,"date":1702310713845,"kind":"Node","isSelected":false,"isConnectorSelected":false,"isDraggable":1,"isDeletable":1,"hasElementMoved":false,"eventLog":[{"time":1702310713845,"type":"create node","value":-2}],"isTextChangeable":1},{"id":"ba9bffe0-c065-4912-aadc-5f77c7f7ff04","value":10,"text":"jobs","comment":"","position":{"x":652.5,"y":534},"isActive":true,"date":1702310713845,"kind":"Node","isSelected":false,"isConnectorSelected":false,"isDraggable":1,"isDeletable":1,"hasElementMoved":false,"eventLog":[{"time":"1702310713845","type":"create node","value":[10]},{"time":"2023-12-11T16:08:24.180Z","type":"position","value":{"x":[672.5],"y":[518]}}],"isTextChangeable":1},{"id":"59a8fadf-0b3e-4a2d-8bd1-2f643f59ef33","value":10,"text":"replaces human care","comment":"","position":{"x":646.5,"y":645},"isActive":true,"date":1702310713845,"kind":"Node","isSelected":false,"isConnectorSelected":false,"isDraggable":1,"isDeletable":1,"hasElementMoved":false,"eventLog":[{"time":1702310713845,"type":"create node","value":10}],"isTextChangeable":1},{"id":"5640060c-fb94-487b-bf32-45e9b5048293","value":-3,"text":"loss work therapists","comment":"","position":{"x":497.5,"y":558},"isActive":true,"date":1702310713845,"kind":"Node","isSelected":false,"isConnectorSelected":false,"isDraggable":1,"isDeletable":1,"hasElementMoved":false,"eventLog":[{"time":"1702310713845","type":"create node","value":[-3]},{"time":"2023-12-11T16:07:52.468Z","type":"position","value":{"x":[440.5],"y":[562]}}],"isTextChangeable":1},{"id":"bd450f6a-f944-47b5-af14-768aef1af22c","value":2,"text":"Creates job development","comment":"","position":{"x":794.5,"y":585},"isActive":true,"date":1702310713846,"kind":"Node","isSelected":false,"isConnectorSelected":false,"isDraggable":1,"isDeletable":1,"hasElementMoved":false,"eventLog":[{"time":1702310713846,"type":"create node","value":2}],"isTextChangeable":1},{"id":"ad6b1168-a892-445f-bbec-d837c4021bd0","value":-2,"text":"unrealistically learned behavior","comment":"","position":{"x":420.5,"y":194},"isActive":true,"date":1702310713846,"kind":"Node","isSelected":false,"isConnectorSelected":false,"isDraggable":1,"isDeletable":1,"hasElementMoved":false,"eventLog":[{"time":"1702310713846","type":"create node","value":[-2]},{"time":"2023-12-11T16:05:17.974Z","type":"position","value":{"x":[495.5],"y":[214]}},{"time":"2023-12-11T16:05:18.314Z","type":"position","value":{"x":[343.5],"y":[174]}},{"time":"2023-12-11T16:05:23.233Z","type":"position","value":{"x":[348.5],"y":[164]}}],"isTextChangeable":1},{"id":"7d55a76c-a4d2-4689-8285-4967a47a9f93","value":10,"text":"insertion into society","comment":"","position":{"x":532.5,"y":324},"isActive":true,"date":1702310713846,"kind":"Node","isSelected":false,"isConnectorSelected":false,"isDraggable":1,"isDeletable":1,"hasElementMoved":false,"eventLog":[{"time":"1702310713846","type":"create node","value":[10]},{"time":"2023-12-11T16:05:19.243Z","type":"position","value":{"x":[628.5],"y":[178]}},{"time":"2023-12-11T16:05:19.548Z","type":"position","value":{"x":[474.5],"y":[245]}},{"time":"2023-12-11T16:05:21.890Z","type":"position","value":{"x":[468.5],"y":[272]}}],"isTextChangeable":1},{"id":"4a898277-1d8e-4546-b9a0-b9e7e34d9739","value":-3,"text":"unexplored","comment":"","position":{"x":285.5,"y":485},"isActive":true,"date":1702310713846,"kind":"Node","isSelected":false,"isConnectorSelected":false,"isDraggable":1,"isDeletable":1,"hasElementMoved":false,"eventLog":[{"time":1702310713846,"type":"create node","value":-3}],"isTextChangeable":1},{"id":"ec3872db-d18a-48de-a169-f3d360664b59","value":3,"text":"infinite patience","comment":"","position":{"x":1204.5,"y":279},"isActive":true,"date":1702310713846,"kind":"Node","isSelected":false,"isConnectorSelected":false,"isDraggable":1,"isDeletable":1,"hasElementMoved":false,"eventLog":[{"time":1702310713846,"type":"create node","value":3}],"isTextChangeable":1},{"id":"02143142-99e6-4ffa-999c-9725eb65757d","value":2,"text":"soft robots","comment":"","position":{"x":661.5,"y":255},"isActive":true,"date":1702310724945,"kind":"Node","isSelected":false,"isConnectorSelected":false,"isDraggable":1,"isDeletable":1,"hasElementMoved":false,"eventLog":[{"time":"1702310724945","type":"create node","value":[0]},{"time":"1702310725035","type":"selected","value":[true]},{"time":"1702310732528","type":"text","value":["Softe Roboter"]},{"time":"1702310732528","type":"value","value":[2]},{"time":"1702310732528","type":"selected","value":[false]},{"time":"2023-12-11T16:05:35.818Z","type":"position","value":{"x":[678.5],"y":[226]}}],"isTextChangeable":1},{"id":"779651fa-c6e6-4a35-ad2c-2b79441eaa74","value":3,"text":"low risk of injury","comment":"Compared to hard plastic/metal","position":{"x":653.5,"y":136},"isActive":true,"date":1702310741117,"kind":"Node","isSelected":false,"isConnectorSelected":false,"isDraggable":1,"isDeletable":1,"hasElementMoved":false,"eventLog":[{"time":1702310741117,"type":"create node","value":"0"},{"time":1702310741207,"type":"selected","value":"TRUE"},{"time":1702310765453,"type":"text","value":"Geringe Verletzungsgefahr"},{"time":1702310765453,"type":"value","value":"3"},{"time":1702310765453,"type":"comment","value":"Im Vergleich zu Hartplastik/Metall"},{"time":1702310765453,"type":"selected","value":"FALSE"}],"isTextChangeable":1},{"id":"20c2a130-f6c0-4efb-b101-b79b38207d98","value":3,"text":"animal protection","comment":"Using a soft robot instead of an animal protects the animal from potentially harmful behavior of the owner.","position":{"x":803.5,"y":106},"isActive":true,"date":1702310772282,"kind":"Node","isSelected":false,"isConnectorSelected":false,"isDraggable":1,"isDeletable":1,"hasElementMoved":false,"eventLog":[{"time":"1702310772282","type":"create node","value":[0]},{"time":"1702310772375","type":"selected","value":[true]},{"time":"1702310813020","type":"text","value":["Tierschutz"]},{"time":"1702310813020","type":"value","value":[3]},{"time":"1702310813020","type":"comment","value":["Wird ein Softroboter verwendet, anstatt eines Tiers, schützt das das Tier vor potenziell schädlichem Verhalten des Eigentümers"]},{"time":"1702310813020","type":"selected","value":[false]},{"time":"2023-12-11T16:06:53.390Z","type":"position","value":{"x":[765.5],"y":[141]}}],"isTextChangeable":1},{"id":"6c7dbd50-54a8-4e00-9d5f-d5df4ec19639","value":-1,"text":"risk of dependency","comment":"","position":{"x":216.5,"y":259},"isActive":true,"date":1702310840907,"kind":"Node","isSelected":false,"isConnectorSelected":false,"isDraggable":1,"isDeletable":1,"hasElementMoved":false,"eventLog":[{"time":"1702310840907","type":"create node","value":[0]},{"time":"1702310840995","type":"selected","value":[true]},{"time":"1702310850729","type":"text","value":["Gefahr der Abhängigkeit"]},{"time":"1702310850729","type":"value","value":[-1]},{"time":"1702310850729","type":"selected","value":[false]},{"time":"2023-12-11T16:07:31.232Z","type":"position","value":{"x":[259.5],"y":[266]}}],"isTextChangeable":1},{"id":"8758a5e9-76f0-4704-8a99-aef7ee121f39","value":-2,"text":"risk of manipulation","comment":"","position":{"x":344.5,"y":590},"isActive":true,"date":1702310856059,"kind":"Node","isSelected":false,"isConnectorSelected":false,"isDraggable":1,"isDeletable":1,"hasElementMoved":false,"eventLog":[{"time":"1702310856059","type":"create node","value":[0]},{"time":"1702310856141","type":"selected","value":[true]},{"time":"1702310865771","type":"text","value":["Gefahr der Manipulation"]},{"time":"1702310865771","type":"value","value":[-2]},{"time":"1702310865771","type":"selected","value":[false]},{"time":"2023-12-11T16:07:54.527Z","type":"position","value":{"x":[323.5],"y":[622]}}],"isTextChangeable":1},{"id":"101a4efe-82b4-491b-9b74-3313fcbbe7d4","value":-1,"text":"uncanny valley","comment":"","position":{"x":517.5,"y":229},"isActive":true,"date":1702310911747,"kind":"Node","isSelected":false,"isConnectorSelected":false,"isDraggable":1,"isDeletable":1,"hasElementMoved":false,"eventLog":[{"time":"1702310911747","type":"create node","value":[0]},{"time":"1702310911828","type":"selected","value":[true]},{"time":"1702310917764","type":"text","value":["Uncanny Valley"]},{"time":"1702310917764","type":"value","value":[-1]},{"time":"1702310917764","type":"selected","value":[false]},{"time":"2023-12-11T16:08:40.751Z","type":"position","value":{"x":[574.5],"y":[211]}}],"isTextChangeable":1}],"connectors":[{"id":"8bd8f461-a3c9-4f2f-96ca-a3889a1cf00a","source":"5a7d88e6-5239-48e3-a7e8-9ebead933e9e","target":"5faf98f6-90f5-4a58-ab6e-00596665bb3b","agreement":false,"isActive":true,"date":1702310713847,"kind":"Connector","isSelected":false,"intensity":9,"isDeletable":false,"isOver":false,"isBidirectional":false,"eventLog":[{"time":1702310713847,"type":"create connection"}]},{"id":"e81773fa-5d6b-4976-8877-a52bb834220f","source":"5a7d88e6-5239-48e3-a7e8-9ebead933e9e","target":"7ca951e2-121a-46dc-9b6c-18d697dd29f8","agreement":true,"isActive":true,"date":1702310713847,"kind":"Connector","isSelected":false,"intensity":9,"isDeletable":true,"isOver":false,"isBidirectional":false,"eventLog":[{"time":1702310713847,"type":"create connection"}]},{"id":"38163e75-a610-4ebf-840c-e99563f7e27d","source":"11debba2-925c-4b3c-84e3-02406b2b4961","target":"fdddb4e4-5e66-4c82-95bb-39b2d5706ead","agreement":true,"isActive":true,"date":1702310713848,"kind":"Connector","isSelected":false,"intensity":3,"isDeletable":true,"isOver":false,"isBidirectional":false,"eventLog":[{"time":1702310713848,"type":"create connection"}]},{"id":"f5490b9a-de08-4c43-8d54-61d4fdeac085","source":"6407ba16-5095-4aec-9f24-c1d3f40abeeb","target":"fdddb4e4-5e66-4c82-95bb-39b2d5706ead","agreement":true,"isActive":true,"date":1702310713849,"kind":"Connector","isSelected":false,"intensity":3,"isDeletable":true,"isOver":false,"isBidirectional":false,"eventLog":[{"time":1702310713849,"type":"create connection"}]},{"id":"82bb5290-7d0d-4e8d-bc3f-3c6f1af37706","source":"f0d00d6b-6e21-472c-ad81-a781388834ac","target":"fdddb4e4-5e66-4c82-95bb-39b2d5706ead","agreement":true,"isActive":true,"date":1702310713849,"kind":"Connector","isSelected":false,"intensity":6,"isDeletable":true,"isOver":false,"isBidirectional":false,"eventLog":[{"time":1702310713849,"type":"create connection"}]},{"id":"c6bda12a-d6b5-48a2-ae0b-8aa67c872067","source":"fdddb4e4-5e66-4c82-95bb-39b2d5706ead","target":"7ca951e2-121a-46dc-9b6c-18d697dd29f8","agreement":true,"isActive":true,"date":1702310713850,"kind":"Connector","isSelected":false,"intensity":9,"isDeletable":true,"isOver":false,"isBidirectional":false,"eventLog":[{"time":1702310713850,"type":"create connection"}]},{"id":"dd150191-d57f-454d-b302-79660c21be07","source":"0ff0b587-cb36-4804-821a-b2d9bc927060","target":"f0d00d6b-6e21-472c-ad81-a781388834ac","agreement":true,"isActive":true,"date":1702310713851,"kind":"Connector","isSelected":false,"intensity":9,"isDeletable":true,"isOver":false,"isBidirectional":false,"eventLog":[{"time":1702310713851,"type":"create connection"}]},{"id":"c7e4cec0-c6a8-4bfa-a4a1-129c247d8eb7","source":"7ca951e2-121a-46dc-9b6c-18d697dd29f8","target":"0ff0b587-cb36-4804-821a-b2d9bc927060","agreement":true,"isActive":true,"date":1702310713851,"kind":"Connector","isSelected":false,"intensity":9,"isDeletable":true,"isOver":false,"isBidirectional":false,"eventLog":[{"time":1702310713851,"type":"create connection"}]},{"id":"5bed66ea-693b-489d-95dd-68e8cab817ad","source":"cd2dfefc-fb02-40f2-8a3b-7d3daa5c1fda","target":"0ff0b587-cb36-4804-821a-b2d9bc927060","agreement":true,"isActive":true,"date":1702310713852,"kind":"Connector","isSelected":false,"intensity":6,"isDeletable":true,"isOver":false,"isBidirectional":false,"eventLog":[{"time":1702310713852,"type":"create connection"}]},{"id":"d40fbf3e-48d6-4d91-b694-846d1033ebb7","source":"6aa7e722-04f2-43ed-964e-4e98bdb124f0","target":"0ff0b587-cb36-4804-821a-b2d9bc927060","agreement":true,"isActive":true,"date":1702310713853,"kind":"Connector","isSelected":false,"intensity":9,"isDeletable":true,"isOver":false,"isBidirectional":false,"eventLog":[{"time":1702310713853,"type":"create connection"}]},{"id":"8546c69b-fe8b-4b75-a39c-eec87904a67a","source":"0ecded90-5f95-4ab1-83a7-c5668e91e4e8","target":"7ca951e2-121a-46dc-9b6c-18d697dd29f8","agreement":true,"isActive":true,"date":1702310713853,"kind":"Connector","isSelected":false,"intensity":6,"isDeletable":true,"isOver":false,"isBidirectional":false,"eventLog":[{"time":1702310713853,"type":"create connection"}]},{"id":"1d5ea8ae-a473-4fe0-8e2e-5c20c4c2bea3","source":"8b2377f3-46a4-4961-b9bd-7b78029407da","target":"5a7d88e6-5239-48e3-a7e8-9ebead933e9e","agreement":true,"isActive":true,"date":1702310713854,"kind":"Connector","isSelected":false,"intensity":3,"isDeletable":true,"isOver":false,"isBidirectional":false,"eventLog":[{"time":1702310713854,"type":"create connection"}]},{"id":"750ac873-7c25-434f-8b5c-dd1905568ece","source":"8b2377f3-46a4-4961-b9bd-7b78029407da","target":"11debba2-925c-4b3c-84e3-02406b2b4961","agreement":true,"isActive":true,"date":1702310713854,"kind":"Connector","isSelected":false,"intensity":3,"isDeletable":true,"isOver":false,"isBidirectional":false,"eventLog":[{"time":1702310713854,"type":"create connection"}]},{"id":"8a7a097c-2ce6-4065-8afa-a861bded9dcc","source":"2323f1c3-04d8-48db-a5f1-b3e8a7b2d595","target":"5faf98f6-90f5-4a58-ab6e-00596665bb3b","agreement":true,"isActive":true,"date":1702310713855,"kind":"Connector","isSelected":false,"intensity":3,"isDeletable":true,"isOver":false,"isBidirectional":false,"eventLog":[{"time":1702310713855,"type":"create connection"}]},{"id":"01439eeb-67b7-4615-b497-d268a6dec977","source":"48989d4c-936b-46cc-9072-6e1dcd0206f2","target":"5faf98f6-90f5-4a58-ab6e-00596665bb3b","agreement":true,"isActive":true,"date":1702310713855,"kind":"Connector","isSelected":false,"intensity":3,"isDeletable":true,"isOver":false,"isBidirectional":false,"eventLog":[{"time":1702310713855,"type":"create connection"}]},{"id":"08e7cb6a-c670-4814-a65c-463b18d748e2","source":"ba9bffe0-c065-4912-aadc-5f77c7f7ff04","target":"5a7d88e6-5239-48e3-a7e8-9ebead933e9e","agreement":true,"isActive":true,"date":1702310713856,"kind":"Connector","isSelected":false,"intensity":3,"isDeletable":true,"isOver":false,"isBidirectional":false,"eventLog":[{"time":1702310713856,"type":"create connection"}]},{"id":"170cb1a3-4891-4953-86cc-64f0a826b630","source":"59a8fadf-0b3e-4a2d-8bd1-2f643f59ef33","target":"ba9bffe0-c065-4912-aadc-5f77c7f7ff04","agreement":true,"isActive":true,"date":1702310713856,"kind":"Connector","isSelected":false,"intensity":3,"isDeletable":true,"isOver":false,"isBidirectional":false,"eventLog":[{"time":1702310713856,"type":"create connection"}]},{"id":"538cf99e-aa65-4561-ab6c-cb030bb9a766","source":"5640060c-fb94-487b-bf32-45e9b5048293","target":"5faf98f6-90f5-4a58-ab6e-00596665bb3b","agreement":true,"isActive":true,"date":1702310713857,"kind":"Connector","isSelected":false,"intensity":6,"isDeletable":true,"isOver":false,"isBidirectional":false,"eventLog":[{"time":1702310713857,"type":"create connection"}]},{"id":"81d3f46e-7728-4a92-bfb9-b84674994e41","source":"5640060c-fb94-487b-bf32-45e9b5048293","target":"59a8fadf-0b3e-4a2d-8bd1-2f643f59ef33","agreement":true,"isActive":true,"date":1702310713857,"kind":"Connector","isSelected":false,"intensity":3,"isDeletable":true,"isOver":false,"isBidirectional":false,"eventLog":[{"time":1702310713857,"type":"create connection"}]},{"id":"44e0bd6f-0f7a-4213-9b54-9f44b6a27e31","source":"5640060c-fb94-487b-bf32-45e9b5048293","target":"ba9bffe0-c065-4912-aadc-5f77c7f7ff04","agreement":true,"isActive":true,"date":1702310713858,"kind":"Connector","isSelected":false,"intensity":3,"isDeletable":true,"isOver":false,"isBidirectional":false,"eventLog":[{"time":1702310713858,"type":"create connection"}]},{"id":"a1944a0c-2826-4fe6-8a3e-11548b25c482","source":"bd450f6a-f944-47b5-af14-768aef1af22c","target":"ba9bffe0-c065-4912-aadc-5f77c7f7ff04","agreement":true,"isActive":true,"date":1702310713859,"kind":"Connector","isSelected":false,"intensity":3,"isDeletable":true,"isOver":false,"isBidirectional":false,"eventLog":[{"time":1702310713859,"type":"create connection"}]},{"id":"ffa2e6ae-418e-4e35-b9ce-565679f21004","source":"bd450f6a-f944-47b5-af14-768aef1af22c","target":"7ca951e2-121a-46dc-9b6c-18d697dd29f8","agreement":true,"isActive":true,"date":1702310713860,"kind":"Connector","isSelected":false,"intensity":3,"isDeletable":true,"isOver":false,"isBidirectional":false,"eventLog":[{"time":1702310713860,"type":"create connection"}]},{"id":"228c54df-92d3-4b16-ad43-688d4f4ca83b","source":"ad6b1168-a892-445f-bbec-d837c4021bd0","target":"5faf98f6-90f5-4a58-ab6e-00596665bb3b","agreement":true,"isActive":true,"date":1702310713860,"kind":"Connector","isSelected":false,"intensity":6,"isDeletable":true,"isOver":false,"isBidirectional":false,"eventLog":[{"time":1702310713860,"type":"create connection"}]},{"id":"27aac00f-f61c-4dff-bdb0-5c6ca3e72245","source":"ad6b1168-a892-445f-bbec-d837c4021bd0","target":"48989d4c-936b-46cc-9072-6e1dcd0206f2","agreement":true,"isActive":true,"date":1702310713861,"kind":"Connector","isSelected":false,"intensity":3,"isDeletable":true,"isOver":false,"isBidirectional":false,"eventLog":[{"time":1702310713861,"type":"create connection"}]},{"id":"6f72a1be-fce1-4cf3-a23d-02780822d454","source":"7d55a76c-a4d2-4689-8285-4967a47a9f93","target":"5a7d88e6-5239-48e3-a7e8-9ebead933e9e","agreement":true,"isActive":true,"date":1702310713861,"kind":"Connector","isSelected":false,"intensity":3,"isDeletable":true,"isOver":false,"isBidirectional":false,"eventLog":[{"time":1702310713861,"type":"create connection"}]},{"id":"adfaf14f-8346-4ded-ad3f-8fc34b143670","source":"ad6b1168-a892-445f-bbec-d837c4021bd0","target":"7d55a76c-a4d2-4689-8285-4967a47a9f93","agreement":true,"isActive":true,"date":1702310713862,"kind":"Connector","isSelected":false,"intensity":3,"isDeletable":true,"isOver":false,"isBidirectional":false,"eventLog":[{"time":1702310713862,"type":"create connection"}]},{"id":"f865a107-67ce-4e25-9b24-65239982d159","source":"2323f1c3-04d8-48db-a5f1-b3e8a7b2d595","target":"4a898277-1d8e-4546-b9a0-b9e7e34d9739","agreement":true,"isActive":true,"date":1702310713862,"kind":"Connector","isSelected":false,"intensity":3,"isDeletable":true,"isOver":false,"isBidirectional":false,"eventLog":[{"time":1702310713862,"type":"create connection"}]},{"id":"017a49a5-6fb5-4726-a8b9-c6baeafdde57","source":"4a898277-1d8e-4546-b9a0-b9e7e34d9739","target":"5faf98f6-90f5-4a58-ab6e-00596665bb3b","agreement":true,"isActive":true,"date":1702310713863,"kind":"Connector","isSelected":false,"intensity":9,"isDeletable":true,"isOver":false,"isBidirectional":false,"eventLog":[{"time":1702310713863,"type":"create connection"}]},{"id":"84867cce-8409-4dc6-8d28-61ae6e3d5d5d","source":"ec3872db-d18a-48de-a169-f3d360664b59","target":"fdddb4e4-5e66-4c82-95bb-39b2d5706ead","agreement":true,"isActive":true,"date":1702310713863,"kind":"Connector","isSelected":false,"intensity":9,"isDeletable":true,"isOver":false,"isBidirectional":false,"eventLog":[{"time":1702310713863,"type":"create connection"}]},{"id":"08e5ae60-74d6-4079-ac73-3c8ead01b876","source":"ec3872db-d18a-48de-a169-f3d360664b59","target":"f0d00d6b-6e21-472c-ad81-a781388834ac","agreement":true,"isActive":true,"date":1702310713864,"kind":"Connector","isSelected":false,"intensity":9,"isDeletable":true,"isOver":false,"isBidirectional":false,"eventLog":[{"time":1702310713864,"type":"create connection"}]},{"id":"ea2bec93-23d7-4b74-920f-41271075c3a8","source":"ec3872db-d18a-48de-a169-f3d360664b59","target":"0ff0b587-cb36-4804-821a-b2d9bc927060","agreement":true,"isActive":true,"date":1702310713864,"kind":"Connector","isSelected":false,"intensity":9,"isDeletable":true,"isOver":false,"isBidirectional":false,"eventLog":[{"time":1702310713864,"type":"create connection"}]},{"id":"31fa2eaf-1991-4fae-ad95-25ae34f7199b","source":"6aa7e722-04f2-43ed-964e-4e98bdb124f0","target":"ec3872db-d18a-48de-a169-f3d360664b59","agreement":true,"isActive":true,"date":1702310713865,"kind":"Connector","isSelected":false,"intensity":9,"isDeletable":true,"isOver":false,"isBidirectional":false,"eventLog":[{"time":1702310713865,"type":"create connection"}]},{"id":"a236280b-3fb1-47ce-849c-9cd39c016753","source":"cd2dfefc-fb02-40f2-8a3b-7d3daa5c1fda","target":"ec3872db-d18a-48de-a169-f3d360664b59","agreement":true,"isActive":true,"date":1702310713865,"kind":"Connector","isSelected":false,"intensity":9,"isDeletable":true,"isOver":false,"isBidirectional":false,"eventLog":[{"time":1702310713865,"type":"create connection"}]},{"id":"3e58713e-9638-449f-ab76-b252fe03c458","source":"02143142-99e6-4ffa-999c-9725eb65757d","target":"5a7d88e6-5239-48e3-a7e8-9ebead933e9e","agreement":true,"isActive":true,"date":1702310734925,"kind":"Connector","isSelected":false,"intensity":3,"isDeletable":true,"isOver":false,"isBidirectional":false,"eventLog":[{"time":1702310734925,"type":"create connection"}]},{"id":"d4f7da84-50a8-4079-bf63-b11be0b9fd5f","source":"8b2377f3-46a4-4961-b9bd-7b78029407da","target":"02143142-99e6-4ffa-999c-9725eb65757d","agreement":true,"isActive":true,"date":1702310739151,"kind":"Connector","isSelected":false,"intensity":3,"isDeletable":true,"isOver":false,"isBidirectional":false,"eventLog":[{"time":1702310739151,"type":"create connection"}]},{"id":"4a929794-c1e3-4548-bc4b-cbff080354f5","source":"7d55a76c-a4d2-4689-8285-4967a47a9f93","target":"02143142-99e6-4ffa-999c-9725eb65757d","agreement":true,"isActive":true,"date":1702310740185,"kind":"Connector","isSelected":false,"intensity":3,"isDeletable":true,"isOver":false,"isBidirectional":false,"eventLog":[{"time":1702310740185,"type":"create connection"}]},{"id":"85e0ff26-670a-463e-b8af-361ff6f15ea4","source":"02143142-99e6-4ffa-999c-9725eb65757d","target":"779651fa-c6e6-4a35-ad2c-2b79441eaa74","agreement":true,"isActive":true,"date":1702310767414,"kind":"Connector","isSelected":false,"intensity":9,"isDeletable":true,"isOver":false,"isBidirectional":false,"eventLog":[{"time":1702310767414,"type":"create connection"},{"time":1702310768937,"type":"selected","value":1},{"time":1702310770588,"type":"change intensity of connector","value":9},{"time":1702310770588,"type":"selected","value":0}]},{"id":"feb7f98d-3c48-4e0a-8cae-6cb7952e0ea7","source":"20c2a130-f6c0-4efb-b101-b79b38207d98","target":"02143142-99e6-4ffa-999c-9725eb65757d","agreement":true,"isActive":true,"date":1702310814653,"kind":"Connector","isSelected":false,"intensity":3,"isDeletable":true,"isOver":false,"isBidirectional":false,"eventLog":[{"time":1702310814653,"type":"create connection"},{"time":1702310877893,"type":"selected","value":1},{"time":1702310881000,"type":"change intensity of connector","value":3},{"time":1702310881000,"type":"selected","value":0}]},{"id":"b5374ae1-37c9-4077-b1e2-aef01951c4f1","source":"6c7dbd50-54a8-4e00-9d5f-d5df4ec19639","target":"5faf98f6-90f5-4a58-ab6e-00596665bb3b","agreement":true,"isActive":true,"date":1702310852710,"kind":"Connector","isSelected":false,"intensity":3,"isDeletable":true,"isOver":false,"isBidirectional":false,"eventLog":[{"time":1702310852710,"type":"create connection"}]},{"id":"6a7cd5bf-72fe-4a55-b450-5c2994ab3628","source":"8758a5e9-76f0-4704-8a99-aef7ee121f39","target":"5faf98f6-90f5-4a58-ab6e-00596665bb3b","agreement":true,"isActive":true,"date":1702310867137,"kind":"Connector","isSelected":false,"intensity":6,"isDeletable":true,"isOver":false,"isBidirectional":false,"eventLog":[{"time":1702310867137,"type":"create connection"},{"time":1702310868401,"type":"selected","value":1},{"time":1702310871450,"type":"change intensity of connector","value":6},{"time":1702310871450,"type":"selected","value":0}]},{"id":"f2bf86e2-ae8b-4d25-9301-86048f66d308","source":"101a4efe-82b4-491b-9b74-3313fcbbe7d4","target":"5faf98f6-90f5-4a58-ab6e-00596665bb3b","agreement":true,"isActive":true,"date":1702310919764,"kind":"Connector","isSelected":false,"intensity":3,"isDeletable":true,"isOver":false,"isBidirectional":false,"eventLog":[{"time":1702310919764,"type":"create connection"}]}],"currentID":{},"currentNode":{},"hasSelectedNode":[false],"currentConnector":{},"hasSelectedConnector":[false],"readyToMove":[false],"isIncoming":[false],"hasElementMoved":[false]}
