{"idCAM":["d011cd6c-e316-4616-964b-b83dd86f7da1"],"creator":["610905a730569ffea2fbdd0b_pre"],"projectCAM":["S2_CAM part 1"],"defocusCAM":[],"date":[1702312562981],"nodes":[{"id":"098bb331-59d5-40a9-885c-c5fae8266317","value":2,"text":"social assistance robot","comment":"","position":{"x":650,"y":400},"isActive":true,"date":1702312563859,"kind":"Node","isSelected":false,"isConnectorSelected":false,"isDraggable":0,"isDeletable":0,"hasElementMoved":false,"eventLog":[{"time":1702312563859,"type":"create node","value":0},{"time":1702312580067,"type":"selected","value":1},{"time":1702312580786,"type":"selected","value":0},{"time":1702312581149,"type":"selected","value":1},{"time":1702312581566,"type":"selected","value":0},{"time":1702312582398,"type":"selected","value":1},{"time":1702312582799,"type":"selected","value":0},{"time":1702312588481,"type":"selected","value":1},{"time":1702312588883,"type":"selected","value":0},{"time":1702312589700,"type":"selected","value":1},{"time":1702312599251,"type":"value","value":2},{"time":1702312599251,"type":"selected","value":0}],"isTextChangeable":0},{"id":"444b1706-aa1f-4b7f-99c5-0f92edf32dda","value":0,"text":"disadvantages","comment":"","position":{"x":450,"y":400},"isActive":true,"date":1702312563860,"kind":"Node","isSelected":false,"isConnectorSelected":false,"isDraggable":0,"isDeletable":0,"hasElementMoved":false,"eventLog":[{"time":1702312563860,"type":"create node","value":0},{"time":1702312602497,"type":"selected","value":1},{"time":1702312607068,"type":"selected","value":0},{"time":1702312650902,"type":"selected","value":1},{"time":1702312651531,"type":"selected","value":0}],"isTextChangeable":0},{"id":"eb4b857b-fb1f-4a53-b3c7-3c873a84a110","value":0,"text":"advantages","comment":"","position":{"x":850,"y":400},"isActive":true,"date":1702312563860,"kind":"Node","isSelected":false,"isConnectorSelected":false,"isDraggable":0,"isDeletable":0,"hasElementMoved":false,"eventLog":[{"time":1702312563860,"type":"create node","value":0}],"isTextChangeable":0},{"id":"db90ebbb-96a0-4bc1-9f99-ad148e9dfd99","value":-2,"text":"increased unemployment","comment":"in the social and nursing field","position":{"x":319.5,"y":262},"isActive":true,"date":1702312611675,"kind":"Node","isSelected":false,"isConnectorSelected":false,"isDraggable":1,"isDeletable":1,"hasElementMoved":false,"eventLog":[{"time":"1702312611675","type":"create node","value":[0]},{"time":"1702312611720","type":"selected","value":[true]},{"time":"1702312640724","type":"text","value":["vermehrte Arbeitslosigkeit"]},{"time":"1702312640724","type":"value","value":[-2]},{"time":"1702312640724","type":"comment","value":["im sozialen und pflegerischen Bereich"]},{"time":"1702312640724","type":"selected","value":[false]},{"time":"2023-12-11T16:37:22.052Z","type":"position","value":{"x":[344.5],"y":[253]}},{"time":"1702312643816","type":"selected","value":[true]},{"time":"1702312646579","type":"selected","value":[false]},{"time":"2023-12-11T16:37:27.057Z","type":"position","value":{"x":[348.5],"y":[248]}},{"time":"1702312649416","type":"selected","value":[true]},{"time":"1702312650123","type":"selected","value":[false]},{"time":"2023-12-11T16:37:38.404Z","type":"position","value":{"x":[334.5],"y":[262]}}],"isTextChangeable":1},{"id":"4c669a24-e529-48a1-ac05-6730a3a84834","value":-1,"text":"false expectation","comment":"A robot simply cannot replace a human in every aspect, but only for one or more preprogrammed tasks.","position":{"x":235.5,"y":356},"isActive":true,"date":1702312662592,"kind":"Node","isSelected":false,"isConnectorSelected":false,"isDraggable":1,"isDeletable":1,"hasElementMoved":false,"eventLog":[{"time":"1702312662592","type":"create node","value":[0]},{"time":"1702312662673","type":"selected","value":[true]},{"time":"1702312674193","type":"text","value":["falsche Erwartungshaltung"]},{"time":"1702312674193","type":"value","value":[-1]},{"time":"1702312674193","type":"selected","value":[false]},{"time":"2023-12-11T16:37:56.326Z","type":"position","value":{"x":[284.5],"y":[407]}},{"time":"1702312680269","type":"selected","value":[true]},{"time":"1702312708674","type":"comment","value":["Ein Roboter kann einen Menschen halt nicht in jeder Hinsicht ersetzen, sondern nur auf eine oder mehrere vorprogrammierte Aufgaben hin"]},{"time":"1702312708674","type":"selected","value":[false]},{"time":"2023-12-11T16:39:08.900Z","type":"position","value":{"x":[257.5],"y":[412]}}],"isTextChangeable":1},{"id":"9af1485a-b0bf-4e47-a1fe-e64b799bb15a","value":10,"text":"dependence","comment":"","position":{"x":250.5,"y":489},"isActive":true,"date":1702312715968,"kind":"Node","isSelected":false,"isConnectorSelected":false,"isDraggable":1,"isDeletable":1,"hasElementMoved":false,"eventLog":[{"time":"1702312715968","type":"create node","value":[0]},{"time":"1702312716013","type":"selected","value":[true]},{"time":"1702312727067","type":"text","value":["Abhängigkeit"]},{"time":"1702312727067","type":"value","value":[10]},{"time":"1702312727067","type":"selected","value":[false]},{"time":"2023-12-11T16:38:49.099Z","type":"position","value":{"x":[328.5],"y":[490]}},{"time":"2023-12-11T16:38:54.114Z","type":"position","value":{"x":[351.5],"y":[521]}},{"time":"2023-12-11T16:39:10.531Z","type":"position","value":{"x":[320.5],"y":[540]}},{"time":"2023-12-11T16:44:31.226Z","type":"position","value":{"x":[452.5],"y":[559]}},{"time":"2023-12-11T16:44:33.873Z","type":"position","value":{"x":[366.5],"y":[555]}}],"isTextChangeable":1},{"id":"91627479-6d79-4c6e-be80-bf5378936b0a","value":10,"text":"impact human communication","comment":"The interaction with robots could influence human-to-human communication","position":{"x":541.5,"y":471},"isActive":true,"date":1702312752649,"kind":"Node","isSelected":false,"isConnectorSelected":false,"isDraggable":1,"isDeletable":1,"hasElementMoved":false,"eventLog":[{"time":"1702312752649","type":"create node","value":[0]},{"time":"1702312752755","type":"selected","value":[true]},{"time":"1702312811145","type":"text","value":["Auswirkung menschliche Kommunikation"]},{"time":"1702312811145","type":"value","value":[10]},{"time":"1702312811145","type":"comment","value":["Die Interaktion mit Robotern könnte Einfluss auf die Mensch-zu-Mensch Kommunikation nehmen"]},{"time":"1702312811145","type":"selected","value":[false]},{"time":"2023-12-11T16:44:32.641Z","type":"position","value":{"x":[286.5],"y":[488]}},{"time":"2023-12-11T16:44:32.843Z","type":"position","value":{"x":[446.5],"y":[512]}},{"time":"2023-12-11T16:44:35.844Z","type":"position","value":{"x":[501.5],"y":[503]}},{"time":"2023-12-11T16:45:09.988Z","type":"position","value":{"x":[520.5],"y":[532]}}],"isTextChangeable":1},{"id":"de2a8a74-13be-4df5-866f-e180b292b2c1","value":3,"text":"time factor","comment":"A robot that accompanies a single person has virtually endless resources for that person.","position":{"x":825.5,"y":245},"isActive":true,"date":1702312819904,"kind":"Node","isSelected":false,"isConnectorSelected":false,"isDraggable":1,"isDeletable":1,"hasElementMoved":false,"eventLog":[{"time":"1702312819904","type":"create node","value":[0]},{"time":"1702312819964","type":"selected","value":[true]},{"time":"1702312829761","type":"text","value":["Faktor Zeit"]},{"time":"1702312829761","type":"value","value":[3]},{"time":"1702312829761","type":"selected","value":[false]},{"time":"1702312831604","type":"selected","value":[true]},{"time":"1702312855354","type":"comment","value":["Ein Roboter, der einen einzigen Menschen begleitet, hat quasi endlose Ressourcen für diesen Menschen"]},{"time":"1702312855354","type":"selected","value":[false]},{"time":"2023-12-11T16:41:01.072Z","type":"position","value":{"x":[864.5],"y":[262]}},{"time":"1702312965900","type":"selected","value":[true]},{"time":"1702312966481","type":"selected","value":[false]}],"isTextChangeable":1},{"id":"cd94f091-5903-4d7e-ac0c-83833cb661f2","value":3,"text":"promote interaction","comment":"Introverted or lonely people could benefit from finding someone to talk to, or they might even be encouraged to interact more with people.","position":{"x":1102.5,"y":479},"isActive":true,"date":1702312862361,"kind":"Node","isSelected":false,"isConnectorSelected":false,"isDraggable":1,"isDeletable":1,"hasElementMoved":false,"eventLog":[{"time":"1702312862361","type":"create node","value":[0]},{"time":"1702312862442","type":"selected","value":[true]},{"time":"1702312877282","type":"text","value":["Interaktion fördern"]},{"time":"1702312877282","type":"value","value":[3]},{"time":"1702312877282","type":"selected","value":[false]},{"time":"2023-12-11T16:41:18.446Z","type":"position","value":{"x":[995.5],"y":[289]}},{"time":"1702312881205","type":"selected","value":[true]},{"time":"1702312934026","type":"comment","value":["Zurückgezogene oder einsame Menschen könnten davon profitieren, überhaupt Ansprache zu finden oder sie werden sogar animiert, auch mehr mit Menschen zu interagieren"]},{"time":"1702312934026","type":"selected","value":[false]},{"time":"2023-12-11T16:42:42.251Z","type":"position","value":{"x":[1017.5],"y":[284]}},{"time":"2023-12-11T16:43:04.347Z","type":"position","value":{"x":[1078.5],"y":[344]}},{"time":"2023-12-11T16:43:22.501Z","type":"position","value":{"x":[1088.5],"y":[434]}},{"time":"2023-12-11T16:44:37.171Z","type":"position","value":{"x":[1106.5],"y":[432]}}],"isTextChangeable":1},{"id":"a23f7593-1dd6-4f82-9e27-28737cc73254","value":3,"text":"respond to needs","comment":"","position":{"x":1019.5,"y":186},"isActive":true,"date":1702312947320,"kind":"Node","isSelected":false,"isConnectorSelected":false,"isDraggable":1,"isDeletable":1,"hasElementMoved":false,"eventLog":[{"time":"1702312947320","type":"create node","value":[0]},{"time":"1702312949340","type":"selected","value":[true]},{"time":"1702312958579","type":"text","value":["Auf Bedürfnisse eingehen"]},{"time":"1702312958579","type":"selected","value":[false]},{"time":"1702312959980","type":"selected","value":[true]},{"time":"1702312961418","type":"value","value":[3]},{"time":"1702312961418","type":"selected","value":[false]},{"time":"2023-12-11T16:42:44.427Z","type":"position","value":{"x":[1036.5],"y":[411]}},{"time":"2023-12-11T16:42:44.694Z","type":"position","value":{"x":[1013.5],"y":[261]}},{"time":"2023-12-11T16:42:49.700Z","type":"position","value":{"x":[1013.5],"y":[197]}}],"isTextChangeable":1},{"id":"2eb7a85b-888e-44a4-9066-4a61feb27177","value":3,"text":"tailored care","comment":"","position":{"x":1100.5,"y":283},"isActive":true,"date":1702312968160,"kind":"Node","isSelected":false,"isConnectorSelected":false,"isDraggable":1,"isDeletable":1,"hasElementMoved":false,"eventLog":[{"time":"1702312968160","type":"create node","value":[0]},{"time":"2023-12-11T16:42:52.171Z","type":"position","value":{"x":[981.5],"y":[282]}},{"time":"2023-12-11T16:42:52.328Z","type":"position","value":{"x":[1002.5],"y":[439]}},{"time":"1702312979011","type":"selected","value":[true]},{"time":"1702312981826","type":"selected","value":[false]},{"time":"2023-12-11T16:43:05.099Z","type":"position","value":{"x":[998.5],"y":[465]}},{"time":"2023-12-11T16:43:05.275Z","type":"position","value":{"x":[1078.5],"y":[312]}},{"time":"1702312986305","type":"selected","value":[true]},{"time":"1702312994898","type":"text","value":["zugeschnittene Betreuung"]},{"time":"1702312994898","type":"value","value":[3]},{"time":"1702312994898","type":"selected","value":[false]}],"isTextChangeable":1},{"id":"94e857d6-31a9-4ba7-8379-7defed99b7f1","value":1,"text":"creation of jobs","comment":"In industry, programming","position":{"x":621.5,"y":157},"isActive":true,"date":1702313029425,"kind":"Node","isSelected":false,"isConnectorSelected":false,"isDraggable":1,"isDeletable":1,"hasElementMoved":false,"eventLog":[{"time":"1702313029425","type":"create node","value":[0]},{"time":"1702313029517","type":"selected","value":[true]},{"time":"1702313050634","type":"text","value":["Schaffung von Arbeitsplätzen"]},{"time":"1702313050634","type":"value","value":[1]},{"time":"1702313050634","type":"comment","value":["In Industrie, Programmierung"]},{"time":"1702313050634","type":"selected","value":[false]},{"time":"2023-12-11T16:44:15.456Z","type":"position","value":{"x":[616.5],"y":[243]}},{"time":"2023-12-11T16:44:55.815Z","type":"position","value":{"x":[621.5],"y":[190]}}],"isTextChangeable":1},{"id":"d86bc961-7e0b-412b-aa5b-c789878ff72b","value":3,"text":"freedom and independence","comment":"People who were previously dependent on the care of another person could feel more self-determined again because they are getting help or support from a robot.","position":{"x":795.5,"y":608},"isActive":true,"date":1702313112544,"kind":"Node","isSelected":false,"isConnectorSelected":false,"isDraggable":1,"isDeletable":1,"hasElementMoved":false,"eventLog":[{"time":"1702313112544","type":"create node","value":[0]},{"time":"2023-12-11T16:45:13.796Z","type":"position","value":{"x":[811.5],"y":[532]}},{"time":"1702313114940","type":"selected","value":[true]},{"time":"1702313196818","type":"text","value":["Freiheit und Unabhängigkeit"]},{"time":"1702313196818","type":"value","value":[3]},{"time":"1702313196818","type":"comment","value":["Menschen, die früher auf Pflege eines Menschen angewiesen waren, könnten sich wieder selbstbestimmter fühlen, weil sie sich von einem Roboter helfen oder unterstützen lassen"]},{"time":"1702313196818","type":"selected","value":[false]},{"time":"2023-12-11T16:46:39.184Z","type":"position","value":{"x":[803.5],"y":[572]}}],"isTextChangeable":1},{"id":"184ab27e-e012-472f-881d-d5958b8ede0e","value":3,"text":"reduce shame","comment":"Above all, elderly people hesitate to ask for help because they are too proud to accept support from a caregiver, feel ashamed to expose themselves to this person, and so on.","position":{"x":973.5,"y":588},"isActive":true,"date":1702313206640,"kind":"Node","isSelected":false,"isConnectorSelected":false,"isDraggable":1,"isDeletable":1,"hasElementMoved":false,"eventLog":[{"time":"1702313206640","type":"create node","value":[0]},{"time":"1702313207946","type":"selected","value":[true]},{"time":"1702313258466","type":"text","value":["Scham reduzieren"]},{"time":"1702313258466","type":"value","value":[3]},{"time":"1702313258466","type":"comment","value":["Vor allem alte Menschen scheuen sich davor, Hilfe in Anspruch zu nehmen, weil sie zu stolz sind, sich von einer pflegenden Person unterstützen zu lassen, sich schämen, sich vor dieser Person entblößen zu müssen und so weiter"]},{"time":"1702313258466","type":"selected","value":[false]},{"time":"2023-12-11T16:47:39.019Z","type":"position","value":{"x":[917.5],"y":[561]}}],"isTextChangeable":1}],"connectors":[{"id":"738011a8-1685-4f11-ba8c-6453620f1c51","source":"098bb331-59d5-40a9-885c-c5fae8266317","target":"444b1706-aa1f-4b7f-99c5-0f92edf32dda","agreement":true,"isActive":true,"date":1702312563861,"kind":"Connector","isSelected":false,"intensity":3,"isDeletable":false,"isOver":false,"isBidirectional":false,"eventLog":[{"time":1702312563861,"type":"create connection"}]},{"id":"5dd8fab1-85b8-431d-9d3f-5161fa2249a6","source":"098bb331-59d5-40a9-885c-c5fae8266317","target":"eb4b857b-fb1f-4a53-b3c7-3c873a84a110","agreement":true,"isActive":true,"date":1702312563861,"kind":"Connector","isSelected":false,"intensity":3,"isDeletable":true,"isOver":false,"isBidirectional":false,"eventLog":[{"time":1702312563861,"type":"create connection"}]},{"id":"b545d677-0014-4fab-ac7f-b0f18e37d893","source":"444b1706-aa1f-4b7f-99c5-0f92edf32dda","target":"db90ebbb-96a0-4bc1-9f99-ad148e9dfd99","agreement":true,"isActive":true,"date":1702312652463,"kind":"Connector","isSelected":false,"intensity":3,"isDeletable":true,"isOver":false,"isBidirectional":false,"eventLog":[{"time":1702312652463,"type":"create connection"}]},{"id":"fc695658-9202-4a96-babc-5e3337307e1e","source":"444b1706-aa1f-4b7f-99c5-0f92edf32dda","target":"4c669a24-e529-48a1-ac05-6730a3a84834","agreement":true,"isActive":true,"date":1702312675588,"kind":"Connector","isSelected":false,"intensity":3,"isDeletable":true,"isOver":false,"isBidirectional":false,"eventLog":[{"time":1702312675588,"type":"create connection"}]},{"id":"52ccf202-2eb6-465e-b90f-01ee9d555ae7","source":"444b1706-aa1f-4b7f-99c5-0f92edf32dda","target":"9af1485a-b0bf-4e47-a1fe-e64b799bb15a","agreement":true,"isActive":true,"date":1702312732049,"kind":"Connector","isSelected":false,"intensity":3,"isDeletable":true,"isOver":false,"isBidirectional":false,"eventLog":[{"time":1702312732049,"type":"create connection"}]},{"id":"d86b5ab1-b3c0-48ac-8886-f4a7424e3f3b","source":"444b1706-aa1f-4b7f-99c5-0f92edf32dda","target":"91627479-6d79-4c6e-be80-bf5378936b0a","agreement":true,"isActive":true,"date":1702312813252,"kind":"Connector","isSelected":false,"intensity":3,"isDeletable":true,"isOver":false,"isBidirectional":false,"eventLog":[{"time":1702312813253,"type":"create connection"}]},{"id":"c53559a6-ea6f-4006-aebd-ec5733dda081","source":"eb4b857b-fb1f-4a53-b3c7-3c873a84a110","target":"de2a8a74-13be-4df5-866f-e180b292b2c1","agreement":true,"isActive":true,"date":1702312830775,"kind":"Connector","isSelected":false,"intensity":3,"isDeletable":true,"isOver":false,"isBidirectional":false,"eventLog":[{"time":1702312830775,"type":"create connection"}]},{"id":"22d21e16-8806-4ce6-8aff-027f99100e7e","source":"eb4b857b-fb1f-4a53-b3c7-3c873a84a110","target":"cd94f091-5903-4d7e-ac0c-83833cb661f2","agreement":true,"isActive":true,"date":1702312879936,"kind":"Connector","isSelected":false,"intensity":3,"isDeletable":true,"isOver":false,"isBidirectional":false,"eventLog":[{"time":1702312879936,"type":"create connection"}]},{"id":"784ba158-d0f4-44d2-9c13-3fa050099c72","source":"de2a8a74-13be-4df5-866f-e180b292b2c1","target":"a23f7593-1dd6-4f82-9e27-28737cc73254","agreement":true,"isActive":true,"date":1702312967492,"kind":"Connector","isSelected":false,"intensity":3,"isDeletable":true,"isOver":false,"isBidirectional":false,"eventLog":[{"time":1702312967492,"type":"create connection"}]},{"id":"e07c6af0-3d10-4b8e-ae62-3d3e745496ee","source":"a23f7593-1dd6-4f82-9e27-28737cc73254","target":"2eb7a85b-888e-44a4-9066-4a61feb27177","agreement":true,"isActive":true,"date":1702312999112,"kind":"Connector","isSelected":false,"intensity":3,"isDeletable":true,"isOver":false,"isBidirectional":false,"eventLog":[{"time":1702312999112,"type":"create connection"}]},{"id":"f1924f3d-73f9-4b84-9397-540940dd4be8","source":"de2a8a74-13be-4df5-866f-e180b292b2c1","target":"2eb7a85b-888e-44a4-9066-4a61feb27177","agreement":true,"isActive":true,"date":1702313000564,"kind":"Connector","isSelected":false,"intensity":3,"isDeletable":true,"isOver":false,"isBidirectional":false,"eventLog":[{"time":1702313000564,"type":"create connection"}]},{"id":"65296489-6fb7-4934-8c46-3c1b61a59e24","source":"eb4b857b-fb1f-4a53-b3c7-3c873a84a110","target":"94e857d6-31a9-4ba7-8379-7defed99b7f1","agreement":true,"isActive":true,"date":1702313051676,"kind":"Connector","isSelected":false,"intensity":3,"isDeletable":true,"isOver":false,"isBidirectional":false,"eventLog":[{"time":1702313051676,"type":"create connection"}]},{"id":"3995da0e-d427-4970-8b48-d88b14fb12b7","source":"db90ebbb-96a0-4bc1-9f99-ad148e9dfd99","target":"94e857d6-31a9-4ba7-8379-7defed99b7f1","agreement":true,"isActive":true,"date":1702313053340,"kind":"Connector","isSelected":false,"intensity":3,"isDeletable":true,"isOver":false,"isBidirectional":false,"eventLog":[{"time":1702313053340,"type":"create connection"}]},{"id":"95605f84-92bd-4d83-81bb-54fa01d7dcac","source":"91627479-6d79-4c6e-be80-bf5378936b0a","target":"cd94f091-5903-4d7e-ac0c-83833cb661f2","agreement":true,"isActive":true,"date":1702313079340,"kind":"Connector","isSelected":false,"intensity":3,"isDeletable":true,"isOver":false,"isBidirectional":false,"eventLog":[{"time":1702313079340,"type":"create connection"}]},{"id":"106673c8-6152-4513-90cf-62e4e24fbc12","source":"eb4b857b-fb1f-4a53-b3c7-3c873a84a110","target":"d86bc961-7e0b-412b-aa5b-c789878ff72b","agreement":true,"isActive":true,"date":1702313198500,"kind":"Connector","isSelected":false,"intensity":3,"isDeletable":true,"isOver":false,"isBidirectional":false,"eventLog":[{"time":1702313198500,"type":"create connection"}]},{"id":"3f5dfd71-54be-41e0-9344-d2e6c47688fb","source":"9af1485a-b0bf-4e47-a1fe-e64b799bb15a","target":"d86bc961-7e0b-412b-aa5b-c789878ff72b","agreement":true,"isActive":true,"date":1702313201218,"kind":"Connector","isSelected":false,"intensity":3,"isDeletable":true,"isOver":false,"isBidirectional":false,"eventLog":[{"time":1702313201218,"type":"create connection"}]},{"id":"cb553cb6-6420-4de6-a5d9-19bb964db011","source":"d86bc961-7e0b-412b-aa5b-c789878ff72b","target":"184ab27e-e012-472f-881d-d5958b8ede0e","agreement":true,"isActive":true,"date":1702313260364,"kind":"Connector","isSelected":false,"intensity":3,"isDeletable":true,"isOver":false,"isBidirectional":false,"eventLog":[{"time":1702313260364,"type":"create connection"}]}],"currentID":{},"currentNode":{},"hasSelectedNode":[false],"currentConnector":{},"hasSelectedConnector":[false],"readyToMove":[false],"isIncoming":[false],"hasElementMoved":[false]}
