{"idCAM":["19651a55-eede-4bcc-9b61-53a60b8f8867"],"creator":["610905a730569ffea2fbdd0b_post"],"projectCAM":["S2_CAM part 2"],"defocusCAM":[],"date":[1702313382165],"nodes":[{"id":"17bf4782-e5aa-45c1-9027-8e0037e916d7","value":2,"text":"social assistance robot","comment":"","position":{"x":650,"y":400},"isActive":true,"date":1702313383088,"kind":"Node","isSelected":false,"isConnectorSelected":false,"isDraggable":0,"isDeletable":0,"hasElementMoved":false,"eventLog":[{"time":1702313383088,"type":"create node","value":2}],"isTextChangeable":0},{"id":"bc337bf5-5b68-40e7-854d-05fac83fcbf9","value":0,"text":"disadvantages","comment":"","position":{"x":450,"y":400},"isActive":true,"date":1702313383089,"kind":"Node","isSelected":false,"isConnectorSelected":false,"isDraggable":0,"isDeletable":0,"hasElementMoved":false,"eventLog":[{"time":1702313383089,"type":"create node","value":0}],"isTextChangeable":0},{"id":"c508f595-f8df-43ba-ae0e-52db81afc522","value":0,"text":"advantages","comment":"","position":{"x":850,"y":400},"isActive":true,"date":1702313383089,"kind":"Node","isSelected":false,"isConnectorSelected":false,"isDraggable":0,"isDeletable":0,"hasElementMoved":false,"eventLog":[{"time":1702313383089,"type":"create node","value":0}],"isTextChangeable":0},{"id":"e380e755-476d-4925-8d4a-41dc7a568caa","value":-2,"text":"increased unemployment","comment":"","position":{"x":319.5,"y":262},"isActive":true,"date":1702313383089,"kind":"Node","isSelected":false,"isConnectorSelected":false,"isDraggable":1,"isDeletable":1,"hasElementMoved":false,"eventLog":[{"time":1702313383089,"type":"create node","value":-2}],"isTextChangeable":1},{"id":"5f781763-f6d5-431c-9afe-7dd027d2224a","value":-1,"text":"false expectation","comment":"","position":{"x":235.5,"y":356},"isActive":true,"date":1702313383090,"kind":"Node","isSelected":false,"isConnectorSelected":false,"isDraggable":1,"isDeletable":1,"hasElementMoved":false,"eventLog":[{"time":1702313383090,"type":"create node","value":-1}],"isTextChangeable":1},{"id":"99add702-0e5e-461d-bffb-1de12c472cbc","value":10,"text":"dependence","comment":"","position":{"x":250.5,"y":489},"isActive":true,"date":1702313383090,"kind":"Node","isSelected":false,"isConnectorSelected":false,"isDraggable":1,"isDeletable":1,"hasElementMoved":false,"eventLog":[{"time":1702313383090,"type":"create node","value":10}],"isTextChangeable":1},{"id":"03b72b14-260f-4d4d-8d49-1edc3d257765","value":10,"text":"impact human communication","comment":"","position":{"x":541.5,"y":471},"isActive":true,"date":1702313383090,"kind":"Node","isSelected":false,"isConnectorSelected":false,"isDraggable":1,"isDeletable":1,"hasElementMoved":false,"eventLog":[{"time":1702313383090,"type":"create node","value":10}],"isTextChangeable":1},{"id":"f5883125-70d5-4db7-b828-e5d0296b4813","value":3,"text":"time factor","comment":"","position":{"x":825.5,"y":245},"isActive":true,"date":1702313383090,"kind":"Node","isSelected":false,"isConnectorSelected":false,"isDraggable":1,"isDeletable":1,"hasElementMoved":false,"eventLog":[{"time":1702313383090,"type":"create node","value":3}],"isTextChangeable":1},{"id":"8bf3823a-5552-46cc-8710-7410f3059296","value":3,"text":"promote interaction","comment":"","position":{"x":1102.5,"y":551},"isActive":true,"date":1702313383091,"kind":"Node","isSelected":false,"isConnectorSelected":false,"isDraggable":1,"isDeletable":1,"hasElementMoved":false,"eventLog":[{"time":"1702313383091","type":"create node","value":[3]},{"time":"2023-12-11T16:50:43.215Z","type":"position","value":{"x":[1096.5],"y":[500]}}],"isTextChangeable":1},{"id":"82cc8bf8-ac2b-4196-b02c-3e80bb957f25","value":3,"text":"respond to needs","comment":"","position":{"x":1019.5,"y":186},"isActive":true,"date":1702313383091,"kind":"Node","isSelected":false,"isConnectorSelected":false,"isDraggable":1,"isDeletable":1,"hasElementMoved":false,"eventLog":[{"time":1702313383091,"type":"create node","value":3}],"isTextChangeable":1},{"id":"ff5205d5-940a-48c2-ab13-da3db45701d9","value":3,"text":"tailored care","comment":"","position":{"x":1100.5,"y":283},"isActive":true,"date":1702313383091,"kind":"Node","isSelected":false,"isConnectorSelected":false,"isDraggable":1,"isDeletable":1,"hasElementMoved":false,"eventLog":[{"time":1702313383091,"type":"create node","value":3}],"isTextChangeable":1},{"id":"4a3bc142-6c22-4d17-81e0-b4c37e9299a5","value":1,"text":"creation of jobs","comment":"","position":{"x":621.5,"y":157},"isActive":true,"date":1702313383091,"kind":"Node","isSelected":false,"isConnectorSelected":false,"isDraggable":1,"isDeletable":1,"hasElementMoved":false,"eventLog":[{"time":1702313383091,"type":"create node","value":1}],"isTextChangeable":1},{"id":"409c2725-1c56-4556-a676-d5af7de0113d","value":3,"text":"freedom and independence","comment":"","position":{"x":795.5,"y":608},"isActive":true,"date":1702313383092,"kind":"Node","isSelected":false,"isConnectorSelected":false,"isDraggable":1,"isDeletable":1,"hasElementMoved":false,"eventLog":[{"time":1702313383092,"type":"create node","value":3}],"isTextChangeable":1},{"id":"d27e742f-8959-4395-af02-af65de015e18","value":3,"text":"reduce shame","comment":"","position":{"x":973.5,"y":588},"isActive":true,"date":1702313383092,"kind":"Node","isSelected":false,"isConnectorSelected":false,"isDraggable":1,"isDeletable":1,"hasElementMoved":false,"eventLog":[{"time":1702313383092,"type":"create node","value":3}],"isTextChangeable":1},{"id":"cbf63874-b25a-4b90-b537-ff10824bf923","value":-2,"text":"fear through strangeness","comment":"Above all, older people could be confused by the concept of 'robots'","position":{"x":518.5,"y":260},"isActive":true,"date":1702313388775,"kind":"Node","isSelected":false,"isConnectorSelected":false,"isDraggable":1,"isDeletable":1,"hasElementMoved":false,"eventLog":[{"time":"1702313388775","type":"create node","value":[0]},{"time":"1702313388829","type":"selected","value":[true]},{"time":"1702313403874","type":"text","value":["Angst durch Fremdheit"]},{"time":"1702313403874","type":"value","value":[-2]},{"time":"1702313403874","type":"selected","value":[false]},{"time":"2023-12-11T16:50:05.540Z","type":"position","value":{"x":[486.5],"y":[255]}},{"time":"1702313408400","type":"selected","value":[true]},{"time":"1702313426858","type":"comment","value":["Vor allem alte Menschen könnten von dem Konzept \"Roboter\" verwirrt sein"]},{"time":"1702313426858","type":"selected","value":[false]}],"isTextChangeable":1},{"id":"d7b896e2-8645-4c28-aeab-58cf8e4cd94d","value":3,"text":"friendly appearance demeanor","comment":"","position":{"x":1186.5,"y":388},"isActive":true,"date":1702313444263,"kind":"Node","isSelected":false,"isConnectorSelected":false,"isDraggable":1,"isDeletable":1,"hasElementMoved":false,"eventLog":[{"time":"1702313444263","type":"create node","value":[0]},{"time":"1702313444366","type":"selected","value":[true]},{"time":"1702313475915","type":"text","value":["freundliches Aussehen Auftreten"]},{"time":"1702313475915","type":"value","value":[3]},{"time":"1702313475915","type":"selected","value":[false]},{"time":"2023-12-11T16:51:16.383Z","type":"position","value":{"x":[1137.5],"y":[437]}},{"time":"2023-12-11T16:51:26.981Z","type":"position","value":{"x":[1141.5],"y":[385]}},{"time":"2023-12-11T16:51:39.868Z","type":"position","value":{"x":[1177.5],"y":[386]}}],"isTextChangeable":1},{"id":"e6982851-0ac2-4512-b772-097ff135d61a","value":3,"text":"cuddliness","comment":"Both older people and children would be attracted to a soft appearance and the corresponding gentleness.","position":{"x":1037.5,"y":380},"isActive":true,"date":1702313504320,"kind":"Node","isSelected":false,"isConnectorSelected":false,"isDraggable":1,"isDeletable":1,"hasElementMoved":false,"eventLog":[{"time":1702313504320,"type":"create node","value":"0"},{"time":1702313504404,"type":"selected","value":"TRUE"},{"time":1702313549355,"type":"text","value":"Knuddeligkeit"},{"time":1702313549355,"type":"value","value":"3"},{"time":1702313549355,"type":"comment","value":"Sowohl ältere Menschen als auch Kinder würden von einem soften Aussehen angesprochen werden und der entsprechenden Sanftheit"},{"time":1702313549355,"type":"selected","value":"FALSE"}],"isTextChangeable":1},{"id":"0599e105-409a-4ff1-9825-25bf41cd3075","value":0,"text":"","comment":"","position":{"x":296.5,"y":567},"isActive":false,"date":1702313605591,"kind":"Node","isSelected":false,"isConnectorSelected":false,"isDraggable":1,"isDeletable":1,"hasElementMoved":false,"eventLog":[{"time":1702313605591,"type":"create node","value":0},{"time":1702313605649,"type":"selected","value":1},{"time":1702313616847,"type":"node was deleted","value":-99}],"isTextChangeable":1}],"connectors":[{"id":"d774f5a2-524a-4a82-9d08-c06a9d399f3e","source":"17bf4782-e5aa-45c1-9027-8e0037e916d7","target":"bc337bf5-5b68-40e7-854d-05fac83fcbf9","agreement":true,"isActive":true,"date":1702313383093,"kind":"Connector","isSelected":false,"intensity":3,"isDeletable":false,"isOver":false,"isBidirectional":false,"eventLog":[{"time":1702313383094,"type":"create connection"}]},{"id":"d19b5441-46d2-4b31-9e61-e7680462af5c","source":"17bf4782-e5aa-45c1-9027-8e0037e916d7","target":"c508f595-f8df-43ba-ae0e-52db81afc522","agreement":true,"isActive":true,"date":1702313383095,"kind":"Connector","isSelected":false,"intensity":3,"isDeletable":true,"isOver":false,"isBidirectional":false,"eventLog":[{"time":1702313383095,"type":"create connection"}]},{"id":"d9a36780-9de3-4fee-8997-792c623264a6","source":"bc337bf5-5b68-40e7-854d-05fac83fcbf9","target":"e380e755-476d-4925-8d4a-41dc7a568caa","agreement":true,"isActive":true,"date":1702313383096,"kind":"Connector","isSelected":false,"intensity":3,"isDeletable":true,"isOver":false,"isBidirectional":false,"eventLog":[{"time":1702313383096,"type":"create connection"}]},{"id":"478bf842-2814-4445-9ef6-02db33cc55e5","source":"bc337bf5-5b68-40e7-854d-05fac83fcbf9","target":"5f781763-f6d5-431c-9afe-7dd027d2224a","agreement":true,"isActive":true,"date":1702313383097,"kind":"Connector","isSelected":false,"intensity":3,"isDeletable":true,"isOver":false,"isBidirectional":false,"eventLog":[{"time":1702313383097,"type":"create connection"}]},{"id":"5e614be1-417c-4f4f-ac26-a0ad3045e02e","source":"bc337bf5-5b68-40e7-854d-05fac83fcbf9","target":"99add702-0e5e-461d-bffb-1de12c472cbc","agreement":true,"isActive":true,"date":1702313383098,"kind":"Connector","isSelected":false,"intensity":3,"isDeletable":true,"isOver":false,"isBidirectional":false,"eventLog":[{"time":1702313383098,"type":"create connection"}]},{"id":"f00ad6d3-5c44-46d2-9e90-53fff228675b","source":"bc337bf5-5b68-40e7-854d-05fac83fcbf9","target":"03b72b14-260f-4d4d-8d49-1edc3d257765","agreement":true,"isActive":true,"date":1702313383099,"kind":"Connector","isSelected":false,"intensity":3,"isDeletable":true,"isOver":false,"isBidirectional":false,"eventLog":[{"time":1702313383099,"type":"create connection"}]},{"id":"568af9c6-4e07-4e0a-aef5-a77b929fba87","source":"c508f595-f8df-43ba-ae0e-52db81afc522","target":"f5883125-70d5-4db7-b828-e5d0296b4813","agreement":true,"isActive":true,"date":1702313383099,"kind":"Connector","isSelected":false,"intensity":3,"isDeletable":true,"isOver":false,"isBidirectional":false,"eventLog":[{"time":1702313383099,"type":"create connection"}]},{"id":"19decc2f-ef68-4d97-ba1b-63764c3f9e56","source":"c508f595-f8df-43ba-ae0e-52db81afc522","target":"8bf3823a-5552-46cc-8710-7410f3059296","agreement":true,"isActive":true,"date":1702313383100,"kind":"Connector","isSelected":false,"intensity":3,"isDeletable":true,"isOver":false,"isBidirectional":false,"eventLog":[{"time":1702313383100,"type":"create connection"}]},{"id":"e8af3131-9499-4a6b-b392-532c3c5f107f","source":"f5883125-70d5-4db7-b828-e5d0296b4813","target":"82cc8bf8-ac2b-4196-b02c-3e80bb957f25","agreement":true,"isActive":true,"date":1702313383102,"kind":"Connector","isSelected":false,"intensity":3,"isDeletable":true,"isOver":false,"isBidirectional":false,"eventLog":[{"time":1702313383102,"type":"create connection"}]},{"id":"eaea60c0-9404-4a83-8825-5e248a7bc916","source":"82cc8bf8-ac2b-4196-b02c-3e80bb957f25","target":"ff5205d5-940a-48c2-ab13-da3db45701d9","agreement":true,"isActive":true,"date":1702313383103,"kind":"Connector","isSelected":false,"intensity":3,"isDeletable":true,"isOver":false,"isBidirectional":false,"eventLog":[{"time":1702313383103,"type":"create connection"}]},{"id":"5e24270f-a850-4d11-ada5-0377eead8e1a","source":"f5883125-70d5-4db7-b828-e5d0296b4813","target":"ff5205d5-940a-48c2-ab13-da3db45701d9","agreement":true,"isActive":true,"date":1702313383104,"kind":"Connector","isSelected":false,"intensity":3,"isDeletable":true,"isOver":false,"isBidirectional":false,"eventLog":[{"time":1702313383104,"type":"create connection"}]},{"id":"37e718f9-2129-4613-850b-2670ab0e95c3","source":"c508f595-f8df-43ba-ae0e-52db81afc522","target":"4a3bc142-6c22-4d17-81e0-b4c37e9299a5","agreement":true,"isActive":true,"date":1702313383105,"kind":"Connector","isSelected":false,"intensity":3,"isDeletable":true,"isOver":false,"isBidirectional":false,"eventLog":[{"time":1702313383105,"type":"create connection"}]},{"id":"26126b9e-5c73-4251-b36e-4cd88d15f84e","source":"e380e755-476d-4925-8d4a-41dc7a568caa","target":"4a3bc142-6c22-4d17-81e0-b4c37e9299a5","agreement":true,"isActive":true,"date":1702313383106,"kind":"Connector","isSelected":false,"intensity":3,"isDeletable":true,"isOver":false,"isBidirectional":false,"eventLog":[{"time":1702313383106,"type":"create connection"}]},{"id":"4436d582-4ffe-4b50-94bd-a669f666e28a","source":"03b72b14-260f-4d4d-8d49-1edc3d257765","target":"8bf3823a-5552-46cc-8710-7410f3059296","agreement":true,"isActive":true,"date":1702313383107,"kind":"Connector","isSelected":false,"intensity":3,"isDeletable":true,"isOver":false,"isBidirectional":false,"eventLog":[{"time":1702313383107,"type":"create connection"}]},{"id":"261b01f2-8c25-4063-a519-7639b9a8148b","source":"c508f595-f8df-43ba-ae0e-52db81afc522","target":"409c2725-1c56-4556-a676-d5af7de0113d","agreement":true,"isActive":true,"date":1702313383108,"kind":"Connector","isSelected":false,"intensity":3,"isDeletable":true,"isOver":false,"isBidirectional":false,"eventLog":[{"time":1702313383108,"type":"create connection"}]},{"id":"96b0d74a-d306-4b88-bf52-872621337b52","source":"99add702-0e5e-461d-bffb-1de12c472cbc","target":"409c2725-1c56-4556-a676-d5af7de0113d","agreement":true,"isActive":true,"date":1702313383109,"kind":"Connector","isSelected":false,"intensity":3,"isDeletable":true,"isOver":false,"isBidirectional":false,"eventLog":[{"time":1702313383109,"type":"create connection"}]},{"id":"dee45aea-1ead-4002-83ac-916f054009e2","source":"409c2725-1c56-4556-a676-d5af7de0113d","target":"d27e742f-8959-4395-af02-af65de015e18","agreement":true,"isActive":true,"date":1702313383110,"kind":"Connector","isSelected":false,"intensity":3,"isDeletable":true,"isOver":false,"isBidirectional":false,"eventLog":[{"time":1702313383110,"type":"create connection"}]},{"id":"55a3af9d-db32-4bfb-a9a3-6f22410027aa","source":"bc337bf5-5b68-40e7-854d-05fac83fcbf9","target":"cbf63874-b25a-4b90-b537-ff10824bf923","agreement":true,"isActive":true,"date":1702313407298,"kind":"Connector","isSelected":false,"intensity":3,"isDeletable":true,"isOver":false,"isBidirectional":false,"eventLog":[{"time":1702313407298,"type":"create connection"}]},{"id":"ea1224ab-659b-45c8-9211-1d392eaabfaf","source":"d7b896e2-8645-4c28-aeab-58cf8e4cd94d","target":"8bf3823a-5552-46cc-8710-7410f3059296","agreement":true,"isActive":true,"date":1702313481459,"kind":"Connector","isSelected":false,"intensity":3,"isDeletable":true,"isOver":false,"isBidirectional":false,"eventLog":[{"time":1702313481459,"type":"create connection"}]},{"id":"29206a48-88c1-480a-b464-bdb6a2aa9d74","source":"ff5205d5-940a-48c2-ab13-da3db45701d9","target":"d7b896e2-8645-4c28-aeab-58cf8e4cd94d","agreement":true,"isActive":true,"date":1702313492073,"kind":"Connector","isSelected":false,"intensity":3,"isDeletable":true,"isOver":false,"isBidirectional":false,"eventLog":[{"time":1702313492073,"type":"create connection"}]},{"id":"3fd6001a-533a-4d7e-ae91-74130d7a35bc","source":"d7b896e2-8645-4c28-aeab-58cf8e4cd94d","target":"e6982851-0ac2-4512-b772-097ff135d61a","agreement":true,"isActive":true,"date":1702313550763,"kind":"Connector","isSelected":false,"intensity":3,"isDeletable":true,"isOver":false,"isBidirectional":false,"eventLog":[{"time":1702313550763,"type":"create connection"}]}],"currentID":{},"currentNode":{},"hasSelectedNode":[false],"currentConnector":{},"hasSelectedConnector":[false],"readyToMove":[false],"isIncoming":[false],"hasElementMoved":[false]}
