{"idCAM":["5a268fa4-fe21-4dd8-a37a-7fde53fe8c35"],"creator":["611ba1976cd48fdde1f9edd3_post"],"projectCAM":["S2_CAM part 2"],"defocusCAM":[null],"date":[1702311408939],"nodes":[{"id":"4c20565c-bab7-4354-abe3-adddb07435e4","value":10,"text":"rescue robot","comment":"","position":{"x":650,"y":400},"isActive":true,"date":1702311409615,"kind":"Node","isSelected":false,"isConnectorSelected":false,"isDraggable":0,"isDeletable":0,"hasElementMoved":false,"eventLog":[{"time":1702311409615,"type":"create node","value":10}],"isTextChangeable":0},{"id":"03ea8755-d2d8-490c-9ee4-7abdf84db32e","value":-3,"text":"disadvantages","comment":"","position":{"x":450,"y":400},"isActive":true,"date":1702311409615,"kind":"Node","isSelected":false,"isConnectorSelected":false,"isDraggable":0,"isDeletable":0,"hasElementMoved":false,"eventLog":[{"time":1702311409615,"type":"create node","value":-3}],"isTextChangeable":0},{"id":"c38249f4-69e9-47cd-8afb-6b926999a743","value":3,"text":"advantages","comment":"","position":{"x":850,"y":400},"isActive":true,"date":1702311409616,"kind":"Node","isSelected":false,"isConnectorSelected":false,"isDraggable":0,"isDeletable":0,"hasElementMoved":false,"eventLog":[{"time":1702311409616,"type":"create node","value":3}],"isTextChangeable":0},{"id":"25266fdb-adfa-4572-a639-20102e22dd76","value":2,"text":"use dangerous situations","comment":"","position":{"x":861,"y":230.3333},"isActive":true,"date":1702311409616,"kind":"Node","isSelected":false,"isConnectorSelected":false,"isDraggable":1,"isDeletable":1,"hasElementMoved":false,"eventLog":[{"time":1702311409616,"type":"create node","value":2}],"isTextChangeable":1},{"id":"5666a75e-c84a-4115-adae-6fad743a30fb","value":-2,"text":"costs","comment":"","position":{"x":372,"y":216.3333},"isActive":true,"date":1702311409616,"kind":"Node","isSelected":false,"isConnectorSelected":false,"isDraggable":1,"isDeletable":1,"hasElementMoved":false,"eventLog":[{"time":1702311409616,"type":"create node","value":-2}],"isTextChangeable":1},{"id":"0b1f2631-dc03-44c7-a251-c54d0a142bfb","value":-2,"text":"control over robot actions","comment":"","position":{"x":187,"y":416.3333},"isActive":true,"date":1702311409616,"kind":"Node","isSelected":false,"isConnectorSelected":false,"isDraggable":1,"isDeletable":1,"hasElementMoved":false,"eventLog":[{"time":1702311409616,"type":"create node","value":-2}],"isTextChangeable":1},{"id":"952d75eb-9e3e-47a9-9132-471eb9f0098d","value":-3,"text":"potential of hacking","comment":"","position":{"x":405,"y":540.3333},"isActive":true,"date":1702311409616,"kind":"Node","isSelected":false,"isConnectorSelected":false,"isDraggable":1,"isDeletable":1,"hasElementMoved":false,"eventLog":[{"time":1702311409616,"type":"create node","value":-3}],"isTextChangeable":1},{"id":"ee3eaccc-cd43-47eb-b714-fda4786034c1","value":1,"text":"more strength","comment":"","position":{"x":984,"y":288.3333},"isActive":true,"date":1702311409616,"kind":"Node","isSelected":false,"isConnectorSelected":false,"isDraggable":1,"isDeletable":1,"hasElementMoved":false,"eventLog":[{"time":1702311409616,"type":"create node","value":3},{"time":1702311488978,"type":"selected","value":1},{"time":1702311490748,"type":"value","value":1},{"time":1702311490748,"type":"selected","value":0}],"isTextChangeable":1},{"id":"8fb2d88a-6389-4aae-b527-05402fc10855","value":1,"text":"autonomous action","comment":"","position":{"x":958,"y":472.3333},"isActive":true,"date":1702311409616,"kind":"Node","isSelected":false,"isConnectorSelected":false,"isDraggable":1,"isDeletable":1,"hasElementMoved":false,"eventLog":[{"time":1702311409616,"type":"create node","value":1}],"isTextChangeable":1},{"id":"3e9f66a3-e45f-41e5-9047-164caffdd688","value":-3,"text":"abuse of the robot","comment":"","position":{"x":245,"y":308.3333},"isActive":true,"date":1702311409617,"kind":"Node","isSelected":false,"isConnectorSelected":false,"isDraggable":1,"isDeletable":1,"hasElementMoved":false,"eventLog":[{"time":1702311409617,"type":"create node","value":-3}],"isTextChangeable":1},{"id":"5788185e-16ec-406b-8478-9869f24fa4dd","value":2,"text":"can act quickly","comment":"","position":{"x":776,"y":554.3333},"isActive":true,"date":1702311409617,"kind":"Node","isSelected":false,"isConnectorSelected":false,"isDraggable":1,"isDeletable":1,"hasElementMoved":false,"eventLog":[{"time":1702311409617,"type":"create node","value":2}],"isTextChangeable":1},{"id":"8f9e458b-29a7-49be-9a20-7fbb7c295591","value":-1,"text":"research","comment":"","position":{"x":573,"y":250.3333},"isActive":true,"date":1702311409617,"kind":"Node","isSelected":false,"isConnectorSelected":false,"isDraggable":1,"isDeletable":1,"hasElementMoved":false,"eventLog":[{"time":1702311409617,"type":"create node","value":-1}],"isTextChangeable":1},{"id":"94d47724-f03c-4ab4-bc82-e385938b8ed7","value":3,"text":"provision of services","comment":"","position":{"x":1155,"y":340.3333},"isActive":true,"date":1702311409617,"kind":"Node","isSelected":false,"isConnectorSelected":false,"isDraggable":1,"isDeletable":1,"hasElementMoved":false,"eventLog":[{"time":1702311409617,"type":"create node","value":3}],"isTextChangeable":1},{"id":"f5af3d67-61dd-4499-b2de-f3a22ce38cab","value":3,"text":"bring essential supplies","comment":"","position":{"x":726,"y":263.3333},"isActive":true,"date":1702311411654,"kind":"Node","isSelected":false,"isConnectorSelected":false,"isDraggable":1,"isDeletable":1,"hasElementMoved":false,"eventLog":[{"time":1702311411655,"type":"create node","value":"0"},{"time":1702311412249,"type":"selected","value":"TRUE"},{"time":1702311436674,"type":"text","value":"lebenswichtige Versorgungsgüter bringen"},{"time":1702311436674,"type":"value","value":"3"},{"time":1702311436674,"type":"selected","value":"FALSE"}],"isTextChangeable":1},{"id":"bc450013-5f3f-40a0-be7f-26c03a645fca","value":2,"text":"flexible","comment":"","position":{"x":914,"y":657.3333},"isActive":true,"date":1702311446397,"kind":"Node","isSelected":false,"isConnectorSelected":false,"isDraggable":1,"isDeletable":1,"hasElementMoved":false,"eventLog":[{"time":1702311446397,"type":"create node","value":"0"},{"time":1702311446980,"type":"selected","value":"TRUE"},{"time":1702311454486,"type":"text","value":"flexibel"},{"time":1702311454486,"type":"value","value":"2"},{"time":1702311454486,"type":"selected","value":"FALSE"}],"isTextChangeable":1},{"id":"73d94e50-1ee7-4567-b95e-562b5e1dbc5e","value":-1,"text":"possibility to be imprecise","comment":"","position":{"x":596,"y":634.3333},"isActive":true,"date":1702311455037,"kind":"Node","isSelected":false,"isConnectorSelected":false,"isDraggable":1,"isDeletable":1,"hasElementMoved":false,"eventLog":[{"time":"1702311455037","type":"create node","value":[0]},{"time":"2023-12-11T16:17:40.887Z","type":"position","value":{"x":[856],"y":[679.3333]}},{"time":"2023-12-11T16:17:41.005Z","type":"position","value":{"x":[685],"y":[646.3333]}},{"time":"1702311466311","type":"selected","value":[true]},{"time":"1702311478714","type":"text","value":["Möglichkeit unprezise sein"]},{"time":"1702311478714","type":"value","value":[-1]},{"time":"1702311478714","type":"selected","value":[false]}],"isTextChangeable":1},{"id":"1d1615fd-8964-4ea5-8f7e-04d19c3d5f09","value":0,"text":"","comment":"","position":{"x":1077,"y":584.3333},"isActive":false,"date":1702311481479,"kind":"Node","isSelected":false,"isConnectorSelected":false,"isDraggable":1,"isDeletable":1,"hasElementMoved":false,"eventLog":[{"time":1702311481479,"type":"create node","value":0},{"time":1702311496925,"type":"node was deleted","value":-77}],"isTextChangeable":1},{"id":"2d1b35dc-969d-4e67-a2ba-30cd4080253d","value":0,"text":"","comment":"","position":{"x":1056,"y":550.3333},"isActive":false,"date":1702311495697,"kind":"Node","isSelected":false,"isConnectorSelected":false,"isDraggable":1,"isDeletable":1,"hasElementMoved":false,"eventLog":[{"time":1702311495697,"type":"create node","value":0},{"time":1702311497849,"type":"node was deleted","value":-77}],"isTextChangeable":1}],"connectors":[{"id":"9502648b-2cfe-4e88-9cf9-7bfb0d181ab8","source":"4c20565c-bab7-4354-abe3-adddb07435e4","target":"03ea8755-d2d8-490c-9ee4-7abdf84db32e","agreement":true,"isActive":true,"date":1702311409617,"kind":"Connector","isSelected":false,"intensity":3,"isDeletable":false,"isOver":false,"isBidirectional":false,"eventLog":[{"time":1702311409617,"type":"create connection"}]},{"id":"15ef8278-8f56-417c-a4f3-f62538db6c3b","source":"4c20565c-bab7-4354-abe3-adddb07435e4","target":"c38249f4-69e9-47cd-8afb-6b926999a743","agreement":true,"isActive":true,"date":1702311409618,"kind":"Connector","isSelected":false,"intensity":3,"isDeletable":true,"isOver":false,"isBidirectional":false,"eventLog":[{"time":1702311409618,"type":"create connection"}]},{"id":"dd93995e-24c0-45ab-9540-dbdec7b8dcf5","source":"c38249f4-69e9-47cd-8afb-6b926999a743","target":"25266fdb-adfa-4572-a639-20102e22dd76","agreement":true,"isActive":true,"date":1702311409618,"kind":"Connector","isSelected":false,"intensity":6,"isDeletable":true,"isOver":false,"isBidirectional":false,"eventLog":[{"time":1702311409618,"type":"create connection"}]},{"id":"c5566485-2f31-4792-8132-388c62807957","source":"5666a75e-c84a-4115-adae-6fad743a30fb","target":"03ea8755-d2d8-490c-9ee4-7abdf84db32e","agreement":false,"isActive":true,"date":1702311409618,"kind":"Connector","isSelected":false,"intensity":3,"isDeletable":true,"isOver":false,"isBidirectional":false,"eventLog":[{"time":1702311409618,"type":"create connection"}]},{"id":"28d157df-8108-4d80-a641-259004b492ca","source":"0b1f2631-dc03-44c7-a251-c54d0a142bfb","target":"03ea8755-d2d8-490c-9ee4-7abdf84db32e","agreement":false,"isActive":true,"date":1702311409618,"kind":"Connector","isSelected":false,"intensity":6,"isDeletable":true,"isOver":false,"isBidirectional":false,"eventLog":[{"time":1702311409618,"type":"create connection"}]},{"id":"48d57174-5ac1-4f76-ab46-a2c9a1000802","source":"03ea8755-d2d8-490c-9ee4-7abdf84db32e","target":"952d75eb-9e3e-47a9-9132-471eb9f0098d","agreement":false,"isActive":true,"date":1702311409618,"kind":"Connector","isSelected":false,"intensity":9,"isDeletable":true,"isOver":false,"isBidirectional":false,"eventLog":[{"time":1702311409618,"type":"create connection"}]},{"id":"11c7dd3b-b2d7-4e8f-bfcb-31a7818dafd9","source":"0b1f2631-dc03-44c7-a251-c54d0a142bfb","target":"952d75eb-9e3e-47a9-9132-471eb9f0098d","agreement":false,"isActive":true,"date":1702311409618,"kind":"Connector","isSelected":false,"intensity":9,"isDeletable":true,"isOver":false,"isBidirectional":false,"eventLog":[{"time":1702311409618,"type":"create connection"}]},{"id":"949e139e-bb61-4b7d-a2a2-aff88366309d","source":"c38249f4-69e9-47cd-8afb-6b926999a743","target":"ee3eaccc-cd43-47eb-b714-fda4786034c1","agreement":true,"isActive":true,"date":1702311409618,"kind":"Connector","isSelected":false,"intensity":3,"isDeletable":true,"isOver":false,"isBidirectional":false,"eventLog":[{"time":1702311409618,"type":"create connection"}]},{"id":"ea140233-4a84-43d6-83b4-7132853e4a76","source":"c38249f4-69e9-47cd-8afb-6b926999a743","target":"8fb2d88a-6389-4aae-b527-05402fc10855","agreement":true,"isActive":true,"date":1702311409618,"kind":"Connector","isSelected":false,"intensity":6,"isDeletable":true,"isOver":false,"isBidirectional":false,"eventLog":[{"time":1702311409618,"type":"create connection"}]},{"id":"aee663af-8e6d-40d0-8fc3-6649190b5fc8","source":"25266fdb-adfa-4572-a639-20102e22dd76","target":"8fb2d88a-6389-4aae-b527-05402fc10855","agreement":true,"isActive":true,"date":1702311409619,"kind":"Connector","isSelected":false,"intensity":9,"isDeletable":true,"isOver":false,"isBidirectional":false,"eventLog":[{"time":1702311409619,"type":"create connection"}]},{"id":"c45087b7-e158-4b81-836d-fbe13ee18096","source":"3e9f66a3-e45f-41e5-9047-164caffdd688","target":"952d75eb-9e3e-47a9-9132-471eb9f0098d","agreement":false,"isActive":true,"date":1702311409619,"kind":"Connector","isSelected":false,"intensity":9,"isDeletable":true,"isOver":false,"isBidirectional":false,"eventLog":[{"time":1702311409619,"type":"create connection"}]},{"id":"46a2d732-52f7-49f3-82fb-559362e32c3e","source":"03ea8755-d2d8-490c-9ee4-7abdf84db32e","target":"3e9f66a3-e45f-41e5-9047-164caffdd688","agreement":false,"isActive":true,"date":1702311409619,"kind":"Connector","isSelected":false,"intensity":6,"isDeletable":true,"isOver":false,"isBidirectional":false,"eventLog":[{"time":1702311409619,"type":"create connection"}]},{"id":"230d2271-cdfd-486f-9373-eb4814fa61d0","source":"8fb2d88a-6389-4aae-b527-05402fc10855","target":"5788185e-16ec-406b-8478-9869f24fa4dd","agreement":true,"isActive":true,"date":1702311409619,"kind":"Connector","isSelected":false,"intensity":9,"isDeletable":true,"isOver":false,"isBidirectional":false,"eventLog":[{"time":1702311409619,"type":"create connection"}]},{"id":"93311490-9563-4a92-9bba-ba91c01e0af9","source":"5788185e-16ec-406b-8478-9869f24fa4dd","target":"c38249f4-69e9-47cd-8afb-6b926999a743","agreement":true,"isActive":true,"date":1702311409619,"kind":"Connector","isSelected":false,"intensity":6,"isDeletable":true,"isOver":false,"isBidirectional":false,"eventLog":[{"time":1702311409619,"type":"create connection"}]},{"id":"cbaab297-151e-490e-a74f-dd162a06ee78","source":"5666a75e-c84a-4115-adae-6fad743a30fb","target":"8f9e458b-29a7-49be-9a20-7fbb7c295591","agreement":false,"isActive":true,"date":1702311409619,"kind":"Connector","isSelected":false,"intensity":6,"isDeletable":true,"isOver":false,"isBidirectional":false,"eventLog":[{"time":1702311409619,"type":"create connection"}]},{"id":"3ce7b1bf-17ce-41d8-ad14-421cd40308c4","source":"03ea8755-d2d8-490c-9ee4-7abdf84db32e","target":"8f9e458b-29a7-49be-9a20-7fbb7c295591","agreement":false,"isActive":true,"date":1702311409619,"kind":"Connector","isSelected":false,"intensity":3,"isDeletable":true,"isOver":false,"isBidirectional":false,"eventLog":[{"time":1702311409619,"type":"create connection"}]},{"id":"9271bb68-aaa8-480e-aa32-ec75fe4c0d66","source":"c38249f4-69e9-47cd-8afb-6b926999a743","target":"94d47724-f03c-4ab4-bc82-e385938b8ed7","agreement":true,"isActive":true,"date":1702311409619,"kind":"Connector","isSelected":false,"intensity":9,"isDeletable":true,"isOver":false,"isBidirectional":false,"eventLog":[{"time":1702311409619,"type":"create connection"}]},{"id":"9c1a9c6f-be40-49f1-84be-78a3ce410186","source":"ee3eaccc-cd43-47eb-b714-fda4786034c1","target":"94d47724-f03c-4ab4-bc82-e385938b8ed7","agreement":true,"isActive":true,"date":1702311409619,"kind":"Connector","isSelected":false,"intensity":3,"isDeletable":true,"isOver":false,"isBidirectional":false,"eventLog":[{"time":1702311409619,"type":"create connection"}]},{"id":"bb7a9072-c996-435c-907f-4e61d226290a","source":"8fb2d88a-6389-4aae-b527-05402fc10855","target":"94d47724-f03c-4ab4-bc82-e385938b8ed7","agreement":true,"isActive":true,"date":1702311409620,"kind":"Connector","isSelected":false,"intensity":3,"isDeletable":true,"isOver":false,"isBidirectional":false,"eventLog":[{"time":1702311409620,"type":"create connection"}]},{"id":"692786e7-298e-4991-a118-51bd04e18e77","source":"f5af3d67-61dd-4499-b2de-f3a22ce38cab","target":"c38249f4-69e9-47cd-8afb-6b926999a743","agreement":true,"isActive":true,"date":1702311438281,"kind":"Connector","isSelected":false,"intensity":9,"isDeletable":true,"isOver":false,"isBidirectional":false,"eventLog":[{"time":1702311438281,"type":"create connection"},{"time":1702311439583,"type":"selected","value":1},{"time":1702311440772,"type":"change intensity of connector","value":9},{"time":1702311440772,"type":"selected","value":0}]},{"id":"158cfcb6-3df1-43fb-ba99-b571fe75db15","source":"8fb2d88a-6389-4aae-b527-05402fc10855","target":"bc450013-5f3f-40a0-be7f-26c03a645fca","agreement":true,"isActive":true,"date":1702311455859,"kind":"Connector","isSelected":false,"intensity":6,"isDeletable":true,"isOver":false,"isBidirectional":false,"eventLog":[{"time":1702311455859,"type":"create connection"},{"time":1702311457587,"type":"selected","value":1},{"time":1702311460309,"type":"change intensity of connector","value":6},{"time":1702311460309,"type":"selected","value":0}]},{"id":"3f810ad3-7c79-4105-b97f-022c98ef1aca","source":"03ea8755-d2d8-490c-9ee4-7abdf84db32e","target":"73d94e50-1ee7-4567-b95e-562b5e1dbc5e","agreement":true,"isActive":true,"date":1702311479659,"kind":"Connector","isSelected":false,"intensity":3,"isDeletable":true,"isOver":false,"isBidirectional":false,"eventLog":[{"time":1702311479659,"type":"create connection"}]}],"currentID":{},"currentNode":{},"hasSelectedNode":[false],"currentConnector":{},"hasSelectedConnector":[false],"readyToMove":[false],"isIncoming":[false],"hasElementMoved":[false]}
