{"idCAM":["f50a29e8-1ee2-4039-9c43-4e8d1fb6a4c2"],"creator":["6123c4f8e486767a57db9afe_pre"],"projectCAM":["S2_CAM part 1"],"defocusCAM":[],"date":[1702311175166],"nodes":[{"id":"c7d6acb1-3818-48a5-b16f-b66c4d49ff41","value":10,"text":"social assistance robot","comment":"","position":{"x":650,"y":400},"isActive":true,"date":1702311179456,"kind":"Node","isSelected":false,"isConnectorSelected":false,"isDraggable":0,"isDeletable":0,"hasElementMoved":false,"eventLog":[{"time":1702311179456,"type":"create node","value":0},{"time":1702311561665,"type":"selected","value":1},{"time":1702311566209,"type":"value","value":10},{"time":1702311566209,"type":"selected","value":0}],"isTextChangeable":0},{"id":"21b747b1-a2e7-4574-9e83-56d8325f048b","value":0,"text":"disadvantages","comment":"","position":{"x":450,"y":400},"isActive":true,"date":1702311179456,"kind":"Node","isSelected":false,"isConnectorSelected":false,"isDraggable":0,"isDeletable":0,"hasElementMoved":false,"eventLog":[{"time":1702311179456,"type":"create node","value":0}],"isTextChangeable":0},{"id":"c55154ea-d577-4e4d-9fd1-9799c90901c7","value":0,"text":"advantages","comment":"","position":{"x":850,"y":400},"isActive":true,"date":1702311179456,"kind":"Node","isSelected":false,"isConnectorSelected":false,"isDraggable":0,"isDeletable":0,"hasElementMoved":false,"eventLog":[{"time":1702311179456,"type":"create node","value":0}],"isTextChangeable":0},{"id":"9c329b45-8ad6-475c-af6f-741aabbe0265","value":-3,"text":"no human contact","comment":"Robots cannot replace humans","position":{"x":277,"y":290.3333},"isActive":true,"date":1702311187091,"kind":"Node","isSelected":false,"isConnectorSelected":false,"isDraggable":1,"isDeletable":1,"hasElementMoved":false,"eventLog":[{"time":1702311187091,"type":"create node","value":"0"},{"time":1702311190901,"type":"selected","value":"TRUE"},{"time":1702311235641,"type":"text","value":"Kein menschlicher Kontakt"},{"time":1702311235641,"type":"value","value":"-3"},{"time":1702311235641,"type":"comment","value":"Roboter können keine Menschen ersetzen "},{"time":1702311235641,"type":"selected","value":"FALSE"}],"isTextChangeable":1},{"id":"773e1a28-edd5-4a3b-96b0-67196a3790f3","value":-2,"text":"availability","comment":"probably not yet available everywhere, therefore not yet usable everywhere","position":{"x":298,"y":434.3333},"isActive":true,"date":1702311244564,"kind":"Node","isSelected":false,"isConnectorSelected":false,"isDraggable":1,"isDeletable":1,"hasElementMoved":false,"eventLog":[{"time":1702311244564,"type":"create node","value":"0"},{"time":1702311278202,"type":"selected","value":"TRUE"},{"time":1702311303683,"type":"text","value":"Verfügbarkeit"},{"time":1702311303683,"type":"value","value":"-2"},{"time":1702311303683,"type":"comment","value":"vermutlich noch nicht überall verfügbar, daher noch nicht überall einsatzfähig"},{"time":1702311303683,"type":"selected","value":"FALSE"}],"isTextChangeable":1},{"id":"d9b83990-1a0e-4c2f-aae5-b26d60930c7a","value":-3,"text":"costs","comment":"Probably still very expensive, as it's in the initial phase","position":{"x":421,"y":265.3333},"isActive":true,"date":1702311244740,"kind":"Node","isSelected":false,"isConnectorSelected":false,"isDraggable":1,"isDeletable":1,"hasElementMoved":false,"eventLog":[{"time":"1702311244740","type":"create node","value":[0]},{"time":"2023-12-11T16:14:08.304Z","type":"position","value":{"x":[370],"y":[93.3333]}},{"time":"2023-12-11T16:14:08.770Z","type":"position","value":{"x":[462],"y":[245.3333]}},{"time":"1702311249726","type":"selected","value":[true]},{"time":"1702311269632","type":"text","value":["Kosten"]},{"time":"1702311269632","type":"value","value":[-3]},{"time":"1702311269632","type":"comment","value":["Vermutlich noch sehr kostenspielig, da in der Anfangsphase"]},{"time":"1702311269632","type":"selected","value":[false]}],"isTextChangeable":1},{"id":"9f9b7e5f-7b6d-4d71-8520-560a39002ba5","value":2,"text":"more care positions","comment":"Nursing professions lack staff; the use of assistant robots will increase the number","position":{"x":778,"y":237.3333},"isActive":true,"date":1702311314360,"kind":"Node","isSelected":false,"isConnectorSelected":false,"isDraggable":1,"isDeletable":1,"hasElementMoved":false,"eventLog":[{"time":"1702311314360","type":"create node","value":[0]},{"time":"2023-12-11T16:15:15.116Z","type":"position","value":{"x":[775],"y":[130.3333]}},{"time":"2023-12-11T16:15:15.695Z","type":"position","value":{"x":[849],"y":[281.3333]}},{"time":"1702311316588","type":"selected","value":[true]},{"time":"1702311326077","type":"selected","value":[false]},{"time":"2023-12-11T16:15:28.343Z","type":"position","value":{"x":[782],"y":[86.3333]}},{"time":"2023-12-11T16:15:28.676Z","type":"position","value":{"x":[800],"y":[243.3333]}},{"time":"1702311329705","type":"selected","value":[true]},{"time":"1702311372052","type":"text","value":["Mehr Pflegestellen"]},{"time":"1702311372052","type":"value","value":[2]},{"time":"1702311372053","type":"comment","value":["Pflegeberufen fehlt das Personal; durch den Einsatz von Assistenzrobotern wird aufgestockt"]},{"time":"1702311372053","type":"selected","value":[false]}],"isTextChangeable":1},{"id":"24dd1454-6d58-4d2b-bddb-ec718a2edbd9","value":3,"text":"less loneliness","comment":"Caregivers are less lonely as they have more contacts and experience more intensive care.","position":{"x":1049,"y":396.3333},"isActive":true,"date":1702311376439,"kind":"Node","isSelected":false,"isConnectorSelected":false,"isDraggable":1,"isDeletable":1,"hasElementMoved":false,"eventLog":[{"time":1702311376439,"type":"create node","value":"0"},{"time":1702311425017,"type":"selected","value":"TRUE"},{"time":1702311452651,"type":"text","value":"Weniger Einsamkeit"},{"time":1702311452651,"type":"value","value":"3"},{"time":1702311452651,"type":"comment","value":"Pflegende sind weniger einsam, da sie mehr Kontakte haben und intensivere Betreuung erfahren"},{"time":1702311452651,"type":"selected","value":"FALSE"}],"isTextChangeable":1},{"id":"d79549f3-05d4-4f3a-b285-40b003e9408c","value":2,"text":"time saving","comment":"The caregivers no longer have to spend so much time with all those needing care, but can use robots instead.","position":{"x":972,"y":256.3333},"isActive":true,"date":1702311376695,"kind":"Node","isSelected":false,"isConnectorSelected":false,"isDraggable":1,"isDeletable":1,"hasElementMoved":false,"eventLog":[{"time":1702311376695,"type":"create node","value":"0"},{"time":1702311380125,"type":"selected","value":"TRUE"},{"time":1702311381543,"type":"selected","value":"FALSE"},{"time":1702311383029,"type":"selected","value":"TRUE"},{"time":1702311421706,"type":"text","value":"Zeitersparnis"},{"time":1702311421706,"type":"value","value":"2"},{"time":1702311421706,"type":"comment","value":"Die Pfleger:innen müssen nicht mehr so viel Zeit mit allen Pflegenden verbringen, sondern können Roboter einsetzen"},{"time":1702311421706,"type":"selected","value":"FALSE"}],"isTextChangeable":1},{"id":"bffe4cfa-5509-426d-891b-32ccb40e1ae1","value":0,"text":"","comment":"","position":{"x":942,"y":531.3333},"isActive":false,"date":1702311457385,"kind":"Node","isSelected":false,"isConnectorSelected":false,"isDraggable":1,"isDeletable":1,"hasElementMoved":false,"eventLog":[{"time":1702311457385,"type":"create node","value":0},{"time":1702311523607,"type":"selected","value":1},{"time":1702311559862,"type":"node was deleted","value":-99}],"isTextChangeable":1},{"id":"73012a46-f94d-459d-a7bc-b0a797bbdee1","value":-1,"text":"ethical questions","comment":"Is it morally acceptable to care for older people through robots and not through humans?","position":{"x":432,"y":525.3333},"isActive":true,"date":1702311459596,"kind":"Node","isSelected":false,"isConnectorSelected":false,"isDraggable":1,"isDeletable":1,"hasElementMoved":false,"eventLog":[{"time":1702311459596,"type":"create node","value":"0"},{"time":1702311478365,"type":"selected","value":"TRUE"},{"time":1702311518507,"type":"text","value":"Ethische Fragen"},{"time":1702311518507,"type":"value","value":"-1"},{"time":1702311518507,"type":"comment","value":"Moralisch gut zu verwantworten, ältere Menschen durch Roboter zu betreuen und nicht durch Menschen?"},{"time":1702311518507,"type":"selected","value":"FALSE"}],"isTextChangeable":1},{"id":"88f60725-1969-44e4-bb74-d191a6f96357","value":0,"text":"","comment":"","position":{"x":773,"y":539.3333},"isActive":false,"date":1702311568539,"kind":"Node","isSelected":false,"isConnectorSelected":false,"isDraggable":1,"isDeletable":1,"hasElementMoved":false,"eventLog":[{"time":1702311568539,"type":"create node","value":0},{"time":1702311800329,"type":"selected","value":1},{"time":1702311801440,"type":"node was deleted","value":-99}],"isTextChangeable":1},{"id":"0002a7b8-90a0-4068-aa15-ebf91f4387b8","value":-2,"text":"defects","comment":"What happens when a robot is defective - who checks them?","position":{"x":566,"y":490.3333},"isActive":true,"date":1702311568762,"kind":"Node","isSelected":false,"isConnectorSelected":false,"isDraggable":1,"isDeletable":1,"hasElementMoved":false,"eventLog":[{"time":1702311568762,"type":"create node","value":"0"},{"time":1702311576596,"type":"selected","value":"TRUE"},{"time":1702311630386,"type":"text","value":"Defekte"},{"time":1702311630386,"type":"value","value":"-2"},{"time":1702311630386,"type":"comment","value":"Was passiert, wenn ein Roboter defekt ist - wer überprüft sie? "},{"time":1702311630386,"type":"selected","value":"FALSE"}],"isTextChangeable":1},{"id":"b02b476f-d466-4c59-a27e-26b6190e17dc","value":1,"text":"more entertainment options","comment":"Robots can entertain caregivers individually, which is not possible for caregivers.","position":{"x":962,"y":498.3333},"isActive":true,"date":1702311632376,"kind":"Node","isSelected":false,"isConnectorSelected":false,"isDraggable":1,"isDeletable":1,"hasElementMoved":false,"eventLog":[{"time":1702311632376,"type":"create node","value":"0"},{"time":1702311767572,"type":"selected","value":"TRUE"},{"time":1702311797672,"type":"text","value":"Mehr Unterhaltungsmöglichkeiten"},{"time":1702311797672,"type":"value","value":"1"},{"time":1702311797672,"type":"comment","value":"Roboter können Pflegende individuell unterhalten, was Pfleger:innen nicht möglich ist\n"},{"time":1702311797672,"type":"selected","value":"FALSE"}],"isTextChangeable":1},{"id":"95532828-1ede-40fd-8463-3c7d5f11ee48","value":-1,"text":"special training","comment":"Capacities must be created so that people can be trained who can look after the robots and can check them.","position":{"x":564,"y":291.3333},"isActive":true,"date":1702311638360,"kind":"Node","isSelected":false,"isConnectorSelected":false,"isDraggable":1,"isDeletable":1,"hasElementMoved":false,"eventLog":[{"time":1702311638360,"type":"create node","value":"0"},{"time":1702311639031,"type":"selected","value":"TRUE"},{"time":1702311673258,"type":"text","value":"Spezielles Training"},{"time":1702311673258,"type":"value","value":"-1"},{"time":1702311673258,"type":"comment","value":"Es müssen Kapazitäten geschaffen werden, damit Leute ausgebildet werden, die die Roboter betreuen können und überprüfen können\n"},{"time":1702311673258,"type":"selected","value":"FALSE"},{"time":1702311678729,"type":"selected","value":"TRUE"},{"time":1702311679801,"type":"selected","value":"FALSE"}],"isTextChangeable":1}],"connectors":[{"id":"cc4dd9d2-fb45-4194-884a-8469271e84d1","source":"c7d6acb1-3818-48a5-b16f-b66c4d49ff41","target":"21b747b1-a2e7-4574-9e83-56d8325f048b","agreement":true,"isActive":true,"date":1702311179456,"kind":"Connector","isSelected":false,"intensity":3,"isDeletable":false,"isOver":false,"isBidirectional":false,"eventLog":[{"time":1702311179456,"type":"create connection"}]},{"id":"ccf1b5e5-cd03-4d7a-8d35-ffd6ace2cc3d","source":"c7d6acb1-3818-48a5-b16f-b66c4d49ff41","target":"c55154ea-d577-4e4d-9fd1-9799c90901c7","agreement":true,"isActive":true,"date":1702311179456,"kind":"Connector","isSelected":false,"intensity":3,"isDeletable":true,"isOver":false,"isBidirectional":false,"eventLog":[{"time":1702311179456,"type":"create connection"}]},{"id":"536d27c5-35f7-4cad-a9a4-5b908ba5154c","source":"9c329b45-8ad6-475c-af6f-741aabbe0265","target":"21b747b1-a2e7-4574-9e83-56d8325f048b","agreement":true,"isActive":true,"date":1702311237330,"kind":"Connector","isSelected":false,"intensity":3,"isDeletable":true,"isOver":false,"isBidirectional":false,"eventLog":[{"time":1702311237330,"type":"create connection"}]},{"id":"a6dab68f-66b5-4182-baf9-1ec80066ac8c","source":"d9b83990-1a0e-4c2f-aae5-b26d60930c7a","target":"21b747b1-a2e7-4574-9e83-56d8325f048b","agreement":true,"isActive":true,"date":1702311275316,"kind":"Connector","isSelected":false,"intensity":3,"isDeletable":true,"isOver":false,"isBidirectional":false,"eventLog":[{"time":1702311275317,"type":"create connection"}]},{"id":"5224fd20-2ade-4a3f-8888-4762d62b0fc8","source":"21b747b1-a2e7-4574-9e83-56d8325f048b","target":"773e1a28-edd5-4a3b-96b0-67196a3790f3","agreement":true,"isActive":true,"date":1702311305323,"kind":"Connector","isSelected":false,"intensity":3,"isDeletable":true,"isOver":false,"isBidirectional":false,"eventLog":[{"time":1702311305323,"type":"create connection"}]},{"id":"e8e448d7-16a6-449a-8dba-2bcc2cce2662","source":"9f9b7e5f-7b6d-4d71-8520-560a39002ba5","target":"c55154ea-d577-4e4d-9fd1-9799c90901c7","agreement":true,"isActive":true,"date":1702311374739,"kind":"Connector","isSelected":false,"intensity":3,"isDeletable":true,"isOver":false,"isBidirectional":false,"eventLog":[{"time":1702311374739,"type":"create connection"}]},{"id":"d5a9c264-bb8d-44db-aff6-0b4c22a919e5","source":"d79549f3-05d4-4f3a-b285-40b003e9408c","target":"c55154ea-d577-4e4d-9fd1-9799c90901c7","agreement":true,"isActive":true,"date":1702311422969,"kind":"Connector","isSelected":false,"intensity":3,"isDeletable":true,"isOver":false,"isBidirectional":false,"eventLog":[{"time":1702311422969,"type":"create connection"}]},{"id":"ffc857cc-f5fb-4fff-830e-1639560fff20","source":"24dd1454-6d58-4d2b-bddb-ec718a2edbd9","target":"c55154ea-d577-4e4d-9fd1-9799c90901c7","agreement":true,"isActive":true,"date":1702311455007,"kind":"Connector","isSelected":false,"intensity":3,"isDeletable":true,"isOver":false,"isBidirectional":false,"eventLog":[{"time":1702311455007,"type":"create connection"}]},{"id":"e388a599-9e3e-43ee-9b14-98e6547275c1","source":"73012a46-f94d-459d-a7bc-b0a797bbdee1","target":"21b747b1-a2e7-4574-9e83-56d8325f048b","agreement":true,"isActive":true,"date":1702311520086,"kind":"Connector","isSelected":false,"intensity":3,"isDeletable":true,"isOver":false,"isBidirectional":false,"eventLog":[{"time":1702311520086,"type":"create connection"}]},{"id":"2fb62b6d-61a1-4880-9ae4-4f593b3f770d","source":"0002a7b8-90a0-4068-aa15-ebf91f4387b8","target":"21b747b1-a2e7-4574-9e83-56d8325f048b","agreement":true,"isActive":true,"date":1702311635779,"kind":"Connector","isSelected":false,"intensity":3,"isDeletable":true,"isOver":false,"isBidirectional":false,"eventLog":[{"time":1702311635779,"type":"create connection"}]},{"id":"67d1b472-ab5f-4bd0-9afd-82a8634f3ce5","source":"21b747b1-a2e7-4574-9e83-56d8325f048b","target":"95532828-1ede-40fd-8463-3c7d5f11ee48","agreement":true,"isActive":true,"date":1702311678547,"kind":"Connector","isSelected":false,"intensity":3,"isDeletable":true,"isOver":false,"isBidirectional":false,"eventLog":[{"time":1702311678547,"type":"create connection"}]},{"id":"756e15a5-b4a5-44d4-88b4-7c4dd0741e28","source":"b02b476f-d466-4c59-a27e-26b6190e17dc","target":"c55154ea-d577-4e4d-9fd1-9799c90901c7","agreement":true,"isActive":true,"date":1702311798900,"kind":"Connector","isSelected":false,"intensity":3,"isDeletable":true,"isOver":false,"isBidirectional":false,"eventLog":[{"time":1702311798900,"type":"create connection"}]}],"currentID":{},"currentNode":{},"hasSelectedNode":[false],"currentConnector":{},"hasSelectedConnector":[false],"readyToMove":[false],"isIncoming":[false],"hasElementMoved":[false]}
