{"idCAM":["27a66727-7f19-4a5c-a827-4e30a0a93981"],"creator":["615452aaabb932ada88ef3ca_post"],"projectCAM":["S2_CAM part 2"],"defocusCAM":[],"date":[1702311998916],"nodes":[{"id":"7918e062-9b5b-4681-af77-49c8be7b7512","value":10,"text":"social assistance robot","comment":"","position":{"x":650,"y":400},"isActive":true,"date":1702311999818,"kind":"Node","isSelected":false,"isConnectorSelected":false,"isDraggable":0,"isDeletable":0,"hasElementMoved":false,"eventLog":[{"time":1702311999818,"type":"create node","value":10}],"isTextChangeable":0},{"id":"d4b8c94d-65ed-4a60-a1bd-dd88530529e4","value":-3,"text":"disadvantages","comment":"","position":{"x":450,"y":400},"isActive":true,"date":1702311999818,"kind":"Node","isSelected":false,"isConnectorSelected":false,"isDraggable":0,"isDeletable":0,"hasElementMoved":false,"eventLog":[{"time":1702311999818,"type":"create node","value":-3}],"isTextChangeable":0},{"id":"734024b1-f286-47ae-a2bb-40cb27f28778","value":3,"text":"advantages","comment":"","position":{"x":850,"y":400},"isActive":true,"date":1702311999818,"kind":"Node","isSelected":false,"isConnectorSelected":false,"isDraggable":0,"isDeletable":0,"hasElementMoved":false,"eventLog":[{"time":"1702311999818","type":"create node","value":[3]},{"time":"2023-12-11T16:33:26.727Z","type":"position","value":{"x":[845],"y":[406]}}],"isTextChangeable":0},{"id":"fac1a517-a25b-4af6-a3c6-32207228c5d3","value":-3,"text":"missing contact","comment":"","position":{"x":417,"y":610},"isActive":true,"date":1702311999818,"kind":"Node","isSelected":false,"isConnectorSelected":false,"isDraggable":1,"isDeletable":1,"hasElementMoved":false,"eventLog":[{"time":"1702311999818","type":"create node","value":[-3]},{"time":"2023-12-11T16:27:12.424Z","type":"position","value":{"x":[330],"y":[549]}}],"isTextChangeable":1},{"id":"c4fa57da-f08e-4f02-b355-600d078a9b77","value":-2,"text":"lacking competence","comment":"","position":{"x":243,"y":572},"isActive":true,"date":1702311999818,"kind":"Node","isSelected":false,"isConnectorSelected":false,"isDraggable":1,"isDeletable":1,"hasElementMoved":false,"eventLog":[{"time":"1702311999818","type":"create node","value":[-3]},{"time":"2023-12-11T16:27:13.186Z","type":"position","value":{"x":[242],"y":[476]}},{"time":"1702312130795","type":"selected","value":[true]},{"time":"1702312132646","type":"value","value":[-2]},{"time":"1702312132646","type":"selected","value":[false]}],"isTextChangeable":1},{"id":"f55ff29e-d982-42d2-b87f-10844cb33086","value":3,"text":"More individual care possible","comment":"","position":{"x":931,"y":223},"isActive":true,"date":1702311999818,"kind":"Node","isSelected":false,"isConnectorSelected":false,"isDraggable":1,"isDeletable":1,"hasElementMoved":false,"eventLog":[{"time":1702311999818,"type":"create node","value":3}],"isTextChangeable":1},{"id":"44c03b5f-877b-4ffb-8755-051666394c07","value":-3,"text":"Gefährlich","comment":"","position":{"x":283,"y":344},"isActive":false,"date":1702311999818,"kind":"Node","isSelected":false,"isConnectorSelected":false,"isDraggable":1,"isDeletable":1,"hasElementMoved":false,"eventLog":[{"time":1702311999818,"type":"create node","value":-3},{"time":1702312014509,"type":"selected","value":1},{"time":1702312016267,"type":"node was deleted","value":-99}],"isTextChangeable":1},{"id":"b8ea4bf9-4ce2-4a86-859b-19455ebe0b02","value":1,"text":"more capacities","comment":"","position":{"x":927,"y":551},"isActive":true,"date":1702311999818,"kind":"Node","isSelected":false,"isConnectorSelected":false,"isDraggable":1,"isDeletable":1,"hasElementMoved":false,"eventLog":[{"time":1702311999818,"type":"create node","value":1}],"isTextChangeable":1},{"id":"31807b36-1cfe-43c1-9e12-f164680c17d3","value":-1,"text":"Unfallgefahr","comment":"","position":{"x":140,"y":251},"isActive":false,"date":1702311999818,"kind":"Node","isSelected":false,"isConnectorSelected":false,"isDraggable":1,"isDeletable":1,"hasElementMoved":false,"eventLog":[{"time":1702311999818,"type":"create node","value":-1},{"time":1702312008588,"type":"selected","value":1},{"time":1702312009589,"type":"node was deleted","value":-99}],"isTextChangeable":1},{"id":"491f2a2b-69bd-4668-9cf1-bcdb004dd40b","value":-3,"text":"KIs machen Fehler","comment":"","position":{"x":105,"y":377},"isActive":false,"date":1702311999818,"kind":"Node","isSelected":false,"isConnectorSelected":false,"isDraggable":1,"isDeletable":1,"hasElementMoved":false,"eventLog":[{"time":1702311999818,"type":"create node","value":-3},{"time":1702312012139,"type":"selected","value":1},{"time":1702312013167,"type":"node was deleted","value":-99}],"isTextChangeable":1},{"id":"a8461b93-ec55-4276-9e0d-8fcbd211fd7d","value":-1,"text":"expensive","comment":"","position":{"x":472,"y":228},"isActive":true,"date":1702311999818,"kind":"Node","isSelected":false,"isConnectorSelected":false,"isDraggable":1,"isDeletable":1,"hasElementMoved":false,"eventLog":[{"time":"1702311999818","type":"create node","value":[-2]},{"time":"1702312127346","type":"selected","value":[true]},{"time":"1702312129147","type":"value","value":[-1]},{"time":"1702312129147","type":"selected","value":[false]},{"time":"2023-12-11T16:30:57.204Z","type":"position","value":{"x":[403],"y":[231]}}],"isTextChangeable":1},{"id":"acb1189b-5317-4776-b191-b86e8b46f951","value":-3,"text":"Stellenabau","comment":"","position":{"x":504,"y":550},"isActive":false,"date":1702311999818,"kind":"Node","isSelected":false,"isConnectorSelected":false,"isDraggable":1,"isDeletable":1,"hasElementMoved":false,"eventLog":[{"time":1702311999818,"type":"create node","value":-3},{"time":1702312022492,"type":"selected","value":1},{"time":1702312023605,"type":"node was deleted","value":-99}],"isTextChangeable":1},{"id":"530823fb-d178-4cda-8b17-65a7e213639e","value":1,"text":"Weniger Personal Erforderlich","comment":"","position":{"x":1046,"y":398},"isActive":false,"date":1702311999818,"kind":"Node","isSelected":false,"isConnectorSelected":false,"isDraggable":1,"isDeletable":1,"hasElementMoved":false,"eventLog":[{"time":1702311999818,"type":"create node","value":1},{"time":1702312025400,"type":"selected","value":1},{"time":1702312026502,"type":"node was deleted","value":-99}],"isTextChangeable":1},{"id":"a228b6f8-b6dc-4f2b-9352-6bd6a9c00e84","value":-3,"text":"possibly replaces staff","comment":"","position":{"x":190,"y":391},"isActive":true,"date":1702312034256,"kind":"Node","isSelected":false,"isConnectorSelected":false,"isDraggable":1,"isDeletable":1,"hasElementMoved":false,"eventLog":[{"time":"1702312034256","type":"create node","value":[0]},{"time":"2023-12-11T16:27:15.652Z","type":"position","value":{"x":[204],"y":[611]}},{"time":"2023-12-11T16:27:15.982Z","type":"position","value":{"x":[125],"y":[457]}},{"time":"1702312068875","type":"selected","value":[true]},{"time":"1702312117516","type":"text","value":["Ersetzt möglicherweise Personal"]},{"time":"1702312117516","type":"selected","value":[false]},{"time":"1702312119149","type":"selected","value":[true]},{"time":"1702312121243","type":"value","value":[-3]},{"time":"1702312121243","type":"selected","value":[false]}],"isTextChangeable":1},{"id":"d8d65164-f7d2-4e77-871c-a7ce1c7b3747","value":-1,"text":"toy","comment":"","position":{"x":379,"y":253},"isActive":true,"date":1702312133265,"kind":"Node","isSelected":false,"isConnectorSelected":false,"isDraggable":1,"isDeletable":1,"hasElementMoved":false,"eventLog":[{"time":"1702312133265","type":"create node","value":[0]},{"time":"1702312135736","type":"selected","value":[true]},{"time":"1702312194774","type":"text","value":["Spielzeug"]},{"time":"1702312194774","type":"value","value":[-1]},{"time":"1702312194774","type":"selected","value":[false]},{"time":"2023-12-11T16:29:56.534Z","type":"position","value":{"x":[252],"y":[245]}},{"time":"2023-12-11T16:30:00.076Z","type":"position","value":{"x":[281],"y":[201]}},{"time":"2023-12-11T16:30:58.276Z","type":"position","value":{"x":[260],"y":[267]}},{"time":"2023-12-11T16:32:01.231Z","type":"position","value":{"x":[351],"y":[283]}}],"isTextChangeable":1},{"id":"defc2dba-d7e5-429f-b70c-4b7c9371596a","value":0,"text":"","comment":"","position":{"x":185,"y":270},"isActive":false,"date":1702312133899,"kind":"Node","isSelected":false,"isConnectorSelected":false,"isDraggable":1,"isDeletable":1,"hasElementMoved":false,"eventLog":[{"time":1702312133899,"type":"create node","value":0},{"time":1702312198586,"type":"selected","value":1},{"time":1702312199469,"type":"node was deleted","value":-99}],"isTextChangeable":1},{"id":"1bff8a69-780d-49cb-aad6-35f90a1a2b8e","value":-2,"text":"no real therapy","comment":"","position":{"x":315,"y":146},"isActive":true,"date":1702312201374,"kind":"Node","isSelected":false,"isConnectorSelected":false,"isDraggable":1,"isDeletable":1,"hasElementMoved":false,"eventLog":[{"time":"1702312201374","type":"create node","value":[0]},{"time":"1702312202189","type":"selected","value":[true]},{"time":"1702312229766","type":"text","value":["Keine wirkliche Therapie"]},{"time":"1702312229766","type":"value","value":[-2]},{"time":"1702312229766","type":"selected","value":[false]},{"time":"2023-12-11T16:30:30.299Z","type":"position","value":{"x":[174],"y":[224]}},{"time":"2023-12-11T16:30:59.573Z","type":"position","value":{"x":[150],"y":[158]}},{"time":"2023-12-11T16:30:59.816Z","type":"position","value":{"x":[300],"y":[162]}}],"isTextChangeable":1},{"id":"66982a80-c5b1-456b-81b8-bd840bea2d4e","value":-2,"text":"reaction instead of interaction","comment":"","position":{"x":221,"y":184},"isActive":true,"date":1702312262463,"kind":"Node","isSelected":false,"isConnectorSelected":false,"isDraggable":1,"isDeletable":1,"hasElementMoved":false,"eventLog":[{"time":"1702312262463","type":"create node","value":[0]},{"time":"1702312270755","type":"selected","value":[true]},{"time":"1702312313187","type":"text","value":["Reaktion statt Interaktion"]},{"time":"1702312313187","type":"value","value":[-2]},{"time":"1702312313187","type":"selected","value":[false]},{"time":"2023-12-11T16:31:53.504Z","type":"position","value":{"x":[115],"y":[188]}},{"time":"2023-12-11T16:31:56.471Z","type":"position","value":{"x":[175],"y":[203]}}],"isTextChangeable":1},{"id":"d27ad663-8767-4fa6-8e09-b4f152b1a28c","value":0,"text":"","comment":"","position":{"x":151,"y":260},"isActive":false,"date":1702312317422,"kind":"Node","isSelected":false,"isConnectorSelected":false,"isDraggable":1,"isDeletable":1,"hasElementMoved":false,"eventLog":[{"time":1702312317422,"type":"create node","value":0},{"time":1702312322671,"type":"selected","value":1},{"time":1702312330460,"type":"node was deleted","value":-99}],"isTextChangeable":1},{"id":"c896ad42-38dc-4975-bd59-6a905a2d112a","value":3,"text":"good support","comment":"","position":{"x":773,"y":228},"isActive":true,"date":1702312331308,"kind":"Node","isSelected":false,"isConnectorSelected":false,"isDraggable":1,"isDeletable":1,"hasElementMoved":false,"eventLog":[{"time":"1702312331308","type":"create node","value":[0]},{"time":"1702312331540","type":"selected","value":[true]},{"time":"1702312404476","type":"text","value":["Gute Unterstüzung"]},{"time":"1702312404476","type":"value","value":[3]},{"time":"1702312404476","type":"selected","value":[false]},{"time":"2023-12-11T16:33:29.046Z","type":"position","value":{"x":[1052],"y":[322]}},{"time":"2023-12-11T16:35:54.628Z","type":"position","value":{"x":[1012],"y":[299]}},{"time":"2023-12-11T16:35:55.284Z","type":"position","value":{"x":[855],"y":[324]}}],"isTextChangeable":1},{"id":"331dcf23-d738-46a2-82e8-2a12a7fb6a32","value":0,"text":"","comment":"","position":{"x":1059,"y":410},"isActive":false,"date":1702312410057,"kind":"Node","isSelected":false,"isConnectorSelected":false,"isDraggable":1,"isDeletable":1,"hasElementMoved":false,"eventLog":[{"time":1702312410057,"type":"create node","value":0},{"time":1702312410975,"type":"selected","value":1},{"time":1702312553584,"type":"node was deleted","value":-99}],"isTextChangeable":1}],"connectors":[{"id":"569761c6-66ba-4371-9eaa-95dd7597b0a8","source":"7918e062-9b5b-4681-af77-49c8be7b7512","target":"d4b8c94d-65ed-4a60-a1bd-dd88530529e4","agreement":true,"isActive":true,"date":1702311999818,"kind":"Connector","isSelected":false,"intensity":3,"isDeletable":false,"isOver":false,"isBidirectional":false,"eventLog":[{"time":1702311999818,"type":"create connection"}]},{"id":"b56f4d10-9c66-41bf-a100-3489b2086851","source":"7918e062-9b5b-4681-af77-49c8be7b7512","target":"734024b1-f286-47ae-a2bb-40cb27f28778","agreement":true,"isActive":true,"date":1702311999818,"kind":"Connector","isSelected":false,"intensity":3,"isDeletable":true,"isOver":false,"isBidirectional":false,"eventLog":[{"time":1702311999818,"type":"create connection"}]},{"id":"ec8c0ed4-133a-4502-9434-25706dd4171a","source":"fac1a517-a25b-4af6-a3c6-32207228c5d3","target":"d4b8c94d-65ed-4a60-a1bd-dd88530529e4","agreement":true,"isActive":true,"date":1702311999818,"kind":"Connector","isSelected":false,"intensity":3,"isDeletable":true,"isOver":false,"isBidirectional":false,"eventLog":[{"time":1702311999818,"type":"create connection"}]},{"id":"04250cbc-b101-43b4-aa59-2dcb4614615d","source":"c4fa57da-f08e-4f02-b355-600d078a9b77","target":"d4b8c94d-65ed-4a60-a1bd-dd88530529e4","agreement":true,"isActive":true,"date":1702311999818,"kind":"Connector","isSelected":false,"intensity":3,"isDeletable":true,"isOver":false,"isBidirectional":false,"eventLog":[{"time":1702311999818,"type":"create connection"}]},{"id":"d6546e52-d3af-480f-979c-d842464152f1","source":"44c03b5f-877b-4ffb-8755-051666394c07","target":"d4b8c94d-65ed-4a60-a1bd-dd88530529e4","agreement":true,"isActive":false,"date":1702311999819,"kind":"Connector","isSelected":false,"intensity":3,"isDeletable":true,"isOver":false,"isBidirectional":false,"eventLog":[{"time":1702311999819,"type":"create connection"},{"time":1702312016267,"type":"active","value":false}]},{"id":"080adc86-412b-44e3-9a49-faa7fbc1ca8d","source":"734024b1-f286-47ae-a2bb-40cb27f28778","target":"f55ff29e-d982-42d2-b87f-10844cb33086","agreement":true,"isActive":true,"date":1702311999819,"kind":"Connector","isSelected":false,"intensity":3,"isDeletable":true,"isOver":false,"isBidirectional":false,"eventLog":[{"time":1702311999819,"type":"create connection"}]},{"id":"5b66ce4d-8ee7-4021-ae14-c7632a3529a2","source":"b8ea4bf9-4ce2-4a86-859b-19455ebe0b02","target":"734024b1-f286-47ae-a2bb-40cb27f28778","agreement":true,"isActive":true,"date":1702311999819,"kind":"Connector","isSelected":false,"intensity":3,"isDeletable":true,"isOver":false,"isBidirectional":false,"eventLog":[{"time":1702311999819,"type":"create connection"}]},{"id":"65813be1-74a7-45f9-bab1-268f7d6219dc","source":"31807b36-1cfe-43c1-9e12-f164680c17d3","target":"44c03b5f-877b-4ffb-8755-051666394c07","agreement":true,"isActive":false,"date":1702311999819,"kind":"Connector","isSelected":false,"intensity":3,"isDeletable":true,"isOver":false,"isBidirectional":false,"eventLog":[{"time":1702311999819,"type":"create connection"},{"time":1702312009589,"type":"active","value":false},{"time":1702312016267,"type":"active","value":false}]},{"id":"17ed1c88-0bbd-4f7d-9252-1fdff90e72cd","source":"491f2a2b-69bd-4668-9cf1-bcdb004dd40b","target":"44c03b5f-877b-4ffb-8755-051666394c07","agreement":true,"isActive":false,"date":1702311999819,"kind":"Connector","isSelected":false,"intensity":3,"isDeletable":true,"isOver":false,"isBidirectional":false,"eventLog":[{"time":1702311999819,"type":"create connection"},{"time":1702312013167,"type":"active","value":false},{"time":1702312016267,"type":"active","value":false}]},{"id":"8a55b1cf-df77-4980-9a86-979664e40714","source":"491f2a2b-69bd-4668-9cf1-bcdb004dd40b","target":"c4fa57da-f08e-4f02-b355-600d078a9b77","agreement":true,"isActive":false,"date":1702311999819,"kind":"Connector","isSelected":false,"intensity":3,"isDeletable":true,"isOver":false,"isBidirectional":false,"eventLog":[{"time":1702311999819,"type":"create connection"},{"time":1702312013167,"type":"active","value":false}]},{"id":"e30dabcc-159b-494c-8f44-6e04e86564ed","source":"a8461b93-ec55-4276-9e0d-8fcbd211fd7d","target":"d4b8c94d-65ed-4a60-a1bd-dd88530529e4","agreement":true,"isActive":true,"date":1702311999819,"kind":"Connector","isSelected":false,"intensity":3,"isDeletable":true,"isOver":false,"isBidirectional":false,"eventLog":[{"time":1702311999819,"type":"create connection"}]},{"id":"465c6b21-5ab8-46a0-94f9-8b23f92e8a35","source":"acb1189b-5317-4776-b191-b86e8b46f951","target":"d4b8c94d-65ed-4a60-a1bd-dd88530529e4","agreement":true,"isActive":false,"date":1702311999819,"kind":"Connector","isSelected":false,"intensity":3,"isDeletable":true,"isOver":false,"isBidirectional":false,"eventLog":[{"time":1702311999819,"type":"create connection"},{"time":1702312023605,"type":"active","value":false}]},{"id":"2113cff4-4cee-4354-8d82-bf4eb0731c2d","source":"530823fb-d178-4cda-8b17-65a7e213639e","target":"734024b1-f286-47ae-a2bb-40cb27f28778","agreement":true,"isActive":false,"date":1702311999819,"kind":"Connector","isSelected":false,"intensity":3,"isDeletable":true,"isOver":false,"isBidirectional":false,"eventLog":[{"time":1702311999819,"type":"create connection"},{"time":1702312026502,"type":"active","value":false}]},{"id":"cf3475ef-4725-4310-905c-5b73c28869b5","source":"a228b6f8-b6dc-4f2b-9352-6bd6a9c00e84","target":"d4b8c94d-65ed-4a60-a1bd-dd88530529e4","agreement":true,"isActive":true,"date":1702312118440,"kind":"Connector","isSelected":false,"intensity":3,"isDeletable":true,"isOver":false,"isBidirectional":false,"eventLog":[{"time":1702312118440,"type":"create connection"}]},{"id":"a2954457-b8b0-413f-aed0-7eca1cf3307c","source":"d8d65164-f7d2-4e77-871c-a7ce1c7b3747","target":"defc2dba-d7e5-429f-b70c-4b7c9371596a","agreement":true,"isActive":false,"date":1702312134825,"kind":"Connector","isSelected":false,"intensity":3,"isDeletable":true,"isOver":false,"isBidirectional":false,"eventLog":[{"time":1702312134825,"type":"create connection"},{"time":1702312199469,"type":"active","value":false}]},{"id":"4b904bb6-59e6-46c0-ba73-9373fc35d6a6","source":"d8d65164-f7d2-4e77-871c-a7ce1c7b3747","target":"d4b8c94d-65ed-4a60-a1bd-dd88530529e4","agreement":true,"isActive":true,"date":1702312195814,"kind":"Connector","isSelected":false,"intensity":3,"isDeletable":true,"isOver":false,"isBidirectional":false,"eventLog":[{"time":1702312195814,"type":"create connection"}]},{"id":"dd22dbdc-fec3-4e87-a3fc-ceb4e9463fa5","source":"1bff8a69-780d-49cb-aad6-35f90a1a2b8e","target":"d8d65164-f7d2-4e77-871c-a7ce1c7b3747","agreement":true,"isActive":true,"date":1702312231420,"kind":"Connector","isSelected":false,"intensity":3,"isDeletable":true,"isOver":false,"isBidirectional":false,"eventLog":[{"time":1702312231420,"type":"create connection"}]},{"id":"31b5a348-5ad3-435a-87df-fb7830884e1e","source":"66982a80-c5b1-456b-81b8-bd840bea2d4e","target":"d8d65164-f7d2-4e77-871c-a7ce1c7b3747","agreement":true,"isActive":true,"date":1702312315365,"kind":"Connector","isSelected":false,"intensity":3,"isDeletable":true,"isOver":false,"isBidirectional":false,"eventLog":[{"time":1702312315365,"type":"create connection"}]},{"id":"5fd30df5-e8fc-4b6e-a610-aac77214a58d","source":"c896ad42-38dc-4975-bd59-6a905a2d112a","target":"734024b1-f286-47ae-a2bb-40cb27f28778","agreement":true,"isActive":true,"date":1702312405206,"kind":"Connector","isSelected":false,"intensity":3,"isDeletable":true,"isOver":false,"isBidirectional":false,"eventLog":[{"time":1702312405206,"type":"create connection"}]}],"currentID":{},"currentNode":{},"hasSelectedNode":[false],"currentConnector":{},"hasSelectedConnector":[false],"readyToMove":[false],"isIncoming":[false],"hasElementMoved":[false]}
