{"idCAM":["5951fd74-1350-40de-bdf2-a9a2e7347a72"],"creator":["615452aaabb932ada88ef3ca_pre"],"projectCAM":["S2_CAM part 1"],"defocusCAM":[3703.1],"date":[1702310587502],"nodes":[{"id":"81207048-3beb-4192-a5a3-c55a32517a3b","value":10,"text":"social assistance robot","comment":"","position":{"x":650,"y":400},"isActive":true,"date":1702310588399,"kind":"Node","isSelected":false,"isConnectorSelected":false,"isDraggable":0,"isDeletable":0,"hasElementMoved":false,"eventLog":[{"time":1702310588399,"type":"create node","value":0},{"time":1702310598768,"type":"selected","value":1},{"time":1702310599171,"type":"selected","value":0},{"time":1702310599715,"type":"selected","value":1},{"time":1702310610608,"type":"value","value":10},{"time":1702310610608,"type":"selected","value":0}],"isTextChangeable":0},{"id":"6e08f78b-12c3-4075-826f-b0b324fc15cd","value":-3,"text":"disadvantages","comment":"","position":{"x":450,"y":400},"isActive":true,"date":1702310588399,"kind":"Node","isSelected":false,"isConnectorSelected":false,"isDraggable":0,"isDeletable":0,"hasElementMoved":false,"eventLog":[{"time":1702310588399,"type":"create node","value":0},{"time":1702310626553,"type":"selected","value":1},{"time":1702310632933,"type":"value","value":-3},{"time":1702310632933,"type":"selected","value":0}],"isTextChangeable":0},{"id":"5e001bb0-9f38-42a9-89a7-f0f02a0400f9","value":3,"text":"advantages","comment":"","position":{"x":850,"y":400},"isActive":true,"date":1702310588399,"kind":"Node","isSelected":false,"isConnectorSelected":false,"isDraggable":0,"isDeletable":0,"hasElementMoved":false,"eventLog":[{"time":1702310588399,"type":"create node","value":0},{"time":1702310622513,"type":"selected","value":1},{"time":1702310625712,"type":"value","value":3},{"time":1702310625712,"type":"selected","value":0}],"isTextChangeable":0},{"id":"52739b66-8878-494c-9e56-39650eb05666","value":-3,"text":"missing contact","comment":"","position":{"x":342,"y":540},"isActive":true,"date":1702311397279,"kind":"Node","isSelected":false,"isConnectorSelected":false,"isDraggable":1,"isDeletable":1,"hasElementMoved":false,"eventLog":[{"time":"1702311397279","type":"create node","value":[0]},{"time":"2023-12-11T16:16:38.308Z","type":"position","value":{"x":[791],"y":[224]}},{"time":"2023-12-11T16:16:39.520Z","type":"position","value":{"x":[640],"y":[265]}},{"time":"1702311401797","type":"selected","value":[true]},{"time":"1702311417202","type":"text","value":["Fehlender Kontakt"]},{"time":"1702311417202","type":"value","value":[-3]},{"time":"1702311417202","type":"selected","value":[false]},{"time":"2023-12-11T16:16:57.998Z","type":"position","value":{"x":[503],"y":[239]}},{"time":"2023-12-11T16:16:58.131Z","type":"position","value":{"x":[351],"y":[357]}},{"time":"2023-12-11T16:16:58.160Z","type":"position","value":{"x":[334],"y":[392]}},{"time":"2023-12-11T16:16:58.450Z","type":"position","value":{"x":[318],"y":[545]}}],"isTextChangeable":1},{"id":"dad689bf-a761-4494-8053-d0c5ab32462a","value":-3,"text":"lacking competence","comment":"","position":{"x":258,"y":462},"isActive":true,"date":1702311420969,"kind":"Node","isSelected":false,"isConnectorSelected":false,"isDraggable":1,"isDeletable":1,"hasElementMoved":false,"eventLog":[{"time":"1702311420969","type":"create node","value":[0]},{"time":"1702311421093","type":"selected","value":[true]},{"time":"1702311438494","type":"text","value":["Fehlende Kompetenz"]},{"time":"1702311438494","type":"value","value":[-3]},{"time":"1702311438494","type":"selected","value":[false]},{"time":"2023-12-11T16:17:19.918Z","type":"position","value":{"x":[247],"y":[385]}}],"isTextChangeable":1},{"id":"6c8fbadc-46df-4aa3-a993-33445c66f811","value":3,"text":"More individual care possible","comment":"","position":{"x":931,"y":223},"isActive":true,"date":1702311440758,"kind":"Node","isSelected":false,"isConnectorSelected":false,"isDraggable":1,"isDeletable":1,"hasElementMoved":false,"eventLog":[{"time":"1702311440758","type":"create node","value":[0]},{"time":"1702311510136","type":"selected","value":[true]},{"time":"1702311534119","type":"text","value":["Mehr Einzelbetreuung möglich"]},{"time":"1702311534119","type":"value","value":[3]},{"time":"1702311534119","type":"selected","value":[false]},{"time":"2023-12-11T16:18:54.477Z","type":"position","value":{"x":[488],"y":[521]}},{"time":"2023-12-11T16:18:54.593Z","type":"position","value":{"x":[647],"y":[459]}},{"time":"2023-12-11T16:18:54.643Z","type":"position","value":{"x":[782],"y":[370]}},{"time":"2023-12-11T16:18:54.652Z","type":"position","value":{"x":[804],"y":[350]}}],"isTextChangeable":1},{"id":"1988813a-a66d-453a-956d-336718afc00f","value":-3,"text":"dangerous","comment":"Is the robot mobile? There might be a risk of an accident.","position":{"x":283,"y":344},"isActive":true,"date":1702311441382,"kind":"Node","isSelected":false,"isConnectorSelected":false,"isDraggable":1,"isDeletable":1,"hasElementMoved":false,"eventLog":[{"time":1702311441382,"type":"create node","value":"0"},{"time":1702311443195,"type":"selected","value":"TRUE"},{"time":1702311485653,"type":"text","value":"Gefährlich"},{"time":1702311485653,"type":"value","value":"-3"},{"time":1702311485653,"type":"comment","value":"Ist der Roboter Mobil? Möglicherweise Unfall Gefahr"},{"time":1702311485653,"type":"selected","value":"FALSE"}],"isTextChangeable":1},{"id":"e787fabc-5f12-4b54-8ddf-898cffd84a01","value":1,"text":"more capacities","comment":"","position":{"x":927,"y":551},"isActive":true,"date":1702311537151,"kind":"Node","isSelected":false,"isConnectorSelected":false,"isDraggable":1,"isDeletable":1,"hasElementMoved":false,"eventLog":[{"time":1702311537151,"type":"create node","value":"0"},{"time":1702311537591,"type":"selected","value":"TRUE"},{"time":1702311632611,"type":"text","value":"Mehr Kapazitäten"},{"time":1702311632611,"type":"value","value":"1"},{"time":1702311632611,"type":"selected","value":"FALSE"}],"isTextChangeable":1},{"id":"66429ddd-74ca-4910-bdaa-68bee72af064","value":-1,"text":"accident risk","comment":"","position":{"x":138,"y":244},"isActive":true,"date":1702311637964,"kind":"Node","isSelected":false,"isConnectorSelected":false,"isDraggable":1,"isDeletable":1,"hasElementMoved":false,"eventLog":[{"time":1702311637964,"type":"create node","value":"0"},{"time":1702311638916,"type":"selected","value":"TRUE"},{"time":1702311644808,"type":"text","value":"Unfallgefahr"},{"time":1702311644808,"type":"value","value":"-1"},{"time":1702311644808,"type":"selected","value":"FALSE"}],"isTextChangeable":1},{"id":"80c8a3d1-957d-44e4-abf9-6c30b476c83b","value":-3,"text":"AIs make mistakes","comment":"","position":{"x":105,"y":377},"isActive":true,"date":1702311646938,"kind":"Node","isSelected":false,"isConnectorSelected":false,"isDraggable":1,"isDeletable":1,"hasElementMoved":false,"eventLog":[{"time":"1702311646938","type":"create node","value":[0]},{"time":"1702311647730","type":"selected","value":[true]},{"time":"1702311671150","type":"text","value":["KIs machen Fehler"]},{"time":"1702311671150","type":"value","value":[-3]},{"time":"1702311671150","type":"selected","value":[false]},{"time":"2023-12-11T16:21:13.290Z","type":"position","value":{"x":[125],"y":[353]}}],"isTextChangeable":1},{"id":"b5c17c5d-c273-45ad-bbd2-b83e9bea76bf","value":0,"text":"","comment":"","position":{"x":108,"y":543},"isActive":false,"date":1702311674353,"kind":"Node","isSelected":false,"isConnectorSelected":false,"isDraggable":1,"isDeletable":1,"hasElementMoved":false,"eventLog":[{"time":"1702311674353","type":"create node","value":[0]},{"time":"2023-12-11T16:21:15.173Z","type":"position","value":{"x":[102],"y":[474]}},{"time":"1702311677167","type":"selected","value":[true]},{"time":"1702311687290","type":"node was deleted","value":[-99]}],"isTextChangeable":1},{"id":"83a1cfbe-5157-41e2-b37e-2e24326c13a9","value":-2,"text":"expensive","comment":"","position":{"x":411,"y":224},"isActive":true,"date":1702311699141,"kind":"Node","isSelected":false,"isConnectorSelected":false,"isDraggable":1,"isDeletable":1,"hasElementMoved":false,"eventLog":[{"time":"1702311699141","type":"create node","value":[0]},{"time":"1702311699393","type":"selected","value":[true]},{"time":"1702311708136","type":"text","value":["Teuer"]},{"time":"1702311708136","type":"value","value":[-2]},{"time":"1702311708136","type":"selected","value":[false]},{"time":"2023-12-11T16:21:50.256Z","type":"position","value":{"x":[371],"y":[205]}}],"isTextChangeable":1},{"id":"01d70fc8-4dd8-40dd-9fa8-93e4c6a2bf3d","value":-3,"text":"job cuts","comment":"","position":{"x":493,"y":548},"isActive":true,"date":1702311721410,"kind":"Node","isSelected":false,"isConnectorSelected":false,"isDraggable":1,"isDeletable":1,"hasElementMoved":false,"eventLog":[{"time":1702311721410,"type":"create node","value":"0"},{"time":1702311721727,"type":"selected","value":"TRUE"},{"time":1702311730205,"type":"text","value":"Stellenabau"},{"time":1702311730205,"type":"value","value":"-3"},{"time":1702311730205,"type":"selected","value":"FALSE"}],"isTextChangeable":1},{"id":"7ed20c5f-23b8-481a-8fa7-6dc02b7efe5f","value":1,"text":"less staff required","comment":"","position":{"x":1046,"y":398},"isActive":true,"date":1702311739794,"kind":"Node","isSelected":false,"isConnectorSelected":false,"isDraggable":1,"isDeletable":1,"hasElementMoved":false,"eventLog":[{"time":1702311739794,"type":"create node","value":"0"},{"time":1702311741767,"type":"selected","value":"TRUE"},{"time":1702311849584,"type":"text","value":"Weniger Personal Erforderlich"},{"time":1702311849584,"type":"value","value":"1"},{"time":1702311849584,"type":"selected","value":"FALSE"}],"isTextChangeable":1}],"connectors":[{"id":"cc249918-d138-4a13-905c-8925c7caadfc","source":"81207048-3beb-4192-a5a3-c55a32517a3b","target":"6e08f78b-12c3-4075-826f-b0b324fc15cd","agreement":true,"isActive":true,"date":1702310588399,"kind":"Connector","isSelected":false,"intensity":3,"isDeletable":false,"isOver":false,"isBidirectional":false,"eventLog":[{"time":1702310588399,"type":"create connection"}]},{"id":"d3696cd0-9b07-4089-a6a8-60018435fd05","source":"81207048-3beb-4192-a5a3-c55a32517a3b","target":"5e001bb0-9f38-42a9-89a7-f0f02a0400f9","agreement":true,"isActive":true,"date":1702310588399,"kind":"Connector","isSelected":false,"intensity":3,"isDeletable":true,"isOver":false,"isBidirectional":false,"eventLog":[{"time":1702310588399,"type":"create connection"}]},{"id":"721902ca-efda-4e33-ba4e-c365c7b4bb9f","source":"52739b66-8878-494c-9e56-39650eb05666","target":"6e08f78b-12c3-4075-826f-b0b324fc15cd","agreement":true,"isActive":true,"date":1702311419789,"kind":"Connector","isSelected":false,"intensity":3,"isDeletable":true,"isOver":false,"isBidirectional":false,"eventLog":[{"time":1702311419789,"type":"create connection"}]},{"id":"ff3ab95e-28d6-4621-b1ff-cc2d8f566ad0","source":"dad689bf-a761-4494-8053-d0c5ab32462a","target":"6e08f78b-12c3-4075-826f-b0b324fc15cd","agreement":true,"isActive":true,"date":1702311439393,"kind":"Connector","isSelected":false,"intensity":3,"isDeletable":true,"isOver":false,"isBidirectional":false,"eventLog":[{"time":1702311439393,"type":"create connection"}]},{"id":"a4826713-a010-4e79-a3cc-c88f0eadd9c8","source":"1988813a-a66d-453a-956d-336718afc00f","target":"6e08f78b-12c3-4075-826f-b0b324fc15cd","agreement":true,"isActive":true,"date":1702311486608,"kind":"Connector","isSelected":false,"intensity":3,"isDeletable":true,"isOver":false,"isBidirectional":false,"eventLog":[{"time":1702311486608,"type":"create connection"}]},{"id":"b06766bd-d884-4734-8cbc-729133be7a2d","source":"5e001bb0-9f38-42a9-89a7-f0f02a0400f9","target":"6c8fbadc-46df-4aa3-a993-33445c66f811","agreement":true,"isActive":true,"date":1702311536155,"kind":"Connector","isSelected":false,"intensity":3,"isDeletable":true,"isOver":false,"isBidirectional":false,"eventLog":[{"time":1702311536155,"type":"create connection"}]},{"id":"a971d146-4850-48cb-a896-e5244839b1e4","source":"e787fabc-5f12-4b54-8ddf-898cffd84a01","target":"5e001bb0-9f38-42a9-89a7-f0f02a0400f9","agreement":true,"isActive":true,"date":1702311633358,"kind":"Connector","isSelected":false,"intensity":3,"isDeletable":true,"isOver":false,"isBidirectional":false,"eventLog":[{"time":1702311633358,"type":"create connection"}]},{"id":"21bf42ae-decf-4a46-a4c7-702d8f602981","source":"66429ddd-74ca-4910-bdaa-68bee72af064","target":"1988813a-a66d-453a-956d-336718afc00f","agreement":true,"isActive":true,"date":1702311645484,"kind":"Connector","isSelected":false,"intensity":3,"isDeletable":true,"isOver":false,"isBidirectional":false,"eventLog":[{"time":1702311645484,"type":"create connection"}]},{"id":"1adbd0ba-8cdb-4c6a-9cc2-510125036a79","source":"80c8a3d1-957d-44e4-abf9-6c30b476c83b","target":"1988813a-a66d-453a-956d-336718afc00f","agreement":true,"isActive":true,"date":1702311671947,"kind":"Connector","isSelected":false,"intensity":3,"isDeletable":true,"isOver":false,"isBidirectional":false,"eventLog":[{"time":1702311671947,"type":"create connection"}]},{"id":"5bcd5bbf-1176-46cc-9d20-b2450363a8c9","source":"80c8a3d1-957d-44e4-abf9-6c30b476c83b","target":"dad689bf-a761-4494-8053-d0c5ab32462a","agreement":true,"isActive":true,"date":1702311672744,"kind":"Connector","isSelected":false,"intensity":3,"isDeletable":true,"isOver":false,"isBidirectional":false,"eventLog":[{"time":1702311672744,"type":"create connection"}]},{"id":"d482a76c-d0a6-4d37-8e8d-88bc82a834a3","source":"83a1cfbe-5157-41e2-b37e-2e24326c13a9","target":"6e08f78b-12c3-4075-826f-b0b324fc15cd","agreement":true,"isActive":true,"date":1702311708855,"kind":"Connector","isSelected":false,"intensity":3,"isDeletable":true,"isOver":false,"isBidirectional":false,"eventLog":[{"time":1702311708855,"type":"create connection"}]},{"id":"5a5dcc06-6fee-4c29-8131-2aff36ffa9be","source":"01d70fc8-4dd8-40dd-9fa8-93e4c6a2bf3d","target":"6e08f78b-12c3-4075-826f-b0b324fc15cd","agreement":true,"isActive":true,"date":1702311731120,"kind":"Connector","isSelected":false,"intensity":3,"isDeletable":true,"isOver":false,"isBidirectional":false,"eventLog":[{"time":1702311731120,"type":"create connection"}]},{"id":"ddc6b795-0e04-444a-9e97-127c5f435ee8","source":"7ed20c5f-23b8-481a-8fa7-6dc02b7efe5f","target":"5e001bb0-9f38-42a9-89a7-f0f02a0400f9","agreement":true,"isActive":true,"date":1702311850280,"kind":"Connector","isSelected":false,"intensity":3,"isDeletable":true,"isOver":false,"isBidirectional":false,"eventLog":[{"time":1702311850280,"type":"create connection"}]}],"currentID":{},"currentNode":{},"hasSelectedNode":[false],"currentConnector":{},"hasSelectedConnector":[false],"readyToMove":[false],"isIncoming":[false],"hasElementMoved":[false]}
