{"idCAM":["463f299d-2c26-468b-9bd1-3be9e763a087"],"creator":["615416df060f5730a1d4e113_post"],"projectCAM":["S2_CAM part 2"],"defocusCAM":[],"date":[1702310927609],"nodes":[{"id":"306d4bd4-ebbc-4707-8ec4-1520d7933776","value":-3,"text":"social assistance robot","comment":"","position":{"x":650,"y":400},"isActive":true,"date":1702310928547,"kind":"Node","isSelected":false,"isConnectorSelected":false,"isDraggable":0,"isDeletable":0,"hasElementMoved":false,"eventLog":[{"time":1702310928547,"type":"create node","value":-3}],"isTextChangeable":0},{"id":"6975634c-fe17-4152-8dd9-739ebc55dce1","value":-3,"text":"disadvantages","comment":"","position":{"x":450,"y":400},"isActive":true,"date":1702310928547,"kind":"Node","isSelected":false,"isConnectorSelected":false,"isDraggable":0,"isDeletable":0,"hasElementMoved":false,"eventLog":[{"time":1702310928547,"type":"create node","value":-3}],"isTextChangeable":0},{"id":"4b59c053-9695-4610-a550-02a1f1937c27","value":0,"text":"advantages","comment":"","position":{"x":850,"y":400},"isActive":true,"date":1702310928548,"kind":"Node","isSelected":false,"isConnectorSelected":false,"isDraggable":0,"isDeletable":0,"hasElementMoved":false,"eventLog":[{"time":1702310928548,"type":"create node","value":0}],"isTextChangeable":0},{"id":"1e75a88f-92cb-4f2d-a543-d707f7a3b32c","value":-3,"text":"social isolation loneliness","comment":"","position":{"x":297,"y":400},"isActive":true,"date":1702310928548,"kind":"Node","isSelected":false,"isConnectorSelected":true,"isDraggable":1,"isDeletable":1,"hasElementMoved":false,"eventLog":[{"time":1702310928548,"type":"create node","value":-3}],"isTextChangeable":1},{"id":"f72d17c5-ba89-4318-a464-1807467246ec","value":-3,"text":"technical disruption","comment":"","position":{"x":471,"y":154},"isActive":true,"date":1702310928548,"kind":"Node","isSelected":false,"isConnectorSelected":false,"isDraggable":1,"isDeletable":1,"hasElementMoved":false,"eventLog":[{"time":1702310928548,"type":"create node","value":-3}],"isTextChangeable":1},{"id":"f5cefc48-7651-4d48-b0e3-79b993cc89b9","value":-3,"text":"forget","comment":"","position":{"x":135,"y":273},"isActive":true,"date":1702310928548,"kind":"Node","isSelected":false,"isConnectorSelected":false,"isDraggable":1,"isDeletable":1,"hasElementMoved":false,"eventLog":[{"time":1702310928548,"type":"create node","value":-3}],"isTextChangeable":1},{"id":"66b9f1de-2bff-4887-a988-30ee29350465","value":-3,"text":"unemployment","comment":"","position":{"x":547,"y":268},"isActive":true,"date":1702310928549,"kind":"Node","isSelected":false,"isConnectorSelected":false,"isDraggable":1,"isDeletable":1,"hasElementMoved":false,"eventLog":[{"time":1702310928549,"type":"create node","value":-3}],"isTextChangeable":1},{"id":"ec4e524b-065a-4316-9260-97f7d37a08b0","value":1,"text":"costs","comment":"","position":{"x":835,"y":286},"isActive":true,"date":1702310928549,"kind":"Node","isSelected":false,"isConnectorSelected":false,"isDraggable":1,"isDeletable":1,"hasElementMoved":false,"eventLog":[{"time":1702310928549,"type":"create node","value":1}],"isTextChangeable":1},{"id":"eb2f8faa-c3ce-4898-94b7-52344a44db05","value":-3,"text":"neglect","comment":"","position":{"x":251,"y":608},"isActive":true,"date":1702310928549,"kind":"Node","isSelected":false,"isConnectorSelected":false,"isDraggable":1,"isDeletable":1,"hasElementMoved":false,"eventLog":[{"time":1702310928549,"type":"create node","value":-3}],"isTextChangeable":1},{"id":"d65e51e9-f377-4195-8070-fda7e39e28b1","value":-3,"text":"capitalism","comment":"","position":{"x":880,"y":158},"isActive":true,"date":1702310928549,"kind":"Node","isSelected":false,"isConnectorSelected":false,"isDraggable":1,"isDeletable":1,"hasElementMoved":false,"eventLog":[{"time":1702310928549,"type":"create node","value":-3}],"isTextChangeable":1},{"id":"50af3373-dfde-4749-9769-5304682e77ae","value":10,"text":"jobs in robot construction","comment":"","position":{"x":785,"y":582},"isActive":true,"date":1702310928550,"kind":"Node","isSelected":false,"isConnectorSelected":false,"isDraggable":1,"isDeletable":1,"hasElementMoved":false,"eventLog":[{"time":1702310928550,"type":"create node","value":10}],"isTextChangeable":1},{"id":"e4622a63-5de5-4a8f-b9f2-92f2620c2321","value":-3,"text":"replacement of nature","comment":"","position":{"x":551,"y":569},"isActive":true,"date":1702310928550,"kind":"Node","isSelected":false,"isConnectorSelected":false,"isDraggable":1,"isDeletable":1,"hasElementMoved":false,"eventLog":[{"time":1702310928550,"type":"create node","value":-3}],"isTextChangeable":1},{"id":"15f332f5-451c-43a8-b42a-cc662786622a","value":-3,"text":"raw material consumption","comment":"","position":{"x":231,"y":66},"isActive":true,"date":1702310928550,"kind":"Node","isSelected":false,"isConnectorSelected":false,"isDraggable":1,"isDeletable":1,"hasElementMoved":false,"eventLog":[{"time":1702310928550,"type":"create node","value":-3}],"isTextChangeable":1},{"id":"93663bcc-5f82-42b6-b027-8995f64315cf","value":-3,"text":"social dependency","comment":"","position":{"x":393,"y":671},"isActive":true,"date":1702310939422,"kind":"Node","isSelected":false,"isConnectorSelected":true,"isDraggable":1,"isDeletable":1,"hasElementMoved":false,"eventLog":[{"time":1702310939422,"type":"create node","value":"0"},{"time":1702310940587,"type":"selected","value":"TRUE"},{"time":1702310957347,"type":"text","value":"soziale Abhängigkeit"},{"time":1702310957347,"type":"value","value":"-3"},{"time":1702310957347,"type":"selected","value":"FALSE"}],"isTextChangeable":1}],"connectors":[{"id":"8e0e3352-9f0e-47e1-a8f7-b917269465dc","source":"306d4bd4-ebbc-4707-8ec4-1520d7933776","target":"6975634c-fe17-4152-8dd9-739ebc55dce1","agreement":false,"isActive":true,"date":1702310928551,"kind":"Connector","isSelected":false,"intensity":6,"isDeletable":false,"isOver":false,"isBidirectional":false,"eventLog":[{"time":1702310928551,"type":"create connection"}]},{"id":"6ee74783-06ed-4f1f-877d-de4c3dac8d69","source":"306d4bd4-ebbc-4707-8ec4-1520d7933776","target":"4b59c053-9695-4610-a550-02a1f1937c27","agreement":true,"isActive":true,"date":1702310928552,"kind":"Connector","isSelected":false,"intensity":9,"isDeletable":true,"isOver":false,"isBidirectional":false,"eventLog":[{"time":1702310928552,"type":"create connection"}]},{"id":"9445881d-bd9d-4923-8a29-efa338556865","source":"6975634c-fe17-4152-8dd9-739ebc55dce1","target":"1e75a88f-92cb-4f2d-a543-d707f7a3b32c","agreement":true,"isActive":true,"date":1702310928553,"kind":"Connector","isSelected":false,"intensity":9,"isDeletable":true,"isOver":false,"isBidirectional":false,"eventLog":[{"time":1702310928553,"type":"create connection"}]},{"id":"10f15ffd-2bbb-4e59-bed4-d91f85f1e396","source":"f72d17c5-ba89-4318-a464-1807467246ec","target":"6975634c-fe17-4152-8dd9-739ebc55dce1","agreement":true,"isActive":true,"date":1702310928554,"kind":"Connector","isSelected":false,"intensity":9,"isDeletable":true,"isOver":false,"isBidirectional":false,"eventLog":[{"time":1702310928554,"type":"create connection"}]},{"id":"cf0b728f-dd2d-4484-b149-4f6197d2ba76","source":"f5cefc48-7651-4d48-b0e3-79b993cc89b9","target":"6975634c-fe17-4152-8dd9-739ebc55dce1","agreement":true,"isActive":true,"date":1702310928555,"kind":"Connector","isSelected":false,"intensity":9,"isDeletable":true,"isOver":false,"isBidirectional":false,"eventLog":[{"time":1702310928555,"type":"create connection"}]},{"id":"e43f24ed-dd32-4abc-8037-84ff708c0a4b","source":"6975634c-fe17-4152-8dd9-739ebc55dce1","target":"66b9f1de-2bff-4887-a988-30ee29350465","agreement":true,"isActive":true,"date":1702310928555,"kind":"Connector","isSelected":false,"intensity":9,"isDeletable":true,"isOver":false,"isBidirectional":false,"eventLog":[{"time":1702310928555,"type":"create connection"}]},{"id":"1a05886f-d1c6-4301-a8db-edab86427826","source":"ec4e524b-065a-4316-9260-97f7d37a08b0","target":"4b59c053-9695-4610-a550-02a1f1937c27","agreement":true,"isActive":true,"date":1702310928556,"kind":"Connector","isSelected":false,"intensity":3,"isDeletable":true,"isOver":false,"isBidirectional":false,"eventLog":[{"time":1702310928556,"type":"create connection"}]},{"id":"8ef7e870-8c09-4f16-8091-467ddc994555","source":"ec4e524b-065a-4316-9260-97f7d37a08b0","target":"66b9f1de-2bff-4887-a988-30ee29350465","agreement":false,"isActive":true,"date":1702310928557,"kind":"Connector","isSelected":false,"intensity":6,"isDeletable":true,"isOver":false,"isBidirectional":false,"eventLog":[{"time":1702310928557,"type":"create connection"}]},{"id":"34fbe2ab-ec9d-4d3a-abca-9a941c1aa8a6","source":"f72d17c5-ba89-4318-a464-1807467246ec","target":"ec4e524b-065a-4316-9260-97f7d37a08b0","agreement":false,"isActive":true,"date":1702310928558,"kind":"Connector","isSelected":false,"intensity":9,"isDeletable":true,"isOver":false,"isBidirectional":false,"eventLog":[{"time":1702310928558,"type":"create connection"}]},{"id":"104bef29-4400-4c08-8dc6-7e9f29212e3c","source":"eb2f8faa-c3ce-4898-94b7-52344a44db05","target":"f5cefc48-7651-4d48-b0e3-79b993cc89b9","agreement":true,"isActive":true,"date":1702310928558,"kind":"Connector","isSelected":false,"intensity":9,"isDeletable":true,"isOver":false,"isBidirectional":false,"eventLog":[{"time":1702310928558,"type":"create connection"}]},{"id":"e966a7c5-5e35-45e4-8ac0-9b442eae4184","source":"eb2f8faa-c3ce-4898-94b7-52344a44db05","target":"6975634c-fe17-4152-8dd9-739ebc55dce1","agreement":true,"isActive":true,"date":1702310928559,"kind":"Connector","isSelected":false,"intensity":9,"isDeletable":true,"isOver":false,"isBidirectional":false,"eventLog":[{"time":1702310928559,"type":"create connection"}]},{"id":"76a619ec-a489-40af-afcf-7cb187581fb5","source":"f5cefc48-7651-4d48-b0e3-79b993cc89b9","target":"1e75a88f-92cb-4f2d-a543-d707f7a3b32c","agreement":true,"isActive":true,"date":1702310928560,"kind":"Connector","isSelected":false,"intensity":9,"isDeletable":true,"isOver":false,"isBidirectional":false,"eventLog":[{"time":1702310928560,"type":"create connection"}]},{"id":"b0c5799b-fd64-4194-b61d-80578d51807b","source":"d65e51e9-f377-4195-8070-fda7e39e28b1","target":"ec4e524b-065a-4316-9260-97f7d37a08b0","agreement":true,"isActive":true,"date":1702310928560,"kind":"Connector","isSelected":false,"intensity":9,"isDeletable":true,"isOver":false,"isBidirectional":false,"eventLog":[{"time":1702310928560,"type":"create connection"}]},{"id":"b6ae5e9d-b52e-4307-8e60-fb6298888c15","source":"d65e51e9-f377-4195-8070-fda7e39e28b1","target":"1e75a88f-92cb-4f2d-a543-d707f7a3b32c","agreement":true,"isActive":true,"date":1702310928561,"kind":"Connector","isSelected":false,"intensity":9,"isDeletable":true,"isOver":false,"isBidirectional":false,"eventLog":[{"time":1702310928561,"type":"create connection"}]},{"id":"7e86dcdd-4d63-45d9-a836-05ed60d6b3ae","source":"eb2f8faa-c3ce-4898-94b7-52344a44db05","target":"d65e51e9-f377-4195-8070-fda7e39e28b1","agreement":true,"isActive":true,"date":1702310928562,"kind":"Connector","isSelected":false,"intensity":9,"isDeletable":true,"isOver":false,"isBidirectional":false,"eventLog":[{"time":1702310928562,"type":"create connection"}]},{"id":"ea95c127-0b8c-438b-93db-c0e488839caf","source":"66b9f1de-2bff-4887-a988-30ee29350465","target":"d65e51e9-f377-4195-8070-fda7e39e28b1","agreement":true,"isActive":true,"date":1702310928562,"kind":"Connector","isSelected":false,"intensity":9,"isDeletable":true,"isOver":false,"isBidirectional":false,"eventLog":[{"time":1702310928562,"type":"create connection"}]},{"id":"e6ee576e-8770-41bf-af64-71909324059a","source":"50af3373-dfde-4749-9769-5304682e77ae","target":"4b59c053-9695-4610-a550-02a1f1937c27","agreement":true,"isActive":true,"date":1702310928563,"kind":"Connector","isSelected":false,"intensity":6,"isDeletable":true,"isOver":false,"isBidirectional":false,"eventLog":[{"time":1702310928563,"type":"create connection"}]},{"id":"331e4e60-ca00-44b0-ac47-6d75e47c4cd3","source":"50af3373-dfde-4749-9769-5304682e77ae","target":"1e75a88f-92cb-4f2d-a543-d707f7a3b32c","agreement":true,"isActive":true,"date":1702310928564,"kind":"Connector","isSelected":false,"intensity":6,"isDeletable":true,"isOver":false,"isBidirectional":false,"eventLog":[{"time":1702310928564,"type":"create connection"}]},{"id":"257effdf-be61-43da-9b21-642e9af0de9d","source":"6975634c-fe17-4152-8dd9-739ebc55dce1","target":"e4622a63-5de5-4a8f-b9f2-92f2620c2321","agreement":true,"isActive":true,"date":1702310928564,"kind":"Connector","isSelected":false,"intensity":9,"isDeletable":true,"isOver":false,"isBidirectional":false,"eventLog":[{"time":1702310928564,"type":"create connection"}]},{"id":"08023d04-db16-41db-9604-a55312874309","source":"e4622a63-5de5-4a8f-b9f2-92f2620c2321","target":"eb2f8faa-c3ce-4898-94b7-52344a44db05","agreement":true,"isActive":true,"date":1702310928565,"kind":"Connector","isSelected":false,"intensity":9,"isDeletable":true,"isOver":false,"isBidirectional":false,"eventLog":[{"time":1702310928565,"type":"create connection"}]},{"id":"1426f950-9aab-46a8-bafe-9c5200921c1f","source":"1e75a88f-92cb-4f2d-a543-d707f7a3b32c","target":"e4622a63-5de5-4a8f-b9f2-92f2620c2321","agreement":true,"isActive":true,"date":1702310928565,"kind":"Connector","isSelected":false,"intensity":9,"isDeletable":true,"isOver":false,"isBidirectional":false,"eventLog":[{"time":1702310928565,"type":"create connection"}]},{"id":"d6133efc-df8a-4624-958b-4d170cb45b25","source":"15f332f5-451c-43a8-b42a-cc662786622a","target":"6975634c-fe17-4152-8dd9-739ebc55dce1","agreement":true,"isActive":true,"date":1702310928566,"kind":"Connector","isSelected":false,"intensity":9,"isDeletable":true,"isOver":false,"isBidirectional":false,"eventLog":[{"time":1702310928566,"type":"create connection"}]},{"id":"48fbca87-64b8-4a0e-8c53-532a99162d8f","source":"50af3373-dfde-4749-9769-5304682e77ae","target":"15f332f5-451c-43a8-b42a-cc662786622a","agreement":true,"isActive":true,"date":1702310928567,"kind":"Connector","isSelected":false,"intensity":9,"isDeletable":true,"isOver":false,"isBidirectional":false,"eventLog":[{"time":1702310928567,"type":"create connection"}]},{"id":"7369cd00-db70-4b13-9cd3-9be47bf626f2","source":"15f332f5-451c-43a8-b42a-cc662786622a","target":"d65e51e9-f377-4195-8070-fda7e39e28b1","agreement":true,"isActive":true,"date":1702310928567,"kind":"Connector","isSelected":false,"intensity":6,"isDeletable":true,"isOver":false,"isBidirectional":false,"eventLog":[{"time":1702310928567,"type":"create connection"}]},{"id":"91ebd1ec-53ce-41a2-bf55-afb28143e24c","source":"93663bcc-5f82-42b6-b027-8995f64315cf","target":"6975634c-fe17-4152-8dd9-739ebc55dce1","agreement":true,"isActive":true,"date":1702310960364,"kind":"Connector","isSelected":false,"intensity":9,"isDeletable":true,"isOver":false,"isBidirectional":false,"eventLog":[{"time":1702310960364,"type":"create connection"},{"time":1702310961537,"type":"selected","value":1},{"time":1702310965200,"type":"change intensity of connector","value":9},{"time":1702310965200,"type":"selected","value":0}]},{"id":"99ef21c1-138b-4fd1-aa6f-ac181e2f9e72","source":"eb2f8faa-c3ce-4898-94b7-52344a44db05","target":"93663bcc-5f82-42b6-b027-8995f64315cf","agreement":true,"isActive":true,"date":1702310967163,"kind":"Connector","isSelected":false,"intensity":9,"isDeletable":true,"isOver":false,"isBidirectional":false,"eventLog":[{"time":1702310967163,"type":"create connection"},{"time":1702310968271,"type":"selected","value":1},{"time":1702310974533,"type":"change intensity of connector","value":9},{"time":1702310974533,"type":"selected","value":0}]},{"id":"e5fd27e8-c37e-4d07-a482-6f284b0f409d","source":"93663bcc-5f82-42b6-b027-8995f64315cf","target":"e4622a63-5de5-4a8f-b9f2-92f2620c2321","agreement":true,"isActive":true,"date":1702310977216,"kind":"Connector","isSelected":false,"intensity":9,"isDeletable":true,"isOver":false,"isBidirectional":false,"eventLog":[{"time":1702310977216,"type":"create connection"},{"time":1702310978320,"type":"selected","value":1},{"time":1702310983404,"type":"change intensity of connector","value":9},{"time":1702310983404,"type":"selected","value":0}]},{"id":"87e5a2b8-bebd-4025-8385-2648e4f3a79d","source":"1e75a88f-92cb-4f2d-a543-d707f7a3b32c","target":"93663bcc-5f82-42b6-b027-8995f64315cf","agreement":true,"isActive":true,"date":1702310986545,"kind":"Connector","isSelected":false,"intensity":9,"isDeletable":true,"isOver":false,"isBidirectional":false,"eventLog":[{"time":1702310986545,"type":"create connection"},{"time":1702310988347,"type":"selected","value":1},{"time":1702310992467,"type":"change intensity of connector","value":9},{"time":1702310992467,"type":"selected","value":0}]}],"currentID":["87e5a2b8-bebd-4025-8385-2648e4f3a79d"],"currentNode":{},"hasSelectedNode":[false],"currentConnector":{"id":["87e5a2b8-bebd-4025-8385-2648e4f3a79d"],"value":{},"source":["1e75a88f-92cb-4f2d-a543-d707f7a3b32c"],"target":["93663bcc-5f82-42b6-b027-8995f64315cf"],"agreement":[true],"isActive":[true],"date":[1702310986545],"kind":["Connector"],"isSelected":[false],"intensity":[9],"isDeletable":[true],"isOver":[false],"isBidirectional":[false],"eventLog":[{"time":1702310986545,"type":"create connection"},{"time":1702310988347,"type":"selected","value":1},{"time":1702310992467,"type":"change intensity of connector","value":9},{"time":1702310992467,"type":"selected","value":0}]},"hasSelectedConnector":[true],"readyToMove":[false],"isIncoming":[false],"hasElementMoved":[false]}
