{"idCAM":["95d5f60a-f397-467a-823c-be580f1eb850"],"creator":["61574c44d4bd510e680f9d7a_post"],"projectCAM":["S2_CAM part 2"],"defocusCAM":[],"date":[1702377220690],"nodes":[{"id":"b5c36d99-badf-4c6b-973e-a4444fef29a4","value":10,"text":"rescue robot","comment":"","position":{"x":650,"y":400},"isActive":true,"date":1702377221571,"kind":"Node","isSelected":false,"isConnectorSelected":false,"isDraggable":0,"isDeletable":0,"hasElementMoved":false,"eventLog":[{"time":1702377221572,"type":"create node","value":10}],"isTextChangeable":0},{"id":"8e495701-a942-441d-b5f0-acd303849fd5","value":-1,"text":"disadvantages","comment":"","position":{"x":450,"y":400},"isActive":true,"date":1702377221572,"kind":"Node","isSelected":false,"isConnectorSelected":false,"isDraggable":0,"isDeletable":0,"hasElementMoved":false,"eventLog":[{"time":1702377221572,"type":"create node","value":-1}],"isTextChangeable":0},{"id":"8aadd5c8-21f4-4325-8a5b-aa53af134c2a","value":2,"text":"advantages","comment":"","position":{"x":850,"y":400},"isActive":true,"date":1702377221572,"kind":"Node","isSelected":false,"isConnectorSelected":false,"isDraggable":0,"isDeletable":0,"hasElementMoved":false,"eventLog":[{"time":1702377221572,"type":"create node","value":2}],"isTextChangeable":0},{"id":"d91695a5-3f62-4fde-a603-668016916b89","value":10,"text":"no compassion","comment":"","position":{"x":294,"y":716},"isActive":true,"date":1702377221572,"kind":"Node","isSelected":false,"isConnectorSelected":false,"isDraggable":1,"isDeletable":1,"hasElementMoved":false,"eventLog":[{"time":"1702377221572","type":"create node","value":[-3]},{"time":"2023-12-12T10:35:43.934Z","type":"position","value":{"x":[180],"y":[590]}},{"time":"2023-12-12T10:35:44.089Z","type":"position","value":{"x":[182],"y":[431]}},{"time":"2023-12-12T10:35:46.990Z","type":"position","value":{"x":[199],"y":[360]}},{"time":"2023-12-12T10:37:04.585Z","type":"position","value":{"x":[209],"y":[397]}},{"time":"2023-12-12T10:37:04.702Z","type":"position","value":{"x":[281],"y":[558]}},{"time":"2023-12-12T10:37:04.802Z","type":"position","value":{"x":[359],"y":[635]}},{"time":"2023-12-12T10:37:08.319Z","type":"position","value":{"x":[401],"y":[655]}},{"time":"2023-12-12T10:37:08.606Z","type":"position","value":{"x":[251],"y":[697]}},{"time":"1702377466398","type":"selected","value":[true]},{"time":"1702377473120","type":"value","value":[10]},{"time":"1702377473120","type":"selected","value":[false]}],"isTextChangeable":1},{"id":"55c39f9a-16ab-4494-bfb4-73512f63eb4e","value":3,"text":"no breaks","comment":"","position":{"x":787,"y":238},"isActive":true,"date":1702377221572,"kind":"Node","isSelected":false,"isConnectorSelected":false,"isDraggable":1,"isDeletable":1,"hasElementMoved":false,"eventLog":[{"time":1702377221572,"type":"create node","value":3}],"isTextChangeable":1},{"id":"e14c14d7-1597-47a9-9ba6-2720cacccd02","value":1,"text":"robust","comment":"","position":{"x":929,"y":211},"isActive":true,"date":1702377221572,"kind":"Node","isSelected":false,"isConnectorSelected":false,"isDraggable":1,"isDeletable":1,"hasElementMoved":false,"eventLog":[{"time":1702377221572,"type":"create node","value":1}],"isTextChangeable":1},{"id":"d66b5ab1-5d5f-446b-add9-500b8d0ae007","value":3,"text":"dispensable","comment":"","position":{"x":780,"y":591},"isActive":true,"date":1702377221572,"kind":"Node","isSelected":false,"isConnectorSelected":false,"isDraggable":1,"isDeletable":1,"hasElementMoved":false,"eventLog":[{"time":"1702377221572","type":"create node","value":[3]},{"time":"2023-12-12T10:34:33.285Z","type":"position","value":{"x":[1138],"y":[608]}},{"time":"2023-12-12T10:34:33.619Z","type":"position","value":{"x":[984],"y":[557]}},{"time":"2023-12-12T10:37:12.126Z","type":"position","value":{"x":[979],"y":[576]}},{"time":"2023-12-12T10:37:12.259Z","type":"position","value":{"x":[823],"y":[573]}},{"time":"2023-12-12T10:37:19.149Z","type":"position","value":{"x":[697],"y":[510]}},{"time":"2023-12-12T10:37:23.225Z","type":"position","value":{"x":[783],"y":[605]}}],"isTextChangeable":1},{"id":"7682fe67-f5e8-4cd6-89da-01fb7cadc34f","value":-1,"text":"material","comment":"","position":{"x":499,"y":37},"isActive":true,"date":1702377221572,"kind":"Node","isSelected":false,"isConnectorSelected":false,"isDraggable":1,"isDeletable":1,"hasElementMoved":false,"eventLog":[{"time":1702377221572,"type":"create node","value":-1}],"isTextChangeable":1},{"id":"09f0c4e7-a78f-4f1e-a5f0-cd3ed0141f32","value":-1,"text":"limited mobility","comment":"","position":{"x":263,"y":94},"isActive":true,"date":1702377221572,"kind":"Node","isSelected":false,"isConnectorSelected":false,"isDraggable":1,"isDeletable":1,"hasElementMoved":false,"eventLog":[{"time":1702377221572,"type":"create node","value":-1}],"isTextChangeable":1},{"id":"0243162a-8639-46f2-923c-6e3b4acbf7c4","value":-2,"text":"missing sensitivity","comment":"","position":{"x":84,"y":417},"isActive":true,"date":1702377221572,"kind":"Node","isSelected":false,"isConnectorSelected":false,"isDraggable":1,"isDeletable":1,"hasElementMoved":false,"eventLog":[{"time":"1702377221572","type":"create node","value":[-2]},{"time":"2023-12-12T10:35:42.754Z","type":"position","value":{"x":[225],"y":[402]}},{"time":"2023-12-12T10:35:43.138Z","type":"position","value":{"x":[74],"y":[452]}},{"time":"2023-12-12T10:35:45.623Z","type":"position","value":{"x":[51],"y":[450]}},{"time":"2023-12-12T10:37:07.171Z","type":"position","value":{"x":[68],"y":[530]}}],"isTextChangeable":1},{"id":"8930dd5e-34a1-4dbb-99da-2b0cfd32da5d","value":3,"text":"immune","comment":"","position":{"x":1186,"y":130},"isActive":true,"date":1702377221572,"kind":"Node","isSelected":false,"isConnectorSelected":false,"isDraggable":1,"isDeletable":1,"hasElementMoved":false,"eventLog":[{"time":1702377221572,"type":"create node","value":3}],"isTextChangeable":1},{"id":"b5809947-a3b6-4ca3-96ec-9a2e0d3d08f5","value":-3,"text":"abusable","comment":"","position":{"x":530,"y":591},"isActive":true,"date":1702377221572,"kind":"Node","isSelected":false,"isConnectorSelected":false,"isDraggable":1,"isDeletable":1,"hasElementMoved":false,"eventLog":[{"time":"1702377221572","type":"create node","value":[-3]},{"time":"2023-12-12T10:34:32.101Z","type":"position","value":{"x":[689],"y":[616]}},{"time":"2023-12-12T10:37:20.284Z","type":"position","value":{"x":[623],"y":[574]}}],"isTextChangeable":1},{"id":"fd7c863f-71de-42a5-8b4b-a92d94fe2ea5","value":-2,"text":"high costs","comment":"","position":{"x":571,"y":236},"isActive":true,"date":1702377221572,"kind":"Node","isSelected":false,"isConnectorSelected":false,"isDraggable":1,"isDeletable":1,"hasElementMoved":false,"eventLog":[{"time":"1702377221572","type":"create node","value":[-2]},{"time":"2023-12-12T10:37:37.900Z","type":"position","value":{"x":[575],"y":[235]}},{"time":"1702377458486","type":"selected","value":[true]},{"time":"1702377460552","type":"selected","value":[false]},{"time":"2023-12-12T10:37:41.372Z","type":"position","value":{"x":[562],"y":[251]}}],"isTextChangeable":1},{"id":"fa028402-0cd5-441a-9c82-f9838d19e7fa","value":-2,"text":"missing humanity","comment":"","position":{"x":274,"y":511},"isActive":true,"date":1702377221572,"kind":"Node","isSelected":false,"isConnectorSelected":false,"isDraggable":1,"isDeletable":1,"hasElementMoved":false,"eventLog":[{"time":"1702377221572","type":"create node","value":[-2]},{"time":"2023-12-12T10:37:05.803Z","type":"position","value":{"x":[125],"y":[249]}},{"time":"2023-12-12T10:37:05.919Z","type":"position","value":{"x":[241],"y":[436]}},{"time":"2023-12-12T10:37:05.953Z","type":"position","value":{"x":[287],"y":[501]}},{"time":"2023-12-12T10:37:09.836Z","type":"position","value":{"x":[308],"y":[529]}}],"isTextChangeable":1},{"id":"3ea0df66-8217-41b3-97d9-46ef255c0a5d","value":0,"text":"","comment":"","position":{"x":713,"y":507},"isActive":false,"date":1702377221572,"kind":"Node","isSelected":false,"isConnectorSelected":false,"isDraggable":1,"isDeletable":1,"hasElementMoved":false,"eventLog":[{"time":1702377221572,"type":"create node","value":0},{"time":1702377225391,"type":"selected","value":1},{"time":1702377226446,"type":"node was deleted","value":-99}],"isTextChangeable":1},{"id":"0dccd7b1-a1e9-43ed-b5f7-fd9e9a5dae39","value":-2,"text":"deterrent appearance","comment":"a robot could appear frightening","position":{"x":117,"y":166},"isActive":true,"date":1702377227853,"kind":"Node","isSelected":false,"isConnectorSelected":false,"isDraggable":1,"isDeletable":1,"hasElementMoved":false,"eventLog":[{"time":"1702377227853","type":"create node","value":[0]},{"time":"1702377228213","type":"selected","value":[true]},{"time":"1702377255629","type":"text","value":["abschreckende Erscheinung"]},{"time":"1702377255629","type":"value","value":[-2]},{"time":"1702377255629","type":"comment","value":["ein Roboter könnte angsteinflößend wirken"]},{"time":"1702377255629","type":"selected","value":[false]},{"time":"2023-12-12T10:34:16.122Z","type":"position","value":{"x":[422],"y":[610]}},{"time":"2023-12-12T10:34:38.340Z","type":"position","value":{"x":[437],"y":[681]}},{"time":"2023-12-12T10:37:03.055Z","type":"position","value":{"x":[302],"y":[668]}},{"time":"2023-12-12T10:37:03.167Z","type":"position","value":{"x":[310],"y":[515]}},{"time":"2023-12-12T10:37:03.250Z","type":"position","value":{"x":[254],"y":[342]}},{"time":"2023-12-12T10:37:03.484Z","type":"position","value":{"x":[156],"y":[191]}},{"time":"2023-12-12T10:37:03.501Z","type":"position","value":{"x":[148],"y":[186]}}],"isTextChangeable":1},{"id":"e5614876-d928-482b-8d7a-73eba6f84595","value":-3,"text":"unmenschlich","comment":"ein Roboter könnten unfair nach fest programmierten Regeln handeln und in Einzelfällen möglicherweise falsch agieren","position":{"x":38,"y":536},"isActive":false,"date":1702377283132,"kind":"Node","isSelected":false,"isConnectorSelected":false,"isDraggable":1,"isDeletable":1,"hasElementMoved":false,"eventLog":[{"time":"1702377283132","type":"create node","value":[0]},{"time":"1702377283485","type":"selected","value":[true]},{"time":"1702377283898","type":"selected","value":[false]},{"time":"1702377285110","type":"selected","value":[true]},{"time":"1702377321609","type":"text","value":["unmenschlich"]},{"time":"1702377321609","type":"value","value":[-3]},{"time":"1702377321609","type":"comment","value":["ein Roboter könnten unfair nach fest programmierten Regeln handeln und in Einzelfällen möglicherweise falsch agieren"]},{"time":"1702377321609","type":"selected","value":[false]},{"time":"2023-12-12T10:35:25.281Z","type":"position","value":{"x":[487],"y":[692]}},{"time":"2023-12-12T10:35:25.403Z","type":"position","value":{"x":[333],"y":[627]}},{"time":"2023-12-12T10:35:25.520Z","type":"position","value":{"x":[177],"y":[543]}},{"time":"2023-12-12T10:35:25.537Z","type":"position","value":{"x":[154],"y":[536]}},{"time":"1702377330687","type":"selected","value":[true]},{"time":"1702377331093","type":"selected","value":[false]},{"time":"1702377331700","type":"selected","value":[true]},{"time":"1702377332866","type":"node was deleted","value":[-99]}],"isTextChangeable":1},{"id":"610ea188-7954-4722-9927-c0fc20d128ef","value":0,"text":"","comment":"","position":{"x":95,"y":696},"isActive":false,"date":1702377350574,"kind":"Node","isSelected":false,"isConnectorSelected":false,"isDraggable":1,"isDeletable":1,"hasElementMoved":false,"eventLog":[{"time":1702377350574,"type":"create node","value":0},{"time":1702377350581,"type":"selected","value":1},{"time":1702377350997,"type":"selected","value":0},{"time":1702377352015,"type":"selected","value":1},{"time":1702377357998,"type":"node was deleted","value":-99}],"isTextChangeable":1},{"id":"42066449-c2a1-45e4-b337-c009577d33f3","value":3,"text":"supply","comment":"Robots can take care of people who are initially unreachable.","position":{"x":1024,"y":721},"isActive":true,"date":1702377382080,"kind":"Node","isSelected":false,"isConnectorSelected":false,"isDraggable":1,"isDeletable":1,"hasElementMoved":false,"eventLog":[{"time":"1702377382080","type":"create node","value":[0]},{"time":"1702377382155","type":"selected","value":[true]},{"time":"1702377398826","type":"text","value":["Versorgung"]},{"time":"1702377398826","type":"value","value":[3]},{"time":"1702377398826","type":"comment","value":["Roboter können Menschen versorgen die erstmal unerreichbar sind"]},{"time":"1702377398826","type":"selected","value":[false]},{"time":"2023-12-12T10:36:56.493Z","type":"position","value":{"x":[738],"y":[678]}},{"time":"2023-12-12T10:37:13.489Z","type":"position","value":{"x":[660],"y":[715]}},{"time":"2023-12-12T10:37:14.611Z","type":"position","value":{"x":[731],"y":[713]}},{"time":"2023-12-12T10:37:14.795Z","type":"position","value":{"x":[886],"y":[717]}},{"time":"2023-12-12T10:37:17.637Z","type":"position","value":{"x":[945],"y":[727]}}],"isTextChangeable":1},{"id":"cc71ab64-0e4e-4252-ac84-b708c99ec3e7","value":0,"text":"","comment":"","position":{"x":1077,"y":703},"isActive":false,"date":1702377434101,"kind":"Node","isSelected":false,"isConnectorSelected":false,"isDraggable":1,"isDeletable":1,"hasElementMoved":false,"eventLog":[{"time":1702377434101,"type":"create node","value":0},{"time":1702377435656,"type":"selected","value":1},{"time":1702377436893,"type":"node was deleted","value":-99}],"isTextChangeable":1}],"connectors":[{"id":"f1d42589-9038-4a8d-bdff-1fef39a3e606","source":"b5c36d99-badf-4c6b-973e-a4444fef29a4","target":"8e495701-a942-441d-b5f0-acd303849fd5","agreement":true,"isActive":true,"date":1702377221572,"kind":"Connector","isSelected":false,"intensity":3,"isDeletable":false,"isOver":false,"isBidirectional":false,"eventLog":[{"time":1702377221572,"type":"create connection"}]},{"id":"d5e44532-eb0f-48bc-8651-c9186e310c25","source":"b5c36d99-badf-4c6b-973e-a4444fef29a4","target":"8aadd5c8-21f4-4325-8a5b-aa53af134c2a","agreement":true,"isActive":true,"date":1702377221572,"kind":"Connector","isSelected":false,"intensity":3,"isDeletable":true,"isOver":false,"isBidirectional":false,"eventLog":[{"time":1702377221572,"type":"create connection"}]},{"id":"25bd06d9-8233-485a-86e6-63f99a6aee9d","source":"d91695a5-3f62-4fde-a603-668016916b89","target":"8e495701-a942-441d-b5f0-acd303849fd5","agreement":true,"isActive":true,"date":1702377221572,"kind":"Connector","isSelected":false,"intensity":9,"isDeletable":true,"isOver":false,"isBidirectional":false,"eventLog":[{"time":1702377221572,"type":"create connection"}]},{"id":"49cc7d64-e677-4e13-a44d-784e5f2d3c93","source":"55c39f9a-16ab-4494-bfb4-73512f63eb4e","target":"8aadd5c8-21f4-4325-8a5b-aa53af134c2a","agreement":true,"isActive":true,"date":1702377221572,"kind":"Connector","isSelected":false,"intensity":6,"isDeletable":true,"isOver":false,"isBidirectional":false,"eventLog":[{"time":1702377221572,"type":"create connection"}]},{"id":"42024787-90ac-40b3-bcec-c23fd3977f83","source":"8aadd5c8-21f4-4325-8a5b-aa53af134c2a","target":"e14c14d7-1597-47a9-9ba6-2720cacccd02","agreement":true,"isActive":true,"date":1702377221572,"kind":"Connector","isSelected":false,"intensity":3,"isDeletable":true,"isOver":false,"isBidirectional":false,"eventLog":[{"time":1702377221572,"type":"create connection"}]},{"id":"b0885a7e-1a1d-4f07-8076-0340f7e9455d","source":"8aadd5c8-21f4-4325-8a5b-aa53af134c2a","target":"d66b5ab1-5d5f-446b-add9-500b8d0ae007","agreement":true,"isActive":true,"date":1702377221572,"kind":"Connector","isSelected":false,"intensity":9,"isDeletable":true,"isOver":false,"isBidirectional":false,"eventLog":[{"time":1702377221572,"type":"create connection"}]},{"id":"de7d883c-796a-4f4f-8806-6e8e93c32b37","source":"8e495701-a942-441d-b5f0-acd303849fd5","target":"7682fe67-f5e8-4cd6-89da-01fb7cadc34f","agreement":true,"isActive":true,"date":1702377221572,"kind":"Connector","isSelected":false,"intensity":3,"isDeletable":true,"isOver":false,"isBidirectional":false,"eventLog":[{"time":1702377221572,"type":"create connection"}]},{"id":"2c156e83-3337-4247-b9ed-fd4fe93815e4","source":"09f0c4e7-a78f-4f1e-a5f0-cd3ed0141f32","target":"8e495701-a942-441d-b5f0-acd303849fd5","agreement":true,"isActive":true,"date":1702377221572,"kind":"Connector","isSelected":false,"intensity":3,"isDeletable":true,"isOver":false,"isBidirectional":false,"eventLog":[{"time":1702377221572,"type":"create connection"}]},{"id":"341118ce-7ab2-446a-9514-86aed38ceca0","source":"0243162a-8639-46f2-923c-6e3b4acbf7c4","target":"d91695a5-3f62-4fde-a603-668016916b89","agreement":true,"isActive":true,"date":1702377221572,"kind":"Connector","isSelected":false,"intensity":3,"isDeletable":true,"isOver":false,"isBidirectional":false,"eventLog":[{"time":1702377221572,"type":"create connection"}]},{"id":"c775b314-1ea9-4966-ab12-9573700daabe","source":"8e495701-a942-441d-b5f0-acd303849fd5","target":"0243162a-8639-46f2-923c-6e3b4acbf7c4","agreement":true,"isActive":true,"date":1702377221572,"kind":"Connector","isSelected":false,"intensity":6,"isDeletable":true,"isOver":false,"isBidirectional":false,"eventLog":[{"time":1702377221572,"type":"create connection"}]},{"id":"50ea74ac-9da6-4a55-b609-8d5702066d8f","source":"8930dd5e-34a1-4dbb-99da-2b0cfd32da5d","target":"8aadd5c8-21f4-4325-8a5b-aa53af134c2a","agreement":true,"isActive":true,"date":1702377221572,"kind":"Connector","isSelected":false,"intensity":9,"isDeletable":true,"isOver":false,"isBidirectional":false,"eventLog":[{"time":1702377221572,"type":"create connection"}]},{"id":"419ba77e-7902-4f85-8925-d3ee922b2012","source":"8930dd5e-34a1-4dbb-99da-2b0cfd32da5d","target":"e14c14d7-1597-47a9-9ba6-2720cacccd02","agreement":true,"isActive":true,"date":1702377221572,"kind":"Connector","isSelected":false,"intensity":3,"isDeletable":true,"isOver":false,"isBidirectional":false,"eventLog":[{"time":1702377221572,"type":"create connection"}]},{"id":"d7764ed0-3fcb-44b5-a9fe-e8788262a76d","source":"b5809947-a3b6-4ca3-96ec-9a2e0d3d08f5","target":"8e495701-a942-441d-b5f0-acd303849fd5","agreement":true,"isActive":true,"date":1702377221572,"kind":"Connector","isSelected":false,"intensity":9,"isDeletable":true,"isOver":false,"isBidirectional":false,"eventLog":[{"time":1702377221572,"type":"create connection"}]},{"id":"23a6dc05-7f25-4972-9c86-43431243bf99","source":"fd7c863f-71de-42a5-8b4b-a92d94fe2ea5","target":"7682fe67-f5e8-4cd6-89da-01fb7cadc34f","agreement":true,"isActive":true,"date":1702377221572,"kind":"Connector","isSelected":false,"intensity":3,"isDeletable":true,"isOver":false,"isBidirectional":false,"eventLog":[{"time":1702377221572,"type":"create connection"}]},{"id":"8ca616cc-8799-42d8-89a1-3a47f2f37906","source":"fd7c863f-71de-42a5-8b4b-a92d94fe2ea5","target":"8e495701-a942-441d-b5f0-acd303849fd5","agreement":true,"isActive":true,"date":1702377221573,"kind":"Connector","isSelected":false,"intensity":3,"isDeletable":true,"isOver":false,"isBidirectional":false,"eventLog":[{"time":1702377221573,"type":"create connection"}]},{"id":"2a35a4f3-31e6-4fbf-9af3-3e85517cd6c6","source":"7682fe67-f5e8-4cd6-89da-01fb7cadc34f","target":"e14c14d7-1597-47a9-9ba6-2720cacccd02","agreement":false,"isActive":true,"date":1702377221573,"kind":"Connector","isSelected":false,"intensity":6,"isDeletable":true,"isOver":false,"isBidirectional":false,"eventLog":[{"time":1702377221573,"type":"create connection"}]},{"id":"1de7ad04-9258-4a4e-a4c0-43c29892fd82","source":"7682fe67-f5e8-4cd6-89da-01fb7cadc34f","target":"8930dd5e-34a1-4dbb-99da-2b0cfd32da5d","agreement":false,"isActive":true,"date":1702377221573,"kind":"Connector","isSelected":false,"intensity":6,"isDeletable":true,"isOver":false,"isBidirectional":false,"eventLog":[{"time":1702377221573,"type":"create connection"}]},{"id":"8d1f5ff1-21fa-4048-8941-e5f3e1bdf08d","source":"fd7c863f-71de-42a5-8b4b-a92d94fe2ea5","target":"55c39f9a-16ab-4494-bfb4-73512f63eb4e","agreement":false,"isActive":true,"date":1702377221573,"kind":"Connector","isSelected":false,"intensity":3,"isDeletable":true,"isOver":false,"isBidirectional":false,"eventLog":[{"time":1702377221573,"type":"create connection"}]},{"id":"8f7fbee6-b648-4e64-94fd-4d1417217c9d","source":"d66b5ab1-5d5f-446b-add9-500b8d0ae007","target":"b5809947-a3b6-4ca3-96ec-9a2e0d3d08f5","agreement":true,"isActive":true,"date":1702377221573,"kind":"Connector","isSelected":false,"intensity":3,"isDeletable":true,"isOver":false,"isBidirectional":false,"eventLog":[{"time":1702377221573,"type":"create connection"}]},{"id":"21019221-7c53-490f-ac94-d139b9b733e5","source":"fa028402-0cd5-441a-9c82-f9838d19e7fa","target":"8e495701-a942-441d-b5f0-acd303849fd5","agreement":true,"isActive":true,"date":1702377221573,"kind":"Connector","isSelected":false,"intensity":6,"isDeletable":true,"isOver":false,"isBidirectional":false,"eventLog":[{"time":1702377221573,"type":"create connection"}]},{"id":"9fb75780-f304-4b82-8011-a0ec8b41a4aa","source":"0243162a-8639-46f2-923c-6e3b4acbf7c4","target":"fa028402-0cd5-441a-9c82-f9838d19e7fa","agreement":true,"isActive":true,"date":1702377221573,"kind":"Connector","isSelected":false,"intensity":3,"isDeletable":true,"isOver":false,"isBidirectional":false,"eventLog":[{"time":1702377221573,"type":"create connection"}]},{"id":"3ed30b9c-576b-47f9-a04a-a2e12cfc3e8a","source":"d91695a5-3f62-4fde-a603-668016916b89","target":"fa028402-0cd5-441a-9c82-f9838d19e7fa","agreement":true,"isActive":true,"date":1702377221573,"kind":"Connector","isSelected":false,"intensity":3,"isDeletable":true,"isOver":false,"isBidirectional":false,"eventLog":[{"time":1702377221573,"type":"create connection"}]},{"id":"ef1789ea-83e0-4fb8-ad82-e30a57d43cc3","source":"0dccd7b1-a1e9-43ed-b5f7-fd9e9a5dae39","target":"8e495701-a942-441d-b5f0-acd303849fd5","agreement":true,"isActive":true,"date":1702377257399,"kind":"Connector","isSelected":false,"intensity":6,"isDeletable":true,"isOver":false,"isBidirectional":false,"eventLog":[{"time":1702377257399,"type":"create connection"},{"time":1702377258114,"type":"selected","value":1},{"time":1702377261607,"type":"change intensity of connector","value":6},{"time":1702377261607,"type":"selected","value":0}]},{"id":"8a392189-5a0a-4cd5-ae0f-56e6370a5aef","source":"e5614876-d928-482b-8d7a-73eba6f84595","target":"8e495701-a942-441d-b5f0-acd303849fd5","agreement":true,"isActive":false,"date":1702377322797,"kind":"Connector","isSelected":false,"intensity":3,"isDeletable":true,"isOver":false,"isBidirectional":false,"eventLog":[{"time":1702377322797,"type":"create connection"},{"time":1702377332866,"type":"active","value":false}]},{"id":"07744819-7829-4943-aac2-f1c8a7fb709f","source":"fa028402-0cd5-441a-9c82-f9838d19e7fa","target":"e5614876-d928-482b-8d7a-73eba6f84595","agreement":true,"isActive":false,"date":1702377329922,"kind":"Connector","isSelected":false,"intensity":3,"isDeletable":true,"isOver":false,"isBidirectional":false,"eventLog":[{"time":1702377329922,"type":"create connection"},{"time":1702377332866,"type":"active","value":false}]},{"id":"21def9fb-39e0-4716-ad75-57ef01e6e4d7","source":"0243162a-8639-46f2-923c-6e3b4acbf7c4","target":"0dccd7b1-a1e9-43ed-b5f7-fd9e9a5dae39","agreement":true,"isActive":false,"date":1702377367742,"kind":"Connector","isSelected":false,"intensity":3,"isDeletable":true,"isOver":false,"isBidirectional":false,"eventLog":[{"time":1702377367742,"type":"create connection"},{"time":1702377373177,"type":"selected","value":1},{"time":1702377374604,"type":"connector was deleted","value":-99},{"time":1702377374604,"type":"active","value":0}]},{"id":"a8f41bf2-ed44-4d82-b632-a5eddb6a6883","source":"8aadd5c8-21f4-4325-8a5b-aa53af134c2a","target":"42066449-c2a1-45e4-b337-c009577d33f3","agreement":true,"isActive":true,"date":1702377399954,"kind":"Connector","isSelected":false,"intensity":9,"isDeletable":true,"isOver":false,"isBidirectional":false,"eventLog":[{"time":1702377399954,"type":"create connection"},{"time":1702377400586,"type":"selected","value":1},{"time":1702377402231,"type":"change intensity of connector","value":9},{"time":1702377402231,"type":"selected","value":0}]},{"id":"d74a2f20-c5a5-48bb-b638-6770248cf982","source":"d91695a5-3f62-4fde-a603-668016916b89","target":"42066449-c2a1-45e4-b337-c009577d33f3","agreement":false,"isActive":true,"date":1702377412836,"kind":"Connector","isSelected":false,"intensity":6,"isDeletable":true,"isOver":false,"isBidirectional":false,"eventLog":[{"time":1702377412836,"type":"create connection"},{"time":1702377413774,"type":"selected","value":1},{"time":1702377415924,"type":"change intensity of connector","value":-6},{"time":1702377415924,"type":"selected","value":0}]},{"id":"42a85707-e68b-41df-9ac6-e4043b6434f2","source":"42066449-c2a1-45e4-b337-c009577d33f3","target":"8930dd5e-34a1-4dbb-99da-2b0cfd32da5d","agreement":true,"isActive":true,"date":1702377450977,"kind":"Connector","isSelected":false,"intensity":3,"isDeletable":true,"isOver":false,"isBidirectional":false,"eventLog":[{"time":1702377450977,"type":"create connection"}]}],"currentID":{},"currentNode":{},"hasSelectedNode":[false],"currentConnector":{},"hasSelectedConnector":[false],"readyToMove":[false],"isIncoming":[false],"hasElementMoved":[false]}
