{"idCAM":["595ab574-2c03-4dbb-ac6d-150a3f4c4925"],"creator":["616b2d4ff5ffb8b86c08661b_pre"],"projectCAM":["S2_CAM part 1"],"defocusCAM":[2129.6,1.2,21128,16062.7],"date":[1702377469626],"nodes":[{"id":"56e1df7e-1a38-4962-bb4b-270f921d288e","value":0,"text":"rescue robot","comment":"","position":{"x":650,"y":400},"isActive":true,"date":1702377470555,"kind":"Node","isSelected":false,"isConnectorSelected":false,"isDraggable":0,"isDeletable":0,"hasElementMoved":false,"eventLog":[{"time":1702377470555,"type":"create node","value":0},{"time":1702377487450,"type":"selected","value":1},{"time":1702377592262,"type":"selected","value":0}],"isTextChangeable":0},{"id":"8180c333-f24c-47c6-b118-ae53a37563e3","value":0,"text":"disadvantages","comment":"","position":{"x":450,"y":400},"isActive":true,"date":1702377470555,"kind":"Node","isSelected":false,"isConnectorSelected":false,"isDraggable":0,"isDeletable":0,"hasElementMoved":false,"eventLog":[{"time":"1702377470555","type":"create node","value":[0]},{"time":"2023-12-12T10:46:23.741Z","type":"position","value":{"x":[443.9333],"y":[400.8667]}}],"isTextChangeable":0},{"id":"abe4eed0-6e49-457b-b6aa-311755787bd4","value":1,"text":"advantages","comment":"","position":{"x":850,"y":400},"isActive":true,"date":1702377470555,"kind":"Node","isSelected":false,"isConnectorSelected":false,"isDraggable":0,"isDeletable":0,"hasElementMoved":false,"eventLog":[{"time":"1702377470555","type":"create node","value":[0]},{"time":"1702377592640","type":"selected","value":[true]},{"time":"1702377593053","type":"selected","value":[false]},{"time":"1702377594586","type":"selected","value":[true]},{"time":"1702377615592","type":"value","value":[1]},{"time":"1702377615592","type":"selected","value":[false]},{"time":"1702377667960","type":"selected","value":[true]},{"time":"1702377669042","type":"selected","value":[false]},{"time":"2023-12-12T10:41:32.430Z","type":"position","value":{"x":[878.9333],"y":[383.8667]}},{"time":"1702377695122","type":"selected","value":[true]},{"time":"1702377696223","type":"selected","value":[false]},{"time":"2023-12-12T10:43:18.634Z","type":"position","value":{"x":[862.9333],"y":[402.8667]}},{"time":"1702377800959","type":"selected","value":[true]},{"time":"1702377806688","type":"selected","value":[false]},{"time":"2023-12-12T10:44:07.301Z","type":"position","value":{"x":[841.9333],"y":[402.8667]}},{"time":"2023-12-12T10:44:10.458Z","type":"position","value":{"x":[836.9333],"y":[406.8667]}},{"time":"1702377852539","type":"selected","value":[true]},{"time":"1702377853275","type":"selected","value":[false]},{"time":"2023-12-12T10:44:14.364Z","type":"position","value":{"x":[835.9333],"y":[414.8667]}}],"isTextChangeable":0},{"id":"7f0e6324-ad8c-4e87-a909-75edba7a39b4","value":-2,"text":"job loss","comment":"","position":{"x":444.9333,"y":293.8667},"isActive":true,"date":1702377616481,"kind":"Node","isSelected":false,"isConnectorSelected":false,"isDraggable":1,"isDeletable":1,"hasElementMoved":false,"eventLog":[{"time":"1702377616481","type":"create node","value":[0]},{"time":"2023-12-12T10:40:19.124Z","type":"position","value":{"x":[419.9333],"y":[345.8667]}},{"time":"2023-12-12T10:40:27.968Z","type":"position","value":{"x":[445.9333],"y":[294.8667]}},{"time":"2023-12-12T10:40:49.601Z","type":"position","value":{"x":[461.9333],"y":[303.8667]}},{"time":"1702377650748","type":"selected","value":[true]},{"time":"1702377651154","type":"selected","value":[false]},{"time":"1702377651939","type":"selected","value":[true]},{"time":"1702377662022","type":"text","value":["Arbeitsplatzverlust"]},{"time":"1702377662022","type":"value","value":[-2]},{"time":"1702377662022","type":"selected","value":[false]}],"isTextChangeable":1},{"id":"a4fb39d6-012c-4892-83ba-23d8cd834dd2","value":3,"text":"efficiency","comment":"","position":{"x":865.9333,"y":290.8667},"isActive":true,"date":1702377669243,"kind":"Node","isSelected":false,"isConnectorSelected":false,"isDraggable":1,"isDeletable":1,"hasElementMoved":false,"eventLog":[{"time":"1702377669243","type":"create node","value":[0]},{"time":"2023-12-12T10:41:13.251Z","type":"position","value":{"x":[849.9333],"y":[322.8667]}},{"time":"1702377678604","type":"selected","value":[true]},{"time":"1702377679021","type":"selected","value":[false]},{"time":"1702377679827","type":"selected","value":[true]},{"time":"1702377687639","type":"text","value":["Effizenz"]},{"time":"1702377687639","type":"value","value":[3]},{"time":"1702377687639","type":"selected","value":[false]},{"time":"2023-12-12T10:41:36.868Z","type":"position","value":{"x":[858.9333],"y":[285.8667]}},{"time":"2023-12-12T10:41:38.301Z","type":"position","value":{"x":[931.9333],"y":[342.8667]}}],"isTextChangeable":1},{"id":"194d4cfa-43f2-4e06-89fd-313b86671846","value":2,"text":"safety","comment":"","position":{"x":984.9333,"y":332.8667},"isActive":true,"date":1702377690147,"kind":"Node","isSelected":false,"isConnectorSelected":false,"isDraggable":1,"isDeletable":1,"hasElementMoved":false,"eventLog":[{"time":"1702377690147","type":"create node","value":[0]},{"time":"2023-12-12T10:41:31.018Z","type":"position","value":{"x":[948.9333],"y":[368.8667]}},{"time":"1702377693521","type":"selected","value":[true]},{"time":"1702377694704","type":"selected","value":[false]},{"time":"1702377700406","type":"selected","value":[true]},{"time":"1702377709566","type":"text","value":["Sicherheit"]},{"time":"1702377709566","type":"value","value":[2]},{"time":"1702377709566","type":"selected","value":[false]}],"isTextChangeable":1},{"id":"1448aa68-a9e9-45b5-ba3f-3ca4ee14b59b","value":3,"text":"availability","comment":"","position":{"x":1020.9333,"y":432.8667},"isActive":true,"date":1702377720174,"kind":"Node","isSelected":false,"isConnectorSelected":false,"isDraggable":1,"isDeletable":1,"hasElementMoved":false,"eventLog":[{"time":"1702377720174","type":"create node","value":[0]},{"time":"2023-12-12T10:42:01.951Z","type":"position","value":{"x":[947.9333],"y":[419.8667]}},{"time":"1702377735440","type":"selected","value":[true]},{"time":"1702377785054","type":"text","value":["Verfügbarkeit"]},{"time":"1702377785054","type":"value","value":[3]},{"time":"1702377785054","type":"selected","value":[false]}],"isTextChangeable":1},{"id":"9e05efeb-9144-4dd1-9ed0-fdb80eca6788","value":3,"text":"productivity","comment":"","position":{"x":931.9333,"y":482.8667},"isActive":true,"date":1702377797630,"kind":"Node","isSelected":false,"isConnectorSelected":false,"isDraggable":1,"isDeletable":1,"hasElementMoved":false,"eventLog":[{"time":"1702377797630","type":"create node","value":[0]},{"time":"1702377827734","type":"selected","value":[true]},{"time":"1702377842509","type":"text","value":["Produktivität"]},{"time":"1702377842509","type":"value","value":[3]},{"time":"1702377842509","type":"selected","value":[false]},{"time":"2023-12-12T10:44:03.227Z","type":"position","value":{"x":[858.9333],"y":[446.8667]}}],"isTextChangeable":1},{"id":"6c4c0d37-9869-42d8-8d5b-85bce45cdfcd","value":2,"text":"accessibility","comment":"","position":{"x":815.9333,"y":495.8667},"isActive":true,"date":1702377845297,"kind":"Node","isSelected":false,"isConnectorSelected":false,"isDraggable":1,"isDeletable":1,"hasElementMoved":false,"eventLog":[{"time":"1702377845297","type":"create node","value":[0]},{"time":"1702377845508","type":"selected","value":[true]},{"time":"1702377846750","type":"selected","value":[false]},{"time":"2023-12-12T10:44:08.589Z","type":"position","value":{"x":[829.9333],"y":[487.8667]}},{"time":"1702377851740","type":"selected","value":[true]},{"time":"1702377852397","type":"selected","value":[false]},{"time":"1702377853381","type":"selected","value":[true]},{"time":"1702377853961","type":"selected","value":[false]},{"time":"1702377857276","type":"selected","value":[true]},{"time":"1702377883494","type":"text","value":["Züganglichkeit"]},{"time":"1702377883494","type":"value","value":[2]},{"time":"1702377883494","type":"selected","value":[false]}],"isTextChangeable":1},{"id":"7f744cb0-eb07-4dbf-9eea-bc6bcb6ba4be","value":-3,"text":"technical failures","comment":"","position":{"x":288.9333,"y":351.8667},"isActive":true,"date":1702377895465,"kind":"Node","isSelected":false,"isConnectorSelected":false,"isDraggable":1,"isDeletable":1,"hasElementMoved":false,"eventLog":[{"time":1702377895465,"type":"create node","value":"0"},{"time":1702377900626,"type":"selected","value":"TRUE"},{"time":1702377901039,"type":"selected","value":"FALSE"},{"time":1702377901532,"type":"selected","value":"TRUE"},{"time":1702377918831,"type":"text","value":"Technische Ausfälle"},{"time":1702377918831,"type":"selected","value":"FALSE"},{"time":1702377928488,"type":"selected","value":"TRUE"},{"time":1702377928905,"type":"selected","value":"FALSE"},{"time":1702377930559,"type":"selected","value":"TRUE"},{"time":1702377933647,"type":"value","value":"-3"},{"time":1702377933647,"type":"selected","value":"FALSE"}],"isTextChangeable":1},{"id":"aeeae609-83e9-4d05-b9cc-22634afe72a5","value":-2,"text":"dependence","comment":"","position":{"x":221.9333,"y":397.8667},"isActive":true,"date":1702377897490,"kind":"Node","isSelected":false,"isConnectorSelected":false,"isDraggable":1,"isDeletable":1,"hasElementMoved":false,"eventLog":[{"time":1702377897490,"type":"create node","value":"0"},{"time":1702377919163,"type":"selected","value":"TRUE"},{"time":1702377919571,"type":"selected","value":"FALSE"},{"time":1702377924866,"type":"selected","value":"TRUE"},{"time":1702377927290,"type":"selected","value":"FALSE"},{"time":1702377957873,"type":"selected","value":"TRUE"},{"time":1702377978254,"type":"text","value":"Abhängigkeit"},{"time":1702377978254,"type":"value","value":"-2"},{"time":1702377978254,"type":"selected","value":"FALSE"}],"isTextChangeable":1},{"id":"460b2ff7-ba87-456b-b76c-98357f9f5efb","value":-2,"text":"ethical concerns","comment":"","position":{"x":325.9333,"y":250.8667},"isActive":true,"date":1702377929449,"kind":"Node","isSelected":false,"isConnectorSelected":false,"isDraggable":1,"isDeletable":1,"hasElementMoved":false,"eventLog":[{"time":"1702377929449","type":"create node","value":[0]},{"time":"2023-12-12T10:45:34.184Z","type":"position","value":{"x":[366.9333],"y":[323.8667]}},{"time":"1702377944937","type":"selected","value":[true]},{"time":"1702377945355","type":"selected","value":[false]},{"time":"1702377946512","type":"selected","value":[true]},{"time":"1702377955315","type":"text","value":["Ethikbedenken"]},{"time":"1702377955315","type":"value","value":[-2]},{"time":"1702377955315","type":"selected","value":[false]}],"isTextChangeable":1},{"id":"efa552e6-a87d-48e2-a1d5-750a0ce0784e","value":10,"text":"social isolation","comment":"","position":{"x":316.9333,"y":469.8667},"isActive":true,"date":1702377979693,"kind":"Node","isSelected":false,"isConnectorSelected":false,"isDraggable":1,"isDeletable":1,"hasElementMoved":false,"eventLog":[{"time":1702377979693,"type":"create node","value":"0"},{"time":1702377979843,"type":"selected","value":"TRUE"},{"time":1702377981225,"type":"selected","value":"FALSE"},{"time":1702377982637,"type":"selected","value":"TRUE"},{"time":1702377983238,"type":"selected","value":"FALSE"},{"time":1702377986538,"type":"selected","value":"TRUE"},{"time":1702378009367,"type":"text","value":"Soziale Isolation"},{"time":1702378009367,"type":"value","value":"10"},{"time":1702378009367,"type":"selected","value":"FALSE"}],"isTextChangeable":1}],"connectors":[{"id":"ca503be8-4686-47a1-ac87-e1648c12a89a","source":"56e1df7e-1a38-4962-bb4b-270f921d288e","target":"8180c333-f24c-47c6-b118-ae53a37563e3","agreement":true,"isActive":true,"date":1702377470555,"kind":"Connector","isSelected":false,"intensity":3,"isDeletable":false,"isOver":false,"isBidirectional":false,"eventLog":[{"time":1702377470555,"type":"create connection"}]},{"id":"9da14731-61d5-40f8-8a1b-0eb302f559df","source":"56e1df7e-1a38-4962-bb4b-270f921d288e","target":"abe4eed0-6e49-457b-b6aa-311755787bd4","agreement":true,"isActive":true,"date":1702377470555,"kind":"Connector","isSelected":false,"intensity":3,"isDeletable":true,"isOver":false,"isBidirectional":false,"eventLog":[{"time":1702377470555,"type":"create connection"}]},{"id":"99ab3efc-34b8-40b8-af96-0fd669afd83f","source":"8180c333-f24c-47c6-b118-ae53a37563e3","target":"7f0e6324-ad8c-4e87-a909-75edba7a39b4","agreement":true,"isActive":true,"date":1702377617709,"kind":"Connector","isSelected":false,"intensity":3,"isDeletable":true,"isOver":false,"isBidirectional":false,"eventLog":[{"time":1702377617709,"type":"create connection"}]},{"id":"7cab4ee2-4641-4c28-9361-46af9684eae6","source":"abe4eed0-6e49-457b-b6aa-311755787bd4","target":"a4fb39d6-012c-4892-83ba-23d8cd834dd2","agreement":true,"isActive":true,"date":1702377671947,"kind":"Connector","isSelected":false,"intensity":3,"isDeletable":true,"isOver":false,"isBidirectional":false,"eventLog":[{"time":1702377671947,"type":"create connection"}]},{"id":"62ff7f4c-19b9-4dd8-ba9d-a5084b416f2a","source":"abe4eed0-6e49-457b-b6aa-311755787bd4","target":"194d4cfa-43f2-4e06-89fd-313b86671846","agreement":true,"isActive":true,"date":1702377700264,"kind":"Connector","isSelected":false,"intensity":3,"isDeletable":true,"isOver":false,"isBidirectional":false,"eventLog":[{"time":1702377700264,"type":"create connection"}]},{"id":"5348a05f-f166-4161-9909-9d82b25df1ff","source":"1448aa68-a9e9-45b5-ba3f-3ca4ee14b59b","target":"abe4eed0-6e49-457b-b6aa-311755787bd4","agreement":true,"isActive":true,"date":1702377720907,"kind":"Connector","isSelected":false,"intensity":3,"isDeletable":true,"isOver":false,"isBidirectional":false,"eventLog":[{"time":1702377720907,"type":"create connection"}]},{"id":"8264e504-feef-41a5-b7c6-716424f6d8b9","source":"9e05efeb-9144-4dd1-9ed0-fdb80eca6788","target":"abe4eed0-6e49-457b-b6aa-311755787bd4","agreement":true,"isActive":true,"date":1702377800613,"kind":"Connector","isSelected":false,"intensity":3,"isDeletable":true,"isOver":false,"isBidirectional":false,"eventLog":[{"time":1702377800613,"type":"create connection"}]},{"id":"cdfa9952-c779-4db4-8235-7c017b4b9dcd","source":"6c4c0d37-9869-42d8-8d5b-85bce45cdfcd","target":"abe4eed0-6e49-457b-b6aa-311755787bd4","agreement":true,"isActive":true,"date":1702377855765,"kind":"Connector","isSelected":false,"intensity":3,"isDeletable":true,"isOver":false,"isBidirectional":false,"eventLog":[{"time":1702377855765,"type":"create connection"}]},{"id":"c418ce04-0d2d-4c15-a57f-193b61a1cf6a","source":"aeeae609-83e9-4d05-b9cc-22634afe72a5","target":"8180c333-f24c-47c6-b118-ae53a37563e3","agreement":true,"isActive":true,"date":1702377898255,"kind":"Connector","isSelected":false,"intensity":3,"isDeletable":true,"isOver":false,"isBidirectional":false,"eventLog":[{"time":1702377898255,"type":"create connection"}]},{"id":"c9a208fd-dc03-4031-8e15-11bafbf84eab","source":"7f744cb0-eb07-4dbf-9eea-bc6bcb6ba4be","target":"8180c333-f24c-47c6-b118-ae53a37563e3","agreement":true,"isActive":true,"date":1702377899616,"kind":"Connector","isSelected":false,"intensity":3,"isDeletable":true,"isOver":false,"isBidirectional":false,"eventLog":[{"time":1702377899616,"type":"create connection"}]},{"id":"8a992837-d195-4dd6-8473-396821c90ba8","source":"8180c333-f24c-47c6-b118-ae53a37563e3","target":"460b2ff7-ba87-456b-b76c-98357f9f5efb","agreement":true,"isActive":true,"date":1702377938180,"kind":"Connector","isSelected":false,"intensity":3,"isDeletable":true,"isOver":false,"isBidirectional":false,"eventLog":[{"time":1702377938180,"type":"create connection"}]},{"id":"f15cd540-e4b8-4822-aef5-ec345eaf00fc","source":"efa552e6-a87d-48e2-a1d5-750a0ce0784e","target":"8180c333-f24c-47c6-b118-ae53a37563e3","agreement":true,"isActive":true,"date":1702377985436,"kind":"Connector","isSelected":false,"intensity":3,"isDeletable":true,"isOver":false,"isBidirectional":false,"eventLog":[{"time":1702377985436,"type":"create connection"}]}],"currentID":{},"currentNode":{},"hasSelectedNode":[false],"currentConnector":{},"hasSelectedConnector":[false],"readyToMove":[false],"isIncoming":[false],"hasElementMoved":[false]}
