{"idCAM":["9b01fce0-6c53-46c1-b469-a93de41593d5"],"creator":["617082143afa2b9f049f8b3b_pre"],"projectCAM":["S2_CAM part 1"],"defocusCAM":[347],"date":[1702375973920],"nodes":[{"id":"82683499-f4f5-4293-977f-322414a21b49","value":2,"text":"rescue robot","comment":"","position":{"x":650,"y":400},"isActive":true,"date":1702375974798,"kind":"Node","isSelected":false,"isConnectorSelected":false,"isDraggable":0,"isDeletable":0,"hasElementMoved":false,"eventLog":[{"time":1702375974799,"type":"create node","value":0},{"time":1702376013438,"type":"selected","value":1},{"time":1702376023070,"type":"value","value":2},{"time":1702376023070,"type":"selected","value":0}],"isTextChangeable":0},{"id":"a81448ab-e4c0-4bbe-a81d-d9c2ca1e0ae5","value":0,"text":"disadvantages","comment":"","position":{"x":450,"y":400},"isActive":true,"date":1702375974799,"kind":"Node","isSelected":false,"isConnectorSelected":false,"isDraggable":0,"isDeletable":0,"hasElementMoved":false,"eventLog":[{"time":1702375974799,"type":"create node","value":0}],"isTextChangeable":0},{"id":"cd9d0404-9be1-474b-b6ae-769baf137676","value":0,"text":"advantages","comment":"","position":{"x":850,"y":400},"isActive":true,"date":1702375974799,"kind":"Node","isSelected":false,"isConnectorSelected":false,"isDraggable":0,"isDeletable":0,"hasElementMoved":false,"eventLog":[{"time":"1702375974799","type":"create node","value":[0]},{"time":"2023-12-12T10:18:57.857Z","type":"position","value":{"x":[854.5],"y":[401]}}],"isTextChangeable":0},{"id":"bc3dd8e0-3f28-42ee-99bb-434c9fa2aa23","value":3,"text":"drones in rescue missions","comment":"","position":{"x":949.5,"y":593},"isActive":true,"date":1702376038921,"kind":"Node","isSelected":false,"isConnectorSelected":false,"isDraggable":1,"isDeletable":1,"hasElementMoved":false,"eventLog":[{"time":"1702376038922","type":"create node","value":[0]},{"time":"1702376044488","type":"selected","value":[true]},{"time":"1702376058269","type":"text","value":["Drohnen"]},{"time":"1702376058269","type":"value","value":[2]},{"time":"1702376058269","type":"selected","value":[false]},{"time":"2023-12-12T10:14:19.573Z","type":"position","value":{"x":[881.5],"y":[452]}},{"time":"1702376278869","type":"selected","value":[true]},{"time":"1702376335743","type":"text","value":["Drohnen bei Rettungseinsätzen"]},{"time":"1702376335743","type":"value","value":[3]},{"time":"1702376335743","type":"selected","value":[false]},{"time":"2023-12-12T10:29:41.856Z","type":"position","value":{"x":[903.5],"y":[507]}}],"isTextChangeable":1},{"id":"4d672974-099c-483a-bad3-f73d91b6578e","value":-3,"text":"drones in war","comment":"Drones that have been modified to, for instance, drop explosives on soldiers. But also how they are used to film the dying or the 'suicide drones'.","position":{"x":329.5,"y":503},"isActive":true,"date":1702376076452,"kind":"Node","isSelected":false,"isConnectorSelected":false,"isDraggable":1,"isDeletable":1,"hasElementMoved":false,"eventLog":[{"time":"1702376076452","type":"create node","value":[0]},{"time":"1702376079000","type":"selected","value":[true]},{"time":"1702376275076","type":"text","value":["Drohnen im Krieg"]},{"time":"1702376275076","type":"value","value":[-3]},{"time":"1702376275076","type":"comment","value":["Drohnen die modifiziert worden sind um zbs Sprengkörper auf Soldaten fallen zu lassen. Aber auch wie sie genutzt werden um das Sterben zu filmen oder die \"Suicidedrones\""]},{"time":"1702376275076","type":"selected","value":[false]},{"time":"2023-12-12T10:19:01.743Z","type":"position","value":{"x":[429.5],"y":[478]}},{"time":"2023-12-12T10:19:02.682Z","type":"position","value":{"x":[304.5],"y":[495]}}],"isTextChangeable":1},{"id":"9cd2345d-3b8a-405f-bba4-008d30770e76","value":10,"text":"artificial intelligence","comment":"I think that AI can contribute to using robots in the most efficient way (for example, by assisting in control) but they should always be remotely controlled to avoid ethical problems. Triage must be done by a human, for example.","position":{"x":660.5,"y":284},"isActive":true,"date":1702376351584,"kind":"Node","isSelected":false,"isConnectorSelected":false,"isDraggable":1,"isDeletable":1,"hasElementMoved":false,"eventLog":[{"time":"1702376351584","type":"create node","value":[0]},{"time":"1702376351679","type":"selected","value":[true]},{"time":"1702376544390","type":"text","value":["Künstliche Intelligenz"]},{"time":"1702376544390","type":"value","value":[10]},{"time":"1702376544390","type":"comment","value":["Ich denke das KI dazu beitragen kann die Roboter am effizientesten zu nutzen(zbs bei der steuerung helfen) aber sie sollten immer ferngesteuert sein um ethische Probleme zu vermeiden. Triage muss von einem Menschen gemacht werden zbs"]},{"time":"1702376544391","type":"selected","value":[false]},{"time":"2023-12-12T10:22:25.188Z","type":"position","value":{"x":[660.5],"y":[218]}}],"isTextChangeable":1},{"id":"5cedf92f-e443-43fc-8ae1-e0ca55436b0c","value":-1,"text":"specially trained staff","comment":"","position":{"x":295.5,"y":305},"isActive":true,"date":1702376562922,"kind":"Node","isSelected":false,"isConnectorSelected":false,"isDraggable":1,"isDeletable":1,"hasElementMoved":false,"eventLog":[{"time":1702376562922,"type":"create node","value":"0"},{"time":1702376563055,"type":"selected","value":"TRUE"},{"time":1702376588341,"type":"text","value":"Speziell geschultes Personal"},{"time":1702376588341,"type":"value","value":"-1"},{"time":1702376588342,"type":"selected","value":"FALSE"}],"isTextChangeable":1},{"id":"83355c85-1536-40ea-bda9-632720e65fc5","value":-2,"text":"expensive","comment":"In the civilian sector, it may not be feasible everywhere due to material and personnel costs","position":{"x":421.5,"y":213},"isActive":true,"date":1702376596005,"kind":"Node","isSelected":false,"isConnectorSelected":false,"isDraggable":1,"isDeletable":1,"hasElementMoved":false,"eventLog":[{"time":1702376596005,"type":"create node","value":"0"},{"time":1702376597646,"type":"selected","value":"TRUE"},{"time":1702376647296,"type":"text","value":"Teuer"},{"time":1702376647296,"type":"value","value":"-2"},{"time":1702376647296,"type":"comment","value":"Im zivilen Raum vielleicht auch nicht überall umsetzbar wegen Material- und Personalkosten"},{"time":1702376647296,"type":"selected","value":"FALSE"}],"isTextChangeable":1},{"id":"710e6d92-7320-4cc0-904a-5ada1d61f62b","value":0,"text":"","comment":"","position":{"x":870.5,"y":281},"isActive":false,"date":1702376693656,"kind":"Node","isSelected":false,"isConnectorSelected":false,"isDraggable":1,"isDeletable":1,"hasElementMoved":false,"eventLog":[{"time":1702376693656,"type":"create node","value":0},{"time":1702376729540,"type":"selected","value":1},{"time":1702376731545,"type":"node was deleted","value":-99}],"isTextChangeable":1},{"id":"c38f1a5b-b952-41d7-9604-7c2bbc4bb9e6","value":1,"text":"smaller than humans","comment":"they are often lighter and smaller than humans","position":{"x":912.5,"y":189},"isActive":true,"date":1702376791369,"kind":"Node","isSelected":false,"isConnectorSelected":false,"isDraggable":1,"isDeletable":1,"hasElementMoved":false,"eventLog":[{"time":"1702376791369","type":"create node","value":[0]},{"time":"1702376794526","type":"selected","value":[true]},{"time":"1702376813570","type":"text","value":["kleiner als menschen"]},{"time":"1702376813570","type":"value","value":[1]},{"time":"1702376813570","type":"comment","value":["sie sind oft leichter und kleiner als menschen"]},{"time":"1702376813570","type":"selected","value":[false]},{"time":"1702376836260","type":"selected","value":[true]},{"time":"1702376846292","type":"comment","value":["sie sind oft leichter und kleiner als menschen\n"]},{"time":"1702376846292","type":"selected","value":[false]},{"time":"2023-12-12T10:27:33.896Z","type":"position","value":{"x":[858.5],"y":[325]}}],"isTextChangeable":1},{"id":"bb1c0934-46d6-41bd-b52b-38adb7a8868c","value":0,"text":"","comment":"","position":{"x":1067.5,"y":456},"isActive":false,"date":1702376846425,"kind":"Node","isSelected":false,"isConnectorSelected":false,"isDraggable":1,"isDeletable":1,"hasElementMoved":false,"eventLog":[{"time":1702376846425,"type":"create node","value":0},{"time":1702376850139,"type":"selected","value":1},{"time":1702376851537,"type":"node was deleted","value":-99}],"isTextChangeable":1},{"id":"0046c863-bef6-45c5-b7f2-63089ac948c4","value":10,"text":"data protection","comment":"Especially with drones in civilian space, it is difficult not to violate personal rights.","position":{"x":629.5,"y":495},"isActive":true,"date":1702376921290,"kind":"Node","isSelected":false,"isConnectorSelected":false,"isDraggable":1,"isDeletable":1,"hasElementMoved":false,"eventLog":[{"time":"1702376921290","type":"create node","value":[0]},{"time":"1702376921419","type":"selected","value":[true]},{"time":"1702376932767","type":"text","value":["Datenschutz"]},{"time":"1702376932767","type":"value","value":[10]},{"time":"1702376932767","type":"selected","value":[false]},{"time":"2023-12-12T10:28:54.945Z","type":"position","value":{"x":[614.5],"y":[538]}},{"time":"1702376939206","type":"selected","value":[true]},{"time":"1702376975605","type":"comment","value":["Grade bei Dronen im zivilen Raum ist es schwer die persönlichen Rechte nicht zu verletzen"]},{"time":"1702376975605","type":"selected","value":[false]}],"isTextChangeable":1},{"id":"cdde39f0-8095-494f-baf2-fde92ff53c35","value":3,"text":"risk","comment":"In dangerous environments or situations, there is naturally much less risk for people","position":{"x":1036.5,"y":323},"isActive":true,"date":1702376985432,"kind":"Node","isSelected":false,"isConnectorSelected":false,"isDraggable":1,"isDeletable":1,"hasElementMoved":false,"eventLog":[{"time":1702376985432,"type":"create node","value":"0"},{"time":1702376996252,"type":"selected","value":"TRUE"},{"time":1702377095897,"type":"text","value":"Risiko"},{"time":1702377095897,"type":"value","value":"3"},{"time":1702377095897,"type":"comment","value":"In gefährlichen Umgebungen oder Situationen ist natürlich viel weniger Risiko für die Menschen"},{"time":1702377095897,"type":"selected","value":"FALSE"}],"isTextChangeable":1},{"id":"b602aec5-6cdb-4110-bec4-a7f92908ff5c","value":-1,"text":"public acceptance","comment":"","position":{"x":470.5,"y":574},"isActive":true,"date":1702377133866,"kind":"Node","isSelected":false,"isConnectorSelected":false,"isDraggable":1,"isDeletable":1,"hasElementMoved":false,"eventLog":[{"time":"1702377133866","type":"create node","value":[0]},{"time":"1702377136619","type":"selected","value":[true]},{"time":"1702377183716","type":"text","value":["Öffentliche Akzeptanz"]},{"time":"1702377183716","type":"value","value":[-1]},{"time":"1702377183716","type":"selected","value":[false]},{"time":"2023-12-12T10:33:04.935Z","type":"position","value":{"x":[470.5],"y":[488]}}],"isTextChangeable":1},{"id":"5a582432-1e91-41a5-8b11-305912023941","value":3,"text":"are simply cool","comment":"Robots are just cool and a lot of fun. If they also have a use, it's a win-win","position":{"x":807.5,"y":516},"isActive":true,"date":1702377207929,"kind":"Node","isSelected":false,"isConnectorSelected":false,"isDraggable":1,"isDeletable":1,"hasElementMoved":false,"eventLog":[{"time":1702377207929,"type":"create node","value":"0"},{"time":1702377208038,"type":"selected","value":"TRUE"},{"time":1702377350514,"type":"text","value":"sind einfach cool"},{"time":1702377350514,"type":"value","value":"3"},{"time":1702377350514,"type":"comment","value":"roboter sind halt einfach cool und machen sau spaß. wenn sie dann auch noch einen nutzen haben, win-win"},{"time":1702377350514,"type":"selected","value":"FALSE"}],"isTextChangeable":1}],"connectors":[{"id":"40f5c385-0f18-4f64-8da0-1ab871e3238d","source":"82683499-f4f5-4293-977f-322414a21b49","target":"a81448ab-e4c0-4bbe-a81d-d9c2ca1e0ae5","agreement":true,"isActive":true,"date":1702375974800,"kind":"Connector","isSelected":false,"intensity":3,"isDeletable":false,"isOver":false,"isBidirectional":false,"eventLog":[{"time":1702375974800,"type":"create connection"}]},{"id":"321d0086-876a-4c53-b0a4-08064e5a8256","source":"82683499-f4f5-4293-977f-322414a21b49","target":"cd9d0404-9be1-474b-b6ae-769baf137676","agreement":true,"isActive":true,"date":1702375974800,"kind":"Connector","isSelected":false,"intensity":3,"isDeletable":true,"isOver":false,"isBidirectional":false,"eventLog":[{"time":1702375974800,"type":"create connection"}]},{"id":"28a505a6-b11a-4443-855a-751f5bfd8ed1","source":"cd9d0404-9be1-474b-b6ae-769baf137676","target":"bc3dd8e0-3f28-42ee-99bb-434c9fa2aa23","agreement":true,"isActive":true,"date":1702376339732,"kind":"Connector","isSelected":false,"intensity":3,"isDeletable":true,"isOver":false,"isBidirectional":false,"eventLog":[{"time":1702376339732,"type":"create connection"}]},{"id":"7ed5d05d-1eef-41fc-b4f4-cabd762d4d3f","source":"4d672974-099c-483a-bad3-f73d91b6578e","target":"a81448ab-e4c0-4bbe-a81d-d9c2ca1e0ae5","agreement":true,"isActive":true,"date":1702376344565,"kind":"Connector","isSelected":false,"intensity":3,"isDeletable":true,"isOver":false,"isBidirectional":false,"eventLog":[{"time":1702376344565,"type":"create connection"}]},{"id":"826c4d76-27d5-4043-9b88-fdfb0e16d879","source":"9cd2345d-3b8a-405f-bba4-008d30770e76","target":"82683499-f4f5-4293-977f-322414a21b49","agreement":true,"isActive":true,"date":1702376546933,"kind":"Connector","isSelected":false,"intensity":3,"isDeletable":true,"isOver":false,"isBidirectional":false,"eventLog":[{"time":1702376546933,"type":"create connection"}]},{"id":"451293c6-c8b3-4309-b44e-7f70453f6ffb","source":"5cedf92f-e443-43fc-8ae1-e0ca55436b0c","target":"a81448ab-e4c0-4bbe-a81d-d9c2ca1e0ae5","agreement":true,"isActive":true,"date":1702376591640,"kind":"Connector","isSelected":false,"intensity":3,"isDeletable":true,"isOver":false,"isBidirectional":false,"eventLog":[{"time":1702376591641,"type":"create connection"}]},{"id":"2f7a37d3-ae58-4070-a36c-57c609b02a3b","source":"83355c85-1536-40ea-bda9-632720e65fc5","target":"a81448ab-e4c0-4bbe-a81d-d9c2ca1e0ae5","agreement":true,"isActive":true,"date":1702376649011,"kind":"Connector","isSelected":false,"intensity":3,"isDeletable":true,"isOver":false,"isBidirectional":false,"eventLog":[{"time":1702376649011,"type":"create connection"}]},{"id":"f1594d4f-1cc3-430d-88c1-544e50911ca0","source":"c38f1a5b-b952-41d7-9604-7c2bbc4bb9e6","target":"cd9d0404-9be1-474b-b6ae-769baf137676","agreement":true,"isActive":true,"date":1702376814725,"kind":"Connector","isSelected":false,"intensity":3,"isDeletable":true,"isOver":false,"isBidirectional":false,"eventLog":[{"time":1702376814726,"type":"create connection"}]},{"id":"118a0c84-2d0d-441d-9fcd-1446aa4c89cc","source":"82683499-f4f5-4293-977f-322414a21b49","target":"0046c863-bef6-45c5-b7f2-63089ac948c4","agreement":true,"isActive":true,"date":1702376937063,"kind":"Connector","isSelected":false,"intensity":3,"isDeletable":true,"isOver":false,"isBidirectional":false,"eventLog":[{"time":1702376937063,"type":"create connection"}]},{"id":"d7d66b0f-0780-48fb-929b-5490c6d3ff18","source":"cdde39f0-8095-494f-baf2-fde92ff53c35","target":"cd9d0404-9be1-474b-b6ae-769baf137676","agreement":true,"isActive":true,"date":1702377097778,"kind":"Connector","isSelected":false,"intensity":3,"isDeletable":true,"isOver":false,"isBidirectional":false,"eventLog":[{"time":1702377097778,"type":"create connection"}]},{"id":"f579809a-3882-4fd7-9a14-43cc78576de9","source":"a81448ab-e4c0-4bbe-a81d-d9c2ca1e0ae5","target":"b602aec5-6cdb-4110-bec4-a7f92908ff5c","agreement":true,"isActive":true,"date":1702377186763,"kind":"Connector","isSelected":false,"intensity":3,"isDeletable":true,"isOver":false,"isBidirectional":false,"eventLog":[{"time":1702377186764,"type":"create connection"}]},{"id":"aeb44201-5c9c-4292-8845-a858baa8f97c","source":"cd9d0404-9be1-474b-b6ae-769baf137676","target":"5a582432-1e91-41a5-8b11-305912023941","agreement":true,"isActive":true,"date":1702377353169,"kind":"Connector","isSelected":false,"intensity":3,"isDeletable":true,"isOver":false,"isBidirectional":false,"eventLog":[{"time":1702377353169,"type":"create connection"}]}],"currentID":{},"currentNode":{},"hasSelectedNode":[false],"currentConnector":{},"hasSelectedConnector":[false],"readyToMove":[false],"isIncoming":[false],"hasElementMoved":[false]}
