{"idCAM":["3c77358a-3e82-4a63-9771-19a52a7634e6"],"creator":["627bbf69ab2788507bc421a2_pre"],"projectCAM":["S2_CAM part 1"],"defocusCAM":[],"date":[1702310818584],"nodes":[{"id":"2faf15b2-1388-4682-8ab8-fe0a791dd3a3","value":2,"text":"rescue robot","comment":"","position":{"x":650,"y":400},"isActive":true,"date":1702310819394,"kind":"Node","isSelected":false,"isConnectorSelected":false,"isDraggable":0,"isDeletable":0,"hasElementMoved":false,"eventLog":[{"time":"1702310819394","type":"create node","value":[0]},{"time":"1702310875284","type":"selected","value":[true]},{"time":"1702310877906","type":"value","value":[2]},{"time":"1702310877906","type":"selected","value":[false]},{"time":"2023-12-11T16:21:10.284Z","type":"position","value":{"x":[647],"y":[415]}}],"isTextChangeable":0},{"id":"06577178-51ed-4ca7-872e-d9ea41f2e71f","value":-3,"text":"disadvantages","comment":"","position":{"x":450,"y":400},"isActive":true,"date":1702310819394,"kind":"Node","isSelected":false,"isConnectorSelected":false,"isDraggable":0,"isDeletable":0,"hasElementMoved":false,"eventLog":[{"time":1702310819394,"type":"create node","value":0},{"time":1702310839774,"type":"selected","value":1},{"time":1702310842803,"type":"value","value":-3},{"time":1702310842803,"type":"selected","value":0}],"isTextChangeable":0},{"id":"ca03d2b9-0345-4b03-a9a7-2b92b8e3f477","value":3,"text":"advantages","comment":"","position":{"x":850,"y":400},"isActive":true,"date":1702310819394,"kind":"Node","isSelected":false,"isConnectorSelected":false,"isDraggable":0,"isDeletable":0,"hasElementMoved":false,"eventLog":[{"time":1702310819394,"type":"create node","value":0},{"time":1702310836943,"type":"selected","value":1},{"time":1702310839619,"type":"value","value":3},{"time":1702310839619,"type":"selected","value":0}],"isTextChangeable":0},{"id":"7cd479a1-3c3d-4545-8387-f893dbe6437c","value":-3,"text":"abuse / misuse","comment":"","position":{"x":363,"y":236},"isActive":true,"date":1702310847593,"kind":"Node","isSelected":false,"isConnectorSelected":false,"isDraggable":1,"isDeletable":1,"hasElementMoved":false,"eventLog":[{"time":"1702310847593","type":"create node","value":[0]},{"time":"1702310848927","type":"selected","value":[true]},{"time":"1702310849338","type":"selected","value":[false]},{"time":"1702310850615","type":"selected","value":[true]},{"time":"1702310855939","type":"text","value":["Missbrauch"]},{"time":"1702310855939","type":"selected","value":[false]},{"time":"1702310856856","type":"selected","value":[true]},{"time":"1702310858885","type":"value","value":[-3]},{"time":"1702310858885","type":"selected","value":[false]},{"time":"2023-12-11T16:07:42.569Z","type":"position","value":{"x":[244],"y":[373]}},{"time":"2023-12-11T16:07:52.201Z","type":"position","value":{"x":[281],"y":[237]}},{"time":"2023-12-11T16:08:14.657Z","type":"position","value":{"x":[275],"y":[275]}},{"time":"2023-12-11T16:08:17.880Z","type":"position","value":{"x":[274],"y":[320]}},{"time":"1702311172740","type":"selected","value":[true]},{"time":"1702311188099","type":"text","value":["Missbrauch / Zweckentfremdung"]},{"time":"1702311188099","type":"selected","value":[false]}],"isTextChangeable":1},{"id":"ac1ac968-099a-47d3-952a-ab85bb620095","value":0,"text":"ethical questions","comment":"","position":{"x":317,"y":473},"isActive":true,"date":1702310900560,"kind":"Node","isSelected":false,"isConnectorSelected":false,"isDraggable":1,"isDeletable":1,"hasElementMoved":false,"eventLog":[{"time":"1702310900560","type":"create node","value":[0]},{"time":"1702310900764","type":"selected","value":[true]},{"time":"1702310907282","type":"text","value":["Ethik"]},{"time":"1702310907282","type":"selected","value":[false]},{"time":"2023-12-11T16:08:28.239Z","type":"position","value":{"x":[294],"y":[482]}},{"time":"2023-12-11T16:10:16.605Z","type":"position","value":{"x":[339],"y":[517]}},{"time":"2023-12-11T16:10:18.576Z","type":"position","value":{"x":[346],"y":[500]}},{"time":"2023-12-11T16:16:30.566Z","type":"position","value":{"x":[371],"y":[523]}},{"time":"1702311447836","type":"selected","value":[true]},{"time":"1702311454070","type":"text","value":["Ethische Fragen"]},{"time":"1702311454070","type":"selected","value":[false]}],"isTextChangeable":1},{"id":"88819ada-1ca8-4e06-8581-d29935da9294","value":-2,"text":"preference","comment":"","position":{"x":128,"y":456},"isActive":true,"date":1702310912361,"kind":"Node","isSelected":false,"isConnectorSelected":false,"isDraggable":1,"isDeletable":1,"hasElementMoved":false,"eventLog":[{"time":"1702310912361","type":"create node","value":[0]},{"time":"1702310912461","type":"selected","value":[true]},{"time":"1702310918402","type":"text","value":["Bevorzugung"]},{"time":"1702310918402","type":"selected","value":[false]},{"time":"2023-12-11T16:08:39.131Z","type":"position","value":{"x":[149],"y":[582]}},{"time":"2023-12-11T16:08:42.248Z","type":"position","value":{"x":[205],"y":[654]}},{"time":"1702311000139","type":"selected","value":[true]},{"time":"1702311000549","type":"selected","value":[false]},{"time":"1702311001781","type":"selected","value":[true]},{"time":"1702311004559","type":"value","value":[-2]},{"time":"1702311004559","type":"selected","value":[false]},{"time":"2023-12-11T16:10:05.774Z","type":"position","value":{"x":[221],"y":[642]}},{"time":"2023-12-11T16:11:18.893Z","type":"position","value":{"x":[183],"y":[642]}},{"time":"2023-12-11T16:12:06.339Z","type":"position","value":{"x":[126],"y":[575]}},{"time":"2023-12-11T16:16:32.116Z","type":"position","value":{"x":[158],"y":[595]}}],"isTextChangeable":1},{"id":"819621d2-50f8-478b-b26f-9a1c1e2a9a27","value":3,"text":"protection of rescue personnel","comment":"","position":{"x":1022,"y":172},"isActive":true,"date":1702310923727,"kind":"Node","isSelected":false,"isConnectorSelected":false,"isDraggable":1,"isDeletable":1,"hasElementMoved":false,"eventLog":[{"time":"1702310923727","type":"create node","value":[0]},{"time":"1702310925306","type":"selected","value":[true]},{"time":"1702310937019","type":"text","value":["Schutz von Rettungspersonal"]},{"time":"1702310937019","type":"selected","value":[false]},{"time":"1702310937620","type":"selected","value":[true]},{"time":"1702310939164","type":"value","value":[3]},{"time":"1702310939164","type":"selected","value":[false]},{"time":"2023-12-11T16:08:59.729Z","type":"position","value":{"x":[981],"y":[512]}},{"time":"2023-12-11T16:08:59.848Z","type":"position","value":{"x":[1016],"y":[322]}},{"time":"2023-12-11T16:13:25.017Z","type":"position","value":{"x":[1037],"y":[257]}},{"time":"2023-12-11T16:13:44.009Z","type":"position","value":{"x":[1019],"y":[236]}},{"time":"2023-12-11T16:14:16.312Z","type":"position","value":{"x":[1050],"y":[248]}}],"isTextChangeable":1},{"id":"1fe5ff62-5d06-4387-a9cf-e4636af28fc6","value":2,"text":"accessibility of places","comment":"Accessibility difficult to reach","position":{"x":1021,"y":449},"isActive":true,"date":1702310942880,"kind":"Node","isSelected":false,"isConnectorSelected":false,"isDraggable":1,"isDeletable":1,"hasElementMoved":false,"eventLog":[{"time":"1702310942880","type":"create node","value":[0]},{"time":"1702310942950","type":"selected","value":[true]},{"time":"1702310967613","type":"text","value":["Erreichen von Orten"]},{"time":"1702310967613","type":"selected","value":[false]},{"time":"2023-12-11T16:09:28.388Z","type":"position","value":{"x":[1072],"y":[403]}},{"time":"2023-12-11T16:09:34.037Z","type":"position","value":{"x":[1051],"y":[430]}},{"time":"2023-12-11T16:14:12.432Z","type":"position","value":{"x":[1024],"y":[476]}},{"time":"1702311319763","type":"selected","value":[true]},{"time":"1702311337071","type":"comment","value":["Erreichbarkeit schwer zug ¨"]},{"time":"1702311337071","type":"selected","value":[false]},{"time":"1702311367712","type":"selected","value":[true]},{"time":"1702311378842","type":"text","value":["Erreichbarkeit von Orten"]},{"time":"1702311378842","type":"selected","value":[false]},{"time":"1702311624456","type":"selected","value":[true]},{"time":"1702311626427","type":"value","value":[2]},{"time":"1702311626427","type":"selected","value":[false]},{"time":"2023-12-11T16:20:27.348Z","type":"position","value":{"x":[1028],"y":[468]}}],"isTextChangeable":1},{"id":"2f3e209f-63a2-4335-9a9b-040566a70da9","value":0,"text":"hard to access","comment":"","position":{"x":1216,"y":413},"isActive":true,"date":1702310976207,"kind":"Node","isSelected":false,"isConnectorSelected":false,"isDraggable":1,"isDeletable":1,"hasElementMoved":false,"eventLog":[{"time":"1702310976207","type":"create node","value":[0]},{"time":"1702310987365","type":"selected","value":[true]},{"time":"1702310998125","type":"text","value":["Unerreichbar"]},{"time":"1702310998125","type":"selected","value":[false]},{"time":"1702311339137","type":"selected","value":[true]},{"time":"1702311352289","type":"text","value":["Schwer zugänglich"]},{"time":"1702311352289","type":"selected","value":[false]},{"time":"2023-12-11T16:16:22.152Z","type":"position","value":{"x":[1163],"y":[413]}},{"time":"1702311629689","type":"selected","value":[true]},{"time":"1702311635243","type":"selected","value":[false]}],"isTextChangeable":1},{"id":"a93e2aa6-9a4c-46b4-a541-a31ad4436ecb","value":0,"text":"contaminated","comment":"","position":{"x":1199,"y":531},"isActive":true,"date":1702310978069,"kind":"Node","isSelected":false,"isConnectorSelected":false,"isDraggable":1,"isDeletable":1,"hasElementMoved":false,"eventLog":[{"time":"1702310978069","type":"create node","value":[0]},{"time":"1702311356073","type":"selected","value":[true]},{"time":"1702311363364","type":"text","value":["Kontaminiert"]},{"time":"1702311363364","type":"selected","value":[false]},{"time":"2023-12-11T16:16:22.914Z","type":"position","value":{"x":[1129],"y":[510]}}],"isTextChangeable":1},{"id":"5cd3ba86-26c2-47ef-9437-bd58847f96a0","value":0,"text":"otherwise dangerous","comment":"","position":{"x":1080,"y":598},"isActive":true,"date":1702310979179,"kind":"Node","isSelected":false,"isConnectorSelected":false,"isDraggable":1,"isDeletable":1,"hasElementMoved":false,"eventLog":[{"time":"1702310979179","type":"create node","value":[0]},{"time":"1702310979283","type":"selected","value":[true]},{"time":"1702310980176","type":"selected","value":[false]},{"time":"2023-12-11T16:16:24.310Z","type":"position","value":{"x":[1096],"y":[593]}},{"time":"1702311638843","type":"selected","value":[true]},{"time":"1702311650806","type":"text","value":["anderweitig Gefährlich"]},{"time":"1702311650806","type":"selected","value":[false]},{"time":"1702311739289","type":"selected","value":[true]},{"time":"1702311744354","type":"text","value":["anderweitig gefährlich"]},{"time":"1702311744354","type":"selected","value":[false]}],"isTextChangeable":1},{"id":"b3c1d2aa-6659-43e9-98c8-b87b4b204c64","value":0,"text":"","comment":"","position":{"x":176,"y":485},"isActive":false,"date":1702311010588,"kind":"Node","isSelected":false,"isConnectorSelected":false,"isDraggable":1,"isDeletable":1,"hasElementMoved":false,"eventLog":[{"time":1702311010588,"type":"create node","value":0},{"time":1702311015188,"type":"node was deleted","value":-77}],"isTextChangeable":1},{"id":"1f7c986b-ae0f-4888-92c1-8c721918af2c","value":-1,"text":"impersonal","comment":"lack of human closeness, which the victim might need","position":{"x":221,"y":304},"isActive":true,"date":1702311021180,"kind":"Node","isSelected":false,"isConnectorSelected":false,"isDraggable":1,"isDeletable":1,"hasElementMoved":false,"eventLog":[{"time":"1702311021180","type":"create node","value":[0]},{"time":"1702311021853","type":"selected","value":[true]},{"time":"1702311071776","type":"text","value":["Unpersönlich"]},{"time":"1702311071776","type":"value","value":[-1]},{"time":"1702311071776","type":"comment","value":["fehlen von menschlicher Nähe, welche das Opfer brauchen könnte"]},{"time":"1702311071776","type":"selected","value":[false]},{"time":"2023-12-11T16:11:13.780Z","type":"position","value":{"x":[238],"y":[379]}},{"time":"1702311133994","type":"selected","value":[true]},{"time":"1702311140022","type":"selected","value":[false]},{"time":"1702311242547","type":"selected","value":[true]},{"time":"1702311247442","type":"selected","value":[false]},{"time":"2023-12-11T16:16:28.941Z","type":"position","value":{"x":[246],"y":[396]}},{"time":"1702311532802","type":"selected","value":[true]},{"time":"1702311542221","type":"selected","value":[false]}],"isTextChangeable":1},{"id":"5de01d27-c05b-45e1-9605-e9b754248b8c","value":10,"text":"war","comment":"","position":{"x":153,"y":93},"isActive":true,"date":1702311140890,"kind":"Node","isSelected":false,"isConnectorSelected":false,"isDraggable":1,"isDeletable":1,"hasElementMoved":false,"eventLog":[{"time":"1702311140890","type":"create node","value":[0]},{"time":"1702311141852","type":"selected","value":[true]},{"time":"1702311151955","type":"text","value":["Krieg"]},{"time":"1702311151955","type":"value","value":[10]},{"time":"1702311151955","type":"selected","value":[false]},{"time":"2023-12-11T16:12:34.551Z","type":"position","value":{"x":[243],"y":[65]}},{"time":"2023-12-11T16:13:10.875Z","type":"position","value":{"x":[233],"y":[115]}}],"isTextChangeable":1},{"id":"dc46cb5a-6cc6-4e75-84b3-23f44fee8a27","value":0,"text":"","comment":"","position":{"x":394,"y":89},"isActive":false,"date":1702311157392,"kind":"Node","isSelected":false,"isConnectorSelected":false,"isDraggable":1,"isDeletable":1,"hasElementMoved":false,"eventLog":[{"time":1702311157392,"type":"create node","value":0},{"time":1702311157535,"type":"selected","value":1},{"time":1702311172624,"type":"selected","value":0},{"time":1702311192720,"type":"selected","value":1},{"time":1702311202644,"type":"selected","value":0},{"time":1702311231637,"type":"selected","value":1},{"time":1702311236027,"type":"selected","value":0},{"time":1702311236902,"type":"selected","value":1},{"time":1702311237514,"type":"selected","value":0},{"time":1702311238677,"type":"selected","value":1},{"time":1702311239767,"type":"node was deleted","value":-99}],"isTextChangeable":1},{"id":"3fa2e904-7fb7-41ac-8d97-b46de6d34c32","value":1,"text":"simplified explanation","comment":"","position":{"x":853,"y":182},"isActive":true,"date":1702311206575,"kind":"Node","isSelected":false,"isConnectorSelected":false,"isDraggable":1,"isDeletable":1,"hasElementMoved":false,"eventLog":[{"time":"1702311206575","type":"create node","value":[0]},{"time":"1702311206829","type":"selected","value":[true]},{"time":"1702311217930","type":"text","value":["Aufklärung"]},{"time":"1702311217930","type":"value","value":[10]},{"time":"1702311217930","type":"selected","value":[false]},{"time":"2023-12-11T16:13:43.075Z","type":"position","value":{"x":[849],"y":[196]}},{"time":"1702311752446","type":"selected","value":[true]},{"time":"1702311762730","type":"text","value":["vereinfachte Aufklärung"]},{"time":"1702311762730","type":"value","value":[1]},{"time":"1702311762730","type":"selected","value":[false]},{"time":"2023-12-11T16:22:43.914Z","type":"position","value":{"x":[877],"y":[170]}}],"isTextChangeable":1},{"id":"89894798-fb6c-4191-b64e-72e79171ec9c","value":0,"text":"","comment":"","position":{"x":696,"y":209},"isActive":false,"date":1702311225775,"kind":"Node","isSelected":false,"isConnectorSelected":false,"isDraggable":1,"isDeletable":1,"hasElementMoved":false,"eventLog":[{"time":"1702311225775","type":"create node","value":[0]},{"time":"2023-12-11T16:13:46.738Z","type":"position","value":{"x":[675],"y":[211]}},{"time":"1702311228867","type":"selected","value":[true]},{"time":"1702311230096","type":"node was deleted","value":[-99]}],"isTextChangeable":1},{"id":"92fa5f75-4817-40e3-b0fa-450217640d5e","value":2,"text":"supply","comment":"","position":{"x":1094,"y":269},"isActive":true,"date":1702311259463,"kind":"Node","isSelected":false,"isConnectorSelected":false,"isDraggable":1,"isDeletable":1,"hasElementMoved":false,"eventLog":[{"time":"1702311259463","type":"create node","value":[0]},{"time":"1702311260907","type":"selected","value":[true]},{"time":"1702311299546","type":"text","value":["Versorgung"]},{"time":"1702311299546","type":"selected","value":[false]},{"time":"2023-12-11T16:15:00.645Z","type":"position","value":{"x":[1067],"y":[277]}},{"time":"1702311306075","type":"selected","value":[true]},{"time":"1702311309665","type":"selected","value":[false]},{"time":"1702311312501","type":"selected","value":[true]},{"time":"1702311314168","type":"value","value":[2]},{"time":"1702311314168","type":"selected","value":[false]},{"time":"2023-12-11T16:15:17.429Z","type":"position","value":{"x":[1086],"y":[281]}}],"isTextChangeable":1},{"id":"8906a1bd-3d91-48f2-bc4f-8ed2bc7407eb","value":-1,"text":"lacking responsibility","comment":"with autonomous robots","position":{"x":178,"y":576},"isActive":true,"date":1702311411595,"kind":"Node","isSelected":false,"isConnectorSelected":false,"isDraggable":1,"isDeletable":1,"hasElementMoved":false,"eventLog":[{"time":"1702311411595","type":"create node","value":[0]},{"time":"1702311413092","type":"selected","value":[true]},{"time":"1702311432870","type":"text","value":["fehlende Verantwortlichkeit"]},{"time":"1702311432870","type":"comment","value":["bei autonomen Robotern"]},{"time":"1702311432870","type":"selected","value":[false]},{"time":"1702311433897","type":"selected","value":[true]},{"time":"1702311436797","type":"value","value":[-1]},{"time":"1702311436797","type":"selected","value":[false]},{"time":"2023-12-11T16:17:17.464Z","type":"position","value":{"x":[193],"y":[552]}},{"time":"2023-12-11T16:17:21.126Z","type":"position","value":{"x":[170],"y":[594]}}],"isTextChangeable":1},{"id":"9e7145db-c943-44ad-b504-b2e0af9dd7b3","value":0,"text":"","comment":"","position":{"x":321,"y":602},"isActive":false,"date":1702311442849,"kind":"Node","isSelected":false,"isConnectorSelected":false,"isDraggable":1,"isDeletable":1,"hasElementMoved":false,"eventLog":[{"time":"1702311442849","type":"create node","value":[0]},{"time":"2023-12-11T16:17:23.987Z","type":"position","value":{"x":[292],"y":[614]}},{"time":"2023-12-11T16:17:34.836Z","type":"position","value":{"x":[320],"y":[605]}},{"time":"1702311727941","type":"node was deleted","value":[-77]}],"isTextChangeable":1},{"id":"3c88a718-a1f9-4e4f-a58a-8edfa47e67d9","value":0,"text":"","comment":"","position":{"x":209,"y":389},"isActive":false,"date":1702311543345,"kind":"Node","isSelected":false,"isConnectorSelected":false,"isDraggable":1,"isDeletable":1,"hasElementMoved":false,"eventLog":[{"time":1702311543345,"type":"create node","value":0},{"time":1702311543972,"type":"selected","value":1},{"time":1702311545287,"type":"node was deleted","value":-99}],"isTextChangeable":1},{"id":"2c9258b3-8858-4ba8-8593-99868534ce2e","value":0,"text":"","comment":"","position":{"x":345,"y":73},"isActive":false,"date":1702311549601,"kind":"Node","isSelected":false,"isConnectorSelected":false,"isDraggable":1,"isDeletable":1,"hasElementMoved":false,"eventLog":[{"time":"1702311549601","type":"create node","value":[0]},{"time":"2023-12-11T16:19:10.217Z","type":"position","value":{"x":[348],"y":[99]}},{"time":"2023-12-11T16:19:12.536Z","type":"position","value":{"x":[331],"y":[47]}},{"time":"1702311731662","type":"node was deleted","value":[-77]}],"isTextChangeable":1},{"id":"68d2d0df-1ee2-4d18-b222-79cbe24accf5","value":2,"text":"flexibility","comment":"","position":{"x":919,"y":526},"isActive":true,"date":1702311578262,"kind":"Node","isSelected":false,"isConnectorSelected":false,"isDraggable":1,"isDeletable":1,"hasElementMoved":false,"eventLog":[{"time":"1702311578262","type":"create node","value":[0]},{"time":"1702311578353","type":"selected","value":[true]},{"time":"1702311584490","type":"text","value":["Flexibilität"]},{"time":"1702311584490","type":"selected","value":[false]},{"time":"1702311585667","type":"selected","value":[true]},{"time":"1702311587497","type":"value","value":[2]},{"time":"1702311587497","type":"selected","value":[false]},{"time":"1702311599948","type":"selected","value":[true]},{"time":"1702311601043","type":"selected","value":[false]},{"time":"2023-12-11T16:20:15.993Z","type":"position","value":{"x":[870],"y":[513]}}],"isTextChangeable":1},{"id":"cd3d39c1-6731-4201-9bfa-02abce91eb1f","value":1,"text":"increased efficiency","comment":"","position":{"x":780,"y":526},"isActive":true,"date":1702311602824,"kind":"Node","isSelected":false,"isConnectorSelected":false,"isDraggable":1,"isDeletable":1,"hasElementMoved":false,"eventLog":[{"time":"1702311602824","type":"create node","value":[0]},{"time":"1702311602949","type":"selected","value":[true]},{"time":"1702311613146","type":"text","value":["erhöte Effizienz"]},{"time":"1702311613147","type":"selected","value":[false]},{"time":"1702311613806","type":"selected","value":[true]},{"time":"1702311615377","type":"value","value":[1]},{"time":"1702311615377","type":"selected","value":[false]},{"time":"2023-12-11T16:20:17.380Z","type":"position","value":{"x":[844],"y":[583]}}],"isTextChangeable":1},{"id":"0cfdab3d-df01-4be7-83bf-37ebb8e4de82","value":-1,"text":"costs","comment":"","position":{"x":465,"y":580},"isActive":true,"date":1702311694791,"kind":"Node","isSelected":false,"isConnectorSelected":false,"isDraggable":1,"isDeletable":1,"hasElementMoved":false,"eventLog":[{"time":"1702311694791","type":"create node","value":[0]},{"time":"1702311695766","type":"selected","value":[true]},{"time":"1702311700939","type":"text","value":["Kosten"]},{"time":"1702311700939","type":"value","value":[-1]},{"time":"1702311700939","type":"selected","value":[false]},{"time":"2023-12-11T16:21:43.434Z","type":"position","value":{"x":[499],"y":[517]}}],"isTextChangeable":1},{"id":"f549b3c4-638f-4956-b01d-8b406f6cc804","value":0,"text":"","comment":"","position":{"x":352,"y":44},"isActive":false,"date":1702311728663,"kind":"Node","isSelected":false,"isConnectorSelected":false,"isDraggable":1,"isDeletable":1,"hasElementMoved":false,"eventLog":[{"time":1702311728663,"type":"create node","value":0},{"time":1702311730534,"type":"node was deleted","value":-77}],"isTextChangeable":1}],"connectors":[{"id":"72e999c8-27b0-4418-9e99-a1d35131e643","source":"2faf15b2-1388-4682-8ab8-fe0a791dd3a3","target":"06577178-51ed-4ca7-872e-d9ea41f2e71f","agreement":false,"isActive":true,"date":1702310819394,"kind":"Connector","isSelected":false,"intensity":9,"isDeletable":false,"isOver":false,"isBidirectional":false,"eventLog":[{"time":1702310819394,"type":"create connection"},{"time":1702310886863,"type":"selected","value":1},{"time":1702310890444,"type":"change intensity of connector","value":-9},{"time":1702310890444,"type":"selected","value":0}]},{"id":"7e820317-011f-4201-8e54-e7ff2239d72b","source":"2faf15b2-1388-4682-8ab8-fe0a791dd3a3","target":"ca03d2b9-0345-4b03-a9a7-2b92b8e3f477","agreement":true,"isActive":true,"date":1702310819394,"kind":"Connector","isSelected":false,"intensity":9,"isDeletable":true,"isOver":false,"isBidirectional":false,"eventLog":[{"time":1702310819395,"type":"create connection"},{"time":1702310882107,"type":"selected","value":1},{"time":1702310883274,"type":"change intensity of connector","value":3},{"time":1702310883274,"type":"selected","value":0},{"time":1702310885259,"type":"selected","value":1},{"time":1702310886137,"type":"change intensity of connector","value":3},{"time":1702310886137,"type":"selected","value":0},{"time":1702310891183,"type":"selected","value":1},{"time":1702310892678,"type":"change intensity of connector","value":9},{"time":1702310892679,"type":"selected","value":0}]},{"id":"8ac20828-1c93-449f-8eab-e3a57d64864c","source":"7cd479a1-3c3d-4545-8387-f893dbe6437c","target":"06577178-51ed-4ca7-872e-d9ea41f2e71f","agreement":false,"isActive":true,"date":1702310861609,"kind":"Connector","isSelected":false,"intensity":9,"isDeletable":true,"isOver":false,"isBidirectional":false,"eventLog":[{"time":1702310861609,"type":"create connection"},{"time":1702310864568,"type":"selected","value":1},{"time":1702310870578,"type":"change intensity of connector","value":-9},{"time":1702310870578,"type":"selected","value":0},{"time":1702310895801,"type":"selected","value":1},{"time":1702310896601,"type":"change intensity of connector","value":-9},{"time":1702310896601,"type":"selected","value":0}]},{"id":"28cba92a-e6f4-40b3-8d25-70d2b1961c06","source":"06577178-51ed-4ca7-872e-d9ea41f2e71f","target":"ac1ac968-099a-47d3-952a-ab85bb620095","agreement":true,"isActive":true,"date":1702310910836,"kind":"Connector","isSelected":false,"intensity":3,"isDeletable":true,"isOver":false,"isBidirectional":false,"eventLog":[{"time":1702310910836,"type":"create connection"}]},{"id":"f34f437f-3d13-4b79-94ea-a1e552b272e3","source":"88819ada-1ca8-4e06-8581-d29935da9294","target":"ac1ac968-099a-47d3-952a-ab85bb620095","agreement":false,"isActive":true,"date":1702310921247,"kind":"Connector","isSelected":false,"intensity":6,"isDeletable":true,"isOver":false,"isBidirectional":false,"eventLog":[{"time":1702310921247,"type":"create connection"},{"time":1702311677848,"type":"selected","value":1},{"time":1702311680239,"type":"change intensity of connector","value":-6},{"time":1702311680239,"type":"selected","value":0}]},{"id":"d3782933-168d-4c0d-9657-5653207b112b","source":"ca03d2b9-0345-4b03-a9a7-2b92b8e3f477","target":"819621d2-50f8-478b-b26f-9a1c1e2a9a27","agreement":true,"isActive":true,"date":1702310941975,"kind":"Connector","isSelected":false,"intensity":3,"isDeletable":true,"isOver":false,"isBidirectional":false,"eventLog":[{"time":1702310941975,"type":"create connection"}]},{"id":"fd1bae28-d3db-4074-8150-d0e7f9385b4f","source":"ca03d2b9-0345-4b03-a9a7-2b92b8e3f477","target":"1fe5ff62-5d06-4387-a9cf-e4636af28fc6","agreement":true,"isActive":true,"date":1702310971550,"kind":"Connector","isSelected":false,"intensity":3,"isDeletable":true,"isOver":false,"isBidirectional":false,"eventLog":[{"time":1702310971550,"type":"create connection"}]},{"id":"c37a5abc-7114-4a9e-a3d4-88a19f15b15b","source":"1f7c986b-ae0f-4888-92c1-8c721918af2c","target":"06577178-51ed-4ca7-872e-d9ea41f2e71f","agreement":false,"isActive":true,"date":1702311075563,"kind":"Connector","isSelected":false,"intensity":6,"isDeletable":true,"isOver":false,"isBidirectional":false,"eventLog":[{"time":1702311075563,"type":"create connection"},{"time":1702311671929,"type":"selected","value":1},{"time":1702311673908,"type":"change intensity of connector","value":-6},{"time":1702311673908,"type":"selected","value":0}]},{"id":"577d684a-dc5f-4eeb-b068-0d0f5a0d9de2","source":"5de01d27-c05b-45e1-9605-e9b754248b8c","target":"7cd479a1-3c3d-4545-8387-f893dbe6437c","agreement":true,"isActive":true,"date":1702311156478,"kind":"Connector","isSelected":false,"intensity":3,"isDeletable":true,"isOver":false,"isBidirectional":false,"eventLog":[{"time":1702311156478,"type":"create connection"}]},{"id":"c54ef345-36c7-4404-8b61-953f514d37a6","source":"ca03d2b9-0345-4b03-a9a7-2b92b8e3f477","target":"3fa2e904-7fb7-41ac-8d97-b46de6d34c32","agreement":true,"isActive":true,"date":1702311219768,"kind":"Connector","isSelected":false,"intensity":3,"isDeletable":true,"isOver":false,"isBidirectional":false,"eventLog":[{"time":1702311219768,"type":"create connection"}]},{"id":"91811f46-7596-45d6-bc90-31f5303dedf8","source":"3fa2e904-7fb7-41ac-8d97-b46de6d34c32","target":"819621d2-50f8-478b-b26f-9a1c1e2a9a27","agreement":true,"isActive":true,"date":1702311222040,"kind":"Connector","isSelected":false,"intensity":3,"isDeletable":true,"isOver":false,"isBidirectional":false,"eventLog":[{"time":1702311222040,"type":"create connection"}]},{"id":"bfd8b823-a429-4876-927a-08cf12dcbf0e","source":"ca03d2b9-0345-4b03-a9a7-2b92b8e3f477","target":"92fa5f75-4817-40e3-b0fa-450217640d5e","agreement":true,"isActive":true,"date":1702311315863,"kind":"Connector","isSelected":false,"intensity":3,"isDeletable":true,"isOver":false,"isBidirectional":false,"eventLog":[{"time":1702311315863,"type":"create connection"}]},{"id":"62890b91-f1bb-4c41-8f74-f6c13be7e8f4","source":"a93e2aa6-9a4c-46b4-a541-a31ad4436ecb","target":"2f3e209f-63a2-4335-9a9b-040566a70da9","agreement":true,"isActive":false,"date":1702311338924,"kind":"Connector","isSelected":false,"intensity":3,"isDeletable":true,"isOver":false,"isBidirectional":false,"eventLog":[{"time":1702311338924,"type":"create connection"},{"time":1702311354047,"type":"selected","value":1},{"time":1702311354979,"type":"connector was deleted","value":-99},{"time":1702311354980,"type":"active","value":0}]},{"id":"65da776f-ad2d-4cea-bf14-0eaa68b1f01a","source":"1fe5ff62-5d06-4387-a9cf-e4636af28fc6","target":"2f3e209f-63a2-4335-9a9b-040566a70da9","agreement":true,"isActive":true,"date":1702311380212,"kind":"Connector","isSelected":false,"intensity":3,"isDeletable":true,"isOver":false,"isBidirectional":false,"eventLog":[{"time":1702311380212,"type":"create connection"}]},{"id":"e6ddba0d-27dc-4060-a34a-45923f025652","source":"1fe5ff62-5d06-4387-a9cf-e4636af28fc6","target":"a93e2aa6-9a4c-46b4-a541-a31ad4436ecb","agreement":true,"isActive":true,"date":1702311381516,"kind":"Connector","isSelected":false,"intensity":3,"isDeletable":true,"isOver":false,"isBidirectional":false,"eventLog":[{"time":1702311381516,"type":"create connection"}]},{"id":"f1d4ee35-d7a9-48b3-8cc2-d2040949144f","source":"ac1ac968-099a-47d3-952a-ab85bb620095","target":"8906a1bd-3d91-48f2-bc4f-8ed2bc7407eb","agreement":false,"isActive":true,"date":1702311439082,"kind":"Connector","isSelected":false,"intensity":6,"isDeletable":true,"isOver":false,"isBidirectional":false,"eventLog":[{"time":1702311439082,"type":"create connection"},{"time":1702311681630,"type":"selected","value":1},{"time":1702311683836,"type":"change intensity of connector","value":-6},{"time":1702311683836,"type":"selected","value":0}]},{"id":"cd2365d7-1539-47e0-bf12-76f55dd80653","source":"ac1ac968-099a-47d3-952a-ab85bb620095","target":"9e7145db-c943-44ad-b504-b2e0af9dd7b3","agreement":true,"isActive":false,"date":1702311456899,"kind":"Connector","isSelected":false,"intensity":3,"isDeletable":true,"isOver":false,"isBidirectional":false,"eventLog":[{"time":1702311456899,"type":"create connection"},{"time":1702311727941,"type":"active","value":false}]},{"id":"c0d3da33-d716-46e7-8a02-b1a0b13fcf0e","source":"8906a1bd-3d91-48f2-bc4f-8ed2bc7407eb","target":"1f7c986b-ae0f-4888-92c1-8c721918af2c","agreement":true,"isActive":false,"date":1702311532609,"kind":"Connector","isSelected":false,"intensity":3,"isDeletable":true,"isOver":false,"isBidirectional":false,"eventLog":[{"time":1702311532609,"type":"create connection"},{"time":1702311547316,"type":"selected","value":1},{"time":1702311548599,"type":"connector was deleted","value":-99},{"time":1702311548599,"type":"active","value":0}]},{"id":"d9c54612-f50d-4a77-a0f5-d2774ea10a48","source":"2c9258b3-8858-4ba8-8593-99868534ce2e","target":"7cd479a1-3c3d-4545-8387-f893dbe6437c","agreement":true,"isActive":false,"date":1702311551721,"kind":"Connector","isSelected":false,"intensity":3,"isDeletable":true,"isOver":false,"isBidirectional":false,"eventLog":[{"time":1702311551721,"type":"create connection"},{"time":1702311731662,"type":"active","value":false}]},{"id":"4dfa4ca0-ff35-4f25-84a0-8dc4dadb4563","source":"ca03d2b9-0345-4b03-a9a7-2b92b8e3f477","target":"68d2d0df-1ee2-4d18-b222-79cbe24accf5","agreement":true,"isActive":true,"date":1702311588742,"kind":"Connector","isSelected":false,"intensity":3,"isDeletable":true,"isOver":false,"isBidirectional":false,"eventLog":[{"time":1702311588742,"type":"create connection"}]},{"id":"3df67b7b-8bc4-4b26-88e2-37bc51ab3fb1","source":"ca03d2b9-0345-4b03-a9a7-2b92b8e3f477","target":"cd3d39c1-6731-4201-9bfa-02abce91eb1f","agreement":true,"isActive":true,"date":1702311619709,"kind":"Connector","isSelected":false,"intensity":3,"isDeletable":true,"isOver":false,"isBidirectional":false,"eventLog":[{"time":1702311619709,"type":"create connection"}]},{"id":"d3c03b0a-5190-41c5-84e4-a7ba606d13a5","source":"1fe5ff62-5d06-4387-a9cf-e4636af28fc6","target":"5cd3ba86-26c2-47ef-9437-bd58847f96a0","agreement":true,"isActive":true,"date":1702311652421,"kind":"Connector","isSelected":false,"intensity":3,"isDeletable":true,"isOver":false,"isBidirectional":false,"eventLog":[{"time":1702311652421,"type":"create connection"}]},{"id":"c9d1d4e8-89ac-478f-8fad-a0e5f7ad14c0","source":"06577178-51ed-4ca7-872e-d9ea41f2e71f","target":"0cfdab3d-df01-4be7-83bf-37ebb8e4de82","agreement":false,"isActive":true,"date":1702311702352,"kind":"Connector","isSelected":false,"intensity":3,"isDeletable":true,"isOver":false,"isBidirectional":false,"eventLog":[{"time":1702311702352,"type":"create connection"},{"time":1702311705389,"type":"selected","value":1},{"time":1702311707259,"type":"change intensity of connector","value":-3},{"time":1702311707259,"type":"selected","value":0}]}],"currentID":{},"currentNode":{},"hasSelectedNode":[false],"currentConnector":{},"hasSelectedConnector":[false],"readyToMove":[false],"isIncoming":[false],"hasElementMoved":[false]}
