{"idCAM":["c29c5832-f514-40cb-b69b-6f0bae1e786a"],"creator":["627bbf69ab2788507bc421a2_post"],"projectCAM":["S2_CAM part 2"],"defocusCAM":[],"date":[1702312016556],"nodes":[{"id":"0a73c29a-8d89-45bf-91eb-5749a1cddd81","value":2,"text":"rescue robot","comment":"","position":{"x":650,"y":400},"isActive":true,"date":1702312017470,"kind":"Node","isSelected":false,"isConnectorSelected":false,"isDraggable":0,"isDeletable":0,"hasElementMoved":false,"eventLog":[{"time":1702312017471,"type":"create node","value":2}],"isTextChangeable":0},{"id":"4a37d9e3-550b-439f-aae0-a20c815475f3","value":-3,"text":"disadvantages","comment":"","position":{"x":450,"y":400},"isActive":true,"date":1702312017472,"kind":"Node","isSelected":false,"isConnectorSelected":false,"isDraggable":0,"isDeletable":0,"hasElementMoved":false,"eventLog":[{"time":1702312017472,"type":"create node","value":-3}],"isTextChangeable":0},{"id":"e4d356ad-7e42-45c9-9b6e-fa9be9877a96","value":3,"text":"advantages","comment":"","position":{"x":850,"y":400},"isActive":true,"date":1702312017472,"kind":"Node","isSelected":false,"isConnectorSelected":false,"isDraggable":0,"isDeletable":0,"hasElementMoved":false,"eventLog":[{"time":1702312017472,"type":"create node","value":3}],"isTextChangeable":0},{"id":"05087f21-baf2-48bf-8b7c-d455b214d568","value":-3,"text":"abuse / misuse","comment":"","position":{"x":363,"y":236},"isActive":true,"date":1702312017472,"kind":"Node","isSelected":false,"isConnectorSelected":false,"isDraggable":1,"isDeletable":1,"hasElementMoved":false,"eventLog":[{"time":1702312017472,"type":"create node","value":-3}],"isTextChangeable":1},{"id":"3e564cca-fc2b-40bb-9f0c-e5a27838e5da","value":0,"text":"ethical questions","comment":"","position":{"x":317,"y":473},"isActive":true,"date":1702312017472,"kind":"Node","isSelected":false,"isConnectorSelected":false,"isDraggable":1,"isDeletable":1,"hasElementMoved":false,"eventLog":[{"time":1702312017472,"type":"create node","value":0}],"isTextChangeable":1},{"id":"0cf349a2-78c5-4ac7-a895-2fa0dce6c533","value":-2,"text":"preference","comment":"","position":{"x":128,"y":456},"isActive":true,"date":1702312017472,"kind":"Node","isSelected":false,"isConnectorSelected":false,"isDraggable":1,"isDeletable":1,"hasElementMoved":false,"eventLog":[{"time":1702312017472,"type":"create node","value":-2}],"isTextChangeable":1},{"id":"2414d8d4-38bf-4540-bba0-90654a5d972d","value":3,"text":"protection of rescue personnel","comment":"","position":{"x":1022,"y":172},"isActive":true,"date":1702312017473,"kind":"Node","isSelected":false,"isConnectorSelected":false,"isDraggable":1,"isDeletable":1,"hasElementMoved":false,"eventLog":[{"time":1702312017473,"type":"create node","value":3}],"isTextChangeable":1},{"id":"bf099494-7556-4929-84de-eb5a8c8421f6","value":2,"text":"accessibility of places","comment":"","position":{"x":1021,"y":449},"isActive":true,"date":1702312017473,"kind":"Node","isSelected":false,"isConnectorSelected":false,"isDraggable":1,"isDeletable":1,"hasElementMoved":false,"eventLog":[{"time":1702312017473,"type":"create node","value":2}],"isTextChangeable":1},{"id":"7656cd1d-1225-4f35-a6b5-47ccacc552dd","value":0,"text":"hard to access","comment":"","position":{"x":1216,"y":413},"isActive":true,"date":1702312017473,"kind":"Node","isSelected":false,"isConnectorSelected":false,"isDraggable":1,"isDeletable":1,"hasElementMoved":false,"eventLog":[{"time":1702312017473,"type":"create node","value":0}],"isTextChangeable":1},{"id":"fef347a8-3e57-4b37-8ce1-f70019c28cdd","value":0,"text":"contaminated","comment":"","position":{"x":1199,"y":531},"isActive":true,"date":1702312017473,"kind":"Node","isSelected":false,"isConnectorSelected":false,"isDraggable":1,"isDeletable":1,"hasElementMoved":false,"eventLog":[{"time":1702312017473,"type":"create node","value":0}],"isTextChangeable":1},{"id":"a2fab83e-83ec-4aea-8787-28b92071c942","value":0,"text":"otherwise dangerous","comment":"","position":{"x":1080,"y":598},"isActive":true,"date":1702312017473,"kind":"Node","isSelected":false,"isConnectorSelected":false,"isDraggable":1,"isDeletable":1,"hasElementMoved":false,"eventLog":[{"time":1702312017473,"type":"create node","value":0}],"isTextChangeable":1},{"id":"597b63b8-c016-4887-8d74-a8c38b9599a2","value":-1,"text":"impersonal","comment":"","position":{"x":221,"y":304},"isActive":true,"date":1702312017473,"kind":"Node","isSelected":false,"isConnectorSelected":false,"isDraggable":1,"isDeletable":1,"hasElementMoved":false,"eventLog":[{"time":1702312017473,"type":"create node","value":-1}],"isTextChangeable":1},{"id":"3d6931e4-cf4e-431d-9de6-796ace4dd1d8","value":10,"text":"war","comment":"","position":{"x":153,"y":93},"isActive":true,"date":1702312017473,"kind":"Node","isSelected":false,"isConnectorSelected":false,"isDraggable":1,"isDeletable":1,"hasElementMoved":false,"eventLog":[{"time":1702312017473,"type":"create node","value":10}],"isTextChangeable":1},{"id":"a2421c2a-230b-49ad-8dca-4e4ca6747050","value":1,"text":"simplified explanation","comment":"","position":{"x":853,"y":182},"isActive":true,"date":1702312017473,"kind":"Node","isSelected":false,"isConnectorSelected":false,"isDraggable":1,"isDeletable":1,"hasElementMoved":false,"eventLog":[{"time":1702312017473,"type":"create node","value":1}],"isTextChangeable":1},{"id":"09d802fc-15fb-4c16-8ecd-5fad787c8fdd","value":2,"text":"supply","comment":"","position":{"x":1094,"y":269},"isActive":true,"date":1702312017473,"kind":"Node","isSelected":false,"isConnectorSelected":false,"isDraggable":1,"isDeletable":1,"hasElementMoved":false,"eventLog":[{"time":1702312017473,"type":"create node","value":2}],"isTextChangeable":1},{"id":"05a59752-68bb-475b-a801-808a0c9a047a","value":-1,"text":"lacking responsibility","comment":"","position":{"x":125,"y":534},"isActive":true,"date":1702312017473,"kind":"Node","isSelected":false,"isConnectorSelected":false,"isDraggable":1,"isDeletable":1,"hasElementMoved":false,"eventLog":[{"time":"1702312017473","type":"create node","value":[-1]},{"time":"2023-12-11T16:29:47.708Z","type":"position","value":{"x":[180],"y":[595]}},{"time":"2023-12-11T16:29:51.146Z","type":"position","value":{"x":[109],"y":[551]}}],"isTextChangeable":1},{"id":"1cf261da-4b87-4590-bd0f-9864adb505e7","value":2,"text":"flexibility","comment":"","position":{"x":795,"y":636},"isActive":true,"date":1702312017473,"kind":"Node","isSelected":false,"isConnectorSelected":false,"isDraggable":1,"isDeletable":1,"hasElementMoved":false,"eventLog":[{"time":"1702312017473","type":"create node","value":[2]},{"time":"2023-12-11T16:27:10.412Z","type":"position","value":{"x":[927],"y":[533]}}],"isTextChangeable":1},{"id":"d9b93714-7ed7-45fb-b06a-f71e77acfa82","value":1,"text":"increased efficiency","comment":"","position":{"x":741,"y":551},"isActive":true,"date":1702312017474,"kind":"Node","isSelected":false,"isConnectorSelected":false,"isDraggable":1,"isDeletable":1,"hasElementMoved":false,"eventLog":[{"time":"1702312017474","type":"create node","value":[1]},{"time":"2023-12-11T16:27:09.106Z","type":"position","value":{"x":[776],"y":[538]}}],"isTextChangeable":1},{"id":"0ed9d290-8c56-4918-b62f-fc7497ffc88e","value":-1,"text":"costs","comment":"","position":{"x":312,"y":625},"isActive":true,"date":1702312017474,"kind":"Node","isSelected":false,"isConnectorSelected":false,"isDraggable":1,"isDeletable":1,"hasElementMoved":false,"eventLog":[{"time":"1702312017474","type":"create node","value":[-1]},{"time":"2023-12-11T16:27:36.527Z","type":"position","value":{"x":[487],"y":[592]}},{"time":"2023-12-11T16:27:36.976Z","type":"position","value":{"x":[327],"y":[632]}},{"time":"2023-12-11T16:27:39.886Z","type":"position","value":{"x":[308],"y":[608]}}],"isTextChangeable":1},{"id":"957de028-1f4d-456f-ad25-7fd775dfe616","value":0,"text":"","comment":"","position":{"x":931,"y":690},"isActive":false,"date":1702312045656,"kind":"Node","isSelected":false,"isConnectorSelected":false,"isDraggable":1,"isDeletable":1,"hasElementMoved":false,"eventLog":[{"time":1702312045656,"type":"create node","value":0},{"time":1702312046761,"type":"selected","value":1},{"time":1702312054634,"type":"node was deleted","value":-99}],"isTextChangeable":1},{"id":"e36a504b-e80b-4e74-91e1-9f08b385f7bf","value":-1,"text":"possibly unreliable","comment":"compared to 'hard' rescue robots; valid for soft rescue robots","position":{"x":453,"y":567},"isActive":true,"date":1702312061619,"kind":"Node","isSelected":false,"isConnectorSelected":false,"isDraggable":1,"isDeletable":1,"hasElementMoved":false,"eventLog":[{"time":"1702312061619","type":"create node","value":[0]},{"time":"1702312061746","type":"selected","value":[true]},{"time":"1702312160253","type":"text","value":["möglicherweise Unzuverlässung"]},{"time":"1702312160253","type":"comment","value":["im Vergleich zu 'harten' Rettungsrobotern; gültig für softe Rettungsroboter"]},{"time":"1702312160253","type":"selected","value":[false]},{"time":"1702312163774","type":"selected","value":[true]},{"time":"1702312170865","type":"text","value":["möglicherweise Unzuverlässig"]},{"time":"1702312170865","type":"selected","value":[false]},{"time":"2023-12-11T16:29:34.686Z","type":"position","value":{"x":[537],"y":[588]}},{"time":"1702312177439","type":"selected","value":[true]},{"time":"1702312183352","type":"selected","value":[false]},{"time":"1702312184434","type":"selected","value":[true]},{"time":"1702312186969","type":"value","value":[-1]},{"time":"1702312186969","type":"selected","value":[false]},{"time":"2023-12-11T16:31:23.496Z","type":"position","value":{"x":[483],"y":[584]}},{"time":"2023-12-11T16:31:37.104Z","type":"position","value":{"x":[460],"y":[557]}}],"isTextChangeable":1},{"id":"326b30de-66e0-42e8-95c2-48694d85cb40","value":3,"text":"reduction injury risk","comment":"compared to 'soft' rescue robots; valid for hard rescue robots","position":{"x":909,"y":523},"isActive":true,"date":1702312193410,"kind":"Node","isSelected":false,"isConnectorSelected":false,"isDraggable":1,"isDeletable":1,"hasElementMoved":false,"eventLog":[{"time":"1702312193410","type":"create node","value":[0]},{"time":"2023-12-11T16:29:54.756Z","type":"position","value":{"x":[371],"y":[688]}},{"time":"2023-12-11T16:29:55.054Z","type":"position","value":{"x":[567],"y":[713]}},{"time":"2023-12-11T16:29:55.126Z","type":"position","value":{"x":[773],"y":[764]}},{"time":"2023-12-11T16:29:55.236Z","type":"position","value":{"x":[949],"y":[765]}},{"time":"1702312211263","type":"selected","value":[true]},{"time":"1702312250333","type":"text","value":["Verminderung Verletzungsrisiko"]},{"time":"1702312250333","type":"comment","value":["im Vergleich zu 'soften' Rettungsrobotern; gültig für harte Rettungsroboter"]},{"time":"1702312250333","type":"selected","value":[false]},{"time":"2023-12-11T16:30:57.949Z","type":"position","value":{"x":[936],"y":[649]}},{"time":"1702312261051","type":"selected","value":[true]},{"time":"1702312266111","type":"value","value":[3]},{"time":"1702312266111","type":"selected","value":[false]},{"time":"2023-12-11T16:31:27.454Z","type":"position","value":{"x":[917],"y":[588]}}],"isTextChangeable":1},{"id":"0384cbfe-65b3-4a9e-941a-a5513f4e0213","value":-2,"text":"possibly less precise","comment":"compared to 'hard' rescue robots; applicable to soft rescue robots","position":{"x":531,"y":598},"isActive":true,"date":1702312298681,"kind":"Node","isSelected":false,"isConnectorSelected":false,"isDraggable":1,"isDeletable":1,"hasElementMoved":false,"eventLog":[{"time":"1702312298681","type":"create node","value":[0]},{"time":"1702312299567","type":"selected","value":[true]},{"time":"1702312331133","type":"text","value":["möglicherweise weniger präzise"]},{"time":"1702312331134","type":"comment","value":["im Vergleich zu 'harten' Rettungsrobotern; gültig für softe Rettungsroboter"]},{"time":"1702312331134","type":"selected","value":[false]},{"time":"1702312334227","type":"selected","value":[true]},{"time":"1702312334642","type":"selected","value":[false]},{"time":"1702312346024","type":"selected","value":[true]},{"time":"1702312349387","type":"value","value":[-2]},{"time":"1702312349387","type":"selected","value":[false]},{"time":"2023-12-11T16:32:30.120Z","type":"position","value":{"x":[519],"y":[500]}}],"isTextChangeable":1},{"id":"be704a70-eed1-4924-a97e-65e933310971","value":0,"text":"","comment":"","position":{"x":644,"y":650},"isActive":false,"date":1702312355686,"kind":"Node","isSelected":false,"isConnectorSelected":false,"isDraggable":1,"isDeletable":1,"hasElementMoved":false,"eventLog":[{"time":1702312355686,"type":"create node","value":0},{"time":1702312359372,"type":"selected","value":1},{"time":1702312360801,"type":"node was deleted","value":-99}],"isTextChangeable":1}],"connectors":[{"id":"d7d0ae66-37af-4454-bf98-1017f9520e82","source":"0a73c29a-8d89-45bf-91eb-5749a1cddd81","target":"4a37d9e3-550b-439f-aae0-a20c815475f3","agreement":false,"isActive":true,"date":1702312017476,"kind":"Connector","isSelected":false,"intensity":9,"isDeletable":false,"isOver":false,"isBidirectional":false,"eventLog":[{"time":1702312017476,"type":"create connection"}]},{"id":"34be4c9c-1920-4f0a-aac6-8c749d3621b7","source":"0a73c29a-8d89-45bf-91eb-5749a1cddd81","target":"e4d356ad-7e42-45c9-9b6e-fa9be9877a96","agreement":true,"isActive":true,"date":1702312017477,"kind":"Connector","isSelected":false,"intensity":9,"isDeletable":true,"isOver":false,"isBidirectional":false,"eventLog":[{"time":1702312017477,"type":"create connection"}]},{"id":"c85aaebf-31f2-47c7-8cf4-8b9ecef70cec","source":"05087f21-baf2-48bf-8b7c-d455b214d568","target":"4a37d9e3-550b-439f-aae0-a20c815475f3","agreement":false,"isActive":true,"date":1702312017477,"kind":"Connector","isSelected":false,"intensity":9,"isDeletable":true,"isOver":false,"isBidirectional":false,"eventLog":[{"time":1702312017477,"type":"create connection"}]},{"id":"ea2a14f8-05cc-4d1c-a67a-a72c5405a865","source":"4a37d9e3-550b-439f-aae0-a20c815475f3","target":"3e564cca-fc2b-40bb-9f0c-e5a27838e5da","agreement":true,"isActive":true,"date":1702312017478,"kind":"Connector","isSelected":false,"intensity":3,"isDeletable":true,"isOver":false,"isBidirectional":false,"eventLog":[{"time":1702312017478,"type":"create connection"}]},{"id":"b8911107-1781-4c82-93de-b63f3f061b3a","source":"0cf349a2-78c5-4ac7-a895-2fa0dce6c533","target":"3e564cca-fc2b-40bb-9f0c-e5a27838e5da","agreement":false,"isActive":true,"date":1702312017478,"kind":"Connector","isSelected":false,"intensity":6,"isDeletable":true,"isOver":false,"isBidirectional":false,"eventLog":[{"time":1702312017478,"type":"create connection"}]},{"id":"975059ef-7b61-47b1-b3a5-bfeb34adf226","source":"e4d356ad-7e42-45c9-9b6e-fa9be9877a96","target":"2414d8d4-38bf-4540-bba0-90654a5d972d","agreement":true,"isActive":true,"date":1702312017478,"kind":"Connector","isSelected":false,"intensity":3,"isDeletable":true,"isOver":false,"isBidirectional":false,"eventLog":[{"time":1702312017478,"type":"create connection"}]},{"id":"d62793f6-b28d-45e8-8fda-658025afaf30","source":"e4d356ad-7e42-45c9-9b6e-fa9be9877a96","target":"bf099494-7556-4929-84de-eb5a8c8421f6","agreement":true,"isActive":true,"date":1702312017478,"kind":"Connector","isSelected":false,"intensity":3,"isDeletable":true,"isOver":false,"isBidirectional":false,"eventLog":[{"time":1702312017478,"type":"create connection"}]},{"id":"b397b86d-0995-4617-8415-4fd5706ac813","source":"597b63b8-c016-4887-8d74-a8c38b9599a2","target":"4a37d9e3-550b-439f-aae0-a20c815475f3","agreement":false,"isActive":true,"date":1702312017478,"kind":"Connector","isSelected":false,"intensity":6,"isDeletable":true,"isOver":false,"isBidirectional":false,"eventLog":[{"time":1702312017478,"type":"create connection"}]},{"id":"b28622e7-ae98-4cec-8d81-90d901436037","source":"3d6931e4-cf4e-431d-9de6-796ace4dd1d8","target":"05087f21-baf2-48bf-8b7c-d455b214d568","agreement":true,"isActive":true,"date":1702312017478,"kind":"Connector","isSelected":false,"intensity":3,"isDeletable":true,"isOver":false,"isBidirectional":false,"eventLog":[{"time":1702312017478,"type":"create connection"}]},{"id":"9bcda107-e6bc-4a70-afda-63caa1ae64ad","source":"e4d356ad-7e42-45c9-9b6e-fa9be9877a96","target":"a2421c2a-230b-49ad-8dca-4e4ca6747050","agreement":true,"isActive":true,"date":1702312017478,"kind":"Connector","isSelected":false,"intensity":3,"isDeletable":true,"isOver":false,"isBidirectional":false,"eventLog":[{"time":1702312017478,"type":"create connection"}]},{"id":"4c621ca4-f673-46ec-b236-5180f0039da9","source":"a2421c2a-230b-49ad-8dca-4e4ca6747050","target":"2414d8d4-38bf-4540-bba0-90654a5d972d","agreement":true,"isActive":true,"date":1702312017479,"kind":"Connector","isSelected":false,"intensity":3,"isDeletable":true,"isOver":false,"isBidirectional":false,"eventLog":[{"time":1702312017479,"type":"create connection"}]},{"id":"cfeba20e-a004-4ae8-93f2-d68766573bd2","source":"e4d356ad-7e42-45c9-9b6e-fa9be9877a96","target":"09d802fc-15fb-4c16-8ecd-5fad787c8fdd","agreement":true,"isActive":true,"date":1702312017479,"kind":"Connector","isSelected":false,"intensity":3,"isDeletable":true,"isOver":false,"isBidirectional":false,"eventLog":[{"time":1702312017479,"type":"create connection"}]},{"id":"1648ab80-3b0c-433a-9fff-089ba7a5a6a5","source":"bf099494-7556-4929-84de-eb5a8c8421f6","target":"7656cd1d-1225-4f35-a6b5-47ccacc552dd","agreement":true,"isActive":true,"date":1702312017479,"kind":"Connector","isSelected":false,"intensity":3,"isDeletable":true,"isOver":false,"isBidirectional":false,"eventLog":[{"time":1702312017479,"type":"create connection"}]},{"id":"58408d80-36ce-490d-a5d0-d0f295a373df","source":"bf099494-7556-4929-84de-eb5a8c8421f6","target":"fef347a8-3e57-4b37-8ce1-f70019c28cdd","agreement":true,"isActive":true,"date":1702312017479,"kind":"Connector","isSelected":false,"intensity":3,"isDeletable":true,"isOver":false,"isBidirectional":false,"eventLog":[{"time":1702312017479,"type":"create connection"}]},{"id":"5a2eb0b0-3272-4ede-bc4e-16b384008b3c","source":"3e564cca-fc2b-40bb-9f0c-e5a27838e5da","target":"05a59752-68bb-475b-a801-808a0c9a047a","agreement":false,"isActive":true,"date":1702312017479,"kind":"Connector","isSelected":false,"intensity":6,"isDeletable":true,"isOver":false,"isBidirectional":false,"eventLog":[{"time":1702312017479,"type":"create connection"}]},{"id":"c8a807f3-c404-4d8c-8e2b-bcebfb4f2db6","source":"e4d356ad-7e42-45c9-9b6e-fa9be9877a96","target":"1cf261da-4b87-4590-bd0f-9864adb505e7","agreement":true,"isActive":true,"date":1702312017479,"kind":"Connector","isSelected":false,"intensity":3,"isDeletable":true,"isOver":false,"isBidirectional":false,"eventLog":[{"time":1702312017479,"type":"create connection"}]},{"id":"41faa8f0-2e2f-4c8c-a38f-8a24cd135e41","source":"e4d356ad-7e42-45c9-9b6e-fa9be9877a96","target":"d9b93714-7ed7-45fb-b06a-f71e77acfa82","agreement":true,"isActive":true,"date":1702312017479,"kind":"Connector","isSelected":false,"intensity":3,"isDeletable":true,"isOver":false,"isBidirectional":false,"eventLog":[{"time":1702312017479,"type":"create connection"}]},{"id":"1626ff83-8aed-4af8-a447-b0f99b1fe3ee","source":"bf099494-7556-4929-84de-eb5a8c8421f6","target":"a2fab83e-83ec-4aea-8787-28b92071c942","agreement":true,"isActive":true,"date":1702312017480,"kind":"Connector","isSelected":false,"intensity":3,"isDeletable":true,"isOver":false,"isBidirectional":false,"eventLog":[{"time":1702312017480,"type":"create connection"}]},{"id":"e7cc85e4-afb3-41d9-a462-f6189249790e","source":"4a37d9e3-550b-439f-aae0-a20c815475f3","target":"0ed9d290-8c56-4918-b62f-fc7497ffc88e","agreement":false,"isActive":true,"date":1702312017480,"kind":"Connector","isSelected":false,"intensity":3,"isDeletable":true,"isOver":false,"isBidirectional":false,"eventLog":[{"time":1702312017480,"type":"create connection"}]},{"id":"34c1c9c4-8f66-4ca1-a312-041d9bcc82be","source":"4a37d9e3-550b-439f-aae0-a20c815475f3","target":"e36a504b-e80b-4e74-91e1-9f08b385f7bf","agreement":false,"isActive":true,"date":1702312173743,"kind":"Connector","isSelected":false,"intensity":3,"isDeletable":true,"isOver":false,"isBidirectional":false,"eventLog":[{"time":1702312173743,"type":"create connection"},{"time":1702312336203,"type":"selected","value":1},{"time":1702312339344,"type":"change intensity of connector","value":-3},{"time":1702312339344,"type":"selected","value":0}]},{"id":"f831b28e-10b1-4aca-8d31-3de0c26e54a5","source":"e4d356ad-7e42-45c9-9b6e-fa9be9877a96","target":"326b30de-66e0-42e8-95c2-48694d85cb40","agreement":true,"isActive":true,"date":1702312255297,"kind":"Connector","isSelected":false,"intensity":3,"isDeletable":true,"isOver":false,"isBidirectional":false,"eventLog":[{"time":1702312255297,"type":"create connection"}]},{"id":"8cabbbe0-b74e-4d21-8062-0f6bb95e8c3a","source":"4a37d9e3-550b-439f-aae0-a20c815475f3","target":"0384cbfe-65b3-4a9e-941a-a5513f4e0213","agreement":false,"isActive":true,"date":1702312333752,"kind":"Connector","isSelected":false,"intensity":3,"isDeletable":true,"isOver":false,"isBidirectional":false,"eventLog":[{"time":1702312333752,"type":"create connection"},{"time":1702312342547,"type":"selected","value":1},{"time":1702312345131,"type":"change intensity of connector","value":-3},{"time":1702312345131,"type":"selected","value":0}]}],"currentID":{},"currentNode":{},"hasSelectedNode":[false],"currentConnector":{},"hasSelectedConnector":[false],"readyToMove":[false],"isIncoming":[false],"hasElementMoved":[false]}
