{"idCAM":["f1579ce6-f39b-415c-be8d-bd7e32299e72"],"creator":["62ed054b4bf00da20ea22dc2_pre"],"projectCAM":["S2_CAM part 1"],"defocusCAM":[null],"date":[1702311811319],"nodes":[{"id":"4448b87f-0156-47a1-b83a-2148e34c08ea","value":1,"text":"rescue robot","comment":"","position":{"x":650,"y":400},"isActive":true,"date":1702311812213,"kind":"Node","isSelected":false,"isConnectorSelected":false,"isDraggable":0,"isDeletable":0,"hasElementMoved":false,"eventLog":[{"time":1702311812213,"type":"create node","value":0},{"time":1702311835460,"type":"selected","value":1},{"time":1702311854256,"type":"value","value":1},{"time":1702311854256,"type":"selected","value":0}],"isTextChangeable":0},{"id":"80613524-6901-4565-8f41-a3d4b5f5ae89","value":-2,"text":"disadvantages","comment":"","position":{"x":450,"y":400},"isActive":true,"date":1702311812214,"kind":"Node","isSelected":false,"isConnectorSelected":false,"isDraggable":0,"isDeletable":0,"hasElementMoved":false,"eventLog":[{"time":1702311812214,"type":"create node","value":0},{"time":1702311854968,"type":"selected","value":1},{"time":1702311860262,"type":"value","value":-2},{"time":1702311860262,"type":"selected","value":0}],"isTextChangeable":0},{"id":"3d3e7d84-b06f-4281-a0c5-b74e7cc6716e","value":3,"text":"advantages","comment":"","position":{"x":850,"y":400},"isActive":true,"date":1702311812214,"kind":"Node","isSelected":false,"isConnectorSelected":false,"isDraggable":0,"isDeletable":0,"hasElementMoved":false,"eventLog":[{"time":1702311812214,"type":"create node","value":0},{"time":1702311861528,"type":"selected","value":1},{"time":1702311867939,"type":"value","value":3},{"time":1702311867939,"type":"selected","value":0}],"isTextChangeable":0},{"id":"61c18d81-d3cc-47f8-beab-74c089231205","value":2,"text":"access","comment":"Rescue robots can reach places that humans cannot reach.","position":{"x":911,"y":519},"isActive":true,"date":1702311869174,"kind":"Node","isSelected":false,"isConnectorSelected":false,"isDraggable":1,"isDeletable":1,"hasElementMoved":false,"eventLog":[{"time":"1702311869174","type":"create node","value":[0]},{"time":"2023-12-11T16:24:30.144Z","type":"position","value":{"x":[696],"y":[509]}},{"time":"2023-12-11T16:24:30.311Z","type":"position","value":{"x":[852],"y":[503]}},{"time":"1702311875086","type":"selected","value":[true]},{"time":"1702311909128","type":"text","value":["Zugang"]},{"time":"1702311909128","type":"value","value":[2]},{"time":"1702311909128","type":"comment","value":["Rettungsroboter können Ort erreichen, die Menschen nicht erreichen können"]},{"time":"1702311909128","type":"selected","value":[false]}],"isTextChangeable":1},{"id":"fef37bf7-e2d9-45ad-bfd4-13409fc31001","value":10,"text":"autonomy","comment":"Autonomous rescue robots could adapt faster to unusual circumstances, but could also be more susceptible to wrong decisions or bias.","position":{"x":650,"y":295},"isActive":true,"date":1702311910150,"kind":"Node","isSelected":false,"isConnectorSelected":false,"isDraggable":1,"isDeletable":1,"hasElementMoved":false,"eventLog":[{"time":"1702311910150","type":"create node","value":[0]},{"time":"1702311910221","type":"selected","value":[true]},{"time":"1702311911380","type":"selected","value":[false]},{"time":"2023-12-11T16:25:11.847Z","type":"position","value":{"x":[991],"y":[416]}},{"time":"1702311915297","type":"selected","value":[true]},{"time":"1702311915699","type":"selected","value":[false]},{"time":"1702311916934","type":"selected","value":[true]},{"time":"1702311917347","type":"selected","value":[false]},{"time":"1702311919511","type":"selected","value":[true]},{"time":"1702311979769","type":"text","value":["Autonomie"]},{"time":"1702311979769","type":"value","value":[10]},{"time":"1702311979769","type":"selected","value":[false]},{"time":"2023-12-11T16:26:20.491Z","type":"position","value":{"x":[994],"y":[394]}},{"time":"2023-12-11T16:26:20.781Z","type":"position","value":{"x":[828],"y":[286]}},{"time":"2023-12-11T16:26:21.031Z","type":"position","value":{"x":[676],"y":[273]}},{"time":"1702311987483","type":"selected","value":[true]},{"time":"1702312040226","type":"comment","value":["Autonome Rettungsroboter könnten sich schneller an ungewöhnliche Umstände anpassen, aber könnten auch anfälliger für Fehlentscheidungen oder Bias sein"]},{"time":"1702312040226","type":"selected","value":[false]}],"isTextChangeable":1},{"id":"cb19115a-d96b-4b6b-9900-6ac917870277","value":-2,"text":"development status","comment":"Previous rescue robots are not yet developed enough to be efficient in all situations.","position":{"x":333,"y":463},"isActive":true,"date":1702312045563,"kind":"Node","isSelected":false,"isConnectorSelected":false,"isDraggable":1,"isDeletable":1,"hasElementMoved":false,"eventLog":[{"time":1702312045563,"type":"create node","value":"0"},{"time":1702312045655,"type":"selected","value":"TRUE"},{"time":1702312053730,"type":"text","value":"Entwicklungsstand"},{"time":1702312053730,"type":"value","value":"-2"},{"time":1702312053730,"type":"selected","value":"FALSE"},{"time":1702312056362,"type":"selected","value":"TRUE"},{"time":1702312096626,"type":"comment","value":"Bisherige Rettungsroboter sind noch nich weit genug entwickelt, um in allen Situationen effizient zu sein"},{"time":1702312096626,"type":"selected","value":"FALSE"}],"isTextChangeable":1},{"id":"825fe51c-2976-443c-8ba5-013c0396d752","value":10,"text":"applicability","comment":"So far, rescue robots are well equipped for individual skills, but more complex tasks or multiple tasks are still difficult.","position":{"x":641,"y":524},"isActive":true,"date":1702312097333,"kind":"Node","isSelected":false,"isConnectorSelected":false,"isDraggable":1,"isDeletable":1,"hasElementMoved":false,"eventLog":[{"time":"1702312097333","type":"create node","value":[0]},{"time":"1702312097427","type":"selected","value":[true]},{"time":"1702312169872","type":"text","value":["Anwendbarkeit"]},{"time":"1702312169872","type":"value","value":[10]},{"time":"1702312169872","type":"comment","value":["Bisher sind Rettungsroboter für einzelne Fähigkeiten gut ausgerüstet, aber komplexere Aufgaben oder mehrere Aufgaben fallen nochj schwer"]},{"time":"1702312169872","type":"selected","value":[false]},{"time":"2023-12-11T16:31:08.075Z","type":"position","value":{"x":[638],"y":[510]}}],"isTextChangeable":1},{"id":"9f0b37b9-7d8e-470f-839b-a71a305efd4e","value":-2,"text":"price","comment":"Rescue robots are expensive in development, construction and maintenance","position":{"x":377,"y":556},"isActive":true,"date":1702312214418,"kind":"Node","isSelected":false,"isConnectorSelected":false,"isDraggable":1,"isDeletable":1,"hasElementMoved":false,"eventLog":[{"time":"1702312214418","type":"create node","value":[0]},{"time":"2023-12-11T16:30:20.632Z","type":"position","value":{"x":[809],"y":[588]}},{"time":"2023-12-11T16:30:20.737Z","type":"position","value":{"x":[639],"y":[595]}},{"time":"2023-12-11T16:30:20.803Z","type":"position","value":{"x":[476],"y":[595]}},{"time":"2023-12-11T16:30:21.103Z","type":"position","value":{"x":[324],"y":[577]}},{"time":"1702312222817","type":"selected","value":[true]},{"time":"1702312242616","type":"text","value":["Preis"]},{"time":"1702312242616","type":"value","value":[-2]},{"time":"1702312242616","type":"comment","value":["Rettungsroboter sind teuer in Entwicklung, Bau und Unterhalt"]},{"time":"1702312242616","type":"selected","value":[false]},{"time":"2023-12-11T16:30:44.950Z","type":"position","value":{"x":[338],"y":[561]}}],"isTextChangeable":1},{"id":"274a62c7-7676-47e1-b73f-25a371f4603c","value":2,"text":"safety","comment":"Enables use in difficult situations where human rescuers would put themselves in danger","position":{"x":796,"y":531},"isActive":true,"date":1702312247918,"kind":"Node","isSelected":false,"isConnectorSelected":false,"isDraggable":1,"isDeletable":1,"hasElementMoved":false,"eventLog":[{"time":"1702312247918","type":"create node","value":[0]},{"time":"2023-12-11T16:31:34.655Z","type":"position","value":{"x":[455],"y":[563]}},{"time":"2023-12-11T16:31:38.884Z","type":"position","value":{"x":[558],"y":[636]}},{"time":"2023-12-11T16:31:39.004Z","type":"position","value":{"x":[737],"y":[653]}},{"time":"2023-12-11T16:31:39.104Z","type":"position","value":{"x":[920],"y":[638]}},{"time":"2023-12-11T16:31:39.221Z","type":"position","value":{"x":[1076],"y":[586]}},{"time":"2023-12-11T16:31:39.387Z","type":"position","value":{"x":[1097],"y":[482]}},{"time":"1702312301260","type":"selected","value":[true]},{"time":"1702312377953","type":"text","value":["Sicherheit"]},{"time":"1702312377953","type":"comment","value":["Ermöglicht den Einsatz in schwierigen Situationen in denen menschliche Retter sich selbst in Gefahr bringen würden"]},{"time":"1702312377953","type":"selected","value":[false]},{"time":"1702312378760","type":"selected","value":[true]},{"time":"1702312382800","type":"value","value":[2]},{"time":"1702312382800","type":"selected","value":[false]},{"time":"2023-12-11T16:33:03.326Z","type":"position","value":{"x":[984],"y":[395]}},{"time":"2023-12-11T16:33:03.473Z","type":"position","value":{"x":[828],"y":[475]}},{"time":"2023-12-11T16:33:03.606Z","type":"position","value":{"x":[744],"y":[546]}}],"isTextChangeable":1},{"id":"7c035dd1-d25a-4616-b20c-0d379a0e513d","value":-3,"text":"abuse","comment":"Could also be used to actively cause damage","position":{"x":326,"y":351},"isActive":true,"date":1702312396048,"kind":"Node","isSelected":false,"isConnectorSelected":false,"isDraggable":1,"isDeletable":1,"hasElementMoved":false,"eventLog":[{"time":"1702312396048","type":"create node","value":[0]},{"time":"2023-12-11T16:33:21.449Z","type":"position","value":{"x":[649],"y":[650]}},{"time":"2023-12-11T16:33:42.509Z","type":"position","value":{"x":[712],"y":[655]}},{"time":"2023-12-11T16:33:42.641Z","type":"position","value":{"x":[869],"y":[630]}},{"time":"2023-12-11T16:33:42.791Z","type":"position","value":{"x":[1029],"y":[546]}},{"time":"2023-12-11T16:33:42.857Z","type":"position","value":{"x":[1077],"y":[491]}},{"time":"2023-12-11T16:33:43.074Z","type":"position","value":{"x":[1075],"y":[340]}},{"time":"1702312439809","type":"selected","value":[true]},{"time":"1702312440212","type":"selected","value":[false]},{"time":"1702312441078","type":"selected","value":[true]},{"time":"1702312453689","type":"selected","value":[false]},{"time":"2023-12-11T16:34:14.225Z","type":"position","value":{"x":[969],"y":[340]}},{"time":"2023-12-11T16:34:14.340Z","type":"position","value":{"x":[807],"y":[355]}},{"time":"2023-12-11T16:34:14.491Z","type":"position","value":{"x":[651],"y":[355]}},{"time":"2023-12-11T16:34:14.624Z","type":"position","value":{"x":[497],"y":[344]}},{"time":"2023-12-11T16:34:14.924Z","type":"position","value":{"x":[347],"y":[353]}},{"time":"1702312455961","type":"selected","value":[true]},{"time":"1702312469473","type":"text","value":["Missbrauch"]},{"time":"1702312469473","type":"value","value":[-3]},{"time":"1702312469473","type":"selected","value":[false]},{"time":"1702312472106","type":"selected","value":[true]},{"time":"1702312493962","type":"comment","value":["Könnte auch verwendet werden um aktiv Schaden anzurichten"]},{"time":"1702312493962","type":"selected","value":[false]}],"isTextChangeable":1}],"connectors":[{"id":"f260fac8-dd80-4519-903a-91700f490225","source":"4448b87f-0156-47a1-b83a-2148e34c08ea","target":"80613524-6901-4565-8f41-a3d4b5f5ae89","agreement":true,"isActive":true,"date":1702311812214,"kind":"Connector","isSelected":false,"intensity":3,"isDeletable":false,"isOver":false,"isBidirectional":false,"eventLog":[{"time":1702311812214,"type":"create connection"}]},{"id":"fb679c28-765e-4e21-8951-82f963667476","source":"4448b87f-0156-47a1-b83a-2148e34c08ea","target":"3d3e7d84-b06f-4281-a0c5-b74e7cc6716e","agreement":true,"isActive":true,"date":1702311812214,"kind":"Connector","isSelected":false,"intensity":9,"isDeletable":true,"isOver":false,"isBidirectional":false,"eventLog":[{"time":1702311812214,"type":"create connection"},{"time":1702312252599,"type":"selected","value":1},{"time":1702312258179,"type":"change intensity of connector","value":9},{"time":1702312258179,"type":"selected","value":0}]},{"id":"485cb959-2e22-43e7-9326-479aa3181621","source":"61c18d81-d3cc-47f8-beab-74c089231205","target":"3d3e7d84-b06f-4281-a0c5-b74e7cc6716e","agreement":true,"isActive":true,"date":1702311873560,"kind":"Connector","isSelected":false,"intensity":6,"isDeletable":true,"isOver":false,"isBidirectional":false,"eventLog":[{"time":1702311873560,"type":"create connection"},{"time":1702312258961,"type":"selected","value":1},{"time":1702312260855,"type":"change intensity of connector","value":6},{"time":1702312260855,"type":"selected","value":0}]},{"id":"b500fb77-0471-4045-8840-fc5b625594b7","source":"fef37bf7-e2d9-45ad-bfd4-13409fc31001","target":"80613524-6901-4565-8f41-a3d4b5f5ae89","agreement":true,"isActive":true,"date":1702311983633,"kind":"Connector","isSelected":false,"intensity":3,"isDeletable":true,"isOver":false,"isBidirectional":false,"eventLog":[{"time":1702311983633,"type":"create connection"},{"time":1702312278857,"type":"selected","value":1},{"time":1702312279936,"type":"change intensity of connector","value":3},{"time":1702312279936,"type":"selected","value":0}]},{"id":"3f264327-8be5-4a19-b1f4-04437552c14e","source":"fef37bf7-e2d9-45ad-bfd4-13409fc31001","target":"3d3e7d84-b06f-4281-a0c5-b74e7cc6716e","agreement":true,"isActive":true,"date":1702311984963,"kind":"Connector","isSelected":false,"intensity":6,"isDeletable":true,"isOver":false,"isBidirectional":false,"eventLog":[{"time":1702311984963,"type":"create connection"},{"time":1702312280487,"type":"selected","value":1},{"time":1702312282177,"type":"change intensity of connector","value":6},{"time":1702312282177,"type":"selected","value":0}]},{"id":"a2340925-e10f-425a-a475-08ca03604f25","source":"fef37bf7-e2d9-45ad-bfd4-13409fc31001","target":"4448b87f-0156-47a1-b83a-2148e34c08ea","agreement":true,"isActive":true,"date":1702311986099,"kind":"Connector","isSelected":false,"intensity":6,"isDeletable":true,"isOver":false,"isBidirectional":false,"eventLog":[{"time":1702311986099,"type":"create connection"},{"time":1702312282834,"type":"selected","value":1},{"time":1702312284303,"type":"change intensity of connector","value":6},{"time":1702312284303,"type":"selected","value":0}]},{"id":"296311cd-ec59-473a-9128-eda57f72b56f","source":"80613524-6901-4565-8f41-a3d4b5f5ae89","target":"cb19115a-d96b-4b6b-9900-6ac917870277","agreement":true,"isActive":true,"date":1702312055664,"kind":"Connector","isSelected":false,"intensity":3,"isDeletable":true,"isOver":false,"isBidirectional":false,"eventLog":[{"time":1702312055664,"type":"create connection"},{"time":1702312286180,"type":"selected","value":1},{"time":1702312287682,"type":"change intensity of connector","value":3},{"time":1702312287682,"type":"selected","value":0}]},{"id":"fc76bea2-55a3-4d1b-81db-3bf74a57cfaf","source":"825fe51c-2976-443c-8ba5-013c0396d752","target":"80613524-6901-4565-8f41-a3d4b5f5ae89","agreement":true,"isActive":true,"date":1702312171066,"kind":"Connector","isSelected":false,"intensity":6,"isDeletable":true,"isOver":false,"isBidirectional":false,"eventLog":[{"time":1702312171066,"type":"create connection"},{"time":1702312274103,"type":"selected","value":1},{"time":1702312276533,"type":"change intensity of connector","value":6},{"time":1702312276533,"type":"selected","value":0}]},{"id":"b1d7de88-eb25-4860-b0aa-04e1eac676d5","source":"825fe51c-2976-443c-8ba5-013c0396d752","target":"4448b87f-0156-47a1-b83a-2148e34c08ea","agreement":true,"isActive":true,"date":1702312172042,"kind":"Connector","isSelected":false,"intensity":9,"isDeletable":true,"isOver":false,"isBidirectional":false,"eventLog":[{"time":1702312172042,"type":"create connection"},{"time":1702312263930,"type":"selected","value":1},{"time":1702312266454,"type":"change intensity of connector","value":9},{"time":1702312266454,"type":"selected","value":0}]},{"id":"f3e3bd1d-a975-43b9-9a94-0ed8ae3de962","source":"825fe51c-2976-443c-8ba5-013c0396d752","target":"3d3e7d84-b06f-4281-a0c5-b74e7cc6716e","agreement":true,"isActive":true,"date":1702312172979,"kind":"Connector","isSelected":false,"intensity":6,"isDeletable":true,"isOver":false,"isBidirectional":false,"eventLog":[{"time":1702312172979,"type":"create connection"},{"time":1702312270740,"type":"selected","value":1},{"time":1702312274004,"type":"change intensity of connector","value":6},{"time":1702312274004,"type":"selected","value":0}]},{"id":"6d139d75-0b1d-4053-98db-0fe6eb11d591","source":"9f0b37b9-7d8e-470f-839b-a71a305efd4e","target":"cb19115a-d96b-4b6b-9900-6ac917870277","agreement":true,"isActive":true,"date":1702312246274,"kind":"Connector","isSelected":false,"intensity":6,"isDeletable":true,"isOver":false,"isBidirectional":false,"eventLog":[{"time":1702312246274,"type":"create connection"},{"time":1702312291202,"type":"selected","value":1},{"time":1702312293208,"type":"change intensity of connector","value":6},{"time":1702312293208,"type":"selected","value":0}]},{"id":"42566373-c19e-4d74-8746-869733721833","source":"9f0b37b9-7d8e-470f-839b-a71a305efd4e","target":"80613524-6901-4565-8f41-a3d4b5f5ae89","agreement":true,"isActive":true,"date":1702312247257,"kind":"Connector","isSelected":false,"intensity":6,"isDeletable":true,"isOver":false,"isBidirectional":false,"eventLog":[{"time":1702312247257,"type":"create connection"},{"time":1702312288534,"type":"selected","value":1},{"time":1702312290430,"type":"change intensity of connector","value":6},{"time":1702312290430,"type":"selected","value":0}]},{"id":"163d4a07-682d-42c4-adcd-420bf2219568","source":"274a62c7-7676-47e1-b73f-25a371f4603c","target":"3d3e7d84-b06f-4281-a0c5-b74e7cc6716e","agreement":true,"isActive":true,"date":1702312385177,"kind":"Connector","isSelected":false,"intensity":6,"isDeletable":true,"isOver":false,"isBidirectional":false,"eventLog":[{"time":1702312385177,"type":"create connection"},{"time":1702312387519,"type":"selected","value":1},{"time":1702312391664,"type":"change intensity of connector","value":6},{"time":1702312391664,"type":"selected","value":0}]},{"id":"00355596-a7fb-4f2d-9e8c-2ae72d091926","source":"825fe51c-2976-443c-8ba5-013c0396d752","target":"274a62c7-7676-47e1-b73f-25a371f4603c","agreement":true,"isActive":true,"date":1702312392661,"kind":"Connector","isSelected":false,"intensity":3,"isDeletable":true,"isOver":false,"isBidirectional":false,"eventLog":[{"time":1702312392661,"type":"create connection"}]},{"id":"2d2a89a8-f57a-4d61-aba8-a8064b94e006","source":"80613524-6901-4565-8f41-a3d4b5f5ae89","target":"7c035dd1-d25a-4616-b20c-0d379a0e513d","agreement":true,"isActive":true,"date":1702312470857,"kind":"Connector","isSelected":false,"intensity":3,"isDeletable":true,"isOver":false,"isBidirectional":false,"eventLog":[{"time":1702312470857,"type":"create connection"}]}],"currentID":{},"currentNode":{},"hasSelectedNode":[false],"currentConnector":{},"hasSelectedConnector":[false],"readyToMove":[false],"isIncoming":[false],"hasElementMoved":[false]}
