{"idCAM":["2bc204c6-27eb-43b3-af0a-a14cccdced09"],"creator":["6304a2502fbdd7626ed9c2ac_post"],"projectCAM":["S2_CAM part 2"],"defocusCAM":[],"date":[1702313043440],"nodes":[{"id":"32d4b7d6-0f13-4d1a-b5db-965b4d7e189c","value":1,"text":"rescue robot","comment":"","position":{"x":650,"y":400},"isActive":true,"date":1702313044379,"kind":"Node","isSelected":false,"isConnectorSelected":false,"isDraggable":0,"isDeletable":0,"hasElementMoved":false,"eventLog":[{"time":1702313044379,"type":"create node","value":1}],"isTextChangeable":0},{"id":"37c3573b-1caf-418b-b142-e6e749fc251e","value":0,"text":"disadvantages","comment":"","position":{"x":450,"y":400},"isActive":true,"date":1702313044379,"kind":"Node","isSelected":false,"isConnectorSelected":false,"isDraggable":0,"isDeletable":0,"hasElementMoved":false,"eventLog":[{"time":1702313044379,"type":"create node","value":0}],"isTextChangeable":0},{"id":"69cf2e14-09fe-4882-8220-7ba4fe8150ba","value":0,"text":"advantages","comment":"","position":{"x":850,"y":400},"isActive":true,"date":1702313044379,"kind":"Node","isSelected":false,"isConnectorSelected":false,"isDraggable":0,"isDeletable":0,"hasElementMoved":false,"eventLog":[{"time":1702313044379,"type":"create node","value":0}],"isTextChangeable":0},{"id":"e58abe09-df5e-4616-967e-94ae365f02f3","value":3,"text":"are unlimitedly available","comment":"","position":{"x":936,"y":271},"isActive":true,"date":1702313044379,"kind":"Node","isSelected":false,"isConnectorSelected":false,"isDraggable":1,"isDeletable":1,"hasElementMoved":false,"eventLog":[{"time":1702313044379,"type":"create node","value":3}],"isTextChangeable":1},{"id":"7a500161-f204-44da-9a7e-a2a4f44e16f3","value":3,"text":"dare more","comment":"","position":{"x":1047,"y":507},"isActive":true,"date":1702313044379,"kind":"Node","isSelected":false,"isConnectorSelected":false,"isDraggable":1,"isDeletable":1,"hasElementMoved":false,"eventLog":[{"time":1702313044379,"type":"create node","value":3}],"isTextChangeable":1},{"id":"441aaacf-d327-458d-81ce-a840157b565a","value":-1,"text":"less careful","comment":"","position":{"x":424,"y":542},"isActive":true,"date":1702313044379,"kind":"Node","isSelected":false,"isConnectorSelected":false,"isDraggable":1,"isDeletable":1,"hasElementMoved":false,"eventLog":[{"time":1702313044379,"type":"create node","value":-1}],"isTextChangeable":1},{"id":"6de3f75f-9300-433c-9bd3-67500210c587","value":-3,"text":"expensive","comment":"","position":{"x":225,"y":424},"isActive":true,"date":1702313044379,"kind":"Node","isSelected":false,"isConnectorSelected":false,"isDraggable":1,"isDeletable":1,"hasElementMoved":false,"eventLog":[{"time":1702313044379,"type":"create node","value":-3}],"isTextChangeable":1},{"id":"85038660-3c1d-49ac-a48c-e7bff7c9794e","value":-3,"text":"hack-prone","comment":"","position":{"x":327,"y":272},"isActive":true,"date":1702313044379,"kind":"Node","isSelected":false,"isConnectorSelected":false,"isDraggable":1,"isDeletable":1,"hasElementMoved":false,"eventLog":[{"time":1702313044379,"type":"create node","value":-3}],"isTextChangeable":1},{"id":"51d4cc8b-84e9-4139-bbb6-d8610b8a26ef","value":3,"text":"high local flexibility","comment":"","position":{"x":845,"y":584},"isActive":true,"date":1702313044379,"kind":"Node","isSelected":false,"isConnectorSelected":false,"isDraggable":1,"isDeletable":1,"hasElementMoved":false,"eventLog":[{"time":1702313044379,"type":"create node","value":3}],"isTextChangeable":1},{"id":"e8b418c5-6065-4816-9dc3-edd63f91b9ad","value":-2,"text":"find, not save","comment":"","position":{"x":458,"y":205},"isActive":true,"date":1702313044380,"kind":"Node","isSelected":false,"isConnectorSelected":false,"isDraggable":1,"isDeletable":1,"hasElementMoved":false,"eventLog":[{"time":1702313044380,"type":"create node","value":-2}],"isTextChangeable":1},{"id":"094b360c-8cff-4c5f-a62d-b50400f225ee","value":-3,"text":"lacking emotional support","comment":"","position":{"x":247,"y":574},"isActive":true,"date":1702313044380,"kind":"Node","isSelected":false,"isConnectorSelected":false,"isDraggable":1,"isDeletable":1,"hasElementMoved":false,"eventLog":[{"time":1702313044380,"type":"create node","value":-3}],"isTextChangeable":1},{"id":"addaad63-f655-405e-8189-e4ef4700aa64","value":-2,"text":"must be monitored","comment":"","position":{"x":548,"y":250},"isActive":true,"date":1702313044380,"kind":"Node","isSelected":false,"isConnectorSelected":false,"isDraggable":1,"isDeletable":1,"hasElementMoved":false,"eventLog":[{"time":1702313044380,"type":"create node","value":-2}],"isTextChangeable":1},{"id":"2b453e39-6e77-4da7-b20b-e8dc4cc677e2","value":2,"text":"missing emotionality","comment":"","position":{"x":1078,"y":390},"isActive":true,"date":1702313044380,"kind":"Node","isSelected":false,"isConnectorSelected":false,"isDraggable":1,"isDeletable":1,"hasElementMoved":false,"eventLog":[{"time":1702313044380,"type":"create node","value":2}],"isTextChangeable":1},{"id":"e18789fe-c7e9-4073-ad1e-000bd92df672","value":-1,"text":"increased global inequality","comment":"","position":{"x":586,"y":587},"isActive":true,"date":1702313044380,"kind":"Node","isSelected":false,"isConnectorSelected":false,"isDraggable":1,"isDeletable":1,"hasElementMoved":false,"eventLog":[{"time":1702313044380,"type":"create node","value":-1}],"isTextChangeable":1},{"id":"9b11ff9d-206f-47b2-a080-115a8b353a99","value":2,"text":"support of wealthy countries","comment":"","position":{"x":387,"y":719},"isActive":true,"date":1702313044380,"kind":"Node","isSelected":false,"isConnectorSelected":false,"isDraggable":1,"isDeletable":1,"hasElementMoved":false,"eventLog":[{"time":1702313044380,"type":"create node","value":2}],"isTextChangeable":1},{"id":"796cf55c-6757-4fed-92c6-d6adc73d4e2b","value":-2,"text":"not enough production","comment":"","position":{"x":1006,"y":111},"isActive":true,"date":1702313044380,"kind":"Node","isSelected":false,"isConnectorSelected":false,"isDraggable":1,"isDeletable":1,"hasElementMoved":false,"eventLog":[{"time":"1702313044380","type":"create node","value":[-2]},{"time":"2023-12-11T16:44:08.985Z","type":"position","value":{"x":[943],"y":[111]}}],"isTextChangeable":1},{"id":"9897a91d-7c5b-4bb9-9e33-c9bd3c13bf94","value":-3,"text":"break down quickly","comment":"","position":{"x":1099,"y":688},"isActive":true,"date":1702313044380,"kind":"Node","isSelected":false,"isConnectorSelected":true,"isDraggable":1,"isDeletable":1,"hasElementMoved":false,"eventLog":[{"time":1702313044380,"type":"create node","value":-3},{"time":1702313067931,"type":"selected","value":1},{"time":1702313069605,"type":"selected","value":0}],"isTextChangeable":1},{"id":"eafb528e-6add-4a6c-8d0c-69d9d4dd2ff5","value":0,"text":"","comment":"","position":{"x":702,"y":289},"isActive":false,"date":1702313046133,"kind":"Node","isSelected":false,"isConnectorSelected":false,"isDraggable":1,"isDeletable":1,"hasElementMoved":false,"eventLog":[{"time":1702313046133,"type":"create node","value":0},{"time":1702313051082,"type":"selected","value":1},{"time":1702313051500,"type":"selected","value":0},{"time":1702313054339,"type":"selected","value":1},{"time":1702313055282,"type":"node was deleted","value":-99}],"isTextChangeable":1},{"id":"d892d364-6b35-4b87-8462-a00ecb77f2e2","value":0,"text":"","comment":"","position":{"x":736,"y":269},"isActive":false,"date":1702313052362,"kind":"Node","isSelected":false,"isConnectorSelected":false,"isDraggable":1,"isDeletable":1,"hasElementMoved":false,"eventLog":[{"time":1702313052362,"type":"create node","value":0},{"time":1702313052459,"type":"selected","value":1},{"time":1702313053649,"type":"node was deleted","value":-99}],"isTextChangeable":1},{"id":"c0862928-759a-4e80-827c-136547d1c94c","value":2,"text":"use of stable robots","comment":"","position":{"x":917,"y":716},"isActive":true,"date":1702313071166,"kind":"Node","isSelected":false,"isConnectorSelected":true,"isDraggable":1,"isDeletable":1,"hasElementMoved":false,"eventLog":[{"time":1702313071166,"type":"create node","value":"0"},{"time":1702313071292,"type":"selected","value":"TRUE"},{"time":1702313072853,"type":"selected","value":"FALSE"},{"time":1702313073775,"type":"selected","value":"TRUE"},{"time":1702313089871,"type":"text","value":"Einsatz stabiler Roboter"},{"time":1702313089871,"type":"value","value":"2"},{"time":1702313089871,"type":"selected","value":"FALSE"}],"isTextChangeable":1},{"id":"e84d6ae1-234e-4633-a190-cc84c049549f","value":0,"text":"","comment":"","position":{"x":986,"y":719},"isActive":false,"date":1702313090482,"kind":"Node","isSelected":false,"isConnectorSelected":false,"isDraggable":1,"isDeletable":1,"hasElementMoved":false,"eventLog":[{"time":1702313090482,"type":"create node","value":0},{"time":1702313091528,"type":"selected","value":1},{"time":1702313092650,"type":"node was deleted","value":-99}],"isTextChangeable":1}],"connectors":[{"id":"9121f615-23d1-44ff-a892-3c742de0a393","source":"32d4b7d6-0f13-4d1a-b5db-965b4d7e189c","target":"37c3573b-1caf-418b-b142-e6e749fc251e","agreement":true,"isActive":true,"date":1702313044380,"kind":"Connector","isSelected":false,"intensity":3,"isDeletable":false,"isOver":false,"isBidirectional":false,"eventLog":[{"time":1702313044380,"type":"create connection"}]},{"id":"d42c4ed3-34c1-45ed-90df-a63032becc87","source":"32d4b7d6-0f13-4d1a-b5db-965b4d7e189c","target":"69cf2e14-09fe-4882-8220-7ba4fe8150ba","agreement":true,"isActive":true,"date":1702313044380,"kind":"Connector","isSelected":false,"intensity":3,"isDeletable":true,"isOver":false,"isBidirectional":false,"eventLog":[{"time":1702313044380,"type":"create connection"}]},{"id":"7bdf1e2d-ba6e-423d-96cd-3b99ef41a09c","source":"e58abe09-df5e-4616-967e-94ae365f02f3","target":"69cf2e14-09fe-4882-8220-7ba4fe8150ba","agreement":true,"isActive":true,"date":1702313044380,"kind":"Connector","isSelected":false,"intensity":3,"isDeletable":true,"isOver":false,"isBidirectional":false,"eventLog":[{"time":1702313044380,"type":"create connection"}]},{"id":"f3c75001-ed38-44e4-9d67-57a1beb7596a","source":"6de3f75f-9300-433c-9bd3-67500210c587","target":"37c3573b-1caf-418b-b142-e6e749fc251e","agreement":true,"isActive":true,"date":1702313044380,"kind":"Connector","isSelected":false,"intensity":3,"isDeletable":true,"isOver":false,"isBidirectional":false,"eventLog":[{"time":1702313044380,"type":"create connection"}]},{"id":"3dca8526-c333-436f-afe6-ad18601db716","source":"85038660-3c1d-49ac-a48c-e7bff7c9794e","target":"37c3573b-1caf-418b-b142-e6e749fc251e","agreement":true,"isActive":true,"date":1702313044380,"kind":"Connector","isSelected":false,"intensity":3,"isDeletable":true,"isOver":false,"isBidirectional":false,"eventLog":[{"time":1702313044380,"type":"create connection"}]},{"id":"496377ce-00c5-4ca6-91b7-b0f6f1fcc9df","source":"7a500161-f204-44da-9a7e-a2a4f44e16f3","target":"69cf2e14-09fe-4882-8220-7ba4fe8150ba","agreement":true,"isActive":true,"date":1702313044381,"kind":"Connector","isSelected":false,"intensity":3,"isDeletable":true,"isOver":false,"isBidirectional":false,"eventLog":[{"time":1702313044381,"type":"create connection"}]},{"id":"dae6fc05-6ab8-47a2-bbd3-9589d9ad3dd1","source":"441aaacf-d327-458d-81ce-a840157b565a","target":"37c3573b-1caf-418b-b142-e6e749fc251e","agreement":true,"isActive":true,"date":1702313044381,"kind":"Connector","isSelected":false,"intensity":3,"isDeletable":true,"isOver":false,"isBidirectional":false,"eventLog":[{"time":1702313044381,"type":"create connection"}]},{"id":"fe4e9836-883b-4dfe-884f-8717ec34202d","source":"e8b418c5-6065-4816-9dc3-edd63f91b9ad","target":"37c3573b-1caf-418b-b142-e6e749fc251e","agreement":true,"isActive":true,"date":1702313044381,"kind":"Connector","isSelected":false,"intensity":3,"isDeletable":true,"isOver":false,"isBidirectional":false,"eventLog":[{"time":1702313044381,"type":"create connection"}]},{"id":"4a45d7bd-35b6-4250-a549-fa836540ab4b","source":"37c3573b-1caf-418b-b142-e6e749fc251e","target":"094b360c-8cff-4c5f-a62d-b50400f225ee","agreement":true,"isActive":true,"date":1702313044381,"kind":"Connector","isSelected":false,"intensity":3,"isDeletable":true,"isOver":false,"isBidirectional":false,"eventLog":[{"time":1702313044381,"type":"create connection"}]},{"id":"8163cc82-f0bc-4ce2-8697-3218971fdb4b","source":"69cf2e14-09fe-4882-8220-7ba4fe8150ba","target":"2b453e39-6e77-4da7-b20b-e8dc4cc677e2","agreement":true,"isActive":true,"date":1702313044381,"kind":"Connector","isSelected":false,"intensity":3,"isDeletable":true,"isOver":false,"isBidirectional":false,"eventLog":[{"time":1702313044381,"type":"create connection"}]},{"id":"82fc6e5f-2554-4190-9b8a-6829a283c781","source":"37c3573b-1caf-418b-b142-e6e749fc251e","target":"addaad63-f655-405e-8189-e4ef4700aa64","agreement":true,"isActive":true,"date":1702313044381,"kind":"Connector","isSelected":false,"intensity":3,"isDeletable":true,"isOver":false,"isBidirectional":false,"eventLog":[{"time":1702313044381,"type":"create connection"}]},{"id":"c9890ab4-0a04-445a-b048-1db58d55e092","source":"69cf2e14-09fe-4882-8220-7ba4fe8150ba","target":"51d4cc8b-84e9-4139-bbb6-d8610b8a26ef","agreement":true,"isActive":true,"date":1702313044381,"kind":"Connector","isSelected":false,"intensity":3,"isDeletable":true,"isOver":false,"isBidirectional":false,"eventLog":[{"time":1702313044381,"type":"create connection"}]},{"id":"8ccfb068-da07-4976-a08a-948953dba99e","source":"e18789fe-c7e9-4073-ad1e-000bd92df672","target":"37c3573b-1caf-418b-b142-e6e749fc251e","agreement":true,"isActive":true,"date":1702313044381,"kind":"Connector","isSelected":false,"intensity":3,"isDeletable":true,"isOver":false,"isBidirectional":false,"eventLog":[{"time":1702313044381,"type":"create connection"}]},{"id":"44416b6f-f4e7-4f79-9d48-1264ca334ada","source":"e18789fe-c7e9-4073-ad1e-000bd92df672","target":"9b11ff9d-206f-47b2-a080-115a8b353a99","agreement":false,"isActive":true,"date":1702313044381,"kind":"Connector","isSelected":false,"intensity":6,"isDeletable":true,"isOver":false,"isBidirectional":false,"eventLog":[{"time":1702313044381,"type":"create connection"}]},{"id":"3f51ea2a-3bb3-4a24-b4ee-e20992e37f9f","source":"e58abe09-df5e-4616-967e-94ae365f02f3","target":"796cf55c-6757-4fed-92c6-d6adc73d4e2b","agreement":false,"isActive":true,"date":1702313044381,"kind":"Connector","isSelected":false,"intensity":6,"isDeletable":true,"isOver":false,"isBidirectional":false,"eventLog":[{"time":1702313044381,"type":"create connection"}]},{"id":"05766cf5-53af-4300-9ce8-ab4214cfc412","source":"9897a91d-7c5b-4bb9-9e33-c9bd3c13bf94","target":"7a500161-f204-44da-9a7e-a2a4f44e16f3","agreement":false,"isActive":true,"date":1702313044381,"kind":"Connector","isSelected":false,"intensity":6,"isDeletable":true,"isOver":false,"isBidirectional":false,"eventLog":[{"time":1702313044381,"type":"create connection"}]},{"id":"29e2c83a-7b12-4d5c-8f11-e2956ce20c95","source":"c0862928-759a-4e80-827c-136547d1c94c","target":"9897a91d-7c5b-4bb9-9e33-c9bd3c13bf94","agreement":false,"isActive":true,"date":1702313093949,"kind":"Connector","isSelected":false,"intensity":6,"isDeletable":true,"isOver":false,"isBidirectional":false,"eventLog":[{"time":1702313093949,"type":"create connection"},{"time":1702313094893,"type":"selected","value":1},{"time":1702313096868,"type":"change intensity of connector","value":-6},{"time":1702313096868,"type":"selected","value":0}]}],"currentID":["29e2c83a-7b12-4d5c-8f11-e2956ce20c95"],"currentNode":{},"hasSelectedNode":[false],"currentConnector":{"id":["29e2c83a-7b12-4d5c-8f11-e2956ce20c95"],"value":{},"source":["c0862928-759a-4e80-827c-136547d1c94c"],"target":["9897a91d-7c5b-4bb9-9e33-c9bd3c13bf94"],"agreement":[false],"isActive":[true],"date":[1702313093949],"kind":["Connector"],"isSelected":[false],"intensity":[6],"isDeletable":[true],"isOver":[false],"isBidirectional":[false],"eventLog":[{"time":1702313093949,"type":"create connection"},{"time":1702313094893,"type":"selected","value":1},{"time":1702313096868,"type":"change intensity of connector","value":-6},{"time":1702313096868,"type":"selected","value":0}]},"hasSelectedConnector":[true],"readyToMove":[false],"isIncoming":[false],"hasElementMoved":[false]}
