{"idCAM":["4169c386-f185-4153-9941-f40fdba582a0"],"creator":["631f3fde43831da4ae27754b_pre"],"projectCAM":["S2_CAM part 1"],"defocusCAM":[null],"date":[1702309719466],"nodes":[{"id":"a987ea60-4e87-4314-af23-bfd5f0ad1072","value":0,"text":"rescue robot","comment":"","position":{"x":650,"y":400},"isActive":true,"date":1702309720376,"kind":"Node","isSelected":false,"isConnectorSelected":false,"isDraggable":0,"isDeletable":0,"hasElementMoved":false,"eventLog":[{"time":1702309720376,"type":"create node","value":0}],"isTextChangeable":0},{"id":"7807676e-625a-4735-8cb6-23b71fdf88e1","value":0,"text":"disadvantages","comment":"","position":{"x":450,"y":400},"isActive":true,"date":1702309720377,"kind":"Node","isSelected":false,"isConnectorSelected":false,"isDraggable":0,"isDeletable":0,"hasElementMoved":false,"eventLog":[{"time":1702309720377,"type":"create node","value":0}],"isTextChangeable":0},{"id":"313e206d-08a0-4369-80ea-689e797b5db4","value":0,"text":"advantages","comment":"","position":{"x":850,"y":400},"isActive":true,"date":1702309720377,"kind":"Node","isSelected":false,"isConnectorSelected":false,"isDraggable":0,"isDeletable":0,"hasElementMoved":false,"eventLog":[{"time":1702309720377,"type":"create node","value":0}],"isTextChangeable":0},{"id":"daa27046-8ec9-44ce-82b9-1c610e026dec","value":-2,"text":"can get stuck","comment":"and thus further impede rescue attempts","position":{"x":312,"y":224},"isActive":true,"date":1702309742108,"kind":"Node","isSelected":false,"isConnectorSelected":false,"isDraggable":1,"isDeletable":1,"hasElementMoved":false,"eventLog":[{"time":1702309742108,"type":"create node","value":"0"},{"time":1702309744642,"type":"selected","value":"TRUE"},{"time":1702309798092,"type":"text","value":"Können steckenbleiben"},{"time":1702309798092,"type":"value","value":"-2"},{"time":1702309798092,"type":"comment","value":"und damit weitere Rettungsversuche weiter behindern"},{"time":1702309798092,"type":"selected","value":"FALSE"}],"isTextChangeable":1},{"id":"221e1cad-87a5-4ca1-8f1f-5ca80304d05b","value":2,"text":"can overcome hurdles","comment":"where people cannot reach","position":{"x":1029,"y":271},"isActive":true,"date":1702309809336,"kind":"Node","isSelected":false,"isConnectorSelected":false,"isDraggable":1,"isDeletable":1,"hasElementMoved":false,"eventLog":[{"time":1702309809336,"type":"create node","value":"0"},{"time":1702309810175,"type":"selected","value":"TRUE"},{"time":1702309831363,"type":"text","value":"Können Hürden überwinden"},{"time":1702309831363,"type":"value","value":"2"},{"time":1702309831363,"type":"comment","value":"wo Menschen nicht hinkommen"},{"time":1702309831363,"type":"selected","value":"FALSE"}],"isTextChangeable":1},{"id":"65c54978-6e45-48e2-9cc4-c39c3e0c4c2f","value":3,"text":"assessment of the situation","comment":"to find out if and how people can and should intervene.","position":{"x":1106,"y":356},"isActive":true,"date":1702309837217,"kind":"Node","isSelected":false,"isConnectorSelected":false,"isDraggable":1,"isDeletable":1,"hasElementMoved":false,"eventLog":[{"time":1702309837217,"type":"create node","value":"0"},{"time":1702309839192,"type":"selected","value":"TRUE"},{"time":1702309868304,"type":"text","value":"Bewertung der Lage"},{"time":1702309868304,"type":"value","value":"3"},{"time":1702309868304,"type":"comment","value":"um herauszufinden, ob und wie von Menschen eingegriffen werden kann und sollte."},{"time":1702309868304,"type":"selected","value":"FALSE"}],"isTextChangeable":1},{"id":"606575ca-f5d1-4865-a47e-8ee618f5e32f","value":-1,"text":"abuse","comment":"as a weapon or through other people for their personal advantage","position":{"x":287,"y":542},"isActive":true,"date":1702309883459,"kind":"Node","isSelected":false,"isConnectorSelected":false,"isDraggable":1,"isDeletable":1,"hasElementMoved":false,"eventLog":[{"time":1702309883459,"type":"create node","value":"0"},{"time":1702309883546,"type":"selected","value":"TRUE"},{"time":1702309912049,"type":"text","value":"Missbrauch"},{"time":1702309912049,"type":"value","value":"-1"},{"time":1702309912049,"type":"comment","value":"als Waffe oder durch andere Personen zu ihrem persönlichen Vorteil"},{"time":1702309912049,"type":"selected","value":"FALSE"}],"isTextChangeable":1},{"id":"eac1ccd9-0b06-4475-a9d5-1e0fb317eb13","value":3,"text":"protects human lives","comment":"","position":{"x":891,"y":591},"isActive":true,"date":1702309921526,"kind":"Node","isSelected":false,"isConnectorSelected":false,"isDraggable":1,"isDeletable":1,"hasElementMoved":false,"eventLog":[{"time":1702309921526,"type":"create node","value":"0"},{"time":1702309923460,"type":"selected","value":"TRUE"},{"time":1702309930088,"type":"text","value":"Schützt Menschenleben"},{"time":1702309930088,"type":"value","value":"3"},{"time":1702309930088,"type":"selected","value":"FALSE"}],"isTextChangeable":1},{"id":"9148f526-cd54-4a3c-adca-4d294ef48a44","value":3,"text":"most successful","comment":"","position":{"x":1140,"y":544},"isActive":true,"date":1702309931959,"kind":"Node","isSelected":false,"isConnectorSelected":false,"isDraggable":1,"isDeletable":1,"hasElementMoved":false,"eventLog":[{"time":"1702309931959","type":"create node","value":[0]},{"time":"1702309932052","type":"selected","value":[true]},{"time":"1702309933460","type":"selected","value":[false]},{"time":"2023-12-11T15:52:17.222Z","type":"position","value":{"x":[892],"y":[513]}},{"time":"2023-12-11T15:52:17.356Z","type":"position","value":{"x":[1072],"y":[540]}},{"time":"1702309994269","type":"selected","value":[true]},{"time":"1702310002397","type":"text","value":["Meist erfolgreich"]},{"time":"1702310002397","type":"value","value":[3]},{"time":"1702310002397","type":"selected","value":[false]}],"isTextChangeable":1},{"id":"e2a4d87f-ec0b-4b0a-a23d-af84d1bb0b77","value":-1,"text":"costs","comment":"","position":{"x":238,"y":389},"isActive":true,"date":1702309957351,"kind":"Node","isSelected":false,"isConnectorSelected":false,"isDraggable":1,"isDeletable":1,"hasElementMoved":false,"eventLog":[{"time":1702309957351,"type":"create node","value":"0"},{"time":1702309957429,"type":"selected","value":"TRUE"},{"time":1702309984363,"type":"text","value":"Kosten"},{"time":1702309984363,"type":"value","value":"-1"},{"time":1702309984363,"type":"selected","value":"FALSE"}],"isTextChangeable":1},{"id":"074ea99f-83d1-484a-98de-11615a4b5702","value":-1,"text":"misjudgment of the situation","comment":"","position":{"x":479,"y":205},"isActive":true,"date":1702310037268,"kind":"Node","isSelected":false,"isConnectorSelected":false,"isDraggable":1,"isDeletable":1,"hasElementMoved":false,"eventLog":[{"time":1702310037268,"type":"create node","value":"0"},{"time":1702310037346,"type":"selected","value":"TRUE"},{"time":1702310045014,"type":"text","value":"Falschbewertung der Lage"},{"time":1702310045014,"type":"value","value":"-1"},{"time":1702310045014,"type":"selected","value":"FALSE"}],"isTextChangeable":1},{"id":"1dab5d9b-d961-4006-9195-2774cfdb6e09","value":3,"text":"secure rescue","comment":"through preliminary evaluation of the robots","position":{"x":832,"y":200},"isActive":true,"date":1702310073374,"kind":"Node","isSelected":false,"isConnectorSelected":false,"isDraggable":1,"isDeletable":1,"hasElementMoved":false,"eventLog":[{"time":1702310073374,"type":"create node","value":"0"},{"time":1702310074315,"type":"selected","value":"TRUE"},{"time":1702310086708,"type":"text","value":"Sichere Rettung"},{"time":1702310086708,"type":"value","value":"3"},{"time":1702310086708,"type":"comment","value":"durch Vorabbewertung der Roboter\n"},{"time":1702310086708,"type":"selected","value":"FALSE"}],"isTextChangeable":1},{"id":"1330b615-494a-430f-9b5d-ec77a43988ca","value":2,"text":"communication","comment":"Can potentially communicate with the people to be rescued during rescue missions and be helpful.","position":{"x":1113,"y":439},"isActive":true,"date":1702310109206,"kind":"Node","isSelected":false,"isConnectorSelected":false,"isDraggable":1,"isDeletable":1,"hasElementMoved":false,"eventLog":[{"time":1702310109206,"type":"create node","value":"0"},{"time":1702310109917,"type":"selected","value":"TRUE"},{"time":1702310131741,"type":"text","value":"Kommunikation"},{"time":1702310131741,"type":"value","value":"2"},{"time":1702310131741,"type":"comment","value":"Können bei Rettungsmissionen unter Umständen mit den zu rettenden Personen kommunizeren und hilfreich sein."},{"time":1702310131741,"type":"selected","value":"FALSE"}],"isTextChangeable":1}],"connectors":[{"id":"9960d9bc-8394-4342-ab0d-a908ae32059f","source":"a987ea60-4e87-4314-af23-bfd5f0ad1072","target":"7807676e-625a-4735-8cb6-23b71fdf88e1","agreement":true,"isActive":true,"date":1702309720377,"kind":"Connector","isSelected":false,"intensity":3,"isDeletable":false,"isOver":false,"isBidirectional":false,"eventLog":[{"time":1702309720377,"type":"create connection"}]},{"id":"f3965891-4810-43fd-a12d-0bd43b9aee80","source":"a987ea60-4e87-4314-af23-bfd5f0ad1072","target":"313e206d-08a0-4369-80ea-689e797b5db4","agreement":true,"isActive":true,"date":1702309720377,"kind":"Connector","isSelected":false,"intensity":3,"isDeletable":true,"isOver":false,"isBidirectional":false,"eventLog":[{"time":1702309720377,"type":"create connection"}]},{"id":"03b57659-60c4-4a50-b8fd-c524cc9b0dff","source":"daa27046-8ec9-44ce-82b9-1c610e026dec","target":"7807676e-625a-4735-8cb6-23b71fdf88e1","agreement":false,"isActive":true,"date":1702309799409,"kind":"Connector","isSelected":false,"intensity":6,"isDeletable":true,"isOver":false,"isBidirectional":false,"eventLog":[{"time":1702309799409,"type":"create connection"},{"time":1702309801677,"type":"selected","value":1},{"time":1702309804081,"type":"change intensity of connector","value":-6},{"time":1702309804081,"type":"selected","value":0}]},{"id":"63d7e4c0-96f7-4a04-85b6-5ac1a25c0502","source":"221e1cad-87a5-4ca1-8f1f-5ca80304d05b","target":"313e206d-08a0-4369-80ea-689e797b5db4","agreement":true,"isActive":true,"date":1702309832793,"kind":"Connector","isSelected":false,"intensity":9,"isDeletable":true,"isOver":false,"isBidirectional":false,"eventLog":[{"time":1702309832793,"type":"create connection"},{"time":1702309833951,"type":"selected","value":1},{"time":1702309836610,"type":"change intensity of connector","value":9},{"time":1702309836610,"type":"selected","value":0}]},{"id":"9c045c58-2f05-4290-8be4-c88469b54227","source":"65c54978-6e45-48e2-9cc4-c39c3e0c4c2f","target":"313e206d-08a0-4369-80ea-689e797b5db4","agreement":true,"isActive":true,"date":1702309869211,"kind":"Connector","isSelected":false,"intensity":9,"isDeletable":true,"isOver":false,"isBidirectional":false,"eventLog":[{"time":1702309869211,"type":"create connection"},{"time":1702309870305,"type":"selected","value":1},{"time":1702309873237,"type":"change intensity of connector","value":9},{"time":1702309873237,"type":"selected","value":0}]},{"id":"3c4b77b9-8b3d-4be2-a7ac-b82c1a758fce","source":"606575ca-f5d1-4865-a47e-8ee618f5e32f","target":"7807676e-625a-4735-8cb6-23b71fdf88e1","agreement":false,"isActive":true,"date":1702309914149,"kind":"Connector","isSelected":false,"intensity":3,"isDeletable":true,"isOver":false,"isBidirectional":false,"eventLog":[{"time":1702309914149,"type":"create connection"},{"time":1702309914944,"type":"selected","value":1},{"time":1702309916689,"type":"change intensity of connector","value":-3},{"time":1702309916689,"type":"selected","value":0}]},{"id":"efb86abe-29e3-41f6-923d-997ab96ce075","source":"eac1ccd9-0b06-4475-a9d5-1e0fb317eb13","target":"313e206d-08a0-4369-80ea-689e797b5db4","agreement":true,"isActive":true,"date":1702309931113,"kind":"Connector","isSelected":false,"intensity":9,"isDeletable":true,"isOver":false,"isBidirectional":false,"eventLog":[{"time":1702309931113,"type":"create connection"},{"time":1702309934151,"type":"selected","value":1},{"time":1702309936625,"type":"change intensity of connector","value":9},{"time":1702309936625,"type":"selected","value":0}]},{"id":"314278cd-142e-4d59-9f74-2694358131cc","source":"e2a4d87f-ec0b-4b0a-a23d-af84d1bb0b77","target":"7807676e-625a-4735-8cb6-23b71fdf88e1","agreement":false,"isActive":true,"date":1702309985427,"kind":"Connector","isSelected":false,"intensity":3,"isDeletable":true,"isOver":false,"isBidirectional":false,"eventLog":[{"time":1702309985427,"type":"create connection"},{"time":1702309986185,"type":"selected","value":1},{"time":1702309988819,"type":"change intensity of connector","value":-3},{"time":1702309988819,"type":"selected","value":0}]},{"id":"e5bc4641-3bf3-4f84-ae57-8fb94cde3b84","source":"9148f526-cd54-4a3c-adca-4d294ef48a44","target":"313e206d-08a0-4369-80ea-689e797b5db4","agreement":true,"isActive":true,"date":1702310003427,"kind":"Connector","isSelected":false,"intensity":9,"isDeletable":true,"isOver":false,"isBidirectional":false,"eventLog":[{"time":1702310003427,"type":"create connection"},{"time":1702310004229,"type":"selected","value":1},{"time":1702310005692,"type":"change intensity of connector","value":9},{"time":1702310005692,"type":"selected","value":0}]},{"id":"cae96254-5327-451b-90df-9fd7d8460221","source":"074ea99f-83d1-484a-98de-11615a4b5702","target":"7807676e-625a-4735-8cb6-23b71fdf88e1","agreement":false,"isActive":true,"date":1702310047789,"kind":"Connector","isSelected":false,"intensity":3,"isDeletable":true,"isOver":false,"isBidirectional":false,"eventLog":[{"time":1702310047789,"type":"create connection"},{"time":1702310048941,"type":"selected","value":1},{"time":1702310051391,"type":"change intensity of connector","value":-3},{"time":1702310051391,"type":"selected","value":0}]},{"id":"5b316bba-0d07-4e3f-b9f3-fec066d33bee","source":"1dab5d9b-d961-4006-9195-2774cfdb6e09","target":"313e206d-08a0-4369-80ea-689e797b5db4","agreement":true,"isActive":true,"date":1702310087903,"kind":"Connector","isSelected":false,"intensity":9,"isDeletable":true,"isOver":false,"isBidirectional":false,"eventLog":[{"time":1702310087903,"type":"create connection"},{"time":1702310088776,"type":"selected","value":1},{"time":1702310090377,"type":"change intensity of connector","value":9},{"time":1702310090377,"type":"selected","value":0}]},{"id":"a719474d-168f-4c09-9238-86a8cb6ee7ad","source":"1330b615-494a-430f-9b5d-ec77a43988ca","target":"313e206d-08a0-4369-80ea-689e797b5db4","agreement":true,"isActive":true,"date":1702310132946,"kind":"Connector","isSelected":false,"intensity":9,"isDeletable":true,"isOver":false,"isBidirectional":false,"eventLog":[{"time":1702310132946,"type":"create connection"},{"time":1702310133649,"type":"selected","value":1},{"time":1702310135363,"type":"change intensity of connector","value":9},{"time":1702310135363,"type":"selected","value":0}]}],"currentID":{},"currentNode":{},"hasSelectedNode":[false],"currentConnector":{},"hasSelectedConnector":[false],"readyToMove":[false],"isIncoming":[false],"hasElementMoved":[false]}
