{"idCAM":["f875c5f0-da50-4cbc-a51a-51826ba3939f"],"creator":["6384d76e3da4c98dc29e390b_post"],"projectCAM":["S2_CAM part 2"],"defocusCAM":[],"date":[1702312204718],"nodes":[{"id":"b6f08a01-2ae7-416a-9dbb-f80b8b0588e2","value":3,"text":"rescue robot","comment":"","position":{"x":650,"y":400},"isActive":true,"date":1702312205610,"kind":"Node","isSelected":false,"isConnectorSelected":false,"isDraggable":0,"isDeletable":0,"hasElementMoved":false,"eventLog":[{"time":1702312205610,"type":"create node","value":3}],"isTextChangeable":0},{"id":"b0ce6dc1-4900-4171-bfa5-ddf82af66ee7","value":0,"text":"disadvantages","comment":"","position":{"x":450,"y":400},"isActive":true,"date":1702312205611,"kind":"Node","isSelected":false,"isConnectorSelected":false,"isDraggable":0,"isDeletable":0,"hasElementMoved":false,"eventLog":[{"time":1702312205611,"type":"create node","value":0}],"isTextChangeable":0},{"id":"a95a475d-991f-4dd9-86b4-aa068bcb8991","value":0,"text":"advantages","comment":"","position":{"x":850,"y":400},"isActive":true,"date":1702312205611,"kind":"Node","isSelected":false,"isConnectorSelected":false,"isDraggable":0,"isDeletable":0,"hasElementMoved":false,"eventLog":[{"time":1702312205611,"type":"create node","value":0}],"isTextChangeable":0},{"id":"dae1660f-f51e-456e-b8c3-ee8a664fe2e9","value":3,"text":"vital objects","comment":"","position":{"x":1027,"y":291},"isActive":true,"date":1702312205611,"kind":"Node","isSelected":false,"isConnectorSelected":false,"isDraggable":1,"isDeletable":1,"hasElementMoved":false,"eventLog":[{"time":1702312205611,"type":"create node","value":3}],"isTextChangeable":1},{"id":"7d0a2401-e7e3-4b1f-9024-7b6b173d8867","value":3,"text":"rescue forces security","comment":"","position":{"x":1049,"y":369},"isActive":true,"date":1702312205611,"kind":"Node","isSelected":false,"isConnectorSelected":false,"isDraggable":1,"isDeletable":1,"hasElementMoved":false,"eventLog":[{"time":1702312205611,"type":"create node","value":3}],"isTextChangeable":1},{"id":"00512182-2625-480b-a31a-d702e4583447","value":3,"text":"more/easier access","comment":"","position":{"x":1037,"y":442},"isActive":true,"date":1702312205611,"kind":"Node","isSelected":false,"isConnectorSelected":false,"isDraggable":1,"isDeletable":1,"hasElementMoved":false,"eventLog":[{"time":1702312205611,"type":"create node","value":3}],"isTextChangeable":1},{"id":"4accb143-5231-4230-bdf7-2c8344908dee","value":-1,"text":"errors","comment":"","position":{"x":422,"y":266},"isActive":true,"date":1702312205611,"kind":"Node","isSelected":false,"isConnectorSelected":false,"isDraggable":1,"isDeletable":1,"hasElementMoved":false,"eventLog":[{"time":1702312205611,"type":"create node","value":-1},{"time":1702312261416,"type":"selected","value":1},{"time":1702312263690,"type":"selected","value":0}],"isTextChangeable":1},{"id":"b9ea06e6-c8bc-4fff-8caa-c5d2bdc83510","value":-1,"text":"costs","comment":"","position":{"x":315,"y":472},"isActive":true,"date":1702312205611,"kind":"Node","isSelected":false,"isConnectorSelected":false,"isDraggable":1,"isDeletable":1,"hasElementMoved":false,"eventLog":[{"time":1702312205611,"type":"create node","value":-1},{"time":1702312265084,"type":"selected","value":1},{"time":1702312265841,"type":"selected","value":0}],"isTextChangeable":1},{"id":"0e1d597a-4fad-43d2-95cd-4be4cda9547c","value":3,"text":"speed","comment":"","position":{"x":1010,"y":631},"isActive":true,"date":1702312205611,"kind":"Node","isSelected":false,"isConnectorSelected":false,"isDraggable":1,"isDeletable":1,"hasElementMoved":false,"eventLog":[{"time":1702312205611,"type":"create node","value":3}],"isTextChangeable":1},{"id":"62900d20-2710-416b-b9c9-6e9abee93118","value":3,"text":"reduce number of victims","comment":"","position":{"x":788,"y":602},"isActive":true,"date":1702312205611,"kind":"Node","isSelected":false,"isConnectorSelected":false,"isDraggable":1,"isDeletable":1,"hasElementMoved":false,"eventLog":[{"time":1702312205611,"type":"create node","value":3}],"isTextChangeable":1},{"id":"d5c433e9-a190-45bc-922d-60bb7dc99b2c","value":-1,"text":"discrimination","comment":"","position":{"x":434,"y":514},"isActive":true,"date":1702312205611,"kind":"Node","isSelected":false,"isConnectorSelected":false,"isDraggable":1,"isDeletable":1,"hasElementMoved":false,"eventLog":[{"time":1702312205611,"type":"create node","value":-1},{"time":1702312266467,"type":"selected","value":1},{"time":1702312267109,"type":"selected","value":0}],"isTextChangeable":1},{"id":"e932cf5c-81ba-474b-b102-66987160f214","value":3,"text":"after the rescue","comment":"","position":{"x":788,"y":288},"isActive":true,"date":1702312205611,"kind":"Node","isSelected":false,"isConnectorSelected":false,"isDraggable":1,"isDeletable":1,"hasElementMoved":false,"eventLog":[{"time":1702312205611,"type":"create node","value":3},{"time":1702312267966,"type":"selected","value":1},{"time":1702312268743,"type":"selected","value":0}],"isTextChangeable":1},{"id":"ebcc24f5-3857-41d8-91fd-e008f14da866","value":-1,"text":"robustness","comment":"Potentially, rescue robots break because they are not robust enough.","position":{"x":322,"y":356},"isActive":true,"date":1702312205611,"kind":"Node","isSelected":false,"isConnectorSelected":false,"isDraggable":1,"isDeletable":1,"hasElementMoved":false,"eventLog":[{"time":1702312205611,"type":"create node","value":"-1"},{"time":1702312224116,"type":"selected","value":"TRUE"},{"time":1702312224526,"type":"selected","value":"FALSE"},{"time":1702312225731,"type":"selected","value":"TRUE"},{"time":1702312259424,"type":"text","value":"Robustheit"},{"time":1702312259424,"type":"comment","value":"Eventuell gehen Rettungsroboter kaputt, weil sie nicht robust (genug sind)"},{"time":1702312259424,"type":"selected","value":"FALSE"}],"isTextChangeable":1},{"id":"6bcbeb8d-cd07-4d14-bb05-70bcfe99005f","value":-1,"text":"false hope","comment":"Robots could give victims false hope if, for example, they cannot accomplish a task that is vital for the victims' survival.","position":{"x":558,"y":256},"isActive":true,"date":1702312286372,"kind":"Node","isSelected":false,"isConnectorSelected":false,"isDraggable":1,"isDeletable":1,"hasElementMoved":false,"eventLog":[{"time":"1702312286372","type":"create node","value":[0]},{"time":"1702312286534","type":"selected","value":[true]},{"time":"1702312357536","type":"text","value":["Falsche Hoffnung"]},{"time":"1702312357536","type":"comment","value":["Roboter könnten Opfer falsche Hoffnung geben, wenn sie zum Beispiel eine Aufgabe nicht bewältigen können, die für den Opfern überlebenswichitig ist"]},{"time":"1702312357536","type":"selected","value":[false]},{"time":"1702312360376","type":"selected","value":[true]},{"time":"1702312362870","type":"value","value":[-3]},{"time":"1702312362870","type":"selected","value":[false]},{"time":"2023-12-11T16:32:44.149Z","type":"position","value":{"x":[612],"y":[225]}},{"time":"1702312382441","type":"selected","value":[true]},{"time":"1702312384805","type":"value","value":[-1]},{"time":"1702312384805","type":"selected","value":[false]}],"isTextChangeable":1},{"id":"6d5f3aaf-a120-410f-a005-98f255770f97","value":1,"text":"hope","comment":"Robots can give victims hope that they might be saved, which could have an impact on their endurance.","position":{"x":892,"y":215},"isActive":true,"date":1702312370698,"kind":"Node","isSelected":false,"isConnectorSelected":false,"isDraggable":1,"isDeletable":1,"hasElementMoved":false,"eventLog":[{"time":1702312370698,"type":"create node","value":"0"},{"time":1702312371379,"type":"selected","value":"TRUE"},{"time":1702312381752,"type":"text","value":"Hoffnung"},{"time":1702312381752,"type":"value","value":"1"},{"time":1702312381752,"type":"selected","value":"FALSE"},{"time":1702312385795,"type":"selected","value":"TRUE"},{"time":1702312420109,"type":"comment","value":"Roboter können Opfer Hoffnung geben, dass sie doch gerettet werden, was Auswirkungen auf das Durchhaltevermögen haben könnte"},{"time":1702312420109,"type":"selected","value":"FALSE"}],"isTextChangeable":1}],"connectors":[{"id":"236de8d4-0707-4bca-a88e-1d65984618ac","source":"b6f08a01-2ae7-416a-9dbb-f80b8b0588e2","target":"b0ce6dc1-4900-4171-bfa5-ddf82af66ee7","agreement":true,"isActive":true,"date":1702312205612,"kind":"Connector","isSelected":false,"intensity":3,"isDeletable":false,"isOver":false,"isBidirectional":false,"eventLog":[{"time":1702312205612,"type":"create connection"}]},{"id":"472a186a-2a75-4746-a13b-ed466bd22d4b","source":"b6f08a01-2ae7-416a-9dbb-f80b8b0588e2","target":"a95a475d-991f-4dd9-86b4-aa068bcb8991","agreement":true,"isActive":true,"date":1702312205612,"kind":"Connector","isSelected":false,"intensity":3,"isDeletable":true,"isOver":false,"isBidirectional":false,"eventLog":[{"time":1702312205612,"type":"create connection"}]},{"id":"23acf5d8-1e50-45a4-8abe-ebafc6b90ac0","source":"b0ce6dc1-4900-4171-bfa5-ddf82af66ee7","target":"4accb143-5231-4230-bdf7-2c8344908dee","agreement":true,"isActive":true,"date":1702312205612,"kind":"Connector","isSelected":false,"intensity":3,"isDeletable":true,"isOver":false,"isBidirectional":false,"eventLog":[{"time":1702312205612,"type":"create connection"}]},{"id":"0f321315-d1e7-489c-9d99-3ae78e9a5741","source":"dae1660f-f51e-456e-b8c3-ee8a664fe2e9","target":"a95a475d-991f-4dd9-86b4-aa068bcb8991","agreement":true,"isActive":true,"date":1702312205612,"kind":"Connector","isSelected":false,"intensity":9,"isDeletable":true,"isOver":false,"isBidirectional":false,"eventLog":[{"time":1702312205612,"type":"create connection"}]},{"id":"0c07780d-bf9d-4a95-9786-4c4925b8f22b","source":"7d0a2401-e7e3-4b1f-9024-7b6b173d8867","target":"a95a475d-991f-4dd9-86b4-aa068bcb8991","agreement":true,"isActive":true,"date":1702312205612,"kind":"Connector","isSelected":false,"intensity":9,"isDeletable":true,"isOver":false,"isBidirectional":false,"eventLog":[{"time":1702312205612,"type":"create connection"}]},{"id":"d00ee128-b232-4298-8007-19fe2610a7b7","source":"00512182-2625-480b-a31a-d702e4583447","target":"a95a475d-991f-4dd9-86b4-aa068bcb8991","agreement":true,"isActive":true,"date":1702312205612,"kind":"Connector","isSelected":false,"intensity":9,"isDeletable":true,"isOver":false,"isBidirectional":false,"eventLog":[{"time":1702312205612,"type":"create connection"}]},{"id":"ff23ebae-92f5-41eb-866e-05614167899e","source":"b9ea06e6-c8bc-4fff-8caa-c5d2bdc83510","target":"b0ce6dc1-4900-4171-bfa5-ddf82af66ee7","agreement":true,"isActive":true,"date":1702312205612,"kind":"Connector","isSelected":false,"intensity":3,"isDeletable":true,"isOver":false,"isBidirectional":false,"eventLog":[{"time":1702312205612,"type":"create connection"}]},{"id":"06adb180-4127-428f-a3c8-a320c0f241c1","source":"a95a475d-991f-4dd9-86b4-aa068bcb8991","target":"0e1d597a-4fad-43d2-95cd-4be4cda9547c","agreement":true,"isActive":true,"date":1702312205612,"kind":"Connector","isSelected":false,"intensity":9,"isDeletable":true,"isOver":false,"isBidirectional":false,"eventLog":[{"time":1702312205612,"type":"create connection"}]},{"id":"30a5f759-c8d9-419a-8ee7-e2c3052056f7","source":"0e1d597a-4fad-43d2-95cd-4be4cda9547c","target":"00512182-2625-480b-a31a-d702e4583447","agreement":true,"isActive":true,"date":1702312205612,"kind":"Connector","isSelected":false,"intensity":3,"isDeletable":true,"isOver":false,"isBidirectional":false,"eventLog":[{"time":1702312205612,"type":"create connection"}]},{"id":"d279ea2e-914a-4e5a-b2f5-044eafac5512","source":"a95a475d-991f-4dd9-86b4-aa068bcb8991","target":"62900d20-2710-416b-b9c9-6e9abee93118","agreement":true,"isActive":true,"date":1702312205612,"kind":"Connector","isSelected":false,"intensity":9,"isDeletable":true,"isOver":false,"isBidirectional":false,"eventLog":[{"time":1702312205612,"type":"create connection"}]},{"id":"15d41251-d716-46a4-9b41-f89cf851c07c","source":"62900d20-2710-416b-b9c9-6e9abee93118","target":"0e1d597a-4fad-43d2-95cd-4be4cda9547c","agreement":true,"isActive":true,"date":1702312205612,"kind":"Connector","isSelected":false,"intensity":3,"isDeletable":true,"isOver":false,"isBidirectional":false,"eventLog":[{"time":1702312205612,"type":"create connection"}]},{"id":"0251f408-699e-4eae-807c-f40d540f58d6","source":"b0ce6dc1-4900-4171-bfa5-ddf82af66ee7","target":"d5c433e9-a190-45bc-922d-60bb7dc99b2c","agreement":true,"isActive":true,"date":1702312205612,"kind":"Connector","isSelected":false,"intensity":3,"isDeletable":true,"isOver":false,"isBidirectional":false,"eventLog":[{"time":1702312205612,"type":"create connection"}]},{"id":"c9dfefaf-38a3-4e34-8d9b-fdc20c145720","source":"00512182-2625-480b-a31a-d702e4583447","target":"62900d20-2710-416b-b9c9-6e9abee93118","agreement":true,"isActive":true,"date":1702312205612,"kind":"Connector","isSelected":false,"intensity":3,"isDeletable":true,"isOver":false,"isBidirectional":false,"eventLog":[{"time":1702312205612,"type":"create connection"}]},{"id":"d028466d-5f8d-40cb-9c85-fad0cefc2dc9","source":"a95a475d-991f-4dd9-86b4-aa068bcb8991","target":"e932cf5c-81ba-474b-b102-66987160f214","agreement":true,"isActive":true,"date":1702312205612,"kind":"Connector","isSelected":false,"intensity":3,"isDeletable":true,"isOver":false,"isBidirectional":false,"eventLog":[{"time":1702312205612,"type":"create connection"}]},{"id":"d504eaa2-28d9-4f18-947b-178a70b770ee","source":"b0ce6dc1-4900-4171-bfa5-ddf82af66ee7","target":"ebcc24f5-3857-41d8-91fd-e008f14da866","agreement":true,"isActive":true,"date":1702312205612,"kind":"Connector","isSelected":false,"intensity":3,"isDeletable":true,"isOver":false,"isBidirectional":false,"eventLog":[{"time":1702312205612,"type":"create connection"}]},{"id":"fd87849f-111d-4fef-af73-ff141a76ee1a","source":"b0ce6dc1-4900-4171-bfa5-ddf82af66ee7","target":"6bcbeb8d-cd07-4d14-bb05-70bcfe99005f","agreement":true,"isActive":true,"date":1702312359597,"kind":"Connector","isSelected":false,"intensity":3,"isDeletable":true,"isOver":false,"isBidirectional":false,"eventLog":[{"time":1702312359597,"type":"create connection"}]},{"id":"02fa9b17-6539-443a-aed3-75dce05d8b64","source":"a95a475d-991f-4dd9-86b4-aa068bcb8991","target":"6d5f3aaf-a120-410f-a005-98f255770f97","agreement":true,"isActive":true,"date":1702312421987,"kind":"Connector","isSelected":false,"intensity":3,"isDeletable":true,"isOver":false,"isBidirectional":false,"eventLog":[{"time":1702312421987,"type":"create connection"}]}],"currentID":{},"currentNode":{},"hasSelectedNode":[false],"currentConnector":{},"hasSelectedConnector":[false],"readyToMove":[false],"isIncoming":[false],"hasElementMoved":[false]}
