{"idCAM":["e94223c0-8019-4d2f-a13f-f782c523b3a4"],"creator":["638e2654a069e9c741d21ce3_pre"],"projectCAM":["S2_CAM part 1"],"defocusCAM":[],"date":[1702309620892],"nodes":[{"id":"1b8ba824-bb65-4746-bb11-7cecc96026aa","value":0,"text":"social assistance robot","comment":"","position":{"x":650,"y":400},"isActive":true,"date":1702309621773,"kind":"Node","isSelected":false,"isConnectorSelected":false,"isDraggable":0,"isDeletable":0,"hasElementMoved":false,"eventLog":[{"time":1702309621773,"type":"create node","value":0}],"isTextChangeable":0},{"id":"f41c60bc-961e-4528-99e3-486936414b41","value":0,"text":"disadvantages","comment":"","position":{"x":450,"y":400},"isActive":true,"date":1702309621774,"kind":"Node","isSelected":false,"isConnectorSelected":false,"isDraggable":0,"isDeletable":0,"hasElementMoved":false,"eventLog":[{"time":1702309621774,"type":"create node","value":0}],"isTextChangeable":0},{"id":"1cd3b197-7cec-499a-b4e2-36a52763c4ca","value":0,"text":"advantages","comment":"","position":{"x":850,"y":400},"isActive":true,"date":1702309621774,"kind":"Node","isSelected":false,"isConnectorSelected":false,"isDraggable":0,"isDeletable":0,"hasElementMoved":false,"eventLog":[{"time":1702309621774,"type":"create node","value":0},{"time":1702309880615,"type":"selected","value":1},{"time":1702309881274,"type":"selected","value":0}],"isTextChangeable":0},{"id":"bfeb7e25-b978-49d9-8db3-50c386a7d9aa","value":-1,"text":"occupational loss","comment":"","position":{"x":436,"y":153},"isActive":true,"date":1702309660325,"kind":"Node","isSelected":false,"isConnectorSelected":false,"isDraggable":1,"isDeletable":1,"hasElementMoved":false,"eventLog":[{"time":"1702309660325","type":"create node","value":[0]},{"time":"1702309660419","type":"selected","value":[true]},{"time":"1702309680143","type":"text","value":["Berufsverlust"]},{"time":"1702309680143","type":"value","value":[-1]},{"time":"1702309680143","type":"selected","value":[false]},{"time":"2023-12-11T15:48:01.949Z","type":"position","value":{"x":[379],"y":[270]}},{"time":"2023-12-11T15:48:11.919Z","type":"position","value":{"x":[431],"y":[297]}},{"time":"2023-12-11T15:55:56.819Z","type":"position","value":{"x":[437],"y":[207]}},{"time":"2023-12-11T15:56:14.776Z","type":"position","value":{"x":[388],"y":[199]}},{"time":"2023-12-11T15:56:16.423Z","type":"position","value":{"x":[441],"y":[146]}}],"isTextChangeable":1},{"id":"2f2b72d2-11ec-4a65-8ff7-655f529cc346","value":-3,"text":"isolation from society","comment":"","position":{"x":230,"y":348},"isActive":true,"date":1702309696940,"kind":"Node","isSelected":false,"isConnectorSelected":false,"isDraggable":1,"isDeletable":1,"hasElementMoved":false,"eventLog":[{"time":"1702309696940","type":"create node","value":[0]},{"time":"1702309697020","type":"selected","value":[true]},{"time":"1702309731194","type":"text","value":["Isolation von Gesellschaft"]},{"time":"1702309731194","type":"value","value":[-3]},{"time":"1702309731194","type":"selected","value":[false]},{"time":"1702309732094","type":"selected","value":[true]},{"time":"1702309732875","type":"selected","value":[false]},{"time":"2023-12-11T15:48:54.540Z","type":"position","value":{"x":[288],"y":[336]}},{"time":"2023-12-11T15:49:49.572Z","type":"position","value":{"x":[270],"y":[362]}}],"isTextChangeable":1},{"id":"ad34f695-be7c-4782-8c7d-49bac1d33131","value":-2,"text":"limited scenarios","comment":"","position":{"x":247,"y":496},"isActive":true,"date":1702309741939,"kind":"Node","isSelected":false,"isConnectorSelected":false,"isDraggable":1,"isDeletable":1,"hasElementMoved":false,"eventLog":[{"time":1702309741940,"type":"create node","value":"0"},{"time":1702309762745,"type":"selected","value":"TRUE"},{"time":1702309781140,"type":"text","value":"Begrenzte Szenarien"},{"time":1702309781140,"type":"value","value":"-2"},{"time":1702309781140,"type":"selected","value":"FALSE"},{"time":1702309782615,"type":"selected","value":"TRUE"},{"time":1702309783342,"type":"selected","value":"FALSE"}],"isTextChangeable":1},{"id":"f10e05ce-08cb-4f63-87bf-c89f0d4ac131","value":-2,"text":"dependence","comment":"","position":{"x":408,"y":558},"isActive":true,"date":1702309791955,"kind":"Node","isSelected":false,"isConnectorSelected":false,"isDraggable":1,"isDeletable":1,"hasElementMoved":false,"eventLog":[{"time":"1702309791955","type":"create node","value":[0]},{"time":"1702309792047","type":"selected","value":[true]},{"time":"1702309816378","type":"text","value":["Abhaengigkeit"]},{"time":"1702309816378","type":"value","value":[-2]},{"time":"1702309816378","type":"selected","value":[false]},{"time":"2023-12-11T15:50:17.201Z","type":"position","value":{"x":[430],"y":[572]}},{"time":"2023-12-11T15:50:18.701Z","type":"position","value":{"x":[431],"y":[573]}},{"time":"1702309820467","type":"selected","value":[true]},{"time":"1702309821374","type":"selected","value":[false]},{"time":"2023-12-11T15:50:34.490Z","type":"position","value":{"x":[433],"y":[575]}}],"isTextChangeable":1},{"id":"068f2237-e730-4311-995c-5b1ee14ef68c","value":2,"text":"unlimited support","comment":"","position":{"x":751,"y":267},"isActive":true,"date":1702309839572,"kind":"Node","isSelected":false,"isConnectorSelected":false,"isDraggable":1,"isDeletable":1,"hasElementMoved":false,"eventLog":[{"time":"1702309839572","type":"create node","value":[0]},{"time":"1702309839648","type":"selected","value":[true]},{"time":"1702309876328","type":"text","value":["Unbegrenzter Support"]},{"time":"1702309876328","type":"value","value":[2]},{"time":"1702309876328","type":"selected","value":[false]},{"time":"2023-12-11T15:51:16.968Z","type":"position","value":{"x":[843],"y":[214]}},{"time":"1702309879402","type":"selected","value":[true]},{"time":"1702309880241","type":"selected","value":[false]},{"time":"2023-12-11T15:51:22.618Z","type":"position","value":{"x":[860],"y":[237]}},{"time":"2023-12-11T15:51:23.857Z","type":"position","value":{"x":[876],"y":[227]}},{"time":"1702309885568","type":"selected","value":[true]},{"time":"1702309886324","type":"selected","value":[false]},{"time":"1702309889167","type":"selected","value":[true]},{"time":"1702309889975","type":"selected","value":[false]},{"time":"2023-12-11T15:51:31.573Z","type":"position","value":{"x":[845],"y":[290]}},{"time":"1702309893665","type":"selected","value":[true]},{"time":"1702309894409","type":"selected","value":[false]},{"time":"2023-12-11T15:51:39.352Z","type":"position","value":{"x":[859],"y":[269]}},{"time":"2023-12-11T15:55:59.792Z","type":"position","value":{"x":[818],"y":[249]}}],"isTextChangeable":1},{"id":"391a2fc4-572c-4d74-95f7-82840a88c2b3","value":3,"text":"better care","comment":"","position":{"x":891,"y":153},"isActive":true,"date":1702309902440,"kind":"Node","isSelected":false,"isConnectorSelected":false,"isDraggable":1,"isDeletable":1,"hasElementMoved":false,"eventLog":[{"time":"1702309902440","type":"create node","value":[0]},{"time":"2023-12-11T15:51:43.073Z","type":"position","value":{"x":[979],"y":[328]}},{"time":"1702309914097","type":"selected","value":[true]},{"time":"1702309920758","type":"text","value":["Besser Pflege"]},{"time":"1702309920758","type":"value","value":[3]},{"time":"1702309920758","type":"selected","value":[false]},{"time":"2023-12-11T15:52:01.656Z","type":"position","value":{"x":[1015],"y":[307]}},{"time":"2023-12-11T15:55:54.139Z","type":"position","value":{"x":[996],"y":[327]}},{"time":"2023-12-11T15:55:54.752Z","type":"position","value":{"x":[1051],"y":[177]}},{"time":"2023-12-11T15:56:01.221Z","type":"position","value":{"x":[1084],"y":[211]}},{"time":"2023-12-11T15:56:02.034Z","type":"position","value":{"x":[928],"y":[161]}}],"isTextChangeable":1},{"id":"030ee54e-8932-4cf9-9fbb-0246933b89f5","value":1,"text":"more attention","comment":"","position":{"x":1042,"y":397},"isActive":true,"date":1702309928305,"kind":"Node","isSelected":false,"isConnectorSelected":false,"isDraggable":1,"isDeletable":1,"hasElementMoved":false,"eventLog":[{"time":"1702309928305","type":"create node","value":[0]},{"time":"1702309930149","type":"selected","value":[true]},{"time":"1702309953074","type":"text","value":["Mehr Aufmerksamkeit"]},{"time":"1702309953074","type":"value","value":[1]},{"time":"1702309953074","type":"selected","value":[false]},{"time":"1702309954029","type":"selected","value":[true]},{"time":"1702309954943","type":"selected","value":[false]},{"time":"1702309955782","type":"selected","value":[true]},{"time":"1702309956857","type":"selected","value":[false]},{"time":"2023-12-11T15:52:47.906Z","type":"position","value":{"x":[1056],"y":[447]}},{"time":"2023-12-11T15:56:04.158Z","type":"position","value":{"x":[1040],"y":[457]}}],"isTextChangeable":1},{"id":"5b51fb76-478c-4b5a-9ace-77f006815759","value":0,"text":"","comment":"","position":{"x":876,"y":428},"isActive":false,"date":1702309957840,"kind":"Node","isSelected":false,"isConnectorSelected":false,"isDraggable":1,"isDeletable":1,"hasElementMoved":false,"eventLog":[{"time":1702309957840,"type":"create node","value":0},{"time":1702309965945,"type":"selected","value":1},{"time":1702309967006,"type":"node was deleted","value":-99}],"isTextChangeable":1},{"id":"1edd1ca9-c193-4946-8cf7-3f7d0ad4bb7b","value":0,"text":"","comment":"","position":{"x":857,"y":533},"isActive":false,"date":1702309959121,"kind":"Node","isSelected":false,"isConnectorSelected":false,"isDraggable":1,"isDeletable":1,"hasElementMoved":false,"eventLog":[{"time":"1702309959121","type":"create node","value":[0]},{"time":"2023-12-11T15:52:40.635Z","type":"position","value":{"x":[885],"y":[454]}},{"time":"1702309964004","type":"selected","value":[true]},{"time":"1702309965105","type":"node was deleted","value":[-99]}],"isTextChangeable":1},{"id":"549b994e-125f-4105-b2db-f3dd03b8cdf6","value":1,"text":"cost efficient","comment":"","position":{"x":990,"y":539},"isActive":true,"date":1702310029305,"kind":"Node","isSelected":false,"isConnectorSelected":false,"isDraggable":1,"isDeletable":1,"hasElementMoved":false,"eventLog":[{"time":"1702310029305","type":"create node","value":[0]},{"time":"1702310030198","type":"selected","value":[true]},{"time":"1702310045877","type":"text","value":["Kosteneffizient"]},{"time":"1702310045877","type":"value","value":[1]},{"time":"1702310045877","type":"selected","value":[false]},{"time":"2023-12-11T15:56:06.907Z","type":"position","value":{"x":[920],"y":[548]}}],"isTextChangeable":1},{"id":"069fff0b-90d0-4030-928a-02dbeece74d2","value":0,"text":"","comment":"","position":{"x":1024,"y":662},"isActive":false,"date":1702310051174,"kind":"Node","isSelected":false,"isConnectorSelected":false,"isDraggable":1,"isDeletable":1,"hasElementMoved":false,"eventLog":[{"time":1702310051174,"type":"create node","value":0},{"time":1702310052798,"type":"selected","value":1},{"time":1702310054055,"type":"node was deleted","value":-99}],"isTextChangeable":1},{"id":"ed6e8f86-ca20-4cfa-87e5-c56507799080","value":1,"text":"easy to train","comment":"","position":{"x":779,"y":535},"isActive":true,"date":1702310056455,"kind":"Node","isSelected":false,"isConnectorSelected":false,"isDraggable":1,"isDeletable":1,"hasElementMoved":false,"eventLog":[{"time":1702310056455,"type":"create node","value":"0"},{"time":1702310056549,"type":"selected","value":"TRUE"},{"time":1702310093110,"type":"text","value":"Leicht zu trainieren"},{"time":1702310093110,"type":"value","value":"1"},{"time":1702310093110,"type":"selected","value":"FALSE"}],"isTextChangeable":1},{"id":"680fae8f-d2a1-483b-9b76-da9030048081","value":0,"text":"","comment":"","position":{"x":1167,"y":435},"isActive":false,"date":1702310099390,"kind":"Node","isSelected":false,"isConnectorSelected":false,"isDraggable":1,"isDeletable":1,"hasElementMoved":false,"eventLog":[{"time":1702310099390,"type":"create node","value":0},{"time":1702310124138,"type":"selected","value":1},{"time":1702310125355,"type":"node was deleted","value":-99}],"isTextChangeable":1},{"id":"ec641664-cfe3-48b2-add8-68218538b8e6","value":2,"text":"quality of life","comment":"","position":{"x":652,"y":550},"isActive":true,"date":1702310178671,"kind":"Node","isSelected":false,"isConnectorSelected":false,"isDraggable":1,"isDeletable":1,"hasElementMoved":false,"eventLog":[{"time":"1702310178671","type":"create node","value":[0]},{"time":"1702310255228","type":"selected","value":[true]},{"time":"1702310264961","type":"text","value":["Lebensqualitaet"]},{"time":"1702310264961","type":"value","value":[2]},{"time":"1702310264961","type":"selected","value":[false]},{"time":"2023-12-11T15:57:45.751Z","type":"position","value":{"x":[597],"y":[565]}},{"time":"2023-12-11T15:58:00.504Z","type":"position","value":{"x":[610],"y":[563]}},{"time":"2023-12-11T15:58:03.041Z","type":"position","value":{"x":[656],"y":[557]}},{"time":"2023-12-11T15:58:04.406Z","type":"position","value":{"x":[652],"y":[554]}}],"isTextChangeable":1}],"connectors":[{"id":"33ff2a05-4902-4471-9170-854143414585","source":"1b8ba824-bb65-4746-bb11-7cecc96026aa","target":"f41c60bc-961e-4528-99e3-486936414b41","agreement":true,"isActive":true,"date":1702309621774,"kind":"Connector","isSelected":false,"intensity":3,"isDeletable":false,"isOver":false,"isBidirectional":false,"eventLog":[{"time":1702309621774,"type":"create connection"}]},{"id":"8b4cdf24-b357-465a-9652-a29e3e4ceac4","source":"1b8ba824-bb65-4746-bb11-7cecc96026aa","target":"1cd3b197-7cec-499a-b4e2-36a52763c4ca","agreement":true,"isActive":true,"date":1702309621774,"kind":"Connector","isSelected":false,"intensity":3,"isDeletable":true,"isOver":false,"isBidirectional":false,"eventLog":[{"time":1702309621774,"type":"create connection"}]},{"id":"90692dbe-9874-432f-9209-f5a5aefa6b63","source":"bfeb7e25-b978-49d9-8db3-50c386a7d9aa","target":"f41c60bc-961e-4528-99e3-486936414b41","agreement":false,"isActive":true,"date":1702309683256,"kind":"Connector","isSelected":false,"intensity":3,"isDeletable":true,"isOver":false,"isBidirectional":false,"eventLog":[{"time":1702309683256,"type":"create connection"},{"time":1702309684963,"type":"selected","value":1},{"time":1702309687461,"type":"change intensity of connector","value":-3},{"time":1702309687461,"type":"selected","value":0}]},{"id":"1e5c4cca-5092-434f-adfa-c17fc45f1536","source":"2f2b72d2-11ec-4a65-8ff7-655f529cc346","target":"f41c60bc-961e-4528-99e3-486936414b41","agreement":false,"isActive":true,"date":1702309736505,"kind":"Connector","isSelected":false,"intensity":9,"isDeletable":true,"isOver":false,"isBidirectional":false,"eventLog":[{"time":1702309736505,"type":"create connection"},{"time":1702309739115,"type":"selected","value":1},{"time":1702309740675,"type":"change intensity of connector","value":-9},{"time":1702309740675,"type":"selected","value":0}]},{"id":"867a3b0f-3783-4ad2-bbd8-53ec3589c1bb","source":"f41c60bc-961e-4528-99e3-486936414b41","target":"ad34f695-be7c-4782-8c7d-49bac1d33131","agreement":false,"isActive":true,"date":1702309784538,"kind":"Connector","isSelected":false,"intensity":6,"isDeletable":true,"isOver":false,"isBidirectional":false,"eventLog":[{"time":1702309784538,"type":"create connection"},{"time":1702309785980,"type":"selected","value":1},{"time":1702309787875,"type":"change intensity of connector","value":-6},{"time":1702309787875,"type":"selected","value":0}]},{"id":"070f1468-e938-40af-b708-eca4c58fe0f4","source":"f41c60bc-961e-4528-99e3-486936414b41","target":"f10e05ce-08cb-4f63-87bf-c89f0d4ac131","agreement":false,"isActive":true,"date":1702309822371,"kind":"Connector","isSelected":false,"intensity":3,"isDeletable":true,"isOver":false,"isBidirectional":false,"eventLog":[{"time":1702309822371,"type":"create connection"},{"time":1702309823517,"type":"selected","value":1},{"time":1702309823985,"type":"change intensity of connector","value":3},{"time":1702309823985,"type":"selected","value":0},{"time":1702309826497,"type":"selected","value":1},{"time":1702309826904,"type":"change intensity of connector","value":3},{"time":1702309826904,"type":"selected","value":0},{"time":1702309830144,"type":"selected","value":1},{"time":1702309832023,"type":"change intensity of connector","value":-3},{"time":1702309832023,"type":"selected","value":0}]},{"id":"556cd6c2-47ea-41ea-a5a0-0fc59f5feb7d","source":"1cd3b197-7cec-499a-b4e2-36a52763c4ca","target":"068f2237-e730-4311-995c-5b1ee14ef68c","agreement":true,"isActive":true,"date":1702309895373,"kind":"Connector","isSelected":false,"intensity":6,"isDeletable":true,"isOver":false,"isBidirectional":false,"eventLog":[{"time":1702309895373,"type":"create connection"},{"time":1702309896873,"type":"selected","value":1},{"time":1702309898578,"type":"change intensity of connector","value":6},{"time":1702309898578,"type":"selected","value":0}]},{"id":"bc9c1440-a2bf-41a4-a3b1-906cbbf271a6","source":"391a2fc4-572c-4d74-95f7-82840a88c2b3","target":"1cd3b197-7cec-499a-b4e2-36a52763c4ca","agreement":true,"isActive":true,"date":1702309924374,"kind":"Connector","isSelected":false,"intensity":6,"isDeletable":true,"isOver":false,"isBidirectional":false,"eventLog":[{"time":1702309924374,"type":"create connection"},{"time":1702309925302,"type":"selected","value":1},{"time":1702309926758,"type":"change intensity of connector","value":6},{"time":1702309926758,"type":"selected","value":0}]},{"id":"cda8b735-e9a3-4d08-ba93-f35b98d64340","source":"030ee54e-8932-4cf9-9fbb-0246933b89f5","target":"1cd3b197-7cec-499a-b4e2-36a52763c4ca","agreement":true,"isActive":true,"date":1702309969538,"kind":"Connector","isSelected":false,"intensity":9,"isDeletable":true,"isOver":false,"isBidirectional":false,"eventLog":[{"time":1702309969538,"type":"create connection"},{"time":1702309970585,"type":"selected","value":1},{"time":1702309972293,"type":"change intensity of connector","value":9},{"time":1702309972293,"type":"selected","value":0}]},{"id":"05c89586-19ce-42a5-98fa-dfd2ed3e4f2e","source":"1cd3b197-7cec-499a-b4e2-36a52763c4ca","target":"549b994e-125f-4105-b2db-f3dd03b8cdf6","agreement":true,"isActive":true,"date":1702310047537,"kind":"Connector","isSelected":false,"intensity":3,"isDeletable":true,"isOver":false,"isBidirectional":false,"eventLog":[{"time":1702310047537,"type":"create connection"}]},{"id":"e0e93b7f-d79e-4c4d-b0de-45fbf8c7df1b","source":"549b994e-125f-4105-b2db-f3dd03b8cdf6","target":"391a2fc4-572c-4d74-95f7-82840a88c2b3","agreement":true,"isActive":true,"date":1702310050254,"kind":"Connector","isSelected":false,"intensity":3,"isDeletable":true,"isOver":false,"isBidirectional":false,"eventLog":[{"time":1702310050254,"type":"create connection"}]},{"id":"2729e385-9ad3-4356-a22e-02185be99756","source":"ed6e8f86-ca20-4cfa-87e5-c56507799080","target":"1cd3b197-7cec-499a-b4e2-36a52763c4ca","agreement":true,"isActive":true,"date":1702310094788,"kind":"Connector","isSelected":false,"intensity":3,"isDeletable":true,"isOver":false,"isBidirectional":false,"eventLog":[{"time":1702310094788,"type":"create connection"}]},{"id":"e0b8d6fe-4f72-4c10-bf47-ce8614d42030","source":"ed6e8f86-ca20-4cfa-87e5-c56507799080","target":"549b994e-125f-4105-b2db-f3dd03b8cdf6","agreement":true,"isActive":true,"date":1702310096405,"kind":"Connector","isSelected":false,"intensity":3,"isDeletable":true,"isOver":false,"isBidirectional":false,"eventLog":[{"time":1702310096405,"type":"create connection"}]},{"id":"e208bd71-d998-41b6-bf2d-b3e508a3152c","source":"ed6e8f86-ca20-4cfa-87e5-c56507799080","target":"391a2fc4-572c-4d74-95f7-82840a88c2b3","agreement":true,"isActive":true,"date":1702310098623,"kind":"Connector","isSelected":false,"intensity":3,"isDeletable":true,"isOver":false,"isBidirectional":false,"eventLog":[{"time":1702310098623,"type":"create connection"}]},{"id":"bda2e09c-cae9-4fe6-893f-ec3d14696fe9","source":"bfeb7e25-b978-49d9-8db3-50c386a7d9aa","target":"391a2fc4-572c-4d74-95f7-82840a88c2b3","agreement":true,"isActive":true,"date":1702310152138,"kind":"Connector","isSelected":false,"intensity":3,"isDeletable":true,"isOver":false,"isBidirectional":false,"eventLog":[{"time":1702310152138,"type":"create connection"}]},{"id":"75aa0f29-f5e6-4889-b573-e766630541fd","source":"030ee54e-8932-4cf9-9fbb-0246933b89f5","target":"068f2237-e730-4311-995c-5b1ee14ef68c","agreement":true,"isActive":true,"date":1702310171455,"kind":"Connector","isSelected":false,"intensity":3,"isDeletable":true,"isOver":false,"isBidirectional":false,"eventLog":[{"time":1702310171455,"type":"create connection"}]},{"id":"0edeb38c-075a-4dcd-b2f5-e2a04cae0185","source":"ec641664-cfe3-48b2-add8-68218538b8e6","target":"1b8ba824-bb65-4746-bb11-7cecc96026aa","agreement":true,"isActive":true,"date":1702310268255,"kind":"Connector","isSelected":false,"intensity":9,"isDeletable":true,"isOver":false,"isBidirectional":false,"eventLog":[{"time":1702310268255,"type":"create connection"},{"time":1702310269334,"type":"selected","value":1},{"time":1702310269739,"type":"change intensity of connector","value":3},{"time":1702310269739,"type":"selected","value":0},{"time":1702310271715,"type":"selected","value":1},{"time":1702310273642,"type":"change intensity of connector","value":9},{"time":1702310273642,"type":"selected","value":0}]},{"id":"69738649-018c-498f-a68d-4d135c92cbef","source":"ec641664-cfe3-48b2-add8-68218538b8e6","target":"068f2237-e730-4311-995c-5b1ee14ef68c","agreement":true,"isActive":true,"date":1702310279504,"kind":"Connector","isSelected":false,"intensity":3,"isDeletable":true,"isOver":false,"isBidirectional":false,"eventLog":[{"time":1702310279504,"type":"create connection"}]}],"currentID":{},"currentNode":{},"hasSelectedNode":[false],"currentConnector":{},"hasSelectedConnector":[false],"readyToMove":[false],"isIncoming":[false],"hasElementMoved":[false]}
