{"idCAM":["cae4bae1-d581-4261-bb7a-ba1e05b7f837"],"creator":["638e2654a069e9c741d21ce3_post"],"projectCAM":["S2_CAM part 2"],"defocusCAM":[],"date":[1702310684194],"nodes":[{"id":"340e4a43-da16-4593-bd23-a31358599d87","value":0,"text":"social assistance robot","comment":"","position":{"x":650,"y":400},"isActive":true,"date":1702310685099,"kind":"Node","isSelected":false,"isConnectorSelected":false,"isDraggable":0,"isDeletable":0,"hasElementMoved":false,"eventLog":[{"time":1702310685099,"type":"create node","value":0}],"isTextChangeable":0},{"id":"13b87f40-8a60-4dd2-b584-cada996f7bcb","value":0,"text":"disadvantages","comment":"","position":{"x":450,"y":400},"isActive":true,"date":1702310685100,"kind":"Node","isSelected":false,"isConnectorSelected":false,"isDraggable":0,"isDeletable":0,"hasElementMoved":false,"eventLog":[{"time":1702310685100,"type":"create node","value":0}],"isTextChangeable":0},{"id":"393c8ff3-4ac3-4824-a546-0877f331c889","value":0,"text":"advantages","comment":"","position":{"x":850,"y":400},"isActive":true,"date":1702310685100,"kind":"Node","isSelected":false,"isConnectorSelected":false,"isDraggable":0,"isDeletable":0,"hasElementMoved":false,"eventLog":[{"time":1702310685100,"type":"create node","value":0}],"isTextChangeable":0},{"id":"e32b3802-eab4-4240-bfa6-28f5ada1faa5","value":-1,"text":"occupational loss","comment":"","position":{"x":436,"y":153},"isActive":true,"date":1702310685100,"kind":"Node","isSelected":false,"isConnectorSelected":false,"isDraggable":1,"isDeletable":1,"hasElementMoved":false,"eventLog":[{"time":1702310685100,"type":"create node","value":-1}],"isTextChangeable":1},{"id":"c4fe4017-73ae-4bfe-becb-7fcbcdc49f0f","value":-3,"text":"isolation from society","comment":"","position":{"x":230,"y":348},"isActive":true,"date":1702310685100,"kind":"Node","isSelected":false,"isConnectorSelected":false,"isDraggable":1,"isDeletable":1,"hasElementMoved":false,"eventLog":[{"time":1702310685100,"type":"create node","value":-3}],"isTextChangeable":1},{"id":"d8c6d1fb-fb45-421e-8c55-720c785c9554","value":-2,"text":"limited scenarios","comment":"","position":{"x":247,"y":496},"isActive":true,"date":1702310685100,"kind":"Node","isSelected":false,"isConnectorSelected":false,"isDraggable":1,"isDeletable":1,"hasElementMoved":false,"eventLog":[{"time":1702310685100,"type":"create node","value":-2}],"isTextChangeable":1},{"id":"f0f9ba4a-58e4-4827-8ddc-596af0454bfe","value":-2,"text":"dependence","comment":"","position":{"x":408,"y":558},"isActive":true,"date":1702310685100,"kind":"Node","isSelected":false,"isConnectorSelected":false,"isDraggable":1,"isDeletable":1,"hasElementMoved":false,"eventLog":[{"time":1702310685100,"type":"create node","value":-2}],"isTextChangeable":1},{"id":"b3f919dc-fca5-4f56-840c-49581599847e","value":2,"text":"unlimited support","comment":"","position":{"x":751,"y":267},"isActive":true,"date":1702310685100,"kind":"Node","isSelected":false,"isConnectorSelected":false,"isDraggable":1,"isDeletable":1,"hasElementMoved":false,"eventLog":[{"time":1702310685100,"type":"create node","value":2}],"isTextChangeable":1},{"id":"329a27c8-054b-4b1a-87b6-af0ac04abf13","value":3,"text":"better care","comment":"","position":{"x":891,"y":153},"isActive":true,"date":1702310685100,"kind":"Node","isSelected":false,"isConnectorSelected":false,"isDraggable":1,"isDeletable":1,"hasElementMoved":false,"eventLog":[{"time":1702310685100,"type":"create node","value":3}],"isTextChangeable":1},{"id":"373b65b5-c692-4032-a59f-39e166f1e8db","value":1,"text":"more attention","comment":"","position":{"x":1042,"y":397},"isActive":true,"date":1702310685100,"kind":"Node","isSelected":false,"isConnectorSelected":false,"isDraggable":1,"isDeletable":1,"hasElementMoved":false,"eventLog":[{"time":1702310685100,"type":"create node","value":1}],"isTextChangeable":1},{"id":"e17eafa7-52ba-4eab-8bbf-119adfd561b7","value":1,"text":"cost efficient","comment":"","position":{"x":990,"y":539},"isActive":true,"date":1702310685100,"kind":"Node","isSelected":false,"isConnectorSelected":false,"isDraggable":1,"isDeletable":1,"hasElementMoved":false,"eventLog":[{"time":1702310685100,"type":"create node","value":1}],"isTextChangeable":1},{"id":"3e0caf82-de32-4015-9163-12afcf68ad40","value":1,"text":"easy to train","comment":"","position":{"x":779,"y":535},"isActive":true,"date":1702310685101,"kind":"Node","isSelected":false,"isConnectorSelected":false,"isDraggable":1,"isDeletable":1,"hasElementMoved":false,"eventLog":[{"time":1702310685101,"type":"create node","value":1}],"isTextChangeable":1},{"id":"af13753e-9ee6-4251-ad5e-d3335986223a","value":2,"text":"quality of life","comment":"","position":{"x":652,"y":550},"isActive":true,"date":1702310685101,"kind":"Node","isSelected":false,"isConnectorSelected":false,"isDraggable":1,"isDeletable":1,"hasElementMoved":false,"eventLog":[{"time":1702310685101,"type":"create node","value":2}],"isTextChangeable":1}],"connectors":[{"id":"3dc34f4b-81f8-429b-848f-171f65b15d8e","source":"340e4a43-da16-4593-bd23-a31358599d87","target":"13b87f40-8a60-4dd2-b584-cada996f7bcb","agreement":true,"isActive":true,"date":1702310685101,"kind":"Connector","isSelected":false,"intensity":3,"isDeletable":false,"isOver":false,"isBidirectional":false,"eventLog":[{"time":1702310685101,"type":"create connection"}]},{"id":"b1012a43-68e8-4b7d-8e0b-fa8274032ee4","source":"340e4a43-da16-4593-bd23-a31358599d87","target":"393c8ff3-4ac3-4824-a546-0877f331c889","agreement":true,"isActive":true,"date":1702310685101,"kind":"Connector","isSelected":false,"intensity":3,"isDeletable":true,"isOver":false,"isBidirectional":false,"eventLog":[{"time":1702310685101,"type":"create connection"}]},{"id":"b3c41567-0c29-4978-b415-34aec0092142","source":"e32b3802-eab4-4240-bfa6-28f5ada1faa5","target":"13b87f40-8a60-4dd2-b584-cada996f7bcb","agreement":false,"isActive":true,"date":1702310685102,"kind":"Connector","isSelected":false,"intensity":3,"isDeletable":true,"isOver":false,"isBidirectional":false,"eventLog":[{"time":1702310685102,"type":"create connection"}]},{"id":"2c92fa3e-30f3-42ca-86ef-bec6fce61415","source":"c4fe4017-73ae-4bfe-becb-7fcbcdc49f0f","target":"13b87f40-8a60-4dd2-b584-cada996f7bcb","agreement":false,"isActive":true,"date":1702310685102,"kind":"Connector","isSelected":false,"intensity":9,"isDeletable":true,"isOver":false,"isBidirectional":false,"eventLog":[{"time":1702310685102,"type":"create connection"}]},{"id":"192f6cdc-3cd6-404e-bf0d-e0330de155f8","source":"13b87f40-8a60-4dd2-b584-cada996f7bcb","target":"d8c6d1fb-fb45-421e-8c55-720c785c9554","agreement":false,"isActive":true,"date":1702310685102,"kind":"Connector","isSelected":false,"intensity":6,"isDeletable":true,"isOver":false,"isBidirectional":false,"eventLog":[{"time":1702310685102,"type":"create connection"}]},{"id":"d8d27331-efd5-4f19-ae83-b3f5c98aa896","source":"13b87f40-8a60-4dd2-b584-cada996f7bcb","target":"f0f9ba4a-58e4-4827-8ddc-596af0454bfe","agreement":false,"isActive":true,"date":1702310685102,"kind":"Connector","isSelected":false,"intensity":3,"isDeletable":true,"isOver":false,"isBidirectional":false,"eventLog":[{"time":1702310685102,"type":"create connection"}]},{"id":"6c1da1e3-6f5c-4a9f-a6b4-bcf146af59ae","source":"393c8ff3-4ac3-4824-a546-0877f331c889","target":"b3f919dc-fca5-4f56-840c-49581599847e","agreement":true,"isActive":true,"date":1702310685102,"kind":"Connector","isSelected":false,"intensity":6,"isDeletable":true,"isOver":false,"isBidirectional":false,"eventLog":[{"time":1702310685102,"type":"create connection"}]},{"id":"a202ef3a-3437-4bb1-9ab3-f666ed984e0b","source":"329a27c8-054b-4b1a-87b6-af0ac04abf13","target":"393c8ff3-4ac3-4824-a546-0877f331c889","agreement":true,"isActive":true,"date":1702310685102,"kind":"Connector","isSelected":false,"intensity":6,"isDeletable":true,"isOver":false,"isBidirectional":false,"eventLog":[{"time":1702310685102,"type":"create connection"}]},{"id":"0441f2f8-c6ce-4f3b-92d7-3354d6e49186","source":"373b65b5-c692-4032-a59f-39e166f1e8db","target":"393c8ff3-4ac3-4824-a546-0877f331c889","agreement":true,"isActive":true,"date":1702310685102,"kind":"Connector","isSelected":false,"intensity":9,"isDeletable":true,"isOver":false,"isBidirectional":false,"eventLog":[{"time":1702310685102,"type":"create connection"}]},{"id":"4b5c8602-7bd2-42ce-9552-43fcf0b0ba90","source":"393c8ff3-4ac3-4824-a546-0877f331c889","target":"e17eafa7-52ba-4eab-8bbf-119adfd561b7","agreement":true,"isActive":true,"date":1702310685103,"kind":"Connector","isSelected":false,"intensity":3,"isDeletable":true,"isOver":false,"isBidirectional":false,"eventLog":[{"time":1702310685103,"type":"create connection"}]},{"id":"8ef04f3b-09d6-4b26-aafe-d6c5fa21cb3c","source":"e17eafa7-52ba-4eab-8bbf-119adfd561b7","target":"329a27c8-054b-4b1a-87b6-af0ac04abf13","agreement":true,"isActive":true,"date":1702310685103,"kind":"Connector","isSelected":false,"intensity":3,"isDeletable":true,"isOver":false,"isBidirectional":false,"eventLog":[{"time":1702310685103,"type":"create connection"}]},{"id":"88706876-c43c-42df-8b9c-0fa55ab0c9f9","source":"3e0caf82-de32-4015-9163-12afcf68ad40","target":"393c8ff3-4ac3-4824-a546-0877f331c889","agreement":true,"isActive":true,"date":1702310685103,"kind":"Connector","isSelected":false,"intensity":3,"isDeletable":true,"isOver":false,"isBidirectional":false,"eventLog":[{"time":1702310685103,"type":"create connection"}]},{"id":"d97b9e64-5fc9-4667-ae35-46a6cb5d67e6","source":"3e0caf82-de32-4015-9163-12afcf68ad40","target":"e17eafa7-52ba-4eab-8bbf-119adfd561b7","agreement":true,"isActive":true,"date":1702310685103,"kind":"Connector","isSelected":false,"intensity":3,"isDeletable":true,"isOver":false,"isBidirectional":false,"eventLog":[{"time":1702310685103,"type":"create connection"}]},{"id":"b8071a34-86b2-42c9-aad3-2f14aa388e7b","source":"3e0caf82-de32-4015-9163-12afcf68ad40","target":"329a27c8-054b-4b1a-87b6-af0ac04abf13","agreement":true,"isActive":true,"date":1702310685103,"kind":"Connector","isSelected":false,"intensity":3,"isDeletable":true,"isOver":false,"isBidirectional":false,"eventLog":[{"time":1702310685103,"type":"create connection"}]},{"id":"584bd2ae-274d-48f1-92b7-bb659d772e1b","source":"e32b3802-eab4-4240-bfa6-28f5ada1faa5","target":"329a27c8-054b-4b1a-87b6-af0ac04abf13","agreement":true,"isActive":true,"date":1702310685103,"kind":"Connector","isSelected":false,"intensity":3,"isDeletable":true,"isOver":false,"isBidirectional":false,"eventLog":[{"time":1702310685103,"type":"create connection"}]},{"id":"4217a6c5-6576-40ec-bfc3-e78cdfc1e3e9","source":"373b65b5-c692-4032-a59f-39e166f1e8db","target":"b3f919dc-fca5-4f56-840c-49581599847e","agreement":true,"isActive":true,"date":1702310685103,"kind":"Connector","isSelected":false,"intensity":3,"isDeletable":true,"isOver":false,"isBidirectional":false,"eventLog":[{"time":1702310685103,"type":"create connection"}]},{"id":"f6789efb-0401-4e32-8744-4f6ceb193350","source":"af13753e-9ee6-4251-ad5e-d3335986223a","target":"340e4a43-da16-4593-bd23-a31358599d87","agreement":true,"isActive":true,"date":1702310685103,"kind":"Connector","isSelected":false,"intensity":9,"isDeletable":true,"isOver":false,"isBidirectional":false,"eventLog":[{"time":1702310685103,"type":"create connection"}]},{"id":"0362a05c-fa2b-4acf-bf6f-89a16f3a5d17","source":"af13753e-9ee6-4251-ad5e-d3335986223a","target":"b3f919dc-fca5-4f56-840c-49581599847e","agreement":true,"isActive":true,"date":1702310685103,"kind":"Connector","isSelected":false,"intensity":3,"isDeletable":true,"isOver":false,"isBidirectional":false,"eventLog":[{"time":1702310685103,"type":"create connection"}]}],"currentID":{},"currentNode":{},"hasSelectedNode":[false],"currentConnector":{},"hasSelectedConnector":[false],"readyToMove":[false],"isIncoming":[false]}
