{"idCAM":["d17d8d55-ddac-4bb0-bcd3-40cbcb787fe9"],"creator":["63b6be975097f6e31872fc0e_post"],"projectCAM":["S2_CAM part 2"],"defocusCAM":[],"date":[1702313123137],"nodes":[{"id":"711694a2-5ea4-46d9-b2e4-414a8261ce34","value":0,"text":"social assistance robot","comment":"","position":{"x":650,"y":400},"isActive":true,"date":1702313123643,"kind":"Node","isSelected":false,"isConnectorSelected":false,"isDraggable":0,"isDeletable":0,"hasElementMoved":false,"eventLog":[{"time":1702313123643,"type":"create node","value":0}],"isTextChangeable":0},{"id":"61a7fd75-c422-430c-8b13-5967145f411a","value":-3,"text":"disadvantages","comment":"","position":{"x":450,"y":400},"isActive":true,"date":1702313123643,"kind":"Node","isSelected":false,"isConnectorSelected":false,"isDraggable":0,"isDeletable":0,"hasElementMoved":false,"eventLog":[{"time":1702313123643,"type":"create node","value":-3}],"isTextChangeable":0},{"id":"77a8019c-50c5-40ac-a21d-0d3186d0546e","value":3,"text":"advantages","comment":"","position":{"x":850,"y":400},"isActive":true,"date":1702313123644,"kind":"Node","isSelected":false,"isConnectorSelected":false,"isDraggable":0,"isDeletable":0,"hasElementMoved":false,"eventLog":[{"time":1702313123644,"type":"create node","value":3}],"isTextChangeable":0},{"id":"592d39d9-0a45-403d-8d49-5719151f724e","value":1,"text":"care becomes cheaper","comment":"","position":{"x":993,"y":294},"isActive":true,"date":1702313123644,"kind":"Node","isSelected":false,"isConnectorSelected":false,"isDraggable":1,"isDeletable":1,"hasElementMoved":false,"eventLog":[{"time":1702313123644,"type":"create node","value":1}],"isTextChangeable":1},{"id":"37029be3-519b-485c-846f-41872d937dde","value":10,"text":"human machine interaction","comment":"","position":{"x":650,"y":297},"isActive":true,"date":1702313123644,"kind":"Node","isSelected":false,"isConnectorSelected":false,"isDraggable":1,"isDeletable":1,"hasElementMoved":false,"eventLog":[{"time":1702313123644,"type":"create node","value":10}],"isTextChangeable":1},{"id":"261f408e-dbc8-4fd9-8f1a-106f87e7289a","value":-1,"text":"human as object","comment":"","position":{"x":341,"y":275},"isActive":true,"date":1702313123644,"kind":"Node","isSelected":false,"isConnectorSelected":false,"isDraggable":1,"isDeletable":1,"hasElementMoved":false,"eventLog":[{"time":"1702313123644","type":"create node","value":[-1]},{"time":"2023-12-11T16:45:42.238Z","type":"position","value":{"x":[419],"y":[271]}}],"isTextChangeable":1},{"id":"721c6ec1-3ac2-425c-a06a-ab8501fd634b","value":-2,"text":"unnecessary workforce","comment":"","position":{"x":645,"y":494},"isActive":true,"date":1702313123644,"kind":"Node","isSelected":false,"isConnectorSelected":false,"isDraggable":1,"isDeletable":1,"hasElementMoved":false,"eventLog":[{"time":1702313123644,"type":"create node","value":-2}],"isTextChangeable":1},{"id":"eea2f529-4707-445d-bad6-71a9d14c83ff","value":3,"text":"promote social competence","comment":"","position":{"x":872,"y":509},"isActive":true,"date":1702313123644,"kind":"Node","isSelected":false,"isConnectorSelected":false,"isDraggable":1,"isDeletable":1,"hasElementMoved":false,"eventLog":[{"time":1702313123644,"type":"create node","value":3}],"isTextChangeable":1},{"id":"9edb2279-3d83-4ff6-a348-c3ea961c8f3d","value":-2,"text":"dehumanization of old age","comment":"","position":{"x":455,"y":513},"isActive":true,"date":1702313123644,"kind":"Node","isSelected":false,"isConnectorSelected":false,"isDraggable":1,"isDeletable":1,"hasElementMoved":false,"eventLog":[{"time":1702313123644,"type":"create node","value":-2}],"isTextChangeable":1},{"id":"e5229ff4-d6eb-4a8e-a002-dc17fb8fc7ba","value":3,"text":"social professions attractiveness","comment":"","position":{"x":1043,"y":520},"isActive":true,"date":1702313123644,"kind":"Node","isSelected":false,"isConnectorSelected":false,"isDraggable":1,"isDeletable":1,"hasElementMoved":false,"eventLog":[{"time":1702313123644,"type":"create node","value":3}],"isTextChangeable":1},{"id":"fed34dbe-a67a-4b06-bf0a-4baed36bf16e","value":-2,"text":"human needs difficult","comment":"","position":{"x":147,"y":244},"isActive":true,"date":1702313123644,"kind":"Node","isSelected":false,"isConnectorSelected":false,"isDraggable":1,"isDeletable":1,"hasElementMoved":false,"eventLog":[{"time":"1702313123644","type":"create node","value":[-2]},{"time":"2023-12-11T16:46:07.394Z","type":"position","value":{"x":[257],"y":[418]}},{"time":"2023-12-11T16:46:07.727Z","type":"position","value":{"x":[240],"y":[268]}},{"time":"2023-12-11T16:46:07.946Z","type":"position","value":{"x":[407],"y":[161]}},{"time":"2023-12-11T16:46:08.682Z","type":"position","value":{"x":[253],"y":[284]}},{"time":"2023-12-11T16:46:08.861Z","type":"position","value":{"x":[205],"y":[420]}},{"time":"2023-12-11T16:46:10.128Z","type":"position","value":{"x":[201],"y":[269]}},{"time":"2023-12-11T16:46:10.510Z","type":"position","value":{"x":[99],"y":[218]}}],"isTextChangeable":1},{"id":"e7ae11e9-80a2-4d74-8300-4b9612b982d9","value":2,"text":"relief (care) staff","comment":"","position":{"x":1034,"y":402},"isActive":true,"date":1702313123644,"kind":"Node","isSelected":false,"isConnectorSelected":false,"isDraggable":1,"isDeletable":1,"hasElementMoved":false,"eventLog":[{"time":1702313123644,"type":"create node","value":2}],"isTextChangeable":1},{"id":"3602a9a7-bc4d-4a34-a91c-49eb29a0cd7c","value":-2,"text":"humanization of robots","comment":"","position":{"x":676,"y":166},"isActive":true,"date":1702313123644,"kind":"Node","isSelected":false,"isConnectorSelected":true,"isDraggable":1,"isDeletable":1,"hasElementMoved":false,"eventLog":[{"time":"1702313123644","type":"create node","value":[-1]},{"time":"2023-12-11T16:45:26.599Z","type":"position","value":{"x":[282],"y":[504]}},{"time":"2023-12-11T16:45:26.995Z","type":"position","value":{"x":[474],"y":[560]}},{"time":"2023-12-11T16:45:27.080Z","type":"position","value":{"x":[624],"y":[591]}},{"time":"1702313129530","type":"selected","value":[true]},{"time":"1702313132067","type":"value","value":[-2]},{"time":"1702313132067","type":"selected","value":[false]},{"time":"2023-12-11T16:45:55.443Z","type":"position","value":{"x":[656],"y":[589]}},{"time":"2023-12-11T16:45:55.562Z","type":"position","value":{"x":[664],"y":[433]}},{"time":"2023-12-11T16:45:55.746Z","type":"position","value":{"x":[669],"y":[282]}}],"isTextChangeable":1},{"id":"8b8a5d5e-5129-4338-b0d0-b0fdae9055c6","value":0,"text":"Roboter als Mensch","comment":"Roboter ","position":{"x":442,"y":241},"isActive":false,"date":1702313143038,"kind":"Node","isSelected":false,"isConnectorSelected":false,"isDraggable":1,"isDeletable":1,"hasElementMoved":false,"eventLog":[{"time":1702313143038,"type":"create node","value":0},{"time":1702313143108,"type":"selected","value":1},{"time":1702313154346,"type":"node was deleted","value":-99}],"isTextChangeable":1},{"id":"44f4ecfa-a7e6-4174-a59b-681fb8a13d4f","value":0,"text":"","comment":"","position":{"x":479,"y":175},"isActive":false,"date":1702313174943,"kind":"Node","isSelected":false,"isConnectorSelected":false,"isDraggable":1,"isDeletable":1,"hasElementMoved":false,"eventLog":[{"time":1702313174943,"type":"create node","value":0},{"time":1702313175041,"type":"selected","value":1},{"time":1702313176653,"type":"node was deleted","value":-99}],"isTextChangeable":1},{"id":"b62c9e31-2329-437d-bc08-28ae0386aed5","value":2,"text":"robot as friend","comment":"A robot can serve as a friend and listener, helping one cope with thoughts and feelings.","position":{"x":856,"y":179},"isActive":true,"date":1702313188703,"kind":"Node","isSelected":false,"isConnectorSelected":true,"isDraggable":1,"isDeletable":1,"hasElementMoved":false,"eventLog":[{"time":1702313188703,"type":"create node","value":"0"},{"time":1702313188787,"type":"selected","value":"TRUE"},{"time":1702313217897,"type":"text","value":"Roboter als Freund"},{"time":1702313217897,"type":"value","value":"2"},{"time":1702313217897,"type":"comment","value":"Roboter kann als Freund und Zuhörer dienen, der einem hilft mit Gedanken und Gefühlen fertig zu werden. "},{"time":1702313217897,"type":"selected","value":"FALSE"}],"isTextChangeable":1}],"connectors":[{"id":"96985974-fd53-4a4f-9540-4e11bfee640c","source":"711694a2-5ea4-46d9-b2e4-414a8261ce34","target":"61a7fd75-c422-430c-8b13-5967145f411a","agreement":true,"isActive":true,"date":1702313123645,"kind":"Connector","isSelected":false,"intensity":3,"isDeletable":false,"isOver":false,"isBidirectional":false,"eventLog":[{"time":1702313123645,"type":"create connection"}]},{"id":"864dbe40-a7e4-426d-8696-c64d855c1b08","source":"711694a2-5ea4-46d9-b2e4-414a8261ce34","target":"77a8019c-50c5-40ac-a21d-0d3186d0546e","agreement":true,"isActive":true,"date":1702313123645,"kind":"Connector","isSelected":false,"intensity":3,"isDeletable":true,"isOver":false,"isBidirectional":false,"eventLog":[{"time":1702313123645,"type":"create connection"}]},{"id":"5fbf5f2a-c269-4396-ba50-9aafc3194fc6","source":"592d39d9-0a45-403d-8d49-5719151f724e","target":"77a8019c-50c5-40ac-a21d-0d3186d0546e","agreement":true,"isActive":true,"date":1702313123645,"kind":"Connector","isSelected":false,"intensity":6,"isDeletable":true,"isOver":false,"isBidirectional":false,"eventLog":[{"time":1702313123645,"type":"create connection"}]},{"id":"95f89b06-36a1-44bf-9792-a18f6bb19e85","source":"37029be3-519b-485c-846f-41872d937dde","target":"77a8019c-50c5-40ac-a21d-0d3186d0546e","agreement":false,"isActive":true,"date":1702313123645,"kind":"Connector","isSelected":false,"intensity":3,"isDeletable":true,"isOver":false,"isBidirectional":false,"eventLog":[{"time":1702313123645,"type":"create connection"}]},{"id":"332f2a61-8675-4517-829e-2c071db2a871","source":"37029be3-519b-485c-846f-41872d937dde","target":"61a7fd75-c422-430c-8b13-5967145f411a","agreement":true,"isActive":true,"date":1702313123645,"kind":"Connector","isSelected":false,"intensity":3,"isDeletable":true,"isOver":false,"isBidirectional":false,"eventLog":[{"time":1702313123645,"type":"create connection"}]},{"id":"21b174a4-c058-4e74-8df8-0f97da4632f6","source":"61a7fd75-c422-430c-8b13-5967145f411a","target":"721c6ec1-3ac2-425c-a06a-ab8501fd634b","agreement":true,"isActive":true,"date":1702313123645,"kind":"Connector","isSelected":false,"intensity":3,"isDeletable":true,"isOver":false,"isBidirectional":false,"eventLog":[{"time":1702313123645,"type":"create connection"}]},{"id":"f039b6e1-c951-47db-bf12-3eb7130ccf00","source":"261f408e-dbc8-4fd9-8f1a-106f87e7289a","target":"61a7fd75-c422-430c-8b13-5967145f411a","agreement":true,"isActive":true,"date":1702313123645,"kind":"Connector","isSelected":false,"intensity":3,"isDeletable":true,"isOver":false,"isBidirectional":false,"eventLog":[{"time":1702313123645,"type":"create connection"}]},{"id":"52f431fb-59e1-47f5-98bf-6250ffafb8fc","source":"eea2f529-4707-445d-bad6-71a9d14c83ff","target":"77a8019c-50c5-40ac-a21d-0d3186d0546e","agreement":true,"isActive":true,"date":1702313123645,"kind":"Connector","isSelected":false,"intensity":6,"isDeletable":true,"isOver":false,"isBidirectional":false,"eventLog":[{"time":1702313123645,"type":"create connection"}]},{"id":"58ec5930-7080-48fa-9388-fea19d9e0b4c","source":"721c6ec1-3ac2-425c-a06a-ab8501fd634b","target":"77a8019c-50c5-40ac-a21d-0d3186d0546e","agreement":false,"isActive":true,"date":1702313123646,"kind":"Connector","isSelected":false,"intensity":3,"isDeletable":true,"isOver":false,"isBidirectional":false,"eventLog":[{"time":1702313123646,"type":"create connection"}]},{"id":"f92fa111-b01a-4ce2-88ac-859c9e77a595","source":"9edb2279-3d83-4ff6-a348-c3ea961c8f3d","target":"61a7fd75-c422-430c-8b13-5967145f411a","agreement":true,"isActive":true,"date":1702313123646,"kind":"Connector","isSelected":false,"intensity":6,"isDeletable":true,"isOver":false,"isBidirectional":false,"eventLog":[{"time":1702313123646,"type":"create connection"}]},{"id":"f04a85db-0ed0-4d9a-915f-e7f31be91037","source":"e5229ff4-d6eb-4a8e-a002-dc17fb8fc7ba","target":"e7ae11e9-80a2-4d74-8300-4b9612b982d9","agreement":true,"isActive":true,"date":1702313123646,"kind":"Connector","isSelected":false,"intensity":9,"isDeletable":true,"isOver":false,"isBidirectional":false,"eventLog":[{"time":1702313123646,"type":"create connection"}]},{"id":"7c3f1ffe-93a7-4545-85db-18e19008bb34","source":"e7ae11e9-80a2-4d74-8300-4b9612b982d9","target":"77a8019c-50c5-40ac-a21d-0d3186d0546e","agreement":true,"isActive":true,"date":1702313123646,"kind":"Connector","isSelected":false,"intensity":6,"isDeletable":true,"isOver":false,"isBidirectional":false,"eventLog":[{"time":1702313123646,"type":"create connection"}]},{"id":"732fc120-12fd-450b-8eb6-8f994515fd1d","source":"fed34dbe-a67a-4b06-bf0a-4baed36bf16e","target":"61a7fd75-c422-430c-8b13-5967145f411a","agreement":true,"isActive":true,"date":1702313123646,"kind":"Connector","isSelected":false,"intensity":6,"isDeletable":true,"isOver":false,"isBidirectional":false,"eventLog":[{"time":1702313123646,"type":"create connection"}]},{"id":"4fe728c9-17e5-4afd-a389-5a7721300c1d","source":"3602a9a7-bc4d-4a34-a91c-49eb29a0cd7c","target":"61a7fd75-c422-430c-8b13-5967145f411a","agreement":true,"isActive":true,"date":1702313123646,"kind":"Connector","isSelected":false,"intensity":3,"isDeletable":true,"isOver":false,"isBidirectional":false,"eventLog":[{"time":1702313123646,"type":"create connection"}]},{"id":"74221b27-0bb7-45d1-8d10-2844d729d7ff","source":"3602a9a7-bc4d-4a34-a91c-49eb29a0cd7c","target":"77a8019c-50c5-40ac-a21d-0d3186d0546e","agreement":false,"isActive":true,"date":1702313135843,"kind":"Connector","isSelected":false,"intensity":6,"isDeletable":true,"isOver":false,"isBidirectional":false,"eventLog":[{"time":1702313135843,"type":"create connection"},{"time":1702313136595,"type":"selected","value":1},{"time":1702313138705,"type":"change intensity of connector","value":-6},{"time":1702313138705,"type":"selected","value":0}]},{"id":"b6494f74-1449-4dca-9a20-3f410ff343c3","source":"261f408e-dbc8-4fd9-8f1a-106f87e7289a","target":"3602a9a7-bc4d-4a34-a91c-49eb29a0cd7c","agreement":true,"isActive":true,"date":1702313158122,"kind":"Connector","isSelected":false,"intensity":6,"isDeletable":true,"isOver":false,"isBidirectional":false,"eventLog":[{"time":1702313158122,"type":"create connection"},{"time":1702313159704,"type":"selected","value":1},{"time":1702313162183,"type":"change intensity of connector","value":6},{"time":1702313162183,"type":"selected","value":0}]},{"id":"72a5011d-8d3c-48d6-9fcf-d6f2dcdf1753","source":"fed34dbe-a67a-4b06-bf0a-4baed36bf16e","target":"3602a9a7-bc4d-4a34-a91c-49eb29a0cd7c","agreement":true,"isActive":true,"date":1702313174172,"kind":"Connector","isSelected":false,"intensity":6,"isDeletable":true,"isOver":false,"isBidirectional":false,"eventLog":[{"time":1702313174172,"type":"create connection"},{"time":1702313177488,"type":"selected","value":1},{"time":1702313181934,"type":"change intensity of connector","value":6},{"time":1702313181934,"type":"selected","value":0}]},{"id":"be5ff9b0-8262-456c-92bd-e167e579b8bb","source":"b62c9e31-2329-437d-bc08-28ae0386aed5","target":"77a8019c-50c5-40ac-a21d-0d3186d0546e","agreement":true,"isActive":true,"date":1702313218800,"kind":"Connector","isSelected":false,"intensity":6,"isDeletable":true,"isOver":false,"isBidirectional":false,"eventLog":[{"time":1702313218800,"type":"create connection"},{"time":1702313219541,"type":"selected","value":1},{"time":1702313221186,"type":"change intensity of connector","value":6},{"time":1702313221186,"type":"selected","value":0}]},{"id":"19962866-c133-4824-b7dc-42207dc75b37","source":"b62c9e31-2329-437d-bc08-28ae0386aed5","target":"3602a9a7-bc4d-4a34-a91c-49eb29a0cd7c","agreement":true,"isActive":true,"date":1702313222122,"kind":"Connector","isSelected":false,"intensity":9,"isDeletable":true,"isOver":false,"isBidirectional":false,"eventLog":[{"time":1702313222122,"type":"create connection"},{"time":1702313222793,"type":"selected","value":1},{"time":1702313225114,"type":"change intensity of connector","value":9},{"time":1702313225114,"type":"selected","value":0}]}],"currentID":["19962866-c133-4824-b7dc-42207dc75b37"],"currentNode":{},"hasSelectedNode":[false],"currentConnector":{"id":["19962866-c133-4824-b7dc-42207dc75b37"],"value":{},"source":["b62c9e31-2329-437d-bc08-28ae0386aed5"],"target":["3602a9a7-bc4d-4a34-a91c-49eb29a0cd7c"],"agreement":[true],"isActive":[true],"date":[1702313222122],"kind":["Connector"],"isSelected":[false],"intensity":[9],"isDeletable":[true],"isOver":[false],"isBidirectional":[false],"eventLog":[{"time":1702313222122,"type":"create connection"},{"time":1702313222793,"type":"selected","value":1},{"time":1702313225114,"type":"change intensity of connector","value":9},{"time":1702313225114,"type":"selected","value":0}]},"hasSelectedConnector":[true],"readyToMove":[false],"isIncoming":[false],"hasElementMoved":[false]}
