{"idCAM":["cc1b96bc-6512-45dd-8cb0-c711fa1ce1f7"],"creator":["63b87d2c9edd47ad702413a1_post"],"projectCAM":["S2_CAM part 2"],"defocusCAM":[null],"date":[1702361271029],"nodes":[{"id":"db37f768-924b-4633-9322-b1f01355d138","value":2,"text":"social assistance robot","comment":"","position":{"x":650,"y":400},"isActive":true,"date":1702361271893,"kind":"Node","isSelected":false,"isConnectorSelected":false,"isDraggable":0,"isDeletable":0,"hasElementMoved":false,"eventLog":[{"time":1702361271893,"type":"create node","value":2}],"isTextChangeable":0},{"id":"2ea612be-f9c7-489c-a16c-8f2ee1ad6c88","value":-1,"text":"disadvantages","comment":"","position":{"x":450,"y":400},"isActive":true,"date":1702361271894,"kind":"Node","isSelected":false,"isConnectorSelected":false,"isDraggable":0,"isDeletable":0,"hasElementMoved":false,"eventLog":[{"time":1702361271894,"type":"create node","value":-1},{"time":1702361395872,"type":"selected","value":1},{"time":1702361396395,"type":"selected","value":0}],"isTextChangeable":0},{"id":"08fa6ae1-36e5-49eb-8438-6ae00efb1a6a","value":3,"text":"advantages","comment":"","position":{"x":850,"y":400},"isActive":true,"date":1702361271894,"kind":"Node","isSelected":false,"isConnectorSelected":false,"isDraggable":0,"isDeletable":0,"hasElementMoved":false,"eventLog":[{"time":1702361271894,"type":"create node","value":3}],"isTextChangeable":0},{"id":"d0b5d6bd-1aa3-4086-81eb-f750f695ab7f","value":-2,"text":"high acquisition costs","comment":"","position":{"x":374,"y":272},"isActive":true,"date":1702361271894,"kind":"Node","isSelected":false,"isConnectorSelected":false,"isDraggable":1,"isDeletable":1,"hasElementMoved":false,"eventLog":[{"time":1702361271894,"type":"create node","value":-1},{"time":1702361284487,"type":"selected","value":1},{"time":1702361289235,"type":"value","value":-2},{"time":1702361289235,"type":"selected","value":0}],"isTextChangeable":1},{"id":"b0d89c36-0605-4e97-b54f-01a3d1ae56c3","value":-2,"text":"missing human contact","comment":"","position":{"x":287,"y":384},"isActive":true,"date":1702361271894,"kind":"Node","isSelected":false,"isConnectorSelected":false,"isDraggable":1,"isDeletable":1,"hasElementMoved":false,"eventLog":[{"time":1702361271894,"type":"create node","value":-2}],"isTextChangeable":1},{"id":"a6c55a34-4d78-45f8-a379-00f7d294de41","value":3,"text":"interaction of isolated people","comment":"","position":{"x":954,"y":268},"isActive":true,"date":1702361271895,"kind":"Node","isSelected":false,"isConnectorSelected":false,"isDraggable":1,"isDeletable":1,"hasElementMoved":false,"eventLog":[{"time":1702361271895,"type":"create node","value":"2"},{"time":1702361313216,"type":"selected","value":"TRUE"},{"time":1702361319545,"type":"text","value":"Interaktion isolierter Menschen"},{"time":1702361319545,"type":"value","value":"3"},{"time":1702361319545,"type":"selected","value":"FALSE"}],"isTextChangeable":1},{"id":"5134fa50-bc8a-4409-92b1-e90fa4b74d91","value":3,"text":"support in learning","comment":"","position":{"x":1073,"y":395},"isActive":true,"date":1702361271895,"kind":"Node","isSelected":false,"isConnectorSelected":false,"isDraggable":1,"isDeletable":1,"hasElementMoved":false,"eventLog":[{"time":"1702361271895","type":"create node","value":[3]},{"time":"2023-12-12T06:10:13.076Z","type":"position","value":{"x":[1051],"y":[409]}}],"isTextChangeable":1},{"id":"1304d744-fc3d-471c-ae66-91ff3ced93dc","value":2,"text":"always available","comment":"","position":{"x":1025,"y":531},"isActive":true,"date":1702361271895,"kind":"Node","isSelected":false,"isConnectorSelected":false,"isDraggable":1,"isDeletable":1,"hasElementMoved":false,"eventLog":[{"time":"1702361271895","type":"create node","value":[2]},{"time":"2023-12-12T06:08:23.274Z","type":"position","value":{"x":[924],"y":[529]}}],"isTextChangeable":1},{"id":"3a5602aa-c47b-4bd4-bdc2-8d2c3311ade3","value":-2,"text":"possible dependency","comment":"","position":{"x":487,"y":559},"isActive":true,"date":1702361271895,"kind":"Node","isSelected":false,"isConnectorSelected":false,"isDraggable":1,"isDeletable":1,"hasElementMoved":false,"eventLog":[{"time":"1702361271896","type":"create node","value":[-2]},{"time":"2023-12-12T06:09:02.529Z","type":"position","value":{"x":[397],"y":[554]}},{"time":"2023-12-12T06:09:04.685Z","type":"position","value":{"x":[466],"y":[564]}}],"isTextChangeable":1},{"id":"82da412d-99a2-44e0-bee4-a167a88abd0b","value":1,"text":"individual adaptability","comment":"","position":{"x":818,"y":266},"isActive":true,"date":1702361271896,"kind":"Node","isSelected":false,"isConnectorSelected":false,"isDraggable":1,"isDeletable":1,"hasElementMoved":false,"eventLog":[{"time":1702361271896,"type":"create node","value":1}],"isTextChangeable":1},{"id":"b6c0986d-d01a-4767-a3bf-5849710fd9d9","value":-1,"text":"emotional numbing","comment":"","position":{"x":547,"y":271},"isActive":true,"date":1702361271896,"kind":"Node","isSelected":false,"isConnectorSelected":false,"isDraggable":1,"isDeletable":1,"hasElementMoved":false,"eventLog":[{"time":1702361271896,"type":"create node","value":-2},{"time":1702361280256,"type":"selected","value":1},{"time":1702361281970,"type":"value","value":-1},{"time":1702361281970,"type":"selected","value":0}],"isTextChangeable":1},{"id":"08a5e1e7-bc0a-46f0-9d24-4f29d9e448ab","value":2,"text":"emergence of new industry","comment":"","position":{"x":868,"y":569},"isActive":true,"date":1702361271896,"kind":"Node","isSelected":false,"isConnectorSelected":false,"isDraggable":1,"isDeletable":1,"hasElementMoved":false,"eventLog":[{"time":"1702361271896","type":"create node","value":[2]},{"time":"2023-12-12T06:08:24.305Z","type":"position","value":{"x":[819],"y":[538]}},{"time":"1702361408327","type":"selected","value":[true]},{"time":"1702361411786","type":"selected","value":[false]}],"isTextChangeable":1},{"id":"328237e8-7439-4d8b-8007-d303897f2b66","value":-2,"text":"relief of staff","comment":"","position":{"x":603,"y":533},"isActive":true,"date":1702361271896,"kind":"Node","isSelected":false,"isConnectorSelected":false,"isDraggable":1,"isDeletable":1,"hasElementMoved":false,"eventLog":[{"time":"1702361271896","type":"create node","value":[-2]},{"time":"2023-12-12T06:09:03.527Z","type":"position","value":{"x":[567],"y":[538]}}],"isTextChangeable":1},{"id":"f7e02272-75c9-48c9-95dd-1c25908b3d6e","value":-3,"text":"decline of social skills","comment":"Through very realistic-looking robots, users could focus on these instead of other people and thus lose 'real' social skills.","position":{"x":331,"y":514},"isActive":true,"date":1702361346373,"kind":"Node","isSelected":false,"isConnectorSelected":false,"isDraggable":1,"isDeletable":1,"hasElementMoved":false,"eventLog":[{"time":1702361346373,"type":"create node","value":"0"},{"time":1702361347094,"type":"selected","value":"TRUE"},{"time":1702361394476,"type":"text","value":"Abnahme sozialer Kompetenzen"},{"time":1702361394476,"type":"value","value":"-3"},{"time":1702361394476,"type":"comment","value":"Durch sehr realistisch wirkende Roboter könnten sich Benutzer auf diese anstatt auf andere Menschen konzentrieren und so \"echte\" soziale Kompetenzen verlieren"},{"time":1702361394476,"type":"selected","value":"FALSE"}],"isTextChangeable":1},{"id":"912a54e2-7e9f-4144-9372-989aca79c845","value":0,"text":"","comment":"","position":{"x":388,"y":438},"isActive":false,"date":1702361396581,"kind":"Node","isSelected":false,"isConnectorSelected":false,"isDraggable":1,"isDeletable":1,"hasElementMoved":false,"eventLog":[{"time":1702361396581,"type":"create node","value":0},{"time":1702361398334,"type":"selected","value":1},{"time":1702361399844,"type":"node was deleted","value":-99}],"isTextChangeable":1}],"connectors":[{"id":"170d2f1a-aa21-4635-8f17-4a54aa6ba43e","source":"db37f768-924b-4633-9322-b1f01355d138","target":"2ea612be-f9c7-489c-a16c-8f2ee1ad6c88","agreement":true,"isActive":true,"date":1702361271897,"kind":"Connector","isSelected":false,"intensity":3,"isDeletable":false,"isOver":false,"isBidirectional":false,"eventLog":[{"time":1702361271897,"type":"create connection"}]},{"id":"90d66eb1-3cad-47ec-bb23-01e73a5a32f5","source":"db37f768-924b-4633-9322-b1f01355d138","target":"08fa6ae1-36e5-49eb-8438-6ae00efb1a6a","agreement":true,"isActive":true,"date":1702361271898,"kind":"Connector","isSelected":false,"intensity":9,"isDeletable":true,"isOver":false,"isBidirectional":false,"eventLog":[{"time":1702361271898,"type":"create connection"}]},{"id":"d7c252bc-cebf-47c3-bf8f-e04c759872c6","source":"d0b5d6bd-1aa3-4086-81eb-f750f695ab7f","target":"2ea612be-f9c7-489c-a16c-8f2ee1ad6c88","agreement":true,"isActive":true,"date":1702361271898,"kind":"Connector","isSelected":false,"intensity":3,"isDeletable":true,"isOver":false,"isBidirectional":false,"eventLog":[{"time":1702361271898,"type":"create connection"}]},{"id":"e237d0f7-8dc3-47dd-9a74-fb9c8373ec99","source":"b0d89c36-0605-4e97-b54f-01a3d1ae56c3","target":"2ea612be-f9c7-489c-a16c-8f2ee1ad6c88","agreement":true,"isActive":true,"date":1702361271899,"kind":"Connector","isSelected":false,"intensity":3,"isDeletable":true,"isOver":false,"isBidirectional":false,"eventLog":[{"time":1702361271899,"type":"create connection"}]},{"id":"92f99866-94f1-430f-8b28-a62ae394fe84","source":"5134fa50-bc8a-4409-92b1-e90fa4b74d91","target":"08fa6ae1-36e5-49eb-8438-6ae00efb1a6a","agreement":true,"isActive":true,"date":1702361271899,"kind":"Connector","isSelected":false,"intensity":6,"isDeletable":true,"isOver":false,"isBidirectional":false,"eventLog":[{"time":1702361271899,"type":"create connection"}]},{"id":"10364063-5d45-4824-9a14-01bde2ca251a","source":"3a5602aa-c47b-4bd4-bdc2-8d2c3311ade3","target":"2ea612be-f9c7-489c-a16c-8f2ee1ad6c88","agreement":true,"isActive":true,"date":1702361271899,"kind":"Connector","isSelected":false,"intensity":9,"isDeletable":true,"isOver":false,"isBidirectional":false,"eventLog":[{"time":1702361271899,"type":"create connection"}]},{"id":"3a0ad67a-873a-42c6-9093-82afeb1346f1","source":"b6c0986d-d01a-4767-a3bf-5849710fd9d9","target":"2ea612be-f9c7-489c-a16c-8f2ee1ad6c88","agreement":true,"isActive":true,"date":1702361271900,"kind":"Connector","isSelected":false,"intensity":6,"isDeletable":true,"isOver":false,"isBidirectional":false,"eventLog":[{"time":1702361271900,"type":"create connection"}]},{"id":"cb757e06-38ff-4d4b-be11-a7580d1f0d75","source":"82da412d-99a2-44e0-bee4-a167a88abd0b","target":"08fa6ae1-36e5-49eb-8438-6ae00efb1a6a","agreement":true,"isActive":true,"date":1702361271900,"kind":"Connector","isSelected":false,"intensity":9,"isDeletable":true,"isOver":false,"isBidirectional":false,"eventLog":[{"time":1702361271900,"type":"create connection"}]},{"id":"76517667-75a4-463e-a788-cf5f804ac2c1","source":"a6c55a34-4d78-45f8-a379-00f7d294de41","target":"08fa6ae1-36e5-49eb-8438-6ae00efb1a6a","agreement":true,"isActive":true,"date":1702361271900,"kind":"Connector","isSelected":false,"intensity":9,"isDeletable":true,"isOver":false,"isBidirectional":false,"eventLog":[{"time":1702361271900,"type":"create connection"}]},{"id":"626e6b1a-64f9-493e-b788-35ee23ce0d1c","source":"1304d744-fc3d-471c-ae66-91ff3ced93dc","target":"08fa6ae1-36e5-49eb-8438-6ae00efb1a6a","agreement":true,"isActive":true,"date":1702361271900,"kind":"Connector","isSelected":false,"intensity":9,"isDeletable":true,"isOver":false,"isBidirectional":false,"eventLog":[{"time":1702361271900,"type":"create connection"}]},{"id":"e009138b-c8d8-4ee4-aaf1-dce3287dd67a","source":"08a5e1e7-bc0a-46f0-9d24-4f29d9e448ab","target":"08fa6ae1-36e5-49eb-8438-6ae00efb1a6a","agreement":true,"isActive":true,"date":1702361271900,"kind":"Connector","isSelected":false,"intensity":6,"isDeletable":true,"isOver":false,"isBidirectional":false,"eventLog":[{"time":1702361271900,"type":"create connection"}]},{"id":"cdd15112-1628-4c83-b1de-e1ad13ef0209","source":"328237e8-7439-4d8b-8007-d303897f2b66","target":"2ea612be-f9c7-489c-a16c-8f2ee1ad6c88","agreement":true,"isActive":true,"date":1702361271901,"kind":"Connector","isSelected":false,"intensity":9,"isDeletable":true,"isOver":false,"isBidirectional":false,"eventLog":[{"time":1702361271901,"type":"create connection"}]},{"id":"987c7c51-711b-4159-8a68-88096f234e33","source":"f7e02272-75c9-48c9-95dd-1c25908b3d6e","target":"2ea612be-f9c7-489c-a16c-8f2ee1ad6c88","agreement":true,"isActive":true,"date":1702361395686,"kind":"Connector","isSelected":false,"intensity":6,"isDeletable":true,"isOver":false,"isBidirectional":false,"eventLog":[{"time":1702361395686,"type":"create connection"},{"time":1702361402444,"type":"selected","value":1},{"time":1702361404442,"type":"change intensity of connector","value":6},{"time":1702361404442,"type":"selected","value":0}]}],"currentID":{},"currentNode":{},"hasSelectedNode":[false],"currentConnector":{},"hasSelectedConnector":[false],"readyToMove":[false],"isIncoming":[false],"hasElementMoved":[false]}
