{"idCAM":["777642fe-649e-4f5b-b4c5-4317fe5f277b"],"creator":["63c0157fbc63b6511d336764_post"],"projectCAM":["S2_CAM part 2"],"defocusCAM":[],"date":[1702310942800],"nodes":[{"id":"11444823-2125-4f71-b5c5-c24fae7e64d9","value":10,"text":"rescue robot","comment":"","position":{"x":650,"y":400},"isActive":true,"date":1702310943710,"kind":"Node","isSelected":false,"isConnectorSelected":false,"isDraggable":0,"isDeletable":0,"hasElementMoved":false,"eventLog":[{"time":1702310943710,"type":"create node","value":10}],"isTextChangeable":0},{"id":"09b0ff15-e66a-45ae-9e55-6ac929a22bfc","value":0,"text":"disadvantages","comment":"","position":{"x":450,"y":400},"isActive":true,"date":1702310943710,"kind":"Node","isSelected":false,"isConnectorSelected":false,"isDraggable":0,"isDeletable":0,"hasElementMoved":false,"eventLog":[{"time":1702310943710,"type":"create node","value":0}],"isTextChangeable":0},{"id":"813c0e42-9399-4681-a877-622e18c79608","value":0,"text":"advantages","comment":"","position":{"x":850,"y":400},"isActive":true,"date":1702310943710,"kind":"Node","isSelected":false,"isConnectorSelected":false,"isDraggable":0,"isDeletable":0,"hasElementMoved":false,"eventLog":[{"time":1702310943710,"type":"create node","value":0}],"isTextChangeable":0},{"id":"e98b83ce-95be-457c-8ad2-4ed581e7a6d0","value":10,"text":"algorithm","comment":"","position":{"x":632.4,"y":163.6},"isActive":true,"date":1702310943710,"kind":"Node","isSelected":false,"isConnectorSelected":false,"isDraggable":1,"isDeletable":1,"hasElementMoved":false,"eventLog":[{"time":1702310943710,"type":"create node","value":10}],"isTextChangeable":1},{"id":"f2d76227-2262-4f19-abb9-e45b66f937e4","value":-3,"text":"bias algorithm","comment":"","position":{"x":373.4,"y":172.6},"isActive":true,"date":1702310943710,"kind":"Node","isSelected":false,"isConnectorSelected":false,"isDraggable":1,"isDeletable":1,"hasElementMoved":false,"eventLog":[{"time":1702310943710,"type":"create node","value":-3}],"isTextChangeable":1},{"id":"a1293f20-7ea8-45e7-b092-8665a9099d42","value":2,"text":"unbiased","comment":"","position":{"x":848.4,"y":173.6},"isActive":true,"date":1702310943710,"kind":"Node","isSelected":false,"isConnectorSelected":false,"isDraggable":1,"isDeletable":1,"hasElementMoved":false,"eventLog":[{"time":1702310943710,"type":"create node","value":2}],"isTextChangeable":1},{"id":"753d077e-635a-4b10-9587-8d384c4e7fa4","value":3,"text":"constant performance","comment":"Depending on the material","position":{"x":837.4,"y":580.6},"isActive":true,"date":1702310943710,"kind":"Node","isSelected":false,"isConnectorSelected":false,"isDraggable":1,"isDeletable":1,"hasElementMoved":false,"eventLog":[{"time":1702310943710,"type":"create node","value":"3"},{"time":1702311018924,"type":"selected","value":"TRUE"},{"time":1702311035207,"type":"comment","value":"Abhängig vom Material"},{"time":1702311035207,"type":"selected","value":"FALSE"}],"isTextChangeable":1},{"id":"78c0b4f3-6bea-40d9-8334-a1a7ad68d71f","value":3,"text":"insensitivity to environmental stimuli","comment":"","position":{"x":1094.4,"y":392.6},"isActive":true,"date":1702310943710,"kind":"Node","isSelected":false,"isConnectorSelected":false,"isDraggable":1,"isDeletable":1,"hasElementMoved":false,"eventLog":[{"time":1702310943710,"type":"create node","value":3}],"isTextChangeable":1},{"id":"ae205dd4-c638-4242-a817-58942cb27a5f","value":-2,"text":"material and production defects","comment":"","position":{"x":278.4,"y":321.6},"isActive":true,"date":1702310943710,"kind":"Node","isSelected":false,"isConnectorSelected":false,"isDraggable":1,"isDeletable":1,"hasElementMoved":false,"eventLog":[{"time":1702310943710,"type":"create node","value":-2}],"isTextChangeable":1},{"id":"6b411ca7-4a2d-4cff-b7fc-efccfca058d7","value":-2,"text":"development error","comment":"","position":{"x":366.4,"y":547.6},"isActive":true,"date":1702310943710,"kind":"Node","isSelected":false,"isConnectorSelected":false,"isDraggable":1,"isDeletable":1,"hasElementMoved":false,"eventLog":[{"time":1702310943710,"type":"create node","value":-2}],"isTextChangeable":1},{"id":"d2db53ef-c2b6-4ea5-af53-533233819904","value":-1,"text":"prejudice against robots","comment":"","position":{"x":603.4,"y":575.6},"isActive":true,"date":1702310943710,"kind":"Node","isSelected":false,"isConnectorSelected":false,"isDraggable":1,"isDeletable":1,"hasElementMoved":false,"eventLog":[{"time":1702310943710,"type":"create node","value":-1}],"isTextChangeable":1},{"id":"5f3db8d8-ac78-4e58-b7eb-3897e7e599e5","value":2,"text":"Bessere Fähigkeiten ","comment":"","position":{"x":1046.4,"y":202.6},"isActive":false,"date":1702310974146,"kind":"Node","isSelected":false,"isConnectorSelected":false,"isDraggable":1,"isDeletable":1,"hasElementMoved":false,"eventLog":[{"time":1702310974147,"type":"create node","value":0},{"time":1702310974188,"type":"selected","value":1},{"time":1702311013651,"type":"node was deleted","value":-99}],"isTextChangeable":1},{"id":"c55c1b59-4b1e-4f9c-a36d-6d9b9b34c661","value":3,"text":"change of control","comment":"Switch from autonomous control to remote control by humans","position":{"x":1048.4,"y":297.6},"isActive":true,"date":1702311056466,"kind":"Node","isSelected":false,"isConnectorSelected":false,"isDraggable":1,"isDeletable":1,"hasElementMoved":false,"eventLog":[{"time":"1702311056466","type":"create node","value":[0]},{"time":"1702311056502","type":"selected","value":[true]},{"time":"1702311096375","type":"text","value":["Wechsel der Steuerung"]},{"time":"1702311096375","type":"value","value":[3]},{"time":"1702311096375","type":"comment","value":["Wechsel von autonomer Steuerung zu Fernsteuerung durch Menschen"]},{"time":"1702311096375","type":"selected","value":[false]},{"time":"2023-12-11T16:12:24.277Z","type":"position","value":{"x":[1077.4],"y":[211.6]}}],"isTextChangeable":1}],"connectors":[{"id":"5d903fde-92f5-42fb-9c6e-a0e2ef58dbe9","source":"11444823-2125-4f71-b5c5-c24fae7e64d9","target":"09b0ff15-e66a-45ae-9e55-6ac929a22bfc","agreement":true,"isActive":true,"date":1702310943711,"kind":"Connector","isSelected":false,"intensity":3,"isDeletable":false,"isOver":false,"isBidirectional":false,"eventLog":[{"time":1702310943711,"type":"create connection"}]},{"id":"5644d45b-1730-4555-89ea-93f1dbe18e72","source":"11444823-2125-4f71-b5c5-c24fae7e64d9","target":"813c0e42-9399-4681-a877-622e18c79608","agreement":true,"isActive":true,"date":1702310943711,"kind":"Connector","isSelected":false,"intensity":3,"isDeletable":true,"isOver":false,"isBidirectional":false,"eventLog":[{"time":1702310943711,"type":"create connection"}]},{"id":"a58621b5-c5d0-495c-acdf-6fe7e8317c08","source":"e98b83ce-95be-457c-8ad2-4ed581e7a6d0","target":"f2d76227-2262-4f19-abb9-e45b66f937e4","agreement":true,"isActive":true,"date":1702310943711,"kind":"Connector","isSelected":false,"intensity":3,"isDeletable":true,"isOver":false,"isBidirectional":false,"eventLog":[{"time":1702310943711,"type":"create connection"}]},{"id":"c1ac98a1-977f-4168-903a-fa02a663fa45","source":"a1293f20-7ea8-45e7-b092-8665a9099d42","target":"e98b83ce-95be-457c-8ad2-4ed581e7a6d0","agreement":true,"isActive":true,"date":1702310943711,"kind":"Connector","isSelected":false,"intensity":3,"isDeletable":true,"isOver":false,"isBidirectional":false,"eventLog":[{"time":1702310943711,"type":"create connection"}]},{"id":"6d4c8ae5-0032-4bd3-bbf9-6cb9393e056d","source":"e98b83ce-95be-457c-8ad2-4ed581e7a6d0","target":"11444823-2125-4f71-b5c5-c24fae7e64d9","agreement":true,"isActive":true,"date":1702310943712,"kind":"Connector","isSelected":false,"intensity":3,"isDeletable":true,"isOver":false,"isBidirectional":false,"eventLog":[{"time":1702310943712,"type":"create connection"}]},{"id":"7920ac17-8b51-4f99-8cd0-227423f62d77","source":"813c0e42-9399-4681-a877-622e18c79608","target":"753d077e-635a-4b10-9587-8d384c4e7fa4","agreement":true,"isActive":true,"date":1702310943712,"kind":"Connector","isSelected":false,"intensity":3,"isDeletable":true,"isOver":false,"isBidirectional":false,"eventLog":[{"time":1702310943712,"type":"create connection"}]},{"id":"f3de46ff-ffa8-4e67-95f8-74feecd53dad","source":"78c0b4f3-6bea-40d9-8334-a1a7ad68d71f","target":"813c0e42-9399-4681-a877-622e18c79608","agreement":true,"isActive":true,"date":1702310943712,"kind":"Connector","isSelected":false,"intensity":3,"isDeletable":true,"isOver":false,"isBidirectional":false,"eventLog":[{"time":1702310943712,"type":"create connection"}]},{"id":"64de7e04-a757-4e82-9002-ae896c7b1ffa","source":"813c0e42-9399-4681-a877-622e18c79608","target":"a1293f20-7ea8-45e7-b092-8665a9099d42","agreement":true,"isActive":true,"date":1702310943712,"kind":"Connector","isSelected":false,"intensity":3,"isDeletable":true,"isOver":false,"isBidirectional":false,"eventLog":[{"time":1702310943712,"type":"create connection"}]},{"id":"14451771-8cbd-4be9-9d05-c070c3a2e85d","source":"09b0ff15-e66a-45ae-9e55-6ac929a22bfc","target":"f2d76227-2262-4f19-abb9-e45b66f937e4","agreement":true,"isActive":true,"date":1702310943712,"kind":"Connector","isSelected":false,"intensity":3,"isDeletable":true,"isOver":false,"isBidirectional":false,"eventLog":[{"time":1702310943712,"type":"create connection"}]},{"id":"d48ed358-8327-4ace-8027-f7d6f6ccdc2f","source":"09b0ff15-e66a-45ae-9e55-6ac929a22bfc","target":"ae205dd4-c638-4242-a817-58942cb27a5f","agreement":true,"isActive":true,"date":1702310943712,"kind":"Connector","isSelected":false,"intensity":3,"isDeletable":true,"isOver":false,"isBidirectional":false,"eventLog":[{"time":1702310943712,"type":"create connection"}]},{"id":"738b0d15-e3ed-42d4-813e-514c9bc9efb3","source":"6b411ca7-4a2d-4cff-b7fc-efccfca058d7","target":"09b0ff15-e66a-45ae-9e55-6ac929a22bfc","agreement":true,"isActive":true,"date":1702310943712,"kind":"Connector","isSelected":false,"intensity":3,"isDeletable":true,"isOver":false,"isBidirectional":false,"eventLog":[{"time":1702310943712,"type":"create connection"}]},{"id":"e60d17ca-bc91-40f7-9878-6bccf2b5aea7","source":"d2db53ef-c2b6-4ea5-af53-533233819904","target":"09b0ff15-e66a-45ae-9e55-6ac929a22bfc","agreement":true,"isActive":true,"date":1702310943712,"kind":"Connector","isSelected":false,"intensity":3,"isDeletable":true,"isOver":false,"isBidirectional":false,"eventLog":[{"time":1702310943712,"type":"create connection"}]},{"id":"88d5a691-fecf-4463-94a4-c8452908ac2a","source":"11444823-2125-4f71-b5c5-c24fae7e64d9","target":"753d077e-635a-4b10-9587-8d384c4e7fa4","agreement":true,"isActive":true,"date":1702310943713,"kind":"Connector","isSelected":false,"intensity":3,"isDeletable":true,"isOver":false,"isBidirectional":false,"eventLog":[{"time":1702310943713,"type":"create connection"}]},{"id":"8cee421b-8405-4eb3-85e7-b20f134420ab","source":"78c0b4f3-6bea-40d9-8334-a1a7ad68d71f","target":"753d077e-635a-4b10-9587-8d384c4e7fa4","agreement":true,"isActive":true,"date":1702310943713,"kind":"Connector","isSelected":false,"intensity":9,"isDeletable":true,"isOver":false,"isBidirectional":false,"eventLog":[{"time":1702310943713,"type":"create connection"}]},{"id":"613d36da-7fa2-4296-b5c5-016e0a25f94b","source":"f2d76227-2262-4f19-abb9-e45b66f937e4","target":"d2db53ef-c2b6-4ea5-af53-533233819904","agreement":true,"isActive":true,"date":1702310943713,"kind":"Connector","isSelected":false,"intensity":9,"isDeletable":true,"isOver":false,"isBidirectional":false,"eventLog":[{"time":1702310943713,"type":"create connection"}]},{"id":"3191eccb-a2ca-4310-8071-5c8d97b85c52","source":"ae205dd4-c638-4242-a817-58942cb27a5f","target":"d2db53ef-c2b6-4ea5-af53-533233819904","agreement":true,"isActive":true,"date":1702310943713,"kind":"Connector","isSelected":false,"intensity":3,"isDeletable":true,"isOver":false,"isBidirectional":false,"eventLog":[{"time":1702310943713,"type":"create connection"}]},{"id":"00fd3230-c64a-4acb-b019-93f2c9c13b75","source":"6b411ca7-4a2d-4cff-b7fc-efccfca058d7","target":"d2db53ef-c2b6-4ea5-af53-533233819904","agreement":true,"isActive":true,"date":1702310943713,"kind":"Connector","isSelected":false,"intensity":3,"isDeletable":true,"isOver":false,"isBidirectional":false,"eventLog":[{"time":1702310943713,"type":"create connection"}]},{"id":"a4331c22-8c38-4209-9013-b52cf6ee1b79","source":"f2d76227-2262-4f19-abb9-e45b66f937e4","target":"a1293f20-7ea8-45e7-b092-8665a9099d42","agreement":false,"isActive":true,"date":1702310943713,"kind":"Connector","isSelected":false,"intensity":9,"isDeletable":true,"isOver":false,"isBidirectional":false,"eventLog":[{"time":1702310943713,"type":"create connection"}]},{"id":"8f2876ad-06e5-4bde-8860-8f95c3e5b2bf","source":"753d077e-635a-4b10-9587-8d384c4e7fa4","target":"d2db53ef-c2b6-4ea5-af53-533233819904","agreement":false,"isActive":true,"date":1702310943713,"kind":"Connector","isSelected":false,"intensity":3,"isDeletable":true,"isOver":false,"isBidirectional":false,"eventLog":[{"time":1702310943713,"type":"create connection"}]},{"id":"2922a4a7-43f1-421f-a14f-452666477afe","source":"c55c1b59-4b1e-4f9c-a36d-6d9b9b34c661","target":"a1293f20-7ea8-45e7-b092-8665a9099d42","agreement":true,"isActive":true,"date":1702311114433,"kind":"Connector","isSelected":false,"intensity":3,"isDeletable":true,"isOver":false,"isBidirectional":false,"eventLog":[{"time":1702311114433,"type":"create connection"},{"time":1702311119172,"type":"selected","value":1},{"time":1702311126165,"type":"change intensity of connector","value":3},{"time":1702311126165,"type":"selected","value":0}]},{"id":"b114167e-4548-4025-9c2e-3fc738f12d20","source":"f2d76227-2262-4f19-abb9-e45b66f937e4","target":"c55c1b59-4b1e-4f9c-a36d-6d9b9b34c661","agreement":false,"isActive":true,"date":1702311141282,"kind":"Connector","isSelected":false,"intensity":9,"isDeletable":true,"isOver":false,"isBidirectional":false,"eventLog":[{"time":1702311141282,"type":"create connection"},{"time":1702311149359,"type":"selected","value":1},{"time":1702311152853,"type":"change intensity of connector","value":-9},{"time":1702311152853,"type":"selected","value":0}]}],"currentID":{},"currentNode":{},"hasSelectedNode":[false],"currentConnector":{},"hasSelectedConnector":[false],"readyToMove":[false],"isIncoming":[false],"hasElementMoved":[false]}
