{"idCAM":["6b1d49ac-0ea1-4c20-8be3-c81f113896b8"],"creator":["63c0157fbc63b6511d336764_pre"],"projectCAM":["S2_CAM part 1"],"defocusCAM":[],"date":[1702309883828],"nodes":[{"id":"dc2ac569-03ef-4c12-963e-d248dd65bdff","value":10,"text":"rescue robot","comment":"","position":{"x":650,"y":400},"isActive":true,"date":1702309884732,"kind":"Node","isSelected":false,"isConnectorSelected":true,"isDraggable":0,"isDeletable":0,"hasElementMoved":false,"eventLog":[{"time":1702309884732,"type":"create node","value":0},{"time":1702309902979,"type":"selected","value":1},{"time":1702309907851,"type":"value","value":10},{"time":1702309907851,"type":"selected","value":0}],"isTextChangeable":0},{"id":"4d550f40-54d9-4ea1-8cc5-c4d4d25adecd","value":0,"text":"disadvantages","comment":"","position":{"x":450,"y":400},"isActive":true,"date":1702309884732,"kind":"Node","isSelected":false,"isConnectorSelected":false,"isDraggable":0,"isDeletable":0,"hasElementMoved":false,"eventLog":[{"time":1702309884732,"type":"create node","value":0}],"isTextChangeable":0},{"id":"964fa34a-3189-4e94-aaf8-720fd1c4ceac","value":0,"text":"advantages","comment":"","position":{"x":850,"y":400},"isActive":true,"date":1702309884732,"kind":"Node","isSelected":false,"isConnectorSelected":false,"isDraggable":0,"isDeletable":0,"hasElementMoved":false,"eventLog":[{"time":1702309884732,"type":"create node","value":0}],"isTextChangeable":0},{"id":"e8c7b5ed-9a79-4ca8-8a8c-e4568b6e96a4","value":10,"text":"algorithm","comment":"","position":{"x":632.4,"y":163.6},"isActive":true,"date":1702309911495,"kind":"Node","isSelected":false,"isConnectorSelected":false,"isDraggable":1,"isDeletable":1,"hasElementMoved":false,"eventLog":[{"time":1702309911495,"type":"create node","value":"0"},{"time":1702309911513,"type":"selected","value":"TRUE"},{"time":1702309977445,"type":"text","value":"Algorithmus"},{"time":1702309977445,"type":"value","value":"10"},{"time":1702309977445,"type":"selected","value":"FALSE"}],"isTextChangeable":1},{"id":"986c944b-b5f1-4ad2-b518-33d82d355e6c","value":-3,"text":"bias algorithm","comment":"racist, ableist prejudices, but also too much emphasis on statistics","position":{"x":373.4,"y":172.6},"isActive":true,"date":1702309978338,"kind":"Node","isSelected":false,"isConnectorSelected":false,"isDraggable":1,"isDeletable":1,"hasElementMoved":false,"eventLog":[{"time":1702309978338,"type":"create node","value":"0"},{"time":1702309978362,"type":"selected","value":"TRUE"},{"time":1702309991006,"type":"text","value":"Bias"},{"time":1702309991006,"type":"selected","value":"FALSE"},{"time":1702310379758,"type":"selected","value":"TRUE"},{"time":1702310440312,"type":"text","value":"Bias Algorithmus"},{"time":1702310440312,"type":"value","value":"-3"},{"time":1702310440312,"type":"comment","value":"rassistische, ableistische Voreinstellungen, aber auch zu starke Gewichtung von Statistiken"},{"time":1702310440312,"type":"selected","value":"FALSE"}],"isTextChangeable":1},{"id":"46a99108-09eb-47a6-a043-f74c8e25d393","value":2,"text":"unbiased","comment":"(depending on programming) because there's no sympathy or antipathy, or issues with the hierarchy","position":{"x":848.4,"y":173.6},"isActive":true,"date":1702309992652,"kind":"Node","isSelected":false,"isConnectorSelected":false,"isDraggable":1,"isDeletable":1,"hasElementMoved":false,"eventLog":[{"time":1702309992652,"type":"create node","value":"0"},{"time":1702309992665,"type":"selected","value":"TRUE"},{"time":1702310015926,"type":"text","value":"Unvoreingenommen"},{"time":1702310015926,"type":"selected","value":"FALSE"},{"time":1702310051719,"type":"selected","value":"TRUE"},{"time":1702310145550,"type":"comment","value":"(je nach Programmierung) da keine Sympathie oder Antipathie, oder Probleme mit der Hierarchie "},{"time":1702310145550,"type":"selected","value":"FALSE"},{"time":1702310153269,"type":"selected","value":"TRUE"},{"time":1702310158979,"type":"value","value":"2"},{"time":1702310158979,"type":"selected","value":"FALSE"}],"isTextChangeable":1},{"id":"dc404bae-1a75-4302-ab95-fef4fc454da3","value":3,"text":"constant performance","comment":"","position":{"x":837.4,"y":580.6},"isActive":true,"date":1702310017307,"kind":"Node","isSelected":false,"isConnectorSelected":true,"isDraggable":1,"isDeletable":1,"hasElementMoved":false,"eventLog":[{"time":1702310017307,"type":"create node","value":"0"},{"time":1702310017328,"type":"selected","value":"TRUE"},{"time":1702310051697,"type":"text","value":"Gleichbleibende Leistungsfähigkeit"},{"time":1702310051697,"type":"value","value":"3"},{"time":1702310051697,"type":"selected","value":"FALSE"}],"isTextChangeable":1},{"id":"8abbe47b-bd92-46c1-92c3-f5e0a0699f36","value":3,"text":"insensitivity to environmental stimuli","comment":"","position":{"x":1094.4,"y":392.6},"isActive":true,"date":1702310161987,"kind":"Node","isSelected":false,"isConnectorSelected":false,"isDraggable":1,"isDeletable":1,"hasElementMoved":false,"eventLog":[{"time":1702310161987,"type":"create node","value":"0"},{"time":1702310162010,"type":"selected","value":"TRUE"},{"time":1702310208481,"type":"text","value":"Unempfindlichkeit gegenüber Umweltreizen"},{"time":1702310208481,"type":"value","value":"3"},{"time":1702310208481,"type":"selected","value":"FALSE"}],"isTextChangeable":1},{"id":"af6ba764-8a8d-41c6-9c32-f2156d69b415","value":-2,"text":"material and production defects","comment":"Even machines can have defects that can cause damage in crucial moments","position":{"x":278.4,"y":321.6},"isActive":true,"date":1702310217066,"kind":"Node","isSelected":false,"isConnectorSelected":false,"isDraggable":1,"isDeletable":1,"hasElementMoved":false,"eventLog":[{"time":1702310217066,"type":"create node","value":"0"},{"time":1702310217095,"type":"selected","value":"TRUE"},{"time":1702310290306,"type":"text","value":"Material- und Produktionsmängel"},{"time":1702310290306,"type":"value","value":"-2"},{"time":1702310290306,"type":"comment","value":"Auch Maschinen können Mängel haben, die in entscheidenden Momenten Schaden anrichten können"},{"time":1702310290306,"type":"selected","value":"FALSE"}],"isTextChangeable":1},{"id":"0c29d865-52ad-4c18-8a02-2860eb54b11f","value":-2,"text":"development error","comment":"Either a fallacy in development, or factors not taken into account.","position":{"x":366.4,"y":547.6},"isActive":true,"date":1702310291461,"kind":"Node","isSelected":false,"isConnectorSelected":false,"isDraggable":1,"isDeletable":1,"hasElementMoved":false,"eventLog":[{"time":1702310291462,"type":"create node","value":"0"},{"time":1702310291492,"type":"selected","value":"TRUE"},{"time":1702310363590,"type":"text","value":"Entwicklungsfehler"},{"time":1702310363590,"type":"value","value":"-2"},{"time":1702310363590,"type":"comment","value":"Entweder Fehlschluss in der Entwicklung, oder nicht einbezogene Faktoren "},{"time":1702310363590,"type":"selected","value":"FALSE"}],"isTextChangeable":1},{"id":"aa218d03-f8b5-4541-a308-8c61af79d215","value":-1,"text":"prejudice against robots","comment":"Not everyone trusts robots","position":{"x":603.4,"y":575.6},"isActive":true,"date":1702310445501,"kind":"Node","isSelected":false,"isConnectorSelected":false,"isDraggable":1,"isDeletable":1,"hasElementMoved":false,"eventLog":[{"time":1702310445501,"type":"create node","value":"0"},{"time":1702310445529,"type":"selected","value":"TRUE"},{"time":1702310487846,"type":"text","value":"Voreingenommenheit gegenüber Robotern"},{"time":1702310487846,"type":"value","value":"-1"},{"time":1702310487846,"type":"comment","value":"Nicht jede_r vertraut Robotern"},{"time":1702310487846,"type":"selected","value":"FALSE"}],"isTextChangeable":1}],"connectors":[{"id":"e4f1be3c-ec9c-46ba-b9c2-7787620661b0","source":"dc2ac569-03ef-4c12-963e-d248dd65bdff","target":"4d550f40-54d9-4ea1-8cc5-c4d4d25adecd","agreement":true,"isActive":true,"date":1702309884732,"kind":"Connector","isSelected":false,"intensity":3,"isDeletable":false,"isOver":false,"isBidirectional":false,"eventLog":[{"time":1702309884732,"type":"create connection"}]},{"id":"cc40e998-e316-40a2-91b7-937ab40eac1c","source":"dc2ac569-03ef-4c12-963e-d248dd65bdff","target":"964fa34a-3189-4e94-aaf8-720fd1c4ceac","agreement":true,"isActive":true,"date":1702309884733,"kind":"Connector","isSelected":false,"intensity":3,"isDeletable":true,"isOver":false,"isBidirectional":false,"eventLog":[{"time":1702309884733,"type":"create connection"}]},{"id":"1511c989-5b65-45c6-90c6-ec3472311302","source":"e8c7b5ed-9a79-4ca8-8a8c-e4568b6e96a4","target":"986c944b-b5f1-4ad2-b518-33d82d355e6c","agreement":true,"isActive":true,"date":1702310514753,"kind":"Connector","isSelected":false,"intensity":3,"isDeletable":true,"isOver":false,"isBidirectional":false,"eventLog":[{"time":1702310514753,"type":"create connection"}]},{"id":"501f2a5e-80a3-4008-a683-501a2c0feb04","source":"46a99108-09eb-47a6-a043-f74c8e25d393","target":"e8c7b5ed-9a79-4ca8-8a8c-e4568b6e96a4","agreement":true,"isActive":true,"date":1702310518282,"kind":"Connector","isSelected":false,"intensity":3,"isDeletable":true,"isOver":false,"isBidirectional":false,"eventLog":[{"time":1702310518282,"type":"create connection"}]},{"id":"d43d7d1e-6ce7-401b-a3e1-2a01a1a1bbc1","source":"e8c7b5ed-9a79-4ca8-8a8c-e4568b6e96a4","target":"dc2ac569-03ef-4c12-963e-d248dd65bdff","agreement":true,"isActive":true,"date":1702310523782,"kind":"Connector","isSelected":false,"intensity":3,"isDeletable":true,"isOver":false,"isBidirectional":false,"eventLog":[{"time":1702310523782,"type":"create connection"}]},{"id":"545214a5-0436-4886-9c6e-3dc22b8956dc","source":"964fa34a-3189-4e94-aaf8-720fd1c4ceac","target":"dc404bae-1a75-4302-ab95-fef4fc454da3","agreement":true,"isActive":true,"date":1702310542492,"kind":"Connector","isSelected":false,"intensity":3,"isDeletable":true,"isOver":false,"isBidirectional":false,"eventLog":[{"time":1702310542492,"type":"create connection"}]},{"id":"906f8480-ad0c-4b28-b6c3-1e9a1cc0d10d","source":"8abbe47b-bd92-46c1-92c3-f5e0a0699f36","target":"964fa34a-3189-4e94-aaf8-720fd1c4ceac","agreement":true,"isActive":true,"date":1702310545653,"kind":"Connector","isSelected":false,"intensity":3,"isDeletable":true,"isOver":false,"isBidirectional":false,"eventLog":[{"time":1702310545653,"type":"create connection"}]},{"id":"6318c73d-7f26-4712-99cf-d2e61deeff2f","source":"964fa34a-3189-4e94-aaf8-720fd1c4ceac","target":"46a99108-09eb-47a6-a043-f74c8e25d393","agreement":true,"isActive":true,"date":1702310548762,"kind":"Connector","isSelected":false,"intensity":3,"isDeletable":true,"isOver":false,"isBidirectional":false,"eventLog":[{"time":1702310548762,"type":"create connection"}]},{"id":"21056520-7bc3-4af6-8d21-af45586881f4","source":"4d550f40-54d9-4ea1-8cc5-c4d4d25adecd","target":"986c944b-b5f1-4ad2-b518-33d82d355e6c","agreement":true,"isActive":true,"date":1702310554136,"kind":"Connector","isSelected":false,"intensity":3,"isDeletable":true,"isOver":false,"isBidirectional":false,"eventLog":[{"time":1702310554136,"type":"create connection"}]},{"id":"9243d8d5-ddde-4b9a-ac53-379e789cc8b3","source":"4d550f40-54d9-4ea1-8cc5-c4d4d25adecd","target":"af6ba764-8a8d-41c6-9c32-f2156d69b415","agreement":true,"isActive":true,"date":1702310556800,"kind":"Connector","isSelected":false,"intensity":3,"isDeletable":true,"isOver":false,"isBidirectional":false,"eventLog":[{"time":1702310556800,"type":"create connection"}]},{"id":"fe34a101-552c-4b4a-9614-96a96fb121af","source":"0c29d865-52ad-4c18-8a02-2860eb54b11f","target":"4d550f40-54d9-4ea1-8cc5-c4d4d25adecd","agreement":true,"isActive":true,"date":1702310560044,"kind":"Connector","isSelected":false,"intensity":3,"isDeletable":true,"isOver":false,"isBidirectional":false,"eventLog":[{"time":1702310560044,"type":"create connection"}]},{"id":"cedaa306-7e07-4e19-bc82-ebe8dfd8e731","source":"aa218d03-f8b5-4541-a308-8c61af79d215","target":"4d550f40-54d9-4ea1-8cc5-c4d4d25adecd","agreement":true,"isActive":true,"date":1702310567923,"kind":"Connector","isSelected":false,"intensity":3,"isDeletable":true,"isOver":false,"isBidirectional":false,"eventLog":[{"time":1702310567923,"type":"create connection"}]},{"id":"55dd4dae-1218-495f-8b34-905c98701c13","source":"dc2ac569-03ef-4c12-963e-d248dd65bdff","target":"dc404bae-1a75-4302-ab95-fef4fc454da3","agreement":true,"isActive":true,"date":1702310573673,"kind":"Connector","isSelected":false,"intensity":3,"isDeletable":true,"isOver":false,"isBidirectional":false,"eventLog":[{"time":1702310573673,"type":"create connection"},{"time":1702310576587,"type":"selected","value":1},{"time":1702310586137,"type":"change intensity of connector","value":3},{"time":1702310586137,"type":"selected","value":0},{"time":1702310765218,"type":"selected","value":1},{"time":1702310768348,"type":"change intensity of connector","value":3},{"time":1702310768348,"type":"selected","value":0}]},{"id":"5e837b8d-d22d-48f4-b87d-283889425961","source":"8abbe47b-bd92-46c1-92c3-f5e0a0699f36","target":"dc404bae-1a75-4302-ab95-fef4fc454da3","agreement":true,"isActive":true,"date":1702310593273,"kind":"Connector","isSelected":false,"intensity":9,"isDeletable":true,"isOver":false,"isBidirectional":false,"eventLog":[{"time":1702310593273,"type":"create connection"},{"time":1702310594959,"type":"selected","value":1},{"time":1702310599677,"type":"change intensity of connector","value":9},{"time":1702310599677,"type":"selected","value":0}]},{"id":"90bb9f3b-f7e0-4a36-bb49-06a28bccbace","source":"986c944b-b5f1-4ad2-b518-33d82d355e6c","target":"aa218d03-f8b5-4541-a308-8c61af79d215","agreement":true,"isActive":true,"date":1702310622335,"kind":"Connector","isSelected":false,"intensity":9,"isDeletable":true,"isOver":false,"isBidirectional":false,"eventLog":[{"time":1702310622335,"type":"create connection"},{"time":1702310624448,"type":"selected","value":1},{"time":1702310634331,"type":"change intensity of connector","value":9},{"time":1702310634331,"type":"selected","value":0},{"time":1702310636962,"type":"selected","value":1},{"time":1702310640722,"type":"change intensity of connector","value":9},{"time":1702310640722,"type":"selected","value":0},{"time":1702310649114,"type":"selected","value":1},{"time":1702310652303,"type":"change intensity of connector","value":9},{"time":1702310652304,"type":"selected","value":0}]},{"id":"21ef3381-8bba-4202-87f5-d2c5fd5c1ee4","source":"af6ba764-8a8d-41c6-9c32-f2156d69b415","target":"aa218d03-f8b5-4541-a308-8c61af79d215","agreement":true,"isActive":true,"date":1702310660361,"kind":"Connector","isSelected":false,"intensity":3,"isDeletable":true,"isOver":false,"isBidirectional":false,"eventLog":[{"time":1702310660361,"type":"create connection"}]},{"id":"8d08f168-1b3e-49b6-8354-f42b313d6747","source":"0c29d865-52ad-4c18-8a02-2860eb54b11f","target":"aa218d03-f8b5-4541-a308-8c61af79d215","agreement":true,"isActive":true,"date":1702310666861,"kind":"Connector","isSelected":false,"intensity":3,"isDeletable":true,"isOver":false,"isBidirectional":false,"eventLog":[{"time":1702310666861,"type":"create connection"}]},{"id":"f0f8138f-5ca5-4705-b2cc-0663f194033b","source":"986c944b-b5f1-4ad2-b518-33d82d355e6c","target":"46a99108-09eb-47a6-a043-f74c8e25d393","agreement":false,"isActive":true,"date":1702310675915,"kind":"Connector","isSelected":false,"intensity":9,"isDeletable":true,"isOver":false,"isBidirectional":false,"eventLog":[{"time":1702310675915,"type":"create connection"},{"time":1702310678428,"type":"selected","value":1},{"time":1702310684101,"type":"change intensity of connector","value":-9},{"time":1702310684101,"type":"selected","value":0}]},{"id":"96117ca4-2619-4b5a-9526-1db4bc9e6235","source":"dc404bae-1a75-4302-ab95-fef4fc454da3","target":"aa218d03-f8b5-4541-a308-8c61af79d215","agreement":false,"isActive":true,"date":1702310689560,"kind":"Connector","isSelected":false,"intensity":3,"isDeletable":true,"isOver":false,"isBidirectional":false,"eventLog":[{"time":1702310689560,"type":"create connection"},{"time":1702310691157,"type":"selected","value":1},{"time":1702310700070,"type":"change intensity of connector","value":-3},{"time":1702310700070,"type":"selected","value":0}]}],"currentID":["55dd4dae-1218-495f-8b34-905c98701c13"],"currentNode":{},"hasSelectedNode":[false],"currentConnector":{"id":["55dd4dae-1218-495f-8b34-905c98701c13"],"value":{},"source":["dc2ac569-03ef-4c12-963e-d248dd65bdff"],"target":["dc404bae-1a75-4302-ab95-fef4fc454da3"],"agreement":[true],"isActive":[true],"date":[1702310573673],"kind":["Connector"],"isSelected":[false],"intensity":[3],"isDeletable":[true],"isOver":[false],"isBidirectional":[false],"eventLog":[{"time":1702310573673,"type":"create connection"},{"time":1702310576587,"type":"selected","value":1},{"time":1702310586137,"type":"change intensity of connector","value":3},{"time":1702310586137,"type":"selected","value":0},{"time":1702310765218,"type":"selected","value":1},{"time":1702310768348,"type":"change intensity of connector","value":3},{"time":1702310768348,"type":"selected","value":0}]},"hasSelectedConnector":[true],"readyToMove":[false],"isIncoming":[false]}
