{"idCAM":["5c561af6-132d-4036-9472-e4b65bd84862"],"creator":["63c33a62f56571779a295a6f_pre"],"projectCAM":["S2_CAM part 1"],"defocusCAM":[7896,8],"date":[1702311286119],"nodes":[{"id":"f6b0b0b0-41c0-4fa6-9c61-d7007fd467f1","value":0,"text":"rescue robot","comment":"","position":{"x":650,"y":400},"isActive":true,"date":1702311287020,"kind":"Node","isSelected":false,"isConnectorSelected":false,"isDraggable":0,"isDeletable":0,"hasElementMoved":false,"eventLog":[{"time":1702311287020,"type":"create node","value":0}],"isTextChangeable":0},{"id":"0af4e109-1b09-4bea-9dfb-c65dc4b193fd","value":-3,"text":"disadvantages","comment":"","position":{"x":450,"y":400},"isActive":true,"date":1702311287021,"kind":"Node","isSelected":false,"isConnectorSelected":false,"isDraggable":0,"isDeletable":0,"hasElementMoved":false,"eventLog":[{"time":1702311287021,"type":"create node","value":0},{"time":1702311839998,"type":"selected","value":1},{"time":1702311855750,"type":"value","value":-3},{"time":1702311855750,"type":"selected","value":0}],"isTextChangeable":0},{"id":"f94e8e96-9d01-450f-a49f-8a558a7afdbb","value":3,"text":"advantages","comment":"","position":{"x":850,"y":400},"isActive":true,"date":1702311287021,"kind":"Node","isSelected":false,"isConnectorSelected":false,"isDraggable":0,"isDeletable":0,"hasElementMoved":false,"eventLog":[{"time":1702311287021,"type":"create node","value":0},{"time":1702311855854,"type":"selected","value":1},{"time":1702311857933,"type":"value","value":3},{"time":1702311857933,"type":"selected","value":0}],"isTextChangeable":0},{"id":"9a180721-1805-4de7-8b22-4f527b10215d","value":1,"text":"efficient","comment":"","position":{"x":851,"y":504},"isActive":true,"date":1702311758003,"kind":"Node","isSelected":false,"isConnectorSelected":false,"isDraggable":1,"isDeletable":1,"hasElementMoved":false,"eventLog":[{"time":"1702311758003","type":"create node","value":[0]},{"time":"2023-12-11T16:22:39.369Z","type":"position","value":{"x":[500],"y":[495]}},{"time":"2023-12-11T16:22:39.867Z","type":"position","value":{"x":[651],"y":[532]}},{"time":"2023-12-11T16:22:39.950Z","type":"position","value":{"x":[822],"y":[440]}},{"time":"1702311761748","type":"selected","value":[true]},{"time":"1702311829588","type":"text","value":["Effizient"]},{"time":"1702311829588","type":"value","value":[1]},{"time":"1702311829588","type":"selected","value":[false]},{"time":"1702311860204","type":"selected","value":[true]},{"time":"1702311864434","type":"selected","value":[false]}],"isTextChangeable":1},{"id":"e2bf9ad5-0e1b-4adc-b272-9ed4c64dd0ad","value":-3,"text":"have no morals","comment":"","position":{"x":457,"y":502},"isActive":true,"date":1702311873049,"kind":"Node","isSelected":false,"isConnectorSelected":false,"isDraggable":1,"isDeletable":1,"hasElementMoved":false,"eventLog":[{"time":"1702311873049","type":"create node","value":[0]},{"time":"1702311873320","type":"selected","value":[true]},{"time":"1702311886836","type":"text","value":["haben keine Moral"]},{"time":"1702311886836","type":"value","value":[-3]},{"time":"1702311886836","type":"selected","value":[false]},{"time":"2023-12-11T16:24:49.634Z","type":"position","value":{"x":[432],"y":[500]}}],"isTextChangeable":1},{"id":"3b3b78cc-4ecc-43ae-b4ec-6a2c32cb8a2d","value":3,"text":"reach dangerous places","comment":"","position":{"x":813,"y":294},"isActive":true,"date":1702311909500,"kind":"Node","isSelected":false,"isConnectorSelected":false,"isDraggable":1,"isDeletable":1,"hasElementMoved":false,"eventLog":[{"time":1702311909500,"type":"create node","value":"0"},{"time":1702311909608,"type":"selected","value":"TRUE"},{"time":1702311941504,"type":"text","value":"erreichen gefährliche Orte"},{"time":1702311941504,"type":"value","value":"3"},{"time":1702311941504,"type":"selected","value":"FALSE"}],"isTextChangeable":1},{"id":"f519e10e-85a6-4932-a294-320588b6fe0f","value":2,"text":"will not get tired","comment":"","position":{"x":948,"y":295},"isActive":true,"date":1702311944417,"kind":"Node","isSelected":false,"isConnectorSelected":false,"isDraggable":1,"isDeletable":1,"hasElementMoved":false,"eventLog":[{"time":1702311944417,"type":"create node","value":"0"},{"time":1702311945610,"type":"selected","value":"TRUE"},{"time":1702311955787,"type":"text","value":"werden nicht müde"},{"time":1702311955787,"type":"value","value":"2"},{"time":1702311955787,"type":"selected","value":"FALSE"}],"isTextChangeable":1},{"id":"e1817c5f-12dc-40cf-bb06-76529df835c5","value":-2,"text":"technical errors possible","comment":"","position":{"x":399,"y":296},"isActive":true,"date":1702311958784,"kind":"Node","isSelected":false,"isConnectorSelected":false,"isDraggable":1,"isDeletable":1,"hasElementMoved":false,"eventLog":[{"time":1702311958784,"type":"create node","value":"0"},{"time":1702311959511,"type":"selected","value":"TRUE"},{"time":1702311998585,"type":"text","value":"technische Fehler möglich"},{"time":1702311998585,"type":"value","value":"-2"},{"time":1702311998585,"type":"selected","value":"FALSE"}],"isTextChangeable":1},{"id":"fbea507f-0e52-4464-af98-4fc16b1b7ccf","value":1,"text":"have no feelings","comment":"","position":{"x":986,"y":413},"isActive":true,"date":1702312007634,"kind":"Node","isSelected":false,"isConnectorSelected":false,"isDraggable":1,"isDeletable":1,"hasElementMoved":false,"eventLog":[{"time":1702312007634,"type":"create node","value":"0"},{"time":1702312007710,"type":"selected","value":"TRUE"},{"time":1702312037853,"type":"text","value":"haben keine Gefühle"},{"time":1702312037853,"type":"value","value":"1"},{"time":1702312037853,"type":"selected","value":"FALSE"}],"isTextChangeable":1},{"id":"2e8b7a33-dca4-49ba-b3b5-b71df6b0c6ef","value":-1,"text":"possibly expensive","comment":"","position":{"x":315,"y":444},"isActive":true,"date":1702312040333,"kind":"Node","isSelected":false,"isConnectorSelected":false,"isDraggable":1,"isDeletable":1,"hasElementMoved":false,"eventLog":[{"time":1702312040333,"type":"create node","value":"0"},{"time":1702312040961,"type":"selected","value":"TRUE"},{"time":1702312055835,"type":"text","value":"teuer"},{"time":1702312055835,"type":"value","value":"-1"},{"time":1702312055835,"type":"selected","value":"FALSE"},{"time":1702312057394,"type":"selected","value":"TRUE"},{"time":1702312057821,"type":"selected","value":"FALSE"},{"time":1702312059844,"type":"selected","value":"TRUE"},{"time":1702312065354,"type":"text","value":"evtl teuer"},{"time":1702312065354,"type":"selected","value":"FALSE"}],"isTextChangeable":1},{"id":"186566b9-c7bb-4cb6-8675-6a2a0ba11d00","value":-1,"text":"not always immediately available","comment":"I don't assume everywhere in the world","position":{"x":251,"y":331},"isActive":true,"date":1702312076016,"kind":"Node","isSelected":false,"isConnectorSelected":false,"isDraggable":1,"isDeletable":1,"hasElementMoved":false,"eventLog":[{"time":1702312076016,"type":"create node","value":"0"},{"time":1702312076110,"type":"selected","value":"TRUE"},{"time":1702312118319,"type":"text","value":"nicht immer sofortverfügbar"},{"time":1702312118319,"type":"comment","value":"nicht überall auf der Welt nehme ich an"},{"time":1702312118319,"type":"selected","value":"FALSE"},{"time":1702312119960,"type":"selected","value":"TRUE"},{"time":1702312122571,"type":"value","value":"-1"},{"time":1702312122571,"type":"selected","value":"FALSE"}],"isTextChangeable":1},{"id":"e53265bc-a826-4687-ab05-840b62480cc8","value":3,"text":"cannot die","comment":"","position":{"x":965,"y":554},"isActive":true,"date":1702312131599,"kind":"Node","isSelected":false,"isConnectorSelected":false,"isDraggable":1,"isDeletable":1,"hasElementMoved":false,"eventLog":[{"time":1702312131599,"type":"create node","value":"0"},{"time":1702312131687,"type":"selected","value":"TRUE"},{"time":1702312142038,"type":"text","value":"können nicht sterben"},{"time":1702312142038,"type":"value","value":"3"},{"time":1702312142038,"type":"selected","value":"FALSE"}],"isTextChangeable":1},{"id":"c9d32cc4-1594-4321-bad9-03993498cee6","value":2,"text":"fine motor skills","comment":"","position":{"x":1054,"y":310},"isActive":true,"date":1702312150799,"kind":"Node","isSelected":false,"isConnectorSelected":false,"isDraggable":1,"isDeletable":1,"hasElementMoved":false,"eventLog":[{"time":1702312150799,"type":"create node","value":"0"},{"time":1702312150895,"type":"selected","value":"TRUE"},{"time":1702312182604,"type":"text","value":"Feinmotorik"},{"time":1702312182604,"type":"value","value":"2"},{"time":1702312182604,"type":"selected","value":"FALSE"}],"isTextChangeable":1},{"id":"c376cb07-e0f0-46eb-b841-f3f6d721dfa4","value":2,"text":"small robot","comment":"can reach hard-to-reach places","position":{"x":698,"y":305},"isActive":true,"date":1702312185933,"kind":"Node","isSelected":false,"isConnectorSelected":false,"isDraggable":1,"isDeletable":1,"hasElementMoved":false,"eventLog":[{"time":"1702312185933","type":"create node","value":[0]},{"time":"1702312186009","type":"selected","value":[true]},{"time":"1702312218771","type":"text","value":["kleine Roboter"]},{"time":"1702312218771","type":"value","value":[2]},{"time":"1702312218771","type":"comment","value":["können an schwer zugängliche Stellen"]},{"time":"1702312218771","type":"selected","value":[false]},{"time":"2023-12-11T16:30:22.068Z","type":"position","value":{"x":[737],"y":[226]}}],"isTextChangeable":1},{"id":"5d8adfe6-5b89-46c5-8647-d2acd6f98235","value":0,"text":"","comment":"","position":{"x":781,"y":235},"isActive":false,"date":1702312223199,"kind":"Node","isSelected":false,"isConnectorSelected":false,"isDraggable":1,"isDeletable":1,"hasElementMoved":false,"eventLog":[{"time":1702312223199,"type":"create node","value":0},{"time":1702312238960,"type":"selected","value":1},{"time":1702312241017,"type":"node was deleted","value":-99}],"isTextChangeable":1}],"connectors":[{"id":"f1abde15-6f1f-477f-babf-a6667e7b67c4","source":"f6b0b0b0-41c0-4fa6-9c61-d7007fd467f1","target":"0af4e109-1b09-4bea-9dfb-c65dc4b193fd","agreement":true,"isActive":true,"date":1702311287021,"kind":"Connector","isSelected":false,"intensity":3,"isDeletable":false,"isOver":false,"isBidirectional":false,"eventLog":[{"time":1702311287021,"type":"create connection"}]},{"id":"2dfa9688-6301-4e14-baff-0e636bb435e8","source":"f6b0b0b0-41c0-4fa6-9c61-d7007fd467f1","target":"f94e8e96-9d01-450f-a49f-8a558a7afdbb","agreement":true,"isActive":true,"date":1702311287021,"kind":"Connector","isSelected":false,"intensity":3,"isDeletable":true,"isOver":false,"isBidirectional":false,"eventLog":[{"time":1702311287021,"type":"create connection"}]},{"id":"d5b133d5-c2db-4978-8546-0c9978e82b6a","source":"0af4e109-1b09-4bea-9dfb-c65dc4b193fd","target":"e2bf9ad5-0e1b-4adc-b272-9ed4c64dd0ad","agreement":true,"isActive":true,"date":1702311891737,"kind":"Connector","isSelected":false,"intensity":3,"isDeletable":true,"isOver":false,"isBidirectional":false,"eventLog":[{"time":1702311891737,"type":"create connection"}]},{"id":"8fdaf56d-f36e-4b16-938d-d3237321108a","source":"f94e8e96-9d01-450f-a49f-8a558a7afdbb","target":"9a180721-1805-4de7-8b22-4f527b10215d","agreement":true,"isActive":true,"date":1702311893635,"kind":"Connector","isSelected":false,"intensity":3,"isDeletable":true,"isOver":false,"isBidirectional":false,"eventLog":[{"time":1702311893635,"type":"create connection"}]},{"id":"10ad39ef-4d72-4087-89f8-f7ca17b25a49","source":"3b3b78cc-4ecc-43ae-b4ec-6a2c32cb8a2d","target":"f94e8e96-9d01-450f-a49f-8a558a7afdbb","agreement":true,"isActive":true,"date":1702311943001,"kind":"Connector","isSelected":false,"intensity":3,"isDeletable":true,"isOver":false,"isBidirectional":false,"eventLog":[{"time":1702311943001,"type":"create connection"}]},{"id":"7ca2d550-6816-4183-8e0d-dea002ab0ccf","source":"f94e8e96-9d01-450f-a49f-8a558a7afdbb","target":"f519e10e-85a6-4932-a294-320588b6fe0f","agreement":true,"isActive":true,"date":1702311956668,"kind":"Connector","isSelected":false,"intensity":3,"isDeletable":true,"isOver":false,"isBidirectional":false,"eventLog":[{"time":1702311956668,"type":"create connection"}]},{"id":"8e5c7e2d-5512-40e0-b557-4cc405ad7e5d","source":"0af4e109-1b09-4bea-9dfb-c65dc4b193fd","target":"e1817c5f-12dc-40cf-bb06-76529df835c5","agreement":true,"isActive":true,"date":1702311999685,"kind":"Connector","isSelected":false,"intensity":3,"isDeletable":true,"isOver":false,"isBidirectional":false,"eventLog":[{"time":1702311999685,"type":"create connection"}]},{"id":"6c22aa2a-b842-429b-912b-d185f082217f","source":"fbea507f-0e52-4464-af98-4fc16b1b7ccf","target":"f94e8e96-9d01-450f-a49f-8a558a7afdbb","agreement":true,"isActive":true,"date":1702312038967,"kind":"Connector","isSelected":false,"intensity":3,"isDeletable":true,"isOver":false,"isBidirectional":false,"eventLog":[{"time":1702312038967,"type":"create connection"}]},{"id":"c2002cdb-70a5-4072-82bc-ab7a25f4f579","source":"0af4e109-1b09-4bea-9dfb-c65dc4b193fd","target":"2e8b7a33-dca4-49ba-b3b5-b71df6b0c6ef","agreement":true,"isActive":true,"date":1702312056959,"kind":"Connector","isSelected":false,"intensity":3,"isDeletable":true,"isOver":false,"isBidirectional":false,"eventLog":[{"time":1702312056959,"type":"create connection"}]},{"id":"642b69d1-4a0b-4f99-bfee-ea7d30350a3b","source":"186566b9-c7bb-4cb6-8675-6a2a0ba11d00","target":"0af4e109-1b09-4bea-9dfb-c65dc4b193fd","agreement":true,"isActive":true,"date":1702312123733,"kind":"Connector","isSelected":false,"intensity":3,"isDeletable":true,"isOver":false,"isBidirectional":false,"eventLog":[{"time":1702312123734,"type":"create connection"}]},{"id":"9ac70a48-12f8-4bda-bbd3-c1fe62453869","source":"e53265bc-a826-4687-ab05-840b62480cc8","target":"f94e8e96-9d01-450f-a49f-8a558a7afdbb","agreement":true,"isActive":true,"date":1702312143750,"kind":"Connector","isSelected":false,"intensity":3,"isDeletable":true,"isOver":false,"isBidirectional":false,"eventLog":[{"time":1702312143750,"type":"create connection"}]},{"id":"f96b0cfd-eb27-49ba-8a5b-07d08b4db5ef","source":"f94e8e96-9d01-450f-a49f-8a558a7afdbb","target":"c9d32cc4-1594-4321-bad9-03993498cee6","agreement":true,"isActive":true,"date":1702312184368,"kind":"Connector","isSelected":false,"intensity":3,"isDeletable":true,"isOver":false,"isBidirectional":false,"eventLog":[{"time":1702312184368,"type":"create connection"}]},{"id":"8bcd528e-87d3-4f93-ac71-b4cef6fc0887","source":"f94e8e96-9d01-450f-a49f-8a558a7afdbb","target":"c376cb07-e0f0-46eb-b841-f3f6d721dfa4","agreement":true,"isActive":true,"date":1702312220966,"kind":"Connector","isSelected":false,"intensity":3,"isDeletable":true,"isOver":false,"isBidirectional":false,"eventLog":[{"time":1702312220966,"type":"create connection"}]}],"currentID":{},"currentNode":{},"hasSelectedNode":[false],"currentConnector":{},"hasSelectedConnector":[false],"readyToMove":[false],"isIncoming":[false],"hasElementMoved":[false]}
