{"idCAM":["f479bd76-85c1-4a66-bfbf-26f8be98f5c6"],"creator":["63c54053d14cc248d3bffebd_post"],"projectCAM":["S2_CAM part 2"],"defocusCAM":[null],"date":[1702311515103],"nodes":[{"id":"1ad65a49-84cf-4335-bb26-c3434aa4e24e","value":3,"text":"social assistance robot","comment":"","position":{"x":650,"y":400},"isActive":true,"date":1702311516003,"kind":"Node","isSelected":false,"isConnectorSelected":false,"isDraggable":0,"isDeletable":0,"hasElementMoved":false,"eventLog":[{"time":1702311516003,"type":"create node","value":3}],"isTextChangeable":0},{"id":"4a08ee55-8a05-42cd-ba5a-387c0c24660a","value":-2,"text":"disadvantages","comment":"","position":{"x":450,"y":400},"isActive":true,"date":1702311516003,"kind":"Node","isSelected":false,"isConnectorSelected":false,"isDraggable":0,"isDeletable":0,"hasElementMoved":false,"eventLog":[{"time":1702311516003,"type":"create node","value":-2}],"isTextChangeable":0},{"id":"66ae09ce-4df8-412c-a9bb-aade89ef8ef1","value":3,"text":"advantages","comment":"","position":{"x":850,"y":400},"isActive":true,"date":1702311516003,"kind":"Node","isSelected":false,"isConnectorSelected":false,"isDraggable":0,"isDeletable":0,"hasElementMoved":false,"eventLog":[{"time":1702311516003,"type":"create node","value":3}],"isTextChangeable":0},{"id":"9ad8c6a1-f560-4c25-997f-c3454a2602b1","value":3,"text":"better help","comment":"","position":{"x":986.1333,"y":279.2},"isActive":true,"date":1702311516003,"kind":"Node","isSelected":false,"isConnectorSelected":false,"isDraggable":1,"isDeletable":1,"hasElementMoved":false,"eventLog":[{"time":1702311516003,"type":"create node","value":3}],"isTextChangeable":1},{"id":"0d5424a1-07b2-49e4-9d36-c9a9c044e585","value":3,"text":"No shame","comment":"","position":{"x":1079.1333,"y":349.2},"isActive":true,"date":1702311516003,"kind":"Node","isSelected":false,"isConnectorSelected":false,"isDraggable":1,"isDeletable":1,"hasElementMoved":false,"eventLog":[{"time":1702311516003,"type":"create node","value":3}],"isTextChangeable":1},{"id":"5d70fb42-602e-4d8e-b95f-fbc8d2e3c109","value":-3,"text":"data security","comment":"","position":{"x":380.1333,"y":216.2},"isActive":true,"date":1702311516003,"kind":"Node","isSelected":false,"isConnectorSelected":false,"isDraggable":1,"isDeletable":1,"hasElementMoved":false,"eventLog":[{"time":1702311516003,"type":"create node","value":-3}],"isTextChangeable":1},{"id":"89a9ef22-65ef-48f4-af12-f0f6e56f6d75","value":3,"text":"cheaper","comment":"","position":{"x":823.1333,"y":206.2},"isActive":true,"date":1702311516003,"kind":"Node","isSelected":false,"isConnectorSelected":false,"isDraggable":1,"isDeletable":1,"hasElementMoved":false,"eventLog":[{"time":1702311516003,"type":"create node","value":3}],"isTextChangeable":1},{"id":"2f79df6a-d286-4d74-91af-032d87122bdb","value":-1,"text":"not creative","comment":"","position":{"x":197.1333,"y":313.2},"isActive":true,"date":1702311516003,"kind":"Node","isSelected":false,"isConnectorSelected":false,"isDraggable":1,"isDeletable":1,"hasElementMoved":false,"eventLog":[{"time":1702311516003,"type":"create node","value":-1}],"isTextChangeable":1},{"id":"9ad8baaf-4a44-451e-a790-b00ce40183b6","value":10,"text":"new business model","comment":"","position":{"x":576.1333,"y":151.2},"isActive":true,"date":1702311516003,"kind":"Node","isSelected":false,"isConnectorSelected":false,"isDraggable":1,"isDeletable":1,"hasElementMoved":false,"eventLog":[{"time":1702311516003,"type":"create node","value":10}],"isTextChangeable":1},{"id":"aa457d14-0b17-4678-a884-2b51a9c296cb","value":2,"text":"personal","comment":"","position":{"x":1012.1333,"y":50.2},"isActive":true,"date":1702311516003,"kind":"Node","isSelected":false,"isConnectorSelected":false,"isDraggable":1,"isDeletable":1,"hasElementMoved":false,"eventLog":[{"time":1702311516003,"type":"create node","value":2}],"isTextChangeable":1},{"id":"13ff9a74-5462-42ac-8198-4e89969bfa2d","value":-2,"text":"overdependence","comment":"","position":{"x":199.1333,"y":409.2},"isActive":true,"date":1702311516003,"kind":"Node","isSelected":false,"isConnectorSelected":false,"isDraggable":1,"isDeletable":1,"hasElementMoved":false,"eventLog":[{"time":1702311516003,"type":"create node","value":-2}],"isTextChangeable":1},{"id":"3fba7a65-616b-4a7b-8e8c-b1e84605e422","value":3,"text":"no human errors","comment":"","position":{"x":730.1333,"y":262.2},"isActive":true,"date":1702311516003,"kind":"Node","isSelected":false,"isConnectorSelected":false,"isDraggable":1,"isDeletable":1,"hasElementMoved":false,"eventLog":[{"time":1702311516003,"type":"create node","value":3}],"isTextChangeable":1},{"id":"9ea988c4-c99a-4663-bff2-08c8ace30d65","value":3,"text":"easily accessible","comment":"","position":{"x":903.1333,"y":136.2},"isActive":true,"date":1702311516003,"kind":"Node","isSelected":false,"isConnectorSelected":false,"isDraggable":1,"isDeletable":1,"hasElementMoved":false,"eventLog":[{"time":1702311516003,"type":"create node","value":3}],"isTextChangeable":1},{"id":"d239c454-4466-4380-96f1-144274cec629","value":-2,"text":"manipulation","comment":"","position":{"x":251.1333,"y":241.2},"isActive":true,"date":1702311516003,"kind":"Node","isSelected":false,"isConnectorSelected":false,"isDraggable":1,"isDeletable":1,"hasElementMoved":false,"eventLog":[{"time":1702311516003,"type":"create node","value":-2}],"isTextChangeable":1},{"id":"e9219e96-3c6f-4549-9798-4d1d9e4e13ea","value":3,"text":"attentive","comment":"","position":{"x":1017.1333,"y":485.2},"isActive":true,"date":1702311516004,"kind":"Node","isSelected":false,"isConnectorSelected":false,"isDraggable":1,"isDeletable":1,"hasElementMoved":false,"eventLog":[{"time":1702311516004,"type":"create node","value":3}],"isTextChangeable":1},{"id":"714d2d2a-2827-4f2a-b837-76cb118895d3","value":-1,"text":"job loss","comment":"","position":{"x":486.1333,"y":270.2},"isActive":true,"date":1702311516004,"kind":"Node","isSelected":false,"isConnectorSelected":false,"isDraggable":1,"isDeletable":1,"hasElementMoved":false,"eventLog":[{"time":1702311516004,"type":"create node","value":-1}],"isTextChangeable":1},{"id":"4a60501f-f8a1-4c35-bcf8-c82f581c1123","value":2,"text":"reliable","comment":"is always ready","position":{"x":700.9667,"y":493.7333},"isActive":true,"date":1702311524924,"kind":"Node","isSelected":false,"isConnectorSelected":false,"isDraggable":1,"isDeletable":1,"hasElementMoved":false,"eventLog":[{"time":"1702311524924","type":"create node","value":[0]},{"time":"1702311525054","type":"selected","value":[true]},{"time":"1702311545617","type":"text","value":["zuverlässig"]},{"time":"1702311545617","type":"value","value":[2]},{"time":"1702311545617","type":"selected","value":[false]},{"time":"2023-12-11T16:19:11.119Z","type":"position","value":{"x":[771.9667],"y":[538.7333]}},{"time":"2023-12-11T16:19:52.864Z","type":"position","value":{"x":[728.9667],"y":[511.7333]}},{"time":"1702311662949","type":"selected","value":[true]},{"time":"1702311674265","type":"comment","value":["ist immer bereit"]},{"time":"1702311674265","type":"selected","value":[false]}],"isTextChangeable":1},{"id":"e1c5b013-9700-4dc6-9535-e929e785eb31","value":1,"text":"estimable","comment":"We can guess their behavior","position":{"x":801.9667,"y":567.7333},"isActive":true,"date":1702311577897,"kind":"Node","isSelected":false,"isConnectorSelected":false,"isDraggable":1,"isDeletable":1,"hasElementMoved":false,"eventLog":[{"time":"1702311577897","type":"create node","value":[0]},{"time":"1702311578023","type":"selected","value":[true]},{"time":"1702311588835","type":"text","value":["schätzbar"]},{"time":"1702311588835","type":"value","value":[1]},{"time":"1702311588835","type":"selected","value":[false]},{"time":"2023-12-11T16:19:51.168Z","type":"position","value":{"x":[867.9667],"y":[568.7333]}},{"time":"2023-12-11T16:19:54.134Z","type":"position","value":{"x":[807.9667],"y":[560.7333]}},{"time":"1702311643944","type":"selected","value":[true]},{"time":"1702311661837","type":"comment","value":["Wir können ihre Verhalten erraten"]},{"time":"1702311661837","type":"selected","value":[false]},{"time":"2023-12-11T16:21:15.487Z","type":"position","value":{"x":[769.9667],"y":[569.7333]}}],"isTextChangeable":1},{"id":"4a8d5faa-4529-4176-b85a-6833cdcbfb09","value":0,"text":"","comment":"","position":{"x":914.9667,"y":606.7333},"isActive":false,"date":1702311598970,"kind":"Node","isSelected":false,"isConnectorSelected":false,"isDraggable":1,"isDeletable":1,"hasElementMoved":false,"eventLog":[{"time":1702311598970,"type":"create node","value":0},{"time":1702311599063,"type":"selected","value":1},{"time":1702311601747,"type":"selected","value":0},{"time":1702311605087,"type":"selected","value":1},{"time":1702311606515,"type":"node was deleted","value":-99}],"isTextChangeable":1},{"id":"d85f324b-5bcd-4d64-8bd3-cf6c022cb5a4","value":-1,"text":"can be expensive","comment":"Only for 'Soft Robots'","position":{"x":325.9667,"y":498.7333},"isActive":true,"date":1702311676262,"kind":"Node","isSelected":false,"isConnectorSelected":false,"isDraggable":1,"isDeletable":1,"hasElementMoved":false,"eventLog":[{"time":"1702311676262","type":"create node","value":[0]},{"time":"2023-12-11T16:21:17.027Z","type":"position","value":{"x":[778.9667],"y":[686.7333]}},{"time":"2023-12-11T16:21:17.085Z","type":"position","value":{"x":[622.9667],"y":[649.7333]}},{"time":"2023-12-11T16:21:17.157Z","type":"position","value":{"x":[469.9667],"y":[618.7333]}},{"time":"2023-12-11T16:21:17.435Z","type":"position","value":{"x":[469.9667],"y":[535.7333]}},{"time":"1702311681436","type":"selected","value":[true]},{"time":"1702311744802","type":"text","value":["kann teuer sein"]},{"time":"1702311744802","type":"value","value":[-1]},{"time":"1702311744802","type":"comment","value":["Nur für \"Weiche Roboter\""]},{"time":"1702311744802","type":"selected","value":[false]},{"time":"2023-12-11T16:22:26.872Z","type":"position","value":{"x":[451.9667],"y":[506.7333]}}],"isTextChangeable":1}],"connectors":[{"id":"6c0a475b-1ed3-4602-a2b6-ceb061e622fa","source":"1ad65a49-84cf-4335-bb26-c3434aa4e24e","target":"4a08ee55-8a05-42cd-ba5a-387c0c24660a","agreement":false,"isActive":true,"date":1702311516004,"kind":"Connector","isSelected":false,"intensity":9,"isDeletable":false,"isOver":false,"isBidirectional":false,"eventLog":[{"time":1702311516004,"type":"create connection"}]},{"id":"70572c23-cb40-4867-a908-6d5b6672fc81","source":"1ad65a49-84cf-4335-bb26-c3434aa4e24e","target":"66ae09ce-4df8-412c-a9bb-aade89ef8ef1","agreement":true,"isActive":true,"date":1702311516004,"kind":"Connector","isSelected":false,"intensity":9,"isDeletable":true,"isOver":false,"isBidirectional":false,"eventLog":[{"time":1702311516004,"type":"create connection"}]},{"id":"32c08eeb-17ab-4888-80be-8809ca2cb7ce","source":"9ad8c6a1-f560-4c25-997f-c3454a2602b1","target":"66ae09ce-4df8-412c-a9bb-aade89ef8ef1","agreement":true,"isActive":true,"date":1702311516004,"kind":"Connector","isSelected":false,"intensity":9,"isDeletable":true,"isOver":false,"isBidirectional":false,"eventLog":[{"time":1702311516004,"type":"create connection"}]},{"id":"76602f86-2bd6-4a64-85f5-949ea689bcff","source":"0d5424a1-07b2-49e4-9d36-c9a9c044e585","target":"66ae09ce-4df8-412c-a9bb-aade89ef8ef1","agreement":true,"isActive":true,"date":1702311516004,"kind":"Connector","isSelected":false,"intensity":9,"isDeletable":true,"isOver":false,"isBidirectional":false,"eventLog":[{"time":1702311516004,"type":"create connection"}]},{"id":"2f5fc1eb-1d22-49c2-8bd7-8ca70586a10f","source":"5d70fb42-602e-4d8e-b95f-fbc8d2e3c109","target":"4a08ee55-8a05-42cd-ba5a-387c0c24660a","agreement":true,"isActive":true,"date":1702311516004,"kind":"Connector","isSelected":false,"intensity":9,"isDeletable":true,"isOver":false,"isBidirectional":false,"eventLog":[{"time":1702311516004,"type":"create connection"}]},{"id":"67fea455-4625-4f38-bca7-7fa0b01eff03","source":"2f79df6a-d286-4d74-91af-032d87122bdb","target":"4a08ee55-8a05-42cd-ba5a-387c0c24660a","agreement":true,"isActive":true,"date":1702311516004,"kind":"Connector","isSelected":false,"intensity":3,"isDeletable":true,"isOver":false,"isBidirectional":false,"eventLog":[{"time":1702311516004,"type":"create connection"}]},{"id":"29166147-7d4d-482e-b62a-e926523469fd","source":"aa457d14-0b17-4678-a884-2b51a9c296cb","target":"66ae09ce-4df8-412c-a9bb-aade89ef8ef1","agreement":true,"isActive":true,"date":1702311516004,"kind":"Connector","isSelected":false,"intensity":3,"isDeletable":true,"isOver":false,"isBidirectional":false,"eventLog":[{"time":1702311516004,"type":"create connection"}]},{"id":"41a31046-dc39-4ace-be24-e0e29e8ab87d","source":"89a9ef22-65ef-48f4-af12-f0f6e56f6d75","target":"66ae09ce-4df8-412c-a9bb-aade89ef8ef1","agreement":true,"isActive":true,"date":1702311516004,"kind":"Connector","isSelected":false,"intensity":9,"isDeletable":true,"isOver":false,"isBidirectional":false,"eventLog":[{"time":1702311516004,"type":"create connection"}]},{"id":"7fdb6e49-815e-4146-9d4a-92697bd992db","source":"9ad8baaf-4a44-451e-a790-b00ce40183b6","target":"89a9ef22-65ef-48f4-af12-f0f6e56f6d75","agreement":true,"isActive":true,"date":1702311516005,"kind":"Connector","isSelected":false,"intensity":6,"isDeletable":true,"isOver":false,"isBidirectional":false,"eventLog":[{"time":1702311516005,"type":"create connection"}]},{"id":"46f1f386-fe41-49a3-8ed0-2345067ae484","source":"9ad8baaf-4a44-451e-a790-b00ce40183b6","target":"aa457d14-0b17-4678-a884-2b51a9c296cb","agreement":true,"isActive":true,"date":1702311516005,"kind":"Connector","isSelected":false,"intensity":9,"isDeletable":true,"isOver":false,"isBidirectional":false,"eventLog":[{"time":1702311516005,"type":"create connection"}]},{"id":"31ba53f3-271f-4dd8-866d-cebc48143ca6","source":"aa457d14-0b17-4678-a884-2b51a9c296cb","target":"9ad8c6a1-f560-4c25-997f-c3454a2602b1","agreement":true,"isActive":true,"date":1702311516005,"kind":"Connector","isSelected":false,"intensity":3,"isDeletable":true,"isOver":false,"isBidirectional":false,"eventLog":[{"time":1702311516005,"type":"create connection"}]},{"id":"4310bc28-15bc-4e52-8ee7-3d6e785589bc","source":"aa457d14-0b17-4678-a884-2b51a9c296cb","target":"0d5424a1-07b2-49e4-9d36-c9a9c044e585","agreement":true,"isActive":true,"date":1702311516005,"kind":"Connector","isSelected":false,"intensity":3,"isDeletable":true,"isOver":false,"isBidirectional":false,"eventLog":[{"time":1702311516005,"type":"create connection"}]},{"id":"397500ca-2e67-473a-9277-d16ef41e10e3","source":"9ad8baaf-4a44-451e-a790-b00ce40183b6","target":"5d70fb42-602e-4d8e-b95f-fbc8d2e3c109","agreement":false,"isActive":true,"date":1702311516005,"kind":"Connector","isSelected":false,"intensity":9,"isDeletable":true,"isOver":false,"isBidirectional":false,"eventLog":[{"time":1702311516005,"type":"create connection"}]},{"id":"f85c6a75-721f-4eed-9f48-64735afe58a9","source":"3fba7a65-616b-4a7b-8e8c-b1e84605e422","target":"9ad8baaf-4a44-451e-a790-b00ce40183b6","agreement":true,"isActive":true,"date":1702311516005,"kind":"Connector","isSelected":false,"intensity":9,"isDeletable":true,"isOver":false,"isBidirectional":false,"eventLog":[{"time":1702311516005,"type":"create connection"}]},{"id":"787384dd-33c1-48fc-8f0b-62dbdae21a48","source":"3fba7a65-616b-4a7b-8e8c-b1e84605e422","target":"66ae09ce-4df8-412c-a9bb-aade89ef8ef1","agreement":true,"isActive":true,"date":1702311516005,"kind":"Connector","isSelected":false,"intensity":9,"isDeletable":true,"isOver":false,"isBidirectional":false,"eventLog":[{"time":1702311516005,"type":"create connection"}]},{"id":"faf174b5-a9e1-4d12-be97-42c465951bad","source":"3fba7a65-616b-4a7b-8e8c-b1e84605e422","target":"4a08ee55-8a05-42cd-ba5a-387c0c24660a","agreement":false,"isActive":true,"date":1702311516005,"kind":"Connector","isSelected":false,"intensity":9,"isDeletable":true,"isOver":false,"isBidirectional":false,"eventLog":[{"time":1702311516005,"type":"create connection"}]},{"id":"b8f00d11-a426-4d20-b2b4-0680db3a7f80","source":"13ff9a74-5462-42ac-8198-4e89969bfa2d","target":"4a08ee55-8a05-42cd-ba5a-387c0c24660a","agreement":true,"isActive":true,"date":1702311516005,"kind":"Connector","isSelected":false,"intensity":6,"isDeletable":true,"isOver":false,"isBidirectional":false,"eventLog":[{"time":1702311516005,"type":"create connection"}]},{"id":"ab518fbc-fb02-4796-9cc0-6390697d4351","source":"9ad8baaf-4a44-451e-a790-b00ce40183b6","target":"9ea988c4-c99a-4663-bff2-08c8ace30d65","agreement":true,"isActive":true,"date":1702311516005,"kind":"Connector","isSelected":false,"intensity":3,"isDeletable":true,"isOver":false,"isBidirectional":false,"eventLog":[{"time":1702311516005,"type":"create connection"}]},{"id":"88db47f9-e8bb-4dad-84bc-7d1e7422210f","source":"9ea988c4-c99a-4663-bff2-08c8ace30d65","target":"66ae09ce-4df8-412c-a9bb-aade89ef8ef1","agreement":true,"isActive":true,"date":1702311516005,"kind":"Connector","isSelected":false,"intensity":9,"isDeletable":true,"isOver":false,"isBidirectional":false,"eventLog":[{"time":1702311516005,"type":"create connection"}]},{"id":"368ff430-ff2c-4a8a-aefd-11cd614ab3f0","source":"1ad65a49-84cf-4335-bb26-c3434aa4e24e","target":"9ad8baaf-4a44-451e-a790-b00ce40183b6","agreement":true,"isActive":true,"date":1702311516005,"kind":"Connector","isSelected":false,"intensity":6,"isDeletable":true,"isOver":false,"isBidirectional":false,"eventLog":[{"time":1702311516005,"type":"create connection"}]},{"id":"4b436c23-6e5e-4172-b17a-bf0e7cbc0f50","source":"e9219e96-3c6f-4549-9798-4d1d9e4e13ea","target":"66ae09ce-4df8-412c-a9bb-aade89ef8ef1","agreement":true,"isActive":true,"date":1702311516006,"kind":"Connector","isSelected":false,"intensity":3,"isDeletable":true,"isOver":false,"isBidirectional":false,"eventLog":[{"time":1702311516006,"type":"create connection"}]},{"id":"6997e827-ba9b-47d0-be8e-f95045b516fa","source":"e9219e96-3c6f-4549-9798-4d1d9e4e13ea","target":"9ad8c6a1-f560-4c25-997f-c3454a2602b1","agreement":true,"isActive":true,"date":1702311516006,"kind":"Connector","isSelected":false,"intensity":9,"isDeletable":true,"isOver":false,"isBidirectional":false,"eventLog":[{"time":1702311516006,"type":"create connection"}]},{"id":"1826e5a4-fe87-4cae-836d-398f1d3b685a","source":"d239c454-4466-4380-96f1-144274cec629","target":"4a08ee55-8a05-42cd-ba5a-387c0c24660a","agreement":true,"isActive":true,"date":1702311516006,"kind":"Connector","isSelected":false,"intensity":3,"isDeletable":true,"isOver":false,"isBidirectional":false,"eventLog":[{"time":1702311516006,"type":"create connection"}]},{"id":"71586387-2620-4c75-89e1-533e6b9ea663","source":"714d2d2a-2827-4f2a-b837-76cb118895d3","target":"4a08ee55-8a05-42cd-ba5a-387c0c24660a","agreement":true,"isActive":true,"date":1702311516006,"kind":"Connector","isSelected":false,"intensity":3,"isDeletable":true,"isOver":false,"isBidirectional":false,"eventLog":[{"time":1702311516006,"type":"create connection"}]},{"id":"9daa7aea-c579-41d8-a586-29a5267a4bc1","source":"9ad8baaf-4a44-451e-a790-b00ce40183b6","target":"714d2d2a-2827-4f2a-b837-76cb118895d3","agreement":true,"isActive":true,"date":1702311516006,"kind":"Connector","isSelected":false,"intensity":6,"isDeletable":true,"isOver":false,"isBidirectional":false,"eventLog":[{"time":1702311516006,"type":"create connection"}]},{"id":"32c8739e-14d8-4fb0-bd90-5879f134102a","source":"4a60501f-f8a1-4c35-bcf8-c82f581c1123","target":"66ae09ce-4df8-412c-a9bb-aade89ef8ef1","agreement":true,"isActive":true,"date":1702311546842,"kind":"Connector","isSelected":false,"intensity":6,"isDeletable":true,"isOver":false,"isBidirectional":false,"eventLog":[{"time":1702311546842,"type":"create connection"},{"time":1702311548943,"type":"selected","value":1},{"time":1702311550565,"type":"change intensity of connector","value":6},{"time":1702311550565,"type":"selected","value":0}]},{"id":"930b031a-f81d-43c1-8e8b-882aea82fe1e","source":"e1c5b013-9700-4dc6-9535-e929e785eb31","target":"66ae09ce-4df8-412c-a9bb-aade89ef8ef1","agreement":true,"isActive":true,"date":1702311590399,"kind":"Connector","isSelected":false,"intensity":3,"isDeletable":true,"isOver":false,"isBidirectional":false,"eventLog":[{"time":1702311590399,"type":"create connection"}]},{"id":"98db433d-9e38-4e88-bb98-06b07f37d5dc","source":"d85f324b-5bcd-4d64-8bd3-cf6c022cb5a4","target":"4a08ee55-8a05-42cd-ba5a-387c0c24660a","agreement":true,"isActive":true,"date":1702311746088,"kind":"Connector","isSelected":false,"intensity":3,"isDeletable":true,"isOver":false,"isBidirectional":false,"eventLog":[{"time":1702311746088,"type":"create connection"}]}],"currentID":{},"currentNode":{},"hasSelectedNode":[false],"currentConnector":{},"hasSelectedConnector":[false],"readyToMove":[false],"isIncoming":[false],"hasElementMoved":[false]}
