{"idCAM":["84202912-6234-4864-85cf-99a470dcb6bd"],"creator":["63cf5dcd6dbd0452632b58bb_post"],"projectCAM":["S2_CAM part 2"],"defocusCAM":[],"date":[1702375729063],"nodes":[{"id":"1395b7eb-5199-49e6-81ca-288b095376ca","value":0,"text":"rescue robot","comment":"","position":{"x":650,"y":400},"isActive":true,"date":1702375729968,"kind":"Node","isSelected":false,"isConnectorSelected":false,"isDraggable":0,"isDeletable":0,"hasElementMoved":false,"eventLog":[{"time":1702375729968,"type":"create node","value":0}],"isTextChangeable":0},{"id":"35a0e377-58d0-435b-9aff-0d3a9005da9b","value":0,"text":"disadvantages","comment":"","position":{"x":450,"y":400},"isActive":true,"date":1702375729968,"kind":"Node","isSelected":false,"isConnectorSelected":false,"isDraggable":0,"isDeletable":0,"hasElementMoved":false,"eventLog":[{"time":1702375729968,"type":"create node","value":0}],"isTextChangeable":0},{"id":"36fc87aa-7587-4f68-9ba4-b65460c83e3a","value":0,"text":"advantages","comment":"","position":{"x":850,"y":400},"isActive":true,"date":1702375729968,"kind":"Node","isSelected":false,"isConnectorSelected":false,"isDraggable":0,"isDeletable":0,"hasElementMoved":false,"eventLog":[{"time":1702375729968,"type":"create node","value":0}],"isTextChangeable":0},{"id":"c12b9cf1-c14f-4862-b784-3e1f194e2d2b","value":3,"text":"unmanned","comment":"","position":{"x":971,"y":282},"isActive":true,"date":1702375729968,"kind":"Node","isSelected":false,"isConnectorSelected":false,"isDraggable":1,"isDeletable":1,"hasElementMoved":false,"eventLog":[{"time":1702375729968,"type":"create node","value":3}],"isTextChangeable":1},{"id":"9203ac34-18ac-4720-8c4c-2a3287ebff6b","value":3,"text":"Enables much more","comment":"","position":{"x":975,"y":492},"isActive":true,"date":1702375729968,"kind":"Node","isSelected":false,"isConnectorSelected":false,"isDraggable":1,"isDeletable":1,"hasElementMoved":false,"eventLog":[{"time":1702375729968,"type":"create node","value":3}],"isTextChangeable":1},{"id":"67f79f66-8111-46ff-a7f9-efd7af89c948","value":-2,"text":"algorithms","comment":"","position":{"x":318,"y":340},"isActive":true,"date":1702375729968,"kind":"Node","isSelected":false,"isConnectorSelected":false,"isDraggable":1,"isDeletable":1,"hasElementMoved":false,"eventLog":[{"time":1702375729968,"type":"create node","value":-2}],"isTextChangeable":1},{"id":"eaeac2e1-a21d-4c44-91c4-cefd76c15850","value":0,"text":"autonomous","comment":"","position":{"x":649,"y":520},"isActive":true,"date":1702375729968,"kind":"Node","isSelected":false,"isConnectorSelected":false,"isDraggable":1,"isDeletable":1,"hasElementMoved":false,"eventLog":[{"time":1702375729968,"type":"create node","value":0}],"isTextChangeable":1},{"id":"c45eb30e-6e25-4a3c-94ac-afdd1caf384a","value":3,"text":"sensors","comment":"","position":{"x":520,"y":262},"isActive":true,"date":1702375729968,"kind":"Node","isSelected":false,"isConnectorSelected":false,"isDraggable":1,"isDeletable":1,"hasElementMoved":false,"eventLog":[{"time":1702375729968,"type":"create node","value":3}],"isTextChangeable":1},{"id":"4e29ef07-e5e8-4502-b6f1-b6b1c3ea37ec","value":0,"text":"battery","comment":"","position":{"x":651,"y":228},"isActive":true,"date":1702375729968,"kind":"Node","isSelected":false,"isConnectorSelected":false,"isDraggable":1,"isDeletable":1,"hasElementMoved":false,"eventLog":[{"time":1702375729968,"type":"create node","value":0}],"isTextChangeable":1},{"id":"09795910-55b6-426e-b089-9e306784f39d","value":-2,"text":"Still needs people","comment":"","position":{"x":323,"y":465},"isActive":true,"date":1702375729968,"kind":"Node","isSelected":false,"isConnectorSelected":false,"isDraggable":1,"isDeletable":1,"hasElementMoved":false,"eventLog":[{"time":1702375729968,"type":"create node","value":-2}],"isTextChangeable":1},{"id":"ef9490ac-beef-41e1-95be-02e04738f06d","value":3,"text":"fire department support","comment":"","position":{"x":801,"y":266},"isActive":true,"date":1702375729968,"kind":"Node","isSelected":false,"isConnectorSelected":false,"isDraggable":1,"isDeletable":1,"hasElementMoved":false,"eventLog":[{"time":1702375729968,"type":"create node","value":3}],"isTextChangeable":1},{"id":"2fdfc447-e1c0-4e49-9d0c-645d8ee6c1f2","value":0,"text":"processor","comment":"","position":{"x":769,"y":166},"isActive":true,"date":1702375729968,"kind":"Node","isSelected":false,"isConnectorSelected":false,"isDraggable":1,"isDeletable":1,"hasElementMoved":false,"eventLog":[{"time":1702375729968,"type":"create node","value":0}],"isTextChangeable":1},{"id":"1de1826f-84a4-4a21-b91f-cd415616b30d","value":0,"text":"soft robot","comment":"","position":{"x":652,"y":631},"isActive":true,"date":1702375739510,"kind":"Node","isSelected":false,"isConnectorSelected":false,"isDraggable":1,"isDeletable":1,"hasElementMoved":false,"eventLog":[{"time":"1702375739510","type":"create node","value":[0]},{"time":"1702375739617","type":"selected","value":[true]},{"time":"1702375741576","type":"selected","value":[false]},{"time":"2023-12-12T10:09:03.216Z","type":"position","value":{"x":[649],"y":[577]}},{"time":"2023-12-12T10:09:03.851Z","type":"position","value":{"x":[800],"y":[541]}},{"time":"2023-12-12T10:09:04.775Z","type":"position","value":{"x":[649],"y":[604]}},{"time":"1702375749732","type":"selected","value":[true]},{"time":"1702375756463","type":"text","value":["Soft Roboter"]},{"time":"1702375756463","type":"selected","value":[false]},{"time":"2023-12-12T10:09:20.280Z","type":"position","value":{"x":[662],"y":[609]}},{"time":"2023-12-12T10:09:21.034Z","type":"position","value":{"x":[657],"y":[605]}},{"time":"2023-12-12T10:09:23.843Z","type":"position","value":{"x":[671],"y":[619]}}],"isTextChangeable":1}],"connectors":[{"id":"ce887826-9a4c-40ab-adb2-e59f6ddb56c3","source":"1395b7eb-5199-49e6-81ca-288b095376ca","target":"35a0e377-58d0-435b-9aff-0d3a9005da9b","agreement":true,"isActive":true,"date":1702375729968,"kind":"Connector","isSelected":false,"intensity":3,"isDeletable":false,"isOver":false,"isBidirectional":false,"eventLog":[{"time":1702375729968,"type":"create connection"}]},{"id":"58b8bfa0-2da0-41a2-ba92-e570853d4350","source":"1395b7eb-5199-49e6-81ca-288b095376ca","target":"36fc87aa-7587-4f68-9ba4-b65460c83e3a","agreement":true,"isActive":true,"date":1702375729968,"kind":"Connector","isSelected":false,"intensity":3,"isDeletable":true,"isOver":false,"isBidirectional":false,"eventLog":[{"time":1702375729968,"type":"create connection"}]},{"id":"33f63927-e2dc-4b2a-9ba7-0a3805fd6470","source":"36fc87aa-7587-4f68-9ba4-b65460c83e3a","target":"c12b9cf1-c14f-4862-b784-3e1f194e2d2b","agreement":true,"isActive":true,"date":1702375729968,"kind":"Connector","isSelected":false,"intensity":9,"isDeletable":true,"isOver":false,"isBidirectional":false,"eventLog":[{"time":1702375729968,"type":"create connection"}]},{"id":"9270b3d0-2bd1-427b-9dd9-880307df3866","source":"36fc87aa-7587-4f68-9ba4-b65460c83e3a","target":"9203ac34-18ac-4720-8c4c-2a3287ebff6b","agreement":true,"isActive":true,"date":1702375729969,"kind":"Connector","isSelected":false,"intensity":9,"isDeletable":true,"isOver":false,"isBidirectional":false,"eventLog":[{"time":1702375729969,"type":"create connection"}]},{"id":"e3573021-3dea-4421-8cbc-3a35afe16349","source":"9203ac34-18ac-4720-8c4c-2a3287ebff6b","target":"c12b9cf1-c14f-4862-b784-3e1f194e2d2b","agreement":true,"isActive":true,"date":1702375729969,"kind":"Connector","isSelected":false,"intensity":9,"isDeletable":true,"isOver":false,"isBidirectional":false,"eventLog":[{"time":1702375729969,"type":"create connection"}]},{"id":"69a987da-7707-4684-9559-992f7a2b58f2","source":"67f79f66-8111-46ff-a7f9-efd7af89c948","target":"35a0e377-58d0-435b-9aff-0d3a9005da9b","agreement":true,"isActive":true,"date":1702375729969,"kind":"Connector","isSelected":false,"intensity":9,"isDeletable":true,"isOver":false,"isBidirectional":false,"eventLog":[{"time":1702375729969,"type":"create connection"}]},{"id":"27b9940c-2d67-465d-bdb5-68c22e6bd7cb","source":"36fc87aa-7587-4f68-9ba4-b65460c83e3a","target":"eaeac2e1-a21d-4c44-91c4-cefd76c15850","agreement":true,"isActive":true,"date":1702375729969,"kind":"Connector","isSelected":false,"intensity":9,"isDeletable":true,"isOver":false,"isBidirectional":false,"eventLog":[{"time":1702375729969,"type":"create connection"}]},{"id":"1a35ca2e-f9a0-4b94-a10e-c2010ece1ba1","source":"35a0e377-58d0-435b-9aff-0d3a9005da9b","target":"eaeac2e1-a21d-4c44-91c4-cefd76c15850","agreement":false,"isActive":true,"date":1702375729969,"kind":"Connector","isSelected":false,"intensity":9,"isDeletable":true,"isOver":false,"isBidirectional":false,"eventLog":[{"time":1702375729969,"type":"create connection"}]},{"id":"9b6500c5-adcc-40a7-8103-f3efa8a29c75","source":"1395b7eb-5199-49e6-81ca-288b095376ca","target":"eaeac2e1-a21d-4c44-91c4-cefd76c15850","agreement":true,"isActive":true,"date":1702375729969,"kind":"Connector","isSelected":false,"intensity":9,"isDeletable":true,"isOver":false,"isBidirectional":false,"eventLog":[{"time":1702375729969,"type":"create connection"}]},{"id":"9b7dce28-4842-4a86-9e59-a1f418eb451f","source":"c45eb30e-6e25-4a3c-94ac-afdd1caf384a","target":"1395b7eb-5199-49e6-81ca-288b095376ca","agreement":true,"isActive":true,"date":1702375729969,"kind":"Connector","isSelected":false,"intensity":3,"isDeletable":true,"isOver":false,"isBidirectional":false,"eventLog":[{"time":1702375729969,"type":"create connection"}]},{"id":"11811481-d457-40af-95fe-a8125d687f69","source":"4e29ef07-e5e8-4502-b6f1-b6b1c3ea37ec","target":"1395b7eb-5199-49e6-81ca-288b095376ca","agreement":true,"isActive":true,"date":1702375729969,"kind":"Connector","isSelected":false,"intensity":3,"isDeletable":true,"isOver":false,"isBidirectional":false,"eventLog":[{"time":1702375729969,"type":"create connection"}]},{"id":"463ceccc-9dfe-46ae-8e7d-36eaeccaf3dc","source":"09795910-55b6-426e-b089-9e306784f39d","target":"35a0e377-58d0-435b-9aff-0d3a9005da9b","agreement":true,"isActive":true,"date":1702375729969,"kind":"Connector","isSelected":false,"intensity":3,"isDeletable":true,"isOver":false,"isBidirectional":false,"eventLog":[{"time":1702375729969,"type":"create connection"}]},{"id":"5fa1326e-afac-4c7d-bc06-37c7262159fc","source":"ef9490ac-beef-41e1-95be-02e04738f06d","target":"36fc87aa-7587-4f68-9ba4-b65460c83e3a","agreement":true,"isActive":true,"date":1702375729969,"kind":"Connector","isSelected":false,"intensity":9,"isDeletable":true,"isOver":false,"isBidirectional":false,"eventLog":[{"time":1702375729969,"type":"create connection"}]},{"id":"b468938b-d1c5-42c2-b271-c2b562147180","source":"ef9490ac-beef-41e1-95be-02e04738f06d","target":"1395b7eb-5199-49e6-81ca-288b095376ca","agreement":true,"isActive":true,"date":1702375729969,"kind":"Connector","isSelected":false,"intensity":9,"isDeletable":true,"isOver":false,"isBidirectional":false,"eventLog":[{"time":1702375729969,"type":"create connection"}]},{"id":"5eccb0eb-19c4-46b0-8194-7b544e29387c","source":"2fdfc447-e1c0-4e49-9d0c-645d8ee6c1f2","target":"1395b7eb-5199-49e6-81ca-288b095376ca","agreement":true,"isActive":true,"date":1702375729969,"kind":"Connector","isSelected":false,"intensity":3,"isDeletable":true,"isOver":false,"isBidirectional":false,"eventLog":[{"time":1702375729969,"type":"create connection"}]},{"id":"b3def3dc-46b5-4151-a841-80b4352022dd","source":"1de1826f-84a4-4a21-b91f-cd415616b30d","target":"35a0e377-58d0-435b-9aff-0d3a9005da9b","agreement":true,"isActive":true,"date":1702375759234,"kind":"Connector","isSelected":false,"intensity":3,"isDeletable":true,"isOver":false,"isBidirectional":false,"eventLog":[{"time":1702375759234,"type":"create connection"}]},{"id":"9f3c7f3d-2052-4ffd-ab72-fdb7cfe89466","source":"1de1826f-84a4-4a21-b91f-cd415616b30d","target":"36fc87aa-7587-4f68-9ba4-b65460c83e3a","agreement":true,"isActive":true,"date":1702375762131,"kind":"Connector","isSelected":false,"intensity":3,"isDeletable":true,"isOver":false,"isBidirectional":false,"eventLog":[{"time":1702375762131,"type":"create connection"}]}],"currentID":{},"currentNode":{},"hasSelectedNode":[false],"currentConnector":{},"hasSelectedConnector":[false],"readyToMove":[false],"isIncoming":[false],"hasElementMoved":[false]}
