{"idCAM":["b46a3f85-272a-4fb1-a8c9-52bd1b1c5d5e"],"creator":["63cfbea470ab1bba9db30082_post"],"projectCAM":["S2_CAM part 2"],"defocusCAM":[],"date":[1702376643459],"nodes":[{"id":"58c43d17-b7a7-41a5-810d-d84732e00b57","value":0,"text":"rescue robot","comment":"","position":{"x":650,"y":400},"isActive":true,"date":1702376644187,"kind":"Node","isSelected":false,"isConnectorSelected":false,"isDraggable":0,"isDeletable":0,"hasElementMoved":false,"eventLog":[{"time":1702376644187,"type":"create node","value":0}],"isTextChangeable":0},{"id":"ae0b4659-f81f-4ee3-a330-49c841e1a842","value":0,"text":"disadvantages","comment":"","position":{"x":450,"y":400},"isActive":true,"date":1702376644187,"kind":"Node","isSelected":false,"isConnectorSelected":false,"isDraggable":0,"isDeletable":0,"hasElementMoved":false,"eventLog":[{"time":1702376644187,"type":"create node","value":0}],"isTextChangeable":0},{"id":"1e7ec0b9-bd9c-4a89-82c5-8dc102c389d6","value":0,"text":"advantages","comment":"","position":{"x":850,"y":400},"isActive":true,"date":1702376644187,"kind":"Node","isSelected":false,"isConnectorSelected":false,"isDraggable":0,"isDeletable":0,"hasElementMoved":false,"eventLog":[{"time":1702376644187,"type":"create node","value":0}],"isTextChangeable":0},{"id":"2cf6dbe0-6678-471b-a3d5-36dcae215e4f","value":2,"text":"safety","comment":"","position":{"x":991.4,"y":384.6},"isActive":true,"date":1702376644187,"kind":"Node","isSelected":false,"isConnectorSelected":false,"isDraggable":1,"isDeletable":1,"hasElementMoved":false,"eventLog":[{"time":1702376644187,"type":"create node","value":2}],"isTextChangeable":1},{"id":"7af84d6e-1e0d-41a8-85f0-1e0c5f106f24","value":-2,"text":"security gap","comment":"","position":{"x":206.4,"y":516.6},"isActive":true,"date":1702376644187,"kind":"Node","isSelected":false,"isConnectorSelected":false,"isDraggable":1,"isDeletable":1,"hasElementMoved":false,"eventLog":[{"time":1702376644187,"type":"create node","value":-2}],"isTextChangeable":1},{"id":"8bddd7ba-28bc-446f-ae43-8ab94f00d34a","value":1,"text":"privacy","comment":"","position":{"x":1172.4,"y":310.6},"isActive":true,"date":1702376644187,"kind":"Node","isSelected":false,"isConnectorSelected":false,"isDraggable":1,"isDeletable":1,"hasElementMoved":false,"eventLog":[{"time":1702376644187,"type":"create node","value":1}],"isTextChangeable":1},{"id":"d377d26e-5eb0-45bb-9fc1-f334cc243a71","value":2,"text":"firefighting","comment":"","position":{"x":737.4,"y":641.6},"isActive":true,"date":1702376644187,"kind":"Node","isSelected":false,"isConnectorSelected":false,"isDraggable":1,"isDeletable":1,"hasElementMoved":false,"eventLog":[{"time":1702376644187,"type":"create node","value":2}],"isTextChangeable":1},{"id":"7fa5df4a-55cd-4d76-b496-0973554c4f49","value":1,"text":"data protection","comment":"","position":{"x":968.4,"y":295.6},"isActive":true,"date":1702376644187,"kind":"Node","isSelected":false,"isConnectorSelected":false,"isDraggable":1,"isDeletable":1,"hasElementMoved":false,"eventLog":[{"time":1702376644187,"type":"create node","value":1}],"isTextChangeable":1},{"id":"ec108d3c-7112-4912-a11f-e7d8721013d4","value":-2,"text":"costs","comment":"","position":{"x":344.4,"y":270.6},"isActive":true,"date":1702376644188,"kind":"Node","isSelected":false,"isConnectorSelected":false,"isDraggable":1,"isDeletable":1,"hasElementMoved":false,"eventLog":[{"time":1702376644188,"type":"create node","value":-2}],"isTextChangeable":1},{"id":"5f41df7c-5782-440d-8cba-11e2a76aa537","value":2,"text":"natural disaster deployment","comment":"","position":{"x":856.4,"y":572.6},"isActive":true,"date":1702376644188,"kind":"Node","isSelected":false,"isConnectorSelected":false,"isDraggable":1,"isDeletable":1,"hasElementMoved":false,"eventLog":[{"time":1702376644188,"type":"create node","value":2}],"isTextChangeable":1},{"id":"fd792464-b86e-4ff6-8deb-db54698a420b","value":2,"text":"emergency service","comment":"","position":{"x":992.4,"y":615.6},"isActive":true,"date":1702376644188,"kind":"Node","isSelected":false,"isConnectorSelected":false,"isDraggable":1,"isDeletable":1,"hasElementMoved":false,"eventLog":[{"time":1702376644188,"type":"create node","value":2}],"isTextChangeable":1},{"id":"4a7acaea-498d-465c-a907-9ce9760500ad","value":-1,"text":"battery life","comment":"","position":{"x":192.4,"y":343.6},"isActive":true,"date":1702376644188,"kind":"Node","isSelected":false,"isConnectorSelected":false,"isDraggable":1,"isDeletable":1,"hasElementMoved":false,"eventLog":[{"time":1702376644188,"type":"create node","value":-1}],"isTextChangeable":1},{"id":"beb460d5-09dd-427f-b8c4-f3c0590a927d","value":-1,"text":"technical limitations","comment":"","position":{"x":281.4,"y":434.6},"isActive":true,"date":1702376644188,"kind":"Node","isSelected":false,"isConnectorSelected":false,"isDraggable":1,"isDeletable":1,"hasElementMoved":false,"eventLog":[{"time":"1702376644188","type":"create node","value":[-1]},{"time":"2023-12-12T10:24:44.272Z","type":"position","value":{"x":[300.4],"y":[439.6]}}],"isTextChangeable":1},{"id":"2b1ff990-82eb-4620-9092-3ba8be3ead7f","value":-1,"text":"limited carrying capacity","comment":"","position":{"x":384.4,"y":525.6},"isActive":true,"date":1702376699020,"kind":"Node","isSelected":false,"isConnectorSelected":false,"isDraggable":1,"isDeletable":1,"hasElementMoved":false,"eventLog":[{"time":"1702376699020","type":"create node","value":[0]},{"time":"1702376699155","type":"selected","value":[true]},{"time":"1702376699560","type":"selected","value":[false]},{"time":"1702376700544","type":"selected","value":[true]},{"time":"1702376715600","type":"text","value":["Begrenzte Tragfähikeit"]},{"time":"1702376715600","type":"value","value":[-1]},{"time":"1702376715600","type":"selected","value":[false]},{"time":"2023-12-12T10:25:17.402Z","type":"position","value":{"x":[598.4],"y":[134.6]}},{"time":"2023-12-12T10:25:17.513Z","type":"position","value":{"x":[440.4],"y":[273.6]}},{"time":"2023-12-12T10:25:17.550Z","type":"position","value":{"x":[401.4],"y":[313.6]}},{"time":"2023-12-12T10:25:17.753Z","type":"position","value":{"x":[368.4],"y":[477.6]}}],"isTextChangeable":1},{"id":"ef491cbe-476e-4875-ad27-b8c18967ad42","value":1,"text":"collaborative rescue missions","comment":"","position":{"x":1029.4,"y":504.6},"isActive":true,"date":1702376720569,"kind":"Node","isSelected":false,"isConnectorSelected":false,"isDraggable":1,"isDeletable":1,"hasElementMoved":false,"eventLog":[{"time":"1702376720569","type":"create node","value":[0]},{"time":"1702376720747","type":"selected","value":[true]},{"time":"1702376748594","type":"text","value":["Kollaborative Rettungseinsätze"]},{"time":"1702376748594","type":"value","value":[1]},{"time":"1702376748594","type":"selected","value":[false]},{"time":"2023-12-12T10:25:49.495Z","type":"position","value":{"x":[750.4],"y":[301.6]}},{"time":"2023-12-12T10:25:49.820Z","type":"position","value":{"x":[937.4],"y":[446.6]}},{"time":"2023-12-12T10:25:49.870Z","type":"position","value":{"x":[942.4],"y":[453.6]}},{"time":"2023-12-12T10:25:52.581Z","type":"position","value":{"x":[1023.4],"y":[484.6]}}],"isTextChangeable":1},{"id":"91f0e11c-942a-4344-a952-ed11345f45f1","value":-2,"text":"abuse","comment":"","position":{"x":543.4,"y":265.6},"isActive":true,"date":1702376763586,"kind":"Node","isSelected":false,"isConnectorSelected":false,"isDraggable":1,"isDeletable":1,"hasElementMoved":false,"eventLog":[{"time":"1702376763586","type":"create node","value":[0]},{"time":"1702376763750","type":"selected","value":[true]},{"time":"1702376770517","type":"text","value":["Missbrauch"]},{"time":"1702376770517","type":"value","value":[-2]},{"time":"1702376770517","type":"selected","value":[false]},{"time":"2023-12-12T10:26:16.725Z","type":"position","value":{"x":[528.4],"y":[297.6]}}],"isTextChangeable":1},{"id":"076f83cf-bd26-4886-a850-2797d92810e6","value":0,"text":"","comment":"","position":{"x":457.4,"y":365.6},"isActive":false,"date":1702376771042,"kind":"Node","isSelected":false,"isConnectorSelected":false,"isDraggable":1,"isDeletable":1,"hasElementMoved":false,"eventLog":[{"time":1702376771042,"type":"create node","value":0},{"time":1702376773676,"type":"node was deleted","value":-77}],"isTextChangeable":1}],"connectors":[{"id":"0a20dc1e-9291-407f-90e3-cfc2547165be","source":"58c43d17-b7a7-41a5-810d-d84732e00b57","target":"ae0b4659-f81f-4ee3-a330-49c841e1a842","agreement":true,"isActive":true,"date":1702376644188,"kind":"Connector","isSelected":false,"intensity":3,"isDeletable":false,"isOver":false,"isBidirectional":false,"eventLog":[{"time":1702376644188,"type":"create connection"}]},{"id":"5cbc9c2a-c577-4002-971c-da927459de3e","source":"58c43d17-b7a7-41a5-810d-d84732e00b57","target":"1e7ec0b9-bd9c-4a89-82c5-8dc102c389d6","agreement":true,"isActive":true,"date":1702376644189,"kind":"Connector","isSelected":false,"intensity":3,"isDeletable":true,"isOver":false,"isBidirectional":false,"eventLog":[{"time":1702376644189,"type":"create connection"}]},{"id":"bc48de3f-c828-4289-a854-124e8910f109","source":"1e7ec0b9-bd9c-4a89-82c5-8dc102c389d6","target":"5f41df7c-5782-440d-8cba-11e2a76aa537","agreement":true,"isActive":true,"date":1702376644189,"kind":"Connector","isSelected":false,"intensity":3,"isDeletable":true,"isOver":false,"isBidirectional":false,"eventLog":[{"time":1702376644189,"type":"create connection"}]},{"id":"8805e8bc-d16a-4931-bc62-f8e28b3c2616","source":"5f41df7c-5782-440d-8cba-11e2a76aa537","target":"d377d26e-5eb0-45bb-9fc1-f334cc243a71","agreement":true,"isActive":true,"date":1702376644189,"kind":"Connector","isSelected":false,"intensity":3,"isDeletable":true,"isOver":false,"isBidirectional":false,"eventLog":[{"time":1702376644189,"type":"create connection"}]},{"id":"33bdb47c-5d33-45d0-8b63-c3bcba94d209","source":"1e7ec0b9-bd9c-4a89-82c5-8dc102c389d6","target":"2cf6dbe0-6678-471b-a3d5-36dcae215e4f","agreement":true,"isActive":true,"date":1702376644189,"kind":"Connector","isSelected":false,"intensity":3,"isDeletable":true,"isOver":false,"isBidirectional":false,"eventLog":[{"time":1702376644189,"type":"create connection"}]},{"id":"5114cbd8-4677-4044-9c2f-b85dc9cd6368","source":"2cf6dbe0-6678-471b-a3d5-36dcae215e4f","target":"7fa5df4a-55cd-4d76-b496-0973554c4f49","agreement":true,"isActive":true,"date":1702376644189,"kind":"Connector","isSelected":false,"intensity":3,"isDeletable":true,"isOver":false,"isBidirectional":false,"eventLog":[{"time":1702376644189,"type":"create connection"}]},{"id":"8d67b00f-b934-48c5-9386-453769c92655","source":"2cf6dbe0-6678-471b-a3d5-36dcae215e4f","target":"8bddd7ba-28bc-446f-ae43-8ab94f00d34a","agreement":true,"isActive":true,"date":1702376644189,"kind":"Connector","isSelected":false,"intensity":3,"isDeletable":true,"isOver":false,"isBidirectional":false,"eventLog":[{"time":1702376644189,"type":"create connection"}]},{"id":"f60589a4-8fc5-43ba-b103-d78628944d4c","source":"5f41df7c-5782-440d-8cba-11e2a76aa537","target":"fd792464-b86e-4ff6-8deb-db54698a420b","agreement":true,"isActive":true,"date":1702376644190,"kind":"Connector","isSelected":false,"intensity":3,"isDeletable":true,"isOver":false,"isBidirectional":false,"eventLog":[{"time":1702376644190,"type":"create connection"}]},{"id":"e6edff5b-37bf-47f6-8094-c9fee8ff4b92","source":"ae0b4659-f81f-4ee3-a330-49c841e1a842","target":"beb460d5-09dd-427f-b8c4-f3c0590a927d","agreement":true,"isActive":true,"date":1702376644190,"kind":"Connector","isSelected":false,"intensity":3,"isDeletable":true,"isOver":false,"isBidirectional":false,"eventLog":[{"time":1702376644190,"type":"create connection"}]},{"id":"0d25fda9-d50f-43b7-b0f9-1dc1587beee9","source":"beb460d5-09dd-427f-b8c4-f3c0590a927d","target":"4a7acaea-498d-465c-a907-9ce9760500ad","agreement":true,"isActive":true,"date":1702376644190,"kind":"Connector","isSelected":false,"intensity":3,"isDeletable":true,"isOver":false,"isBidirectional":false,"eventLog":[{"time":1702376644190,"type":"create connection"}]},{"id":"a1f6a2e3-2e51-4c6d-9380-48aaf225e447","source":"beb460d5-09dd-427f-b8c4-f3c0590a927d","target":"7af84d6e-1e0d-41a8-85f0-1e0c5f106f24","agreement":true,"isActive":true,"date":1702376644190,"kind":"Connector","isSelected":false,"intensity":3,"isDeletable":true,"isOver":false,"isBidirectional":false,"eventLog":[{"time":1702376644190,"type":"create connection"}]},{"id":"3acacffa-59c3-43ed-bfb9-ece528376326","source":"ae0b4659-f81f-4ee3-a330-49c841e1a842","target":"ec108d3c-7112-4912-a11f-e7d8721013d4","agreement":true,"isActive":true,"date":1702376644190,"kind":"Connector","isSelected":false,"intensity":3,"isDeletable":true,"isOver":false,"isBidirectional":false,"eventLog":[{"time":1702376644190,"type":"create connection"}]},{"id":"fd51505d-ab72-4eaf-8a77-f17f45b9af7c","source":"beb460d5-09dd-427f-b8c4-f3c0590a927d","target":"2b1ff990-82eb-4620-9092-3ba8be3ead7f","agreement":true,"isActive":true,"date":1702376719425,"kind":"Connector","isSelected":false,"intensity":3,"isDeletable":true,"isOver":false,"isBidirectional":false,"eventLog":[{"time":1702376719425,"type":"create connection"}]},{"id":"ff78a051-80ec-42d0-a3dd-7a7d138769a4","source":"5f41df7c-5782-440d-8cba-11e2a76aa537","target":"ef491cbe-476e-4875-ad27-b8c18967ad42","agreement":true,"isActive":true,"date":1702376751903,"kind":"Connector","isSelected":false,"intensity":3,"isDeletable":true,"isOver":false,"isBidirectional":false,"eventLog":[{"time":1702376751903,"type":"create connection"}]},{"id":"8254359d-00f3-4b4d-b53a-e1a26c746d8e","source":"ae0b4659-f81f-4ee3-a330-49c841e1a842","target":"91f0e11c-942a-4344-a952-ed11345f45f1","agreement":true,"isActive":true,"date":1702376776042,"kind":"Connector","isSelected":false,"intensity":3,"isDeletable":true,"isOver":false,"isBidirectional":false,"eventLog":[{"time":1702376776042,"type":"create connection"}]}],"currentID":{},"currentNode":{},"hasSelectedNode":[false],"currentConnector":{},"hasSelectedConnector":[false],"readyToMove":[false],"isIncoming":[false],"hasElementMoved":[false]}
