{"idCAM":["f19fa2af-34b4-4033-8d15-2063fe2f355b"],"creator":["63d02bd28e37a2abe1006c61_post"],"projectCAM":["S2_CAM part 2"],"defocusCAM":[],"date":[1702312049568],"nodes":[{"id":"2ddb37fc-64d0-4fdc-a145-34817b7b32a5","value":0,"text":"social assistance robot","comment":"","position":{"x":650,"y":400},"isActive":true,"date":1702312050481,"kind":"Node","isSelected":false,"isConnectorSelected":false,"isDraggable":0,"isDeletable":0,"hasElementMoved":false,"eventLog":[{"time":1702312050481,"type":"create node","value":0}],"isTextChangeable":0},{"id":"61e4d476-e9f6-42f1-8070-39b5180a0d04","value":-1,"text":"disadvantages","comment":"","position":{"x":450,"y":400},"isActive":true,"date":1702312050481,"kind":"Node","isSelected":false,"isConnectorSelected":false,"isDraggable":0,"isDeletable":0,"hasElementMoved":false,"eventLog":[{"time":1702312050481,"type":"create node","value":-1}],"isTextChangeable":0},{"id":"b279c24d-ddcc-4c56-8e52-55afec0b362d","value":1,"text":"advantages","comment":"","position":{"x":850,"y":400},"isActive":true,"date":1702312050481,"kind":"Node","isSelected":false,"isConnectorSelected":false,"isDraggable":0,"isDeletable":0,"hasElementMoved":false,"eventLog":[{"time":1702312050481,"type":"create node","value":1}],"isTextChangeable":0},{"id":"0f9d8998-2fd9-4a39-97fb-798b78f137af","value":3,"text":"efficiency increase","comment":"","position":{"x":883,"y":510},"isActive":true,"date":1702312050481,"kind":"Node","isSelected":false,"isConnectorSelected":false,"isDraggable":1,"isDeletable":1,"hasElementMoved":false,"eventLog":[{"time":1702312050481,"type":"create node","value":3}],"isTextChangeable":1},{"id":"26e04c35-2b9c-4f4d-a16d-76d6548e66b0","value":2,"text":"24/7 available","comment":"","position":{"x":927,"y":257},"isActive":true,"date":1702312050481,"kind":"Node","isSelected":false,"isConnectorSelected":false,"isDraggable":1,"isDeletable":1,"hasElementMoved":false,"eventLog":[{"time":1702312050481,"type":"create node","value":2}],"isTextChangeable":1},{"id":"6e554276-4e18-4650-af03-a8f8e4806f8c","value":3,"text":"individualization","comment":"adaptability","position":{"x":1020,"y":374},"isActive":true,"date":1702312050481,"kind":"Node","isSelected":false,"isConnectorSelected":false,"isDraggable":1,"isDeletable":1,"hasElementMoved":false,"eventLog":[{"time":1702312050481,"type":"create node","value":"3"},{"time":1702312183914,"type":"selected","value":"TRUE"},{"time":1702312191957,"type":"comment","value":"Anpassungsfaehigkeit"},{"time":1702312191957,"type":"selected","value":"FALSE"}],"isTextChangeable":1},{"id":"14117103-a933-415c-aeca-1130e8270dfa","value":1,"text":"diverse use","comment":"","position":{"x":1051,"y":598},"isActive":true,"date":1702312050481,"kind":"Node","isSelected":false,"isConnectorSelected":false,"isDraggable":1,"isDeletable":1,"hasElementMoved":false,"eventLog":[{"time":1702312050481,"type":"create node","value":1}],"isTextChangeable":1},{"id":"f588e4fd-7d64-42ce-9cb1-0c9ac9d762fd","value":10,"text":"robots except humans","comment":"","position":{"x":705,"y":561},"isActive":true,"date":1702312050481,"kind":"Node","isSelected":false,"isConnectorSelected":false,"isDraggable":1,"isDeletable":1,"hasElementMoved":false,"eventLog":[{"time":1702312050481,"type":"create node","value":10}],"isTextChangeable":1},{"id":"44995435-879e-43d1-989e-ae8ca1a207ef","value":-3,"text":"job loss","comment":"","position":{"x":458,"y":554},"isActive":true,"date":1702312050481,"kind":"Node","isSelected":false,"isConnectorSelected":false,"isDraggable":1,"isDeletable":1,"hasElementMoved":false,"eventLog":[{"time":1702312050481,"type":"create node","value":-3}],"isTextChangeable":1},{"id":"8e82e1a4-7db8-42ef-af59-8839d95070cf","value":-1,"text":"high costs","comment":"","position":{"x":298,"y":439},"isActive":true,"date":1702312050481,"kind":"Node","isSelected":false,"isConnectorSelected":false,"isDraggable":1,"isDeletable":1,"hasElementMoved":false,"eventLog":[{"time":1702312050481,"type":"create node","value":-1}],"isTextChangeable":1},{"id":"62d543d2-eb08-49f2-8843-ff4cefe3e25b","value":-2,"text":"no human empathy","comment":"","position":{"x":266,"y":320},"isActive":true,"date":1702312050481,"kind":"Node","isSelected":false,"isConnectorSelected":false,"isDraggable":1,"isDeletable":1,"hasElementMoved":false,"eventLog":[{"time":1702312050481,"type":"create node","value":-2}],"isTextChangeable":1},{"id":"c0d1cb95-b112-4545-ba95-66bba9cf4207","value":-1,"text":"technical errors","comment":"","position":{"x":329,"y":224},"isActive":true,"date":1702312050481,"kind":"Node","isSelected":false,"isConnectorSelected":false,"isDraggable":1,"isDeletable":1,"hasElementMoved":false,"eventLog":[{"time":1702312050481,"type":"create node","value":-1}],"isTextChangeable":1},{"id":"aacb3695-6c0c-43d8-be7b-5f5ddb8cd161","value":1,"text":"faster learning ability","comment":"","position":{"x":789,"y":485},"isActive":true,"date":1702312050481,"kind":"Node","isSelected":false,"isConnectorSelected":false,"isDraggable":1,"isDeletable":1,"hasElementMoved":false,"eventLog":[{"time":1702312050481,"type":"create node","value":1}],"isTextChangeable":1},{"id":"06f21667-52d8-4f0f-a0e9-e43c5356d9e8","value":-1,"text":"data protection risks","comment":"","position":{"x":483,"y":199},"isActive":true,"date":1702312128882,"kind":"Node","isSelected":false,"isConnectorSelected":false,"isDraggable":1,"isDeletable":1,"hasElementMoved":false,"eventLog":[{"time":1702312128882,"type":"create node","value":"0"},{"time":1702312128966,"type":"selected","value":"TRUE"},{"time":1702312135365,"type":"text","value":"Datenschutzrisken"},{"time":1702312135365,"type":"value","value":"-1"},{"time":1702312135365,"type":"selected","value":"FALSE"}],"isTextChangeable":1},{"id":"3801cae0-6153-440c-8c8f-b871d94fd5da","value":-1,"text":"morality and ethics","comment":"","position":{"x":573,"y":247},"isActive":true,"date":1702312165527,"kind":"Node","isSelected":false,"isConnectorSelected":false,"isDraggable":1,"isDeletable":1,"hasElementMoved":false,"eventLog":[{"time":1702312165527,"type":"create node","value":"0"},{"time":1702312165687,"type":"selected","value":"TRUE"},{"time":1702312171010,"type":"text","value":"Moral und Ethik"},{"time":1702312171010,"type":"value","value":"-1"},{"time":1702312171010,"type":"selected","value":"FALSE"}],"isTextChangeable":1},{"id":"cf09beb1-61a4-4532-8ec6-44f25d882624","value":1,"text":"accessibility","comment":"","position":{"x":1142,"y":345},"isActive":true,"date":1702312208837,"kind":"Node","isSelected":false,"isConnectorSelected":false,"isDraggable":1,"isDeletable":1,"hasElementMoved":false,"eventLog":[{"time":1702312208837,"type":"create node","value":"0"},{"time":1702312208989,"type":"selected","value":"TRUE"},{"time":1702312216768,"type":"text","value":"Barrierefreiheit"},{"time":1702312216768,"type":"value","value":"1"},{"time":1702312216768,"type":"selected","value":"FALSE"}],"isTextChangeable":1}],"connectors":[{"id":"92c83178-e92e-415c-9d82-3b27665042f0","source":"2ddb37fc-64d0-4fdc-a145-34817b7b32a5","target":"61e4d476-e9f6-42f1-8070-39b5180a0d04","agreement":true,"isActive":true,"date":1702312050482,"kind":"Connector","isSelected":false,"intensity":3,"isDeletable":false,"isOver":false,"isBidirectional":false,"eventLog":[{"time":1702312050482,"type":"create connection"}]},{"id":"b3bd1e95-6be7-41cb-aacf-c8837a75341c","source":"2ddb37fc-64d0-4fdc-a145-34817b7b32a5","target":"b279c24d-ddcc-4c56-8e52-55afec0b362d","agreement":true,"isActive":true,"date":1702312050482,"kind":"Connector","isSelected":false,"intensity":3,"isDeletable":true,"isOver":false,"isBidirectional":false,"eventLog":[{"time":1702312050482,"type":"create connection"}]},{"id":"a7ac66c6-9d2b-4151-9249-7186a801c1e5","source":"0f9d8998-2fd9-4a39-97fb-798b78f137af","target":"b279c24d-ddcc-4c56-8e52-55afec0b362d","agreement":true,"isActive":true,"date":1702312050482,"kind":"Connector","isSelected":false,"intensity":3,"isDeletable":true,"isOver":false,"isBidirectional":false,"eventLog":[{"time":1702312050482,"type":"create connection"}]},{"id":"99ebac6e-5b7d-4fc0-b0b2-6b4f98515452","source":"26e04c35-2b9c-4f4d-a16d-76d6548e66b0","target":"b279c24d-ddcc-4c56-8e52-55afec0b362d","agreement":true,"isActive":true,"date":1702312050482,"kind":"Connector","isSelected":false,"intensity":3,"isDeletable":true,"isOver":false,"isBidirectional":false,"eventLog":[{"time":1702312050482,"type":"create connection"}]},{"id":"bfd4fff5-afab-49cf-ad17-2f9265d8ef31","source":"b279c24d-ddcc-4c56-8e52-55afec0b362d","target":"6e554276-4e18-4650-af03-a8f8e4806f8c","agreement":true,"isActive":true,"date":1702312050482,"kind":"Connector","isSelected":false,"intensity":3,"isDeletable":true,"isOver":false,"isBidirectional":false,"eventLog":[{"time":1702312050482,"type":"create connection"}]},{"id":"db5a0ad1-3180-4e6e-9fb8-18e75cb0331b","source":"61e4d476-e9f6-42f1-8070-39b5180a0d04","target":"44995435-879e-43d1-989e-ae8ca1a207ef","agreement":true,"isActive":true,"date":1702312050482,"kind":"Connector","isSelected":false,"intensity":3,"isDeletable":true,"isOver":false,"isBidirectional":false,"eventLog":[{"time":1702312050482,"type":"create connection"}]},{"id":"2cd82979-5a48-4147-82e4-840591507ba7","source":"44995435-879e-43d1-989e-ae8ca1a207ef","target":"f588e4fd-7d64-42ce-9cb1-0c9ac9d762fd","agreement":true,"isActive":true,"date":1702312050483,"kind":"Connector","isSelected":false,"intensity":3,"isDeletable":true,"isOver":false,"isBidirectional":false,"eventLog":[{"time":1702312050483,"type":"create connection"}]},{"id":"6d265775-2809-4f6f-a613-d4847958ea1d","source":"14117103-a933-415c-aeca-1130e8270dfa","target":"f588e4fd-7d64-42ce-9cb1-0c9ac9d762fd","agreement":true,"isActive":true,"date":1702312050483,"kind":"Connector","isSelected":false,"intensity":3,"isDeletable":true,"isOver":false,"isBidirectional":false,"eventLog":[{"time":1702312050483,"type":"create connection"}]},{"id":"5d3ef1a6-07bb-470b-8b22-24ffa205f236","source":"0f9d8998-2fd9-4a39-97fb-798b78f137af","target":"f588e4fd-7d64-42ce-9cb1-0c9ac9d762fd","agreement":true,"isActive":true,"date":1702312050483,"kind":"Connector","isSelected":false,"intensity":3,"isDeletable":true,"isOver":false,"isBidirectional":false,"eventLog":[{"time":1702312050483,"type":"create connection"}]},{"id":"44958868-fa85-49af-9ce6-b81b3958e2b6","source":"b279c24d-ddcc-4c56-8e52-55afec0b362d","target":"14117103-a933-415c-aeca-1130e8270dfa","agreement":true,"isActive":true,"date":1702312050483,"kind":"Connector","isSelected":false,"intensity":3,"isDeletable":true,"isOver":false,"isBidirectional":false,"eventLog":[{"time":1702312050483,"type":"create connection"}]},{"id":"dc48bf6a-7675-435d-9fca-9f28b8bfc2e8","source":"8e82e1a4-7db8-42ef-af59-8839d95070cf","target":"61e4d476-e9f6-42f1-8070-39b5180a0d04","agreement":true,"isActive":true,"date":1702312050483,"kind":"Connector","isSelected":false,"intensity":3,"isDeletable":true,"isOver":false,"isBidirectional":false,"eventLog":[{"time":1702312050483,"type":"create connection"}]},{"id":"ca4cfd81-7dae-4610-b90d-37dfe7112fd9","source":"62d543d2-eb08-49f2-8843-ff4cefe3e25b","target":"61e4d476-e9f6-42f1-8070-39b5180a0d04","agreement":true,"isActive":true,"date":1702312050483,"kind":"Connector","isSelected":false,"intensity":3,"isDeletable":true,"isOver":false,"isBidirectional":false,"eventLog":[{"time":1702312050483,"type":"create connection"}]},{"id":"28fce3c0-c4eb-452e-a70f-31c6cbefe056","source":"c0d1cb95-b112-4545-ba95-66bba9cf4207","target":"61e4d476-e9f6-42f1-8070-39b5180a0d04","agreement":true,"isActive":true,"date":1702312050483,"kind":"Connector","isSelected":false,"intensity":3,"isDeletable":true,"isOver":false,"isBidirectional":false,"eventLog":[{"time":1702312050483,"type":"create connection"}]},{"id":"f81ea7ed-9dc8-4d16-bc7c-f9d693937ee8","source":"b279c24d-ddcc-4c56-8e52-55afec0b362d","target":"aacb3695-6c0c-43d8-be7b-5f5ddb8cd161","agreement":true,"isActive":true,"date":1702312050483,"kind":"Connector","isSelected":false,"intensity":3,"isDeletable":true,"isOver":false,"isBidirectional":false,"eventLog":[{"time":1702312050483,"type":"create connection"}]},{"id":"b7e6b4ad-2583-4603-afa7-6d7cb6618c02","source":"aacb3695-6c0c-43d8-be7b-5f5ddb8cd161","target":"0f9d8998-2fd9-4a39-97fb-798b78f137af","agreement":true,"isActive":true,"date":1702312050483,"kind":"Connector","isSelected":false,"intensity":3,"isDeletable":true,"isOver":false,"isBidirectional":false,"eventLog":[{"time":1702312050483,"type":"create connection"}]},{"id":"d025b52e-03a5-403e-a3b5-3c0c301e8ac7","source":"aacb3695-6c0c-43d8-be7b-5f5ddb8cd161","target":"f588e4fd-7d64-42ce-9cb1-0c9ac9d762fd","agreement":true,"isActive":true,"date":1702312050483,"kind":"Connector","isSelected":false,"intensity":3,"isDeletable":true,"isOver":false,"isBidirectional":false,"eventLog":[{"time":1702312050483,"type":"create connection"}]},{"id":"406a024f-a144-45e2-80bd-95e251bf86d8","source":"06f21667-52d8-4f0f-a0e9-e43c5356d9e8","target":"61e4d476-e9f6-42f1-8070-39b5180a0d04","agreement":true,"isActive":true,"date":1702312136428,"kind":"Connector","isSelected":false,"intensity":3,"isDeletable":true,"isOver":false,"isBidirectional":false,"eventLog":[{"time":1702312136428,"type":"create connection"}]},{"id":"60d5c13d-e2a4-4903-bf9a-f0417ccd07c3","source":"3801cae0-6153-440c-8c8f-b871d94fd5da","target":"61e4d476-e9f6-42f1-8070-39b5180a0d04","agreement":true,"isActive":true,"date":1702312172112,"kind":"Connector","isSelected":false,"intensity":3,"isDeletable":true,"isOver":false,"isBidirectional":false,"eventLog":[{"time":1702312172112,"type":"create connection"}]},{"id":"00204e4d-bdb9-48df-a29d-204b54c4a9fc","source":"cf09beb1-61a4-4532-8ec6-44f25d882624","target":"6e554276-4e18-4650-af03-a8f8e4806f8c","agreement":true,"isActive":true,"date":1702312217670,"kind":"Connector","isSelected":false,"intensity":3,"isDeletable":true,"isOver":false,"isBidirectional":false,"eventLog":[{"time":1702312217670,"type":"create connection"}]}],"currentID":{},"currentNode":{},"hasSelectedNode":[false],"currentConnector":{},"hasSelectedConnector":[false],"readyToMove":[false],"isIncoming":[false]}
