{"idCAM":["70c94109-5514-4426-8f0f-f5b149f1fb51"],"creator":["63dfd4fb58435f30c7e5b04b_post"],"projectCAM":["S2_CAM part 2"],"defocusCAM":[],"date":[1702316721821],"nodes":[{"id":"bcb89a1e-ef13-45a5-b027-d3fcac880c20","value":1,"text":"social assistance robot","comment":"","position":{"x":650,"y":400},"isActive":true,"date":1702316722745,"kind":"Node","isSelected":false,"isConnectorSelected":false,"isDraggable":0,"isDeletable":0,"hasElementMoved":false,"eventLog":[{"time":1702316722745,"type":"create node","value":1}],"isTextChangeable":0},{"id":"f83cfcfa-d422-4b09-8d91-cbe946e54474","value":0,"text":"disadvantages","comment":"","position":{"x":450,"y":400},"isActive":true,"date":1702316722745,"kind":"Node","isSelected":false,"isConnectorSelected":false,"isDraggable":0,"isDeletable":0,"hasElementMoved":false,"eventLog":[{"time":1702316722745,"type":"create node","value":0}],"isTextChangeable":0},{"id":"2d11b84a-f33d-4cca-a084-3fe3a7cc0c69","value":0,"text":"advantages","comment":"","position":{"x":850,"y":400},"isActive":true,"date":1702316722746,"kind":"Node","isSelected":false,"isConnectorSelected":false,"isDraggable":0,"isDeletable":0,"hasElementMoved":false,"eventLog":[{"time":1702316722746,"type":"create node","value":0}],"isTextChangeable":0},{"id":"3aada400-a65c-43c9-adcf-0f8bc27eb9a7","value":2,"text":"skill shortage","comment":"","position":{"x":896,"y":256},"isActive":true,"date":1702316722746,"kind":"Node","isSelected":false,"isConnectorSelected":false,"isDraggable":1,"isDeletable":1,"hasElementMoved":false,"eventLog":[{"time":1702316722746,"type":"create node","value":2}],"isTextChangeable":1},{"id":"e94e25f6-d7e7-409c-9dd0-d6a4fe0a5f75","value":2,"text":"quality improvement","comment":"","position":{"x":991,"y":384},"isActive":true,"date":1702316722746,"kind":"Node","isSelected":false,"isConnectorSelected":false,"isDraggable":1,"isDeletable":1,"hasElementMoved":false,"eventLog":[{"time":1702316722746,"type":"create node","value":2}],"isTextChangeable":1},{"id":"dab3c99e-b261-4284-9be2-5683e978f90b","value":10,"text":"less loneliness","comment":"","position":{"x":980,"y":506},"isActive":true,"date":1702316722746,"kind":"Node","isSelected":false,"isConnectorSelected":false,"isDraggable":1,"isDeletable":1,"hasElementMoved":false,"eventLog":[{"time":1702316722746,"type":"create node","value":10}],"isTextChangeable":1},{"id":"631b4376-8b79-4be7-ad3f-6f00feeda50e","value":1,"text":"stay mentally fit","comment":"","position":{"x":904,"y":601},"isActive":true,"date":1702316722746,"kind":"Node","isSelected":false,"isConnectorSelected":false,"isDraggable":1,"isDeletable":1,"hasElementMoved":false,"eventLog":[{"time":1702316722746,"type":"create node","value":1}],"isTextChangeable":1},{"id":"4e2fdb77-9f9c-4ee2-9e0e-28f2294a4221","value":-2,"text":"stronger loneliness","comment":"","position":{"x":290,"y":296},"isActive":true,"date":1702316722746,"kind":"Node","isSelected":false,"isConnectorSelected":false,"isDraggable":1,"isDeletable":1,"hasElementMoved":false,"eventLog":[{"time":1702316722746,"type":"create node","value":-2}],"isTextChangeable":1},{"id":"3ca6c586-145f-4737-acd1-8f073dbb9a13","value":-1,"text":"job loss","comment":"","position":{"x":231,"y":510},"isActive":true,"date":1702316722746,"kind":"Node","isSelected":false,"isConnectorSelected":false,"isDraggable":1,"isDeletable":1,"hasElementMoved":false,"eventLog":[{"time":1702316722746,"type":"create node","value":-1}],"isTextChangeable":1},{"id":"c136eb4b-773c-4231-b062-849fe0d34986","value":-1,"text":"information security","comment":"","position":{"x":131,"y":375},"isActive":true,"date":1702316722746,"kind":"Node","isSelected":false,"isConnectorSelected":false,"isDraggable":1,"isDeletable":1,"hasElementMoved":false,"eventLog":[{"time":1702316722746,"type":"create node","value":-1}],"isTextChangeable":1},{"id":"13b56f46-1303-4b2a-b59a-ee1943959e64","value":0,"text":"Körperliche Gefahr","comment":"","position":{"x":286,"y":624},"isActive":false,"date":1702316722746,"kind":"Node","isSelected":false,"isConnectorSelected":false,"isDraggable":1,"isDeletable":1,"hasElementMoved":false,"eventLog":[{"time":1702316722746,"type":"create node","value":-1},{"time":1702316727617,"type":"selected","value":1},{"time":1702316734734,"type":"node was deleted","value":-99}],"isTextChangeable":1},{"id":"68a34452-0724-4498-99dd-9635ee3a53c6","value":2,"text":"cost savings","comment":"","position":{"x":767,"y":519},"isActive":true,"date":1702316722746,"kind":"Node","isSelected":false,"isConnectorSelected":false,"isDraggable":1,"isDeletable":1,"hasElementMoved":false,"eventLog":[{"time":1702316722746,"type":"create node","value":2}],"isTextChangeable":1},{"id":"2affae60-921b-4b41-a8d7-c7655cdb7be5","value":1,"text":"time savings","comment":"","position":{"x":767,"y":289},"isActive":true,"date":1702316722746,"kind":"Node","isSelected":false,"isConnectorSelected":false,"isDraggable":1,"isDeletable":1,"hasElementMoved":false,"eventLog":[{"time":1702316722746,"type":"create node","value":1}],"isTextChangeable":1},{"id":"6cdf165e-1e9c-4135-bdd0-dfc8b950c303","value":1,"text":"new economic sectors","comment":"","position":{"x":1102,"y":462},"isActive":true,"date":1702316722746,"kind":"Node","isSelected":false,"isConnectorSelected":false,"isDraggable":1,"isDeletable":1,"hasElementMoved":false,"eventLog":[{"time":1702316722746,"type":"create node","value":1}],"isTextChangeable":1},{"id":"9f482fc4-048a-4775-83f0-e9bfec9cc801","value":-1,"text":"animal-like shape","comment":"The animal-like shape leads to less association with a human counterpart.","position":{"x":391,"y":187},"isActive":true,"date":1702316751705,"kind":"Node","isSelected":false,"isConnectorSelected":false,"isDraggable":1,"isDeletable":1,"hasElementMoved":false,"eventLog":[{"time":1702316751705,"type":"create node","value":"0"},{"time":1702316752720,"type":"selected","value":"TRUE"},{"time":1702316769672,"type":"text","value":"Tierähnliche Form"},{"time":1702316769672,"type":"value","value":"-1"},{"time":1702316769672,"type":"selected","value":"FALSE"},{"time":1702316770617,"type":"selected","value":"TRUE"},{"time":1702316771732,"type":"selected","value":"FALSE"},{"time":1702316781930,"type":"selected","value":"TRUE"},{"time":1702316813325,"type":"comment","value":"Die tierähnliche Form führt zu weniger Assoziation mit menschlichem Gegenüber"},{"time":1702316813325,"type":"selected","value":"FALSE"}],"isTextChangeable":1},{"id":"5b0cbe67-ebf1-4441-9c69-c32eec98b2bc","value":0,"text":"","comment":"","position":{"x":314,"y":259},"isActive":false,"date":1702316772346,"kind":"Node","isSelected":false,"isConnectorSelected":false,"isDraggable":1,"isDeletable":1,"hasElementMoved":false,"eventLog":[{"time":1702316772346,"type":"create node","value":0},{"time":1702316774617,"type":"selected","value":1},{"time":1702316775858,"type":"node was deleted","value":-99}],"isTextChangeable":1}],"connectors":[{"id":"64bb44ea-0657-4b2b-8323-de45bc563e98","source":"bcb89a1e-ef13-45a5-b027-d3fcac880c20","target":"f83cfcfa-d422-4b09-8d91-cbe946e54474","agreement":true,"isActive":true,"date":1702316722746,"kind":"Connector","isSelected":false,"intensity":3,"isDeletable":false,"isOver":false,"isBidirectional":false,"eventLog":[{"time":1702316722746,"type":"create connection"}]},{"id":"0f07b0c3-77f9-4b33-86b0-1121e4ca093f","source":"bcb89a1e-ef13-45a5-b027-d3fcac880c20","target":"2d11b84a-f33d-4cca-a084-3fe3a7cc0c69","agreement":true,"isActive":true,"date":1702316722747,"kind":"Connector","isSelected":false,"intensity":3,"isDeletable":true,"isOver":false,"isBidirectional":false,"eventLog":[{"time":1702316722747,"type":"create connection"}]},{"id":"001f18d4-9202-44a0-8aff-23afc13e7027","source":"2d11b84a-f33d-4cca-a084-3fe3a7cc0c69","target":"3aada400-a65c-43c9-adcf-0f8bc27eb9a7","agreement":true,"isActive":true,"date":1702316722747,"kind":"Connector","isSelected":false,"intensity":3,"isDeletable":true,"isOver":false,"isBidirectional":false,"eventLog":[{"time":1702316722747,"type":"create connection"}]},{"id":"5d63a6df-3839-479c-804a-597f7930ad9f","source":"e94e25f6-d7e7-409c-9dd0-d6a4fe0a5f75","target":"2d11b84a-f33d-4cca-a084-3fe3a7cc0c69","agreement":true,"isActive":true,"date":1702316722747,"kind":"Connector","isSelected":false,"intensity":3,"isDeletable":true,"isOver":false,"isBidirectional":false,"eventLog":[{"time":1702316722747,"type":"create connection"}]},{"id":"ac7a88c2-4883-450d-910a-3ee6984a8457","source":"e94e25f6-d7e7-409c-9dd0-d6a4fe0a5f75","target":"3aada400-a65c-43c9-adcf-0f8bc27eb9a7","agreement":true,"isActive":true,"date":1702316722747,"kind":"Connector","isSelected":false,"intensity":6,"isDeletable":true,"isOver":false,"isBidirectional":false,"eventLog":[{"time":1702316722747,"type":"create connection"}]},{"id":"abe954c9-7517-41b8-8fe8-f76d3f3355d4","source":"dab3c99e-b261-4284-9be2-5683e978f90b","target":"2d11b84a-f33d-4cca-a084-3fe3a7cc0c69","agreement":true,"isActive":true,"date":1702316722747,"kind":"Connector","isSelected":false,"intensity":3,"isDeletable":true,"isOver":false,"isBidirectional":false,"eventLog":[{"time":1702316722747,"type":"create connection"}]},{"id":"471f52cc-c07c-4172-bd6d-c514cdc0867b","source":"dab3c99e-b261-4284-9be2-5683e978f90b","target":"631b4376-8b79-4be7-ad3f-6f00feeda50e","agreement":true,"isActive":true,"date":1702316722747,"kind":"Connector","isSelected":false,"intensity":3,"isDeletable":true,"isOver":false,"isBidirectional":false,"eventLog":[{"time":1702316722747,"type":"create connection"}]},{"id":"e10a1605-9472-45f3-a67f-2d61de2bfecf","source":"4e2fdb77-9f9c-4ee2-9e0e-28f2294a4221","target":"f83cfcfa-d422-4b09-8d91-cbe946e54474","agreement":true,"isActive":true,"date":1702316722748,"kind":"Connector","isSelected":false,"intensity":3,"isDeletable":true,"isOver":false,"isBidirectional":false,"eventLog":[{"time":1702316722748,"type":"create connection"}]},{"id":"f94ff5a1-6889-4ac5-a695-ef1cfdc0a44b","source":"3ca6c586-145f-4737-acd1-8f073dbb9a13","target":"f83cfcfa-d422-4b09-8d91-cbe946e54474","agreement":true,"isActive":true,"date":1702316722748,"kind":"Connector","isSelected":false,"intensity":3,"isDeletable":true,"isOver":false,"isBidirectional":false,"eventLog":[{"time":1702316722748,"type":"create connection"}]},{"id":"bda9204e-de87-4c4d-9d62-2997690dfde5","source":"c136eb4b-773c-4231-b062-849fe0d34986","target":"f83cfcfa-d422-4b09-8d91-cbe946e54474","agreement":true,"isActive":true,"date":1702316722748,"kind":"Connector","isSelected":false,"intensity":3,"isDeletable":true,"isOver":false,"isBidirectional":false,"eventLog":[{"time":1702316722748,"type":"create connection"}]},{"id":"aeed8791-76ab-4044-a212-c9c3bcf1cdb8","source":"13b56f46-1303-4b2a-b59a-ee1943959e64","target":"f83cfcfa-d422-4b09-8d91-cbe946e54474","agreement":true,"isActive":false,"date":1702316722748,"kind":"Connector","isSelected":false,"intensity":3,"isDeletable":true,"isOver":false,"isBidirectional":false,"eventLog":[{"time":1702316722748,"type":"create connection"},{"time":1702316734734,"type":"active","value":false}]},{"id":"4cda87cd-1873-4584-83ca-9fcd190ab970","source":"68a34452-0724-4498-99dd-9635ee3a53c6","target":"2d11b84a-f33d-4cca-a084-3fe3a7cc0c69","agreement":true,"isActive":true,"date":1702316722748,"kind":"Connector","isSelected":false,"intensity":3,"isDeletable":true,"isOver":false,"isBidirectional":false,"eventLog":[{"time":1702316722748,"type":"create connection"}]},{"id":"57bc257f-986f-4980-8f3a-def811fa9e5c","source":"2d11b84a-f33d-4cca-a084-3fe3a7cc0c69","target":"2affae60-921b-4b41-a8d7-c7655cdb7be5","agreement":true,"isActive":true,"date":1702316722748,"kind":"Connector","isSelected":false,"intensity":3,"isDeletable":true,"isOver":false,"isBidirectional":false,"eventLog":[{"time":1702316722748,"type":"create connection"}]},{"id":"61539c65-8354-437d-b46e-6d868557876f","source":"6cdf165e-1e9c-4135-bdd0-dfc8b950c303","target":"2d11b84a-f33d-4cca-a084-3fe3a7cc0c69","agreement":true,"isActive":true,"date":1702316722748,"kind":"Connector","isSelected":false,"intensity":3,"isDeletable":true,"isOver":false,"isBidirectional":false,"eventLog":[{"time":1702316722748,"type":"create connection"}]},{"id":"722d0a7e-e302-472f-81f2-841c240819f8","source":"4e2fdb77-9f9c-4ee2-9e0e-28f2294a4221","target":"9f482fc4-048a-4775-83f0-e9bfec9cc801","agreement":true,"isActive":true,"date":1702316778003,"kind":"Connector","isSelected":false,"intensity":6,"isDeletable":true,"isOver":false,"isBidirectional":false,"eventLog":[{"time":1702316778003,"type":"create connection"},{"time":1702316779313,"type":"selected","value":1},{"time":1702316781293,"type":"change intensity of connector","value":6},{"time":1702316781293,"type":"selected","value":0}]}],"currentID":{},"currentNode":{},"hasSelectedNode":[false],"currentConnector":{},"hasSelectedConnector":[false],"readyToMove":[false],"isIncoming":[false],"hasElementMoved":[false]}
