{"idCAM":["85f22ceb-b65d-48ed-94f4-3cf3335f6159"],"creator":["63eb38339e72d01818aeb71b_pre"],"projectCAM":["S2_CAM part 1"],"defocusCAM":[17943,13607,5265],"date":[1702310777601],"nodes":[{"id":"91c49b40-093d-45ee-bb1e-8a60d14a4ec1","value":0,"text":"rescue robot","comment":"","position":{"x":650,"y":400},"isActive":true,"date":1702310778480,"kind":"Node","isSelected":false,"isConnectorSelected":false,"isDraggable":0,"isDeletable":0,"hasElementMoved":false,"eventLog":[{"time":1702310778480,"type":"create node","value":0}],"isTextChangeable":0},{"id":"b4487515-8812-4301-83a3-bc5934eda444","value":0,"text":"disadvantages","comment":"","position":{"x":450,"y":400},"isActive":true,"date":1702310778480,"kind":"Node","isSelected":false,"isConnectorSelected":false,"isDraggable":0,"isDeletable":0,"hasElementMoved":false,"eventLog":[{"time":1702310778480,"type":"create node","value":0}],"isTextChangeable":0},{"id":"da465b91-b2f6-4f8a-87e0-55c1b652e041","value":0,"text":"advantages","comment":"","position":{"x":850,"y":400},"isActive":true,"date":1702310778480,"kind":"Node","isSelected":false,"isConnectorSelected":false,"isDraggable":0,"isDeletable":0,"hasElementMoved":false,"eventLog":[{"time":1702310778480,"type":"create node","value":0}],"isTextChangeable":0},{"id":"6661c19a-a42a-4393-953c-12e155808969","value":2,"text":"places of deployment","comment":"","position":{"x":848,"y":278},"isActive":true,"date":1702310781214,"kind":"Node","isSelected":false,"isConnectorSelected":false,"isDraggable":1,"isDeletable":1,"hasElementMoved":false,"eventLog":[{"time":1702310781214,"type":"create node","value":"0"},{"time":1702310783921,"type":"selected","value":"TRUE"},{"time":1702310817437,"type":"text","value":"Einsatzorte"},{"time":1702310817437,"type":"value","value":"2"},{"time":1702310817437,"type":"selected","value":"FALSE"}],"isTextChangeable":1},{"id":"f5b8f9d2-ccdc-4944-9d87-7b408c7087bd","value":2,"text":"self-sufficient","comment":"","position":{"x":851,"y":521},"isActive":true,"date":1702310821465,"kind":"Node","isSelected":false,"isConnectorSelected":false,"isDraggable":1,"isDeletable":1,"hasElementMoved":false,"eventLog":[{"time":"1702310821465","type":"create node","value":[0]},{"time":"1702310850035","type":"selected","value":[true]},{"time":"1702310856734","type":"text","value":["Autark"]},{"time":"1702310856734","type":"value","value":[2]},{"time":"1702310856734","type":"selected","value":[false]},{"time":"2023-12-11T16:07:43.240Z","type":"position","value":{"x":[868],"y":[523]}},{"time":"2023-12-11T16:07:45.832Z","type":"position","value":{"x":[845],"y":[522]}}],"isTextChangeable":1},{"id":"fdc07fac-113f-4f29-b56a-b757dbd3ab73","value":10,"text":"autonomy","comment":"","position":{"x":649,"y":507},"isActive":true,"date":1702310837395,"kind":"Node","isSelected":false,"isConnectorSelected":false,"isDraggable":1,"isDeletable":1,"hasElementMoved":false,"eventLog":[{"time":"1702310837395","type":"create node","value":[0]},{"time":"1702310838160","type":"selected","value":[true]},{"time":"1702310845568","type":"text","value":["Autonomie"]},{"time":"1702310845568","type":"value","value":[10]},{"time":"1702310845568","type":"selected","value":[false]},{"time":"2023-12-11T16:07:27.084Z","type":"position","value":{"x":[653],"y":[509]}},{"time":"2023-12-11T16:07:27.253Z","type":"position","value":{"x":[668],"y":[359]}}],"isTextChangeable":1},{"id":"d204436e-33ac-40b3-9031-e48161220af2","value":1,"text":"exclusion human failure","comment":"","position":{"x":1013,"y":399},"isActive":true,"date":1702310868585,"kind":"Node","isSelected":false,"isConnectorSelected":false,"isDraggable":1,"isDeletable":1,"hasElementMoved":false,"eventLog":[{"time":1702310868585,"type":"create node","value":"0"},{"time":1702310877620,"type":"selected","value":"TRUE"},{"time":1702310888527,"type":"text","value":"Auschluss menschliches Versagen"},{"time":1702310888527,"type":"value","value":"1"},{"time":1702310888527,"type":"selected","value":"FALSE"}],"isTextChangeable":1},{"id":"70a52089-39f0-4dde-847c-b150786b549b","value":-1,"text":"exclusion human autonomy","comment":"","position":{"x":280,"y":400},"isActive":true,"date":1702310890057,"kind":"Node","isSelected":false,"isConnectorSelected":false,"isDraggable":1,"isDeletable":1,"hasElementMoved":false,"eventLog":[{"time":"1702310890057","type":"create node","value":[0]},{"time":"1702310890977","type":"selected","value":[true]},{"time":"1702310913070","type":"text","value":["Auschluss menschliche Autonomie"]},{"time":"1702310913070","type":"value","value":[-1]},{"time":"1702310913070","type":"selected","value":[false]},{"time":"1702310913654","type":"selected","value":[true]},{"time":"1702310914213","type":"selected","value":[false]},{"time":"1702310915427","type":"selected","value":[true]},{"time":"1702310917099","type":"selected","value":[false]},{"time":"2023-12-11T16:08:38.756Z","type":"position","value":{"x":[213],"y":[421]}}],"isTextChangeable":1},{"id":"50ecfecf-20aa-4cbf-a8df-6186cf7a9b08","value":-3,"text":"abuse of technology","comment":"","position":{"x":456,"y":273},"isActive":true,"date":1702310920905,"kind":"Node","isSelected":false,"isConnectorSelected":false,"isDraggable":1,"isDeletable":1,"hasElementMoved":false,"eventLog":[{"time":"1702310920905","type":"create node","value":[0]},{"time":"1702310921709","type":"selected","value":[true]},{"time":"1702310937517","type":"text","value":["Missbrauch der Technik"]},{"time":"1702310937517","type":"value","value":[-3]},{"time":"1702310937517","type":"selected","value":[false]},{"time":"2023-12-11T16:08:59.842Z","type":"position","value":{"x":[462],"y":[264]}}],"isTextChangeable":1},{"id":"fe89bf67-0fe0-43e3-90d6-f9c70428ad14","value":-2,"text":"AI - morality","comment":"","position":{"x":437,"y":519},"isActive":true,"date":1702310942320,"kind":"Node","isSelected":false,"isConnectorSelected":false,"isDraggable":1,"isDeletable":1,"hasElementMoved":false,"eventLog":[{"time":"1702310942320","type":"create node","value":[0]},{"time":"1702310942586","type":"selected","value":[true]},{"time":"1702310957875","type":"text","value":["KI - Moral"]},{"time":"1702310957875","type":"value","value":[-2]},{"time":"1702310957875","type":"selected","value":[false]},{"time":"2023-12-11T16:09:18.978Z","type":"position","value":{"x":[463],"y":[523]}},{"time":"2023-12-11T16:09:23.406Z","type":"position","value":{"x":[468],"y":[522]}}],"isTextChangeable":1},{"id":"556f13a1-ecaa-48b7-b837-35cf7f53c50b","value":0,"text":"","comment":"","position":{"x":600,"y":504},"isActive":false,"date":1702310960775,"kind":"Node","isSelected":false,"isConnectorSelected":false,"isDraggable":1,"isDeletable":1,"hasElementMoved":false,"eventLog":[{"time":1702310960775,"type":"create node","value":0},{"time":1702310962210,"type":"node was deleted","value":-77}],"isTextChangeable":1},{"id":"7bfd3c7d-3a51-49e7-93c9-38633bc1bb6a","value":0,"text":"","comment":"","position":{"x":537,"y":593},"isActive":false,"date":1702310964151,"kind":"Node","isSelected":false,"isConnectorSelected":false,"isDraggable":1,"isDeletable":1,"hasElementMoved":false,"eventLog":[{"time":1702310964151,"type":"create node","value":0},{"time":1702310965483,"type":"node was deleted","value":-77}],"isTextChangeable":1}],"connectors":[{"id":"d8080a3c-2f16-408f-97cc-92f91c4c1e6d","source":"91c49b40-093d-45ee-bb1e-8a60d14a4ec1","target":"b4487515-8812-4301-83a3-bc5934eda444","agreement":true,"isActive":true,"date":1702310778481,"kind":"Connector","isSelected":false,"intensity":3,"isDeletable":false,"isOver":false,"isBidirectional":false,"eventLog":[{"time":1702310778481,"type":"create connection"}]},{"id":"40343188-9750-4663-9fcb-e4303a3b0823","source":"91c49b40-093d-45ee-bb1e-8a60d14a4ec1","target":"da465b91-b2f6-4f8a-87e0-55c1b652e041","agreement":true,"isActive":true,"date":1702310778481,"kind":"Connector","isSelected":false,"intensity":3,"isDeletable":true,"isOver":false,"isBidirectional":false,"eventLog":[{"time":1702310778481,"type":"create connection"}]},{"id":"73b34fc6-846d-49f7-85d5-bf71979d2583","source":"da465b91-b2f6-4f8a-87e0-55c1b652e041","target":"6661c19a-a42a-4393-953c-12e155808969","agreement":true,"isActive":true,"date":1702310818232,"kind":"Connector","isSelected":false,"intensity":3,"isDeletable":true,"isOver":false,"isBidirectional":false,"eventLog":[{"time":1702310818232,"type":"create connection"}]},{"id":"fff7d7bf-8402-435d-a2d5-f107bfffbf82","source":"91c49b40-093d-45ee-bb1e-8a60d14a4ec1","target":"fdc07fac-113f-4f29-b56a-b757dbd3ab73","agreement":true,"isActive":true,"date":1702310846367,"kind":"Connector","isSelected":false,"intensity":3,"isDeletable":true,"isOver":false,"isBidirectional":false,"eventLog":[{"time":1702310846367,"type":"create connection"}]},{"id":"6c68768d-7368-49bf-b827-bad6a2e9f33a","source":"da465b91-b2f6-4f8a-87e0-55c1b652e041","target":"f5b8f9d2-ccdc-4944-9d87-7b408c7087bd","agreement":true,"isActive":true,"date":1702310857771,"kind":"Connector","isSelected":false,"intensity":3,"isDeletable":true,"isOver":false,"isBidirectional":false,"eventLog":[{"time":1702310857771,"type":"create connection"}]},{"id":"d076aca3-b475-408a-ad23-1644fea47ace","source":"fdc07fac-113f-4f29-b56a-b757dbd3ab73","target":"f5b8f9d2-ccdc-4944-9d87-7b408c7087bd","agreement":false,"isActive":true,"date":1702310858730,"kind":"Connector","isSelected":false,"intensity":6,"isDeletable":true,"isOver":false,"isBidirectional":false,"eventLog":[{"time":1702310858730,"type":"create connection"},{"time":1702310860152,"type":"selected","value":1},{"time":1702310862240,"type":"change intensity of connector","value":-6},{"time":1702310862240,"type":"selected","value":0}]},{"id":"bee4b631-7d19-4b18-a5b5-161d747cd18a","source":"da465b91-b2f6-4f8a-87e0-55c1b652e041","target":"d204436e-33ac-40b3-9031-e48161220af2","agreement":true,"isActive":true,"date":1702310889179,"kind":"Connector","isSelected":false,"intensity":3,"isDeletable":true,"isOver":false,"isBidirectional":false,"eventLog":[{"time":1702310889179,"type":"create connection"}]},{"id":"371015da-975b-4489-8c30-099399a779fc","source":"b4487515-8812-4301-83a3-bc5934eda444","target":"70a52089-39f0-4dde-847c-b150786b549b","agreement":true,"isActive":true,"date":1702310918314,"kind":"Connector","isSelected":false,"intensity":3,"isDeletable":true,"isOver":false,"isBidirectional":false,"eventLog":[{"time":1702310918314,"type":"create connection"}]},{"id":"4781d9c6-7a6e-4703-a2e2-db5a5ce624d7","source":"50ecfecf-20aa-4cbf-a8df-6186cf7a9b08","target":"b4487515-8812-4301-83a3-bc5934eda444","agreement":true,"isActive":true,"date":1702310938208,"kind":"Connector","isSelected":false,"intensity":3,"isDeletable":true,"isOver":false,"isBidirectional":false,"eventLog":[{"time":1702310938208,"type":"create connection"}]},{"id":"60294cde-ec0a-44e5-95e8-1f374ccdcf4c","source":"b4487515-8812-4301-83a3-bc5934eda444","target":"fe89bf67-0fe0-43e3-90d6-f9c70428ad14","agreement":true,"isActive":true,"date":1702310958566,"kind":"Connector","isSelected":false,"intensity":3,"isDeletable":true,"isOver":false,"isBidirectional":false,"eventLog":[{"time":1702310958566,"type":"create connection"}]},{"id":"66a5add6-ee77-41e7-8c7f-61ff2ce0ce36","source":"fdc07fac-113f-4f29-b56a-b757dbd3ab73","target":"fe89bf67-0fe0-43e3-90d6-f9c70428ad14","agreement":true,"isActive":true,"date":1702310962979,"kind":"Connector","isSelected":false,"intensity":3,"isDeletable":true,"isOver":false,"isBidirectional":false,"eventLog":[{"time":1702310962979,"type":"create connection"}]}],"currentID":{},"currentNode":{},"hasSelectedNode":[false],"currentConnector":{},"hasSelectedConnector":[false],"readyToMove":[false],"isIncoming":[false],"hasElementMoved":[false]}
