{"idCAM":["91382d5b-ad18-4b01-bd87-7a6f8c5a35d1"],"creator":["63eb514012c203a7a2146262_pre"],"projectCAM":["S2_CAM part 1"],"defocusCAM":[],"date":[1702377830608],"nodes":[{"id":"6a670021-7334-43f3-a7ba-a97f98c8944a","value":0,"text":"rescue robot","comment":"","position":{"x":650,"y":400},"isActive":true,"date":1702377831506,"kind":"Node","isSelected":false,"isConnectorSelected":false,"isDraggable":0,"isDeletable":0,"hasElementMoved":false,"eventLog":[{"time":"1702377831506","type":"create node","value":[0]},{"time":"2023-12-12T10:44:03.508Z","type":"position","value":{"x":[645.8889],"y":[401.3333]}}],"isTextChangeable":0},{"id":"5a721d8b-393b-4fae-b34e-64f3ec71121d","value":0,"text":"disadvantages","comment":"","position":{"x":450,"y":400},"isActive":true,"date":1702377831507,"kind":"Node","isSelected":false,"isConnectorSelected":false,"isDraggable":0,"isDeletable":0,"hasElementMoved":false,"eventLog":[{"time":"1702377831507","type":"create node","value":[0]},{"time":"1702378161716","type":"selected","value":[true]},{"time":"1702378162799","type":"selected","value":[false]},{"time":"2023-12-12T10:50:42.981Z","type":"position","value":{"x":[445.4],"y":[392.6]}},{"time":"2023-12-12T10:50:46.465Z","type":"position","value":{"x":[451.4],"y":[404.6]}},{"time":"2023-12-12T10:50:47.749Z","type":"position","value":{"x":[432.4],"y":[399.6]}},{"time":"2023-12-12T10:50:57.071Z","type":"position","value":{"x":[432.4],"y":[413.6]}},{"time":"2023-12-12T10:51:05.365Z","type":"position","value":{"x":[437.4],"y":[396.6]}}],"isTextChangeable":0},{"id":"8fd793e7-0ad7-4366-8535-3b0eb34b77bb","value":0,"text":"advantages","comment":"","position":{"x":850,"y":400},"isActive":true,"date":1702377831507,"kind":"Node","isSelected":false,"isConnectorSelected":false,"isDraggable":0,"isDeletable":0,"hasElementMoved":false,"eventLog":[{"time":"1702377831507","type":"create node","value":[0]},{"time":"2023-12-12T10:48:37.951Z","type":"position","value":{"x":[877.8889],"y":[408.3333]}},{"time":"2023-12-12T10:48:38.134Z","type":"position","value":{"x":[1027.8889],"y":[264.3333]}},{"time":"2023-12-12T10:48:38.185Z","type":"position","value":{"x":[1035.8889],"y":[256.3333]}},{"time":"2023-12-12T10:48:44.874Z","type":"position","value":{"x":[844.8889],"y":[414.3333]}},{"time":"2023-12-12T10:48:45.134Z","type":"position","value":{"x":[998.8889],"y":[295.3333]}},{"time":"2023-12-12T10:48:52.705Z","type":"position","value":{"x":[867.8889],"y":[408.3333]}},{"time":"2023-12-12T10:48:52.973Z","type":"position","value":{"x":[1019.8889],"y":[398.3333]}},{"time":"1702378133898","type":"selected","value":[true]},{"time":"1702378134746","type":"selected","value":[false]},{"time":"2023-12-12T10:48:55.600Z","type":"position","value":{"x":[841.8889],"y":[401.3333]}},{"time":"2023-12-12T10:48:55.986Z","type":"position","value":{"x":[996.8889],"y":[323.3333]}},{"time":"2023-12-12T10:49:32.150Z","type":"position","value":{"x":[864.8889],"y":[406.3333]}},{"time":"2023-12-12T10:49:41.051Z","type":"position","value":{"x":[812.8889],"y":[399.3333]}},{"time":"2023-12-12T10:49:42.201Z","type":"position","value":{"x":[839.8889],"y":[400.3333]}},{"time":"2023-12-12T10:49:56.724Z","type":"position","value":{"x":[864.4],"y":[403.6]}},{"time":"2023-12-12T10:49:56.880Z","type":"position","value":{"x":[1053.4],"y":[285.6]}},{"time":"2023-12-12T10:50:05.051Z","type":"position","value":{"x":[864.4],"y":[404.6]}},{"time":"2023-12-12T10:50:06.474Z","type":"position","value":{"x":[849.4],"y":[405.6]}},{"time":"1702378207900","type":"selected","value":[true]},{"time":"1702378208700","type":"selected","value":[false]},{"time":"2023-12-12T10:50:10.734Z","type":"position","value":{"x":[864.4],"y":[393.6]}},{"time":"2023-12-12T10:50:11.668Z","type":"position","value":{"x":[853.4],"y":[388.6]}},{"time":"2023-12-12T10:50:11.816Z","type":"position","value":{"x":[1005.4],"y":[369.6]}},{"time":"2023-12-12T10:50:12.533Z","type":"position","value":{"x":[841.4],"y":[406.6]}},{"time":"2023-12-12T10:50:12.633Z","type":"position","value":{"x":[995.4],"y":[399.6]}},{"time":"2023-12-12T10:50:16.333Z","type":"position","value":{"x":[860.4],"y":[382.6]}},{"time":"2023-12-12T10:50:19.534Z","type":"position","value":{"x":[811.4],"y":[402.6]}},{"time":"2023-12-12T10:50:19.832Z","type":"position","value":{"x":[964.4],"y":[398.6]}},{"time":"2023-12-12T10:50:20.067Z","type":"position","value":{"x":[1120.4],"y":[370.6]}},{"time":"2023-12-12T10:50:21.584Z","type":"position","value":{"x":[857.4],"y":[401.6]}},{"time":"2023-12-12T10:50:21.899Z","type":"position","value":{"x":[1015.4],"y":[378.6]}},{"time":"2023-12-12T10:50:22.249Z","type":"position","value":{"x":[1165.4],"y":[333.6]}},{"time":"2023-12-12T10:50:23.283Z","type":"position","value":{"x":[838.4],"y":[399.6]}},{"time":"2023-12-12T10:50:23.699Z","type":"position","value":{"x":[1014.4],"y":[367.6]}},{"time":"2023-12-12T10:50:23.799Z","type":"position","value":{"x":[1164.4],"y":[346.6]}}],"isTextChangeable":0},{"id":"5ee29705-57e5-483f-90ed-ca6951977e4b","value":1,"text":"flexibility","comment":"Robots can be flexibly accessed and used","position":{"x":830.8889,"y":516.3333},"isActive":true,"date":1702377846968,"kind":"Node","isSelected":false,"isConnectorSelected":false,"isDraggable":1,"isDeletable":1,"hasElementMoved":false,"eventLog":[{"time":"1702377846968","type":"create node","value":[0]},{"time":"1702377848015","type":"selected","value":[true]},{"time":"1702377865682","type":"text","value":["Flexiblität"]},{"time":"1702377865682","type":"value","value":[1]},{"time":"1702377865682","type":"comment","value":["Roboter können flexibel abgerufen und eingesetzt werden"]},{"time":"1702377865682","type":"selected","value":[false]},{"time":"2023-12-12T10:44:28.109Z","type":"position","value":{"x":[908.8889],"y":[477.3333]}},{"time":"2023-12-12T10:44:29.708Z","type":"position","value":{"x":[875.8889],"y":[401.3333]}},{"time":"1702377870581","type":"selected","value":[true]},{"time":"1702377872520","type":"selected","value":[false]},{"time":"2023-12-12T10:49:31.100Z","type":"position","value":{"x":[961.8889],"y":[505.3333]}},{"time":"2023-12-12T10:49:31.267Z","type":"position","value":{"x":[807.8889],"y":[518.3333]}},{"time":"1702378176456","type":"selected","value":[true]},{"time":"1702378177606","type":"selected","value":[false]}],"isTextChangeable":1},{"id":"b659930d-2fac-4a44-8757-0355ca7927e3","value":1,"text":"cost-effective","comment":"Robots can be produced cost-effectively","position":{"x":968.8889,"y":197.3333},"isActive":true,"date":1702377873874,"kind":"Node","isSelected":false,"isConnectorSelected":false,"isDraggable":1,"isDeletable":1,"hasElementMoved":false,"eventLog":[{"time":"1702377873874","type":"create node","value":[0]},{"time":"1702377873927","type":"selected","value":[true]},{"time":"1702377890652","type":"text","value":["Kostengünstig"]},{"time":"1702377890652","type":"value","value":[1]},{"time":"1702377890652","type":"comment","value":["Roboter können kostengünstig hergestellt werden"]},{"time":"1702377890652","type":"selected","value":[false]},{"time":"2023-12-12T10:48:27.654Z","type":"position","value":{"x":[975.8889],"y":[359.3333]}},{"time":"2023-12-12T10:48:33.784Z","type":"position","value":{"x":[914.8889],"y":[350.3333]}},{"time":"2023-12-12T10:48:39.521Z","type":"position","value":{"x":[923.8889],"y":[294.3333]}},{"time":"2023-12-12T10:48:47.267Z","type":"position","value":{"x":[841.8889],"y":[277.3333]}},{"time":"2023-12-12T10:48:47.984Z","type":"position","value":{"x":[992.8889],"y":[229.3333]}},{"time":"2023-12-12T10:48:48.833Z","type":"position","value":{"x":[835.8889],"y":[334.3333]}},{"time":"2023-12-12T10:48:48.934Z","type":"position","value":{"x":[682.8889],"y":[337.3333]}},{"time":"2023-12-12T10:48:49.717Z","type":"position","value":{"x":[832.8889],"y":[238.3333]}},{"time":"2023-12-12T10:48:59.507Z","type":"position","value":{"x":[848.8889],"y":[240.3333]}},{"time":"2023-12-12T10:49:00.037Z","type":"position","value":{"x":[1003.8889],"y":[278.3333]}},{"time":"2023-12-12T10:49:00.534Z","type":"position","value":{"x":[1028.8889],"y":[393.3333]}},{"time":"2023-12-12T10:49:01.085Z","type":"position","value":{"x":[1040.8889],"y":[242.3333]}},{"time":"2023-12-12T10:49:01.234Z","type":"position","value":{"x":[1154.8889],"y":[188.3333]}},{"time":"2023-12-12T10:49:01.867Z","type":"position","value":{"x":[1001.8889],"y":[221.3333]}}],"isTextChangeable":1},{"id":"e96e8e65-da1b-485b-9a50-6992802c48a3","value":-2,"text":"moral issues","comment":"Can a robot make decisions by itself?","position":{"x":322.8889,"y":542.3333},"isActive":true,"date":1702377898435,"kind":"Node","isSelected":false,"isConnectorSelected":false,"isDraggable":1,"isDeletable":1,"hasElementMoved":false,"eventLog":[{"time":"1702377898435","type":"create node","value":[0]},{"time":"1702377898485","type":"selected","value":[true]},{"time":"1702377915487","type":"text","value":["Moralische Problematiken"]},{"time":"1702377915487","type":"value","value":[-2]},{"time":"1702377915487","type":"comment","value":["Kann ein Roboter selbst entscheiden?"]},{"time":"1702377915487","type":"selected","value":[false]},{"time":"2023-12-12T10:49:14.984Z","type":"position","value":{"x":[381.8889],"y":[476.3333]}}],"isTextChangeable":1},{"id":"fee24978-bc86-4cc5-b9f3-44b303c517fb","value":-1,"text":"ethical difficulties","comment":"Can a robot make a killing decision?","position":{"x":149.4,"y":346.6},"isActive":true,"date":1702377917689,"kind":"Node","isSelected":false,"isConnectorSelected":false,"isDraggable":1,"isDeletable":1,"hasElementMoved":false,"eventLog":[{"time":"1702377917689","type":"create node","value":[0]},{"time":"1702377917738","type":"selected","value":[true]},{"time":"1702377935343","type":"text","value":["Ethische Schwierigkeiten"]},{"time":"1702377935343","type":"value","value":[-1]},{"time":"1702377935343","type":"comment","value":["Darf ein Roboter eine Tötungsentscheidung fällen?"]},{"time":"1702377935343","type":"selected","value":[false]},{"time":"2023-12-12T10:49:16.288Z","type":"position","value":{"x":[302.8889],"y":[371.3333]}},{"time":"2023-12-12T10:50:50.064Z","type":"position","value":{"x":[289.4],"y":[327.6]}},{"time":"2023-12-12T10:50:51.415Z","type":"position","value":{"x":[293.4],"y":[414.6]}},{"time":"2023-12-12T10:50:52.406Z","type":"position","value":{"x":[299.4],"y":[410.6]}},{"time":"2023-12-12T10:51:08.964Z","type":"position","value":{"x":[268.4],"y":[362.6]}},{"time":"1702378273109","type":"selected","value":[true]},{"time":"1702378273920","type":"selected","value":[false]},{"time":"2023-12-12T10:51:15.631Z","type":"position","value":{"x":[179.4],"y":[357.6]}},{"time":"2023-12-12T10:51:28.149Z","type":"position","value":{"x":[179.4],"y":[380.6]}}],"isTextChangeable":1},{"id":"f493f9e6-50df-493d-8cdc-20d070aff56c","value":-1,"text":"neighborliness","comment":"People in need may not find robots helpful","position":{"x":358.4,"y":287.6},"isActive":true,"date":1702377937142,"kind":"Node","isSelected":false,"isConnectorSelected":false,"isDraggable":1,"isDeletable":1,"hasElementMoved":false,"eventLog":[{"time":"1702377937142","type":"create node","value":[0]},{"time":"1702377937185","type":"selected","value":[true]},{"time":"1702377957768","type":"text","value":["Nahbarkeit"]},{"time":"1702377957768","type":"comment","value":["Menschen in Not nehmen Roboter womöglich nicht hilfreich war"]},{"time":"1702377957768","type":"selected","value":[false]},{"time":"1702377962037","type":"selected","value":[true]},{"time":"1702377964547","type":"value","value":[-1]},{"time":"1702377964547","type":"selected","value":[false]},{"time":"2023-12-12T10:49:15.750Z","type":"position","value":{"x":[362.8889],"y":[343.3333]}},{"time":"2023-12-12T10:50:49.115Z","type":"position","value":{"x":[355.4],"y":[284.6]}},{"time":"2023-12-12T10:50:50.848Z","type":"position","value":{"x":[358.4],"y":[286.6]}}],"isTextChangeable":1},{"id":"1c4caf09-5b45-49a5-9f7b-e9190623f928","value":1,"text":"danger","comment":"No people are endangered during the operation","position":{"x":1186.4,"y":328.6},"isActive":true,"date":1702377967472,"kind":"Node","isSelected":false,"isConnectorSelected":false,"isDraggable":1,"isDeletable":1,"hasElementMoved":false,"eventLog":[{"time":"1702377967472","type":"create node","value":[0]},{"time":"1702377968911","type":"selected","value":[true]},{"time":"1702377987643","type":"text","value":["Gefährdung"]},{"time":"1702377987643","type":"comment","value":["Es werden keine Menschen gefährdet beim Einsatz"]},{"time":"1702377987643","type":"selected","value":[false]},{"time":"1702377989880","type":"selected","value":[true]},{"time":"1702377990292","type":"selected","value":[false]},{"time":"1702377991267","type":"selected","value":[true]},{"time":"1702377992589","type":"value","value":[1]},{"time":"1702377992589","type":"selected","value":[false]},{"time":"2023-12-12T10:50:04.207Z","type":"position","value":{"x":[1086.4],"y":[372.6]}},{"time":"2023-12-12T10:50:09.952Z","type":"position","value":{"x":[1044.4],"y":[360.6]}},{"time":"2023-12-12T10:50:14.383Z","type":"position","value":{"x":[1024.4],"y":[359.6]}},{"time":"2023-12-12T10:50:15.466Z","type":"position","value":{"x":[1022.4],"y":[388.6]}},{"time":"2023-12-12T10:50:28.232Z","type":"position","value":{"x":[1180.4],"y":[342.6]}},{"time":"2023-12-12T10:50:28.666Z","type":"position","value":{"x":[1171.4],"y":[192.6]}},{"time":"2023-12-12T10:50:29.036Z","type":"position","value":{"x":[1185.4],"y":[178.6]}},{"time":"2023-12-12T10:50:29.299Z","type":"position","value":{"x":[1196.4],"y":[333.6]}},{"time":"2023-12-12T10:50:38.199Z","type":"position","value":{"x":[1188.4],"y":[326.6]}}],"isTextChangeable":1},{"id":"b7688677-7923-48c3-8f6b-b82bf355c179","value":2,"text":"evaluation","comment":"The behavior of robots can be observed and subsequently changed","position":{"x":1188.4,"y":424.6},"isActive":true,"date":1702377993013,"kind":"Node","isSelected":false,"isConnectorSelected":false,"isDraggable":1,"isDeletable":1,"hasElementMoved":false,"eventLog":[{"time":"1702377993013","type":"create node","value":[0]},{"time":"1702377993049","type":"selected","value":[true]},{"time":"1702378016701","type":"text","value":["Auswertung"]},{"time":"1702378016702","type":"comment","value":["Verhalten von Robotern kann beobachtet und anschließend verändert werden"]},{"time":"1702378016702","type":"selected","value":[false]},{"time":"2023-12-12T10:46:57.553Z","type":"position","value":{"x":[1076.8889],"y":[460.3333]}},{"time":"1702378017885","type":"selected","value":[true]},{"time":"1702378019563","type":"value","value":[2]},{"time":"1702378019563","type":"selected","value":[false]},{"time":"2023-12-12T10:50:33.658Z","type":"position","value":{"x":[1096.4],"y":[457.6]}}],"isTextChangeable":1},{"id":"1bc135e3-33ab-432e-aedb-4062248b0213","value":3,"text":"usability","comment":"Robots can be flown to places with drones that are inaccessible to humans.","position":{"x":1093.4,"y":362.6},"isActive":true,"date":1702378020129,"kind":"Node","isSelected":false,"isConnectorSelected":false,"isDraggable":1,"isDeletable":1,"hasElementMoved":false,"eventLog":[{"time":"1702378020129","type":"create node","value":[0]},{"time":"2023-12-12T10:47:01.755Z","type":"position","value":{"x":[1068.8889],"y":[519.3333]}},{"time":"1702378024883","type":"selected","value":[true]},{"time":"1702378025293","type":"selected","value":[false]},{"time":"1702378027226","type":"selected","value":[true]},{"time":"1702378053085","type":"text","value":["Einsetzbarkeit"]},{"time":"1702378053085","type":"value","value":[3]},{"time":"1702378053085","type":"comment","value":["Roboter können mit Dronen an Orte geflogen werden, die Menschen nicht zugänglich sind"]},{"time":"1702378053085","type":"selected","value":[false]},{"time":"2023-12-12T10:50:35.902Z","type":"position","value":{"x":[1068.4],"y":[537.6]}},{"time":"2023-12-12T10:50:36.593Z","type":"position","value":{"x":[1109.4],"y":[473.6]}}],"isTextChangeable":1},{"id":"732d96d2-568a-4be9-a4d2-eb08ef738c98","value":-3,"text":"discrimination","comment":"Algorithms can discriminate","position":{"x":284.4,"y":424.6},"isActive":true,"date":1702378055870,"kind":"Node","isSelected":false,"isConnectorSelected":false,"isDraggable":1,"isDeletable":1,"hasElementMoved":false,"eventLog":[{"time":"1702378055870","type":"create node","value":[0]},{"time":"2023-12-12T10:47:36.969Z","type":"position","value":{"x":[221.8889],"y":[429.3333]}},{"time":"1702378057874","type":"selected","value":[true]},{"time":"1702378070421","type":"text","value":["Diskriminierung"]},{"time":"1702378070421","type":"value","value":[-3]},{"time":"1702378070421","type":"comment","value":["Algorithmen können diskriminieren"]},{"time":"1702378070421","type":"selected","value":[false]},{"time":"2023-12-12T10:49:16.786Z","type":"position","value":{"x":[211.8889],"y":[413.3333]}},{"time":"2023-12-12T10:50:54.783Z","type":"position","value":{"x":[171.4],"y":[420.6]}},{"time":"2023-12-12T10:50:55.032Z","type":"position","value":{"x":[322.4],"y":[441.6]}},{"time":"2023-12-12T10:51:04.365Z","type":"position","value":{"x":[356.4],"y":[428.6]}},{"time":"2023-12-12T10:51:06.349Z","type":"position","value":{"x":[356.4],"y":[418.6]}},{"time":"2023-12-12T10:51:07.833Z","type":"position","value":{"x":[453.4],"y":[497.6]}},{"time":"2023-12-12T10:51:08.165Z","type":"position","value":{"x":[290.4],"y":[424.6]}},{"time":"2023-12-12T10:51:11.964Z","type":"position","value":{"x":[228.4],"y":[457.6]}},{"time":"2023-12-12T10:51:12.345Z","type":"position","value":{"x":[223.4],"y":[450.6]}},{"time":"2023-12-12T10:51:14.728Z","type":"position","value":{"x":[176.4],"y":[434.6]}},{"time":"2023-12-12T10:51:16.272Z","type":"position","value":{"x":[274.4],"y":[440.6]}},{"time":"2023-12-12T10:51:24.497Z","type":"position","value":{"x":[274.4],"y":[437.6]}},{"time":"2023-12-12T10:51:29.649Z","type":"position","value":{"x":[271.4],"y":[434.6]}},{"time":"2023-12-12T10:51:30.400Z","type":"position","value":{"x":[121.4],"y":[315.6]}},{"time":"2023-12-12T10:51:30.867Z","type":"position","value":{"x":[272.4],"y":[409.6]}}],"isTextChangeable":1},{"id":"9b84cd2c-ad2a-4497-a1b4-5dc0ab1bef90","value":3,"text":"speed","comment":"Robots can be stored on site","position":{"x":1104.4,"y":258.6},"isActive":true,"date":1702378073532,"kind":"Node","isSelected":false,"isConnectorSelected":false,"isDraggable":1,"isDeletable":1,"hasElementMoved":false,"eventLog":[{"time":"1702378073532","type":"create node","value":[0]},{"time":"1702378074337","type":"selected","value":[true]},{"time":"1702378101103","type":"text","value":["Schnelligkeit"]},{"time":"1702378101103","type":"value","value":[3]},{"time":"1702378101103","type":"comment","value":["Roboter können vor Ort gelagert werden"]},{"time":"1702378101103","type":"selected","value":[false]},{"time":"2023-12-12T10:48:26.834Z","type":"position","value":{"x":[1066.8889],"y":[324.3333]}},{"time":"2023-12-12T10:49:02.647Z","type":"position","value":{"x":[1024.8889],"y":[290.3333]}},{"time":"2023-12-12T10:49:04.539Z","type":"position","value":{"x":[904.8889],"y":[311.3333]}},{"time":"2023-12-12T10:49:53.582Z","type":"position","value":{"x":[992.4],"y":[311.6]}},{"time":"2023-12-12T10:49:54.037Z","type":"position","value":{"x":[995.4],"y":[317.6]}},{"time":"2023-12-12T10:49:55.233Z","type":"position","value":{"x":[845.4],"y":[401.6]}},{"time":"2023-12-12T10:49:55.685Z","type":"position","value":{"x":[841.4],"y":[396.6]}},{"time":"2023-12-12T10:49:55.849Z","type":"position","value":{"x":[1017.4],"y":[319.6]}}],"isTextChangeable":1},{"id":"95a52208-21e7-4b06-9029-768d291c8d80","value":0,"text":"","comment":"","position":{"x":1241.4,"y":65.6},"isActive":false,"date":1702378275391,"kind":"Node","isSelected":false,"isConnectorSelected":false,"isDraggable":1,"isDeletable":1,"hasElementMoved":false,"eventLog":[{"time":"1702378275391","type":"create node","value":[0]},{"time":"2023-12-12T10:51:16.762Z","type":"position","value":{"x":[122.4],"y":[365.6]}},{"time":"2023-12-12T10:51:18.656Z","type":"position","value":{"x":[80.4],"y":[358.6]}},{"time":"2023-12-12T10:51:19.071Z","type":"position","value":{"x":[84.4],"y":[361.6]}},{"time":"2023-12-12T10:51:19.249Z","type":"position","value":{"x":[276.4],"y":[316.6]}},{"time":"2023-12-12T10:51:19.282Z","type":"position","value":{"x":[497.4],"y":[196.6]}},{"time":"2023-12-12T10:51:19.315Z","type":"position","value":{"x":[784.4],"y":[63.6]}},{"time":"2023-12-12T10:51:19.331Z","type":"position","value":{"x":[895.4],"y":[21.6]}},{"time":"2023-12-12T10:51:20.034Z","type":"position","value":{"x":[1280.4],"y":[-0.4]}},{"time":"1702378331255","type":"selected","value":[true]},{"time":"1702378331842","type":"node was deleted","value":[-99]}],"isTextChangeable":1},{"id":"a4ebe3b0-1eb6-4610-bac0-e064c19f79a2","value":0,"text":"","comment":"","position":{"x":1040.4,"y":71.6},"isActive":false,"date":1702378282366,"kind":"Node","isSelected":false,"isConnectorSelected":false,"isDraggable":1,"isDeletable":1,"hasElementMoved":false,"eventLog":[{"time":"1702378282366","type":"create node","value":[0]},{"time":"2023-12-12T10:51:23.098Z","type":"position","value":{"x":[246.4],"y":[393.6]}},{"time":"2023-12-12T10:51:23.264Z","type":"position","value":{"x":[431.4],"y":[347.6]}},{"time":"2023-12-12T10:51:23.298Z","type":"position","value":{"x":[620.4],"y":[293.6]}},{"time":"2023-12-12T10:51:23.331Z","type":"position","value":{"x":[836.4],"y":[217.6]}},{"time":"2023-12-12T10:51:23.358Z","type":"position","value":{"x":[994.4],"y":[166.6]}},{"time":"2023-12-12T10:51:23.398Z","type":"position","value":{"x":[1184.4],"y":[114.6]}},{"time":"2023-12-12T10:51:41.616Z","type":"position","value":{"x":[1262.4],"y":[17.6]}},{"time":"2023-12-12T10:51:41.832Z","type":"position","value":{"x":[1111.4],"y":[55.6]}},{"time":"1702378329782","type":"selected","value":[true]},{"time":"1702378330823","type":"node was deleted","value":[-99]}],"isTextChangeable":1}],"connectors":[{"id":"48ee6e7b-1f2b-4d17-85d4-a5a2c4767545","source":"6a670021-7334-43f3-a7ba-a97f98c8944a","target":"5a721d8b-393b-4fae-b34e-64f3ec71121d","agreement":true,"isActive":true,"date":1702377831507,"kind":"Connector","isSelected":false,"intensity":3,"isDeletable":false,"isOver":false,"isBidirectional":false,"eventLog":[{"time":1702377831507,"type":"create connection"}]},{"id":"b28065ec-4512-4939-9fb1-77ecce0b76f4","source":"6a670021-7334-43f3-a7ba-a97f98c8944a","target":"8fd793e7-0ad7-4366-8535-3b0eb34b77bb","agreement":true,"isActive":true,"date":1702377831508,"kind":"Connector","isSelected":false,"intensity":3,"isDeletable":true,"isOver":false,"isBidirectional":false,"eventLog":[{"time":1702377831508,"type":"create connection"}]},{"id":"6e6cf5f6-e309-42b4-aae4-649dd04a91ea","source":"b659930d-2fac-4a44-8757-0355ca7927e3","target":"8fd793e7-0ad7-4366-8535-3b0eb34b77bb","agreement":true,"isActive":true,"date":1702378116867,"kind":"Connector","isSelected":false,"intensity":3,"isDeletable":true,"isOver":false,"isBidirectional":false,"eventLog":[{"time":1702378116867,"type":"create connection"},{"time":1702378146824,"type":"selected","value":1},{"time":1702378148705,"type":"change intensity of connector","value":3},{"time":1702378148705,"type":"selected","value":0},{"time":1702378179261,"type":"selected","value":1},{"time":1702378179947,"type":"change intensity of connector","value":3},{"time":1702378179947,"type":"selected","value":0},{"time":1702378189678,"type":"selected","value":1},{"time":1702378192740,"type":"change intensity of connector","value":3},{"time":1702378192740,"type":"selected","value":0}]},{"id":"4d520dcf-1377-4bab-b0f0-804c28cc80f2","source":"8fd793e7-0ad7-4366-8535-3b0eb34b77bb","target":"9b84cd2c-ad2a-4497-a1b4-5dc0ab1bef90","agreement":true,"isActive":true,"date":1702378201272,"kind":"Connector","isSelected":false,"intensity":3,"isDeletable":true,"isOver":false,"isBidirectional":false,"eventLog":[{"time":1702378201272,"type":"create connection"}]},{"id":"8ac66fdd-62ff-444f-8ee8-aa85ac1f7673","source":"9b84cd2c-ad2a-4497-a1b4-5dc0ab1bef90","target":"1c4caf09-5b45-49a5-9f7b-e9190623f928","agreement":true,"isActive":true,"date":1702378230970,"kind":"Connector","isSelected":false,"intensity":3,"isDeletable":true,"isOver":false,"isBidirectional":false,"eventLog":[{"time":1702378230970,"type":"create connection"}]},{"id":"8fd37860-ab22-4a4f-83cb-fc6badcfe0ac","source":"1c4caf09-5b45-49a5-9f7b-e9190623f928","target":"b7688677-7923-48c3-8f6b-b82bf355c179","agreement":true,"isActive":true,"date":1702378234943,"kind":"Connector","isSelected":false,"intensity":3,"isDeletable":true,"isOver":false,"isBidirectional":false,"eventLog":[{"time":1702378234943,"type":"create connection"}]},{"id":"b3e7a310-785e-4607-b27d-9e14cc6fd8dd","source":"1bc135e3-33ab-432e-aedb-4062248b0213","target":"1c4caf09-5b45-49a5-9f7b-e9190623f928","agreement":true,"isActive":true,"date":1702378239216,"kind":"Connector","isSelected":false,"intensity":3,"isDeletable":true,"isOver":false,"isBidirectional":false,"eventLog":[{"time":1702378239216,"type":"create connection"}]},{"id":"9ea74f7d-72bd-4fe3-b35a-9c2a32cd27eb","source":"1bc135e3-33ab-432e-aedb-4062248b0213","target":"5ee29705-57e5-483f-90ed-ca6951977e4b","agreement":true,"isActive":true,"date":1702378240809,"kind":"Connector","isSelected":false,"intensity":3,"isDeletable":true,"isOver":false,"isBidirectional":false,"eventLog":[{"time":1702378240809,"type":"create connection"}]},{"id":"35661285-50d8-414c-897d-3a7566dcb2d1","source":"f493f9e6-50df-493d-8cdc-20d070aff56c","target":"5a721d8b-393b-4fae-b34e-64f3ec71121d","agreement":true,"isActive":true,"date":1702378244184,"kind":"Connector","isSelected":false,"intensity":3,"isDeletable":true,"isOver":false,"isBidirectional":false,"eventLog":[{"time":1702378244184,"type":"create connection"}]},{"id":"40639639-b5e5-45b9-8f67-f35082d9a5fe","source":"f493f9e6-50df-493d-8cdc-20d070aff56c","target":"fee24978-bc86-4cc5-b9f3-44b303c517fb","agreement":true,"isActive":true,"date":1702378253592,"kind":"Connector","isSelected":false,"intensity":3,"isDeletable":true,"isOver":false,"isBidirectional":false,"eventLog":[{"time":1702378253592,"type":"create connection"}]},{"id":"736def69-10f5-47b8-b518-d73fe70c8ee0","source":"732d96d2-568a-4be9-a4d2-eb08ef738c98","target":"e96e8e65-da1b-485b-9a50-6992802c48a3","agreement":true,"isActive":true,"date":1702378261353,"kind":"Connector","isSelected":false,"intensity":3,"isDeletable":true,"isOver":false,"isBidirectional":false,"eventLog":[{"time":1702378261353,"type":"create connection"}]},{"id":"bf8ab8e3-a1c8-4816-9157-242fb21f9de4","source":"732d96d2-568a-4be9-a4d2-eb08ef738c98","target":"fee24978-bc86-4cc5-b9f3-44b303c517fb","agreement":true,"isActive":true,"date":1702378294694,"kind":"Connector","isSelected":false,"intensity":3,"isDeletable":true,"isOver":false,"isBidirectional":false,"eventLog":[{"time":1702378294694,"type":"create connection"}]}],"currentID":{},"currentNode":{},"hasSelectedNode":[false],"currentConnector":{},"hasSelectedConnector":[false],"readyToMove":[false],"isIncoming":[false],"hasElementMoved":[false]}
