{"idCAM":["710e3852-acd8-4669-8426-6ee802b39388"],"creator":["63fd0b137e38c72ea19176aa_pre"],"projectCAM":["S2_CAM part 1"],"defocusCAM":[532.4],"date":[1702313429171],"nodes":[{"id":"1c613335-a977-4fc0-a655-e8c756101e33","value":1,"text":"social assistance robot","comment":"","position":{"x":650,"y":400},"isActive":true,"date":1702313430067,"kind":"Node","isSelected":false,"isConnectorSelected":false,"isDraggable":0,"isDeletable":0,"hasElementMoved":false,"eventLog":[{"time":1702313430067,"type":"create node","value":0},{"time":1702313450804,"type":"selected","value":1},{"time":1702313455181,"type":"value","value":1},{"time":1702313455181,"type":"selected","value":0}],"isTextChangeable":0},{"id":"6d4bc8cb-8428-4e9e-8c72-54c4ed93b737","value":0,"text":"disadvantages","comment":"","position":{"x":450,"y":400},"isActive":true,"date":1702313430067,"kind":"Node","isSelected":false,"isConnectorSelected":false,"isDraggable":0,"isDeletable":0,"hasElementMoved":false,"eventLog":[{"time":1702313430067,"type":"create node","value":0}],"isTextChangeable":0},{"id":"36d560a2-0632-4764-a085-38bfb47158a0","value":0,"text":"advantages","comment":"","position":{"x":850,"y":400},"isActive":true,"date":1702313430067,"kind":"Node","isSelected":false,"isConnectorSelected":false,"isDraggable":0,"isDeletable":0,"hasElementMoved":false,"eventLog":[{"time":1702313430067,"type":"create node","value":0},{"time":1702313457691,"type":"selected","value":1},{"time":1702313458103,"type":"selected","value":0},{"time":1702313459001,"type":"selected","value":1},{"time":1702313460630,"type":"selected","value":0}],"isTextChangeable":0},{"id":"1bf07455-b402-4b01-a0e5-827e7f3b8174","value":3,"text":"personalization","comment":"The social interaction can be better tailored to the respective individuals","position":{"x":1000,"y":302},"isActive":true,"date":1702313462010,"kind":"Node","isSelected":false,"isConnectorSelected":false,"isDraggable":1,"isDeletable":1,"hasElementMoved":false,"eventLog":[{"time":"1702313462010","type":"create node","value":[0]},{"time":"2023-12-11T16:51:03.000Z","type":"position","value":{"x":[944],"y":[276]}},{"time":"1702313464937","type":"selected","value":[true]},{"time":"1702313517364","type":"text","value":["Personalisierung"]},{"time":"1702313517364","type":"value","value":[3]},{"time":"1702313517364","type":"comment","value":["Die soziale Interaktion kann besser auf die jeweiligen Personen ausgerichtet werden"]},{"time":"1702313517364","type":"selected","value":[false]},{"time":"2023-12-11T16:52:03.467Z","type":"position","value":{"x":[961],"y":[313]}}],"isTextChangeable":1},{"id":"fca95c61-d017-4971-8bf8-25dd1f6211ce","value":0,"text":"","comment":"","position":{"x":1010,"y":388},"isActive":false,"date":1702313525939,"kind":"Node","isSelected":false,"isConnectorSelected":false,"isDraggable":1,"isDeletable":1,"hasElementMoved":false,"eventLog":[{"time":1702313525939,"type":"create node","value":0},{"time":1702313526063,"type":"selected","value":1},{"time":1702313531283,"type":"node was deleted","value":-99}],"isTextChangeable":1},{"id":"235dd7f5-fd5c-4cff-b500-d712f7cc8701","value":10,"text":"replace human workers","comment":"","position":{"x":667,"y":249},"isActive":true,"date":1702313532385,"kind":"Node","isSelected":false,"isConnectorSelected":false,"isDraggable":1,"isDeletable":1,"hasElementMoved":false,"eventLog":[{"time":"1702313532385","type":"create node","value":[0]},{"time":"1702313532490","type":"selected","value":[true]},{"time":"1702313552858","type":"text","value":["Arbeiter ersetzen"]},{"time":"1702313552858","type":"selected","value":[false]},{"time":"2023-12-11T16:52:33.750Z","type":"position","value":{"x":[667],"y":[504]}},{"time":"2023-12-11T16:52:33.885Z","type":"position","value":{"x":[667],"y":[352]}},{"time":"1702313555882","type":"selected","value":[true]},{"time":"1702313558163","type":"value","value":[10]},{"time":"1702313558163","type":"selected","value":[false]},{"time":"2023-12-11T16:52:43.118Z","type":"position","value":{"x":[631],"y":[282]}},{"time":"2023-12-11T16:52:47.150Z","type":"position","value":{"x":[660],"y":[255]}},{"time":"2023-12-11T16:52:48.801Z","type":"position","value":{"x":[673],"y":[246]}},{"time":"2023-12-11T16:52:51.368Z","type":"position","value":{"x":[684],"y":[245]}},{"time":"1702313573021","type":"selected","value":[true]},{"time":"1702313590562","type":"text","value":["Menschliche Arbeiter ersetzen"]},{"time":"1702313590562","type":"selected","value":[false]},{"time":"2023-12-11T16:55:37.884Z","type":"position","value":{"x":[679],"y":[221]}}],"isTextChangeable":1},{"id":"2a56fcd5-ba79-4d51-aa09-a0d2f989a151","value":-1,"text":"jobs are lost","comment":"","position":{"x":525,"y":133},"isActive":true,"date":1702313592484,"kind":"Node","isSelected":false,"isConnectorSelected":false,"isDraggable":1,"isDeletable":1,"hasElementMoved":false,"eventLog":[{"time":"1702313592484","type":"create node","value":[0]},{"time":"2023-12-11T16:53:14.292Z","type":"position","value":{"x":[587],"y":[169]}},{"time":"1702313595578","type":"selected","value":[true]},{"time":"1702313604764","type":"text","value":["Arbeitsplätze gehen verloren"]},{"time":"1702313604764","type":"selected","value":[false]},{"time":"1702313751786","type":"selected","value":[true]},{"time":"1702313760032","type":"value","value":[-1]},{"time":"1702313760032","type":"selected","value":[false]},{"time":"2023-12-11T16:56:00.551Z","type":"position","value":{"x":[529],"y":[152]}},{"time":"2023-12-11T16:56:08.765Z","type":"position","value":{"x":[574],"y":[145]}},{"time":"2023-12-11T16:56:43.699Z","type":"position","value":{"x":[541],"y":[146]}}],"isTextChangeable":1},{"id":"a2c18648-79b4-493e-8954-cd044fe6d95a","value":3,"text":"more time/worker","comment":"Theoretically, one could create such an assistant for every needy person who can be there for the person 24/7. A human worker can't do this and there is a general shortage of workers in many areas.","position":{"x":809,"y":146},"isActive":true,"date":1702313606366,"kind":"Node","isSelected":false,"isConnectorSelected":false,"isDraggable":1,"isDeletable":1,"hasElementMoved":false,"eventLog":[{"time":"1702313606366","type":"create node","value":[0]},{"time":"1702313608197","type":"selected","value":[true]},{"time":"1702313736731","type":"text","value":["Mehr Zeit/Arbeiter"]},{"time":"1702313736731","type":"value","value":[3]},{"time":"1702313736731","type":"comment","value":["Theoretisch könnte man für jede bedürftige Person so einen Assistenten erstellen, der auch 24/7 für die Person da sein kann. Das kann ein menschlicher Arbeiter nicht und in vielen Bereichen fehlen allgemein Arbeiter."]},{"time":"1702313736731","type":"selected","value":[false]},{"time":"2023-12-11T16:55:44.113Z","type":"position","value":{"x":[758],"y":[164]}}],"isTextChangeable":1},{"id":"5c07bc2c-35d3-4baa-9379-6ff25f5770c0","value":0,"text":"","comment":"","position":{"x":779,"y":268},"isActive":false,"date":1702313745035,"kind":"Node","isSelected":false,"isConnectorSelected":false,"isDraggable":1,"isDeletable":1,"hasElementMoved":false,"eventLog":[{"time":1702313745035,"type":"create node","value":0},{"time":1702313747202,"type":"selected","value":1},{"time":1702313747605,"type":"selected","value":0},{"time":1702313748432,"type":"selected","value":1},{"time":1702313749445,"type":"node was deleted","value":-99}],"isTextChangeable":1},{"id":"acbad5c1-3065-499c-871c-af07ea79e8d7","value":0,"text":"","comment":"","position":{"x":773,"y":567},"isActive":false,"date":1702313770743,"kind":"Node","isSelected":false,"isConnectorSelected":false,"isDraggable":1,"isDeletable":1,"hasElementMoved":false,"eventLog":[{"time":1702313770743,"type":"create node","value":0},{"time":1702313772601,"type":"selected","value":1},{"time":1702313773682,"type":"node was deleted","value":-99}],"isTextChangeable":1},{"id":"a396dd4f-d942-41e9-914f-a7216d5ee092","value":-1,"text":"possible defects","comment":"Possible defects could cause the interactions between robots and humans to be toxic or harmful.","position":{"x":309,"y":318},"isActive":true,"date":1702313822948,"kind":"Node","isSelected":false,"isConnectorSelected":false,"isDraggable":1,"isDeletable":1,"hasElementMoved":false,"eventLog":[{"time":1702313822948,"type":"create node","value":"0"},{"time":1702313823864,"type":"selected","value":"TRUE"},{"time":1702313862251,"type":"text","value":"mögliche Defekte"},{"time":1702313862251,"type":"value","value":"-1"},{"time":1702313862251,"type":"comment","value":"Mögliche Defekte könnten dafür Sorgen, dass die Interaktionen zwischen Roboter und Mensch toxisch oder schädlich sein können"},{"time":1702313862251,"type":"selected","value":"FALSE"}],"isTextChangeable":1},{"id":"3b9537fb-4363-4763-93fb-a01c7ad4ccc8","value":-1,"text":"no empathy","comment":"The robots cannot feel or express empathy, only artificial empathy, which is often seen through.","position":{"x":298,"y":412},"isActive":true,"date":1702313902743,"kind":"Node","isSelected":false,"isConnectorSelected":false,"isDraggable":1,"isDeletable":1,"hasElementMoved":false,"eventLog":[{"time":"1702313902743","type":"create node","value":[0]},{"time":"1702313904509","type":"selected","value":[true]},{"time":"1702313959275","type":"text","value":["keine Empathie"]},{"time":"1702313959275","type":"value","value":[-1]},{"time":"1702313959275","type":"comment","value":["Die Roboter können keine Empathie fühlen bzw. ausdrücken, nur künstliche Empathie, die oft durchschaut wird"]},{"time":"1702313959275","type":"selected","value":[false]},{"time":"2023-12-11T16:59:21.331Z","type":"position","value":{"x":[362],"y":[478]}},{"time":"2023-12-11T17:02:51.028Z","type":"position","value":{"x":[325],"y":[447]}}],"isTextChangeable":1},{"id":"691780c0-fca1-45b6-897c-c6e3d6fbdce3","value":1,"text":"better/larger knowledge capacity","comment":"Especially for those who need to learn, an all-knowing robot is very helpful or generally the robot will rather know which strategies it must apply to help someone. Humans do not have such a large knowledge.","position":{"x":994,"y":514},"isActive":true,"date":1702313962732,"kind":"Node","isSelected":false,"isConnectorSelected":false,"isDraggable":1,"isDeletable":1,"hasElementMoved":false,"eventLog":[{"time":"1702313962732","type":"create node","value":[0]},{"time":"2023-12-11T16:59:23.750Z","type":"position","value":{"x":[517],"y":[529]}},{"time":"2023-12-11T16:59:23.816Z","type":"position","value":{"x":[720],"y":[529]}},{"time":"2023-12-11T16:59:23.866Z","type":"position","value":{"x":[903],"y":[529]}},{"time":"2023-12-11T16:59:25.148Z","type":"position","value":{"x":[969],"y":[469]}},{"time":"1702313966730","type":"selected","value":[true]},{"time":"1702314032543","type":"text","value":["besseres/größeres Wissensvermögen"]},{"time":"1702314032543","type":"value","value":[1]},{"time":"1702314032543","type":"comment","value":["Besonders für Lernbedürftige ist ein allwissender Roboter sehr hilfreich"]},{"time":"1702314032543","type":"selected","value":[false]},{"time":"1702314036019","type":"selected","value":[true]},{"time":"1702314070236","type":"comment","value":["Besonders für Lernbedürftige ist ein allwissender Roboter sehr hilfreich bzw. allgemein wird der Roboter eher wissen welche Strategien es anwenden muss um jemandem zu helfen. Der Mensch hat nicht so ein großes Wissen."]},{"time":"1702314070236","type":"selected","value":[false]},{"time":"2023-12-11T17:01:14.494Z","type":"position","value":{"x":[1007],"y":[425]}},{"time":"2023-12-11T17:01:17.043Z","type":"position","value":{"x":[1011],"y":[480]}}],"isTextChangeable":1},{"id":"5461e304-0cf9-47ed-ba6c-bf7883cfed69","value":2,"text":"robot acts rationally","comment":"The robot always acts rationally or objectively and is not upset by a difficult child or a difficult person. It will always act the same, no matter how it is treated etc.","position":{"x":1003,"y":405},"isActive":true,"date":1702314078795,"kind":"Node","isSelected":false,"isConnectorSelected":false,"isDraggable":1,"isDeletable":1,"hasElementMoved":false,"eventLog":[{"time":1702314078795,"type":"create node","value":"0"},{"time":1702314078896,"type":"selected","value":"TRUE"},{"time":1702314116821,"type":"text","value":"Roboter handelt rational"},{"time":1702314116821,"type":"value","value":"2"},{"time":1702314116821,"type":"comment","value":"Der Roboter handelt immer rational bzw. objektiv und lässt sich nicht durch ein schwieriges Kind bzw. einer schwierigen Person außer Fassung bringen. Es wird immer gleich handeln, egal wie es selbst behandelt wird etc."},{"time":1702314116821,"type":"selected","value":"FALSE"}],"isTextChangeable":1},{"id":"b5f65641-ea98-4487-b3d9-327f5f1a6f37","value":-1,"text":"no physical contact","comment":"Physical contact such as placing a hand on the shoulder, hugs, etc. are lost in the process","position":{"x":353,"y":491},"isActive":true,"date":1702314173108,"kind":"Node","isSelected":false,"isConnectorSelected":false,"isDraggable":1,"isDeletable":1,"hasElementMoved":false,"eventLog":[{"time":1702314173108,"type":"create node","value":"0"},{"time":1702314174005,"type":"selected","value":"TRUE"},{"time":1702314208789,"type":"text","value":"kein körperlicher Kontakt"},{"time":1702314208789,"type":"value","value":"-1"},{"time":1702314208789,"type":"comment","value":"Körperlicher Kontakt wie z. B. Hand auf die Schulter legen, Umarmungen etc. gehen dabei verloren"},{"time":1702314208789,"type":"selected","value":"FALSE"}],"isTextChangeable":1},{"id":"261fe706-f376-4ef6-b6ae-d9b81795b79b","value":-1,"text":"hacker attacks","comment":"Hackers could influence the robots","position":{"x":421,"y":310},"isActive":true,"date":1702314357555,"kind":"Node","isSelected":false,"isConnectorSelected":false,"isDraggable":1,"isDeletable":1,"hasElementMoved":false,"eventLog":[{"time":1702314357555,"type":"create node","value":"0"},{"time":1702314358419,"type":"selected","value":"TRUE"},{"time":1702314369541,"type":"text","value":"Hackerangriffe"},{"time":1702314369541,"type":"value","value":"-1"},{"time":1702314369541,"type":"comment","value":"Hacker könnten die Roboter beeinflussen"},{"time":1702314369541,"type":"selected","value":"FALSE"}],"isTextChangeable":1}],"connectors":[{"id":"4aca8d1e-b8f2-44f0-ac58-18b6d19fae7c","source":"1c613335-a977-4fc0-a655-e8c756101e33","target":"6d4bc8cb-8428-4e9e-8c72-54c4ed93b737","agreement":true,"isActive":true,"date":1702313430067,"kind":"Connector","isSelected":false,"intensity":3,"isDeletable":false,"isOver":false,"isBidirectional":false,"eventLog":[{"time":1702313430067,"type":"create connection"}]},{"id":"f87082d2-2a87-4e2c-8ef8-ace5343b2687","source":"1c613335-a977-4fc0-a655-e8c756101e33","target":"36d560a2-0632-4764-a085-38bfb47158a0","agreement":true,"isActive":true,"date":1702313430067,"kind":"Connector","isSelected":false,"intensity":3,"isDeletable":true,"isOver":false,"isBidirectional":false,"eventLog":[{"time":1702313430067,"type":"create connection"}]},{"id":"5f61c0e0-67ce-415c-86a0-a49a4277cf76","source":"36d560a2-0632-4764-a085-38bfb47158a0","target":"1bf07455-b402-4b01-a0e5-827e7f3b8174","agreement":true,"isActive":true,"date":1702313518417,"kind":"Connector","isSelected":false,"intensity":9,"isDeletable":true,"isOver":false,"isBidirectional":false,"eventLog":[{"time":1702313518417,"type":"create connection"},{"time":1702313520241,"type":"selected","value":1},{"time":1702313522468,"type":"change intensity of connector","value":9},{"time":1702313522468,"type":"selected","value":0}]},{"id":"e6ae6856-3b51-4829-8b5a-d323643af311","source":"235dd7f5-fd5c-4cff-b500-d712f7cc8701","target":"36d560a2-0632-4764-a085-38bfb47158a0","agreement":true,"isActive":true,"date":1702313561595,"kind":"Connector","isSelected":false,"intensity":6,"isDeletable":true,"isOver":false,"isBidirectional":false,"eventLog":[{"time":1702313561595,"type":"create connection"},{"time":1702313877978,"type":"selected","value":1},{"time":1702313881203,"type":"change intensity of connector","value":6},{"time":1702313881203,"type":"selected","value":0}]},{"id":"c5cb97bb-de67-491f-bd6d-d6ace543499a","source":"6d4bc8cb-8428-4e9e-8c72-54c4ed93b737","target":"235dd7f5-fd5c-4cff-b500-d712f7cc8701","agreement":true,"isActive":true,"date":1702313566485,"kind":"Connector","isSelected":false,"intensity":3,"isDeletable":true,"isOver":false,"isBidirectional":false,"eventLog":[{"time":1702313566485,"type":"create connection"}]},{"id":"30cb717a-3588-4628-a768-4fba8a838ffe","source":"235dd7f5-fd5c-4cff-b500-d712f7cc8701","target":"a2c18648-79b4-493e-8954-cd044fe6d95a","agreement":true,"isActive":true,"date":1702313739716,"kind":"Connector","isSelected":false,"intensity":9,"isDeletable":true,"isOver":false,"isBidirectional":false,"eventLog":[{"time":1702313739716,"type":"create connection"},{"time":1702313741478,"type":"selected","value":1},{"time":1702313743401,"type":"change intensity of connector","value":9},{"time":1702313743401,"type":"selected","value":0}]},{"id":"e64e7a4e-4dd3-4e9f-bdea-e18e53346873","source":"2a56fcd5-ba79-4d51-aa09-a0d2f989a151","target":"235dd7f5-fd5c-4cff-b500-d712f7cc8701","agreement":true,"isActive":true,"date":1702313762241,"kind":"Connector","isSelected":false,"intensity":3,"isDeletable":true,"isOver":false,"isBidirectional":false,"eventLog":[{"time":1702313762241,"type":"create connection"},{"time":1702313763629,"type":"selected","value":1},{"time":1702313767748,"type":"change intensity of connector","value":3},{"time":1702313767748,"type":"selected","value":0}]},{"id":"6ff75bbb-e064-4102-a073-00b484f0b301","source":"6d4bc8cb-8428-4e9e-8c72-54c4ed93b737","target":"a396dd4f-d942-41e9-914f-a7216d5ee092","agreement":true,"isActive":true,"date":1702313863470,"kind":"Connector","isSelected":false,"intensity":3,"isDeletable":true,"isOver":false,"isBidirectional":false,"eventLog":[{"time":1702313863470,"type":"create connection"}]},{"id":"5a081edb-56e3-451e-82f1-e6317d35051e","source":"6d4bc8cb-8428-4e9e-8c72-54c4ed93b737","target":"3b9537fb-4363-4763-93fb-a01c7ad4ccc8","agreement":true,"isActive":true,"date":1702313960704,"kind":"Connector","isSelected":false,"intensity":3,"isDeletable":true,"isOver":false,"isBidirectional":false,"eventLog":[{"time":1702313960704,"type":"create connection"}]},{"id":"5094c4cb-28bf-4366-af32-014c56ebb044","source":"36d560a2-0632-4764-a085-38bfb47158a0","target":"691780c0-fca1-45b6-897c-c6e3d6fbdce3","agreement":true,"isActive":true,"date":1702314035141,"kind":"Connector","isSelected":false,"intensity":3,"isDeletable":true,"isOver":false,"isBidirectional":false,"eventLog":[{"time":1702314035141,"type":"create connection"}]},{"id":"bff6d64d-bff8-4a68-aba9-ba4cb26af5e8","source":"5461e304-0cf9-47ed-ba6c-bf7883cfed69","target":"36d560a2-0632-4764-a085-38bfb47158a0","agreement":true,"isActive":true,"date":1702314118853,"kind":"Connector","isSelected":false,"intensity":6,"isDeletable":true,"isOver":false,"isBidirectional":false,"eventLog":[{"time":1702314118853,"type":"create connection"},{"time":1702314119881,"type":"selected","value":1},{"time":1702314121979,"type":"change intensity of connector","value":6},{"time":1702314121979,"type":"selected","value":0}]},{"id":"f0f47cc6-4fde-47f2-b39d-f3202c85abab","source":"b5f65641-ea98-4487-b3d9-327f5f1a6f37","target":"6d4bc8cb-8428-4e9e-8c72-54c4ed93b737","agreement":true,"isActive":true,"date":1702314210607,"kind":"Connector","isSelected":false,"intensity":3,"isDeletable":true,"isOver":false,"isBidirectional":false,"eventLog":[{"time":1702314210607,"type":"create connection"}]},{"id":"950dbbe2-863d-44b8-b506-6676137672f2","source":"261fe706-f376-4ef6-b6ae-d9b81795b79b","target":"6d4bc8cb-8428-4e9e-8c72-54c4ed93b737","agreement":true,"isActive":true,"date":1702314371933,"kind":"Connector","isSelected":false,"intensity":3,"isDeletable":true,"isOver":false,"isBidirectional":false,"eventLog":[{"time":1702314371933,"type":"create connection"}]}],"currentID":{},"currentNode":{},"hasSelectedNode":[false],"currentConnector":{},"hasSelectedConnector":[false],"readyToMove":[false],"isIncoming":[false],"hasElementMoved":[false]}
