{"idCAM":["13eb8adc-d55b-44ae-8fd4-9ff8056d727c"],"creator":["63fd0b137e38c72ea19176aa_post"],"projectCAM":["S2_CAM part 2"],"defocusCAM":[],"date":[1702314468330],"nodes":[{"id":"26badd02-5753-4ea3-a35e-2927c9f34500","value":1,"text":"social assistance robot","comment":"","position":{"x":650,"y":400},"isActive":true,"date":1702314469230,"kind":"Node","isSelected":false,"isConnectorSelected":false,"isDraggable":0,"isDeletable":0,"hasElementMoved":false,"eventLog":[{"time":1702314469230,"type":"create node","value":1}],"isTextChangeable":0},{"id":"8f14a400-4cd9-42f3-b5e6-4f0ed6717831","value":0,"text":"disadvantages","comment":"","position":{"x":450,"y":400},"isActive":true,"date":1702314469230,"kind":"Node","isSelected":false,"isConnectorSelected":false,"isDraggable":0,"isDeletable":0,"hasElementMoved":false,"eventLog":[{"time":1702314469230,"type":"create node","value":0}],"isTextChangeable":0},{"id":"18151c58-3f2b-4062-9ffe-44b4aacd6f26","value":0,"text":"advantages","comment":"","position":{"x":850,"y":400},"isActive":true,"date":1702314469230,"kind":"Node","isSelected":false,"isConnectorSelected":false,"isDraggable":0,"isDeletable":0,"hasElementMoved":false,"eventLog":[{"time":1702314469230,"type":"create node","value":0}],"isTextChangeable":0},{"id":"d72479f4-d129-4886-afc7-2007c87f1cdf","value":3,"text":"personalization","comment":"","position":{"x":1000,"y":302},"isActive":true,"date":1702314469230,"kind":"Node","isSelected":false,"isConnectorSelected":false,"isDraggable":1,"isDeletable":1,"hasElementMoved":false,"eventLog":[{"time":1702314469230,"type":"create node","value":3}],"isTextChangeable":1},{"id":"373b9cdc-1738-4a4d-bad7-c42598475ca8","value":10,"text":"replace human workers","comment":"","position":{"x":667,"y":249},"isActive":true,"date":1702314469230,"kind":"Node","isSelected":false,"isConnectorSelected":false,"isDraggable":1,"isDeletable":1,"hasElementMoved":false,"eventLog":[{"time":1702314469230,"type":"create node","value":10}],"isTextChangeable":1},{"id":"b620c1c5-65d0-4d6b-83a5-a7152be04651","value":-1,"text":"jobs are lost","comment":"","position":{"x":525,"y":133},"isActive":true,"date":1702314469230,"kind":"Node","isSelected":false,"isConnectorSelected":false,"isDraggable":1,"isDeletable":1,"hasElementMoved":false,"eventLog":[{"time":1702314469230,"type":"create node","value":-1}],"isTextChangeable":1},{"id":"35aa3088-6158-4cdb-ac08-d2c25e850b65","value":3,"text":"more time/worker","comment":"","position":{"x":809,"y":146},"isActive":true,"date":1702314469230,"kind":"Node","isSelected":false,"isConnectorSelected":false,"isDraggable":1,"isDeletable":1,"hasElementMoved":false,"eventLog":[{"time":1702314469230,"type":"create node","value":3}],"isTextChangeable":1},{"id":"929b85fa-bc0a-419e-98c1-70cdf1122d2f","value":-1,"text":"possible defects","comment":"","position":{"x":309,"y":318},"isActive":true,"date":1702314469230,"kind":"Node","isSelected":false,"isConnectorSelected":false,"isDraggable":1,"isDeletable":1,"hasElementMoved":false,"eventLog":[{"time":1702314469230,"type":"create node","value":-1}],"isTextChangeable":1},{"id":"fc8c988b-a9d3-4813-bbb0-2181688b776d","value":-1,"text":"no empathy","comment":"","position":{"x":298,"y":412},"isActive":true,"date":1702314469230,"kind":"Node","isSelected":false,"isConnectorSelected":false,"isDraggable":1,"isDeletable":1,"hasElementMoved":false,"eventLog":[{"time":1702314469230,"type":"create node","value":-1}],"isTextChangeable":1},{"id":"e040ad69-b28e-4311-90fe-249a015fa499","value":1,"text":"better/larger knowledge capacity","comment":"","position":{"x":994,"y":514},"isActive":true,"date":1702314469230,"kind":"Node","isSelected":false,"isConnectorSelected":false,"isDraggable":1,"isDeletable":1,"hasElementMoved":false,"eventLog":[{"time":1702314469230,"type":"create node","value":1}],"isTextChangeable":1},{"id":"0381614c-fc1b-4a0f-aec0-a8a2da987fd8","value":2,"text":"robot acts rationally","comment":"","position":{"x":1003,"y":405},"isActive":true,"date":1702314469230,"kind":"Node","isSelected":false,"isConnectorSelected":false,"isDraggable":1,"isDeletable":1,"hasElementMoved":false,"eventLog":[{"time":1702314469230,"type":"create node","value":2}],"isTextChangeable":1},{"id":"c95b4b8e-b0ec-4815-b1ff-2183969bbb55","value":-1,"text":"no physical contact","comment":"","position":{"x":353,"y":491},"isActive":true,"date":1702314469230,"kind":"Node","isSelected":false,"isConnectorSelected":false,"isDraggable":1,"isDeletable":1,"hasElementMoved":false,"eventLog":[{"time":1702314469230,"type":"create node","value":-1}],"isTextChangeable":1},{"id":"68368eaf-9bae-434d-8c97-7b509a9d5713","value":-1,"text":"hacker attacks","comment":"","position":{"x":421,"y":310},"isActive":true,"date":1702314469230,"kind":"Node","isSelected":false,"isConnectorSelected":false,"isDraggable":1,"isDeletable":1,"hasElementMoved":false,"eventLog":[{"time":1702314469230,"type":"create node","value":-1}],"isTextChangeable":1},{"id":"5f946338-21f3-4aa7-83f9-c820e0e1b63a","value":1,"text":"cost reduction","comment":"Human/animal will be more expensive than a robot in the long run","position":{"x":879,"y":530},"isActive":true,"date":1702314541010,"kind":"Node","isSelected":false,"isConnectorSelected":false,"isDraggable":1,"isDeletable":1,"hasElementMoved":false,"eventLog":[{"time":1702314541010,"type":"create node","value":"0"},{"time":1702314541151,"type":"selected","value":"TRUE"},{"time":1702314558850,"type":"text","value":"Kostensenkung"},{"time":1702314558850,"type":"value","value":"1"},{"time":1702314558850,"type":"comment","value":"Mensch/Tier wird auf Dauer teurer sein als ein Roboter"},{"time":1702314558850,"type":"selected","value":"FALSE"}],"isTextChangeable":1}],"connectors":[{"id":"a04098f3-7f29-46d7-8f6d-4ea14d4bb676","source":"26badd02-5753-4ea3-a35e-2927c9f34500","target":"8f14a400-4cd9-42f3-b5e6-4f0ed6717831","agreement":true,"isActive":true,"date":1702314469230,"kind":"Connector","isSelected":false,"intensity":3,"isDeletable":false,"isOver":false,"isBidirectional":false,"eventLog":[{"time":1702314469230,"type":"create connection"}]},{"id":"ea8f6f28-e61d-4e0a-b77b-0b895fc503e0","source":"26badd02-5753-4ea3-a35e-2927c9f34500","target":"18151c58-3f2b-4062-9ffe-44b4aacd6f26","agreement":true,"isActive":true,"date":1702314469230,"kind":"Connector","isSelected":false,"intensity":3,"isDeletable":true,"isOver":false,"isBidirectional":false,"eventLog":[{"time":1702314469230,"type":"create connection"}]},{"id":"a9f39efd-9e2f-43da-a02a-a3af7d19c454","source":"18151c58-3f2b-4062-9ffe-44b4aacd6f26","target":"d72479f4-d129-4886-afc7-2007c87f1cdf","agreement":true,"isActive":true,"date":1702314469230,"kind":"Connector","isSelected":false,"intensity":9,"isDeletable":true,"isOver":false,"isBidirectional":false,"eventLog":[{"time":1702314469230,"type":"create connection"}]},{"id":"4b31946b-6ecf-49b3-bc1a-238c638e9735","source":"373b9cdc-1738-4a4d-bad7-c42598475ca8","target":"18151c58-3f2b-4062-9ffe-44b4aacd6f26","agreement":true,"isActive":true,"date":1702314469231,"kind":"Connector","isSelected":false,"intensity":6,"isDeletable":true,"isOver":false,"isBidirectional":false,"eventLog":[{"time":1702314469231,"type":"create connection"}]},{"id":"fb496a66-b311-424a-b858-56ce3789a1fa","source":"8f14a400-4cd9-42f3-b5e6-4f0ed6717831","target":"373b9cdc-1738-4a4d-bad7-c42598475ca8","agreement":true,"isActive":true,"date":1702314469231,"kind":"Connector","isSelected":false,"intensity":3,"isDeletable":true,"isOver":false,"isBidirectional":false,"eventLog":[{"time":1702314469231,"type":"create connection"}]},{"id":"38518252-cd7a-4d30-b18c-05bde0c3c213","source":"373b9cdc-1738-4a4d-bad7-c42598475ca8","target":"35aa3088-6158-4cdb-ac08-d2c25e850b65","agreement":true,"isActive":true,"date":1702314469231,"kind":"Connector","isSelected":false,"intensity":9,"isDeletable":true,"isOver":false,"isBidirectional":false,"eventLog":[{"time":1702314469231,"type":"create connection"}]},{"id":"5e2d933d-ea5a-41bb-bb3e-22abfff9fa0a","source":"b620c1c5-65d0-4d6b-83a5-a7152be04651","target":"373b9cdc-1738-4a4d-bad7-c42598475ca8","agreement":true,"isActive":true,"date":1702314469231,"kind":"Connector","isSelected":false,"intensity":3,"isDeletable":true,"isOver":false,"isBidirectional":false,"eventLog":[{"time":1702314469231,"type":"create connection"}]},{"id":"c11c38d9-3237-4f9f-bb60-32a20c560bd7","source":"8f14a400-4cd9-42f3-b5e6-4f0ed6717831","target":"929b85fa-bc0a-419e-98c1-70cdf1122d2f","agreement":true,"isActive":true,"date":1702314469231,"kind":"Connector","isSelected":false,"intensity":3,"isDeletable":true,"isOver":false,"isBidirectional":false,"eventLog":[{"time":1702314469231,"type":"create connection"}]},{"id":"c8f15cb1-bb69-4cfb-828c-8ade7b775ef3","source":"8f14a400-4cd9-42f3-b5e6-4f0ed6717831","target":"fc8c988b-a9d3-4813-bbb0-2181688b776d","agreement":true,"isActive":true,"date":1702314469231,"kind":"Connector","isSelected":false,"intensity":3,"isDeletable":true,"isOver":false,"isBidirectional":false,"eventLog":[{"time":1702314469231,"type":"create connection"}]},{"id":"b9d8f51b-2da3-4248-8d30-a1f09fc4b628","source":"18151c58-3f2b-4062-9ffe-44b4aacd6f26","target":"e040ad69-b28e-4311-90fe-249a015fa499","agreement":true,"isActive":true,"date":1702314469231,"kind":"Connector","isSelected":false,"intensity":3,"isDeletable":true,"isOver":false,"isBidirectional":false,"eventLog":[{"time":1702314469231,"type":"create connection"}]},{"id":"af5f864c-9989-4e60-b912-f64b6bde1ea5","source":"0381614c-fc1b-4a0f-aec0-a8a2da987fd8","target":"18151c58-3f2b-4062-9ffe-44b4aacd6f26","agreement":true,"isActive":true,"date":1702314469231,"kind":"Connector","isSelected":false,"intensity":6,"isDeletable":true,"isOver":false,"isBidirectional":false,"eventLog":[{"time":1702314469231,"type":"create connection"}]},{"id":"327e1860-a367-42c5-b308-29cceedf9edd","source":"c95b4b8e-b0ec-4815-b1ff-2183969bbb55","target":"8f14a400-4cd9-42f3-b5e6-4f0ed6717831","agreement":true,"isActive":true,"date":1702314469231,"kind":"Connector","isSelected":false,"intensity":3,"isDeletable":true,"isOver":false,"isBidirectional":false,"eventLog":[{"time":1702314469231,"type":"create connection"}]},{"id":"910aef78-1e30-4b79-b44a-4958fc8dcfbf","source":"68368eaf-9bae-434d-8c97-7b509a9d5713","target":"8f14a400-4cd9-42f3-b5e6-4f0ed6717831","agreement":true,"isActive":true,"date":1702314469231,"kind":"Connector","isSelected":false,"intensity":3,"isDeletable":true,"isOver":false,"isBidirectional":false,"eventLog":[{"time":1702314469231,"type":"create connection"}]},{"id":"6fd7264a-2e1c-48b2-a258-2e178d16ffd0","source":"18151c58-3f2b-4062-9ffe-44b4aacd6f26","target":"5f946338-21f3-4aa7-83f9-c820e0e1b63a","agreement":true,"isActive":true,"date":1702314560002,"kind":"Connector","isSelected":false,"intensity":3,"isDeletable":true,"isOver":false,"isBidirectional":false,"eventLog":[{"time":1702314560002,"type":"create connection"}]}],"currentID":{},"currentNode":{},"hasSelectedNode":[false],"currentConnector":{},"hasSelectedConnector":[false],"readyToMove":[false],"isIncoming":[false]}
