{"idCAM":["24c85861-bf8d-485b-848f-478a9fc3c33b"],"creator":["640b7f3428d986ad3da9ebcf_post"],"projectCAM":["S2_CAM part 2"],"defocusCAM":[],"date":[1702311567521],"nodes":[{"id":"c829dae7-6f5f-449e-a8e0-1b2d8531842d","value":0,"text":"rescue robot","comment":"","position":{"x":650,"y":400},"isActive":true,"date":1702311568424,"kind":"Node","isSelected":false,"isConnectorSelected":false,"isDraggable":0,"isDeletable":0,"hasElementMoved":false,"eventLog":[{"time":1702311568424,"type":"create node","value":0}],"isTextChangeable":0},{"id":"1b5f6e4d-bb47-46bc-aa22-9be5e401f8d4","value":-3,"text":"disadvantages","comment":"","position":{"x":450,"y":400},"isActive":true,"date":1702311568424,"kind":"Node","isSelected":false,"isConnectorSelected":false,"isDraggable":0,"isDeletable":0,"hasElementMoved":false,"eventLog":[{"time":1702311568424,"type":"create node","value":-3}],"isTextChangeable":0},{"id":"5d254930-5e48-451e-8bdb-7a952f77acc0","value":3,"text":"advantages","comment":"","position":{"x":850,"y":400},"isActive":true,"date":1702311568425,"kind":"Node","isSelected":false,"isConnectorSelected":false,"isDraggable":0,"isDeletable":0,"hasElementMoved":false,"eventLog":[{"time":1702311568425,"type":"create node","value":3}],"isTextChangeable":0},{"id":"c0ddc0c1-6805-4d8c-819a-36481872d0d4","value":-2,"text":"emotionless","comment":"","position":{"x":403.4,"y":249.6},"isActive":true,"date":1702311568425,"kind":"Node","isSelected":false,"isConnectorSelected":false,"isDraggable":1,"isDeletable":1,"hasElementMoved":false,"eventLog":[{"time":"1702311568425","type":"create node","value":[-2]},{"time":"2023-12-11T16:20:12.090Z","type":"position","value":{"x":[421.4],"y":[280.6]}}],"isTextChangeable":1},{"id":"936dd0ac-1e4a-4aae-a146-aa24257db1cb","value":-2,"text":"manipulation (hacking)","comment":"","position":{"x":285.4,"y":294.6},"isActive":true,"date":1702311568425,"kind":"Node","isSelected":false,"isConnectorSelected":false,"isDraggable":1,"isDeletable":1,"hasElementMoved":false,"eventLog":[{"time":"1702311568425","type":"create node","value":[-2]},{"time":"2023-12-11T16:20:10.971Z","type":"position","value":{"x":[320.4],"y":[308.6]}}],"isTextChangeable":1},{"id":"d59db7dc-75ec-4413-ab1e-d9c139d79cba","value":1,"text":"stronger than humans","comment":"","position":{"x":924.4,"y":214.6},"isActive":true,"date":1702311568425,"kind":"Node","isSelected":false,"isConnectorSelected":false,"isDraggable":1,"isDeletable":1,"hasElementMoved":false,"eventLog":[{"time":"1702311568425","type":"create node","value":[1]},{"time":"2023-12-11T16:20:21.087Z","type":"position","value":{"x":[842.4],"y":[237.6]}},{"time":"2023-12-11T16:22:02.597Z","type":"position","value":{"x":[850.4],"y":[231.6]}}],"isTextChangeable":1},{"id":"d55d8a73-8dd6-4380-afa2-60807d6bff5d","value":2,"text":"Always ready for action","comment":"","position":{"x":1005.4,"y":254.6},"isActive":true,"date":1702311568425,"kind":"Node","isSelected":false,"isConnectorSelected":false,"isDraggable":1,"isDeletable":1,"hasElementMoved":false,"eventLog":[{"time":"1702311568425","type":"create node","value":[2]},{"time":"2023-12-11T16:22:01.569Z","type":"position","value":{"x":[954.4],"y":[271.6]}}],"isTextChangeable":1},{"id":"58656633-ff51-44f5-b289-e7b1e8113971","value":-2,"text":"could scare","comment":"","position":{"x":247.4,"y":400.6},"isActive":true,"date":1702311568425,"kind":"Node","isSelected":false,"isConnectorSelected":false,"isDraggable":1,"isDeletable":1,"hasElementMoved":false,"eventLog":[{"time":"1702311568425","type":"create node","value":[-2]},{"time":"2023-12-11T16:20:10.042Z","type":"position","value":{"x":[298.4],"y":[413.6]}}],"isTextChangeable":1},{"id":"4033e2f8-4110-48bd-bc74-9eb1ef30c637","value":2,"text":"better CPR","comment":"","position":{"x":1052.4,"y":338.6},"isActive":true,"date":1702311568425,"kind":"Node","isSelected":false,"isConnectorSelected":false,"isDraggable":1,"isDeletable":1,"hasElementMoved":false,"eventLog":[{"time":"1702311568425","type":"create node","value":[2]},{"time":"2023-12-11T16:20:18.858Z","type":"position","value":{"x":[1032.4],"y":[409.6]}},{"time":"2023-12-11T16:22:00.546Z","type":"position","value":{"x":[1036.4],"y":[370.6]}}],"isTextChangeable":1},{"id":"0e1dcb4b-678c-41c6-8943-0e4ea3104588","value":1,"text":"sturdier","comment":"","position":{"x":1057.4,"y":439.6},"isActive":true,"date":1702311568425,"kind":"Node","isSelected":false,"isConnectorSelected":false,"isDraggable":1,"isDeletable":1,"hasElementMoved":false,"eventLog":[{"time":"1702311568425","type":"create node","value":[1]},{"time":"2023-12-11T16:20:18.091Z","type":"position","value":{"x":[974.4],"y":[482.6]}},{"time":"2023-12-11T16:21:56.075Z","type":"position","value":{"x":[1024.4],"y":[475.6]}}],"isTextChangeable":1},{"id":"c6f4469c-fc87-4529-89ca-6d0a2228aed4","value":-1,"text":"extra maintenance costs","comment":"","position":{"x":286.4,"y":501.6},"isActive":true,"date":1702311568425,"kind":"Node","isSelected":false,"isConnectorSelected":false,"isDraggable":1,"isDeletable":1,"hasElementMoved":false,"eventLog":[{"time":"1702311568425","type":"create node","value":[-1]},{"time":"2023-12-11T16:20:08.939Z","type":"position","value":{"x":[315.4],"y":[493.6]}}],"isTextChangeable":1},{"id":"d5052796-f9bf-439c-a401-40ed0d701dab","value":-2,"text":"battery life","comment":"","position":{"x":372.4,"y":575.6},"isActive":true,"date":1702311568425,"kind":"Node","isSelected":false,"isConnectorSelected":false,"isDraggable":1,"isDeletable":1,"hasElementMoved":false,"eventLog":[{"time":"1702311568425","type":"create node","value":[-2]},{"time":"2023-12-11T16:20:07.392Z","type":"position","value":{"x":[439.4],"y":[550.6]}}],"isTextChangeable":1},{"id":"9b7f0904-1be7-4568-8809-7c3c25b9be10","value":1,"text":"quick help","comment":"","position":{"x":1046.4,"y":515.6},"isActive":true,"date":1702311568425,"kind":"Node","isSelected":false,"isConnectorSelected":false,"isDraggable":1,"isDeletable":1,"hasElementMoved":false,"eventLog":[{"time":"1702311568425","type":"create node","value":[1]},{"time":"2023-12-11T16:20:17.427Z","type":"position","value":{"x":[881.4],"y":[557.6]}},{"time":"2023-12-11T16:20:19.922Z","type":"position","value":{"x":[924.4],"y":[564.6]}},{"time":"2023-12-11T16:21:55.288Z","type":"position","value":{"x":[995.4],"y":[561.6]}},{"time":"2023-12-11T16:21:57.351Z","type":"position","value":{"x":[988.4],"y":[546.6]}}],"isTextChangeable":1},{"id":"5366ccb5-866a-4a6b-ae42-ca4043d9452f","value":-1,"text":"Melt at fire/heat","comment":"","position":{"x":510.4,"y":250.6},"isActive":true,"date":1702311572825,"kind":"Node","isSelected":false,"isConnectorSelected":false,"isDraggable":1,"isDeletable":1,"hasElementMoved":false,"eventLog":[{"time":"1702311572825","type":"create node","value":[0]},{"time":"1702311573628","type":"selected","value":[true]},{"time":"1702311577502","type":"selected","value":[false]},{"time":"2023-12-11T16:19:39.678Z","type":"position","value":{"x":[625.4],"y":[577.6]}},{"time":"1702311587267","type":"selected","value":[true]},{"time":"1702311599277","type":"text","value":["Bei Feuer/Hitze schmelzen"]},{"time":"1702311599277","type":"value","value":[-1]},{"time":"1702311599277","type":"selected","value":[false]},{"time":"2023-12-11T16:19:59.595Z","type":"position","value":{"x":[700.4],"y":[634.6]}},{"time":"2023-12-11T16:19:59.738Z","type":"position","value":{"x":[610.4],"y":[451.6]}},{"time":"2023-12-11T16:19:59.788Z","type":"position","value":{"x":[546.4],"y":[314.6]}},{"time":"2023-12-11T16:19:59.805Z","type":"position","value":{"x":[537.4],"y":[301.6]}},{"time":"2023-12-11T16:20:02.162Z","type":"position","value":{"x":[558.4],"y":[309.6]}},{"time":"2023-12-11T16:20:13.316Z","type":"position","value":{"x":[553.4],"y":[321.6]}},{"time":"2023-12-11T16:22:05.072Z","type":"position","value":{"x":[512.4],"y":[285.6]}}],"isTextChangeable":1},{"id":"06747137-eb40-45d3-af4b-4c16ca776d66","value":1,"text":"animal-like in children","comment":"","position":{"x":960.4,"y":569.6},"isActive":true,"date":1702311603281,"kind":"Node","isSelected":false,"isConnectorSelected":false,"isDraggable":1,"isDeletable":1,"hasElementMoved":false,"eventLog":[{"time":"1702311603281","type":"create node","value":[0]},{"time":"2023-12-11T16:20:16.244Z","type":"position","value":{"x":[758.4],"y":[669.6]}},{"time":"1702311622826","type":"selected","value":[true]},{"time":"1702311640141","type":"text","value":["Tierähnlich bei Kindern"]},{"time":"1702311640141","type":"value","value":[1]},{"time":"1702311640141","type":"selected","value":[false]},{"time":"2023-12-11T16:20:40.442Z","type":"position","value":{"x":[655.4],"y":[654.6]}},{"time":"2023-12-11T16:20:40.758Z","type":"position","value":{"x":[808.4],"y":[546.6]}},{"time":"2023-12-11T16:21:58.978Z","type":"position","value":{"x":[851.4],"y":[578.6]}}],"isTextChangeable":1},{"id":"52f8d468-aab3-4e9b-9d39-ddb6c745ae42","value":-1,"text":"unexpectedly destroyed","comment":"One could be afraid and destroy the robot","position":{"x":483.4,"y":567.6},"isActive":true,"date":1702311642961,"kind":"Node","isSelected":false,"isConnectorSelected":false,"isDraggable":1,"isDeletable":1,"hasElementMoved":false,"eventLog":[{"time":"1702311642961","type":"create node","value":[0]},{"time":"1702311644143","type":"selected","value":[true]},{"time":"1702311704525","type":"text","value":["Unerwartet zerstört"]},{"time":"1702311704525","type":"value","value":[-1]},{"time":"1702311704525","type":"comment","value":["Person könnte Angst haben und den Roboter zerstören"]},{"time":"1702311704525","type":"selected","value":[false]},{"time":"2023-12-11T16:21:45.146Z","type":"position","value":{"x":[698.4],"y":[561.6]}},{"time":"2023-12-11T16:21:45.304Z","type":"position","value":{"x":[532.4],"y":[584.6]}},{"time":"2023-12-11T16:21:47.378Z","type":"position","value":{"x":[520.4],"y":[526.6]}},{"time":"2023-12-11T16:21:50.000Z","type":"position","value":{"x":[499.4],"y":[576.6]}},{"time":"2023-12-11T16:21:50.262Z","type":"position","value":{"x":[347.4],"y":[661.6]}},{"time":"2023-12-11T16:21:51.510Z","type":"position","value":{"x":[497.4],"y":[585.6]}},{"time":"2023-12-11T16:21:53.378Z","type":"position","value":{"x":[518.4],"y":[587.6]}}],"isTextChangeable":1},{"id":"1e48b60f-a399-4c7c-9880-86d6dee976fd","value":1,"text":"sustainable","comment":"","position":{"x":808.4,"y":243.6},"isActive":true,"date":1702311726082,"kind":"Node","isSelected":false,"isConnectorSelected":false,"isDraggable":1,"isDeletable":1,"hasElementMoved":false,"eventLog":[{"time":"1702311726082","type":"create node","value":[0]},{"time":"1702311726768","type":"selected","value":[true]},{"time":"1702311730501","type":"text","value":["Nachhaltig"]},{"time":"1702311730501","type":"value","value":[1]},{"time":"1702311730501","type":"selected","value":[false]},{"time":"2023-12-11T16:22:10.930Z","type":"position","value":{"x":[708.4],"y":[581.6]}},{"time":"2023-12-11T16:22:11.030Z","type":"position","value":{"x":[812.4],"y":[427.6]}},{"time":"2023-12-11T16:22:11.064Z","type":"position","value":{"x":[877.4],"y":[286.6]}},{"time":"2023-12-11T16:22:11.082Z","type":"position","value":{"x":[888.4],"y":[259.6]}}],"isTextChangeable":1},{"id":"e2649c4a-cfb4-4929-bcce-d3ad718950bf","value":-1,"text":"fewer jobs","comment":"for rescue forces","position":{"x":596.4,"y":519.6},"isActive":true,"date":1702311733665,"kind":"Node","isSelected":false,"isConnectorSelected":false,"isDraggable":1,"isDeletable":1,"hasElementMoved":false,"eventLog":[{"time":"1702311733665","type":"create node","value":[0]},{"time":"2023-12-11T16:22:14.526Z","type":"position","value":{"x":[783.4],"y":[579.6]}},{"time":"1702311738537","type":"selected","value":[true]},{"time":"1702311755829","type":"text","value":["Weniger Jobs"]},{"time":"1702311755829","type":"value","value":[-1]},{"time":"1702311755829","type":"comment","value":["für Rettungskräfte"]},{"time":"1702311755829","type":"selected","value":[false]},{"time":"2023-12-11T16:22:36.156Z","type":"position","value":{"x":[672.4],"y":[669.6]}},{"time":"2023-12-11T16:22:36.273Z","type":"position","value":{"x":[600.4],"y":[511.6]}},{"time":"2023-12-11T16:22:38.436Z","type":"position","value":{"x":[565.4],"y":[517.6]}}],"isTextChangeable":1},{"id":"8bc9dc09-2107-4878-8648-cca05701f1e7","value":2,"text":"exploration","comment":"Assess the safety of the dangerous area","position":{"x":837.4,"y":569.6},"isActive":true,"date":1702311761346,"kind":"Node","isSelected":false,"isConnectorSelected":false,"isDraggable":1,"isDeletable":1,"hasElementMoved":false,"eventLog":[{"time":"1702311761346","type":"create node","value":[0]},{"time":"1702311761448","type":"selected","value":[true]},{"time":"1702311785581","type":"text","value":["Erkundung"]},{"time":"1702311785581","type":"value","value":[2]},{"time":"1702311785581","type":"comment","value":["Sicherheit der gefährlichen Gegend einschätzen"]},{"time":"1702311785581","type":"selected","value":[false]},{"time":"2023-12-11T16:23:05.937Z","type":"position","value":{"x":[697.4],"y":[674.6]}}],"isTextChangeable":1},{"id":"2d258efe-fc97-49d7-a6a7-aacb8b27323c","value":0,"text":"","comment":"","position":{"x":646.4,"y":353.6},"isActive":true,"date":1702311791761,"kind":"Node","isSelected":true,"isConnectorSelected":false,"isDraggable":1,"isDeletable":1,"hasElementMoved":false,"eventLog":[{"time":1702311791761,"type":"create node","value":0}],"isTextChangeable":1}],"connectors":[{"id":"dbf2ffed-2758-4464-b297-a6cc9e084064","source":"c829dae7-6f5f-449e-a8e0-1b2d8531842d","target":"1b5f6e4d-bb47-46bc-aa22-9be5e401f8d4","agreement":true,"isActive":true,"date":1702311568426,"kind":"Connector","isSelected":false,"intensity":3,"isDeletable":false,"isOver":false,"isBidirectional":false,"eventLog":[{"time":1702311568426,"type":"create connection"}]},{"id":"6bc329f5-ed5c-4939-ba97-94507a0d9717","source":"c829dae7-6f5f-449e-a8e0-1b2d8531842d","target":"5d254930-5e48-451e-8bdb-7a952f77acc0","agreement":true,"isActive":true,"date":1702311568426,"kind":"Connector","isSelected":false,"intensity":3,"isDeletable":true,"isOver":false,"isBidirectional":false,"eventLog":[{"time":1702311568426,"type":"create connection"}]},{"id":"98d868c3-94c9-420d-8f69-c50cae033f04","source":"1b5f6e4d-bb47-46bc-aa22-9be5e401f8d4","target":"c0ddc0c1-6805-4d8c-819a-36481872d0d4","agreement":true,"isActive":true,"date":1702311568426,"kind":"Connector","isSelected":false,"intensity":3,"isDeletable":true,"isOver":false,"isBidirectional":false,"eventLog":[{"time":1702311568426,"type":"create connection"}]},{"id":"244f6cd8-72d7-4c7b-9a6e-9a6525d0785a","source":"1b5f6e4d-bb47-46bc-aa22-9be5e401f8d4","target":"936dd0ac-1e4a-4aae-a146-aa24257db1cb","agreement":true,"isActive":true,"date":1702311568426,"kind":"Connector","isSelected":false,"intensity":3,"isDeletable":true,"isOver":false,"isBidirectional":false,"eventLog":[{"time":1702311568426,"type":"create connection"}]},{"id":"d0643779-470d-40b5-856e-6b0bed59b803","source":"1b5f6e4d-bb47-46bc-aa22-9be5e401f8d4","target":"58656633-ff51-44f5-b289-e7b1e8113971","agreement":true,"isActive":true,"date":1702311568427,"kind":"Connector","isSelected":false,"intensity":3,"isDeletable":true,"isOver":false,"isBidirectional":false,"eventLog":[{"time":1702311568427,"type":"create connection"}]},{"id":"4ac08daa-e593-47f3-8467-b3fb98ea4185","source":"c6f4469c-fc87-4529-89ca-6d0a2228aed4","target":"1b5f6e4d-bb47-46bc-aa22-9be5e401f8d4","agreement":true,"isActive":true,"date":1702311568427,"kind":"Connector","isSelected":false,"intensity":3,"isDeletable":true,"isOver":false,"isBidirectional":false,"eventLog":[{"time":1702311568427,"type":"create connection"}]},{"id":"20f23a6d-1132-471f-a343-0c31f89f6634","source":"1b5f6e4d-bb47-46bc-aa22-9be5e401f8d4","target":"d5052796-f9bf-439c-a401-40ed0d701dab","agreement":true,"isActive":true,"date":1702311568427,"kind":"Connector","isSelected":false,"intensity":3,"isDeletable":true,"isOver":false,"isBidirectional":false,"eventLog":[{"time":1702311568427,"type":"create connection"}]},{"id":"bee2c2eb-28a9-4eaf-9eef-1159edd48299","source":"5d254930-5e48-451e-8bdb-7a952f77acc0","target":"9b7f0904-1be7-4568-8809-7c3c25b9be10","agreement":true,"isActive":true,"date":1702311568427,"kind":"Connector","isSelected":false,"intensity":3,"isDeletable":true,"isOver":false,"isBidirectional":false,"eventLog":[{"time":1702311568427,"type":"create connection"}]},{"id":"5329d134-5801-4ea4-8b37-34771fa16419","source":"5d254930-5e48-451e-8bdb-7a952f77acc0","target":"0e1dcb4b-678c-41c6-8943-0e4ea3104588","agreement":true,"isActive":true,"date":1702311568427,"kind":"Connector","isSelected":false,"intensity":3,"isDeletable":true,"isOver":false,"isBidirectional":false,"eventLog":[{"time":1702311568427,"type":"create connection"}]},{"id":"33273994-3a88-4bb2-b1de-0a80ca4b8127","source":"5d254930-5e48-451e-8bdb-7a952f77acc0","target":"d55d8a73-8dd6-4380-afa2-60807d6bff5d","agreement":true,"isActive":true,"date":1702311568428,"kind":"Connector","isSelected":false,"intensity":3,"isDeletable":true,"isOver":false,"isBidirectional":false,"eventLog":[{"time":1702311568428,"type":"create connection"}]},{"id":"680a08fa-3efd-42b9-a87a-626fbd7e7dcd","source":"5d254930-5e48-451e-8bdb-7a952f77acc0","target":"d59db7dc-75ec-4413-ab1e-d9c139d79cba","agreement":true,"isActive":true,"date":1702311568428,"kind":"Connector","isSelected":false,"intensity":3,"isDeletable":true,"isOver":false,"isBidirectional":false,"eventLog":[{"time":1702311568428,"type":"create connection"}]},{"id":"93c0d61b-405a-4834-9e4d-b67c07042603","source":"4033e2f8-4110-48bd-bc74-9eb1ef30c637","target":"5d254930-5e48-451e-8bdb-7a952f77acc0","agreement":true,"isActive":true,"date":1702311568428,"kind":"Connector","isSelected":false,"intensity":3,"isDeletable":true,"isOver":false,"isBidirectional":false,"eventLog":[{"time":1702311568428,"type":"create connection"}]},{"id":"04139197-8ec9-47c1-8c4f-03e404845592","source":"5366ccb5-866a-4a6b-ae42-ca4043d9452f","target":"1b5f6e4d-bb47-46bc-aa22-9be5e401f8d4","agreement":true,"isActive":true,"date":1702311615225,"kind":"Connector","isSelected":false,"intensity":3,"isDeletable":true,"isOver":false,"isBidirectional":false,"eventLog":[{"time":1702311615225,"type":"create connection"}]},{"id":"ddf3e847-1f17-4dc6-b093-65190a4b2690","source":"5d254930-5e48-451e-8bdb-7a952f77acc0","target":"06747137-eb40-45d3-af4b-4c16ca776d66","agreement":true,"isActive":true,"date":1702311642161,"kind":"Connector","isSelected":false,"intensity":3,"isDeletable":true,"isOver":false,"isBidirectional":false,"eventLog":[{"time":1702311642161,"type":"create connection"}]},{"id":"bc4f699d-1a56-410e-9858-64d3fed8ede0","source":"1b5f6e4d-bb47-46bc-aa22-9be5e401f8d4","target":"52f8d468-aab3-4e9b-9d39-ddb6c745ae42","agreement":true,"isActive":true,"date":1702311706881,"kind":"Connector","isSelected":false,"intensity":3,"isDeletable":true,"isOver":false,"isBidirectional":false,"eventLog":[{"time":1702311706881,"type":"create connection"}]},{"id":"386a06dd-7d64-4be2-bcf2-5fe209cee148","source":"1e48b60f-a399-4c7c-9880-86d6dee976fd","target":"5d254930-5e48-451e-8bdb-7a952f77acc0","agreement":true,"isActive":true,"date":1702311732865,"kind":"Connector","isSelected":false,"intensity":3,"isDeletable":true,"isOver":false,"isBidirectional":false,"eventLog":[{"time":1702311732865,"type":"create connection"}]},{"id":"2fc6d271-039d-4f44-be82-a669ef606b04","source":"1b5f6e4d-bb47-46bc-aa22-9be5e401f8d4","target":"e2649c4a-cfb4-4929-bcce-d3ad718950bf","agreement":true,"isActive":true,"date":1702311757826,"kind":"Connector","isSelected":false,"intensity":3,"isDeletable":true,"isOver":false,"isBidirectional":false,"eventLog":[{"time":1702311757826,"type":"create connection"}]},{"id":"9c7c7f3e-0b30-46e3-8f51-674ce81590db","source":"5d254930-5e48-451e-8bdb-7a952f77acc0","target":"8bc9dc09-2107-4878-8648-cca05701f1e7","agreement":true,"isActive":true,"date":1702311787562,"kind":"Connector","isSelected":false,"intensity":3,"isDeletable":true,"isOver":false,"isBidirectional":false,"eventLog":[{"time":1702311787562,"type":"create connection"}]}],"currentID":["2d258efe-fc97-49d7-a6a7-aacb8b27323c"],"currentNode":{"id":["2d258efe-fc97-49d7-a6a7-aacb8b27323c"],"value":[0],"text":[""],"comment":[""],"position":{"x":[646.4],"y":[353.6]},"isActive":[true],"date":[1702311791761],"kind":["Node"],"isSelected":[true],"isConnectorSelected":[false],"isDraggable":[1],"isDeletable":[1],"hasElementMoved":[false],"eventLog":[{"time":1702311791761,"type":"create node","value":0}],"isTextChangeable":[1]},"hasSelectedNode":[true],"currentConnector":{},"hasSelectedConnector":[false],"readyToMove":[true],"isIncoming":[false],"hasElementMoved":[true]}
