{"idCAM":["6a8e6149-1a81-46d9-8a50-27a580840f1a"],"creator":["6427068bce4fc1aa335ad025_pre"],"projectCAM":["S2_CAM part 1"],"defocusCAM":[],"date":[1702310625569],"nodes":[{"id":"1a7bfeab-eba6-4e09-8fa2-e4675bc66f36","value":0,"text":"rescue robot","comment":"","position":{"x":650,"y":400},"isActive":true,"date":1702310626428,"kind":"Node","isSelected":false,"isConnectorSelected":false,"isDraggable":0,"isDeletable":0,"hasElementMoved":false,"eventLog":[{"time":1702310626428,"type":"create node","value":0}],"isTextChangeable":0},{"id":"5685f955-c2e4-48b8-8b13-34fbedf2f358","value":0,"text":"disadvantages","comment":"","position":{"x":450,"y":400},"isActive":true,"date":1702310626429,"kind":"Node","isSelected":false,"isConnectorSelected":false,"isDraggable":0,"isDeletable":0,"hasElementMoved":false,"eventLog":[{"time":1702310626429,"type":"create node","value":0}],"isTextChangeable":0},{"id":"c029f8b5-bb95-4c05-af7a-a325eb0ee0cb","value":0,"text":"advantages","comment":"","position":{"x":850,"y":400},"isActive":true,"date":1702310626429,"kind":"Node","isSelected":false,"isConnectorSelected":false,"isDraggable":0,"isDeletable":0,"hasElementMoved":false,"eventLog":[{"time":1702310626429,"type":"create node","value":0}],"isTextChangeable":0},{"id":"054fa1d1-e528-48cc-992c-f7abf96150c8","value":2,"text":"more targeted help","comment":"","position":{"x":851,"y":556},"isActive":true,"date":1702310660427,"kind":"Node","isSelected":false,"isConnectorSelected":false,"isDraggable":1,"isDeletable":1,"hasElementMoved":false,"eventLog":[{"time":"1702310660427","type":"create node","value":[0]},{"time":"2023-12-11T16:04:20.999Z","type":"position","value":{"x":[860],"y":[508]}},{"time":"2023-12-11T16:04:23.199Z","type":"position","value":{"x":[850],"y":[502]}},{"time":"1702310663915","type":"selected","value":[true]},{"time":"1702310679697","type":"text","value":["zielgerechtere Hilfe"]},{"time":"1702310679697","type":"value","value":[2]},{"time":"1702310679697","type":"selected","value":[false]},{"time":"2023-12-11T16:04:40.100Z","type":"position","value":{"x":[853],"y":[503]}},{"time":"2023-12-11T16:12:27.215Z","type":"position","value":{"x":[835],"y":[537]}},{"time":"2023-12-11T16:12:49.379Z","type":"position","value":{"x":[858],"y":[551]}},{"time":"1702311174742","type":"selected","value":[true]},{"time":"1702311175738","type":"selected","value":[false]}],"isTextChangeable":1},{"id":"fe6fb1ea-7a66-4630-a2e5-5ee1a7632eae","value":10,"text":"societal change","comment":"","position":{"x":449,"y":531},"isActive":true,"date":1702310683886,"kind":"Node","isSelected":false,"isConnectorSelected":false,"isDraggable":1,"isDeletable":1,"hasElementMoved":false,"eventLog":[{"time":"1702310683886","type":"create node","value":[0]},{"time":"2023-12-11T16:04:44.418Z","type":"position","value":{"x":[414],"y":[504]}},{"time":"1702310684849","type":"selected","value":[true]},{"time":"1702310710380","type":"text","value":["Gesellschaftliche Wandlung"]},{"time":"1702310710380","type":"value","value":[10]},{"time":"1702310710380","type":"selected","value":[false]},{"time":"2023-12-11T16:05:11.001Z","type":"position","value":{"x":[424],"y":[510]}},{"time":"2023-12-11T16:05:12.901Z","type":"position","value":{"x":[451],"y":[520]}}],"isTextChangeable":1},{"id":"c4805f8e-b2d4-4447-a0e3-979d6f7acd75","value":-2,"text":"possible job loss","comment":"I don't know if this will happen like that, but I can imagine it if rescue robots and automation advance to other areas.","position":{"x":304,"y":530},"isActive":true,"date":1702310714049,"kind":"Node","isSelected":false,"isConnectorSelected":false,"isDraggable":1,"isDeletable":1,"hasElementMoved":false,"eventLog":[{"time":"1702310714049","type":"create node","value":[0]},{"time":"2023-12-11T16:05:14.668Z","type":"position","value":{"x":[311],"y":[640]}},{"time":"1702310715081","type":"selected","value":[true]},{"time":"1702310722901","type":"text","value":["Verlust von Jobs"]},{"time":"1702310722901","type":"value","value":[-2]},{"time":"1702310722901","type":"selected","value":[false]},{"time":"2023-12-11T16:05:23.468Z","type":"position","value":{"x":[335],"y":[614]}},{"time":"1702310725753","type":"selected","value":[true]},{"time":"1702310751271","type":"comment","value":["Ich weiß nicht, ob dies so eintreten wird, kann mir das aber vorstellen, wenn Rettungsroboter und Automatisierung auf andere Bereiche fortschreiten."]},{"time":"1702310751271","type":"selected","value":[false]},{"time":"2023-12-11T16:05:51.968Z","type":"position","value":{"x":[316],"y":[548]}},{"time":"1702311117115","type":"selected","value":[true]},{"time":"1702311118658","type":"selected","value":[false]},{"time":"1702311365735","type":"selected","value":[true]},{"time":"1702311366779","type":"selected","value":[false]},{"time":"1702311367712","type":"selected","value":[true]},{"time":"1702311379813","type":"text","value":["Möglicher Jobverlust"]},{"time":"1702311379813","type":"selected","value":[false]}],"isTextChangeable":1},{"id":"b386977d-9587-4ba5-84dc-03b778db9c02","value":-3,"text":"lack of human closeness","comment":"Let's say if earthquake victims are mostly catered for by rescue robots, this could come across as \"cold\" to the affected people - perhaps even as if they were not worth direct human help or the risk.","position":{"x":447,"y":641},"isActive":true,"date":1702310755101,"kind":"Node","isSelected":false,"isConnectorSelected":false,"isDraggable":1,"isDeletable":1,"hasElementMoved":false,"eventLog":[{"time":"1702310755101","type":"create node","value":[0]},{"time":"2023-12-11T16:05:55.502Z","type":"position","value":{"x":[458],"y":[622]}},{"time":"1702310757035","type":"selected","value":[true]},{"time":"1702310765633","type":"text","value":["fehlende Menschennähe"]},{"time":"1702310765633","type":"value","value":[-3]},{"time":"1702310765633","type":"selected","value":[false]},{"time":"2023-12-11T16:06:07.395Z","type":"position","value":{"x":[452],"y":[636]}},{"time":"1702310768258","type":"selected","value":[true]},{"time":"1702310821674","type":"comment","value":["Sagen wir falls Opfer von Erdbeben größtenteils nur durch Rettungsroboter versorgt werden, könnte dies \"kalt\" auf die betroffenen Menschen rüberkommen - vielleicht auch so, als wären sie direkte menschliche Hilfe oder das Risiko nicht wert."]},{"time":"1702310821674","type":"selected","value":[false]}],"isTextChangeable":1},{"id":"88c63088-cc19-4f84-a0d8-113d41825b8e","value":-1,"text":"costs of technology","comment":"By costs, I mean both side effects and actual costs.","position":{"x":449,"y":276},"isActive":true,"date":1702310823637,"kind":"Node","isSelected":false,"isConnectorSelected":false,"isDraggable":1,"isDeletable":1,"hasElementMoved":false,"eventLog":[{"time":"1702310823637","type":"create node","value":[0]},{"time":"1702310824044","type":"selected","value":[true]},{"time":"1702310832550","type":"text","value":["Kosten der Technologie"]},{"time":"1702310832550","type":"value","value":[-1]},{"time":"1702310832550","type":"selected","value":[false]},{"time":"2023-12-11T16:07:12.921Z","type":"position","value":{"x":[435],"y":[236]}},{"time":"2023-12-11T16:08:00.139Z","type":"position","value":{"x":[428],"y":[261]}},{"time":"1702311249149","type":"selected","value":[true]},{"time":"1702311260201","type":"comment","value":["Mit Kosten meine ich sowohl Nebeneffekte, als auch tatsächliche Kosten."]},{"time":"1702311260201","type":"selected","value":[false]}],"isTextChangeable":1},{"id":"41ed9a28-552c-4ae4-ad59-ff60feffc573","value":-2,"text":"closed systems","comment":"If the development is driven by individual companies and the systems are 'closed source', they could potentially gain power over the area (especially from the software side). This could also potentially affect the transparency of the behavior of the robot systems.","position":{"x":347,"y":160},"isActive":true,"date":1702310838567,"kind":"Node","isSelected":false,"isConnectorSelected":false,"isDraggable":1,"isDeletable":1,"hasElementMoved":false,"eventLog":[{"time":"1702310838567","type":"create node","value":[0]},{"time":"1702310839330","type":"selected","value":[true]},{"time":"1702310878828","type":"text","value":["Geschlossene Systeme"]},{"time":"1702310878828","type":"value","value":[-2]},{"time":"1702310878828","type":"comment","value":["Wenn die Entwicklung von einzelnen Firmen betrieben wird und die Systeme \"closed source\" sind, könnte sie eventuell Macht über den Bereich erlangen (vor allem von der Softwareseite aus)"]},{"time":"1702310878828","type":"selected","value":[false]},{"time":"2023-12-11T16:10:24.365Z","type":"position","value":{"x":[346],"y":[183]}},{"time":"1702311264936","type":"selected","value":[true]},{"time":"1702311289891","type":"comment","value":["Wenn die Entwicklung von einzelnen Firmen betrieben wird und die Systeme \"closed source\" sind, könnte sie eventuell Macht über den Bereich erlangen (vor allem von der Softwareseite aus). Dadurch leidet eventuell auch die Transparenz des Verhaltens der Robotersysteme."]},{"time":"1702311289891","type":"selected","value":[false]}],"isTextChangeable":1},{"id":"365733c4-e133-4a41-83c1-457c47007acf","value":-1,"text":"traceability of AI","comment":"Artificial intelligence is not infallible.","position":{"x":271,"y":333},"isActive":true,"date":1702310884018,"kind":"Node","isSelected":false,"isConnectorSelected":false,"isDraggable":1,"isDeletable":1,"hasElementMoved":false,"eventLog":[{"time":"1702310884018","type":"create node","value":[0]},{"time":"2023-12-11T16:08:04.672Z","type":"position","value":{"x":[511],"y":[147]}},{"time":"1702310885578","type":"selected","value":[true]},{"time":"1702310897121","type":"text","value":["Nachvollziehbarkeit der KI"]},{"time":"1702310897121","type":"value","value":[-1]},{"time":"1702310897121","type":"selected","value":[false]},{"time":"2023-12-11T16:08:17.689Z","type":"position","value":{"x":[464],"y":[79]}},{"time":"2023-12-11T16:08:17.906Z","type":"position","value":{"x":[384],"y":[232]}},{"time":"2023-12-11T16:08:18.874Z","type":"position","value":{"x":[313],"y":[325]}},{"time":"2023-12-11T16:08:23.356Z","type":"position","value":{"x":[283],"y":[314]}},{"time":"1702311025963","type":"selected","value":[true]},{"time":"1702311052148","type":"comment","value":["Künstliche Intelligenz ist nicht fehlerfrei."]},{"time":"1702311052148","type":"selected","value":[false]}],"isTextChangeable":1},{"id":"cadd84b4-89c7-4a99-937c-663f66289cbf","value":2,"text":"permanent readiness for deployment","comment":"e.g. Robots don't need sleep","position":{"x":1009,"y":361},"isActive":true,"date":1702310906380,"kind":"Node","isSelected":false,"isConnectorSelected":false,"isDraggable":1,"isDeletable":1,"hasElementMoved":false,"eventLog":[{"time":"1702310906381","type":"create node","value":[0]},{"time":"2023-12-11T16:08:27.650Z","type":"position","value":{"x":[982],"y":[452]}},{"time":"2023-12-11T16:08:33.118Z","type":"position","value":{"x":[982],"y":[399]}},{"time":"1702310916052","type":"selected","value":[true]},{"time":"1702310937068","type":"text","value":["dauerhafte Einsatzbereitschaft"]},{"time":"1702310937069","type":"value","value":[3]},{"time":"1702310937069","type":"comment","value":["z.B. Roboter brauchen keinen Schlaf"]},{"time":"1702310937069","type":"selected","value":[false]},{"time":"2023-12-11T16:08:57.674Z","type":"position","value":{"x":[1000],"y":[406]}},{"time":"1702310992137","type":"selected","value":[true]},{"time":"1702310994045","type":"value","value":[2]},{"time":"1702310994045","type":"selected","value":[false]},{"time":"2023-12-11T16:15:31.584Z","type":"position","value":{"x":[1002],"y":[396]}},{"time":"2023-12-11T16:15:33.586Z","type":"position","value":{"x":[975],"y":[352]}}],"isTextChangeable":1},{"id":"225b697e-8227-4ac3-a167-9bf55b2ef899","value":3,"text":"saves human lives","comment":"For example, when human helpers are not available, a rescue robot can still save human lives.","position":{"x":1175,"y":363},"isActive":true,"date":1702310959704,"kind":"Node","isSelected":false,"isConnectorSelected":false,"isDraggable":1,"isDeletable":1,"hasElementMoved":false,"eventLog":[{"time":"1702310959704","type":"create node","value":[0]},{"time":"1702310960412","type":"selected","value":[true]},{"time":"1702310989798","type":"text","value":["rettet Menschenleben"]},{"time":"1702310989798","type":"value","value":[3]},{"time":"1702310989798","type":"comment","value":["Zum Beispiel wenn menschliche Helfer nicht verfügbar sind, so kann ein Rettungsroboter immer noch Menschenleben retten."]},{"time":"1702310989798","type":"selected","value":[false]},{"time":"2023-12-11T16:09:50.376Z","type":"position","value":{"x":[1093],"y":[249]}},{"time":"2023-12-11T16:12:44.064Z","type":"position","value":{"x":[1034],"y":[272]}},{"time":"2023-12-11T16:15:32.540Z","type":"position","value":{"x":[1040],"y":[220]}},{"time":"2023-12-11T16:15:32.753Z","type":"position","value":{"x":[1190],"y":[327]}},{"time":"2023-12-11T16:15:35.369Z","type":"position","value":{"x":[1210],"y":[360]}}],"isTextChangeable":1},{"id":"8241117c-0efd-4c9e-a086-2921ee961e6a","value":-1,"text":"monetary costs","comment":"","position":{"x":548,"y":165},"isActive":true,"date":1702311009526,"kind":"Node","isSelected":false,"isConnectorSelected":false,"isDraggable":1,"isDeletable":1,"hasElementMoved":false,"eventLog":[{"time":"1702311009526","type":"create node","value":[0]},{"time":"1702311010049","type":"selected","value":[true]},{"time":"1702311017358","type":"text","value":["Monetäre Kosten"]},{"time":"1702311017358","type":"value","value":[-1]},{"time":"1702311017358","type":"selected","value":[false]},{"time":"2023-12-11T16:10:17.801Z","type":"position","value":{"x":[515],"y":[188]}},{"time":"2023-12-11T16:10:20.228Z","type":"position","value":{"x":[531],"y":[183]}}],"isTextChangeable":1},{"id":"e49b6239-2cf7-4508-a4d4-dbbb79cebede","value":3,"text":"use of the most modern technology","comment":"This is very positive, because as humanity we have managed to develop things like rescue robots.","position":{"x":851,"y":258},"isActive":true,"date":1702311056694,"kind":"Node","isSelected":false,"isConnectorSelected":false,"isDraggable":1,"isDeletable":1,"hasElementMoved":false,"eventLog":[{"time":"1702311056694","type":"create node","value":[0]},{"time":"2023-12-11T16:10:57.228Z","type":"position","value":{"x":[967],"y":[541]}},{"time":"2023-12-11T16:11:07.999Z","type":"position","value":{"x":[1016],"y":[522]}},{"time":"2023-12-11T16:11:08.494Z","type":"position","value":{"x":[858],"y":[372]}},{"time":"1702311070433","type":"selected","value":[true]},{"time":"1702311080422","type":"text","value":["Nutzung modernster Technologie"]},{"time":"1702311080422","type":"value","value":[3]},{"time":"1702311080422","type":"selected","value":[false]},{"time":"2023-12-11T16:11:20.671Z","type":"position","value":{"x":[745],"y":[243]}},{"time":"1702311089412","type":"selected","value":[true]},{"time":"1702311113297","type":"comment","value":["Dies ist sehr positiv, weil wir als Menschheit es sehr geschafft zu haben, Dinge wie Rettungsroboter entwickeln zu können."]},{"time":"1702311113297","type":"selected","value":[false]}],"isTextChangeable":1},{"id":"633f0128-47a2-4995-8d16-418ab25f323f","value":0,"text":"","comment":"","position":{"x":122,"y":332},"isActive":false,"date":1702311124316,"kind":"Node","isSelected":false,"isConnectorSelected":false,"isDraggable":1,"isDeletable":1,"hasElementMoved":false,"eventLog":[{"time":"1702311124316","type":"create node","value":[0]},{"time":"2023-12-11T16:12:04.746Z","type":"position","value":{"x":[87],"y":[333]}},{"time":"1702311129635","type":"selected","value":[true]},{"time":"1702311142070","type":"node was deleted","value":[-99]}],"isTextChangeable":1},{"id":"9c2dd13d-4b32-4606-a6e9-fe362efbe1ce","value":-2,"text":"potential abuse","comment":"for example, when systems are intentionally misused and the robot may potentially be able to harm others.","position":{"x":116,"y":331},"isActive":true,"date":1702311180791,"kind":"Node","isSelected":false,"isConnectorSelected":false,"isDraggable":1,"isDeletable":1,"hasElementMoved":false,"eventLog":[{"time":"1702311180791","type":"create node","value":[0]},{"time":"1702311181539","type":"selected","value":[true]},{"time":"1702311188849","type":"text","value":["potenzieller Missbrauch"]},{"time":"1702311188849","type":"value","value":[-2]},{"time":"1702311188849","type":"selected","value":[false]},{"time":"2023-12-11T16:13:09.584Z","type":"position","value":{"x":[76],"y":[376]}},{"time":"2023-12-11T16:13:19.498Z","type":"position","value":{"x":[130],"y":[333]}},{"time":"1702311201502","type":"selected","value":[true]},{"time":"1702311231148","type":"comment","value":["z.B. wenn Systeme absichtlich fehlbenutzt werden und der Roboter eventuell in der Lage ist, anderen zu schaden."]},{"time":"1702311231148","type":"selected","value":[false]},{"time":"1702311235752","type":"selected","value":[true]},{"time":"1702311237373","type":"selected","value":[false]}],"isTextChangeable":1},{"id":"101de732-0687-4f13-8acb-617a6029f91c","value":2,"text":"protects helper workers","comment":"Since employees are not unnecessarily exposed to dangers, strictly speaking, this also saves their lives.","position":{"x":1176,"y":487},"isActive":true,"date":1702311319600,"kind":"Node","isSelected":false,"isConnectorSelected":false,"isDraggable":1,"isDeletable":1,"hasElementMoved":false,"eventLog":[{"time":"1702311319600","type":"create node","value":[0]},{"time":"2023-12-11T16:15:20.085Z","type":"position","value":{"x":[1164],"y":[268]}},{"time":"1702311320935","type":"selected","value":[true]},{"time":"1702311327251","type":"text","value":["schützt Hilfsarbeiter"]},{"time":"1702311327251","type":"value","value":[3]},{"time":"1702311327251","type":"selected","value":[false]},{"time":"2023-12-11T16:15:28.125Z","type":"position","value":{"x":[1172],"y":[224]}},{"time":"2023-12-11T16:15:29.852Z","type":"position","value":{"x":[1152],"y":[377]}},{"time":"2023-12-11T16:15:30.203Z","type":"position","value":{"x":[1079],"y":[527]}},{"time":"2023-12-11T16:15:40.336Z","type":"position","value":{"x":[1025],"y":[532]}},{"time":"2023-12-11T16:15:40.837Z","type":"position","value":{"x":[1181],"y":[515]}},{"time":"1702311344203","type":"selected","value":[true]},{"time":"1702311345209","type":"selected","value":[false]},{"time":"1702311347671","type":"selected","value":[true]},{"time":"1702311349593","type":"value","value":[2]},{"time":"1702311349593","type":"selected","value":[false]},{"time":"1702311392414","type":"selected","value":[true]},{"time":"1702311424981","type":"comment","value":["Da Mitarbeiter nicht unnötig Gefahren ausgesetzt sind, rettet dies strenggesehen auch ihre Leben."]},{"time":"1702311424981","type":"selected","value":[false]}],"isTextChangeable":1}],"connectors":[{"id":"60cf4777-850b-4ba2-bf63-bd26d1419dc8","source":"1a7bfeab-eba6-4e09-8fa2-e4675bc66f36","target":"5685f955-c2e4-48b8-8b13-34fbedf2f358","agreement":true,"isActive":true,"date":1702310626429,"kind":"Connector","isSelected":false,"intensity":3,"isDeletable":false,"isOver":false,"isBidirectional":false,"eventLog":[{"time":1702310626429,"type":"create connection"}]},{"id":"f05d65f4-c98b-489c-8701-3afa4982572a","source":"1a7bfeab-eba6-4e09-8fa2-e4675bc66f36","target":"c029f8b5-bb95-4c05-af7a-a325eb0ee0cb","agreement":true,"isActive":true,"date":1702310626429,"kind":"Connector","isSelected":false,"intensity":3,"isDeletable":true,"isOver":false,"isBidirectional":false,"eventLog":[{"time":1702310626429,"type":"create connection"}]},{"id":"58bea984-7864-4d39-9d4c-70960fcca4f5","source":"5685f955-c2e4-48b8-8b13-34fbedf2f358","target":"fe6fb1ea-7a66-4630-a2e5-5ee1a7632eae","agreement":true,"isActive":true,"date":1702310712528,"kind":"Connector","isSelected":false,"intensity":3,"isDeletable":true,"isOver":false,"isBidirectional":false,"eventLog":[{"time":1702310712528,"type":"create connection"}]},{"id":"fc7faf1d-ad02-4023-8db0-c0b59e19660f","source":"fe6fb1ea-7a66-4630-a2e5-5ee1a7632eae","target":"c4805f8e-b2d4-4447-a0e3-979d6f7acd75","agreement":true,"isActive":true,"date":1702310753663,"kind":"Connector","isSelected":false,"intensity":3,"isDeletable":true,"isOver":false,"isBidirectional":false,"eventLog":[{"time":1702310753663,"type":"create connection"}]},{"id":"19fd63c4-15ce-4746-a3a0-cd198992cb31","source":"fe6fb1ea-7a66-4630-a2e5-5ee1a7632eae","target":"b386977d-9587-4ba5-84dc-03b778db9c02","agreement":true,"isActive":true,"date":1702310766631,"kind":"Connector","isSelected":false,"intensity":3,"isDeletable":true,"isOver":false,"isBidirectional":false,"eventLog":[{"time":1702310766631,"type":"create connection"}]},{"id":"0906df0b-71bf-4037-8212-a3567e30bd16","source":"88c63088-cc19-4f84-a0d8-113d41825b8e","target":"5685f955-c2e4-48b8-8b13-34fbedf2f358","agreement":true,"isActive":true,"date":1702310836750,"kind":"Connector","isSelected":false,"intensity":3,"isDeletable":true,"isOver":false,"isBidirectional":false,"eventLog":[{"time":1702310836750,"type":"create connection"}]},{"id":"6e133793-1237-47b9-9bd5-a76a4bd45a95","source":"41ed9a28-552c-4ae4-ad59-ff60feffc573","target":"88c63088-cc19-4f84-a0d8-113d41825b8e","agreement":true,"isActive":true,"date":1702310882932,"kind":"Connector","isSelected":false,"intensity":6,"isDeletable":true,"isOver":false,"isBidirectional":false,"eventLog":[{"time":1702310882932,"type":"create connection"},{"time":1702311004120,"type":"selected","value":1},{"time":1702311006144,"type":"change intensity of connector","value":6},{"time":1702311006144,"type":"selected","value":0}]},{"id":"c97da6e3-bb05-46cd-b931-09d0e4aebf88","source":"41ed9a28-552c-4ae4-ad59-ff60feffc573","target":"365733c4-e133-4a41-83c1-457c47007acf","agreement":true,"isActive":true,"date":1702310900359,"kind":"Connector","isSelected":false,"intensity":3,"isDeletable":true,"isOver":false,"isBidirectional":false,"eventLog":[{"time":1702310900359,"type":"create connection"}]},{"id":"1ad20526-dbbc-4574-a79e-51b55d6f4e57","source":"fe6fb1ea-7a66-4630-a2e5-5ee1a7632eae","target":"365733c4-e133-4a41-83c1-457c47007acf","agreement":true,"isActive":true,"date":1702310901592,"kind":"Connector","isSelected":false,"intensity":3,"isDeletable":true,"isOver":false,"isBidirectional":false,"eventLog":[{"time":1702310901592,"type":"create connection"}]},{"id":"68e93796-41e5-4597-81fc-9119f7f695ab","source":"054fa1d1-e528-48cc-992c-f7abf96150c8","target":"c029f8b5-bb95-4c05-af7a-a325eb0ee0cb","agreement":true,"isActive":true,"date":1702310905457,"kind":"Connector","isSelected":false,"intensity":3,"isDeletable":true,"isOver":false,"isBidirectional":false,"eventLog":[{"time":1702310905457,"type":"create connection"}]},{"id":"9264cf6b-8954-484e-a380-f6c5f2f84e2d","source":"cadd84b4-89c7-4a99-937c-663f66289cbf","target":"c029f8b5-bb95-4c05-af7a-a325eb0ee0cb","agreement":true,"isActive":true,"date":1702310939006,"kind":"Connector","isSelected":false,"intensity":3,"isDeletable":true,"isOver":false,"isBidirectional":false,"eventLog":[{"time":1702310939006,"type":"create connection"}]},{"id":"d145961c-3e1b-4745-8a59-8a1b18607d99","source":"225b697e-8227-4ac3-a167-9bf55b2ef899","target":"cadd84b4-89c7-4a99-937c-663f66289cbf","agreement":true,"isActive":true,"date":1702310994776,"kind":"Connector","isSelected":false,"intensity":9,"isDeletable":true,"isOver":false,"isBidirectional":false,"eventLog":[{"time":1702310994776,"type":"create connection"},{"time":1702310995440,"type":"selected","value":1},{"time":1702310998109,"type":"change intensity of connector","value":9},{"time":1702310998109,"type":"selected","value":0}]},{"id":"1181fd76-ebb9-4b6a-9738-d3121805ecfd","source":"88c63088-cc19-4f84-a0d8-113d41825b8e","target":"8241117c-0efd-4c9e-a086-2921ee961e6a","agreement":true,"isActive":true,"date":1702311019578,"kind":"Connector","isSelected":false,"intensity":3,"isDeletable":true,"isOver":false,"isBidirectional":false,"eventLog":[{"time":1702311019578,"type":"create connection"}]},{"id":"0830108c-0828-41e3-ac02-7db1fcf945a9","source":"c029f8b5-bb95-4c05-af7a-a325eb0ee0cb","target":"e49b6239-2cf7-4508-a4d4-dbbb79cebede","agreement":true,"isActive":true,"date":1702311083786,"kind":"Connector","isSelected":false,"intensity":9,"isDeletable":true,"isOver":false,"isBidirectional":false,"eventLog":[{"time":1702311083786,"type":"create connection"},{"time":1702311084333,"type":"selected","value":1},{"time":1702311085930,"type":"change intensity of connector","value":9},{"time":1702311085930,"type":"selected","value":0}]},{"id":"5e6144ec-b76d-4e6a-8013-595ef545d784","source":"88c63088-cc19-4f84-a0d8-113d41825b8e","target":"e49b6239-2cf7-4508-a4d4-dbbb79cebede","agreement":true,"isActive":true,"date":1702311087881,"kind":"Connector","isSelected":false,"intensity":3,"isDeletable":true,"isOver":false,"isBidirectional":false,"eventLog":[{"time":1702311087881,"type":"create connection"}]},{"id":"069d6ffe-ad2c-4316-9bea-9b7d8cb3bf78","source":"365733c4-e133-4a41-83c1-457c47007acf","target":"9c2dd13d-4b32-4606-a6e9-fe362efbe1ce","agreement":true,"isActive":true,"date":1702311198669,"kind":"Connector","isSelected":false,"intensity":6,"isDeletable":true,"isOver":false,"isBidirectional":false,"eventLog":[{"time":1702311198669,"type":"create connection"},{"time":1702311231832,"type":"selected","value":1},{"time":1702311235657,"type":"change intensity of connector","value":6},{"time":1702311235657,"type":"selected","value":0}]},{"id":"b7f7e43e-abd3-43d7-9e92-5bf31c921278","source":"225b697e-8227-4ac3-a167-9bf55b2ef899","target":"101de732-0687-4f13-8acb-617a6029f91c","agreement":true,"isActive":true,"date":1702311343106,"kind":"Connector","isSelected":false,"intensity":6,"isDeletable":true,"isOver":false,"isBidirectional":false,"eventLog":[{"time":1702311343106,"type":"create connection"},{"time":1702311350285,"type":"selected","value":1},{"time":1702311351975,"type":"change intensity of connector","value":6},{"time":1702311351975,"type":"selected","value":0}]},{"id":"21a15179-c208-41cd-a517-f232636dc200","source":"054fa1d1-e528-48cc-992c-f7abf96150c8","target":"101de732-0687-4f13-8acb-617a6029f91c","agreement":true,"isActive":true,"date":1702311355372,"kind":"Connector","isSelected":false,"intensity":3,"isDeletable":true,"isOver":false,"isBidirectional":false,"eventLog":[{"time":1702311355372,"type":"create connection"}]}],"currentID":{},"currentNode":{},"hasSelectedNode":[false],"currentConnector":{},"hasSelectedConnector":[false],"readyToMove":[false],"isIncoming":[false],"hasElementMoved":[false]}
