{"idCAM":["0ae9dfe5-de0f-4c9a-98e1-779bc13b0953"],"creator":["64369636de5954c6029e89b4_post"],"projectCAM":["S2_CAM part 2"],"defocusCAM":[],"date":[1702312456613],"nodes":[{"id":"35d96dd4-445b-406f-8171-4c92c23e1e3a","value":0,"text":"rescue robot","comment":"","position":{"x":650,"y":400},"isActive":true,"date":1702312457538,"kind":"Node","isSelected":false,"isConnectorSelected":false,"isDraggable":0,"isDeletable":0,"hasElementMoved":false,"eventLog":[{"time":1702312457538,"type":"create node","value":0}],"isTextChangeable":0},{"id":"89498d58-5918-40b9-9c37-bc5afb43d2e5","value":0,"text":"disadvantages","comment":"","position":{"x":450,"y":400},"isActive":true,"date":1702312457538,"kind":"Node","isSelected":false,"isConnectorSelected":false,"isDraggable":0,"isDeletable":0,"hasElementMoved":false,"eventLog":[{"time":1702312457538,"type":"create node","value":0}],"isTextChangeable":0},{"id":"eed47b92-3204-4314-a5f5-c5fa8c9a9cf1","value":0,"text":"advantages","comment":"","position":{"x":850,"y":400},"isActive":true,"date":1702312457538,"kind":"Node","isSelected":false,"isConnectorSelected":false,"isDraggable":0,"isDeletable":0,"hasElementMoved":false,"eventLog":[{"time":1702312457538,"type":"create node","value":0}],"isTextChangeable":0},{"id":"27cab802-f4a1-4887-85c8-eb34bb4f6898","value":3,"text":"safety","comment":"","position":{"x":1043,"y":209},"isActive":true,"date":1702312457538,"kind":"Node","isSelected":false,"isConnectorSelected":false,"isDraggable":1,"isDeletable":1,"hasElementMoved":false,"eventLog":[{"time":1702312457538,"type":"create node","value":3}],"isTextChangeable":1},{"id":"d8887714-e5f8-4b77-9a8c-baa297c5b2e6","value":1,"text":"speed","comment":"","position":{"x":1068,"y":331},"isActive":true,"date":1702312457538,"kind":"Node","isSelected":false,"isConnectorSelected":false,"isDraggable":1,"isDeletable":1,"hasElementMoved":false,"eventLog":[{"time":1702312457538,"type":"create node","value":1}],"isTextChangeable":1},{"id":"978979e4-cf4d-4790-a3fc-07cba82a998f","value":2,"text":"access","comment":"","position":{"x":1087,"y":458},"isActive":true,"date":1702312457538,"kind":"Node","isSelected":false,"isConnectorSelected":false,"isDraggable":1,"isDeletable":1,"hasElementMoved":false,"eventLog":[{"time":1702312457538,"type":"create node","value":2}],"isTextChangeable":1},{"id":"5b7c84e5-91c0-4903-a7c0-5774b04f0b44","value":2,"text":"endurance","comment":"","position":{"x":884,"y":174},"isActive":true,"date":1702312457538,"kind":"Node","isSelected":false,"isConnectorSelected":false,"isDraggable":1,"isDeletable":1,"hasElementMoved":false,"eventLog":[{"time":1702312457538,"type":"create node","value":2}],"isTextChangeable":1},{"id":"f52f1d57-0ec9-49dc-a13b-062d32a69c88","value":-3,"text":"costs","comment":"","position":{"x":243,"y":406},"isActive":true,"date":1702312457538,"kind":"Node","isSelected":false,"isConnectorSelected":false,"isDraggable":1,"isDeletable":1,"hasElementMoved":false,"eventLog":[{"time":1702312457538,"type":"create node","value":-3}],"isTextChangeable":1},{"id":"c6b0a42d-659b-46ea-b356-f906b9adbcab","value":-2,"text":"complexity","comment":"","position":{"x":277,"y":204},"isActive":true,"date":1702312457538,"kind":"Node","isSelected":false,"isConnectorSelected":false,"isDraggable":1,"isDeletable":1,"hasElementMoved":false,"eventLog":[{"time":1702312457538,"type":"create node","value":-2}],"isTextChangeable":1},{"id":"1e28dae7-8438-47e7-b588-04ec35a04c35","value":-1,"text":"limited adaptability","comment":"","position":{"x":443,"y":193},"isActive":true,"date":1702312457539,"kind":"Node","isSelected":false,"isConnectorSelected":false,"isDraggable":1,"isDeletable":1,"hasElementMoved":false,"eventLog":[{"time":1702312457539,"type":"create node","value":-1}],"isTextChangeable":1},{"id":"3153035b-b75a-4ac8-8dd7-bf0843a711d8","value":-3,"text":"ethics and morals","comment":"","position":{"x":400,"y":520},"isActive":true,"date":1702312457539,"kind":"Node","isSelected":false,"isConnectorSelected":false,"isDraggable":1,"isDeletable":1,"hasElementMoved":false,"eventLog":[{"time":1702312457539,"type":"create node","value":-3}],"isTextChangeable":1},{"id":"17cd2b77-be2e-4abd-94de-77e64077f6b5","value":-1,"text":"dependence on technology","comment":"","position":{"x":222,"y":545},"isActive":true,"date":1702312457539,"kind":"Node","isSelected":false,"isConnectorSelected":false,"isDraggable":1,"isDeletable":1,"hasElementMoved":false,"eventLog":[{"time":1702312457539,"type":"create node","value":-1}],"isTextChangeable":1},{"id":"ab1e5ee0-e910-4288-aff9-5e2af1db4c82","value":2,"text":"multifunctionality","comment":"","position":{"x":976,"y":516},"isActive":true,"date":1702312457539,"kind":"Node","isSelected":false,"isConnectorSelected":false,"isDraggable":1,"isDeletable":1,"hasElementMoved":false,"eventLog":[{"time":1702312457539,"type":"create node","value":2}],"isTextChangeable":1}],"connectors":[{"id":"153df439-b442-4627-ad04-55802137f3ff","source":"35d96dd4-445b-406f-8171-4c92c23e1e3a","target":"89498d58-5918-40b9-9c37-bc5afb43d2e5","agreement":true,"isActive":true,"date":1702312457539,"kind":"Connector","isSelected":false,"intensity":3,"isDeletable":false,"isOver":false,"isBidirectional":false,"eventLog":[{"time":1702312457539,"type":"create connection"}]},{"id":"b00dddab-7a23-4323-88c0-bd9beb6da510","source":"35d96dd4-445b-406f-8171-4c92c23e1e3a","target":"eed47b92-3204-4314-a5f5-c5fa8c9a9cf1","agreement":true,"isActive":true,"date":1702312457540,"kind":"Connector","isSelected":false,"intensity":3,"isDeletable":true,"isOver":false,"isBidirectional":false,"eventLog":[{"time":1702312457540,"type":"create connection"}]},{"id":"d675e040-7c7d-4ee6-b320-404032e434cc","source":"27cab802-f4a1-4887-85c8-eb34bb4f6898","target":"eed47b92-3204-4314-a5f5-c5fa8c9a9cf1","agreement":true,"isActive":true,"date":1702312457540,"kind":"Connector","isSelected":false,"intensity":6,"isDeletable":true,"isOver":false,"isBidirectional":false,"eventLog":[{"time":1702312457540,"type":"create connection"}]},{"id":"778afe5f-fba9-4b32-acaa-bf334b82528f","source":"d8887714-e5f8-4b77-9a8c-baa297c5b2e6","target":"eed47b92-3204-4314-a5f5-c5fa8c9a9cf1","agreement":true,"isActive":true,"date":1702312457540,"kind":"Connector","isSelected":false,"intensity":3,"isDeletable":true,"isOver":false,"isBidirectional":false,"eventLog":[{"time":1702312457540,"type":"create connection"}]},{"id":"2a11881e-96c5-4f82-8b31-e2cad80c41bf","source":"eed47b92-3204-4314-a5f5-c5fa8c9a9cf1","target":"978979e4-cf4d-4790-a3fc-07cba82a998f","agreement":true,"isActive":true,"date":1702312457540,"kind":"Connector","isSelected":false,"intensity":9,"isDeletable":true,"isOver":false,"isBidirectional":false,"eventLog":[{"time":1702312457540,"type":"create connection"}]},{"id":"0d46b74e-f352-429b-8b86-4cf0eebd0cd0","source":"5b7c84e5-91c0-4903-a7c0-5774b04f0b44","target":"eed47b92-3204-4314-a5f5-c5fa8c9a9cf1","agreement":true,"isActive":true,"date":1702312457540,"kind":"Connector","isSelected":false,"intensity":6,"isDeletable":true,"isOver":false,"isBidirectional":false,"eventLog":[{"time":1702312457540,"type":"create connection"}]},{"id":"a7888d46-b9e9-4db4-9b04-cd64ae251c0a","source":"f52f1d57-0ec9-49dc-a13b-062d32a69c88","target":"89498d58-5918-40b9-9c37-bc5afb43d2e5","agreement":true,"isActive":true,"date":1702312457540,"kind":"Connector","isSelected":false,"intensity":6,"isDeletable":true,"isOver":false,"isBidirectional":false,"eventLog":[{"time":1702312457540,"type":"create connection"}]},{"id":"e0386faf-bb26-495a-b58c-2e0f5297406c","source":"c6b0a42d-659b-46ea-b356-f906b9adbcab","target":"89498d58-5918-40b9-9c37-bc5afb43d2e5","agreement":true,"isActive":true,"date":1702312457540,"kind":"Connector","isSelected":false,"intensity":9,"isDeletable":true,"isOver":false,"isBidirectional":false,"eventLog":[{"time":1702312457540,"type":"create connection"}]},{"id":"0609018f-2510-421b-bf6d-43ee7e693348","source":"89498d58-5918-40b9-9c37-bc5afb43d2e5","target":"1e28dae7-8438-47e7-b588-04ec35a04c35","agreement":true,"isActive":true,"date":1702312457540,"kind":"Connector","isSelected":false,"intensity":3,"isDeletable":true,"isOver":false,"isBidirectional":false,"eventLog":[{"time":1702312457540,"type":"create connection"}]},{"id":"8346a00b-4892-4cdb-b269-745b4ba3ca30","source":"3153035b-b75a-4ac8-8dd7-bf0843a711d8","target":"89498d58-5918-40b9-9c37-bc5afb43d2e5","agreement":true,"isActive":true,"date":1702312457541,"kind":"Connector","isSelected":false,"intensity":6,"isDeletable":true,"isOver":false,"isBidirectional":false,"eventLog":[{"time":1702312457541,"type":"create connection"}]},{"id":"d61e2568-dc83-4d5f-aea0-1fe5764bad6d","source":"89498d58-5918-40b9-9c37-bc5afb43d2e5","target":"17cd2b77-be2e-4abd-94de-77e64077f6b5","agreement":true,"isActive":true,"date":1702312457541,"kind":"Connector","isSelected":false,"intensity":3,"isDeletable":true,"isOver":false,"isBidirectional":false,"eventLog":[{"time":1702312457541,"type":"create connection"}]},{"id":"c05424ab-4177-434e-8352-fecfce81985b","source":"ab1e5ee0-e910-4288-aff9-5e2af1db4c82","target":"eed47b92-3204-4314-a5f5-c5fa8c9a9cf1","agreement":true,"isActive":true,"date":1702312457541,"kind":"Connector","isSelected":false,"intensity":9,"isDeletable":true,"isOver":false,"isBidirectional":false,"eventLog":[{"time":1702312457541,"type":"create connection"}]}],"currentID":{},"currentNode":{},"hasSelectedNode":[false],"currentConnector":{},"hasSelectedConnector":[false],"readyToMove":[false],"isIncoming":[false]}
