{"idCAM":["42da5102-bfd6-4aeb-8a16-e261f6946b20"],"creator":["64369636de5954c6029e89b4_pre"],"projectCAM":["S2_CAM part 1"],"defocusCAM":[2224.3],"date":[1702311348646],"nodes":[{"id":"0550a8b6-1c06-48bf-8048-c04d97103770","value":0,"text":"rescue robot","comment":"","position":{"x":650,"y":400},"isActive":true,"date":1702311349520,"kind":"Node","isSelected":false,"isConnectorSelected":false,"isDraggable":0,"isDeletable":0,"hasElementMoved":false,"eventLog":[{"time":1702311349520,"type":"create node","value":0}],"isTextChangeable":0},{"id":"39610466-cdae-4870-9772-f15a4c29e4a1","value":0,"text":"disadvantages","comment":"","position":{"x":450,"y":400},"isActive":true,"date":1702311349520,"kind":"Node","isSelected":false,"isConnectorSelected":false,"isDraggable":0,"isDeletable":0,"hasElementMoved":false,"eventLog":[{"time":1702311349520,"type":"create node","value":0}],"isTextChangeable":0},{"id":"04ac3a82-6745-4667-ab04-1a394aab4024","value":0,"text":"advantages","comment":"","position":{"x":850,"y":400},"isActive":true,"date":1702311349521,"kind":"Node","isSelected":false,"isConnectorSelected":true,"isDraggable":0,"isDeletable":0,"hasElementMoved":false,"eventLog":[{"time":1702311349521,"type":"create node","value":0}],"isTextChangeable":0},{"id":"2f98d5ce-9eb3-4740-a7ab-d51dfd506072","value":3,"text":"safety","comment":"","position":{"x":1043,"y":209},"isActive":true,"date":1702311400135,"kind":"Node","isSelected":false,"isConnectorSelected":false,"isDraggable":1,"isDeletable":1,"hasElementMoved":false,"eventLog":[{"time":"1702311400135","type":"create node","value":[0]},{"time":"1702311402673","type":"selected","value":[true]},{"time":"1702311640035","type":"text","value":["Sicherheit"]},{"time":"1702311640035","type":"value","value":[3]},{"time":"1702311640035","type":"selected","value":[false]},{"time":"2023-12-11T16:20:42.986Z","type":"position","value":{"x":[998],"y":[328]}}],"isTextChangeable":1},{"id":"2fa8df06-acb8-4675-a1ce-779f203c21ff","value":1,"text":"speed","comment":"","position":{"x":1068,"y":331},"isActive":true,"date":1702311652353,"kind":"Node","isSelected":false,"isConnectorSelected":false,"isDraggable":1,"isDeletable":1,"hasElementMoved":false,"eventLog":[{"time":1702311652353,"type":"create node","value":"0"},{"time":1702311654123,"type":"selected","value":"TRUE"},{"time":1702311675786,"type":"text","value":"Schnelligkeit "},{"time":1702311675786,"type":"value","value":"1"},{"time":1702311675786,"type":"selected","value":"FALSE"}],"isTextChangeable":1},{"id":"53fe78df-d7a5-417d-8fbb-150cfc185dfd","value":2,"text":"access","comment":"","position":{"x":1087,"y":458},"isActive":true,"date":1702311695138,"kind":"Node","isSelected":false,"isConnectorSelected":false,"isDraggable":1,"isDeletable":1,"hasElementMoved":false,"eventLog":[{"time":1702311695138,"type":"create node","value":"0"},{"time":1702311697336,"type":"selected","value":"TRUE"},{"time":1702311697751,"type":"selected","value":"FALSE"},{"time":1702311698363,"type":"selected","value":"TRUE"},{"time":1702311710013,"type":"text","value":"Zugang"},{"time":1702311710013,"type":"value","value":"2"},{"time":1702311710013,"type":"selected","value":"FALSE"}],"isTextChangeable":1},{"id":"1c118d34-969a-4152-9913-edecca462e45","value":2,"text":"endurance","comment":"they can work longer and are less prone","position":{"x":884,"y":174},"isActive":true,"date":1702311729511,"kind":"Node","isSelected":false,"isConnectorSelected":false,"isDraggable":1,"isDeletable":1,"hasElementMoved":false,"eventLog":[{"time":1702311729511,"type":"create node","value":"0"},{"time":1702311733738,"type":"selected","value":"TRUE"},{"time":1702311812059,"type":"text","value":"Ausdauer"},{"time":1702311812059,"type":"value","value":"2"},{"time":1702311812059,"type":"comment","value":"sie können länger arbeiten und sind winger anfällig"},{"time":1702311812059,"type":"selected","value":"FALSE"}],"isTextChangeable":1},{"id":"1ccfd475-defa-4bb1-8fbf-0a71475d2741","value":-3,"text":"costs","comment":"","position":{"x":243,"y":406},"isActive":true,"date":1702311819994,"kind":"Node","isSelected":false,"isConnectorSelected":false,"isDraggable":1,"isDeletable":1,"hasElementMoved":false,"eventLog":[{"time":1702311819994,"type":"create node","value":"0"},{"time":1702311822675,"type":"selected","value":"TRUE"},{"time":1702311831564,"type":"text","value":"Kosten"},{"time":1702311831564,"type":"value","value":"-3"},{"time":1702311831564,"type":"selected","value":"FALSE"}],"isTextChangeable":1},{"id":"70dff70b-448d-49d3-a631-caa7ebbc0c4b","value":-2,"text":"complexity","comment":"","position":{"x":277,"y":204},"isActive":true,"date":1702311867783,"kind":"Node","isSelected":false,"isConnectorSelected":false,"isDraggable":1,"isDeletable":1,"hasElementMoved":false,"eventLog":[{"time":1702311867783,"type":"create node","value":"0"},{"time":1702311869784,"type":"selected","value":"TRUE"},{"time":1702311901799,"type":"text","value":"Komplexität "},{"time":1702311901799,"type":"value","value":"-2"},{"time":1702311901799,"type":"selected","value":"FALSE"}],"isTextChangeable":1},{"id":"94f1b5df-8fb7-49a9-a88d-6a0b569356f1","value":-1,"text":"limited adaptability","comment":"","position":{"x":443,"y":193},"isActive":true,"date":1702311907592,"kind":"Node","isSelected":false,"isConnectorSelected":false,"isDraggable":1,"isDeletable":1,"hasElementMoved":false,"eventLog":[{"time":"1702311907592","type":"create node","value":[0]},{"time":"2023-12-11T16:25:08.639Z","type":"position","value":{"x":[344],"y":[250]}},{"time":"1702311929826","type":"selected","value":[true]},{"time":"1702311930314","type":"selected","value":[false]},{"time":"1702311931817","type":"selected","value":[true]},{"time":"1702311973414","type":"text","value":["begrenzte Anpassungsfähigkeiten"]},{"time":"1702311973414","type":"value","value":[-1]},{"time":"1702311973414","type":"selected","value":[false]}],"isTextChangeable":1},{"id":"2edb57af-7a3c-4cfb-8b31-43d7a2ca163c","value":0,"text":"Ethik und Mot","comment":"","position":{"x":373,"y":620},"isActive":false,"date":1702311978173,"kind":"Node","isSelected":false,"isConnectorSelected":false,"isDraggable":1,"isDeletable":1,"hasElementMoved":false,"eventLog":[{"time":"1702311978173","type":"create node","value":[0]},{"time":"1702311978183","type":"selected","value":[true]},{"time":"1702311980660","type":"selected","value":[false]},{"time":"2023-12-11T16:26:21.405Z","type":"position","value":{"x":[509],"y":[272]}},{"time":"2023-12-11T16:26:21.538Z","type":"position","value":{"x":[451],"y":[424]}},{"time":"2023-12-11T16:26:21.788Z","type":"position","value":{"x":[389],"y":[581]}},{"time":"1702311982754","type":"selected","value":[true]},{"time":"1702311995281","type":"node was deleted","value":[-77]}],"isTextChangeable":1},{"id":"cc3eb2b3-ab62-47c6-a83f-4958bdf6bb20","value":-3,"text":"ethics and morals","comment":"","position":{"x":400,"y":520},"isActive":true,"date":1702311997026,"kind":"Node","isSelected":false,"isConnectorSelected":false,"isDraggable":1,"isDeletable":1,"hasElementMoved":false,"eventLog":[{"time":1702311997026,"type":"create node","value":"0"},{"time":1702311997159,"type":"selected","value":"TRUE"},{"time":1702312024113,"type":"text","value":"Ethik und Moral"},{"time":1702312024113,"type":"value","value":"-3"},{"time":1702312024113,"type":"selected","value":"FALSE"}],"isTextChangeable":1},{"id":"24c4a79b-09a9-4f20-ba0f-cc9ac5965279","value":-1,"text":"dependence on technology","comment":"","position":{"x":222,"y":545},"isActive":true,"date":1702312039528,"kind":"Node","isSelected":false,"isConnectorSelected":false,"isDraggable":1,"isDeletable":1,"hasElementMoved":false,"eventLog":[{"time":1702312039528,"type":"create node","value":"0"},{"time":1702312041486,"type":"selected","value":"TRUE"},{"time":1702312101289,"type":"text","value":"Abhängigkeit von Technologie "},{"time":1702312101289,"type":"value","value":"-1"},{"time":1702312101289,"type":"selected","value":"FALSE"}],"isTextChangeable":1},{"id":"4ee2d0c2-8636-4a49-a21a-78ad45a9eb4a","value":2,"text":"multifunctionality","comment":"","position":{"x":976,"y":516},"isActive":true,"date":1702312103799,"kind":"Node","isSelected":false,"isConnectorSelected":true,"isDraggable":1,"isDeletable":1,"hasElementMoved":false,"eventLog":[{"time":"1702312103799","type":"create node","value":[0]},{"time":"2023-12-11T16:28:24.894Z","type":"position","value":{"x":[699],"y":[539]}},{"time":"2023-12-11T16:28:25.054Z","type":"position","value":{"x":[851],"y":[537]}},{"time":"1702312109324","type":"selected","value":[true]},{"time":"1702312152018","type":"text","value":["Mutifunktionalität"]},{"time":"1702312152018","type":"value","value":[2]},{"time":"1702312152018","type":"selected","value":[false]}],"isTextChangeable":1}],"connectors":[{"id":"c076f638-7527-46ec-8c97-012dc05a981b","source":"0550a8b6-1c06-48bf-8048-c04d97103770","target":"39610466-cdae-4870-9772-f15a4c29e4a1","agreement":true,"isActive":true,"date":1702311349521,"kind":"Connector","isSelected":false,"intensity":3,"isDeletable":false,"isOver":false,"isBidirectional":false,"eventLog":[{"time":1702311349521,"type":"create connection"}]},{"id":"cb5ce90f-43f5-4b4c-836b-23e7149b68a8","source":"0550a8b6-1c06-48bf-8048-c04d97103770","target":"04ac3a82-6745-4667-ab04-1a394aab4024","agreement":true,"isActive":true,"date":1702311349521,"kind":"Connector","isSelected":false,"intensity":3,"isDeletable":true,"isOver":false,"isBidirectional":false,"eventLog":[{"time":1702311349521,"type":"create connection"}]},{"id":"dde44afa-a51c-400d-91a5-169f02bc65b3","source":"2f98d5ce-9eb3-4740-a7ab-d51dfd506072","target":"04ac3a82-6745-4667-ab04-1a394aab4024","agreement":true,"isActive":true,"date":1702311641399,"kind":"Connector","isSelected":false,"intensity":6,"isDeletable":true,"isOver":false,"isBidirectional":false,"eventLog":[{"time":1702311641399,"type":"create connection"},{"time":1702311845838,"type":"selected","value":1},{"time":1702311850021,"type":"change intensity of connector","value":6},{"time":1702311850021,"type":"selected","value":0}]},{"id":"02592172-1185-4555-bbb0-973bbf273088","source":"2fa8df06-acb8-4675-a1ce-779f203c21ff","target":"04ac3a82-6745-4667-ab04-1a394aab4024","agreement":true,"isActive":true,"date":1702311677473,"kind":"Connector","isSelected":false,"intensity":3,"isDeletable":true,"isOver":false,"isBidirectional":false,"eventLog":[{"time":1702311677473,"type":"create connection"},{"time":1702311855223,"type":"selected","value":1},{"time":1702311856941,"type":"change intensity of connector","value":3},{"time":1702311856941,"type":"selected","value":0}]},{"id":"889e38de-4007-4f2d-ae93-8370f7c3e5da","source":"04ac3a82-6745-4667-ab04-1a394aab4024","target":"53fe78df-d7a5-417d-8fbb-150cfc185dfd","agreement":true,"isActive":true,"date":1702311711756,"kind":"Connector","isSelected":false,"intensity":9,"isDeletable":true,"isOver":false,"isBidirectional":false,"eventLog":[{"time":1702311711756,"type":"create connection"},{"time":1702311850220,"type":"selected","value":1},{"time":1702311853402,"type":"change intensity of connector","value":9},{"time":1702311853402,"type":"selected","value":0}]},{"id":"208807e7-3078-4615-abdc-f32957c9b1d4","source":"1c118d34-969a-4152-9913-edecca462e45","target":"04ac3a82-6745-4667-ab04-1a394aab4024","agreement":true,"isActive":true,"date":1702311813470,"kind":"Connector","isSelected":false,"intensity":6,"isDeletable":true,"isOver":false,"isBidirectional":false,"eventLog":[{"time":1702311813470,"type":"create connection"},{"time":1702311857180,"type":"selected","value":1},{"time":1702311863051,"type":"change intensity of connector","value":6},{"time":1702311863051,"type":"selected","value":0}]},{"id":"473a2637-1319-4117-8da0-69a6f18cf658","source":"1ccfd475-defa-4bb1-8fbf-0a71475d2741","target":"39610466-cdae-4870-9772-f15a4c29e4a1","agreement":true,"isActive":true,"date":1702311833285,"kind":"Connector","isSelected":false,"intensity":6,"isDeletable":true,"isOver":false,"isBidirectional":false,"eventLog":[{"time":1702311833285,"type":"create connection"},{"time":1702311837855,"type":"selected","value":1},{"time":1702311842987,"type":"change intensity of connector","value":6},{"time":1702311842987,"type":"selected","value":0}]},{"id":"e2cfdf51-f576-4562-8d86-a4e74b46d9a8","source":"70dff70b-448d-49d3-a631-caa7ebbc0c4b","target":"39610466-cdae-4870-9772-f15a4c29e4a1","agreement":true,"isActive":true,"date":1702311904815,"kind":"Connector","isSelected":false,"intensity":9,"isDeletable":true,"isOver":false,"isBidirectional":false,"eventLog":[{"time":1702311904815,"type":"create connection"},{"time":1702311910137,"type":"selected","value":1},{"time":1702311918138,"type":"change intensity of connector","value":9},{"time":1702311918138,"type":"selected","value":0}]},{"id":"640c7d46-4c76-4a12-8c40-3d9f58cf5031","source":"39610466-cdae-4870-9772-f15a4c29e4a1","target":"94f1b5df-8fb7-49a9-a88d-6a0b569356f1","agreement":true,"isActive":true,"date":1702311975479,"kind":"Connector","isSelected":false,"intensity":3,"isDeletable":true,"isOver":false,"isBidirectional":false,"eventLog":[{"time":1702311975479,"type":"create connection"}]},{"id":"08f8cab7-8579-48f2-9c49-944eeaec8350","source":"cc3eb2b3-ab62-47c6-a83f-4958bdf6bb20","target":"39610466-cdae-4870-9772-f15a4c29e4a1","agreement":true,"isActive":true,"date":1702312025598,"kind":"Connector","isSelected":false,"intensity":6,"isDeletable":true,"isOver":false,"isBidirectional":false,"eventLog":[{"time":1702312025598,"type":"create connection"},{"time":1702312026812,"type":"selected","value":1},{"time":1702312031754,"type":"change intensity of connector","value":6},{"time":1702312031754,"type":"selected","value":0}]},{"id":"7e60c4ce-07b0-4ea9-99dd-dc4fd0a5ea8b","source":"39610466-cdae-4870-9772-f15a4c29e4a1","target":"24c4a79b-09a9-4f20-ba0f-cc9ac5965279","agreement":true,"isActive":true,"date":1702312102965,"kind":"Connector","isSelected":false,"intensity":3,"isDeletable":true,"isOver":false,"isBidirectional":false,"eventLog":[{"time":1702312102965,"type":"create connection"}]},{"id":"5cc1c31a-98c1-40f3-bdf7-6563860abcd5","source":"4ee2d0c2-8636-4a49-a21a-78ad45a9eb4a","target":"04ac3a82-6745-4667-ab04-1a394aab4024","agreement":true,"isActive":true,"date":1702312153400,"kind":"Connector","isSelected":false,"intensity":9,"isDeletable":true,"isOver":false,"isBidirectional":false,"eventLog":[{"time":1702312153400,"type":"create connection"},{"time":1702312155945,"type":"selected","value":1},{"time":1702312159437,"type":"change intensity of connector","value":9},{"time":1702312159437,"type":"selected","value":0}]}],"currentID":["5cc1c31a-98c1-40f3-bdf7-6563860abcd5"],"currentNode":{},"hasSelectedNode":[false],"currentConnector":{"id":["5cc1c31a-98c1-40f3-bdf7-6563860abcd5"],"value":{},"source":["4ee2d0c2-8636-4a49-a21a-78ad45a9eb4a"],"target":["04ac3a82-6745-4667-ab04-1a394aab4024"],"agreement":[true],"isActive":[true],"date":[1702312153400],"kind":["Connector"],"isSelected":[false],"intensity":[9],"isDeletable":[true],"isOver":[false],"isBidirectional":[false],"eventLog":[{"time":1702312153400,"type":"create connection"},{"time":1702312155945,"type":"selected","value":1},{"time":1702312159437,"type":"change intensity of connector","value":9},{"time":1702312159437,"type":"selected","value":0}]},"hasSelectedConnector":[true],"readyToMove":[false],"isIncoming":[false],"hasElementMoved":[false]}
