{"idCAM":["d45664a2-fc8f-4623-bf4e-f6c82a573f61"],"creator":["643cff9260890a3b38e3130d_post"],"projectCAM":["S2_CAM part 2"],"defocusCAM":[],"date":[1702289939630],"nodes":[{"id":"9d3a20c7-b975-451f-8795-6f3d92f7dd85","value":0,"text":"social assistance robot","comment":"","position":{"x":650,"y":400},"isActive":true,"date":1702289940547,"kind":"Node","isSelected":false,"isConnectorSelected":false,"isDraggable":0,"isDeletable":0,"hasElementMoved":false,"eventLog":[{"time":1702289940547,"type":"create node","value":0}],"isTextChangeable":0},{"id":"a0d5ebb5-4a35-4bfa-aec5-be0520713f20","value":-1,"text":"disadvantages","comment":"","position":{"x":450,"y":400},"isActive":true,"date":1702289940547,"kind":"Node","isSelected":false,"isConnectorSelected":false,"isDraggable":0,"isDeletable":0,"hasElementMoved":false,"eventLog":[{"time":1702289940547,"type":"create node","value":-1}],"isTextChangeable":0},{"id":"e48cdbd0-ce7f-4d7b-8f08-99af25554d13","value":1,"text":"advantages","comment":"","position":{"x":850,"y":400},"isActive":true,"date":1702289940547,"kind":"Node","isSelected":false,"isConnectorSelected":false,"isDraggable":0,"isDeletable":0,"hasElementMoved":false,"eventLog":[{"time":1702289940547,"type":"create node","value":1}],"isTextChangeable":0},{"id":"d0a30ab9-b6f8-447b-bb9c-198c43a58574","value":1,"text":"structured therapy processes","comment":"","position":{"x":1126,"y":470},"isActive":true,"date":1702289940547,"kind":"Node","isSelected":false,"isConnectorSelected":false,"isDraggable":1,"isDeletable":1,"hasElementMoved":false,"eventLog":[{"time":1702289940547,"type":"create node","value":1}],"isTextChangeable":1},{"id":"4e17f18b-af70-409e-be3d-a92f6788443a","value":2,"text":"cheap labor","comment":"","position":{"x":1107,"y":315},"isActive":true,"date":1702289940547,"kind":"Node","isSelected":false,"isConnectorSelected":false,"isDraggable":1,"isDeletable":1,"hasElementMoved":false,"eventLog":[{"time":1702289940547,"type":"create node","value":2}],"isTextChangeable":1},{"id":"ddd01b88-2efb-4fdd-9ad9-edc6a78a4ac7","value":3,"text":"constant availability (timewise)","comment":"","position":{"x":923,"y":200},"isActive":true,"date":1702289940547,"kind":"Node","isSelected":false,"isConnectorSelected":false,"isDraggable":1,"isDeletable":1,"hasElementMoved":false,"eventLog":[{"time":1702289940547,"type":"create node","value":3}],"isTextChangeable":1},{"id":"ba969c64-5ce1-4ca1-be27-d251f877c349","value":3,"text":"promotion of social interaction","comment":"","position":{"x":887,"y":580},"isActive":true,"date":1702289940548,"kind":"Node","isSelected":false,"isConnectorSelected":false,"isDraggable":1,"isDeletable":1,"hasElementMoved":false,"eventLog":[{"time":1702289940548,"type":"create node","value":3}],"isTextChangeable":1},{"id":"c4c1c350-ff76-4b02-b97e-c3b6a88487ab","value":2,"text":"in social isolation","comment":"","position":{"x":843,"y":702},"isActive":true,"date":1702289940548,"kind":"Node","isSelected":false,"isConnectorSelected":false,"isDraggable":1,"isDeletable":1,"hasElementMoved":false,"eventLog":[{"time":1702289940548,"type":"create node","value":2}],"isTextChangeable":1},{"id":"8cd7bd7d-752d-4210-98a3-e5dfd0592f57","value":1,"text":"for special needs","comment":"","position":{"x":966,"y":712},"isActive":true,"date":1702289940548,"kind":"Node","isSelected":false,"isConnectorSelected":false,"isDraggable":1,"isDeletable":1,"hasElementMoved":false,"eventLog":[{"time":1702289940548,"type":"create node","value":1}],"isTextChangeable":1},{"id":"3aaba679-0e2a-428c-91f8-f8d426350592","value":-3,"text":"no human closeness","comment":"","position":{"x":356,"y":254},"isActive":true,"date":1702289940548,"kind":"Node","isSelected":false,"isConnectorSelected":false,"isDraggable":1,"isDeletable":1,"hasElementMoved":false,"eventLog":[{"time":1702289940548,"type":"create node","value":-3}],"isTextChangeable":1},{"id":"be1a11da-f517-4e48-8278-77c96ecb94e8","value":-1,"text":"unlearning of affection","comment":"","position":{"x":228,"y":164},"isActive":true,"date":1702289940548,"kind":"Node","isSelected":false,"isConnectorSelected":false,"isDraggable":1,"isDeletable":1,"hasElementMoved":false,"eventLog":[{"time":1702289940548,"type":"create node","value":-1}],"isTextChangeable":1},{"id":"375f262a-5ef7-4f5b-95a8-927974da04ca","value":-2,"text":"lacking empathy","comment":"","position":{"x":151,"y":264},"isActive":true,"date":1702289940548,"kind":"Node","isSelected":false,"isConnectorSelected":false,"isDraggable":1,"isDeletable":1,"hasElementMoved":false,"eventLog":[{"time":1702289940548,"type":"create node","value":-2}],"isTextChangeable":1},{"id":"4de298f2-f22b-409d-b293-36c9d3c787d5","value":-1,"text":"fewer jobs","comment":"","position":{"x":180,"y":441},"isActive":true,"date":1702289940548,"kind":"Node","isSelected":false,"isConnectorSelected":false,"isDraggable":1,"isDeletable":1,"hasElementMoved":false,"eventLog":[{"time":1702289940548,"type":"create node","value":-1}],"isTextChangeable":1},{"id":"6c07c808-f0b1-42b4-8862-8592f417d186","value":-2,"text":"expectation change in people","comment":"","position":{"x":379,"y":135},"isActive":true,"date":1702289940548,"kind":"Node","isSelected":false,"isConnectorSelected":false,"isDraggable":1,"isDeletable":1,"hasElementMoved":false,"eventLog":[{"time":1702289940548,"type":"create node","value":-2}],"isTextChangeable":1},{"id":"80937a30-04ec-4e0f-b7ed-2b33f42a4e3b","value":-1,"text":"no physical accompaniment","comment":"","position":{"x":314,"y":580},"isActive":true,"date":1702289940548,"kind":"Node","isSelected":false,"isConnectorSelected":false,"isDraggable":1,"isDeletable":1,"hasElementMoved":false,"eventLog":[{"time":1702289940548,"type":"create node","value":-1}],"isTextChangeable":1},{"id":"ab1cc43b-3b27-4525-b9c5-0d97e4ae718c","value":-1,"text":"costs for development","comment":"","position":{"x":1247,"y":176},"isActive":true,"date":1702289940548,"kind":"Node","isSelected":false,"isConnectorSelected":false,"isDraggable":1,"isDeletable":1,"hasElementMoved":false,"eventLog":[{"time":1702289940548,"type":"create node","value":-1}],"isTextChangeable":1},{"id":"6b1a1649-ea04-409f-83e0-4cb852a15813","value":1,"text":"Developers receive jobs","comment":"","position":{"x":54,"y":574},"isActive":true,"date":1702289940548,"kind":"Node","isSelected":false,"isConnectorSelected":false,"isDraggable":1,"isDeletable":1,"hasElementMoved":false,"eventLog":[{"time":1702289940548,"type":"create node","value":1}],"isTextChangeable":1},{"id":"16f2feab-7903-4115-bc36-397eae2b3054","value":1,"text":"unconditional emotional accompaniment","comment":"","position":{"x":199,"y":687},"isActive":true,"date":1702289940548,"kind":"Node","isSelected":false,"isConnectorSelected":false,"isDraggable":1,"isDeletable":1,"hasElementMoved":false,"eventLog":[{"time":1702289940548,"type":"create node","value":1}],"isTextChangeable":1},{"id":"7f30d084-9b46-4ed7-850c-ea7c3ff59a24","value":1,"text":"physical proximity possible","comment":"","position":{"x":519,"y":128},"isActive":true,"date":1702289962687,"kind":"Node","isSelected":false,"isConnectorSelected":false,"isDraggable":1,"isDeletable":1,"hasElementMoved":false,"eventLog":[{"time":"1702289962687","type":"create node","value":[0]},{"time":"1702289963487","type":"selected","value":[true]},{"time":"1702289979181","type":"text","value":["physische Nähe möglcih"]},{"time":"1702289979181","type":"value","value":[1]},{"time":"1702289979181","type":"selected","value":[false]},{"time":"2023-12-11T10:19:39.993Z","type":"position","value":{"x":[471],"y":[213]}},{"time":"2023-12-11T10:19:46.405Z","type":"position","value":{"x":[497],"y":[177]}}],"isTextChangeable":1},{"id":"758eec82-d3aa-450a-9ef7-e79d3642176f","value":1,"text":"physical proximity possible","comment":"","position":{"x":360,"y":729},"isActive":true,"date":1702289989956,"kind":"Node","isSelected":false,"isConnectorSelected":false,"isDraggable":1,"isDeletable":1,"hasElementMoved":false,"eventLog":[{"time":"1702289989956","type":"create node","value":[0]},{"time":"2023-12-11T10:19:51.424Z","type":"position","value":{"x":[521],"y":[274]}},{"time":"2023-12-11T10:19:51.585Z","type":"position","value":{"x":[516],"y":[450]}},{"time":"2023-12-11T10:19:54.635Z","type":"position","value":{"x":[484],"y":[603]}},{"time":"1702289995908","type":"selected","value":[true]},{"time":"1702290011292","type":"text","value":["physische Nähe möglich"]},{"time":"1702290011292","type":"value","value":[1]},{"time":"1702290011292","type":"selected","value":[false]},{"time":"2023-12-11T10:20:18.774Z","type":"position","value":{"x":[398],"y":[704]}}],"isTextChangeable":1},{"id":"2a539b0b-5a19-4a86-9cf1-cbcc713b14e8","value":-1,"text":"emotional dependence","comment":"","position":{"x":472,"y":582},"isActive":true,"date":1702290020938,"kind":"Node","isSelected":false,"isConnectorSelected":false,"isDraggable":1,"isDeletable":1,"hasElementMoved":false,"eventLog":[{"time":"1702290020938","type":"create node","value":[0]},{"time":"1702290022737","type":"selected","value":[true]},{"time":"1702290040149","type":"text","value":["emotionale Abhängigkeit"]},{"time":"1702290040149","type":"value","value":[-1]},{"time":"1702290040149","type":"selected","value":[false]},{"time":"2023-12-11T10:20:40.974Z","type":"position","value":{"x":[504],"y":[689]}},{"time":"2023-12-11T10:20:41.166Z","type":"position","value":{"x":[499],"y":[538]}}],"isTextChangeable":1},{"id":"84a56d91-5e6f-4d2a-9c72-46fa0e6c1745","value":-1,"text":"(emotional) influence possible","comment":"","position":{"x":546,"y":278},"isActive":true,"date":1702290060533,"kind":"Node","isSelected":false,"isConnectorSelected":false,"isDraggable":1,"isDeletable":1,"hasElementMoved":false,"eventLog":[{"time":"1702290060533","type":"create node","value":[0]},{"time":"1702290062772","type":"selected","value":[true]},{"time":"1702290086477","type":"text","value":["beeinflussung möglcih"]},{"time":"1702290086477","type":"selected","value":[false]},{"time":"1702290088062","type":"selected","value":[true]},{"time":"1702290096847","type":"text","value":["(emotionale) beeinflussung möglcih"]},{"time":"1702290096847","type":"value","value":[-1]},{"time":"1702290096847","type":"selected","value":[false]},{"time":"2023-12-11T10:21:41.551Z","type":"position","value":{"x":[551],"y":[553]}},{"time":"2023-12-11T10:21:41.779Z","type":"position","value":{"x":[464],"y":[399]}}],"isTextChangeable":1},{"id":"ff1c30af-e16d-4012-abe4-1efc3ca7c091","value":0,"text":"","comment":"","position":{"x":506,"y":603},"isActive":false,"date":1702290097374,"kind":"Node","isSelected":false,"isConnectorSelected":false,"isDraggable":1,"isDeletable":1,"hasElementMoved":false,"eventLog":[{"time":1702290097374,"type":"create node","value":0},{"time":1702290098822,"type":"selected","value":1},{"time":1702290100053,"type":"node was deleted","value":-99}],"isTextChangeable":1},{"id":"4b2789a2-967a-4608-9de8-f9cbcd773d09","value":1,"text":"replacement for pet","comment":"","position":{"x":1052,"y":588},"isActive":true,"date":1702290112313,"kind":"Node","isSelected":false,"isConnectorSelected":false,"isDraggable":1,"isDeletable":1,"hasElementMoved":false,"eventLog":[{"time":"1702290112313","type":"create node","value":[0]},{"time":"1702290112454","type":"selected","value":[true]},{"time":"1702290122956","type":"text","value":["Ersatz für Haustier"]},{"time":"1702290122956","type":"value","value":[1]},{"time":"1702290122956","type":"selected","value":[false]},{"time":"2023-12-11T10:22:04.389Z","type":"position","value":{"x":[1083],"y":[594]}}],"isTextChangeable":1},{"id":"81e84ad6-914c-4d35-9d1a-380517ed1b3e","value":0,"text":"","comment":"","position":{"x":1259,"y":766},"isActive":false,"date":1702290127459,"kind":"Node","isSelected":false,"isConnectorSelected":false,"isDraggable":1,"isDeletable":1,"hasElementMoved":false,"eventLog":[{"time":1702290127459,"type":"create node","value":0},{"time":1702290130607,"type":"selected","value":1},{"time":1702290132166,"type":"node was deleted","value":-99}],"isTextChangeable":1}],"connectors":[{"id":"772c1a6c-eafe-4556-940a-09ecf26e7312","source":"9d3a20c7-b975-451f-8795-6f3d92f7dd85","target":"a0d5ebb5-4a35-4bfa-aec5-be0520713f20","agreement":false,"isActive":true,"date":1702289940549,"kind":"Connector","isSelected":false,"intensity":6,"isDeletable":false,"isOver":false,"isBidirectional":false,"eventLog":[{"time":1702289940549,"type":"create connection"}]},{"id":"6241ce8c-5a2d-434b-824b-79428edae19e","source":"9d3a20c7-b975-451f-8795-6f3d92f7dd85","target":"e48cdbd0-ce7f-4d7b-8f08-99af25554d13","agreement":true,"isActive":true,"date":1702289940550,"kind":"Connector","isSelected":false,"intensity":6,"isDeletable":true,"isOver":false,"isBidirectional":false,"eventLog":[{"time":1702289940550,"type":"create connection"}]},{"id":"b35d691c-3fd1-4af0-86a4-7593b8745e05","source":"ddd01b88-2efb-4fdd-9ad9-edc6a78a4ac7","target":"e48cdbd0-ce7f-4d7b-8f08-99af25554d13","agreement":true,"isActive":true,"date":1702289940550,"kind":"Connector","isSelected":false,"intensity":9,"isDeletable":true,"isOver":false,"isBidirectional":false,"eventLog":[{"time":1702289940550,"type":"create connection"}]},{"id":"fe1668e8-5fca-4f3c-a56c-0c07fe276171","source":"e48cdbd0-ce7f-4d7b-8f08-99af25554d13","target":"4e17f18b-af70-409e-be3d-a92f6788443a","agreement":true,"isActive":true,"date":1702289940550,"kind":"Connector","isSelected":false,"intensity":3,"isDeletable":true,"isOver":false,"isBidirectional":false,"eventLog":[{"time":1702289940550,"type":"create connection"}]},{"id":"9d1d414e-5eeb-4b72-a26e-c4bb8787f246","source":"e48cdbd0-ce7f-4d7b-8f08-99af25554d13","target":"d0a30ab9-b6f8-447b-bb9c-198c43a58574","agreement":true,"isActive":true,"date":1702289940550,"kind":"Connector","isSelected":false,"intensity":3,"isDeletable":true,"isOver":false,"isBidirectional":false,"eventLog":[{"time":1702289940550,"type":"create connection"}]},{"id":"32bffed3-164a-429b-9082-db23a8ec382f","source":"e48cdbd0-ce7f-4d7b-8f08-99af25554d13","target":"ba969c64-5ce1-4ca1-be27-d251f877c349","agreement":true,"isActive":true,"date":1702289940550,"kind":"Connector","isSelected":false,"intensity":9,"isDeletable":true,"isOver":false,"isBidirectional":false,"eventLog":[{"time":1702289940550,"type":"create connection"}]},{"id":"28b02bff-1090-440e-b365-5cc552bc6d25","source":"c4c1c350-ff76-4b02-b97e-c3b6a88487ab","target":"ba969c64-5ce1-4ca1-be27-d251f877c349","agreement":true,"isActive":true,"date":1702289940551,"kind":"Connector","isSelected":false,"intensity":3,"isDeletable":true,"isOver":false,"isBidirectional":false,"eventLog":[{"time":1702289940551,"type":"create connection"}]},{"id":"4b0355ac-06e8-4b9b-8d7c-22441b602680","source":"8cd7bd7d-752d-4210-98a3-e5dfd0592f57","target":"ba969c64-5ce1-4ca1-be27-d251f877c349","agreement":true,"isActive":true,"date":1702289940551,"kind":"Connector","isSelected":false,"intensity":3,"isDeletable":true,"isOver":false,"isBidirectional":false,"eventLog":[{"time":1702289940551,"type":"create connection"}]},{"id":"cb3ea6ca-3031-4199-98e9-c8244fd8c03d","source":"3aaba679-0e2a-428c-91f8-f8d426350592","target":"a0d5ebb5-4a35-4bfa-aec5-be0520713f20","agreement":true,"isActive":true,"date":1702289940551,"kind":"Connector","isSelected":false,"intensity":6,"isDeletable":true,"isOver":false,"isBidirectional":false,"eventLog":[{"time":1702289940551,"type":"create connection"}]},{"id":"352a14e1-3862-43a8-9e99-8470dd593157","source":"be1a11da-f517-4e48-8278-77c96ecb94e8","target":"3aaba679-0e2a-428c-91f8-f8d426350592","agreement":true,"isActive":true,"date":1702289940551,"kind":"Connector","isSelected":false,"intensity":3,"isDeletable":true,"isOver":false,"isBidirectional":false,"eventLog":[{"time":1702289940551,"type":"create connection"}]},{"id":"c4fa0f25-26c9-424a-8748-5b1eb8a171e5","source":"375f262a-5ef7-4f5b-95a8-927974da04ca","target":"3aaba679-0e2a-428c-91f8-f8d426350592","agreement":true,"isActive":true,"date":1702289940552,"kind":"Connector","isSelected":false,"intensity":3,"isDeletable":true,"isOver":false,"isBidirectional":false,"eventLog":[{"time":1702289940552,"type":"create connection"}]},{"id":"310d2a46-253e-42d8-bc29-89b345ed943c","source":"a0d5ebb5-4a35-4bfa-aec5-be0520713f20","target":"4de298f2-f22b-409d-b293-36c9d3c787d5","agreement":true,"isActive":true,"date":1702289940552,"kind":"Connector","isSelected":false,"intensity":3,"isDeletable":true,"isOver":false,"isBidirectional":false,"eventLog":[{"time":1702289940552,"type":"create connection"}]},{"id":"ffa0ff15-31a2-49e6-9047-838495fa4762","source":"6c07c808-f0b1-42b4-8862-8592f417d186","target":"3aaba679-0e2a-428c-91f8-f8d426350592","agreement":true,"isActive":true,"date":1702289940552,"kind":"Connector","isSelected":false,"intensity":3,"isDeletable":true,"isOver":false,"isBidirectional":false,"eventLog":[{"time":1702289940552,"type":"create connection"}]},{"id":"27fb16f3-5418-4bf6-92d5-48c3e6610d8d","source":"80937a30-04ec-4e0f-b7ed-2b33f42a4e3b","target":"a0d5ebb5-4a35-4bfa-aec5-be0520713f20","agreement":true,"isActive":true,"date":1702289940552,"kind":"Connector","isSelected":false,"intensity":3,"isDeletable":true,"isOver":false,"isBidirectional":false,"eventLog":[{"time":1702289940552,"type":"create connection"}]},{"id":"ad6ba10e-378a-4787-bcf9-ba50d48782e9","source":"ab1cc43b-3b27-4525-b9c5-0d97e4ae718c","target":"4e17f18b-af70-409e-be3d-a92f6788443a","agreement":false,"isActive":true,"date":1702289940552,"kind":"Connector","isSelected":false,"intensity":6,"isDeletable":true,"isOver":false,"isBidirectional":false,"eventLog":[{"time":1702289940552,"type":"create connection"}]},{"id":"7f53e2ee-c8a8-40b1-8531-ba21780bbc5a","source":"6b1a1649-ea04-409f-83e0-4cb852a15813","target":"4de298f2-f22b-409d-b293-36c9d3c787d5","agreement":false,"isActive":true,"date":1702289940552,"kind":"Connector","isSelected":false,"intensity":6,"isDeletable":true,"isOver":false,"isBidirectional":false,"eventLog":[{"time":1702289940552,"type":"create connection"}]},{"id":"f19cc88a-22f6-4bb7-830a-d6cb982dd639","source":"16f2feab-7903-4115-bc36-397eae2b3054","target":"80937a30-04ec-4e0f-b7ed-2b33f42a4e3b","agreement":false,"isActive":true,"date":1702289940553,"kind":"Connector","isSelected":false,"intensity":3,"isDeletable":true,"isOver":false,"isBidirectional":false,"eventLog":[{"time":1702289940553,"type":"create connection"}]},{"id":"92d86bd5-cdc7-4c9f-a2aa-a792d0af0585","source":"7f30d084-9b46-4ed7-850c-ea7c3ff59a24","target":"3aaba679-0e2a-428c-91f8-f8d426350592","agreement":false,"isActive":true,"date":1702289981689,"kind":"Connector","isSelected":false,"intensity":3,"isDeletable":true,"isOver":false,"isBidirectional":false,"eventLog":[{"time":1702289981689,"type":"create connection"},{"time":1702289983567,"type":"selected","value":1},{"time":1702289985730,"type":"change intensity of connector","value":-3},{"time":1702289985730,"type":"selected","value":0}]},{"id":"84165427-daf7-435e-aa47-9c3566a83e27","source":"758eec82-d3aa-450a-9ef7-e79d3642176f","target":"80937a30-04ec-4e0f-b7ed-2b33f42a4e3b","agreement":false,"isActive":true,"date":1702290013952,"kind":"Connector","isSelected":false,"intensity":3,"isDeletable":true,"isOver":false,"isBidirectional":false,"eventLog":[{"time":1702290013952,"type":"create connection"},{"time":1702290015204,"type":"selected","value":1},{"time":1702290018087,"type":"change intensity of connector","value":-3},{"time":1702290018087,"type":"selected","value":0}]},{"id":"685bbfd3-82e8-43d7-ad28-0036c0e227f0","source":"2a539b0b-5a19-4a86-9cf1-cbcc713b14e8","target":"a0d5ebb5-4a35-4bfa-aec5-be0520713f20","agreement":true,"isActive":true,"date":1702290043210,"kind":"Connector","isSelected":false,"intensity":3,"isDeletable":true,"isOver":false,"isBidirectional":false,"eventLog":[{"time":1702290043210,"type":"create connection"}]},{"id":"edc3d484-6dee-4002-95da-60e9a9e7faee","source":"84a56d91-5e6f-4d2a-9c72-46fa0e6c1745","target":"a0d5ebb5-4a35-4bfa-aec5-be0520713f20","agreement":true,"isActive":true,"date":1702290103823,"kind":"Connector","isSelected":false,"intensity":3,"isDeletable":true,"isOver":false,"isBidirectional":false,"eventLog":[{"time":1702290103823,"type":"create connection"}]},{"id":"f620dad9-3839-4e30-a063-6b3d3c57afce","source":"4b2789a2-967a-4608-9de8-f9cbcd773d09","target":"e48cdbd0-ce7f-4d7b-8f08-99af25554d13","agreement":true,"isActive":true,"date":1702290126448,"kind":"Connector","isSelected":false,"intensity":3,"isDeletable":true,"isOver":false,"isBidirectional":false,"eventLog":[{"time":1702290126448,"type":"create connection"}]}],"currentID":{},"currentNode":{},"hasSelectedNode":[false],"currentConnector":{},"hasSelectedConnector":[false],"readyToMove":[false],"isIncoming":[false],"hasElementMoved":[false]}
