{"idCAM":["a32586c3-9eef-4fac-aa13-5555057d6921"],"creator":["643c243ff0ef4cb25c20a392_post"],"projectCAM":["S2_CAM part 2"],"defocusCAM":[],"date":[1702375972046],"nodes":[{"id":"1b1acfa4-170f-48dc-95c0-85df88cf50a2","value":0,"text":"rescue robot","comment":"","position":{"x":650,"y":400},"isActive":true,"date":1702375972939,"kind":"Node","isSelected":false,"isConnectorSelected":false,"isDraggable":0,"isDeletable":0,"hasElementMoved":false,"eventLog":[{"time":1702375972939,"type":"create node","value":0}],"isTextChangeable":0},{"id":"d2989e99-6c9f-46ac-8b4c-d5fcc8ac321f","value":0,"text":"disadvantages","comment":"","position":{"x":450,"y":400},"isActive":true,"date":1702375972939,"kind":"Node","isSelected":false,"isConnectorSelected":false,"isDraggable":0,"isDeletable":0,"hasElementMoved":false,"eventLog":[{"time":1702375972939,"type":"create node","value":0}],"isTextChangeable":0},{"id":"7dcdb492-345b-4a12-9e51-af7e8650948a","value":0,"text":"advantages","comment":"","position":{"x":850,"y":400},"isActive":true,"date":1702375972939,"kind":"Node","isSelected":false,"isConnectorSelected":false,"isDraggable":0,"isDeletable":0,"hasElementMoved":false,"eventLog":[{"time":1702375972939,"type":"create node","value":0}],"isTextChangeable":0},{"id":"94fc9bb2-7103-4874-aecd-8525ec830dda","value":3,"text":"access restricted areas","comment":"","position":{"x":1002,"y":282.3333},"isActive":true,"date":1702375972940,"kind":"Node","isSelected":false,"isConnectorSelected":false,"isDraggable":1,"isDeletable":1,"hasElementMoved":false,"eventLog":[{"time":1702375972940,"type":"create node","value":3}],"isTextChangeable":1},{"id":"2580824e-f9af-417f-ad23-924343215b9f","value":3,"text":"precision","comment":"","position":{"x":1071,"y":397.3333},"isActive":true,"date":1702375972940,"kind":"Node","isSelected":false,"isConnectorSelected":false,"isDraggable":1,"isDeletable":1,"hasElementMoved":false,"eventLog":[{"time":1702375972940,"type":"create node","value":3}],"isTextChangeable":1},{"id":"15330e1f-05be-4360-8269-111b5242192c","value":1,"text":"no danger to humans","comment":"","position":{"x":972,"y":501.3333},"isActive":true,"date":1702375972940,"kind":"Node","isSelected":false,"isConnectorSelected":false,"isDraggable":1,"isDeletable":1,"hasElementMoved":false,"eventLog":[{"time":1702375972940,"type":"create node","value":1}],"isTextChangeable":1},{"id":"8fe19e7e-9eb0-4c6a-a8ea-c6954ccb1cb3","value":-1,"text":"algorithm decision","comment":"","position":{"x":250,"y":399.3333},"isActive":true,"date":1702375972940,"kind":"Node","isSelected":false,"isConnectorSelected":false,"isDraggable":1,"isDeletable":1,"hasElementMoved":false,"eventLog":[{"time":1702375972940,"type":"create node","value":-1}],"isTextChangeable":1},{"id":"094bdfa6-9ea9-4090-942f-0a3113c5b960","value":-3,"text":"missing interpersonal contact","comment":"","position":{"x":334,"y":269.3333},"isActive":true,"date":1702375972940,"kind":"Node","isSelected":false,"isConnectorSelected":false,"isDraggable":1,"isDeletable":1,"hasElementMoved":false,"eventLog":[{"time":1702375972940,"type":"create node","value":-3}],"isTextChangeable":1},{"id":"437b1398-c13f-498e-896c-efda35ed83bc","value":-2,"text":"technical failure","comment":"","position":{"x":323,"y":530.3333},"isActive":true,"date":1702375972940,"kind":"Node","isSelected":false,"isConnectorSelected":true,"isDraggable":1,"isDeletable":1,"hasElementMoved":false,"eventLog":[{"time":1702375972940,"type":"create node","value":-2}],"isTextChangeable":1},{"id":"96151b44-cff6-4d04-9d5c-7a9b8e00d7e2","value":1,"text":"specialized tools","comment":"","position":{"x":1179,"y":482.3333},"isActive":true,"date":1702375972940,"kind":"Node","isSelected":false,"isConnectorSelected":false,"isDraggable":1,"isDeletable":1,"hasElementMoved":false,"eventLog":[{"time":1702375972940,"type":"create node","value":1}],"isTextChangeable":1},{"id":"f257d56c-7c39-4c0a-8f0a-be6815411f7b","value":-1,"text":"assignment of value to human life","comment":"","position":{"x":134,"y":345.3333},"isActive":true,"date":1702375972940,"kind":"Node","isSelected":false,"isConnectorSelected":false,"isDraggable":1,"isDeletable":1,"hasElementMoved":false,"eventLog":[{"time":1702375972940,"type":"create node","value":-1}],"isTextChangeable":1},{"id":"4bdc6eec-069f-4cf1-97eb-9788f5b345d4","value":3,"text":"permanent availability","comment":"","position":{"x":824,"y":231.3333},"isActive":true,"date":1702375972940,"kind":"Node","isSelected":false,"isConnectorSelected":false,"isDraggable":1,"isDeletable":1,"hasElementMoved":false,"eventLog":[{"time":1702375972940,"type":"create node","value":3}],"isTextChangeable":1},{"id":"03ae1b52-a96f-4a98-be15-50ca39c1c7e6","value":-1,"text":"expensive","comment":"","position":{"x":446,"y":535.3333},"isActive":true,"date":1702375972940,"kind":"Node","isSelected":false,"isConnectorSelected":false,"isDraggable":1,"isDeletable":1,"hasElementMoved":false,"eventLog":[{"time":1702375972940,"type":"create node","value":-1}],"isTextChangeable":1},{"id":"a7176b3f-4adf-4b55-811e-6488dafd56ce","value":3,"text":"supply of relief goods","comment":"","position":{"x":1135,"y":191.3333},"isActive":true,"date":1702375981383,"kind":"Node","isSelected":false,"isConnectorSelected":false,"isDraggable":1,"isDeletable":1,"hasElementMoved":false,"eventLog":[{"time":"1702375981383","type":"create node","value":[0]},{"time":"1702375985243","type":"selected","value":[true]},{"time":"1702376000599","type":"text","value":["zuführung von hilfgütern"]},{"time":"1702376000599","type":"selected","value":[false]},{"time":"2023-12-12T10:13:22.712Z","type":"position","value":{"x":[824],"y":[573.3333]}},{"time":"2023-12-12T10:13:23.131Z","type":"position","value":{"x":[982],"y":[446.3333]}},{"time":"2023-12-12T10:13:23.147Z","type":"position","value":{"x":[1003],"y":[419.3333]}},{"time":"2023-12-12T10:13:23.231Z","type":"position","value":{"x":[1099],"y":[258.3333]}},{"time":"2023-12-12T10:13:23.364Z","type":"position","value":{"x":[1132],"y":[197.3333]}},{"time":"1702376006534","type":"selected","value":[true]},{"time":"1702376009432","type":"value","value":[3]},{"time":"1702376009432","type":"selected","value":[false]}],"isTextChangeable":1},{"id":"9a1cbcb4-d654-403c-a937-81e1beda6b86","value":-1,"text":"damage to delicate components","comment":"","position":{"x":180,"y":571.3333},"isActive":true,"date":1702376027822,"kind":"Node","isSelected":false,"isConnectorSelected":true,"isDraggable":1,"isDeletable":1,"hasElementMoved":false,"eventLog":[{"time":"1702376027822","type":"create node","value":[0]},{"time":"1702376029412","type":"selected","value":[true]},{"time":"1702376053852","type":"text","value":["Beschädigung filigraner Bauteile"]},{"time":"1702376053852","type":"value","value":[-1]},{"time":"1702376053852","type":"selected","value":[false]},{"time":"2023-12-12T10:14:21.741Z","type":"position","value":{"x":[502],"y":[218.3333]}},{"time":"2023-12-12T10:14:21.909Z","type":"position","value":{"x":[331],"y":[386.3333]}},{"time":"2023-12-12T10:14:22.109Z","type":"position","value":{"x":[194],"y":[547.3333]}},{"time":"2023-12-12T10:14:22.193Z","type":"position","value":{"x":[180],"y":[569.3333]}}],"isTextChangeable":1}],"connectors":[{"id":"93735672-c161-439d-85a9-7075dfd9ad60","source":"1b1acfa4-170f-48dc-95c0-85df88cf50a2","target":"d2989e99-6c9f-46ac-8b4c-d5fcc8ac321f","agreement":true,"isActive":true,"date":1702375972940,"kind":"Connector","isSelected":false,"intensity":3,"isDeletable":false,"isOver":false,"isBidirectional":false,"eventLog":[{"time":1702375972940,"type":"create connection"}]},{"id":"e3687280-b09d-409e-872e-92a37c3877de","source":"1b1acfa4-170f-48dc-95c0-85df88cf50a2","target":"7dcdb492-345b-4a12-9e51-af7e8650948a","agreement":true,"isActive":true,"date":1702375972941,"kind":"Connector","isSelected":false,"intensity":3,"isDeletable":true,"isOver":false,"isBidirectional":false,"eventLog":[{"time":1702375972941,"type":"create connection"}]},{"id":"a7137853-0eb8-43e8-a41c-7ddeb74f98fb","source":"d2989e99-6c9f-46ac-8b4c-d5fcc8ac321f","target":"094bdfa6-9ea9-4090-942f-0a3113c5b960","agreement":true,"isActive":true,"date":1702375972941,"kind":"Connector","isSelected":false,"intensity":9,"isDeletable":true,"isOver":false,"isBidirectional":false,"eventLog":[{"time":1702375972941,"type":"create connection"}]},{"id":"f96409d5-6fbe-4c7b-b205-7cd93a1c3121","source":"d2989e99-6c9f-46ac-8b4c-d5fcc8ac321f","target":"8fe19e7e-9eb0-4c6a-a8ea-c6954ccb1cb3","agreement":false,"isActive":true,"date":1702375972941,"kind":"Connector","isSelected":false,"intensity":3,"isDeletable":true,"isOver":false,"isBidirectional":false,"eventLog":[{"time":1702375972941,"type":"create connection"}]},{"id":"4331ddc9-8dc5-43f9-a943-e86117e568f2","source":"d2989e99-6c9f-46ac-8b4c-d5fcc8ac321f","target":"437b1398-c13f-498e-896c-efda35ed83bc","agreement":true,"isActive":true,"date":1702375972941,"kind":"Connector","isSelected":false,"intensity":3,"isDeletable":true,"isOver":false,"isBidirectional":false,"eventLog":[{"time":1702375972941,"type":"create connection"}]},{"id":"9e33def3-39d7-4f10-85f7-9f519204930c","source":"7dcdb492-345b-4a12-9e51-af7e8650948a","target":"15330e1f-05be-4360-8269-111b5242192c","agreement":true,"isActive":true,"date":1702375972941,"kind":"Connector","isSelected":false,"intensity":6,"isDeletable":true,"isOver":false,"isBidirectional":false,"eventLog":[{"time":1702375972941,"type":"create connection"}]},{"id":"1fff831c-eedf-4a9e-ae13-5c2d0b101ed9","source":"7dcdb492-345b-4a12-9e51-af7e8650948a","target":"2580824e-f9af-417f-ad23-924343215b9f","agreement":true,"isActive":true,"date":1702375972941,"kind":"Connector","isSelected":false,"intensity":6,"isDeletable":true,"isOver":false,"isBidirectional":false,"eventLog":[{"time":1702375972941,"type":"create connection"}]},{"id":"b437113b-1200-41f9-8f32-f8f2841cad24","source":"7dcdb492-345b-4a12-9e51-af7e8650948a","target":"94fc9bb2-7103-4874-aecd-8525ec830dda","agreement":true,"isActive":true,"date":1702375972941,"kind":"Connector","isSelected":false,"intensity":9,"isDeletable":true,"isOver":false,"isBidirectional":false,"eventLog":[{"time":1702375972941,"type":"create connection"}]},{"id":"029f1096-f440-47e3-a53d-5d463ed77008","source":"2580824e-f9af-417f-ad23-924343215b9f","target":"96151b44-cff6-4d04-9d5c-7a9b8e00d7e2","agreement":true,"isActive":true,"date":1702375972941,"kind":"Connector","isSelected":false,"intensity":9,"isDeletable":true,"isOver":false,"isBidirectional":false,"eventLog":[{"time":1702375972941,"type":"create connection"}]},{"id":"15ed2892-6470-4d54-9ef8-fa144518f8f4","source":"8fe19e7e-9eb0-4c6a-a8ea-c6954ccb1cb3","target":"f257d56c-7c39-4c0a-8f0a-be6815411f7b","agreement":true,"isActive":true,"date":1702375972941,"kind":"Connector","isSelected":false,"intensity":3,"isDeletable":true,"isOver":false,"isBidirectional":false,"eventLog":[{"time":1702375972941,"type":"create connection"}]},{"id":"d15717b7-c962-4633-8383-393f70dc6e03","source":"4bdc6eec-069f-4cf1-97eb-9788f5b345d4","target":"7dcdb492-345b-4a12-9e51-af7e8650948a","agreement":true,"isActive":true,"date":1702375972941,"kind":"Connector","isSelected":false,"intensity":9,"isDeletable":true,"isOver":false,"isBidirectional":false,"eventLog":[{"time":1702375972941,"type":"create connection"}]},{"id":"415d60d7-8c1d-451e-8e0d-fe8e65f66ec6","source":"03ae1b52-a96f-4a98-be15-50ca39c1c7e6","target":"d2989e99-6c9f-46ac-8b4c-d5fcc8ac321f","agreement":true,"isActive":true,"date":1702375972941,"kind":"Connector","isSelected":false,"intensity":3,"isDeletable":true,"isOver":false,"isBidirectional":false,"eventLog":[{"time":1702375972941,"type":"create connection"}]},{"id":"c05cdc18-f9c4-48ec-bdef-cc6962cd7788","source":"a7176b3f-4adf-4b55-811e-6488dafd56ce","target":"94fc9bb2-7103-4874-aecd-8525ec830dda","agreement":true,"isActive":true,"date":1702376010430,"kind":"Connector","isSelected":false,"intensity":9,"isDeletable":true,"isOver":false,"isBidirectional":false,"eventLog":[{"time":1702376010430,"type":"create connection"},{"time":1702376014467,"type":"selected","value":1},{"time":1702376016791,"type":"change intensity of connector","value":9},{"time":1702376016791,"type":"selected","value":0}]},{"id":"9392b382-6c8f-4e0b-b376-2210a5b8065f","source":"9a1cbcb4-d654-403c-a937-81e1beda6b86","target":"d2989e99-6c9f-46ac-8b4c-d5fcc8ac321f","agreement":true,"isActive":false,"date":1702376055914,"kind":"Connector","isSelected":false,"intensity":3,"isDeletable":true,"isOver":false,"isBidirectional":false,"eventLog":[{"time":1702376055914,"type":"create connection"},{"time":1702376059580,"type":"selected","value":1},{"time":1702376060965,"type":"connector was deleted","value":-99},{"time":1702376060966,"type":"active","value":0}]},{"id":"71171800-43b7-4573-b9dc-73d03df6e21c","source":"9a1cbcb4-d654-403c-a937-81e1beda6b86","target":"437b1398-c13f-498e-896c-efda35ed83bc","agreement":true,"isActive":true,"date":1702376063722,"kind":"Connector","isSelected":false,"intensity":6,"isDeletable":true,"isOver":false,"isBidirectional":false,"eventLog":[{"time":1702376063722,"type":"create connection"},{"time":1702376067744,"type":"selected","value":1},{"time":1702376070544,"type":"change intensity of connector","value":6},{"time":1702376070544,"type":"selected","value":0}]}],"currentID":["71171800-43b7-4573-b9dc-73d03df6e21c"],"currentNode":{},"hasSelectedNode":[false],"currentConnector":{"id":["71171800-43b7-4573-b9dc-73d03df6e21c"],"value":{},"source":["9a1cbcb4-d654-403c-a937-81e1beda6b86"],"target":["437b1398-c13f-498e-896c-efda35ed83bc"],"agreement":[true],"isActive":[true],"date":[1702376063722],"kind":["Connector"],"isSelected":[false],"intensity":[6],"isDeletable":[true],"isOver":[false],"isBidirectional":[false],"eventLog":[{"time":1702376063722,"type":"create connection"},{"time":1702376067744,"type":"selected","value":1},{"time":1702376070544,"type":"change intensity of connector","value":6},{"time":1702376070544,"type":"selected","value":0}]},"hasSelectedConnector":[true],"readyToMove":[false],"isIncoming":[false],"hasElementMoved":[false]}
