{"idCAM":["2372728a-1554-4b74-bdb8-fc1b458cd84b"],"creator":["6441a254a387409ea3ef316b_pre"],"projectCAM":["S2_CAM part 1"],"defocusCAM":[],"date":[1702289818458],"nodes":[{"id":"46418b70-7654-4116-98fd-61e26dc2036b","value":1,"text":"rescue robot","comment":"","position":{"x":650,"y":400},"isActive":true,"date":1702289819278,"kind":"Node","isSelected":false,"isConnectorSelected":false,"isDraggable":0,"isDeletable":0,"hasElementMoved":false,"eventLog":[{"time":1702289819278,"type":"create node","value":0},{"time":1702289999970,"type":"selected","value":1},{"time":1702290003711,"type":"value","value":1},{"time":1702290003711,"type":"selected","value":0}],"isTextChangeable":0},{"id":"521405ff-8653-4015-b71c-fdd0689bd756","value":0,"text":"disadvantages","comment":"","position":{"x":450,"y":400},"isActive":true,"date":1702289819278,"kind":"Node","isSelected":false,"isConnectorSelected":false,"isDraggable":0,"isDeletable":0,"hasElementMoved":false,"eventLog":[{"time":1702289819278,"type":"create node","value":0}],"isTextChangeable":0},{"id":"b2583d1e-0f75-4ede-b952-92128288e7ee","value":0,"text":"advantages","comment":"","position":{"x":850,"y":400},"isActive":true,"date":1702289819278,"kind":"Node","isSelected":false,"isConnectorSelected":false,"isDraggable":0,"isDeletable":0,"hasElementMoved":false,"eventLog":[{"time":1702289819278,"type":"create node","value":0}],"isTextChangeable":0},{"id":"1c809ec0-2ec6-49ba-9496-afe7afd275c6","value":-3,"text":"abuse in war","comment":"","position":{"x":201.4,"y":257.6},"isActive":true,"date":1702289832783,"kind":"Node","isSelected":false,"isConnectorSelected":false,"isDraggable":1,"isDeletable":1,"hasElementMoved":false,"eventLog":[{"time":"1702289832783","type":"create node","value":[0]},{"time":"1702289836931","type":"selected","value":[true]},{"time":"1702289851500","type":"text","value":["Missbrauch im Krieg"]},{"time":"1702289851500","type":"value","value":[-3]},{"time":"1702289851500","type":"selected","value":[false]},{"time":"2023-12-11T10:18:26.222Z","type":"position","value":{"x":[276.4],"y":[215.6]}}],"isTextChangeable":1},{"id":"35fe4553-ce7f-4b82-ba74-429f3b736eae","value":-3,"text":"discrimination","comment":"","position":{"x":256.4,"y":385.6},"isActive":true,"date":1702289852397,"kind":"Node","isSelected":false,"isConnectorSelected":false,"isDraggable":1,"isDeletable":1,"hasElementMoved":false,"eventLog":[{"time":"1702289852397","type":"create node","value":[0]},{"time":"1702289852478","type":"selected","value":[true]},{"time":"1702289859538","type":"text","value":["Diskriminierung"]},{"time":"1702289859538","type":"value","value":[-3]},{"time":"1702289859538","type":"selected","value":[false]},{"time":"2023-12-11T10:18:24.926Z","type":"position","value":{"x":[179.4],"y":[359.6]}}],"isTextChangeable":1},{"id":"62ae140f-2db4-4586-872e-b2058f4bda48","value":-2,"text":"autonomy","comment":"","position":{"x":181.4,"y":555.6},"isActive":true,"date":1702289860399,"kind":"Node","isSelected":false,"isConnectorSelected":false,"isDraggable":1,"isDeletable":1,"hasElementMoved":false,"eventLog":[{"time":"1702289860399","type":"create node","value":[0]},{"time":"1702289860471","type":"selected","value":[true]},{"time":"1702289867508","type":"text","value":["Autonomie"]},{"time":"1702289867508","type":"value","value":[-2]},{"time":"1702289867508","type":"selected","value":[false]},{"time":"2023-12-11T10:18:27.690Z","type":"position","value":{"x":[209.4],"y":[524.6]}}],"isTextChangeable":1},{"id":"8c319660-1a8e-43c8-b7c7-ab57f7a726e7","value":-1,"text":"unreliability","comment":"","position":{"x":384.4,"y":635.6},"isActive":true,"date":1702289870147,"kind":"Node","isSelected":false,"isConnectorSelected":false,"isDraggable":1,"isDeletable":1,"hasElementMoved":false,"eventLog":[{"time":"1702289870147","type":"create node","value":[0]},{"time":"1702289870230","type":"selected","value":[true]},{"time":"1702289880291","type":"text","value":["Unverlässligkeit"]},{"time":"1702289880291","type":"value","value":[-1]},{"time":"1702289880291","type":"selected","value":[false]},{"time":"2023-12-11T10:18:23.590Z","type":"position","value":{"x":[371.4],"y":[597.6]}}],"isTextChangeable":1},{"id":"92ed9549-a5a0-4bfa-a140-ce0cce3c6eba","value":-1,"text":"prone to errors","comment":"","position":{"x":370.4,"y":152.6},"isActive":true,"date":1702289881492,"kind":"Node","isSelected":false,"isConnectorSelected":false,"isDraggable":1,"isDeletable":1,"hasElementMoved":false,"eventLog":[{"time":"1702289881492","type":"create node","value":[0]},{"time":"1702289881569","type":"selected","value":[true]},{"time":"1702289898491","type":"text","value":["anfällig für Fehler"]},{"time":"1702289898491","type":"value","value":[-1]},{"time":"1702289898491","type":"selected","value":[false]},{"time":"2023-12-11T10:18:21.021Z","type":"position","value":{"x":[423.4],"y":[287.6]}},{"time":"2023-12-11T10:18:21.752Z","type":"position","value":{"x":[408.4],"y":[137.6]}},{"time":"2023-12-11T10:18:28.998Z","type":"position","value":{"x":[404.4],"y":[105.6]}}],"isTextChangeable":1},{"id":"3d0cfa39-bf84-4707-a3ca-3651e580a5b5","value":3,"text":"People think","comment":"","position":{"x":1039.4,"y":403.6},"isActive":true,"date":1702289918779,"kind":"Node","isSelected":false,"isConnectorSelected":false,"isDraggable":1,"isDeletable":1,"hasElementMoved":false,"eventLog":[{"time":"1702289918779","type":"create node","value":[0]},{"time":"1702289918916","type":"selected","value":[true]},{"time":"1702289936960","type":"text","value":["Menschen überlegen"]},{"time":"1702289936960","type":"value","value":[3]},{"time":"1702289936960","type":"selected","value":[false]},{"time":"2023-12-11T10:18:57.935Z","type":"position","value":{"x":[944.4],"y":[179.6]}},{"time":"2023-12-11T10:19:25.542Z","type":"position","value":{"x":[1088.4],"y":[176.6]}},{"time":"2023-12-11T10:19:25.704Z","type":"position","value":{"x":[1092.4],"y":[340.6]}},{"time":"2023-12-11T10:20:32.702Z","type":"position","value":{"x":[1104.4],"y":[395.6]}},{"time":"2023-12-11T10:20:35.565Z","type":"position","value":{"x":[1042.4],"y":[395.6]}}],"isTextChangeable":1},{"id":"d7e60f55-93f2-4359-a423-e087b7e823ce","value":2,"text":"new possibilities","comment":"","position":{"x":1123.4,"y":272.6},"isActive":true,"date":1702289939521,"kind":"Node","isSelected":false,"isConnectorSelected":false,"isDraggable":1,"isDeletable":1,"hasElementMoved":false,"eventLog":[{"time":"1702289939521","type":"create node","value":[0]},{"time":"1702289947765","type":"selected","value":[true]},{"time":"1702289962778","type":"text","value":["neue Möglichkeiten"]},{"time":"1702289962778","type":"value","value":[2]},{"time":"1702289962778","type":"selected","value":[false]},{"time":"2023-12-11T10:19:23.550Z","type":"position","value":{"x":[1016.4],"y":[355.6]}},{"time":"2023-12-11T10:19:23.849Z","type":"position","value":{"x":[1168.4],"y":[322.6]}},{"time":"2023-12-11T10:20:29.313Z","type":"position","value":{"x":[1156.4],"y":[243.6]}},{"time":"2023-12-11T10:20:29.458Z","type":"position","value":{"x":[1005.4],"y":[281.6]}},{"time":"2023-12-11T10:20:31.054Z","type":"position","value":{"x":[1155.4],"y":[251.6]}}],"isTextChangeable":1},{"id":"358a0655-5f9d-428e-bd3c-add145de3662","value":3,"text":"not self endangered","comment":"If a robot breaks during the rescue, it's not as bad as when another person dies.","position":{"x":1129.4,"y":515.6},"isActive":true,"date":1702289967227,"kind":"Node","isSelected":false,"isConnectorSelected":false,"isDraggable":1,"isDeletable":1,"hasElementMoved":false,"eventLog":[{"time":"1702289967227","type":"create node","value":[0]},{"time":"1702289968451","type":"selected","value":[true]},{"time":"1702289996182","type":"text","value":["nicht selbst gefährdet"]},{"time":"1702289996182","type":"value","value":[3]},{"time":"1702289996182","type":"comment","value":["Wenn Roboter während der Rettung kaputt geht, ist es nicht so schlimm, wie wenn ein anderer Mensch stirbt"]},{"time":"1702289996182","type":"selected","value":[false]},{"time":"2023-12-11T10:19:57.049Z","type":"position","value":{"x":[745.4],"y":[625.6]}},{"time":"2023-12-11T10:19:57.197Z","type":"position","value":{"x":[896.4],"y":[608.6]}},{"time":"2023-12-11T10:19:57.480Z","type":"position","value":{"x":[1047.4],"y":[562.6]}},{"time":"2023-12-11T10:20:33.871Z","type":"position","value":{"x":[1041.4],"y":[529.6]}}],"isTextChangeable":1},{"id":"35ae12b9-9663-4098-b5c6-8ade5b18952d","value":1,"text":"precise","comment":"","position":{"x":993.4,"y":177.6},"isActive":true,"date":1702290006304,"kind":"Node","isSelected":false,"isConnectorSelected":false,"isDraggable":1,"isDeletable":1,"hasElementMoved":false,"eventLog":[{"time":"1702290006304","type":"create node","value":[0]},{"time":"1702290006379","type":"selected","value":[true]},{"time":"1702290026145","type":"text","value":["präzise"]},{"time":"1702290026145","type":"value","value":[1]},{"time":"1702290026145","type":"selected","value":[false]},{"time":"2023-12-11T10:20:26.896Z","type":"position","value":{"x":[816.4],"y":[589.6]}},{"time":"2023-12-11T10:20:27.063Z","type":"position","value":{"x":[885.4],"y":[422.6]}},{"time":"2023-12-11T10:20:27.246Z","type":"position","value":{"x":[968.4],"y":[277.6]}},{"time":"2023-12-11T10:20:27.263Z","type":"position","value":{"x":[975.4],"y":[269.6]}},{"time":"2023-12-11T10:20:37.115Z","type":"position","value":{"x":[1013.4],"y":[168.6]}}],"isTextChangeable":1},{"id":"478e9694-5493-4736-bb8f-ee83eead5592","value":2,"text":"new places","comment":"It can be searched in places where people cannot reach","position":{"x":1014.4,"y":627.6},"isActive":true,"date":1702290038536,"kind":"Node","isSelected":false,"isConnectorSelected":false,"isDraggable":1,"isDeletable":1,"hasElementMoved":false,"eventLog":[{"time":"1702290038536","type":"create node","value":[0]},{"time":"1702290039930","type":"selected","value":[true]},{"time":"1702290072686","type":"text","value":["neue Orte"]},{"time":"1702290072686","type":"value","value":[2]},{"time":"1702290072686","type":"comment","value":["Es kann an Orten gesucht werden, an die Menschen nicht gelangen"]},{"time":"1702290072686","type":"selected","value":[false]},{"time":"2023-12-11T10:21:13.740Z","type":"position","value":{"x":[948.4],"y":[677.6]}}],"isTextChangeable":1}],"connectors":[{"id":"c224ae77-2e20-4b2f-8d9a-adc56ef4f20d","source":"46418b70-7654-4116-98fd-61e26dc2036b","target":"521405ff-8653-4015-b71c-fdd0689bd756","agreement":true,"isActive":true,"date":1702289819278,"kind":"Connector","isSelected":false,"intensity":3,"isDeletable":false,"isOver":false,"isBidirectional":false,"eventLog":[{"time":1702289819278,"type":"create connection"}]},{"id":"1ab451ea-330f-4259-b398-f9f250d195ba","source":"46418b70-7654-4116-98fd-61e26dc2036b","target":"b2583d1e-0f75-4ede-b952-92128288e7ee","agreement":true,"isActive":true,"date":1702289819278,"kind":"Connector","isSelected":false,"intensity":3,"isDeletable":true,"isOver":false,"isBidirectional":false,"eventLog":[{"time":1702289819278,"type":"create connection"}]},{"id":"9920ebcc-be34-43f7-b4cb-4e6e67046f31","source":"92ed9549-a5a0-4bfa-a140-ce0cce3c6eba","target":"521405ff-8653-4015-b71c-fdd0689bd756","agreement":true,"isActive":true,"date":1702289911504,"kind":"Connector","isSelected":false,"intensity":3,"isDeletable":true,"isOver":false,"isBidirectional":false,"eventLog":[{"time":1702289911504,"type":"create connection"}]},{"id":"17a3ae8f-00b8-4e7f-924c-e7ab443ed7e7","source":"1c809ec0-2ec6-49ba-9496-afe7afd275c6","target":"521405ff-8653-4015-b71c-fdd0689bd756","agreement":true,"isActive":true,"date":1702289913348,"kind":"Connector","isSelected":false,"intensity":3,"isDeletable":true,"isOver":false,"isBidirectional":false,"eventLog":[{"time":1702289913349,"type":"create connection"}]},{"id":"e4a062be-9756-4df0-9f9b-e510c1222037","source":"35fe4553-ce7f-4b82-ba74-429f3b736eae","target":"521405ff-8653-4015-b71c-fdd0689bd756","agreement":true,"isActive":true,"date":1702289914642,"kind":"Connector","isSelected":false,"intensity":3,"isDeletable":true,"isOver":false,"isBidirectional":false,"eventLog":[{"time":1702289914642,"type":"create connection"}]},{"id":"3473ea07-beed-4a98-892a-8e4e128924e8","source":"62ae140f-2db4-4586-872e-b2058f4bda48","target":"521405ff-8653-4015-b71c-fdd0689bd756","agreement":true,"isActive":true,"date":1702289915975,"kind":"Connector","isSelected":false,"intensity":3,"isDeletable":true,"isOver":false,"isBidirectional":false,"eventLog":[{"time":1702289915975,"type":"create connection"}]},{"id":"8eea7d55-df6b-4d7e-8734-d95cd8f7918a","source":"8c319660-1a8e-43c8-b7c7-ab57f7a726e7","target":"521405ff-8653-4015-b71c-fdd0689bd756","agreement":true,"isActive":true,"date":1702289917641,"kind":"Connector","isSelected":false,"intensity":3,"isDeletable":true,"isOver":false,"isBidirectional":false,"eventLog":[{"time":1702289917641,"type":"create connection"}]},{"id":"37c59d6c-dc76-436a-97f9-93b81d8ede0a","source":"478e9694-5493-4736-bb8f-ee83eead5592","target":"b2583d1e-0f75-4ede-b952-92128288e7ee","agreement":true,"isActive":true,"date":1702290075909,"kind":"Connector","isSelected":false,"intensity":3,"isDeletable":true,"isOver":false,"isBidirectional":false,"eventLog":[{"time":1702290075909,"type":"create connection"}]},{"id":"fca3531d-82dd-4867-958f-60fce4f24058","source":"358a0655-5f9d-428e-bd3c-add145de3662","target":"b2583d1e-0f75-4ede-b952-92128288e7ee","agreement":true,"isActive":true,"date":1702290077249,"kind":"Connector","isSelected":false,"intensity":3,"isDeletable":true,"isOver":false,"isBidirectional":false,"eventLog":[{"time":1702290077249,"type":"create connection"}]},{"id":"96ca3d4a-abf1-4828-b4a0-59dac2a315cf","source":"3d0cfa39-bf84-4707-a3ca-3651e580a5b5","target":"b2583d1e-0f75-4ede-b952-92128288e7ee","agreement":true,"isActive":true,"date":1702290078422,"kind":"Connector","isSelected":false,"intensity":3,"isDeletable":true,"isOver":false,"isBidirectional":false,"eventLog":[{"time":1702290078422,"type":"create connection"}]},{"id":"26943a0f-e8a2-4561-8580-b03173bdd259","source":"d7e60f55-93f2-4359-a423-e087b7e823ce","target":"b2583d1e-0f75-4ede-b952-92128288e7ee","agreement":true,"isActive":true,"date":1702290079888,"kind":"Connector","isSelected":false,"intensity":3,"isDeletable":true,"isOver":false,"isBidirectional":false,"eventLog":[{"time":1702290079888,"type":"create connection"}]},{"id":"42343146-f76b-4a06-b51e-2b2f3d75e4c9","source":"35ae12b9-9663-4098-b5c6-8ade5b18952d","target":"b2583d1e-0f75-4ede-b952-92128288e7ee","agreement":true,"isActive":true,"date":1702290081219,"kind":"Connector","isSelected":false,"intensity":3,"isDeletable":true,"isOver":false,"isBidirectional":false,"eventLog":[{"time":1702290081219,"type":"create connection"}]}],"currentID":{},"currentNode":{},"hasSelectedNode":[false],"currentConnector":{},"hasSelectedConnector":[false],"readyToMove":[false],"isIncoming":[false],"hasElementMoved":[false]}
