{"idCAM":["48d7cb36-6296-419e-bcaf-7f6c9490c9f6"],"creator":["644ac0e41a2fabcf5d563f20_post"],"projectCAM":["S2_CAM part 2"],"defocusCAM":[],"date":[1702296621186],"nodes":[{"id":"67a4c646-a206-40f2-abf1-13df26da0249","value":0,"text":"rescue robot","comment":"","position":{"x":650,"y":400},"isActive":true,"date":1702296622063,"kind":"Node","isSelected":false,"isConnectorSelected":false,"isDraggable":0,"isDeletable":0,"hasElementMoved":false,"eventLog":[{"time":1702296622063,"type":"create node","value":0}],"isTextChangeable":0},{"id":"8d7a837c-56b7-411f-b2eb-9e3c15295a54","value":-3,"text":"disadvantages","comment":"","position":{"x":450,"y":400},"isActive":true,"date":1702296622064,"kind":"Node","isSelected":false,"isConnectorSelected":false,"isDraggable":0,"isDeletable":0,"hasElementMoved":false,"eventLog":[{"time":1702296622064,"type":"create node","value":-3}],"isTextChangeable":0},{"id":"657f53e1-f01a-430e-bbab-def194daed2f","value":3,"text":"advantages","comment":"","position":{"x":850,"y":400},"isActive":true,"date":1702296622064,"kind":"Node","isSelected":false,"isConnectorSelected":false,"isDraggable":0,"isDeletable":0,"hasElementMoved":false,"eventLog":[{"time":1702296622064,"type":"create node","value":3}],"isTextChangeable":0},{"id":"3336d71a-fead-4857-a7b1-138e6e5706a7","value":-3,"text":"abuse of robots","comment":"","position":{"x":322,"y":657},"isActive":true,"date":1702296622064,"kind":"Node","isSelected":false,"isConnectorSelected":false,"isDraggable":1,"isDeletable":1,"hasElementMoved":false,"eventLog":[{"time":"1702296622064","type":"create node","value":[-3]},{"time":"2023-12-11T12:12:36.512Z","type":"position","value":{"x":[460],"y":[297]}},{"time":"2023-12-11T12:12:36.629Z","type":"position","value":{"x":[426],"y":[497]}},{"time":"2023-12-11T12:12:36.712Z","type":"position","value":{"x":[430],"y":[650]}},{"time":"2023-12-11T12:12:38.013Z","type":"position","value":{"x":[446],"y":[678]}}],"isTextChangeable":1},{"id":"c153692f-2e21-4546-b114-74107c68a3fb","value":-3,"text":"missing autonomy","comment":"","position":{"x":303,"y":396},"isActive":true,"date":1702296622064,"kind":"Node","isSelected":false,"isConnectorSelected":false,"isDraggable":1,"isDeletable":1,"hasElementMoved":false,"eventLog":[{"time":1702296622064,"type":"create node","value":-3}],"isTextChangeable":1},{"id":"6a27a4ec-8e8d-4aae-ab43-6e45aa6c2f91","value":3,"text":"better access","comment":"","position":{"x":1013,"y":662},"isActive":true,"date":1702296622064,"kind":"Node","isSelected":false,"isConnectorSelected":false,"isDraggable":1,"isDeletable":1,"hasElementMoved":false,"eventLog":[{"time":"1702296622064","type":"create node","value":[3]},{"time":"2023-12-11T12:12:33.633Z","type":"position","value":{"x":[862],"y":[550]}},{"time":"2023-12-11T12:12:33.996Z","type":"position","value":{"x":[1012],"y":[653]}}],"isTextChangeable":1},{"id":"561aebc8-0ba8-4ec4-95b6-83ad97b3bb45","value":1,"text":"exact handling","comment":"","position":{"x":1205,"y":488},"isActive":true,"date":1702296622064,"kind":"Node","isSelected":false,"isConnectorSelected":false,"isDraggable":1,"isDeletable":1,"hasElementMoved":false,"eventLog":[{"time":"1702296622064","type":"create node","value":[1]},{"time":"2023-12-11T12:12:30.308Z","type":"position","value":{"x":[1021],"y":[418]}},{"time":"2023-12-11T12:12:30.563Z","type":"position","value":{"x":[1180],"y":[475]}}],"isTextChangeable":1},{"id":"b792ee53-a933-4bcd-8d48-f02066b1997d","value":2,"text":"autonomous possibilities","comment":"","position":{"x":1204,"y":573},"isActive":true,"date":1702296622064,"kind":"Node","isSelected":false,"isConnectorSelected":false,"isDraggable":1,"isDeletable":1,"hasElementMoved":false,"eventLog":[{"time":"1702296622064","type":"create node","value":[2]},{"time":"2023-12-11T12:12:28.395Z","type":"position","value":{"x":[857],"y":[270]}},{"time":"2023-12-11T12:12:28.546Z","type":"position","value":{"x":[1015],"y":[322]}},{"time":"2023-12-11T12:12:29.246Z","type":"position","value":{"x":[1169],"y":[408]}},{"time":"2023-12-11T12:12:29.263Z","type":"position","value":{"x":[1174],"y":[420]}},{"time":"2023-12-11T12:12:29.747Z","type":"position","value":{"x":[1204],"y":[572]}}],"isTextChangeable":1},{"id":"222a7a95-a4d2-47bd-ad45-9d5a130c757c","value":2,"text":"reliability","comment":"","position":{"x":1221,"y":410},"isActive":true,"date":1702296622064,"kind":"Node","isSelected":false,"isConnectorSelected":false,"isDraggable":1,"isDeletable":1,"hasElementMoved":false,"eventLog":[{"time":"1702296622064","type":"create node","value":[2]},{"time":"2023-12-11T12:12:31.345Z","type":"position","value":{"x":[1029],"y":[263]}},{"time":"2023-12-11T12:12:31.497Z","type":"position","value":{"x":[1182],"y":[375]}},{"time":"2023-12-11T12:12:31.815Z","type":"position","value":{"x":[1229],"y":[413]}}],"isTextChangeable":1},{"id":"b47e3720-c885-481b-a864-97639561f199","value":-3,"text":"failure of robots","comment":"","position":{"x":446,"y":528},"isActive":true,"date":1702296622064,"kind":"Node","isSelected":false,"isConnectorSelected":false,"isDraggable":1,"isDeletable":1,"hasElementMoved":false,"eventLog":[{"time":1702296622064,"type":"create node","value":-3}],"isTextChangeable":1},{"id":"eebde449-b958-4ac5-b85d-d6c001f932ba","value":-3,"text":"malfunctions","comment":"","position":{"x":118,"y":534},"isActive":true,"date":1702296622064,"kind":"Node","isSelected":false,"isConnectorSelected":false,"isDraggable":1,"isDeletable":1,"hasElementMoved":false,"eventLog":[{"time":"1702296622064","type":"create node","value":[-3]},{"time":"2023-12-11T12:12:39.245Z","type":"position","value":{"x":[279],"y":[277]}},{"time":"2023-12-11T12:12:39.363Z","type":"position","value":{"x":[183],"y":[433]}},{"time":"2023-12-11T12:12:39.780Z","type":"position","value":{"x":[124],"y":[514]}}],"isTextChangeable":1},{"id":"7201dd89-4491-4762-9c15-3468c9b6b8fa","value":3,"text":"deployment in search operations","comment":"","position":{"x":1119,"y":647},"isActive":true,"date":1702296622064,"kind":"Node","isSelected":false,"isConnectorSelected":false,"isDraggable":1,"isDeletable":1,"hasElementMoved":false,"eventLog":[{"time":"1702296622064","type":"create node","value":[3]},{"time":"2023-12-11T12:12:32.845Z","type":"position","value":{"x":[976],"y":[573]}}],"isTextChangeable":1},{"id":"d7cda93d-74f0-4474-861d-4ecaf42c7bce","value":-3,"text":"ethics","comment":"","position":{"x":554,"y":671},"isActive":true,"date":1702296622064,"kind":"Node","isSelected":false,"isConnectorSelected":false,"isDraggable":1,"isDeletable":1,"hasElementMoved":false,"eventLog":[{"time":"1702296622064","type":"create node","value":[-3]},{"time":"2023-12-11T12:12:34.713Z","type":"position","value":{"x":[580],"y":[300]}},{"time":"2023-12-11T12:12:34.797Z","type":"position","value":{"x":[552],"y":[464]}},{"time":"2023-12-11T12:12:34.879Z","type":"position","value":{"x":[491],"y":[620]}}],"isTextChangeable":1},{"id":"b1ac5d24-fdcd-4d89-871c-8464a439214b","value":-2,"text":"dealing with injuries","comment":"","position":{"x":296,"y":525},"isActive":true,"date":1702296622064,"kind":"Node","isSelected":false,"isConnectorSelected":false,"isDraggable":1,"isDeletable":1,"hasElementMoved":false,"eventLog":[{"time":1702296622064,"type":"create node","value":-2}],"isTextChangeable":1},{"id":"ed13527a-8384-4132-9dfc-00462ce39b58","value":-2,"text":"no initial treatment","comment":"","position":{"x":573,"y":535},"isActive":true,"date":1702296622064,"kind":"Node","isSelected":false,"isConnectorSelected":false,"isDraggable":1,"isDeletable":1,"hasElementMoved":false,"eventLog":[{"time":1702296622064,"type":"create node","value":-2}],"isTextChangeable":1},{"id":"e5e29eff-9893-44a1-9bbb-857e942fabe0","value":10,"text":"soft robot","comment":"","position":{"x":650,"y":161},"isActive":true,"date":1702296633613,"kind":"Node","isSelected":false,"isConnectorSelected":false,"isDraggable":1,"isDeletable":1,"hasElementMoved":false,"eventLog":[{"time":"1702296633613","type":"create node","value":[0]},{"time":"1702296633703","type":"selected","value":[true]},{"time":"1702296640582","type":"text","value":["Softer Roboter"]},{"time":"1702296640582","type":"selected","value":[false]},{"time":"1702296641460","type":"selected","value":[true]},{"time":"1702296644189","type":"value","value":[10]},{"time":"1702296644189","type":"selected","value":[false]},{"time":"2023-12-11T12:10:44.664Z","type":"position","value":{"x":[656],"y":[215]}}],"isTextChangeable":1},{"id":"463ea717-8b87-4eb9-9e9d-54547531965e","value":-3,"text":"disadvantages","comment":"","position":{"x":446,"y":195},"isActive":true,"date":1702296640807,"kind":"Node","isSelected":false,"isConnectorSelected":false,"isDraggable":1,"isDeletable":1,"hasElementMoved":false,"eventLog":[{"time":"1702296640807","type":"create node","value":[0]},{"time":"2023-12-11T12:10:56.263Z","type":"position","value":{"x":[1012],"y":[241]}},{"time":"2023-12-11T12:10:56.347Z","type":"position","value":{"x":[806],"y":[209]}},{"time":"2023-12-11T12:10:56.380Z","type":"position","value":{"x":[649],"y":[185]}},{"time":"2023-12-11T12:10:56.614Z","type":"position","value":{"x":[494],"y":[162]}},{"time":"1702296657431","type":"selected","value":[true]},{"time":"1702296661137","type":"text","value":["Nachteile"]},{"time":"1702296661137","type":"value","value":[-3]},{"time":"1702296661137","type":"selected","value":[false]},{"time":"2023-12-11T12:13:42.594Z","type":"position","value":{"x":[427],"y":[171]}},{"time":"2023-12-11T12:13:43.261Z","type":"position","value":{"x":[437],"y":[195]}}],"isTextChangeable":1},{"id":"10ad70ef-73b3-459d-875d-ad1f64e4ea4c","value":3,"text":"advantages","comment":"","position":{"x":816,"y":164},"isActive":true,"date":1702296647812,"kind":"Node","isSelected":false,"isConnectorSelected":false,"isDraggable":1,"isDeletable":1,"hasElementMoved":false,"eventLog":[{"time":"1702296647812","type":"create node","value":[0]},{"time":"1702296647888","type":"selected","value":[true]},{"time":"1702296652656","type":"text","value":["Vorteile"]},{"time":"1702296652656","type":"value","value":[3]},{"time":"1702296652656","type":"selected","value":[false]},{"time":"2023-12-11T12:10:53.021Z","type":"position","value":{"x":[479],"y":[155]}},{"time":"2023-12-11T12:10:53.132Z","type":"position","value":{"x":[669],"y":[158]}}],"isTextChangeable":1},{"id":"16040550-fdbf-4ac1-9a5e-012be34c3a4f","value":3,"text":"Inspired by organisms","comment":"","position":{"x":961,"y":155},"isActive":true,"date":1702296667351,"kind":"Node","isSelected":false,"isConnectorSelected":false,"isDraggable":1,"isDeletable":1,"hasElementMoved":false,"eventLog":[{"time":"1702296667351","type":"create node","value":[0]},{"time":"1702296667430","type":"selected","value":[true]},{"time":"1702296682593","type":"text","value":["Inspiriert von Organismen"]},{"time":"1702296682593","type":"value","value":[3]},{"time":"1702296682593","type":"selected","value":[false]},{"time":"2023-12-11T12:11:22.918Z","type":"position","value":{"x":[926],"y":[174]}}],"isTextChangeable":1},{"id":"a7c74f02-026c-4f7d-8cf6-edcb3fa53f58","value":3,"text":"autonomous + manual","comment":"","position":{"x":819,"y":57},"isActive":true,"date":1702296685465,"kind":"Node","isSelected":false,"isConnectorSelected":false,"isDraggable":1,"isDeletable":1,"hasElementMoved":false,"eventLog":[{"time":"1702296685465","type":"create node","value":[0]},{"time":"1702296685558","type":"selected","value":[true]},{"time":"1702296704908","type":"text","value":["Autonom + Manuell"]},{"time":"1702296704908","type":"value","value":[3]},{"time":"1702296704908","type":"selected","value":[false]},{"time":"2023-12-11T12:11:57.595Z","type":"position","value":{"x":[822],"y":[85]}}],"isTextChangeable":1},{"id":"53cea4a8-6f69-46cd-87e6-023649480ecd","value":3,"text":"natural movements","comment":"","position":{"x":957,"y":66},"isActive":true,"date":1702296722036,"kind":"Node","isSelected":false,"isConnectorSelected":false,"isDraggable":1,"isDeletable":1,"hasElementMoved":false,"eventLog":[{"time":1702296722036,"type":"create node","value":"0"},{"time":1702296722113,"type":"selected","value":"TRUE"},{"time":1702296744806,"type":"text","value":"Natürliche Bewegungen"},{"time":1702296744806,"type":"value","value":"3"},{"time":1702296744806,"type":"selected","value":"FALSE"}],"isTextChangeable":1},{"id":"aca51e59-565e-445b-9a72-be781af26287","value":3,"text":"delivery of supplies","comment":"","position":{"x":976,"y":265},"isActive":true,"date":1702296762474,"kind":"Node","isSelected":false,"isConnectorSelected":false,"isDraggable":1,"isDeletable":1,"hasElementMoved":false,"eventLog":[{"time":1702296762474,"type":"create node","value":"0"},{"time":1702296762561,"type":"selected","value":"TRUE"},{"time":1702296780659,"type":"text","value":"Lieferung von  Versorgungsgütern"},{"time":1702296780659,"type":"value","value":"3"},{"time":1702296780659,"type":"selected","value":"FALSE"}],"isTextChangeable":1},{"id":"d844e9c3-f47d-484e-819e-6a029faa4c98","value":3,"text":"reduction of injury risk","comment":"","position":{"x":812,"y":267},"isActive":true,"date":1702296782832,"kind":"Node","isSelected":false,"isConnectorSelected":false,"isDraggable":1,"isDeletable":1,"hasElementMoved":false,"eventLog":[{"time":1702296782832,"type":"create node","value":"0"},{"time":1702296782918,"type":"selected","value":"TRUE"},{"time":1702296797880,"type":"text","value":"Minderung des Verletzungsrisikos"},{"time":1702296797880,"type":"value","value":"3"},{"time":1702296797880,"type":"selected","value":"FALSE"}],"isTextChangeable":1},{"id":"328ce04c-e5ee-490c-8634-7ab163e60066","value":-3,"text":"less precision","comment":"","position":{"x":441,"y":60},"isActive":true,"date":1702296799131,"kind":"Node","isSelected":false,"isConnectorSelected":false,"isDraggable":1,"isDeletable":1,"hasElementMoved":false,"eventLog":[{"time":"1702296799131","type":"create node","value":[0]},{"time":"1702296799173","type":"selected","value":[true]},{"time":"1702296799578","type":"selected","value":[false]},{"time":"2023-12-11T12:13:31.107Z","type":"position","value":{"x":[461],"y":[86]}},{"time":"1702296811671","type":"selected","value":[true]},{"time":"1702296821698","type":"text","value":["Weniger Präzisition"]},{"time":"1702296821698","type":"value","value":[-3]},{"time":"1702296821698","type":"selected","value":[false]}],"isTextChangeable":1},{"id":"9721d234-2c85-40ee-b7dd-5715502602e2","value":-3,"text":"Currently still remote controlled","comment":"","position":{"x":295,"y":147},"isActive":true,"date":1702296824572,"kind":"Node","isSelected":false,"isConnectorSelected":false,"isDraggable":1,"isDeletable":1,"hasElementMoved":false,"eventLog":[{"time":1702296824572,"type":"create node","value":"0"},{"time":1702296824667,"type":"selected","value":"TRUE"},{"time":1702296835275,"type":"text","value":"Aktuell noch ferngesteuert"},{"time":1702296835275,"type":"value","value":"-3"},{"time":1702296835275,"type":"selected","value":"FALSE"}],"isTextChangeable":1},{"id":"57a20d37-a958-4e1d-b1bc-c867bd32b66f","value":-3,"text":"limited autonomy","comment":"","position":{"x":289,"y":251},"isActive":true,"date":1702296839665,"kind":"Node","isSelected":false,"isConnectorSelected":false,"isDraggable":1,"isDeletable":1,"hasElementMoved":false,"eventLog":[{"time":1702296839665,"type":"create node","value":"0"},{"time":1702296839730,"type":"selected","value":"TRUE"},{"time":1702296849554,"type":"text","value":"Beschränkte autonomie"},{"time":1702296849554,"type":"value","value":"-3"},{"time":1702296849554,"type":"selected","value":"FALSE"}],"isTextChangeable":1}],"connectors":[{"id":"520fa41b-1397-4bd6-855f-c0fa447ba621","source":"67a4c646-a206-40f2-abf1-13df26da0249","target":"8d7a837c-56b7-411f-b2eb-9e3c15295a54","agreement":true,"isActive":true,"date":1702296622064,"kind":"Connector","isSelected":false,"intensity":3,"isDeletable":false,"isOver":false,"isBidirectional":false,"eventLog":[{"time":1702296622064,"type":"create connection"}]},{"id":"2d10d48d-37eb-415c-a394-75878fe25d51","source":"67a4c646-a206-40f2-abf1-13df26da0249","target":"657f53e1-f01a-430e-bbab-def194daed2f","agreement":true,"isActive":true,"date":1702296622064,"kind":"Connector","isSelected":false,"intensity":3,"isDeletable":true,"isOver":false,"isBidirectional":false,"eventLog":[{"time":1702296622064,"type":"create connection"}]},{"id":"ce700fb2-6553-4faa-9496-947e723e6ffe","source":"3336d71a-fead-4857-a7b1-138e6e5706a7","target":"8d7a837c-56b7-411f-b2eb-9e3c15295a54","agreement":true,"isActive":true,"date":1702296622064,"kind":"Connector","isSelected":false,"intensity":3,"isDeletable":true,"isOver":false,"isBidirectional":false,"eventLog":[{"time":1702296622064,"type":"create connection"}]},{"id":"ff8b1758-f95a-4194-a43b-24ec6ed06987","source":"c153692f-2e21-4546-b114-74107c68a3fb","target":"8d7a837c-56b7-411f-b2eb-9e3c15295a54","agreement":true,"isActive":true,"date":1702296622065,"kind":"Connector","isSelected":false,"intensity":3,"isDeletable":true,"isOver":false,"isBidirectional":false,"eventLog":[{"time":1702296622065,"type":"create connection"}]},{"id":"8027174a-d213-4938-8da6-e7542aea6a9e","source":"6a27a4ec-8e8d-4aae-ab43-6e45aa6c2f91","target":"657f53e1-f01a-430e-bbab-def194daed2f","agreement":true,"isActive":true,"date":1702296622065,"kind":"Connector","isSelected":false,"intensity":3,"isDeletable":true,"isOver":false,"isBidirectional":false,"eventLog":[{"time":1702296622065,"type":"create connection"}]},{"id":"9d0b9207-be8d-455f-8c13-50b44629ca74","source":"561aebc8-0ba8-4ec4-95b6-83ad97b3bb45","target":"657f53e1-f01a-430e-bbab-def194daed2f","agreement":true,"isActive":true,"date":1702296622065,"kind":"Connector","isSelected":false,"intensity":3,"isDeletable":true,"isOver":false,"isBidirectional":false,"eventLog":[{"time":1702296622065,"type":"create connection"}]},{"id":"d8343d69-597b-4b95-b38b-f596774ea71a","source":"657f53e1-f01a-430e-bbab-def194daed2f","target":"b792ee53-a933-4bcd-8d48-f02066b1997d","agreement":true,"isActive":true,"date":1702296622065,"kind":"Connector","isSelected":false,"intensity":3,"isDeletable":true,"isOver":false,"isBidirectional":false,"eventLog":[{"time":1702296622065,"type":"create connection"}]},{"id":"0352c224-f6cf-4833-8832-5fa1dc58c254","source":"222a7a95-a4d2-47bd-ad45-9d5a130c757c","target":"657f53e1-f01a-430e-bbab-def194daed2f","agreement":true,"isActive":true,"date":1702296622065,"kind":"Connector","isSelected":false,"intensity":3,"isDeletable":true,"isOver":false,"isBidirectional":false,"eventLog":[{"time":1702296622065,"type":"create connection"}]},{"id":"282cdfda-12c9-494b-9ac4-18445038320e","source":"b47e3720-c885-481b-a864-97639561f199","target":"8d7a837c-56b7-411f-b2eb-9e3c15295a54","agreement":true,"isActive":true,"date":1702296622065,"kind":"Connector","isSelected":false,"intensity":3,"isDeletable":true,"isOver":false,"isBidirectional":false,"eventLog":[{"time":1702296622065,"type":"create connection"}]},{"id":"73b54150-095d-4730-ad78-61cab453123c","source":"8d7a837c-56b7-411f-b2eb-9e3c15295a54","target":"eebde449-b958-4ac5-b85d-d6c001f932ba","agreement":true,"isActive":true,"date":1702296622065,"kind":"Connector","isSelected":false,"intensity":3,"isDeletable":true,"isOver":false,"isBidirectional":false,"eventLog":[{"time":1702296622065,"type":"create connection"}]},{"id":"1145b914-203c-456a-b2f3-f97f916945a3","source":"7201dd89-4491-4762-9c15-3468c9b6b8fa","target":"657f53e1-f01a-430e-bbab-def194daed2f","agreement":true,"isActive":true,"date":1702296622065,"kind":"Connector","isSelected":false,"intensity":3,"isDeletable":true,"isOver":false,"isBidirectional":false,"eventLog":[{"time":1702296622065,"type":"create connection"}]},{"id":"cbe102c3-7928-4213-9c52-2ad4db084b7d","source":"d7cda93d-74f0-4474-861d-4ecaf42c7bce","target":"8d7a837c-56b7-411f-b2eb-9e3c15295a54","agreement":true,"isActive":true,"date":1702296622065,"kind":"Connector","isSelected":false,"intensity":3,"isDeletable":true,"isOver":false,"isBidirectional":false,"eventLog":[{"time":1702296622065,"type":"create connection"}]},{"id":"9ccca9b4-82cc-4472-a979-1d4304abec0f","source":"b1ac5d24-fdcd-4d89-871c-8464a439214b","target":"8d7a837c-56b7-411f-b2eb-9e3c15295a54","agreement":true,"isActive":true,"date":1702296622065,"kind":"Connector","isSelected":false,"intensity":3,"isDeletable":true,"isOver":false,"isBidirectional":false,"eventLog":[{"time":1702296622065,"type":"create connection"}]},{"id":"095bd48d-21ca-497e-ba16-6dfd69c4b45c","source":"ed13527a-8384-4132-9dfc-00462ce39b58","target":"8d7a837c-56b7-411f-b2eb-9e3c15295a54","agreement":true,"isActive":true,"date":1702296622065,"kind":"Connector","isSelected":false,"intensity":3,"isDeletable":true,"isOver":false,"isBidirectional":false,"eventLog":[{"time":1702296622065,"type":"create connection"}]},{"id":"fb593f4f-ccbe-4068-8b91-1b73560d98a9","source":"e5e29eff-9893-44a1-9bbb-857e942fabe0","target":"67a4c646-a206-40f2-abf1-13df26da0249","agreement":true,"isActive":true,"date":1702296646415,"kind":"Connector","isSelected":false,"intensity":3,"isDeletable":true,"isOver":false,"isBidirectional":false,"eventLog":[{"time":1702296646415,"type":"create connection"}]},{"id":"84b38483-e24b-4f8b-83e5-6b1724110261","source":"10ad70ef-73b3-459d-875d-ad1f64e4ea4c","target":"e5e29eff-9893-44a1-9bbb-857e942fabe0","agreement":true,"isActive":true,"date":1702296655530,"kind":"Connector","isSelected":false,"intensity":3,"isDeletable":true,"isOver":false,"isBidirectional":false,"eventLog":[{"time":1702296655530,"type":"create connection"}]},{"id":"f54bf504-e923-49e3-b39f-8989722a4bed","source":"10ad70ef-73b3-459d-875d-ad1f64e4ea4c","target":"16040550-fdbf-4ac1-9a5e-012be34c3a4f","agreement":true,"isActive":true,"date":1702296684599,"kind":"Connector","isSelected":false,"intensity":3,"isDeletable":true,"isOver":false,"isBidirectional":false,"eventLog":[{"time":1702296684599,"type":"create connection"}]},{"id":"0de71bcf-e806-4b52-9623-f0f6e424cb5c","source":"a7c74f02-026c-4f7d-8cf6-edcb3fa53f58","target":"e5e29eff-9893-44a1-9bbb-857e942fabe0","agreement":true,"isActive":false,"date":1702296705449,"kind":"Connector","isSelected":false,"intensity":3,"isDeletable":true,"isOver":false,"isBidirectional":false,"eventLog":[{"time":1702296705449,"type":"create connection"},{"time":1702296709448,"type":"selected","value":1},{"time":1702296709865,"type":"change intensity of connector","value":3},{"time":1702296709865,"type":"selected","value":0},{"time":1702296710624,"type":"selected","value":1},{"time":1702296714850,"type":"connector was deleted","value":-99},{"time":1702296714851,"type":"active","value":0}]},{"id":"0819341d-9ec5-4403-8db2-c7b9d964da97","source":"a7c74f02-026c-4f7d-8cf6-edcb3fa53f58","target":"10ad70ef-73b3-459d-875d-ad1f64e4ea4c","agreement":true,"isActive":true,"date":1702296717013,"kind":"Connector","isSelected":false,"intensity":3,"isDeletable":true,"isOver":false,"isBidirectional":false,"eventLog":[{"time":1702296717013,"type":"create connection"}]},{"id":"5359b439-c45a-4a1f-939a-d3a8e56950be","source":"10ad70ef-73b3-459d-875d-ad1f64e4ea4c","target":"53cea4a8-6f69-46cd-87e6-023649480ecd","agreement":true,"isActive":true,"date":1702296746199,"kind":"Connector","isSelected":false,"intensity":3,"isDeletable":true,"isOver":false,"isBidirectional":false,"eventLog":[{"time":1702296746199,"type":"create connection"}]},{"id":"7c04b1f2-9d26-40d1-ac7f-d0371ca4e8e4","source":"10ad70ef-73b3-459d-875d-ad1f64e4ea4c","target":"aca51e59-565e-445b-9a72-be781af26287","agreement":true,"isActive":true,"date":1702296781981,"kind":"Connector","isSelected":false,"intensity":3,"isDeletable":true,"isOver":false,"isBidirectional":false,"eventLog":[{"time":1702296781981,"type":"create connection"}]},{"id":"d11df487-d519-4d67-af37-a235f2f3af5e","source":"d844e9c3-f47d-484e-819e-6a029faa4c98","target":"10ad70ef-73b3-459d-875d-ad1f64e4ea4c","agreement":true,"isActive":true,"date":1702296798305,"kind":"Connector","isSelected":false,"intensity":3,"isDeletable":true,"isOver":false,"isBidirectional":false,"eventLog":[{"time":1702296798305,"type":"create connection"}]},{"id":"f26c43d6-a27b-47ed-8168-398769343b8f","source":"328ce04c-e5ee-490c-8634-7ab163e60066","target":"463ea717-8b87-4eb9-9e9d-54547531965e","agreement":true,"isActive":true,"date":1702296822161,"kind":"Connector","isSelected":false,"intensity":3,"isDeletable":true,"isOver":false,"isBidirectional":false,"eventLog":[{"time":1702296822161,"type":"create connection"}]},{"id":"08a90c20-8213-4e51-b3cd-c12fb78f6e1d","source":"463ea717-8b87-4eb9-9e9d-54547531965e","target":"e5e29eff-9893-44a1-9bbb-857e942fabe0","agreement":true,"isActive":true,"date":1702296823804,"kind":"Connector","isSelected":false,"intensity":3,"isDeletable":true,"isOver":false,"isBidirectional":false,"eventLog":[{"time":1702296823804,"type":"create connection"}]},{"id":"2acaba70-e485-4ded-92f4-515f5f812889","source":"9721d234-2c85-40ee-b7dd-5715502602e2","target":"463ea717-8b87-4eb9-9e9d-54547531965e","agreement":true,"isActive":true,"date":1702296835724,"kind":"Connector","isSelected":false,"intensity":3,"isDeletable":true,"isOver":false,"isBidirectional":false,"eventLog":[{"time":1702296835724,"type":"create connection"}]},{"id":"be7440e2-4b83-49a4-9d86-d81e5f58ded6","source":"57a20d37-a958-4e1d-b1bc-c867bd32b66f","target":"463ea717-8b87-4eb9-9e9d-54547531965e","agreement":true,"isActive":true,"date":1702296849972,"kind":"Connector","isSelected":false,"intensity":3,"isDeletable":true,"isOver":false,"isBidirectional":false,"eventLog":[{"time":1702296849972,"type":"create connection"}]}],"currentID":{},"currentNode":{},"hasSelectedNode":[false],"currentConnector":{},"hasSelectedConnector":[false],"readyToMove":[false],"isIncoming":[false],"hasElementMoved":[false]}
