{"idCAM":["b2bbe07a-0a68-4f07-9cf2-ee89466f97e4"],"creator":["645b8b2128bbb68d29778068_pre"],"projectCAM":["S2_CAM part 1"],"defocusCAM":[4109.8],"date":[1702313270870],"nodes":[{"id":"467d8a11-c5fe-4dcb-a099-9dc97003e967","value":10,"text":"rescue robot","comment":"","position":{"x":650,"y":400},"isActive":true,"date":1702313271620,"kind":"Node","isSelected":false,"isConnectorSelected":false,"isDraggable":0,"isDeletable":0,"hasElementMoved":false,"eventLog":[{"time":1702313271620,"type":"create node","value":0},{"time":1702313786148,"type":"selected","value":1},{"time":1702313789564,"type":"value","value":10},{"time":1702313789564,"type":"selected","value":0}],"isTextChangeable":0},{"id":"2f1684af-ea2d-45f6-be03-0a8ac51f84d7","value":-2,"text":"disadvantages","comment":"","position":{"x":450,"y":400},"isActive":true,"date":1702313271620,"kind":"Node","isSelected":false,"isConnectorSelected":false,"isDraggable":0,"isDeletable":0,"hasElementMoved":false,"eventLog":[{"time":1702313271620,"type":"create node","value":0},{"time":1702313790717,"type":"selected","value":1},{"time":1702313794011,"type":"value","value":-2},{"time":1702313794011,"type":"selected","value":0},{"time":1702314128140,"type":"selected","value":1},{"time":1702314129181,"type":"selected","value":0}],"isTextChangeable":0},{"id":"cc7bbea6-f793-4df3-a417-eeae5208f5f1","value":2,"text":"advantages","comment":"","position":{"x":850,"y":400},"isActive":true,"date":1702313271621,"kind":"Node","isSelected":false,"isConnectorSelected":false,"isDraggable":0,"isDeletable":0,"hasElementMoved":false,"eventLog":[{"time":"1702313271621","type":"create node","value":[0]},{"time":"2023-12-11T16:48:56.352Z","type":"position","value":{"x":[883.4],"y":[420.6]}},{"time":"2023-12-11T16:53:33.843Z","type":"position","value":{"x":[839.4],"y":[400.6]}},{"time":"1702313796232","type":"selected","value":[true]},{"time":"1702313796638","type":"selected","value":[false]},{"time":"1702313797919","type":"selected","value":[true]},{"time":"1702313802855","type":"value","value":[2]},{"time":"1702313802855","type":"selected","value":[false]}],"isTextChangeable":0},{"id":"c559a50a-9270-43c4-94b6-b362886fcb6d","value":3,"text":"autonomous support","comment":"","position":{"x":980.4,"y":294.6},"isActive":true,"date":1702313296341,"kind":"Node","isSelected":false,"isConnectorSelected":false,"isDraggable":1,"isDeletable":1,"hasElementMoved":false,"eventLog":[{"time":1702313296341,"type":"create node","value":"0"},{"time":1702313297586,"type":"selected","value":"TRUE"},{"time":1702313330215,"type":"text","value":"Autonome Unterstützung"},{"time":1702313330215,"type":"value","value":"3"},{"time":1702313330215,"type":"selected","value":"FALSE"},{"time":1702313358309,"type":"selected","value":"TRUE"},{"time":1702313360165,"type":"selected","value":"FALSE"},{"time":1702313949544,"type":"selected","value":"TRUE"},{"time":1702313951408,"type":"selected","value":"FALSE"}],"isTextChangeable":1},{"id":"95596745-795f-45d6-bc18-6ed28ef7f965","value":3,"text":"search for victims","comment":"","position":{"x":1036.4,"y":544.6},"isActive":true,"date":1702313335104,"kind":"Node","isSelected":false,"isConnectorSelected":false,"isDraggable":1,"isDeletable":1,"hasElementMoved":false,"eventLog":[{"time":"1702313335104","type":"create node","value":[0]},{"time":"1702313363352","type":"selected","value":[true]},{"time":"1702313363765","type":"selected","value":[false]},{"time":"1702313364427","type":"selected","value":[true]},{"time":"1702313382832","type":"text","value":["Suche und Rettung "]},{"time":"1702313382832","type":"selected","value":[false]},{"time":"1702313394702","type":"selected","value":[true]},{"time":"1702313395114","type":"selected","value":[false]},{"time":"1702313396191","type":"selected","value":[true]},{"time":"1702313399176","type":"value","value":[3]},{"time":"1702313399176","type":"selected","value":[false]},{"time":"2023-12-11T16:50:01.142Z","type":"position","value":{"x":[1013.4],"y":[510.6]}},{"time":"2023-12-11T16:50:04.028Z","type":"position","value":{"x":[1107.4],"y":[580.6]}},{"time":"1702313405785","type":"selected","value":[true]},{"time":"1702313406194","type":"selected","value":[false]},{"time":"1702313407250","type":"selected","value":[true]},{"time":"1702313423488","type":"text","value":["Suche von Opfern"]},{"time":"1702313423489","type":"selected","value":[false]},{"time":"2023-12-11T16:55:04.340Z","type":"position","value":{"x":[1038.4],"y":[541.6]}},{"time":"1702313705456","type":"selected","value":[true]},{"time":"1702313708876","type":"selected","value":[false]},{"time":"1702313951421","type":"selected","value":[true]},{"time":"1702313954590","type":"selected","value":[false]}],"isTextChangeable":1},{"id":"46a97a66-b94a-4bdd-9624-d1acb53bf82d","value":2,"text":"accessibility","comment":"You can reach areas that are not accessible to humans.","position":{"x":770.4,"y":572.6},"isActive":true,"date":1702313426003,"kind":"Node","isSelected":false,"isConnectorSelected":false,"isDraggable":1,"isDeletable":1,"hasElementMoved":false,"eventLog":[{"time":"1702313426003","type":"create node","value":[0]},{"time":"1702313429254","type":"selected","value":[true]},{"time":"1702313458816","type":"text","value":["hilfreich zum "]},{"time":"1702313458816","type":"selected","value":[false]},{"time":"1702313539275","type":"selected","value":[true]},{"time":"1702313608600","type":"text","value":["Barrierefreiheit"]},{"time":"1702313608600","type":"comment","value":["Sie können die Bereiche erreichen, die nicht zugänglich für Menschen sind"]},{"time":"1702313608600","type":"selected","value":[false]},{"time":"1702313609452","type":"selected","value":[true]},{"time":"1702313613157","type":"value","value":[3]},{"time":"1702313613157","type":"selected","value":[false]},{"time":"2023-12-11T16:53:35.721Z","type":"position","value":{"x":[782.4],"y":[518.6]}},{"time":"1702313710466","type":"selected","value":[true]},{"time":"1702313712047","type":"selected","value":[false]},{"time":"1702313751798","type":"selected","value":[true]},{"time":"1702313765195","type":"value","value":[0]},{"time":"1702313765195","type":"selected","value":[false]},{"time":"1702313776295","type":"selected","value":[true]},{"time":"1702313776705","type":"selected","value":[false]},{"time":"1702313778169","type":"selected","value":[true]},{"time":"1702313781211","type":"value","value":[2]},{"time":"1702313781211","type":"selected","value":[false]},{"time":"1702313954604","type":"selected","value":[true]},{"time":"1702313956084","type":"selected","value":[false]}],"isTextChangeable":1},{"id":"c116b606-e9ef-4cd1-8b04-9b50006f0e87","value":2,"text":"representation of graphs","comment":"You can use machine graphs for the damaged area","position":{"x":729.4,"y":204.6},"isActive":true,"date":1702313459660,"kind":"Node","isSelected":false,"isConnectorSelected":false,"isDraggable":1,"isDeletable":1,"hasElementMoved":false,"eventLog":[{"time":1702313459660,"type":"create node","value":"0"},{"time":1702313460188,"type":"selected","value":"TRUE"},{"time":1702313521500,"type":"text","value":"Darstellung von Grapfen"},{"time":1702313521500,"type":"comment","value":"Sie können maschinelle Graphen für das beschädigte Gebiet"},{"time":1702313521500,"type":"selected","value":"FALSE"},{"time":1702313533372,"type":"selected","value":"TRUE"},{"time":1702313535979,"type":"value","value":"2"},{"time":1702313535979,"type":"selected","value":"FALSE"},{"time":1702313948355,"type":"selected","value":"TRUE"},{"time":1702313949531,"type":"selected","value":"FALSE"}],"isTextChangeable":1},{"id":"3817265a-b06e-4a09-b724-40910c4bc99e","value":2,"text":"AI for inspection","comment":"artificial intelligence can be used for inspection of damaged structures","position":{"x":954.4,"y":105.6},"isActive":true,"date":1702313816572,"kind":"Node","isSelected":false,"isConnectorSelected":false,"isDraggable":1,"isDeletable":1,"hasElementMoved":false,"eventLog":[{"time":1702313816572,"type":"create node","value":"0"},{"time":1702313817128,"type":"selected","value":"TRUE"},{"time":1702313879570,"type":"text","value":"AI zur Inspektion"},{"time":1702313879570,"type":"comment","value":"künstliche Intelligenz kann zur Inspektion von beschädigten Strukturen genutzt werden\n"},{"time":1702313879570,"type":"selected","value":"FALSE"},{"time":1702313941386,"type":"selected","value":"TRUE"},{"time":1702313944762,"type":"value","value":"2"},{"time":1702313944762,"type":"selected","value":"FALSE"}],"isTextChangeable":1},{"id":"75fb05bb-aa19-4eea-a871-efbb2ada10a3","value":10,"text":"collection of information","comment":"Robots can collect information about victims","position":{"x":1211.4,"y":377.6},"isActive":true,"date":1702313881179,"kind":"Node","isSelected":false,"isConnectorSelected":false,"isDraggable":1,"isDeletable":1,"hasElementMoved":false,"eventLog":[{"time":1702313881179,"type":"create node","value":"0"},{"time":1702313881192,"type":"selected","value":"TRUE"},{"time":1702313932346,"type":"text","value":"Sammlung von Informationen"},{"time":1702313932346,"type":"value","value":"10"},{"time":1702313932346,"type":"comment","value":"Roboter können Informationen über Opfer sammeln"},{"time":1702313932346,"type":"selected","value":"FALSE"}],"isTextChangeable":1},{"id":"b119ccbb-2402-41e1-a056-56cad247ff39","value":-3,"text":"discrimination","comment":"","position":{"x":336.4,"y":555.6},"isActive":true,"date":1702313958482,"kind":"Node","isSelected":false,"isConnectorSelected":false,"isDraggable":1,"isDeletable":1,"hasElementMoved":false,"eventLog":[{"time":1702313958482,"type":"create node","value":"0"},{"time":1702314064762,"type":"selected","value":"TRUE"},{"time":1702314076046,"type":"text","value":"Diskriminierung"},{"time":1702314076046,"type":"value","value":"-3"},{"time":1702314076046,"type":"selected","value":"FALSE"}],"isTextChangeable":1},{"id":"d65d38ab-d62a-4030-af13-48ff858ca66e","value":-2,"text":"misuse","comment":"Robots can be used for personal purposes","position":{"x":580.4,"y":686.6},"isActive":true,"date":1702313960463,"kind":"Node","isSelected":false,"isConnectorSelected":false,"isDraggable":1,"isDeletable":1,"hasElementMoved":false,"eventLog":[{"time":1702313960463,"type":"create node","value":"0"},{"time":1702313961382,"type":"selected","value":"TRUE"},{"time":1702314014065,"type":"selected","value":"FALSE"},{"time":1702314014077,"type":"selected","value":"TRUE"},{"time":1702314056810,"type":"text","value":"Missverbrauch"},{"time":1702314056810,"type":"comment","value":"Roboter können für Persönliches genutzt werden"},{"time":1702314056810,"type":"selected","value":"FALSE"},{"time":1702314058451,"type":"selected","value":"TRUE"},{"time":1702314061118,"type":"value","value":"-2"},{"time":1702314061118,"type":"selected","value":"FALSE"}],"isTextChangeable":1},{"id":"e104b296-7826-433c-8889-d6d68586d49a","value":-3,"text":"Danger in war","comment":"","position":{"x":382.4,"y":161.6},"isActive":true,"date":1702314084652,"kind":"Node","isSelected":false,"isConnectorSelected":false,"isDraggable":1,"isDeletable":1,"hasElementMoved":false,"eventLog":[{"time":1702314084652,"type":"create node","value":"0"},{"time":1702314084664,"type":"selected","value":"TRUE"},{"time":1702314096687,"type":"text","value":"Gefahr beim Krieg"},{"time":1702314096687,"type":"value","value":"-3"},{"time":1702314096687,"type":"selected","value":"FALSE"}],"isTextChangeable":1},{"id":"460f09fe-6ce3-4953-9cb7-3d211cc16708","value":-2,"text":"morally wrong","comment":"Robots cannot replace humans","position":{"x":168.4,"y":280.6},"isActive":true,"date":1702314112394,"kind":"Node","isSelected":false,"isConnectorSelected":false,"isDraggable":1,"isDeletable":1,"hasElementMoved":false,"eventLog":[{"time":1702314112394,"type":"create node","value":"0"},{"time":1702314112407,"type":"selected","value":"TRUE"},{"time":1702314127616,"type":"text","value":"moralish falsch"},{"time":1702314127616,"type":"value","value":"-2"},{"time":1702314127616,"type":"selected","value":"FALSE"},{"time":1702314131827,"type":"selected","value":"TRUE"},{"time":1702314159412,"type":"comment","value":"Roboter können Menschen nicht ersetzen"},{"time":1702314159412,"type":"selected","value":"FALSE"}],"isTextChangeable":1}],"connectors":[{"id":"14e96887-1f82-4cca-973f-1e6f6f2a1e26","source":"467d8a11-c5fe-4dcb-a099-9dc97003e967","target":"2f1684af-ea2d-45f6-be03-0a8ac51f84d7","agreement":true,"isActive":true,"date":1702313271621,"kind":"Connector","isSelected":false,"intensity":3,"isDeletable":false,"isOver":false,"isBidirectional":false,"eventLog":[{"time":1702313271621,"type":"create connection"}]},{"id":"3056d0cd-4f03-4a7d-a0fb-8cb77f1b2a78","source":"467d8a11-c5fe-4dcb-a099-9dc97003e967","target":"cc7bbea6-f793-4df3-a417-eeae5208f5f1","agreement":true,"isActive":true,"date":1702313271621,"kind":"Connector","isSelected":false,"intensity":3,"isDeletable":true,"isOver":false,"isBidirectional":false,"eventLog":[{"time":1702313271621,"type":"create connection"}]},{"id":"9bf16da3-b8fe-490c-bcdf-d4874bc7c86f","source":"cc7bbea6-f793-4df3-a417-eeae5208f5f1","target":"c559a50a-9270-43c4-94b6-b362886fcb6d","agreement":true,"isActive":true,"date":1702313332197,"kind":"Connector","isSelected":false,"intensity":6,"isDeletable":true,"isOver":false,"isBidirectional":false,"eventLog":[{"time":1702313332197,"type":"create connection"},{"time":1702313339546,"type":"selected","value":1},{"time":1702313340078,"type":"change intensity of connector","value":3},{"time":1702313340078,"type":"selected","value":0},{"time":1702313343133,"type":"selected","value":1},{"time":1702313347772,"type":"change intensity of connector","value":6},{"time":1702313347772,"type":"selected","value":0},{"time":1702313351691,"type":"selected","value":1},{"time":1702313355134,"type":"change intensity of connector","value":6},{"time":1702313355134,"type":"selected","value":0}]},{"id":"3747ce29-fc62-4ae8-a0fd-ecf8cc37efcf","source":"cc7bbea6-f793-4df3-a417-eeae5208f5f1","target":"95596745-795f-45d6-bc18-6ed28ef7f965","agreement":true,"isActive":true,"date":1702313384587,"kind":"Connector","isSelected":false,"intensity":9,"isDeletable":true,"isOver":false,"isBidirectional":false,"eventLog":[{"time":1702313384587,"type":"create connection"},{"time":1702313385956,"type":"selected","value":1},{"time":1702313388995,"type":"change intensity of connector","value":9},{"time":1702313388995,"type":"selected","value":0},{"time":1702313391511,"type":"selected","value":1},{"time":1702313393455,"type":"change intensity of connector","value":9},{"time":1702313393455,"type":"selected","value":0}]},{"id":"6d4a4dd5-59e8-4683-8ee2-10cf523336f2","source":"cc7bbea6-f793-4df3-a417-eeae5208f5f1","target":"c116b606-e9ef-4cd1-8b04-9b50006f0e87","agreement":true,"isActive":true,"date":1702313523534,"kind":"Connector","isSelected":false,"intensity":6,"isDeletable":true,"isOver":false,"isBidirectional":false,"eventLog":[{"time":1702313523534,"type":"create connection"},{"time":1702313526178,"type":"selected","value":1},{"time":1702313532628,"type":"change intensity of connector","value":6},{"time":1702313532628,"type":"selected","value":0}]},{"id":"cc342fec-b1d0-48fe-a397-4fedc916fb04","source":"cc7bbea6-f793-4df3-a417-eeae5208f5f1","target":"46a97a66-b94a-4bdd-9624-d1acb53bf82d","agreement":true,"isActive":true,"date":1702313618291,"kind":"Connector","isSelected":false,"intensity":6,"isDeletable":true,"isOver":false,"isBidirectional":false,"eventLog":[{"time":1702313618291,"type":"create connection"},{"time":1702313620289,"type":"selected","value":1},{"time":1702313623502,"type":"change intensity of connector","value":6},{"time":1702313623502,"type":"selected","value":0},{"time":1702313627261,"type":"selected","value":1},{"time":1702313628540,"type":"change intensity of connector","value":6},{"time":1702313628540,"type":"selected","value":0},{"time":1702313674708,"type":"selected","value":1},{"time":1702313677473,"type":"change intensity of connector","value":6},{"time":1702313677473,"type":"selected","value":0},{"time":1702313770835,"type":"selected","value":1},{"time":1702313773476,"type":"change intensity of connector","value":6},{"time":1702313773476,"type":"selected","value":0}]},{"id":"5f963055-0f96-49cc-92e2-5a03c7d61253","source":"46a97a66-b94a-4bdd-9624-d1acb53bf82d","target":"95596745-795f-45d6-bc18-6ed28ef7f965","agreement":true,"isActive":true,"date":1702313701815,"kind":"Connector","isSelected":false,"intensity":3,"isDeletable":true,"isOver":false,"isBidirectional":false,"eventLog":[{"time":1702313701815,"type":"create connection"},{"time":1702313714566,"type":"selected","value":1},{"time":1702313717034,"type":"connector was deleted","value":-99},{"time":1702313717034,"type":"active","value":0}]},{"id":"7864deb7-12e0-46d3-87ff-8da3df9cf9ec","source":"cc7bbea6-f793-4df3-a417-eeae5208f5f1","target":"75fb05bb-aa19-4eea-a871-efbb2ada10a3","agreement":true,"isActive":true,"date":1702313934241,"kind":"Connector","isSelected":false,"intensity":3,"isDeletable":true,"isOver":false,"isBidirectional":false,"eventLog":[{"time":1702313934241,"type":"create connection"}]},{"id":"94d9422c-e71e-4aa4-b1ed-288b2ed507f9","source":"cc7bbea6-f793-4df3-a417-eeae5208f5f1","target":"3817265a-b06e-4a09-b724-40910c4bc99e","agreement":true,"isActive":true,"date":1702313937192,"kind":"Connector","isSelected":false,"intensity":6,"isDeletable":true,"isOver":false,"isBidirectional":false,"eventLog":[{"time":1702313937192,"type":"create connection"},{"time":1702313938393,"type":"selected","value":1},{"time":1702313941375,"type":"change intensity of connector","value":6},{"time":1702313941375,"type":"selected","value":0}]},{"id":"62692e50-49f7-4b15-a777-3d19e7cdcfa3","source":"2f1684af-ea2d-45f6-be03-0a8ac51f84d7","target":"d65d38ab-d62a-4030-af13-48ff858ca66e","agreement":true,"isActive":true,"date":1702314063079,"kind":"Connector","isSelected":false,"intensity":3,"isDeletable":true,"isOver":false,"isBidirectional":false,"eventLog":[{"time":1702314063079,"type":"create connection"}]},{"id":"f268bdd6-9026-4df9-a0ca-967be97c6026","source":"2f1684af-ea2d-45f6-be03-0a8ac51f84d7","target":"b119ccbb-2402-41e1-a056-56cad247ff39","agreement":true,"isActive":true,"date":1702314077456,"kind":"Connector","isSelected":false,"intensity":9,"isDeletable":true,"isOver":false,"isBidirectional":false,"eventLog":[{"time":1702314077456,"type":"create connection"},{"time":1702314079048,"type":"selected","value":1},{"time":1702314082076,"type":"change intensity of connector","value":9},{"time":1702314082076,"type":"selected","value":0}]},{"id":"b9607326-e175-4a32-85db-5c2df0c371c6","source":"e104b296-7826-433c-8889-d6d68586d49a","target":"2f1684af-ea2d-45f6-be03-0a8ac51f84d7","agreement":true,"isActive":true,"date":1702314099568,"kind":"Connector","isSelected":false,"intensity":6,"isDeletable":true,"isOver":false,"isBidirectional":false,"eventLog":[{"time":1702314099568,"type":"create connection"},{"time":1702314104842,"type":"selected","value":1},{"time":1702314109878,"type":"change intensity of connector","value":6},{"time":1702314109878,"type":"selected","value":0}]},{"id":"b033070d-1be8-4ac3-b0cb-3e7d3180b761","source":"e104b296-7826-433c-8889-d6d68586d49a","target":"75fb05bb-aa19-4eea-a871-efbb2ada10a3","agreement":true,"isActive":true,"date":1702314101769,"kind":"Connector","isSelected":false,"intensity":3,"isDeletable":true,"isOver":false,"isBidirectional":false,"eventLog":[{"time":1702314101769,"type":"create connection"}]},{"id":"af20d2b3-7fbd-4e82-8431-4447db1ea302","source":"460f09fe-6ce3-4953-9cb7-3d211cc16708","target":"2f1684af-ea2d-45f6-be03-0a8ac51f84d7","agreement":true,"isActive":true,"date":1702314130572,"kind":"Connector","isSelected":false,"intensity":3,"isDeletable":true,"isOver":false,"isBidirectional":false,"eventLog":[{"time":1702314130572,"type":"create connection"}]}],"currentID":{},"currentNode":{},"hasSelectedNode":[false],"currentConnector":{},"hasSelectedConnector":[false],"readyToMove":[false],"isIncoming":[false],"hasElementMoved":[false]}
