{"idCAM":["0b419dbc-a5af-43ce-abb5-c427ea0226f5"],"creator":["646219bb0b91a6f3327e39fb_pre"],"projectCAM":["S2_CAM part 1"],"defocusCAM":[186,33874.2,1760.5,2130.8,2855.8,1251.3],"date":[1702313029723],"nodes":[{"id":"541fd057-4884-49f4-a23a-95e7e1bdbc1e","value":0,"text":"rescue robot","comment":"","position":{"x":650,"y":400},"isActive":true,"date":1702313030613,"kind":"Node","isSelected":false,"isConnectorSelected":false,"isDraggable":0,"isDeletable":0,"hasElementMoved":false,"eventLog":[{"time":1702313030613,"type":"create node","value":0}],"isTextChangeable":0},{"id":"969d2f37-7aeb-403c-b215-213f8858bfc6","value":0,"text":"disadvantages","comment":"","position":{"x":450,"y":400},"isActive":true,"date":1702313030613,"kind":"Node","isSelected":false,"isConnectorSelected":false,"isDraggable":0,"isDeletable":0,"hasElementMoved":false,"eventLog":[{"time":"1702313030613","type":"create node","value":[0]},{"time":"2023-12-11T16:44:12.586Z","type":"position","value":{"x":[442],"y":[399]}}],"isTextChangeable":0},{"id":"180c4608-ac10-4cd2-825f-f4384e4d5a8a","value":0,"text":"advantages","comment":"","position":{"x":850,"y":400},"isActive":true,"date":1702313030613,"kind":"Node","isSelected":false,"isConnectorSelected":false,"isDraggable":0,"isDeletable":0,"hasElementMoved":false,"eventLog":[{"time":1702313030613,"type":"create node","value":0}],"isTextChangeable":0},{"id":"0af1a031-12cb-4ed6-b434-af43f27b238c","value":-3,"text":"discrimination","comment":"","position":{"x":284,"y":285},"isActive":true,"date":1702313039121,"kind":"Node","isSelected":false,"isConnectorSelected":false,"isDraggable":1,"isDeletable":1,"hasElementMoved":false,"eventLog":[{"time":"1702313039121","type":"create node","value":[0]},{"time":"2023-12-11T16:43:59.892Z","type":"position","value":{"x":[243],"y":[258]}},{"time":"1702313040732","type":"selected","value":[true]},{"time":"1702313049884","type":"text","value":["Diskriminierung"]},{"time":"1702313049884","type":"value","value":[-3]},{"time":"1702313049884","type":"selected","value":[false]},{"time":"2023-12-11T16:44:11.388Z","type":"position","value":{"x":[314],"y":[290]}}],"isTextChangeable":1},{"id":"bea9e4cc-7736-429b-bb0e-00b5338a1f05","value":10,"text":"autonomy","comment":"Autonomous working robots do provide a relief for the work of human professionals, but on the other hand, they can perform discriminatory searches without being supervised.","position":{"x":647,"y":246},"isActive":true,"date":1702313077248,"kind":"Node","isSelected":false,"isConnectorSelected":false,"isDraggable":1,"isDeletable":1,"hasElementMoved":false,"eventLog":[{"time":"1702313077248","type":"create node","value":[0]},{"time":"2023-12-11T16:44:38.143Z","type":"position","value":{"x":[302],"y":[480]}},{"time":"1702313079685","type":"selected","value":[true]},{"time":"1702313089264","type":"text","value":["Autonomie"]},{"time":"1702313089264","type":"selected","value":[false]},{"time":"2023-12-11T16:44:49.814Z","type":"position","value":{"x":[302],"y":[482]}},{"time":"2023-12-11T16:44:49.967Z","type":"position","value":{"x":[481],"y":[361]}},{"time":"2023-12-11T16:44:50.001Z","type":"position","value":{"x":[556],"y":[313]}},{"time":"2023-12-11T16:44:50.318Z","type":"position","value":{"x":[631],"y":[260]}},{"time":"1702313093250","type":"selected","value":[true]},{"time":"1702313095292","type":"value","value":[10]},{"time":"1702313095292","type":"selected","value":[false]},{"time":"2023-12-11T16:44:56.571Z","type":"position","value":{"x":[641],"y":[272]}},{"time":"2023-12-11T16:44:57.155Z","type":"position","value":{"x":[644],"y":[268]}},{"time":"2023-12-11T16:45:12.201Z","type":"position","value":{"x":[643],"y":[242]}},{"time":"1702313413641","type":"selected","value":[true]},{"time":"1702313464086","type":"comment","value":["Autonom arbeitende Roboter sorgen zwar für eine Erleichterung der Arbeit der menschlichen Fachkräfte, auf der anderen Seite können sie dadurch diskriminierende Suchen durchführen, ohne dabei überwacht zu werden."]},{"time":"1702313464086","type":"selected","value":[false]},{"time":"1702313465845","type":"selected","value":[true]},{"time":"1702313466725","type":"selected","value":[false]}],"isTextChangeable":1},{"id":"2d44a2ee-8a70-4f92-92cf-fce1626f808b","value":2,"text":"access to areas","comment":"Access to areas that are difficult or only reachable by considerable dangers for people","position":{"x":977,"y":184},"isActive":true,"date":1702313104188,"kind":"Node","isSelected":false,"isConnectorSelected":false,"isDraggable":1,"isDeletable":1,"hasElementMoved":false,"eventLog":[{"time":"1702313104188","type":"create node","value":[0]},{"time":"2023-12-11T16:45:04.713Z","type":"position","value":{"x":[969],"y":[296]}},{"time":"2023-12-11T16:45:06.000Z","type":"position","value":{"x":[1006],"y":[260]}},{"time":"1702313106771","type":"selected","value":[true]},{"time":"1702313111314","type":"selected","value":[false]},{"time":"1702313115261","type":"selected","value":[true]},{"time":"1702313150823","type":"text","value":["Zugang"]},{"time":"1702313150823","type":"value","value":[1]},{"time":"1702313150823","type":"comment","value":["Zugang zu für Menschen schwer oder nur durch erhebliche Gefahren zu erreichbare Gebiete"]},{"time":"1702313150823","type":"selected","value":[false]},{"time":"2023-12-11T16:45:52.181Z","type":"position","value":{"x":[1026],"y":[287]}},{"time":"2023-12-11T16:45:55.421Z","type":"position","value":{"x":[1004],"y":[236]}},{"time":"1702313156415","type":"selected","value":[true]},{"time":"1702313161202","type":"text","value":["Zugang zu Gebieten"]},{"time":"1702313161202","type":"value","value":[2]},{"time":"1702313161202","type":"selected","value":[false]},{"time":"1702313163023","type":"selected","value":[true]},{"time":"1702313164154","type":"selected","value":[false]},{"time":"1702313166216","type":"selected","value":[true]},{"time":"1702313166933","type":"selected","value":[false]},{"time":"2023-12-11T16:52:59.619Z","type":"position","value":{"x":[1021],"y":[245]}}],"isTextChangeable":1},{"id":"c0c18f44-d18e-4490-8647-451ceb27f856","value":2,"text":"mapping","comment":"Maps can be created over the searched area, which promote an overview.","position":{"x":1057,"y":272},"isActive":true,"date":1702313167521,"kind":"Node","isSelected":false,"isConnectorSelected":false,"isDraggable":1,"isDeletable":1,"hasElementMoved":false,"eventLog":[{"time":"1702313167521","type":"create node","value":[0]},{"time":"1702313167916","type":"selected","value":[true]},{"time":"1702313171051","type":"value","value":[2]},{"time":"1702313171051","type":"selected","value":[false]},{"time":"2023-12-11T16:46:11.371Z","type":"position","value":{"x":[1069],"y":[403]}},{"time":"1702313208153","type":"selected","value":[true]},{"time":"1702313227956","type":"text","value":["Kartierung"]},{"time":"1702313227956","type":"comment","value":["Über das abgesuchte Gebiet können Karten erstellt werden, die die Übersicht fördern"]},{"time":"1702313227956","type":"selected","value":[false]},{"time":"2023-12-11T16:53:00.770Z","type":"position","value":{"x":[1042],"y":[407]}}],"isTextChangeable":1},{"id":"32387489-b02b-4751-9819-217a4982d0ff","value":3,"text":"facilitated rescue","comment":"Through sensors or similar, rescue can be facilitated, for example by clearing away rubble, removing obstacles etc.","position":{"x":1075,"y":393},"isActive":true,"date":1702313237484,"kind":"Node","isSelected":false,"isConnectorSelected":false,"isDraggable":1,"isDeletable":1,"hasElementMoved":false,"eventLog":[{"time":"1702313237484","type":"create node","value":[0]},{"time":"1702313239622","type":"selected","value":[true]},{"time":"1702313293064","type":"text","value":["Erleichterte Rettung"]},{"time":"1702313293064","type":"value","value":[3]},{"time":"1702313293064","type":"comment","value":["Durch Sensoren o.ä. kann die Rettung erleichtert werden, bspw. durch Ausräumen von Schutt, Beseitigung von Hindernissen etc."]},{"time":"1702313293064","type":"selected","value":[false]},{"time":"2023-12-11T16:48:13.552Z","type":"position","value":{"x":[980],"y":[526]}},{"time":"2023-12-11T16:48:15.186Z","type":"position","value":{"x":[1002],"y":[556]}},{"time":"2023-12-11T16:53:02.057Z","type":"position","value":{"x":[1018],"y":[558]}},{"time":"2023-12-11T16:53:02.521Z","type":"position","value":{"x":[1070],"y":[408]}},{"time":"1702313748842","type":"selected","value":[true]},{"time":"1702313760026","type":"selected","value":[false]}],"isTextChangeable":1},{"id":"9fe02e27-1fd3-4192-9fe1-a611d1b5f46c","value":-1,"text":"potential further obstacle","comment":"An autonomous robot that can't properly handle an obstacle can potentially become another obstacle in case of doubt.","position":{"x":284,"y":392},"isActive":true,"date":1702313565685,"kind":"Node","isSelected":false,"isConnectorSelected":false,"isDraggable":1,"isDeletable":1,"hasElementMoved":false,"eventLog":[{"time":"1702313565685","type":"create node","value":[0]},{"time":"2023-12-11T16:53:43.102Z","type":"position","value":{"x":[267],"y":[456]}},{"time":"1702313624500","type":"selected","value":[true]},{"time":"1702313669424","type":"text","value":["Potentiell weiteres Hindernis"]},{"time":"1702313669424","type":"value","value":[-1]},{"time":"1702313669424","type":"comment","value":["Ein autonomer Roboter, der mit einem Hindernis nicht richtig umgehen kann, kann im Zweifelsfall ein weiteres, potentielles Hindernis darstellen"]},{"time":"1702313669424","type":"selected","value":[false]},{"time":"2023-12-11T16:54:33.197Z","type":"position","value":{"x":[295],"y":[427]}},{"time":"2023-12-11T16:56:45.555Z","type":"position","value":{"x":[278],"y":[409]}}],"isTextChangeable":1},{"id":"9be2d9c5-a180-48ad-8ddf-a9a16697bc3b","value":2,"text":"time commitment","comment":"Autonomous robots can complement human searches and work in parallel accordingly, leading to time savings","position":{"x":1057,"y":508},"isActive":true,"date":1702313586707,"kind":"Node","isSelected":false,"isConnectorSelected":false,"isDraggable":1,"isDeletable":1,"hasElementMoved":false,"eventLog":[{"time":"1702313586707","type":"create node","value":[0]},{"time":"1702313590084","type":"selected","value":[true]},{"time":"1702313619164","type":"text","value":["Zeiteinsatz"]},{"time":"1702313619164","type":"value","value":[2]},{"time":"1702313619164","type":"comment","value":["Autonome Roboter können menschliche Suchen ergänzen und dementsprechend parallel arbeiten, was zu Zeitersparnis führt"]},{"time":"1702313619164","type":"selected","value":[false]},{"time":"2023-12-11T16:53:40.922Z","type":"position","value":{"x":[999],"y":[527]}}],"isTextChangeable":1},{"id":"97d66857-f539-43c4-ab61-2aeed116f6a9","value":-1,"text":"specialization","comment":"There are no robots that are prepared for all eventualities, but mostly those that are specialized in just one type of disaster (e.g. earthquake vs. flood)","position":{"x":282,"y":506},"isActive":true,"date":1702313676279,"kind":"Node","isSelected":false,"isConnectorSelected":false,"isDraggable":1,"isDeletable":1,"hasElementMoved":false,"eventLog":[{"time":"1702313676279","type":"create node","value":[0]},{"time":"1702313677710","type":"selected","value":[true]},{"time":"1702313722444","type":"text","value":["Spezialisierung"]},{"time":"1702313722444","type":"value","value":[-1]},{"time":"1702313722444","type":"comment","value":["Es gibt keine Roboter, die auf alle Eventualitäten vorbereitet sind, sondern zumeist solche, die auf lediglich eine Art von Katastrophe spezialisiert sind (bspw. Erdbeben vs. Überschwemmung)"]},{"time":"1702313722444","type":"selected","value":[false]},{"time":"2023-12-11T16:55:27.778Z","type":"position","value":{"x":[312],"y":[532]}},{"time":"2023-12-11T16:56:44.202Z","type":"position","value":{"x":[314],"y":[525]}},{"time":"2023-12-11T16:56:48.111Z","type":"position","value":{"x":[281],"y":[511]}}],"isTextChangeable":1},{"id":"a42093ac-2e9e-4c70-8cea-2730f691bdda","value":1,"text":"information generation","comment":"Emergency services can make their own operations more effective through the data collected by the robot.","position":{"x":896,"y":558},"isActive":true,"date":1702313763618,"kind":"Node","isSelected":false,"isConnectorSelected":false,"isDraggable":1,"isDeletable":1,"hasElementMoved":false,"eventLog":[{"time":1702313763618,"type":"create node","value":"0"},{"time":1702313764958,"type":"selected","value":"TRUE"},{"time":1702313790074,"type":"text","value":"Informationsgenerierung"},{"time":1702313790074,"type":"value","value":"1"},{"time":1702313790074,"type":"comment","value":"Einsatzkräfte können durch die vom Roboter gesammelten Daten ihre eigenen Einsätze effektiver gestalten"},{"time":1702313790074,"type":"selected","value":"FALSE"}],"isTextChangeable":1},{"id":"79c4962e-1d79-4c55-b4bd-82c5e1ee9c46","value":-2,"text":"sensor strength","comment":"Sensors that are incorrectly adjusted may potentially lead to an area being marked as free of victims, even though there are still surviving people there.","position":{"x":411,"y":600},"isActive":true,"date":1702313810005,"kind":"Node","isSelected":false,"isConnectorSelected":false,"isDraggable":1,"isDeletable":1,"hasElementMoved":false,"eventLog":[{"time":1702313810005,"type":"create node","value":"0"},{"time":1702313810918,"type":"selected","value":"TRUE"},{"time":1702313849908,"type":"text","value":"Sensorstärke"},{"time":1702313849908,"type":"value","value":"-2"},{"time":1702313849908,"type":"comment","value":"Sensoren, die falsch eingestellt sind, können ggf. dazu führen, das ein Gebiet als frei von Opfern markiert wird, obwohl sich dort noch überlebende Menschen befinden."},{"time":1702313849908,"type":"selected","value":"FALSE"}],"isTextChangeable":1}],"connectors":[{"id":"af25aa5e-a059-4fda-9342-aa62e27f2558","source":"541fd057-4884-49f4-a23a-95e7e1bdbc1e","target":"969d2f37-7aeb-403c-b215-213f8858bfc6","agreement":true,"isActive":true,"date":1702313030613,"kind":"Connector","isSelected":false,"intensity":3,"isDeletable":false,"isOver":false,"isBidirectional":false,"eventLog":[{"time":1702313030613,"type":"create connection"}]},{"id":"2e4e9fbb-d6c2-4753-9ed2-87e8544f5009","source":"541fd057-4884-49f4-a23a-95e7e1bdbc1e","target":"180c4608-ac10-4cd2-825f-f4384e4d5a8a","agreement":true,"isActive":true,"date":1702313030613,"kind":"Connector","isSelected":false,"intensity":3,"isDeletable":true,"isOver":false,"isBidirectional":false,"eventLog":[{"time":1702313030613,"type":"create connection"}]},{"id":"1e15bf63-34e8-4f0e-b0b2-15ef77db3974","source":"0af1a031-12cb-4ed6-b434-af43f27b238c","target":"969d2f37-7aeb-403c-b215-213f8858bfc6","agreement":true,"isActive":true,"date":1702313055459,"kind":"Connector","isSelected":false,"intensity":3,"isDeletable":true,"isOver":false,"isBidirectional":false,"eventLog":[{"time":1702313055459,"type":"create connection"},{"time":1702313058623,"type":"selected","value":1},{"time":1702313067649,"type":"connector was deleted","value":-99},{"time":1702313067649,"type":"active","value":0}]},{"id":"7051d70b-40dc-4f4c-a875-f2fb341f34fe","source":"969d2f37-7aeb-403c-b215-213f8858bfc6","target":"bea9e4cc-7736-429b-bb0e-00b5338a1f05","agreement":true,"isActive":true,"date":1702313099681,"kind":"Connector","isSelected":false,"intensity":3,"isDeletable":true,"isOver":false,"isBidirectional":false,"eventLog":[{"time":1702313099681,"type":"create connection"}]},{"id":"a7c14773-d142-4d4b-9db8-c6e2e2001663","source":"180c4608-ac10-4cd2-825f-f4384e4d5a8a","target":"bea9e4cc-7736-429b-bb0e-00b5338a1f05","agreement":true,"isActive":true,"date":1702313102319,"kind":"Connector","isSelected":false,"intensity":3,"isDeletable":true,"isOver":false,"isBidirectional":false,"eventLog":[{"time":1702313102319,"type":"create connection"}]},{"id":"5d169dd3-3f38-4621-8be1-bc3126e45304","source":"180c4608-ac10-4cd2-825f-f4384e4d5a8a","target":"2d44a2ee-8a70-4f92-92cf-fce1626f808b","agreement":true,"isActive":true,"date":1702313154499,"kind":"Connector","isSelected":false,"intensity":3,"isDeletable":true,"isOver":false,"isBidirectional":false,"eventLog":[{"time":1702313154499,"type":"create connection"}]},{"id":"545cc040-3712-42ff-9854-700290e6114d","source":"2d44a2ee-8a70-4f92-92cf-fce1626f808b","target":"969d2f37-7aeb-403c-b215-213f8858bfc6","agreement":true,"isActive":false,"date":1702313181337,"kind":"Connector","isSelected":false,"intensity":3,"isDeletable":true,"isOver":false,"isBidirectional":false,"eventLog":[{"time":1702313181337,"type":"create connection"},{"time":1702313190413,"type":"selected","value":1},{"time":1702313190820,"type":"change intensity of connector","value":3},{"time":1702313190820,"type":"selected","value":0},{"time":1702313192318,"type":"selected","value":1},{"time":1702313192725,"type":"change intensity of connector","value":3},{"time":1702313192725,"type":"selected","value":0},{"time":1702313194060,"type":"selected","value":1},{"time":1702313195110,"type":"connector was deleted","value":-99},{"time":1702313195110,"type":"active","value":0}]},{"id":"fe316d48-e388-4d43-b967-adeefc9b65ad","source":"2d44a2ee-8a70-4f92-92cf-fce1626f808b","target":"c0c18f44-d18e-4490-8647-451ceb27f856","agreement":true,"isActive":false,"date":1702313197779,"kind":"Connector","isSelected":false,"intensity":3,"isDeletable":true,"isOver":false,"isBidirectional":false,"eventLog":[{"time":1702313197779,"type":"create connection"},{"time":1702313199986,"type":"selected","value":1},{"time":1702313200975,"type":"connector was deleted","value":-99},{"time":1702313200975,"type":"active","value":0}]},{"id":"b397718f-ead5-4181-aadf-35da80dfce86","source":"180c4608-ac10-4cd2-825f-f4384e4d5a8a","target":"c0c18f44-d18e-4490-8647-451ceb27f856","agreement":true,"isActive":true,"date":1702313229589,"kind":"Connector","isSelected":false,"intensity":3,"isDeletable":true,"isOver":false,"isBidirectional":false,"eventLog":[{"time":1702313229589,"type":"create connection"}]},{"id":"70291554-d5c3-4f96-9add-083e71af4007","source":"32387489-b02b-4751-9819-217a4982d0ff","target":"180c4608-ac10-4cd2-825f-f4384e4d5a8a","agreement":true,"isActive":true,"date":1702313296381,"kind":"Connector","isSelected":false,"intensity":3,"isDeletable":true,"isOver":false,"isBidirectional":false,"eventLog":[{"time":1702313296381,"type":"create connection"}]},{"id":"17136d6e-007a-4427-b379-ebf6825f30e9","source":"180c4608-ac10-4cd2-825f-f4384e4d5a8a","target":"9be2d9c5-a180-48ad-8ddf-a9a16697bc3b","agreement":true,"isActive":true,"date":1702313620231,"kind":"Connector","isSelected":false,"intensity":3,"isDeletable":true,"isOver":false,"isBidirectional":false,"eventLog":[{"time":1702313620231,"type":"create connection"}]},{"id":"36420d7a-b2d1-49c3-9ba8-34dda38bc649","source":"9fe02e27-1fd3-4192-9fe1-a611d1b5f46c","target":"969d2f37-7aeb-403c-b215-213f8858bfc6","agreement":true,"isActive":true,"date":1702313670330,"kind":"Connector","isSelected":false,"intensity":3,"isDeletable":true,"isOver":false,"isBidirectional":false,"eventLog":[{"time":1702313670330,"type":"create connection"}]},{"id":"307d83a5-2da9-4a3a-b4f6-b4592f727428","source":"969d2f37-7aeb-403c-b215-213f8858bfc6","target":"97d66857-f539-43c4-ab61-2aeed116f6a9","agreement":true,"isActive":true,"date":1702313727302,"kind":"Connector","isSelected":false,"intensity":3,"isDeletable":true,"isOver":false,"isBidirectional":false,"eventLog":[{"time":1702313727302,"type":"create connection"}]},{"id":"0f51e786-7d70-4770-9259-05d2d2ac0acf","source":"541fd057-4884-49f4-a23a-95e7e1bdbc1e","target":"32387489-b02b-4751-9819-217a4982d0ff","agreement":true,"isActive":true,"date":1702313748649,"kind":"Connector","isSelected":false,"intensity":3,"isDeletable":true,"isOver":false,"isBidirectional":false,"eventLog":[{"time":1702313748649,"type":"create connection"}]},{"id":"39f87ee7-f707-4bf0-9aa5-5bf2d1ea88e2","source":"a42093ac-2e9e-4c70-8cea-2730f691bdda","target":"180c4608-ac10-4cd2-825f-f4384e4d5a8a","agreement":true,"isActive":true,"date":1702313791280,"kind":"Connector","isSelected":false,"intensity":3,"isDeletable":true,"isOver":false,"isBidirectional":false,"eventLog":[{"time":1702313791280,"type":"create connection"}]},{"id":"00a96da5-2f69-47b5-bd4a-a410b4e0199b","source":"79c4962e-1d79-4c55-b4bd-82c5e1ee9c46","target":"969d2f37-7aeb-403c-b215-213f8858bfc6","agreement":true,"isActive":true,"date":1702313851052,"kind":"Connector","isSelected":false,"intensity":3,"isDeletable":true,"isOver":false,"isBidirectional":false,"eventLog":[{"time":1702313851052,"type":"create connection"}]}],"currentID":{},"currentNode":{},"hasSelectedNode":[false],"currentConnector":{},"hasSelectedConnector":[false],"readyToMove":[false],"isIncoming":[false],"hasElementMoved":[false]}
