{"idCAM":["9535d531-07fe-42f4-98a2-26ed3d062421"],"creator":["646b607e88557c2ff4f0de85_pre"],"projectCAM":["S2_CAM part 1"],"defocusCAM":[null],"date":[1702312385728],"nodes":[{"id":"a53a6e86-ff82-40f7-8ef8-16505e4d11b3","value":0,"text":"rescue robot","comment":"","position":{"x":650,"y":400},"isActive":true,"date":1702312386602,"kind":"Node","isSelected":false,"isConnectorSelected":false,"isDraggable":0,"isDeletable":0,"hasElementMoved":false,"eventLog":[{"time":1702312386602,"type":"create node","value":0}],"isTextChangeable":0},{"id":"2f5b9d56-9de8-4427-b3a8-a80c1385364b","value":-3,"text":"disadvantages","comment":"","position":{"x":450,"y":400},"isActive":true,"date":1702312386602,"kind":"Node","isSelected":false,"isConnectorSelected":false,"isDraggable":0,"isDeletable":0,"hasElementMoved":false,"eventLog":[{"time":1702312386602,"type":"create node","value":0},{"time":1702312431276,"type":"selected","value":1},{"time":1702312435260,"type":"value","value":-3},{"time":1702312435260,"type":"selected","value":0}],"isTextChangeable":0},{"id":"a433869d-e3c2-48f3-9f97-475d8e5ea0cb","value":3,"text":"advantages","comment":"","position":{"x":850,"y":400},"isActive":true,"date":1702312386603,"kind":"Node","isSelected":false,"isConnectorSelected":false,"isDraggable":0,"isDeletable":0,"hasElementMoved":false,"eventLog":[{"time":1702312386603,"type":"create node","value":0},{"time":1702312421647,"type":"selected","value":1},{"time":1702312429572,"type":"value","value":3},{"time":1702312429572,"type":"selected","value":0}],"isTextChangeable":0},{"id":"01c50d36-4b6d-4aaf-9037-3fc21f7012ec","value":3,"text":"efficiency","comment":"Robots are not limited to human speed, vision and perception in general.","position":{"x":870,"y":255.3333},"isActive":true,"date":1702312453532,"kind":"Node","isSelected":false,"isConnectorSelected":false,"isDraggable":1,"isDeletable":1,"hasElementMoved":false,"eventLog":[{"time":"1702312453532","type":"create node","value":[0]},{"time":"1702312454595","type":"selected","value":[true]},{"time":"1702312565355","type":"text","value":["Effizienz"]},{"time":"1702312565355","type":"value","value":[3]},{"time":"1702312565355","type":"comment","value":["Roboter sind nich auf die menschliche Geschwindigkeit, Sicht und Wahrnehmung im Allgmein beschränckt"]},{"time":"1702312565355","type":"selected","value":[false]},{"time":"2023-12-11T16:36:06.161Z","type":"position","value":{"x":[856],"y":[286.3333]}},{"time":"2023-12-11T16:37:39.094Z","type":"position","value":{"x":[900],"y":[299.3333]}}],"isTextChangeable":1},{"id":"10833726-ad27-41ba-ab52-f3dd3d4318dd","value":3,"text":"task-oriented","comment":"Stress is not an issue. It does what it was programmed for.","position":{"x":999,"y":408.3333},"isActive":true,"date":1702312575523,"kind":"Node","isSelected":false,"isConnectorSelected":false,"isDraggable":1,"isDeletable":1,"hasElementMoved":false,"eventLog":[{"time":"1702312575523","type":"create node","value":[0]},{"time":"2023-12-11T16:36:16.361Z","type":"position","value":{"x":[980],"y":[182.3333]}},{"time":"2023-12-11T16:36:16.643Z","type":"position","value":{"x":[1019],"y":[340.3333]}},{"time":"1702312577819","type":"selected","value":[true]},{"time":"1702312652645","type":"text","value":["Task-orientiert"]},{"time":"1702312652645","type":"value","value":[3]},{"time":"1702312652645","type":"comment","value":["Stress ist kein Thema. tut das, wofür es programmiert wurde"]},{"time":"1702312652645","type":"selected","value":[false]},{"time":"2023-12-11T16:37:33.260Z","type":"position","value":{"x":[1001],"y":[392.3333]}}],"isTextChangeable":1},{"id":"40778cd2-1791-4e0f-a2dc-8d0cf5dc0328","value":3,"text":"saves lives","comment":"send a robot into a danger zone, instead of a person","position":{"x":874,"y":558.3333},"isActive":true,"date":1702312669044,"kind":"Node","isSelected":false,"isConnectorSelected":false,"isDraggable":1,"isDeletable":1,"hasElementMoved":false,"eventLog":[{"time":"1702312669044","type":"create node","value":[0]},{"time":"1702312669090","type":"selected","value":[true]},{"time":"1702312735901","type":"text","value":["Rettet Leben"]},{"time":"1702312735901","type":"value","value":[3]},{"time":"1702312735901","type":"comment","value":["anstatt einen Mensch, einen Roboter, in eine Gefahrzone schicken"]},{"time":"1702312735901","type":"selected","value":[false]},{"time":"2023-12-11T16:38:56.877Z","type":"position","value":{"x":[746],"y":[218.3333]}},{"time":"2023-12-11T16:38:57.060Z","type":"position","value":{"x":[900],"y":[223.3333]}},{"time":"2023-12-11T16:38:57.211Z","type":"position","value":{"x":[997],"y":[385.3333]}},{"time":"2023-12-11T16:38:57.344Z","type":"position","value":{"x":[1010],"y":[538.3333]}},{"time":"2023-12-11T16:39:12.643Z","type":"position","value":{"x":[874],"y":[554.3333]}}],"isTextChangeable":1},{"id":"d911e223-baa3-4db7-bcdf-461c4f5b62c4","value":3,"text":"resilient","comment":"","position":{"x":1024,"y":528.3333},"isActive":true,"date":1702312739203,"kind":"Node","isSelected":false,"isConnectorSelected":false,"isDraggable":1,"isDeletable":1,"hasElementMoved":false,"eventLog":[{"time":"1702312739203","type":"create node","value":[0]},{"time":"2023-12-11T16:39:00.327Z","type":"position","value":{"x":[844],"y":[443.3333]}},{"time":"2023-12-11T16:39:00.610Z","type":"position","value":{"x":[690],"y":[288.3333]}},{"time":"1702312756243","type":"selected","value":[true]},{"time":"1702312813981","type":"text","value":["Wiederstandsfähig"]},{"time":"1702312813981","type":"value","value":[3]},{"time":"1702312813981","type":"selected","value":[false]},{"time":"2023-12-11T16:40:15.060Z","type":"position","value":{"x":[660],"y":[254.3333]}},{"time":"2023-12-11T16:40:15.161Z","type":"position","value":{"x":[861],"y":[214.3333]}},{"time":"2023-12-11T16:40:15.195Z","type":"position","value":{"x":[1013],"y":[193.3333]}},{"time":"2023-12-11T16:40:15.294Z","type":"position","value":{"x":[1174],"y":[192.3333]}},{"time":"2023-12-11T16:40:15.477Z","type":"position","value":{"x":[1205],"y":[424.3333]}},{"time":"2023-12-11T16:40:15.844Z","type":"position","value":{"x":[1011],"y":[548.3333]}}],"isTextChangeable":1},{"id":"7bd05308-dfdd-4772-b9ab-a9225bd8de37","value":2,"text":"better navigation","comment":"","position":{"x":1096,"y":222.3333},"isActive":true,"date":1702312844739,"kind":"Node","isSelected":false,"isConnectorSelected":false,"isDraggable":1,"isDeletable":1,"hasElementMoved":false,"eventLog":[{"time":"1702312844739","type":"create node","value":[0]},{"time":"1702312846155","type":"selected","value":[true]},{"time":"1702312864325","type":"text","value":["bessere Navigation"]},{"time":"1702312864325","type":"value","value":[2]},{"time":"1702312864325","type":"selected","value":[false]},{"time":"2023-12-11T16:41:05.877Z","type":"position","value":{"x":[700],"y":[155.3333]}},{"time":"2023-12-11T16:41:05.978Z","type":"position","value":{"x":[856],"y":[180.3333]}},{"time":"2023-12-11T16:41:06.094Z","type":"position","value":{"x":[1007],"y":[194.3333]}}],"isTextChangeable":1},{"id":"58c65762-d133-423e-ab2d-fa1a6b649a6c","value":2,"text":"always available","comment":"","position":{"x":1156,"y":315.3333},"isActive":true,"date":1702312870460,"kind":"Node","isSelected":false,"isConnectorSelected":false,"isDraggable":1,"isDeletable":1,"hasElementMoved":false,"eventLog":[{"time":1702312870460,"type":"create node","value":"0"},{"time":1702312894425,"type":"selected","value":"TRUE"},{"time":1702312900973,"type":"text","value":"Immer verfüghbar"},{"time":1702312900973,"type":"value","value":"2"},{"time":1702312900973,"type":"selected","value":"FALSE"}],"isTextChangeable":1},{"id":"ce3ee1b4-5e78-46f5-9a64-101751ae91dd","value":10,"text":"frugal","comment":"","position":{"x":648,"y":256.3333},"isActive":true,"date":1702312934284,"kind":"Node","isSelected":false,"isConnectorSelected":false,"isDraggable":1,"isDeletable":1,"hasElementMoved":false,"eventLog":[{"time":"1702312934284","type":"create node","value":[0]},{"time":"1702312935227","type":"selected","value":[true]},{"time":"1702312935630","type":"selected","value":[false]},{"time":"1702312936506","type":"selected","value":[true]},{"time":"1702312945049","type":"text","value":["Sparsam"]},{"time":"1702312945049","type":"value","value":[10]},{"time":"1702312945049","type":"selected","value":[false]},{"time":"2023-12-11T16:42:25.750Z","type":"position","value":{"x":[681],"y":[264.3333]}},{"time":"2023-12-11T16:42:27.636Z","type":"position","value":{"x":[634],"y":[256.3333]}}],"isTextChangeable":1},{"id":"94a954cb-7b9c-40a5-8bbf-73cb9a82898d","value":-2,"text":"malfunction","comment":"can have a malfunction","position":{"x":454,"y":224.3333},"isActive":true,"date":1702312985507,"kind":"Node","isSelected":false,"isConnectorSelected":false,"isDraggable":1,"isDeletable":1,"hasElementMoved":false,"eventLog":[{"time":1702312985507,"type":"create node","value":"0"},{"time":1702312985587,"type":"selected","value":"TRUE"},{"time":1702313002141,"type":"text","value":"Fehlfunktion"},{"time":1702313002141,"type":"value","value":"-2"},{"time":1702313002141,"type":"comment","value":"kann eine Fehlfunktion haben"},{"time":1702313002141,"type":"selected","value":"FALSE"}],"isTextChangeable":1},{"id":"948042ca-48f7-45a8-9da6-79296fe3652d","value":2,"text":"AI instead of humans","comment":"Some risky activities should be better taken over by technology. For some it might be ambivalent, but not for me.","position":{"x":758,"y":146.3333},"isActive":true,"date":1702313039667,"kind":"Node","isSelected":false,"isConnectorSelected":false,"isDraggable":1,"isDeletable":1,"hasElementMoved":false,"eventLog":[{"time":"1702313039667","type":"create node","value":[0]},{"time":"1702313039737","type":"selected","value":[true]},{"time":"1702313106279","type":"text","value":["AI statt Menschen"]},{"time":"1702313106279","type":"value","value":[2]},{"time":"1702313106279","type":"comment","value":["einige riskante Tätigkeiten sollten besser von der Technik übernommen eerden. Für manche est wäre Ambivalent aber nicht für mich"]},{"time":"1702313106279","type":"selected","value":[false]},{"time":"2023-12-11T16:45:16.036Z","type":"position","value":{"x":[843],"y":[140.3333]}}],"isTextChangeable":1},{"id":"6a73c750-3181-467e-af00-e79016459898","value":10,"text":"humanity is missing","comment":"AI and no human. What does it look like from the perspective of people being rescued?","position":{"x":332,"y":187.3333},"isActive":true,"date":1702313127595,"kind":"Node","isSelected":false,"isConnectorSelected":false,"isDraggable":1,"isDeletable":1,"hasElementMoved":false,"eventLog":[{"time":1702313127595,"type":"create node","value":"0"},{"time":1702313128572,"type":"selected","value":"TRUE"},{"time":1702313128987,"type":"selected","value":"FALSE"},{"time":1702313129907,"type":"selected","value":"TRUE"},{"time":1702313185600,"type":"text","value":"Menschligkeit fehlt"},{"time":1702313185600,"type":"value","value":"10"},{"time":1702313185600,"type":"comment","value":"AI und kein Mensch. wie sieht es aus der Perspektive von Leute die gerettet werden"},{"time":1702313185600,"type":"selected","value":"FALSE"}],"isTextChangeable":1},{"id":"21a82a20-dc1e-42aa-bcfb-580e8337519f","value":-1,"text":"control","comment":"Who controls the robots? Can we trust them?","position":{"x":255,"y":338.3333},"isActive":true,"date":1702313205483,"kind":"Node","isSelected":false,"isConnectorSelected":false,"isDraggable":1,"isDeletable":1,"hasElementMoved":false,"eventLog":[{"time":1702313205483,"type":"create node","value":"0"},{"time":1702313218850,"type":"selected","value":"TRUE"},{"time":1702313236343,"type":"text","value":"Kontrolle "},{"time":1702313236343,"type":"value","value":"-1"},{"time":1702313236343,"type":"comment","value":"Wer kontrolliert die Roboter? Können wir sie vertrauen?"},{"time":1702313236343,"type":"selected","value":"FALSE"}],"isTextChangeable":1},{"id":"3c071595-3689-4188-b44a-0acfa5a87959","value":10,"text":"eco-friendly","comment":"Which materials are used in the production?","position":{"x":592,"y":518.3333},"isActive":true,"date":1702313258315,"kind":"Node","isSelected":false,"isConnectorSelected":false,"isDraggable":1,"isDeletable":1,"hasElementMoved":false,"eventLog":[{"time":1702313258315,"type":"create node","value":"0"},{"time":1702313259155,"type":"selected","value":"TRUE"},{"time":1702313303447,"type":"text","value":"eco-friendly?"},{"time":1702313303447,"type":"value","value":"10"},{"time":1702313303447,"type":"comment","value":"welche Materialiem bei der Produktion verwendet werdeen?\n"},{"time":1702313303447,"type":"selected","value":"FALSE"}],"isTextChangeable":1}],"connectors":[{"id":"49047338-c6d9-4593-8dc0-d34a4d436062","source":"a53a6e86-ff82-40f7-8ef8-16505e4d11b3","target":"2f5b9d56-9de8-4427-b3a8-a80c1385364b","agreement":false,"isActive":true,"date":1702312386603,"kind":"Connector","isSelected":false,"intensity":6,"isDeletable":false,"isOver":false,"isBidirectional":false,"eventLog":[{"time":1702312386603,"type":"create connection"},{"time":1702312442769,"type":"selected","value":1},{"time":1702312445676,"type":"change intensity of connector","value":-6},{"time":1702312445676,"type":"selected","value":0}]},{"id":"161debaa-e645-425a-aa50-00663ae3a1ce","source":"a53a6e86-ff82-40f7-8ef8-16505e4d11b3","target":"a433869d-e3c2-48f3-9f97-475d8e5ea0cb","agreement":true,"isActive":true,"date":1702312386603,"kind":"Connector","isSelected":false,"intensity":9,"isDeletable":true,"isOver":false,"isBidirectional":false,"eventLog":[{"time":1702312386603,"type":"create connection"},{"time":1702312436562,"type":"selected","value":1},{"time":1702312441341,"type":"change intensity of connector","value":6},{"time":1702312441341,"type":"selected","value":0},{"time":1702312445761,"type":"selected","value":1},{"time":1702312447955,"type":"change intensity of connector","value":9},{"time":1702312447955,"type":"selected","value":0}]},{"id":"cb38c7e9-d1fa-430f-a9a5-08c8bd6847fd","source":"01c50d36-4b6d-4aaf-9037-3fc21f7012ec","target":"a433869d-e3c2-48f3-9f97-475d8e5ea0cb","agreement":true,"isActive":true,"date":1702312567508,"kind":"Connector","isSelected":false,"intensity":9,"isDeletable":true,"isOver":false,"isBidirectional":false,"eventLog":[{"time":1702312567508,"type":"create connection"},{"time":1702312570355,"type":"selected","value":1},{"time":1702312572302,"type":"change intensity of connector","value":9},{"time":1702312572302,"type":"selected","value":0}]},{"id":"c747ff7f-9b23-4323-b60a-c0790911d575","source":"10833726-ad27-41ba-ab52-f3dd3d4318dd","target":"a433869d-e3c2-48f3-9f97-475d8e5ea0cb","agreement":true,"isActive":true,"date":1702312654292,"kind":"Connector","isSelected":false,"intensity":9,"isDeletable":true,"isOver":false,"isBidirectional":false,"eventLog":[{"time":1702312654292,"type":"create connection"},{"time":1702312656298,"type":"selected","value":1},{"time":1702312657809,"type":"change intensity of connector","value":9},{"time":1702312657809,"type":"selected","value":0}]},{"id":"1549c549-b497-4f39-8ced-42edaa0d88d4","source":"01c50d36-4b6d-4aaf-9037-3fc21f7012ec","target":"10833726-ad27-41ba-ab52-f3dd3d4318dd","agreement":true,"isActive":true,"date":1702312660307,"kind":"Connector","isSelected":false,"intensity":9,"isDeletable":true,"isOver":false,"isBidirectional":false,"eventLog":[{"time":1702312660307,"type":"create connection"},{"time":1702312661521,"type":"selected","value":1},{"time":1702312663478,"type":"change intensity of connector","value":9},{"time":1702312663478,"type":"selected","value":0}]},{"id":"cd08c399-bac0-4e6a-aa93-fefc887bdab7","source":"a433869d-e3c2-48f3-9f97-475d8e5ea0cb","target":"40778cd2-1791-4e0f-a2dc-8d0cf5dc0328","agreement":true,"isActive":true,"date":1702312741651,"kind":"Connector","isSelected":false,"intensity":9,"isDeletable":true,"isOver":false,"isBidirectional":false,"eventLog":[{"time":1702312741651,"type":"create connection"},{"time":1702312744240,"type":"selected","value":1},{"time":1702312746741,"type":"change intensity of connector","value":9},{"time":1702312746741,"type":"selected","value":0}]},{"id":"de92d240-9df5-4be4-8b4d-4252dc2c6f51","source":"d911e223-baa3-4db7-bcdf-461c4f5b62c4","target":"a433869d-e3c2-48f3-9f97-475d8e5ea0cb","agreement":true,"isActive":true,"date":1702312821084,"kind":"Connector","isSelected":false,"intensity":6,"isDeletable":true,"isOver":false,"isBidirectional":false,"eventLog":[{"time":1702312821084,"type":"create connection"},{"time":1702312823162,"type":"selected","value":1},{"time":1702312825437,"type":"change intensity of connector","value":6},{"time":1702312825437,"type":"selected","value":0}]},{"id":"482cc124-6d62-49ab-8812-6475402453c2","source":"d911e223-baa3-4db7-bcdf-461c4f5b62c4","target":"40778cd2-1791-4e0f-a2dc-8d0cf5dc0328","agreement":true,"isActive":true,"date":1702312826396,"kind":"Connector","isSelected":false,"intensity":3,"isDeletable":true,"isOver":false,"isBidirectional":false,"eventLog":[{"time":1702312826396,"type":"create connection"}]},{"id":"1257bb68-fd30-4352-aa99-0d05ba903c5d","source":"7bd05308-dfdd-4772-b9ab-a9225bd8de37","target":"01c50d36-4b6d-4aaf-9037-3fc21f7012ec","agreement":true,"isActive":true,"date":1702312867956,"kind":"Connector","isSelected":false,"intensity":6,"isDeletable":true,"isOver":false,"isBidirectional":false,"eventLog":[{"time":1702312867956,"type":"create connection"},{"time":1702312872122,"type":"selected","value":1},{"time":1702312874349,"type":"change intensity of connector","value":6},{"time":1702312874349,"type":"selected","value":0}]},{"id":"2210f4b0-6021-4957-baff-423c8de2d0ea","source":"7bd05308-dfdd-4772-b9ab-a9225bd8de37","target":"a433869d-e3c2-48f3-9f97-475d8e5ea0cb","agreement":true,"isActive":true,"date":1702312869500,"kind":"Connector","isSelected":false,"intensity":6,"isDeletable":true,"isOver":false,"isBidirectional":false,"eventLog":[{"time":1702312869500,"type":"create connection"},{"time":1702312875921,"type":"selected","value":1},{"time":1702312878012,"type":"change intensity of connector","value":6},{"time":1702312878012,"type":"selected","value":0}]},{"id":"b8f034d7-5108-46c7-b8ef-366e724e8fc2","source":"a433869d-e3c2-48f3-9f97-475d8e5ea0cb","target":"58c65762-d133-423e-ab2d-fa1a6b649a6c","agreement":true,"isActive":true,"date":1702312903020,"kind":"Connector","isSelected":false,"intensity":6,"isDeletable":true,"isOver":false,"isBidirectional":false,"eventLog":[{"time":1702312903020,"type":"create connection"},{"time":1702312910594,"type":"selected","value":1},{"time":1702312912878,"type":"change intensity of connector","value":6},{"time":1702312912878,"type":"selected","value":0}]},{"id":"ae31adc8-7f62-43f2-a68d-aa4054aeadf2","source":"01c50d36-4b6d-4aaf-9037-3fc21f7012ec","target":"58c65762-d133-423e-ab2d-fa1a6b649a6c","agreement":true,"isActive":true,"date":1702312906704,"kind":"Connector","isSelected":false,"intensity":6,"isDeletable":true,"isOver":false,"isBidirectional":false,"eventLog":[{"time":1702312906704,"type":"create connection"},{"time":1702312908785,"type":"selected","value":1},{"time":1702312910486,"type":"change intensity of connector","value":6},{"time":1702312910486,"type":"selected","value":0}]},{"id":"b67149fb-21e3-4c76-9ac9-b509ab0fa64d","source":"ce3ee1b4-5e78-46f5-9a64-101751ae91dd","target":"a53a6e86-ff82-40f7-8ef8-16505e4d11b3","agreement":true,"isActive":true,"date":1702312946851,"kind":"Connector","isSelected":false,"intensity":3,"isDeletable":true,"isOver":false,"isBidirectional":false,"eventLog":[{"time":1702312946851,"type":"create connection"}]},{"id":"cabd213a-683a-43dc-aa60-abedf06389f5","source":"ce3ee1b4-5e78-46f5-9a64-101751ae91dd","target":"a433869d-e3c2-48f3-9f97-475d8e5ea0cb","agreement":true,"isActive":true,"date":1702312950076,"kind":"Connector","isSelected":false,"intensity":3,"isDeletable":true,"isOver":false,"isBidirectional":false,"eventLog":[{"time":1702312950076,"type":"create connection"},{"time":1702312952249,"type":"selected","value":1},{"time":1702312956301,"type":"change intensity of connector","value":3},{"time":1702312956301,"type":"selected","value":0}]},{"id":"0a464b94-8c4b-429e-a80d-3207a7c19195","source":"94a954cb-7b9c-40a5-8bbf-73cb9a82898d","target":"2f5b9d56-9de8-4427-b3a8-a80c1385364b","agreement":true,"isActive":true,"date":1702313003548,"kind":"Connector","isSelected":false,"intensity":6,"isDeletable":true,"isOver":false,"isBidirectional":false,"eventLog":[{"time":1702313003548,"type":"create connection"},{"time":1702313006730,"type":"selected","value":1},{"time":1702313009070,"type":"change intensity of connector","value":6},{"time":1702313009070,"type":"selected","value":0}]},{"id":"7188bc01-129b-49d8-9673-2f8e03626feb","source":"94a954cb-7b9c-40a5-8bbf-73cb9a82898d","target":"a53a6e86-ff82-40f7-8ef8-16505e4d11b3","agreement":false,"isActive":true,"date":1702313011428,"kind":"Connector","isSelected":false,"intensity":6,"isDeletable":true,"isOver":false,"isBidirectional":false,"eventLog":[{"time":1702313011428,"type":"create connection"},{"time":1702313013401,"type":"selected","value":1},{"time":1702313015629,"type":"change intensity of connector","value":-6},{"time":1702313015629,"type":"selected","value":0}]},{"id":"2cd85cec-ae48-490e-b756-77007c98474e","source":"948042ca-48f7-45a8-9da6-79296fe3652d","target":"a433869d-e3c2-48f3-9f97-475d8e5ea0cb","agreement":true,"isActive":true,"date":1702313117308,"kind":"Connector","isSelected":false,"intensity":3,"isDeletable":true,"isOver":false,"isBidirectional":false,"eventLog":[{"time":1702313117308,"type":"create connection"}]},{"id":"c9f03862-6b8d-4404-9f23-d3b705339c1f","source":"6a73c750-3181-467e-af00-e79016459898","target":"948042ca-48f7-45a8-9da6-79296fe3652d","agreement":false,"isActive":true,"date":1702313187197,"kind":"Connector","isSelected":false,"intensity":6,"isDeletable":true,"isOver":false,"isBidirectional":false,"eventLog":[{"time":1702313187197,"type":"create connection"},{"time":1702313189008,"type":"selected","value":1},{"time":1702313193438,"type":"change intensity of connector","value":-6},{"time":1702313193438,"type":"selected","value":0}]},{"id":"3e52e7b4-d9fd-4b84-9e04-9735cbcef6b1","source":"2f5b9d56-9de8-4427-b3a8-a80c1385364b","target":"21a82a20-dc1e-42aa-bcfb-580e8337519f","agreement":true,"isActive":true,"date":1702313238980,"kind":"Connector","isSelected":false,"intensity":3,"isDeletable":true,"isOver":false,"isBidirectional":false,"eventLog":[{"time":1702313238980,"type":"create connection"}]},{"id":"f39c2857-f9bb-4e70-8ae6-701d3e71e0cd","source":"3c071595-3689-4188-b44a-0acfa5a87959","target":"a53a6e86-ff82-40f7-8ef8-16505e4d11b3","agreement":true,"isActive":true,"date":1702313305075,"kind":"Connector","isSelected":false,"intensity":3,"isDeletable":true,"isOver":false,"isBidirectional":false,"eventLog":[{"time":1702313305075,"type":"create connection"}]},{"id":"1c8efaaf-2bab-48fb-8139-e7720f69777a","source":"3c071595-3689-4188-b44a-0acfa5a87959","target":"2f5b9d56-9de8-4427-b3a8-a80c1385364b","agreement":false,"isActive":true,"date":1702313308323,"kind":"Connector","isSelected":false,"intensity":3,"isDeletable":true,"isOver":false,"isBidirectional":false,"eventLog":[{"time":1702313308323,"type":"create connection"},{"time":1702313310633,"type":"selected","value":1},{"time":1702313312670,"type":"change intensity of connector","value":-3},{"time":1702313312670,"type":"selected","value":0}]},{"id":"00c52bf5-c03b-4bfb-ab3c-75b793083520","source":"3c071595-3689-4188-b44a-0acfa5a87959","target":"a433869d-e3c2-48f3-9f97-475d8e5ea0cb","agreement":true,"isActive":true,"date":1702313315212,"kind":"Connector","isSelected":false,"intensity":3,"isDeletable":true,"isOver":false,"isBidirectional":false,"eventLog":[{"time":1702313315212,"type":"create connection"}]}],"currentID":{},"currentNode":{},"hasSelectedNode":[false],"currentConnector":{},"hasSelectedConnector":[false],"readyToMove":[false],"isIncoming":[false],"hasElementMoved":[false]}
