{"idCAM":["652b168e-01c6-4164-b913-0f070009feac"],"creator":["646b607e88557c2ff4f0de85_post"],"projectCAM":["S2_CAM part 2"],"defocusCAM":[null],"date":[1702313514198],"nodes":[{"id":"acdc4cd2-fe0b-4f5f-a487-3154cec88471","value":0,"text":"rescue robot","comment":"","position":{"x":650,"y":400},"isActive":true,"date":1702313515084,"kind":"Node","isSelected":false,"isConnectorSelected":false,"isDraggable":0,"isDeletable":0,"hasElementMoved":false,"eventLog":[{"time":1702313515084,"type":"create node","value":0}],"isTextChangeable":0},{"id":"014ec541-798e-4a54-9408-f1d894aef41a","value":-3,"text":"disadvantages","comment":"","position":{"x":450,"y":400},"isActive":true,"date":1702313515084,"kind":"Node","isSelected":false,"isConnectorSelected":false,"isDraggable":0,"isDeletable":0,"hasElementMoved":false,"eventLog":[{"time":1702313515084,"type":"create node","value":-3}],"isTextChangeable":0},{"id":"fa3f7ed7-08ec-43aa-8eae-454b88f59dae","value":3,"text":"advantages","comment":"","position":{"x":850,"y":400},"isActive":true,"date":1702313515084,"kind":"Node","isSelected":false,"isConnectorSelected":false,"isDraggable":0,"isDeletable":0,"hasElementMoved":false,"eventLog":[{"time":1702313515084,"type":"create node","value":3}],"isTextChangeable":0},{"id":"386be3c8-0b1e-46b8-a906-6e7d3222f9ad","value":3,"text":"efficiency","comment":"","position":{"x":870,"y":255.3333},"isActive":true,"date":1702313515084,"kind":"Node","isSelected":false,"isConnectorSelected":false,"isDraggable":1,"isDeletable":1,"hasElementMoved":false,"eventLog":[{"time":1702313515084,"type":"create node","value":3}],"isTextChangeable":1},{"id":"747a00fd-5db2-4de6-b405-584142dfd759","value":3,"text":"task-oriented","comment":"","position":{"x":999,"y":408.3333},"isActive":true,"date":1702313515084,"kind":"Node","isSelected":false,"isConnectorSelected":false,"isDraggable":1,"isDeletable":1,"hasElementMoved":false,"eventLog":[{"time":1702313515084,"type":"create node","value":3}],"isTextChangeable":1},{"id":"7393dc33-2b6b-42ef-8d15-270ce461f19d","value":3,"text":"saves lives","comment":"","position":{"x":874,"y":558.3333},"isActive":true,"date":1702313515084,"kind":"Node","isSelected":false,"isConnectorSelected":false,"isDraggable":1,"isDeletable":1,"hasElementMoved":false,"eventLog":[{"time":1702313515084,"type":"create node","value":3}],"isTextChangeable":1},{"id":"3357181b-374e-491c-8d73-8fd8d8f79725","value":3,"text":"resilient","comment":"","position":{"x":1024,"y":528.3333},"isActive":true,"date":1702313515084,"kind":"Node","isSelected":false,"isConnectorSelected":false,"isDraggable":1,"isDeletable":1,"hasElementMoved":false,"eventLog":[{"time":1702313515084,"type":"create node","value":3}],"isTextChangeable":1},{"id":"3b0b8841-9bcd-46a7-96e8-6887559e3a9c","value":2,"text":"better navigation","comment":"","position":{"x":1096,"y":222.3333},"isActive":true,"date":1702313515084,"kind":"Node","isSelected":false,"isConnectorSelected":false,"isDraggable":1,"isDeletable":1,"hasElementMoved":false,"eventLog":[{"time":1702313515084,"type":"create node","value":2}],"isTextChangeable":1},{"id":"5112e17c-480b-4d33-bb2f-16d8e1eca9c9","value":2,"text":"always available","comment":"","position":{"x":1156,"y":315.3333},"isActive":true,"date":1702313515085,"kind":"Node","isSelected":false,"isConnectorSelected":false,"isDraggable":1,"isDeletable":1,"hasElementMoved":false,"eventLog":[{"time":1702313515085,"type":"create node","value":2}],"isTextChangeable":1},{"id":"3169eac7-e497-4998-bee5-078182d2b49e","value":1,"text":"frugal","comment":"","position":{"x":648,"y":256.3333},"isActive":true,"date":1702313515085,"kind":"Node","isSelected":false,"isConnectorSelected":false,"isDraggable":1,"isDeletable":1,"hasElementMoved":false,"eventLog":[{"time":1702313515085,"type":"create node","value":10},{"time":1702313594089,"type":"selected","value":1},{"time":1702313600983,"type":"value","value":1},{"time":1702313600983,"type":"selected","value":0}],"isTextChangeable":1},{"id":"d4eb3ce2-f051-4e78-a670-a0a6397c22ca","value":-2,"text":"malfunction","comment":"","position":{"x":454,"y":224.3333},"isActive":true,"date":1702313515085,"kind":"Node","isSelected":false,"isConnectorSelected":false,"isDraggable":1,"isDeletable":1,"hasElementMoved":false,"eventLog":[{"time":1702313515085,"type":"create node","value":-2}],"isTextChangeable":1},{"id":"1b050486-82fd-4a67-9603-53cc43c9a2c5","value":2,"text":"AI instead of humans","comment":"","position":{"x":758,"y":146.3333},"isActive":true,"date":1702313515085,"kind":"Node","isSelected":false,"isConnectorSelected":false,"isDraggable":1,"isDeletable":1,"hasElementMoved":false,"eventLog":[{"time":1702313515085,"type":"create node","value":2}],"isTextChangeable":1},{"id":"0101f1a6-f0a9-431c-b672-22b2ba45517f","value":10,"text":"humanity is missing","comment":"","position":{"x":332,"y":187.3333},"isActive":true,"date":1702313515085,"kind":"Node","isSelected":false,"isConnectorSelected":false,"isDraggable":1,"isDeletable":1,"hasElementMoved":false,"eventLog":[{"time":1702313515085,"type":"create node","value":10}],"isTextChangeable":1},{"id":"b4475222-54a3-4327-a2e4-43fe03a4f142","value":-1,"text":"control","comment":"","position":{"x":294,"y":344.3333},"isActive":true,"date":1702313515085,"kind":"Node","isSelected":false,"isConnectorSelected":false,"isDraggable":1,"isDeletable":1,"hasElementMoved":false,"eventLog":[{"time":"1702313515085","type":"create node","value":[-1]},{"time":"2023-12-11T16:54:02.301Z","type":"position","value":{"x":[248],"y":[338.3333]}},{"time":"2023-12-11T16:54:07.381Z","type":"position","value":{"x":[294],"y":[332.3333]}}],"isTextChangeable":1},{"id":"ddcabd0b-4f5b-42a7-a170-ea545ceb76e0","value":-1,"text":"eco-friendly","comment":"from Silicone - oh so not really eco friendly","position":{"x":598,"y":527.3333},"isActive":true,"date":1702313515085,"kind":"Node","isSelected":false,"isConnectorSelected":false,"isDraggable":1,"isDeletable":1,"hasElementMoved":false,"eventLog":[{"time":1702313515085,"type":"create node","value":"10"},{"time":1702313518409,"type":"selected","value":"TRUE"},{"time":1702313560937,"type":"value","value":"-1"},{"time":1702313560937,"type":"comment","value":"aus Sillikon\n"},{"time":1702313560937,"type":"selected","value":"FALSE"},{"time":1702313562455,"type":"selected","value":"TRUE"},{"time":1702313576976,"type":"text","value":"eco-friendly? -"},{"time":1702313576976,"type":"comment","value":"aus Sillikon - achso nicht wirklich eco friendly\n"},{"time":1702313576976,"type":"selected","value":"FALSE"}],"isTextChangeable":1},{"id":"37286b91-7341-4601-b5d2-a8c9504c4eac","value":3,"text":"delivery","comment":"to places people cannot reach","position":{"x":1162,"y":464.3333},"isActive":true,"date":1702313609652,"kind":"Node","isSelected":false,"isConnectorSelected":false,"isDraggable":1,"isDeletable":1,"hasElementMoved":false,"eventLog":[{"time":"1702313609652","type":"create node","value":[0]},{"time":"1702313609756","type":"selected","value":[true]},{"time":"1702313630942","type":"text","value":["Lieferung"]},{"time":"1702313630942","type":"value","value":[3]},{"time":"1702313630942","type":"comment","value":["nach Orten die Menschen nich zufreifen können"]},{"time":"1702313630942","type":"selected","value":[false]},{"time":"2023-12-11T16:53:54.745Z","type":"position","value":{"x":[1088],"y":[448.3333]}}],"isTextChangeable":1},{"id":"e674fc4a-196b-498c-af8f-67b518026a15","value":-3,"text":"manipulation","comment":"can be used for spying and wars","position":{"x":308,"y":469.3333},"isActive":true,"date":1702313650325,"kind":"Node","isSelected":false,"isConnectorSelected":false,"isDraggable":1,"isDeletable":1,"hasElementMoved":false,"eventLog":[{"time":1702313650325,"type":"create node","value":"0"},{"time":1702313650412,"type":"selected","value":"TRUE"},{"time":1702313684487,"type":"text","value":"Manipulation"},{"time":1702313684487,"type":"comment","value":"können für die spying und Kriege verwendet werden"},{"time":1702313684487,"type":"selected","value":"FALSE"},{"time":1702313685244,"type":"selected","value":"TRUE"},{"time":1702313687495,"type":"value","value":"-3"},{"time":1702313687495,"type":"selected","value":"FALSE"}],"isTextChangeable":1},{"id":"0535ba05-7e5a-4469-8078-15620e5aa8b1","value":1,"text":"octopus shape","comment":"more possibilities for movement","position":{"x":926,"y":150.3333},"isActive":true,"date":1702313704884,"kind":"Node","isSelected":false,"isConnectorSelected":false,"isDraggable":1,"isDeletable":1,"hasElementMoved":false,"eventLog":[{"time":1702313704884,"type":"create node","value":"0"},{"time":1702313705938,"type":"selected","value":"TRUE"},{"time":1702313748048,"type":"text","value":"Kraken-Form "},{"time":1702313748048,"type":"value","value":"1"},{"time":1702313748048,"type":"comment","value":"mehr Bewegungsmöglichkeiten"},{"time":1702313748048,"type":"selected","value":"FALSE"}],"isTextChangeable":1}],"connectors":[{"id":"9ce8958c-75bf-4d55-8a3c-94ca7596b038","source":"acdc4cd2-fe0b-4f5f-a487-3154cec88471","target":"014ec541-798e-4a54-9408-f1d894aef41a","agreement":false,"isActive":true,"date":1702313515085,"kind":"Connector","isSelected":false,"intensity":6,"isDeletable":false,"isOver":false,"isBidirectional":false,"eventLog":[{"time":1702313515085,"type":"create connection"}]},{"id":"ed437068-1444-48cb-9460-4d8cfb8faea7","source":"acdc4cd2-fe0b-4f5f-a487-3154cec88471","target":"fa3f7ed7-08ec-43aa-8eae-454b88f59dae","agreement":true,"isActive":true,"date":1702313515086,"kind":"Connector","isSelected":false,"intensity":9,"isDeletable":true,"isOver":false,"isBidirectional":false,"eventLog":[{"time":1702313515086,"type":"create connection"}]},{"id":"5bf06c27-d873-4c37-ac3f-2aa9f667fddc","source":"386be3c8-0b1e-46b8-a906-6e7d3222f9ad","target":"fa3f7ed7-08ec-43aa-8eae-454b88f59dae","agreement":true,"isActive":true,"date":1702313515086,"kind":"Connector","isSelected":false,"intensity":9,"isDeletable":true,"isOver":false,"isBidirectional":false,"eventLog":[{"time":1702313515086,"type":"create connection"}]},{"id":"92e08f99-ff01-4ad0-9fa3-f1eb281952aa","source":"747a00fd-5db2-4de6-b405-584142dfd759","target":"fa3f7ed7-08ec-43aa-8eae-454b88f59dae","agreement":true,"isActive":true,"date":1702313515086,"kind":"Connector","isSelected":false,"intensity":9,"isDeletable":true,"isOver":false,"isBidirectional":false,"eventLog":[{"time":1702313515086,"type":"create connection"}]},{"id":"47c331b7-4f07-43a7-8352-50e4e14065e0","source":"386be3c8-0b1e-46b8-a906-6e7d3222f9ad","target":"747a00fd-5db2-4de6-b405-584142dfd759","agreement":true,"isActive":true,"date":1702313515086,"kind":"Connector","isSelected":false,"intensity":9,"isDeletable":true,"isOver":false,"isBidirectional":false,"eventLog":[{"time":1702313515086,"type":"create connection"}]},{"id":"813513fc-7db9-4518-9eff-f711d6d86aa3","source":"fa3f7ed7-08ec-43aa-8eae-454b88f59dae","target":"7393dc33-2b6b-42ef-8d15-270ce461f19d","agreement":true,"isActive":true,"date":1702313515086,"kind":"Connector","isSelected":false,"intensity":9,"isDeletable":true,"isOver":false,"isBidirectional":false,"eventLog":[{"time":1702313515086,"type":"create connection"}]},{"id":"8e53f185-aa95-4e8c-9bca-7222b308fdfa","source":"3357181b-374e-491c-8d73-8fd8d8f79725","target":"fa3f7ed7-08ec-43aa-8eae-454b88f59dae","agreement":true,"isActive":true,"date":1702313515086,"kind":"Connector","isSelected":false,"intensity":6,"isDeletable":true,"isOver":false,"isBidirectional":false,"eventLog":[{"time":1702313515086,"type":"create connection"}]},{"id":"52cdb850-2ff9-42fb-b9a2-57a0551d786c","source":"3357181b-374e-491c-8d73-8fd8d8f79725","target":"7393dc33-2b6b-42ef-8d15-270ce461f19d","agreement":true,"isActive":true,"date":1702313515086,"kind":"Connector","isSelected":false,"intensity":3,"isDeletable":true,"isOver":false,"isBidirectional":false,"eventLog":[{"time":1702313515086,"type":"create connection"}]},{"id":"936051c0-f458-46e2-88c0-315b8754aacb","source":"3b0b8841-9bcd-46a7-96e8-6887559e3a9c","target":"386be3c8-0b1e-46b8-a906-6e7d3222f9ad","agreement":true,"isActive":true,"date":1702313515086,"kind":"Connector","isSelected":false,"intensity":6,"isDeletable":true,"isOver":false,"isBidirectional":false,"eventLog":[{"time":1702313515086,"type":"create connection"}]},{"id":"c7fa2751-8e2b-4347-8830-57797501d2c2","source":"3b0b8841-9bcd-46a7-96e8-6887559e3a9c","target":"fa3f7ed7-08ec-43aa-8eae-454b88f59dae","agreement":true,"isActive":true,"date":1702313515086,"kind":"Connector","isSelected":false,"intensity":6,"isDeletable":true,"isOver":false,"isBidirectional":false,"eventLog":[{"time":1702313515086,"type":"create connection"}]},{"id":"d8e13e5c-1ce6-4916-bcc6-83fa39420b11","source":"fa3f7ed7-08ec-43aa-8eae-454b88f59dae","target":"5112e17c-480b-4d33-bb2f-16d8e1eca9c9","agreement":true,"isActive":true,"date":1702313515086,"kind":"Connector","isSelected":false,"intensity":6,"isDeletable":true,"isOver":false,"isBidirectional":false,"eventLog":[{"time":1702313515086,"type":"create connection"}]},{"id":"289f6e09-9e77-4ca3-aadb-0e04213d7e7f","source":"386be3c8-0b1e-46b8-a906-6e7d3222f9ad","target":"5112e17c-480b-4d33-bb2f-16d8e1eca9c9","agreement":true,"isActive":true,"date":1702313515087,"kind":"Connector","isSelected":false,"intensity":6,"isDeletable":true,"isOver":false,"isBidirectional":false,"eventLog":[{"time":1702313515087,"type":"create connection"}]},{"id":"b933fbc7-afdd-45c0-890b-1c5d9173f351","source":"3169eac7-e497-4998-bee5-078182d2b49e","target":"acdc4cd2-fe0b-4f5f-a487-3154cec88471","agreement":true,"isActive":true,"date":1702313515087,"kind":"Connector","isSelected":false,"intensity":3,"isDeletable":true,"isOver":false,"isBidirectional":false,"eventLog":[{"time":1702313515087,"type":"create connection"}]},{"id":"202a11f8-0626-4f54-bf4b-df70df82e25b","source":"3169eac7-e497-4998-bee5-078182d2b49e","target":"fa3f7ed7-08ec-43aa-8eae-454b88f59dae","agreement":true,"isActive":true,"date":1702313515087,"kind":"Connector","isSelected":false,"intensity":3,"isDeletable":true,"isOver":false,"isBidirectional":false,"eventLog":[{"time":1702313515087,"type":"create connection"}]},{"id":"0b2ab3db-f9ea-422f-be2d-37a7bcd37f6d","source":"d4eb3ce2-f051-4e78-a670-a0a6397c22ca","target":"014ec541-798e-4a54-9408-f1d894aef41a","agreement":true,"isActive":true,"date":1702313515087,"kind":"Connector","isSelected":false,"intensity":6,"isDeletable":true,"isOver":false,"isBidirectional":false,"eventLog":[{"time":1702313515087,"type":"create connection"}]},{"id":"89dcb3b0-2c83-4731-9998-dc315412919b","source":"d4eb3ce2-f051-4e78-a670-a0a6397c22ca","target":"acdc4cd2-fe0b-4f5f-a487-3154cec88471","agreement":false,"isActive":true,"date":1702313515087,"kind":"Connector","isSelected":false,"intensity":6,"isDeletable":true,"isOver":false,"isBidirectional":false,"eventLog":[{"time":1702313515087,"type":"create connection"}]},{"id":"d0da8174-f84a-4bd5-92f6-d67c67d99618","source":"1b050486-82fd-4a67-9603-53cc43c9a2c5","target":"fa3f7ed7-08ec-43aa-8eae-454b88f59dae","agreement":true,"isActive":true,"date":1702313515087,"kind":"Connector","isSelected":false,"intensity":3,"isDeletable":true,"isOver":false,"isBidirectional":false,"eventLog":[{"time":1702313515087,"type":"create connection"}]},{"id":"7879cd79-f190-4e64-af1e-31f02a5d84a5","source":"0101f1a6-f0a9-431c-b672-22b2ba45517f","target":"1b050486-82fd-4a67-9603-53cc43c9a2c5","agreement":false,"isActive":true,"date":1702313515087,"kind":"Connector","isSelected":false,"intensity":6,"isDeletable":true,"isOver":false,"isBidirectional":false,"eventLog":[{"time":1702313515087,"type":"create connection"}]},{"id":"37fcec59-c1ff-4f50-83af-7149923ce722","source":"014ec541-798e-4a54-9408-f1d894aef41a","target":"b4475222-54a3-4327-a2e4-43fe03a4f142","agreement":true,"isActive":true,"date":1702313515087,"kind":"Connector","isSelected":false,"intensity":3,"isDeletable":true,"isOver":false,"isBidirectional":false,"eventLog":[{"time":1702313515087,"type":"create connection"}]},{"id":"bb7c450f-b710-444c-827d-d46dd03768c6","source":"ddcabd0b-4f5b-42a7-a170-ea545ceb76e0","target":"acdc4cd2-fe0b-4f5f-a487-3154cec88471","agreement":true,"isActive":true,"date":1702313515087,"kind":"Connector","isSelected":false,"intensity":3,"isDeletable":true,"isOver":false,"isBidirectional":false,"eventLog":[{"time":1702313515087,"type":"create connection"}]},{"id":"eb7ddfee-8662-4dd1-8154-4552e392c562","source":"ddcabd0b-4f5b-42a7-a170-ea545ceb76e0","target":"014ec541-798e-4a54-9408-f1d894aef41a","agreement":false,"isActive":true,"date":1702313515087,"kind":"Connector","isSelected":false,"intensity":3,"isDeletable":true,"isOver":false,"isBidirectional":false,"eventLog":[{"time":1702313515087,"type":"create connection"}]},{"id":"2a0f604a-75f1-4b72-84ad-1f4fc9ba8064","source":"ddcabd0b-4f5b-42a7-a170-ea545ceb76e0","target":"fa3f7ed7-08ec-43aa-8eae-454b88f59dae","agreement":true,"isActive":false,"date":1702313515087,"kind":"Connector","isSelected":false,"intensity":3,"isDeletable":true,"isOver":false,"isBidirectional":false,"eventLog":[{"time":1702313515087,"type":"create connection"},{"time":1702313580204,"type":"selected","value":1},{"time":1702313582556,"type":"connector was deleted","value":-99},{"time":1702313582556,"type":"active","value":0}]},{"id":"5badcd60-572f-4886-b33d-7872d1e6a94e","source":"37286b91-7341-4601-b5d2-a8c9504c4eac","target":"fa3f7ed7-08ec-43aa-8eae-454b88f59dae","agreement":true,"isActive":true,"date":1702313635764,"kind":"Connector","isSelected":false,"intensity":6,"isDeletable":true,"isOver":false,"isBidirectional":false,"eventLog":[{"time":1702313635764,"type":"create connection"},{"time":1702313636570,"type":"selected","value":1},{"time":1702313638310,"type":"change intensity of connector","value":6},{"time":1702313638310,"type":"selected","value":0}]},{"id":"1d3ca64f-3b07-4c9e-b8e3-66fbc9e7e13c","source":"e674fc4a-196b-498c-af8f-67b518026a15","target":"014ec541-798e-4a54-9408-f1d894aef41a","agreement":true,"isActive":true,"date":1702313688486,"kind":"Connector","isSelected":false,"intensity":9,"isDeletable":true,"isOver":false,"isBidirectional":false,"eventLog":[{"time":1702313688486,"type":"create connection"},{"time":1702313690499,"type":"selected","value":1},{"time":1702313692574,"type":"change intensity of connector","value":9},{"time":1702313692574,"type":"selected","value":0}]},{"id":"4e1ee649-c6a8-4553-9663-0c9cf527a0fa","source":"e674fc4a-196b-498c-af8f-67b518026a15","target":"b4475222-54a3-4327-a2e4-43fe03a4f142","agreement":true,"isActive":true,"date":1702313693549,"kind":"Connector","isSelected":false,"intensity":9,"isDeletable":true,"isOver":false,"isBidirectional":false,"eventLog":[{"time":1702313693549,"type":"create connection"},{"time":1702313694995,"type":"selected","value":1},{"time":1702313698230,"type":"change intensity of connector","value":9},{"time":1702313698230,"type":"selected","value":0}]},{"id":"b722fff9-3cfb-443e-9d90-ff58405382ee","source":"0535ba05-7e5a-4469-8078-15620e5aa8b1","target":"fa3f7ed7-08ec-43aa-8eae-454b88f59dae","agreement":true,"isActive":true,"date":1702313749772,"kind":"Connector","isSelected":false,"intensity":3,"isDeletable":true,"isOver":false,"isBidirectional":false,"eventLog":[{"time":1702313749773,"type":"create connection"}]}],"currentID":{},"currentNode":{},"hasSelectedNode":[false],"currentConnector":{},"hasSelectedConnector":[false],"readyToMove":[false],"isIncoming":[false],"hasElementMoved":[false]}
