{"idCAM":["e2432d72-71f3-4c9c-816b-344d659a8a98"],"creator":["646dc14e28531e7b267adb50_pre"],"projectCAM":["S2_CAM part 1"],"defocusCAM":[null],"date":[1702289991358],"nodes":[{"id":"6990e5f3-1a87-451a-8945-e14f7c23f594","value":0,"text":"social assistance robot","comment":"","position":{"x":650,"y":400},"isActive":true,"date":1702289992247,"kind":"Node","isSelected":false,"isConnectorSelected":false,"isDraggable":0,"isDeletable":0,"hasElementMoved":false,"eventLog":[{"time":1702289992247,"type":"create node","value":0}],"isTextChangeable":0},{"id":"d2778f89-939f-4535-a61a-ab8509d43042","value":0,"text":"disadvantages","comment":"","position":{"x":450,"y":400},"isActive":true,"date":1702289992247,"kind":"Node","isSelected":false,"isConnectorSelected":false,"isDraggable":0,"isDeletable":0,"hasElementMoved":false,"eventLog":[{"time":1702289992247,"type":"create node","value":0}],"isTextChangeable":0},{"id":"fc7ab9f0-ef21-41c4-a0da-4627e88fdb32","value":0,"text":"advantages","comment":"","position":{"x":850,"y":400},"isActive":true,"date":1702289992247,"kind":"Node","isSelected":false,"isConnectorSelected":false,"isDraggable":0,"isDeletable":0,"hasElementMoved":false,"eventLog":[{"time":1702289992247,"type":"create node","value":0}],"isTextChangeable":0},{"id":"a0d22ba6-b1fa-4976-80f5-41806526a5c1","value":1,"text":"Interaktion mit Isolierten","comment":"","position":{"x":831.3333,"y":255.5},"isActive":false,"date":1702290016285,"kind":"Node","isSelected":false,"isConnectorSelected":false,"isDraggable":1,"isDeletable":1,"hasElementMoved":false,"eventLog":[{"time":"1702290016285","type":"create node","value":[0]},{"time":"2023-12-11T10:20:17.476Z","type":"position","value":{"x":[857.3333],"y":[206.5]}},{"time":"1702290023567","type":"selected","value":[true]},{"time":"1702290130939","type":"text","value":["Interaktion mit Menschen"]},{"time":"1702290130939","type":"value","value":[1]},{"time":"1702290130939","type":"selected","value":[false]},{"time":"1702290133455","type":"selected","value":[true]},{"time":"1702290182611","type":"selected","value":[false]},{"time":"1702290362585","type":"selected","value":[true]},{"time":"1702290367839","type":"text","value":["Interaktion mit Isolierten"]},{"time":"1702290367839","type":"selected","value":[false]},{"time":"1702290383399","type":"selected","value":[true]},{"time":"1702290394998","type":"node was deleted","value":[-77]}],"isTextChangeable":1},{"id":"b7c23395-d36d-49e7-9f7a-b81ef1f42559","value":1,"text":"promotion of social interaction","comment":"","position":{"x":989.3333,"y":297.5},"isActive":true,"date":1702290235233,"kind":"Node","isSelected":false,"isConnectorSelected":false,"isDraggable":1,"isDeletable":1,"hasElementMoved":false,"eventLog":[{"time":"1702290235233","type":"create node","value":[0]},{"time":"1702290235304","type":"selected","value":[true]},{"time":"1702290242899","type":"text","value":["Förderung sozialer Ineraktion"]},{"time":"1702290242899","type":"selected","value":[false]},{"time":"2023-12-11T10:24:05.513Z","type":"position","value":{"x":[1009.3333],"y":[246.5]}},{"time":"2023-12-11T10:27:47.720Z","type":"position","value":{"x":[1009.3333],"y":[298.5]}},{"time":"1702290469001","type":"selected","value":[true]},{"time":"1702290471985","type":"text","value":["Förderung sozialer Interaktion"]},{"time":"1702290471985","type":"selected","value":[false]},{"time":"1702290550545","type":"selected","value":[true]},{"time":"1702290552966","type":"value","value":[1]},{"time":"1702290552966","type":"selected","value":[false]}],"isTextChangeable":1},{"id":"336ad739-7e56-4499-a2c7-627411b575ec","value":1,"text":"support in learning","comment":"","position":{"x":945.3333,"y":535.5},"isActive":true,"date":1702290250113,"kind":"Node","isSelected":false,"isConnectorSelected":false,"isDraggable":1,"isDeletable":1,"hasElementMoved":false,"eventLog":[{"time":"1702290250113","type":"create node","value":[0]},{"time":"1702290250200","type":"selected","value":[true]},{"time":"1702290260678","type":"text","value":["Unerstützung beim Lernen"]},{"time":"1702290260678","type":"selected","value":[false]},{"time":"2023-12-11T10:24:32.736Z","type":"position","value":{"x":[896.3333],"y":[591.5]}},{"time":"1702290545016","type":"selected","value":[true]},{"time":"1702290547445","type":"value","value":[1]},{"time":"1702290547445","type":"selected","value":[false]}],"isTextChangeable":1},{"id":"73d5e85d-d726-4fa2-915b-0cc92cd0a9e1","value":1,"text":"support in educational activities","comment":"","position":{"x":1045.3333,"y":443.5},"isActive":true,"date":1702290261332,"kind":"Node","isSelected":false,"isConnectorSelected":false,"isDraggable":1,"isDeletable":1,"hasElementMoved":false,"eventLog":[{"time":"1702290261332","type":"create node","value":[0]},{"time":"1702290261394","type":"selected","value":[true]},{"time":"1702290272024","type":"text","value":["Unterstützung bei Bildungsaktivitäten"]},{"time":"1702290272024","type":"selected","value":[false]},{"time":"2023-12-11T10:28:51.305Z","type":"position","value":{"x":[979.3333],"y":[421.5]}},{"time":"1702290548042","type":"selected","value":[true]},{"time":"1702290549638","type":"value","value":[1]},{"time":"1702290549638","type":"selected","value":[false]}],"isTextChangeable":1},{"id":"d8e28bbf-b447-4643-b0fd-273c32874214","value":-1,"text":"dependence","comment":"","position":{"x":423.3333,"y":242.5},"isActive":true,"date":1702290277646,"kind":"Node","isSelected":false,"isConnectorSelected":false,"isDraggable":1,"isDeletable":1,"hasElementMoved":false,"eventLog":[{"time":"1702290277646","type":"create node","value":[0]},{"time":"1702290277731","type":"selected","value":[true]},{"time":"1702290281737","type":"text","value":["Abhängigkeit"]},{"time":"1702290281737","type":"selected","value":[false]},{"time":"2023-12-11T10:24:42.319Z","type":"position","value":{"x":[336.3333],"y":[272.5]}},{"time":"1702290476200","type":"selected","value":[true]},{"time":"1702290480024","type":"value","value":[-1]},{"time":"1702290480024","type":"selected","value":[false]}],"isTextChangeable":1},{"id":"ee75609f-206b-463a-9db4-5dce375c648d","value":-1,"text":"promotion of unemployment/job cuts","comment":"","position":{"x":285.3333,"y":341.5},"isActive":true,"date":1702290287399,"kind":"Node","isSelected":false,"isConnectorSelected":false,"isDraggable":1,"isDeletable":1,"hasElementMoved":false,"eventLog":[{"time":1702290287399,"type":"create node","value":"0"},{"time":1702290287470,"type":"selected","value":"TRUE"},{"time":1702290307932,"type":"text","value":"Förderung Arbeitslosigkeit/Stellenabbau"},{"time":1702290307932,"type":"selected","value":"FALSE"},{"time":1702290481173,"type":"selected","value":"TRUE"},{"time":1702290485880,"type":"value","value":"-1"},{"time":1702290485880,"type":"selected","value":"FALSE"}],"isTextChangeable":1},{"id":"2b45f0e1-1e76-4a16-8e02-06db74823423","value":-2,"text":"detection of emotions","comment":"","position":{"x":295.3333,"y":527.5},"isActive":true,"date":1702290314371,"kind":"Node","isSelected":false,"isConnectorSelected":false,"isDraggable":1,"isDeletable":1,"hasElementMoved":false,"eventLog":[{"time":1702290314371,"type":"create node","value":"0"},{"time":1702290314472,"type":"selected","value":"TRUE"},{"time":1702290337576,"type":"text","value":"Erkennung von Gefühlen"},{"time":1702290337576,"type":"selected","value":"FALSE"},{"time":1702290487389,"type":"selected","value":"TRUE"},{"time":1702290488809,"type":"value","value":"-2"},{"time":1702290488809,"type":"selected","value":"FALSE"}],"isTextChangeable":1},{"id":"7b4cfd3d-924b-4fc3-a308-0c9fec0404d0","value":-2,"text":"expectation of AI","comment":"","position":{"x":446.3333,"y":557.5},"isActive":true,"date":1702290338037,"kind":"Node","isSelected":false,"isConnectorSelected":false,"isDraggable":1,"isDeletable":1,"hasElementMoved":false,"eventLog":[{"time":1702290338037,"type":"create node","value":"0"},{"time":1702290338105,"type":"selected","value":"TRUE"},{"time":1702290349456,"type":"text","value":"Erwartung an KI"},{"time":1702290349456,"type":"selected","value":"FALSE"},{"time":1702290489637,"type":"selected","value":"TRUE"},{"time":1702290491091,"type":"value","value":"-2"},{"time":1702290491091,"type":"selected","value":"FALSE"}],"isTextChangeable":1},{"id":"62dad904-85b0-4c7a-8812-f6fa3830f9c0","value":0,"text":"","comment":"","position":{"x":814.3333,"y":165.5},"isActive":false,"date":1702290368253,"kind":"Node","isSelected":false,"isConnectorSelected":false,"isDraggable":1,"isDeletable":1,"hasElementMoved":false,"eventLog":[{"time":1702290368253,"type":"create node","value":0},{"time":1702290368313,"type":"selected","value":1},{"time":1702290382195,"type":"node was deleted","value":-99}],"isTextChangeable":1},{"id":"75e1f517-56ab-4ff8-95bd-ab6757fc094a","value":3,"text":"interaction with isolated","comment":"","position":{"x":855.3333,"y":248.5},"isActive":true,"date":1702290396367,"kind":"Node","isSelected":false,"isConnectorSelected":false,"isDraggable":1,"isDeletable":1,"hasElementMoved":false,"eventLog":[{"time":"1702290396367","type":"create node","value":[0]},{"time":"1702290396428","type":"selected","value":[true]},{"time":"1702290408788","type":"text","value":["Interaktion mit Isolierten"]},{"time":"1702290408788","type":"selected","value":[false]},{"time":"2023-12-11T10:26:51.530Z","type":"position","value":{"x":[825.3333],"y":[211.5]}},{"time":"2023-12-11T10:27:19.830Z","type":"position","value":{"x":[789.3333],"y":[204.5]}},{"time":"1702290440515","type":"selected","value":[true]},{"time":"1702290444567","type":"value","value":[2]},{"time":"1702290444567","type":"selected","value":[false]},{"time":"2023-12-11T10:27:45.201Z","type":"position","value":{"x":[779.3333],"y":[195.5]}},{"time":"1702290553699","type":"selected","value":[true]},{"time":"1702290556175","type":"value","value":[3]},{"time":"1702290556175","type":"selected","value":[false]}],"isTextChangeable":1},{"id":"1381616d-f717-447c-ac0c-816d3cc26a7c","value":10,"text":"interaction with older people","comment":"","position":{"x":666.3333,"y":261.5},"isActive":true,"date":1702290414385,"kind":"Node","isSelected":false,"isConnectorSelected":false,"isDraggable":1,"isDeletable":1,"hasElementMoved":false,"eventLog":[{"time":"1702290414385","type":"create node","value":[0]},{"time":"1702290414440","type":"selected","value":[true]},{"time":"1702290439312","type":"text","value":["Interaktion mit Älteren"]},{"time":"1702290439312","type":"selected","value":[false]},{"time":"2023-12-11T10:27:29.255Z","type":"position","value":{"x":[864.3333],"y":[280.5]}},{"time":"2023-12-11T10:27:29.603Z","type":"position","value":{"x":[713.3333],"y":[264.5]}},{"time":"1702290453428","type":"selected","value":[true]},{"time":"1702290456954","type":"value","value":[10]},{"time":"1702290456954","type":"selected","value":[false]}],"isTextChangeable":1},{"id":"81302552-e312-42c4-bc66-ee0763ef1bd6","value":-1,"text":"handling/operation of the robot","comment":"Older people often have difficulties operating computers etc.","position":{"x":567.3333,"y":152.5},"isActive":true,"date":1702290567545,"kind":"Node","isSelected":false,"isConnectorSelected":false,"isDraggable":1,"isDeletable":1,"hasElementMoved":false,"eventLog":[{"time":1702290567545,"type":"create node","value":"0"},{"time":1702290567614,"type":"selected","value":"TRUE"},{"time":1702290610854,"type":"text","value":"Umgang/Bedienung des Roboter"},{"time":1702290610854,"type":"selected","value":"FALSE"},{"time":1702290615447,"type":"selected","value":"TRUE"},{"time":1702290639848,"type":"value","value":"-1"},{"time":1702290639848,"type":"comment","value":"Ältere Leute haben oft Schwierigkeiten mit der Bedienung von Computern etc."},{"time":1702290639848,"type":"selected","value":"FALSE"}],"isTextChangeable":1}],"connectors":[{"id":"35914946-5781-4dd3-8536-d02b1928ccf6","source":"6990e5f3-1a87-451a-8945-e14f7c23f594","target":"d2778f89-939f-4535-a61a-ab8509d43042","agreement":true,"isActive":true,"date":1702289992247,"kind":"Connector","isSelected":false,"intensity":3,"isDeletable":false,"isOver":false,"isBidirectional":false,"eventLog":[{"time":1702289992247,"type":"create connection"}]},{"id":"f98de5c0-abfc-4c2b-b158-797897a2d69d","source":"6990e5f3-1a87-451a-8945-e14f7c23f594","target":"fc7ab9f0-ef21-41c4-a0da-4627e88fdb32","agreement":true,"isActive":true,"date":1702289992248,"kind":"Connector","isSelected":false,"intensity":3,"isDeletable":true,"isOver":false,"isBidirectional":false,"eventLog":[{"time":1702289992248,"type":"create connection"}]},{"id":"b8f25697-d470-450f-8fe1-83a46efdb18d","source":"1381616d-f717-447c-ac0c-816d3cc26a7c","target":"6990e5f3-1a87-451a-8945-e14f7c23f594","agreement":true,"isActive":true,"date":1702290458249,"kind":"Connector","isSelected":false,"intensity":3,"isDeletable":true,"isOver":false,"isBidirectional":false,"eventLog":[{"time":1702290458250,"type":"create connection"}]},{"id":"bdb77899-500f-4456-861e-c9be70467069","source":"75e1f517-56ab-4ff8-95bd-ab6757fc094a","target":"fc7ab9f0-ef21-41c4-a0da-4627e88fdb32","agreement":true,"isActive":true,"date":1702290527218,"kind":"Connector","isSelected":false,"intensity":3,"isDeletable":true,"isOver":false,"isBidirectional":false,"eventLog":[{"time":1702290527218,"type":"create connection"}]},{"id":"52074b2d-0922-44d8-b4ef-6ccf1ef5c147","source":"b7c23395-d36d-49e7-9f7a-b81ef1f42559","target":"fc7ab9f0-ef21-41c4-a0da-4627e88fdb32","agreement":true,"isActive":true,"date":1702290530146,"kind":"Connector","isSelected":false,"intensity":3,"isDeletable":true,"isOver":false,"isBidirectional":false,"eventLog":[{"time":1702290530146,"type":"create connection"}]},{"id":"d135b882-8856-4704-be4f-3179f6f6ceeb","source":"fc7ab9f0-ef21-41c4-a0da-4627e88fdb32","target":"73d5e85d-d726-4fa2-915b-0cc92cd0a9e1","agreement":true,"isActive":true,"date":1702290533762,"kind":"Connector","isSelected":false,"intensity":3,"isDeletable":true,"isOver":false,"isBidirectional":false,"eventLog":[{"time":1702290533762,"type":"create connection"}]},{"id":"73d481c6-4857-4155-9f39-d3a8dbe2c9b1","source":"336ad739-7e56-4499-a2c7-627411b575ec","target":"fc7ab9f0-ef21-41c4-a0da-4627e88fdb32","agreement":true,"isActive":true,"date":1702290537228,"kind":"Connector","isSelected":false,"intensity":3,"isDeletable":true,"isOver":false,"isBidirectional":false,"eventLog":[{"time":1702290537228,"type":"create connection"}]},{"id":"8239dc18-caa6-4e48-9dc3-50a252fe9e12","source":"7b4cfd3d-924b-4fc3-a308-0c9fec0404d0","target":"d2778f89-939f-4535-a61a-ab8509d43042","agreement":true,"isActive":true,"date":1702290558630,"kind":"Connector","isSelected":false,"intensity":3,"isDeletable":true,"isOver":false,"isBidirectional":false,"eventLog":[{"time":1702290558630,"type":"create connection"}]},{"id":"00a735aa-40d4-4422-9d22-497179bd6f1a","source":"2b45f0e1-1e76-4a16-8e02-06db74823423","target":"d2778f89-939f-4535-a61a-ab8509d43042","agreement":true,"isActive":true,"date":1702290562463,"kind":"Connector","isSelected":false,"intensity":3,"isDeletable":true,"isOver":false,"isBidirectional":false,"eventLog":[{"time":1702290562463,"type":"create connection"}]},{"id":"7baa22b0-ee94-45ec-9731-7f7d130cde5f","source":"ee75609f-206b-463a-9db4-5dce375c648d","target":"d2778f89-939f-4535-a61a-ab8509d43042","agreement":true,"isActive":true,"date":1702290563753,"kind":"Connector","isSelected":false,"intensity":3,"isDeletable":true,"isOver":false,"isBidirectional":false,"eventLog":[{"time":1702290563753,"type":"create connection"}]},{"id":"17bf0b5e-c44d-4568-9907-6196c732dc44","source":"d8e28bbf-b447-4643-b0fd-273c32874214","target":"d2778f89-939f-4535-a61a-ab8509d43042","agreement":true,"isActive":true,"date":1702290564969,"kind":"Connector","isSelected":false,"intensity":3,"isDeletable":true,"isOver":false,"isBidirectional":false,"eventLog":[{"time":1702290564969,"type":"create connection"}]},{"id":"e8149518-0642-416c-ad07-648430ddb818","source":"81302552-e312-42c4-bc66-ee0763ef1bd6","target":"1381616d-f717-447c-ac0c-816d3cc26a7c","agreement":true,"isActive":true,"date":1702290612116,"kind":"Connector","isSelected":false,"intensity":3,"isDeletable":true,"isOver":false,"isBidirectional":false,"eventLog":[{"time":1702290612116,"type":"create connection"}]}],"currentID":{},"currentNode":{},"hasSelectedNode":[false],"currentConnector":{},"hasSelectedConnector":[false],"readyToMove":[false],"isIncoming":[false],"hasElementMoved":[false]}
