{"idCAM":["673a3512-648e-475f-9f93-6518c33a49d5"],"creator":["647e2500ac34cb60b8e1348d_post"],"projectCAM":["S2_CAM part 2"],"defocusCAM":[null],"date":[1702376595167],"nodes":[{"id":"75542250-4d1f-49d4-be1a-b576e7843fce","value":3,"text":"rescue robot","comment":"","position":{"x":650,"y":400},"isActive":true,"date":1702376596100,"kind":"Node","isSelected":false,"isConnectorSelected":false,"isDraggable":0,"isDeletable":0,"hasElementMoved":false,"eventLog":[{"time":1702376596100,"type":"create node","value":3}],"isTextChangeable":0},{"id":"2343735d-fe8c-4c2c-b60d-3de49c232485","value":0,"text":"disadvantages","comment":"","position":{"x":450,"y":400},"isActive":true,"date":1702376596100,"kind":"Node","isSelected":false,"isConnectorSelected":true,"isDraggable":0,"isDeletable":0,"hasElementMoved":false,"eventLog":[{"time":1702376596100,"type":"create node","value":0}],"isTextChangeable":0},{"id":"33a5120d-fdae-4672-b73c-3faffcfe9512","value":0,"text":"advantages","comment":"","position":{"x":850,"y":400},"isActive":true,"date":1702376596100,"kind":"Node","isSelected":false,"isConnectorSelected":false,"isDraggable":0,"isDeletable":0,"hasElementMoved":false,"eventLog":[{"time":1702376596100,"type":"create node","value":0}],"isTextChangeable":0},{"id":"3cf66942-5790-43ee-a000-a668189552c2","value":0,"text":"fear of machines","comment":"","position":{"x":350.2,"y":235.6},"isActive":true,"date":1702376596100,"kind":"Node","isSelected":false,"isConnectorSelected":false,"isDraggable":1,"isDeletable":1,"hasElementMoved":false,"eventLog":[{"time":1702376596100,"type":"create node","value":-2},{"time":1702376599301,"type":"selected","value":1},{"time":1702376604134,"type":"value","value":0},{"time":1702376604134,"type":"selected","value":0}],"isTextChangeable":1},{"id":"b3ec1a90-c19b-42bd-abd4-16dadb336409","value":2,"text":"more systematic approach","comment":"","position":{"x":902.2,"y":184.6},"isActive":true,"date":1702376596100,"kind":"Node","isSelected":false,"isConnectorSelected":false,"isDraggable":1,"isDeletable":1,"hasElementMoved":false,"eventLog":[{"time":1702376596100,"type":"create node","value":2}],"isTextChangeable":1},{"id":"1962eb03-d4a8-44c7-8353-39e98a62a404","value":2,"text":"higher success chances","comment":"","position":{"x":1039.2,"y":255.6},"isActive":true,"date":1702376596100,"kind":"Node","isSelected":false,"isConnectorSelected":false,"isDraggable":1,"isDeletable":1,"hasElementMoved":false,"eventLog":[{"time":1702376596100,"type":"create node","value":2}],"isTextChangeable":1},{"id":"594798ab-5c4d-4204-9968-2e998733c9b8","value":0,"text":"risk of injury","comment":"","position":{"x":202.2,"y":307.6},"isActive":true,"date":1702376596100,"kind":"Node","isSelected":false,"isConnectorSelected":false,"isDraggable":1,"isDeletable":1,"hasElementMoved":false,"eventLog":[{"time":1702376596100,"type":"create node","value":-2},{"time":1702376613568,"type":"selected","value":1},{"time":1702376622084,"type":"value","value":0},{"time":1702376622084,"type":"selected","value":0}],"isTextChangeable":1},{"id":"cf2655a2-0c50-4a10-a25c-440dbddb99ea","value":2,"text":"deployment in danger zones","comment":"","position":{"x":1057.2,"y":366.6},"isActive":true,"date":1702376596100,"kind":"Node","isSelected":false,"isConnectorSelected":false,"isDraggable":1,"isDeletable":1,"hasElementMoved":false,"eventLog":[{"time":1702376596100,"type":"create node","value":2}],"isTextChangeable":1},{"id":"218868e4-bdb8-444d-aa86-ce54b7f2b0ad","value":-1,"text":"dependence on training data","comment":"","position":{"x":178.2,"y":437.6},"isActive":true,"date":1702376596100,"kind":"Node","isSelected":false,"isConnectorSelected":false,"isDraggable":1,"isDeletable":1,"hasElementMoved":false,"eventLog":[{"time":1702376596100,"type":"create node","value":-1}],"isTextChangeable":1},{"id":"96bd2ba6-6e29-4be2-9bcf-877ba380c30d","value":2,"text":"resistance against weather","comment":"","position":{"x":950.2,"y":500.6},"isActive":true,"date":1702376596100,"kind":"Node","isSelected":false,"isConnectorSelected":false,"isDraggable":1,"isDeletable":1,"hasElementMoved":false,"eventLog":[{"time":1702376596100,"type":"create node","value":2}],"isTextChangeable":1},{"id":"7050961d-8d0e-4a24-8e71-fc539a26ce9f","value":2,"text":"resistance to fatigue","comment":"","position":{"x":1063.2,"y":501.6},"isActive":true,"date":1702376596100,"kind":"Node","isSelected":false,"isConnectorSelected":false,"isDraggable":1,"isDeletable":1,"hasElementMoved":false,"eventLog":[{"time":1702376596100,"type":"create node","value":2}],"isTextChangeable":1},{"id":"289f270d-d4e6-4baa-b3b6-6c22150939a8","value":-1,"text":"dependence on energy supply","comment":"","position":{"x":154.2,"y":497.6},"isActive":true,"date":1702376596100,"kind":"Node","isSelected":false,"isConnectorSelected":false,"isDraggable":1,"isDeletable":1,"hasElementMoved":false,"eventLog":[{"time":1702376596100,"type":"create node","value":-1}],"isTextChangeable":1},{"id":"aeae6452-3f23-4242-83bb-3957759636f4","value":1,"text":"cognitive superiority","comment":"","position":{"x":781.2,"y":565.6},"isActive":true,"date":1702376596100,"kind":"Node","isSelected":false,"isConnectorSelected":false,"isDraggable":1,"isDeletable":1,"hasElementMoved":false,"eventLog":[{"time":1702376596100,"type":"create node","value":1}],"isTextChangeable":1},{"id":"ddad9a49-0b2a-491b-ad83-902ed5a72725","value":1,"text":"larger search radius","comment":"","position":{"x":931.2,"y":625.6},"isActive":true,"date":1702376596100,"kind":"Node","isSelected":false,"isConnectorSelected":false,"isDraggable":1,"isDeletable":1,"hasElementMoved":false,"eventLog":[{"time":1702376596100,"type":"create node","value":1}],"isTextChangeable":1},{"id":"4f4762ea-ec7b-4817-9dec-28968e46c35a","value":1,"text":"air support","comment":"","position":{"x":701.2,"y":201.6},"isActive":true,"date":1702376596100,"kind":"Node","isSelected":false,"isConnectorSelected":false,"isDraggable":1,"isDeletable":1,"hasElementMoved":false,"eventLog":[{"time":1702376596100,"type":"create node","value":1}],"isTextChangeable":1},{"id":"4c06d104-7c22-42e4-888d-1c785471ed32","value":3,"text":"significantly cheaper","comment":"","position":{"x":802.2,"y":105.6},"isActive":true,"date":1702376596100,"kind":"Node","isSelected":false,"isConnectorSelected":false,"isDraggable":1,"isDeletable":1,"hasElementMoved":false,"eventLog":[{"time":1702376596100,"type":"create node","value":3}],"isTextChangeable":1},{"id":"7757bed0-9e6d-4025-a0ff-461d9ea93800","value":-1,"text":"missing interaction","comment":"","position":{"x":372.2,"y":540.6},"isActive":true,"date":1702376596100,"kind":"Node","isSelected":false,"isConnectorSelected":false,"isDraggable":1,"isDeletable":1,"hasElementMoved":false,"eventLog":[{"time":1702376596100,"type":"create node","value":-1}],"isTextChangeable":1},{"id":"639706d7-4282-4852-acba-38a4169a88bf","value":-1,"text":"not capable of empathy","comment":"","position":{"x":487.2,"y":553.6},"isActive":true,"date":1702376596100,"kind":"Node","isSelected":false,"isConnectorSelected":false,"isDraggable":1,"isDeletable":1,"hasElementMoved":false,"eventLog":[{"time":1702376596100,"type":"create node","value":-1}],"isTextChangeable":1},{"id":"6fe8b1b1-4a70-403f-828e-07ff692c52c2","value":-3,"text":"repairs","comment":"","position":{"x":199.2,"y":585.6},"isActive":true,"date":1702376596100,"kind":"Node","isSelected":false,"isConnectorSelected":true,"isDraggable":1,"isDeletable":1,"hasElementMoved":false,"eventLog":[{"time":1702376596100,"type":"create node","value":-2},{"time":1702376628384,"type":"selected","value":1},{"time":1702376631335,"type":"value","value":-3},{"time":1702376631335,"type":"selected","value":0}],"isTextChangeable":1}],"connectors":[{"id":"11d9fb2c-3229-4f4d-8cfc-8e4435136104","source":"75542250-4d1f-49d4-be1a-b576e7843fce","target":"2343735d-fe8c-4c2c-b60d-3de49c232485","agreement":false,"isActive":true,"date":1702376596100,"kind":"Connector","isSelected":false,"intensity":3,"isDeletable":false,"isOver":false,"isBidirectional":false,"eventLog":[{"time":1702376596100,"type":"create connection"}]},{"id":"b5e58945-bca8-4e3d-9f54-43c753bb9b1c","source":"75542250-4d1f-49d4-be1a-b576e7843fce","target":"33a5120d-fdae-4672-b73c-3faffcfe9512","agreement":true,"isActive":true,"date":1702376596100,"kind":"Connector","isSelected":false,"intensity":3,"isDeletable":true,"isOver":false,"isBidirectional":false,"eventLog":[{"time":1702376596100,"type":"create connection"}]},{"id":"492a9ad5-30c5-4255-a160-186a2f4748a3","source":"594798ab-5c4d-4204-9968-2e998733c9b8","target":"2343735d-fe8c-4c2c-b60d-3de49c232485","agreement":false,"isActive":true,"date":1702376596100,"kind":"Connector","isSelected":false,"intensity":3,"isDeletable":true,"isOver":false,"isBidirectional":false,"eventLog":[{"time":1702376596100,"type":"create connection"}]},{"id":"83057539-5c41-4fa1-96a1-0d2d1a060cdb","source":"3cf66942-5790-43ee-a000-a668189552c2","target":"2343735d-fe8c-4c2c-b60d-3de49c232485","agreement":false,"isActive":true,"date":1702376596100,"kind":"Connector","isSelected":false,"intensity":3,"isDeletable":true,"isOver":false,"isBidirectional":false,"eventLog":[{"time":1702376596100,"type":"create connection"},{"time":1702376605001,"type":"selected","value":1},{"time":1702376609067,"type":"change intensity of connector","value":-3},{"time":1702376609067,"type":"selected","value":0}]},{"id":"03aae702-7e0a-4ac0-b0f6-3e8f8740eaa2","source":"b3ec1a90-c19b-42bd-abd4-16dadb336409","target":"33a5120d-fdae-4672-b73c-3faffcfe9512","agreement":true,"isActive":true,"date":1702376596100,"kind":"Connector","isSelected":false,"intensity":6,"isDeletable":true,"isOver":false,"isBidirectional":false,"eventLog":[{"time":1702376596100,"type":"create connection"}]},{"id":"a3d87123-220b-45e7-82c2-67e9af06a19e","source":"1962eb03-d4a8-44c7-8353-39e98a62a404","target":"33a5120d-fdae-4672-b73c-3faffcfe9512","agreement":true,"isActive":true,"date":1702376596100,"kind":"Connector","isSelected":false,"intensity":9,"isDeletable":true,"isOver":false,"isBidirectional":false,"eventLog":[{"time":1702376596100,"type":"create connection"}]},{"id":"14102c0b-e715-4578-bb44-495a57a40ed5","source":"cf2655a2-0c50-4a10-a25c-440dbddb99ea","target":"33a5120d-fdae-4672-b73c-3faffcfe9512","agreement":true,"isActive":true,"date":1702376596100,"kind":"Connector","isSelected":false,"intensity":9,"isDeletable":true,"isOver":false,"isBidirectional":false,"eventLog":[{"time":1702376596100,"type":"create connection"}]},{"id":"f8193a64-d94b-4ebd-8ab7-f95052f6c7ff","source":"218868e4-bdb8-444d-aa86-ce54b7f2b0ad","target":"2343735d-fe8c-4c2c-b60d-3de49c232485","agreement":false,"isActive":true,"date":1702376596100,"kind":"Connector","isSelected":false,"intensity":6,"isDeletable":true,"isOver":false,"isBidirectional":false,"eventLog":[{"time":1702376596100,"type":"create connection"}]},{"id":"67cc716e-fb25-4a4f-88e6-31865e97cd7f","source":"7050961d-8d0e-4a24-8e71-fc539a26ce9f","target":"33a5120d-fdae-4672-b73c-3faffcfe9512","agreement":true,"isActive":true,"date":1702376596100,"kind":"Connector","isSelected":false,"intensity":3,"isDeletable":true,"isOver":false,"isBidirectional":false,"eventLog":[{"time":1702376596100,"type":"create connection"}]},{"id":"a60727ae-0ee6-455e-bd1a-118903f00fdf","source":"96bd2ba6-6e29-4be2-9bcf-877ba380c30d","target":"33a5120d-fdae-4672-b73c-3faffcfe9512","agreement":true,"isActive":true,"date":1702376596100,"kind":"Connector","isSelected":false,"intensity":3,"isDeletable":true,"isOver":false,"isBidirectional":false,"eventLog":[{"time":1702376596100,"type":"create connection"}]},{"id":"c3ad087a-f19d-44f9-b5a2-7288c0b302be","source":"289f270d-d4e6-4baa-b3b6-6c22150939a8","target":"2343735d-fe8c-4c2c-b60d-3de49c232485","agreement":false,"isActive":true,"date":1702376596100,"kind":"Connector","isSelected":false,"intensity":3,"isDeletable":true,"isOver":false,"isBidirectional":false,"eventLog":[{"time":1702376596100,"type":"create connection"}]},{"id":"39499bb7-cc2c-4895-bcdd-839c1ddcf84b","source":"aeae6452-3f23-4242-83bb-3957759636f4","target":"33a5120d-fdae-4672-b73c-3faffcfe9512","agreement":true,"isActive":true,"date":1702376596100,"kind":"Connector","isSelected":false,"intensity":3,"isDeletable":true,"isOver":false,"isBidirectional":false,"eventLog":[{"time":1702376596100,"type":"create connection"}]},{"id":"978f4678-18ad-44a0-89b2-4403583cf3fd","source":"ddad9a49-0b2a-491b-ad83-902ed5a72725","target":"33a5120d-fdae-4672-b73c-3faffcfe9512","agreement":true,"isActive":true,"date":1702376596100,"kind":"Connector","isSelected":false,"intensity":3,"isDeletable":true,"isOver":false,"isBidirectional":false,"eventLog":[{"time":1702376596100,"type":"create connection"}]},{"id":"977f783c-ab11-4215-86a0-962675b4f4db","source":"33a5120d-fdae-4672-b73c-3faffcfe9512","target":"4f4762ea-ec7b-4817-9dec-28968e46c35a","agreement":true,"isActive":true,"date":1702376596100,"kind":"Connector","isSelected":false,"intensity":3,"isDeletable":true,"isOver":false,"isBidirectional":false,"eventLog":[{"time":1702376596100,"type":"create connection"}]},{"id":"821b068c-9e1f-4478-8c70-68d323c5bf87","source":"4c06d104-7c22-42e4-888d-1c785471ed32","target":"33a5120d-fdae-4672-b73c-3faffcfe9512","agreement":true,"isActive":true,"date":1702376596100,"kind":"Connector","isSelected":false,"intensity":9,"isDeletable":true,"isOver":false,"isBidirectional":false,"eventLog":[{"time":1702376596100,"type":"create connection"}]},{"id":"53d332d2-898d-4c5f-8ef7-ed5a214d2389","source":"7757bed0-9e6d-4025-a0ff-461d9ea93800","target":"2343735d-fe8c-4c2c-b60d-3de49c232485","agreement":true,"isActive":true,"date":1702376596100,"kind":"Connector","isSelected":false,"intensity":3,"isDeletable":true,"isOver":false,"isBidirectional":false,"eventLog":[{"time":1702376596100,"type":"create connection"}]},{"id":"cae12539-46dd-4b67-b09c-2c2cce06439b","source":"639706d7-4282-4852-acba-38a4169a88bf","target":"2343735d-fe8c-4c2c-b60d-3de49c232485","agreement":true,"isActive":true,"date":1702376596100,"kind":"Connector","isSelected":false,"intensity":3,"isDeletable":true,"isOver":false,"isBidirectional":false,"eventLog":[{"time":1702376596100,"type":"create connection"}]},{"id":"a1f2a2ad-6445-4f80-baf7-b9a8bc218676","source":"2343735d-fe8c-4c2c-b60d-3de49c232485","target":"6fe8b1b1-4a70-403f-828e-07ff692c52c2","agreement":false,"isActive":true,"date":1702376596100,"kind":"Connector","isSelected":false,"intensity":6,"isDeletable":true,"isOver":false,"isBidirectional":false,"eventLog":[{"time":1702376596100,"type":"create connection"},{"time":1702376622451,"type":"selected","value":1},{"time":1702376628068,"type":"change intensity of connector","value":-6},{"time":1702376628068,"type":"selected","value":0}]}],"currentID":{},"currentNode":{},"hasSelectedNode":[false],"currentConnector":{"id":["a1f2a2ad-6445-4f80-baf7-b9a8bc218676"],"value":{},"source":["2343735d-fe8c-4c2c-b60d-3de49c232485"],"target":["6fe8b1b1-4a70-403f-828e-07ff692c52c2"],"agreement":[false],"isActive":[true],"date":[1702376596100],"kind":["Connector"],"isSelected":[false],"intensity":[6],"isDeletable":[true],"isOver":[false],"isBidirectional":[false],"eventLog":[{"time":1702376596100,"type":"create connection"},{"time":1702376622451,"type":"selected","value":1},{"time":1702376628068,"type":"change intensity of connector","value":-6},{"time":1702376628068,"type":"selected","value":0}]},"hasSelectedConnector":[true],"readyToMove":[false],"isIncoming":[false]}
