{"idCAM":["ad701192-eb60-41df-9aa7-7bf39eb9492a"],"creator":["647e2500ac34cb60b8e1348d_pre"],"projectCAM":["S2_CAM part 1"],"defocusCAM":[null],"date":[1702375793534],"nodes":[{"id":"136de6cb-3322-4fe1-9e70-e619c535e0a9","value":3,"text":"rescue robot","comment":"","position":{"x":650,"y":400},"isActive":true,"date":1702375794418,"kind":"Node","isSelected":false,"isConnectorSelected":false,"isDraggable":0,"isDeletable":0,"hasElementMoved":false,"eventLog":[{"time":1702375794418,"type":"create node","value":0},{"time":1702375840585,"type":"selected","value":1},{"time":1702375844702,"type":"value","value":3},{"time":1702375844702,"type":"selected","value":0}],"isTextChangeable":0},{"id":"83af6f19-542e-44eb-9939-3b91f35877d0","value":0,"text":"disadvantages","comment":"","position":{"x":450,"y":400},"isActive":true,"date":1702375794418,"kind":"Node","isSelected":false,"isConnectorSelected":false,"isDraggable":0,"isDeletable":0,"hasElementMoved":false,"eventLog":[{"time":1702375794418,"type":"create node","value":0},{"time":1702375926104,"type":"selected","value":1},{"time":1702375931071,"type":"selected","value":0}],"isTextChangeable":0},{"id":"965899a2-b557-4a03-836d-ba6e6b9e8d3e","value":0,"text":"advantages","comment":"","position":{"x":850,"y":400},"isActive":true,"date":1702375794418,"kind":"Node","isSelected":false,"isConnectorSelected":false,"isDraggable":0,"isDeletable":0,"hasElementMoved":false,"eventLog":[{"time":1702375794418,"type":"create node","value":0}],"isTextChangeable":0},{"id":"07f9b937-8ae2-4737-a70a-783010b9bee2","value":-2,"text":"fear of machines","comment":"with those affected","position":{"x":350.2,"y":235.6},"isActive":true,"date":1702375809535,"kind":"Node","isSelected":false,"isConnectorSelected":false,"isDraggable":1,"isDeletable":1,"hasElementMoved":false,"eventLog":[{"time":1702375809535,"type":"create node","value":"0"},{"time":1702375812035,"type":"selected","value":"TRUE"},{"time":1702375821052,"type":"text","value":"Angst vor Maschinen"},{"time":1702375821052,"type":"value","value":"-2"},{"time":1702375821052,"type":"selected","value":"FALSE"},{"time":1702376192826,"type":"selected","value":"TRUE"},{"time":1702376202259,"type":"comment","value":"bei Betroffenen"},{"time":1702376202259,"type":"selected","value":"FALSE"}],"isTextChangeable":1},{"id":"55e80e7b-805e-4294-8945-415648589b82","value":2,"text":"more systematic approach","comment":"","position":{"x":902.2,"y":184.6},"isActive":true,"date":1702375822002,"kind":"Node","isSelected":false,"isConnectorSelected":false,"isDraggable":1,"isDeletable":1,"hasElementMoved":false,"eventLog":[{"time":1702375822002,"type":"create node","value":"0"},{"time":1702375822202,"type":"selected","value":"TRUE"},{"time":1702375838602,"type":"text","value":"Systematischeres Vorgehen"},{"time":1702375838602,"type":"value","value":"2"},{"time":1702375838602,"type":"selected","value":"FALSE"}],"isTextChangeable":1},{"id":"756c0fb2-aaf9-400b-aab1-3fe2ec3ce0c6","value":2,"text":"higher success chances","comment":"","position":{"x":1039.2,"y":255.6},"isActive":true,"date":1702375845485,"kind":"Node","isSelected":false,"isConnectorSelected":false,"isDraggable":1,"isDeletable":1,"hasElementMoved":false,"eventLog":[{"time":1702375845485,"type":"create node","value":"0"},{"time":1702375846635,"type":"selected","value":"TRUE"},{"time":1702375853336,"type":"text","value":"Höhere Erfolgschancen"},{"time":1702375853336,"type":"value","value":"2"},{"time":1702375853336,"type":"selected","value":"FALSE"}],"isTextChangeable":1},{"id":"0543dd80-1aad-45cc-b903-84e04aa2258e","value":-2,"text":"risk of injury","comment":"with improper treatment of the missing/injured persons","position":{"x":202.2,"y":307.6},"isActive":true,"date":1702375854369,"kind":"Node","isSelected":false,"isConnectorSelected":false,"isDraggable":1,"isDeletable":1,"hasElementMoved":false,"eventLog":[{"time":1702375854369,"type":"create node","value":"0"},{"time":1702375855802,"type":"selected","value":"TRUE"},{"time":1702375864436,"type":"text","value":"Verletzungsgefahr?"},{"time":1702375864436,"type":"value","value":"-2"},{"time":1702375864436,"type":"selected","value":"FALSE"},{"time":1702375892053,"type":"selected","value":"TRUE"},{"time":1702375917254,"type":"comment","value":"bei unsachgemäßer Behandlung der vermissten/verletzten Personen"},{"time":1702375917254,"type":"selected","value":"FALSE"}],"isTextChangeable":1},{"id":"ec617490-6604-4af7-996d-dd9f07200247","value":2,"text":"deployment in danger zones","comment":"","position":{"x":1057.2,"y":366.6},"isActive":true,"date":1702375872769,"kind":"Node","isSelected":false,"isConnectorSelected":false,"isDraggable":1,"isDeletable":1,"hasElementMoved":false,"eventLog":[{"time":1702375872769,"type":"create node","value":"0"},{"time":1702375875053,"type":"selected","value":"TRUE"},{"time":1702375891653,"type":"text","value":"Einsatz in Gefahrengebieten"},{"time":1702375891653,"type":"value","value":"2"},{"time":1702375891653,"type":"selected","value":"FALSE"}],"isTextChangeable":1},{"id":"2036705a-1b08-4739-bcb1-c7f484e7e69f","value":-1,"text":"dependence on training data","comment":"Structural disadvantage possible in AI-assisted recognition of missing/injured people","position":{"x":178.2,"y":437.6},"isActive":true,"date":1702375935087,"kind":"Node","isSelected":false,"isConnectorSelected":false,"isDraggable":1,"isDeletable":1,"hasElementMoved":false,"eventLog":[{"time":"1702375935087","type":"create node","value":[0]},{"time":"1702375937237","type":"selected","value":[true]},{"time":"1702375974055","type":"text","value":["Abhängigkeit von Trainingsdaten"]},{"time":"1702375974055","type":"value","value":[-1]},{"time":"1702375974055","type":"comment","value":["Strukturelle Benachteiligung möglich"]},{"time":"1702375974055","type":"selected","value":[false]},{"time":"2023-12-12T10:12:56.055Z","type":"position","value":{"x":[302.2],"y":[432.6]}},{"time":"1702376327195","type":"selected","value":[true]},{"time":"1702376349296","type":"comment","value":["Strukturelle Benachteiligung möglich bei KI-gestützter Erkennung von Vermissten/Verletzten"]},{"time":"1702376349296","type":"selected","value":[false]}],"isTextChangeable":1},{"id":"52952ca7-686d-4365-ab53-03d567e4239c","value":2,"text":"resistance against weather","comment":"","position":{"x":950.2,"y":500.6},"isActive":true,"date":1702376007255,"kind":"Node","isSelected":false,"isConnectorSelected":false,"isDraggable":1,"isDeletable":1,"hasElementMoved":false,"eventLog":[{"time":1702376007255,"type":"create node","value":"0"},{"time":1702376008189,"type":"selected","value":"TRUE"},{"time":1702376021839,"type":"text","value":"Resistenz gegen Wetter"},{"time":1702376021839,"type":"value","value":"2"},{"time":1702376021839,"type":"selected","value":"FALSE"}],"isTextChangeable":1},{"id":"68ef4195-3c1f-41a4-af4d-f53119540638","value":2,"text":"resistance to fatigue","comment":"","position":{"x":1063.2,"y":501.6},"isActive":true,"date":1702376022322,"kind":"Node","isSelected":false,"isConnectorSelected":false,"isDraggable":1,"isDeletable":1,"hasElementMoved":false,"eventLog":[{"time":1702376022322,"type":"create node","value":"0"},{"time":1702376022539,"type":"selected","value":"TRUE"},{"time":1702376033206,"type":"text","value":"Resistenz gegen Müdigkeit"},{"time":1702376033206,"type":"value","value":"2"},{"time":1702376033206,"type":"selected","value":"FALSE"}],"isTextChangeable":1},{"id":"12905d59-65a3-4b18-8b0a-a65af9e48281","value":-1,"text":"dependence on energy supply","comment":"","position":{"x":154.2,"y":497.6},"isActive":true,"date":1702376035639,"kind":"Node","isSelected":false,"isConnectorSelected":false,"isDraggable":1,"isDeletable":1,"hasElementMoved":false,"eventLog":[{"time":1702376035639,"type":"create node","value":"0"},{"time":1702376036756,"type":"selected","value":"TRUE"},{"time":1702376052190,"type":"text","value":"Abhängigkeit zu Energieversorgung"},{"time":1702376052190,"type":"value","value":"-1"},{"time":1702376052190,"type":"selected","value":"FALSE"}],"isTextChangeable":1},{"id":"78293948-4c21-4835-8ea2-9f806258c3cc","value":1,"text":"cognitive superiority","comment":"opposite human search parties","position":{"x":781.2,"y":565.6},"isActive":true,"date":1702376093157,"kind":"Node","isSelected":false,"isConnectorSelected":false,"isDraggable":1,"isDeletable":1,"hasElementMoved":false,"eventLog":[{"time":1702376093157,"type":"create node","value":"0"},{"time":1702376094757,"type":"selected","value":"TRUE"},{"time":1702376112824,"type":"text","value":"Kognitive Überlegenheit"},{"time":1702376112824,"type":"value","value":"1"},{"time":1702376112824,"type":"comment","value":"gegenüber menschlichen Suchtrupps"},{"time":1702376112824,"type":"selected","value":"FALSE"}],"isTextChangeable":1},{"id":"76f9b194-054a-4ab5-97fd-3d0d2c88472d","value":1,"text":"larger search radius","comment":"","position":{"x":931.2,"y":625.6},"isActive":true,"date":1702376114541,"kind":"Node","isSelected":false,"isConnectorSelected":false,"isDraggable":1,"isDeletable":1,"hasElementMoved":false,"eventLog":[{"time":1702376114541,"type":"create node","value":"0"},{"time":1702376120058,"type":"selected","value":"TRUE"},{"time":1702376135025,"type":"text","value":"Größerer Suchradius"},{"time":1702376135025,"type":"value","value":"1"},{"time":1702376135025,"type":"selected","value":"FALSE"}],"isTextChangeable":1},{"id":"893091e5-eeb9-4884-b117-9d9b33b20378","value":1,"text":"air support","comment":"","position":{"x":701.2,"y":201.6},"isActive":true,"date":1702376141308,"kind":"Node","isSelected":false,"isConnectorSelected":false,"isDraggable":1,"isDeletable":1,"hasElementMoved":false,"eventLog":[{"time":1702376141308,"type":"create node","value":"0"},{"time":1702376141675,"type":"selected","value":"TRUE"},{"time":1702376158708,"type":"text","value":"Luftunterstützung"},{"time":1702376158708,"type":"value","value":"1"},{"time":1702376158708,"type":"selected","value":"FALSE"}],"isTextChangeable":1},{"id":"4f726c14-5eb1-4e6d-8a83-008859ff0207","value":3,"text":"significantly cheaper","comment":"","position":{"x":802.2,"y":105.6},"isActive":true,"date":1702376161075,"kind":"Node","isSelected":false,"isConnectorSelected":false,"isDraggable":1,"isDeletable":1,"hasElementMoved":false,"eventLog":[{"time":1702376161075,"type":"create node","value":"0"},{"time":1702376163342,"type":"selected","value":"TRUE"},{"time":1702376170225,"type":"text","value":"Deutlich günstiger"},{"time":1702376170225,"type":"value","value":"3"},{"time":1702376170225,"type":"selected","value":"FALSE"},{"time":1702376176409,"type":"selected","value":"TRUE"},{"time":1702376180376,"type":"selected","value":"FALSE"}],"isTextChangeable":1},{"id":"9a3b3239-893d-4589-8863-2466c9ce9e96","value":-1,"text":"missing interaction","comment":"compared to human rescuers","position":{"x":372.2,"y":540.6},"isActive":true,"date":1702376203526,"kind":"Node","isSelected":false,"isConnectorSelected":false,"isDraggable":1,"isDeletable":1,"hasElementMoved":false,"eventLog":[{"time":1702376203526,"type":"create node","value":"0"},{"time":1702376203909,"type":"selected","value":"TRUE"},{"time":1702376222076,"type":"text","value":"Fehlende Interaktion"},{"time":1702376222076,"type":"value","value":"-1"},{"time":1702376222076,"type":"comment","value":"im Vergleich zu menschlichen Rettern"},{"time":1702376222076,"type":"selected","value":"FALSE"}],"isTextChangeable":1},{"id":"9b4fb7a4-7ccc-45c5-8c2f-d400cfc4d303","value":-1,"text":"not capable of empathy","comment":"","position":{"x":487.2,"y":553.6},"isActive":true,"date":1702376223043,"kind":"Node","isSelected":false,"isConnectorSelected":false,"isDraggable":1,"isDeletable":1,"hasElementMoved":false,"eventLog":[{"time":"1702376223043","type":"create node","value":[0]},{"time":"2023-12-12T10:17:04.960Z","type":"position","value":{"x":[487.2],"y":[555.6]}},{"time":"1702376225676","type":"selected","value":[true]},{"time":"1702376232843","type":"text","value":["nicht empathiefähig"]},{"time":"1702376232843","type":"value","value":[-1]},{"time":"1702376232843","type":"selected","value":[false]}],"isTextChangeable":1},{"id":"6a5b0221-d378-4dd0-b2c3-a0de540c199a","value":-2,"text":"repairs","comment":"Potentially difficult when defects occur during use","position":{"x":199.2,"y":585.6},"isActive":true,"date":1702376283661,"kind":"Node","isSelected":false,"isConnectorSelected":false,"isDraggable":1,"isDeletable":1,"hasElementMoved":false,"eventLog":[{"time":"1702376283661","type":"create node","value":[0]},{"time":"1702376285811","type":"selected","value":[true]},{"time":"1702376311561","type":"text","value":["Reparaturen"]},{"time":"1702376311561","type":"value","value":[-2]},{"time":"1702376311561","type":"comment","value":["ggf. schwierig wenn bei Einsatz Defekte auftreten"]},{"time":"1702376311561","type":"selected","value":[false]},{"time":"2023-12-12T10:18:34.495Z","type":"position","value":{"x":[283.2],"y":[634.6]}}],"isTextChangeable":1},{"id":"8e104b47-a035-4d93-b817-c87e75c33b42","value":0,"text":"","comment":"","position":{"x":451.2,"y":610.6},"isActive":false,"date":1702376315578,"kind":"Node","isSelected":false,"isConnectorSelected":false,"isDraggable":1,"isDeletable":1,"hasElementMoved":false,"eventLog":[{"time":1702376315578,"type":"create node","value":0},{"time":1702376440147,"type":"node was deleted","value":-77}],"isTextChangeable":1}],"connectors":[{"id":"3fd0df77-6c93-406b-8f0e-07c7a11c351c","source":"136de6cb-3322-4fe1-9e70-e619c535e0a9","target":"83af6f19-542e-44eb-9939-3b91f35877d0","agreement":false,"isActive":true,"date":1702375794418,"kind":"Connector","isSelected":false,"intensity":3,"isDeletable":false,"isOver":false,"isBidirectional":false,"eventLog":[{"time":1702375794418,"type":"create connection"},{"time":1702375986605,"type":"selected","value":1},{"time":1702375991838,"type":"change intensity of connector","value":-3},{"time":1702375991838,"type":"selected","value":0}]},{"id":"a2ef0510-88a8-450a-96a5-761db3fbec5f","source":"136de6cb-3322-4fe1-9e70-e619c535e0a9","target":"965899a2-b557-4a03-836d-ba6e6b9e8d3e","agreement":true,"isActive":true,"date":1702375794418,"kind":"Connector","isSelected":false,"intensity":3,"isDeletable":true,"isOver":false,"isBidirectional":false,"eventLog":[{"time":1702375794418,"type":"create connection"}]},{"id":"f80fd290-fbea-41a5-9486-035c90eea6b5","source":"0543dd80-1aad-45cc-b903-84e04aa2258e","target":"83af6f19-542e-44eb-9939-3b91f35877d0","agreement":false,"isActive":true,"date":1702375865469,"kind":"Connector","isSelected":false,"intensity":3,"isDeletable":true,"isOver":false,"isBidirectional":false,"eventLog":[{"time":1702375865469,"type":"create connection"},{"time":1702376074140,"type":"selected","value":1},{"time":1702376075740,"type":"change intensity of connector","value":-3},{"time":1702376075740,"type":"selected","value":0}]},{"id":"922d77be-5de5-4178-84a2-b2afed841510","source":"07f9b937-8ae2-4737-a70a-783010b9bee2","target":"83af6f19-542e-44eb-9939-3b91f35877d0","agreement":false,"isActive":true,"date":1702375866619,"kind":"Connector","isSelected":false,"intensity":3,"isDeletable":true,"isOver":false,"isBidirectional":false,"eventLog":[{"time":1702375866619,"type":"create connection"},{"time":1702376071773,"type":"selected","value":1},{"time":1702376073923,"type":"change intensity of connector","value":-3},{"time":1702376073923,"type":"selected","value":0}]},{"id":"4f7dc6b9-5412-4b68-8321-c8c4d52dd68a","source":"55e80e7b-805e-4294-8945-415648589b82","target":"965899a2-b557-4a03-836d-ba6e6b9e8d3e","agreement":true,"isActive":true,"date":1702375868636,"kind":"Connector","isSelected":false,"intensity":6,"isDeletable":true,"isOver":false,"isBidirectional":false,"eventLog":[{"time":1702375868636,"type":"create connection"},{"time":1702375980538,"type":"selected","value":1},{"time":1702375983622,"type":"change intensity of connector","value":6},{"time":1702375983622,"type":"selected","value":0}]},{"id":"54aa2ffb-ac49-47f3-a6e5-5ccc4ca49472","source":"756c0fb2-aaf9-400b-aab1-3fe2ec3ce0c6","target":"965899a2-b557-4a03-836d-ba6e6b9e8d3e","agreement":true,"isActive":true,"date":1702375869769,"kind":"Connector","isSelected":false,"intensity":9,"isDeletable":true,"isOver":false,"isBidirectional":false,"eventLog":[{"time":1702375869769,"type":"create connection"},{"time":1702375992488,"type":"selected","value":1},{"time":1702375996805,"type":"change intensity of connector","value":9},{"time":1702375996805,"type":"selected","value":0}]},{"id":"f5c75715-340a-4c2d-891f-1c5ef003424b","source":"ec617490-6604-4af7-996d-dd9f07200247","target":"965899a2-b557-4a03-836d-ba6e6b9e8d3e","agreement":true,"isActive":true,"date":1702375919670,"kind":"Connector","isSelected":false,"intensity":9,"isDeletable":true,"isOver":false,"isBidirectional":false,"eventLog":[{"time":1702375919670,"type":"create connection"},{"time":1702375998455,"type":"selected","value":1},{"time":1702376000155,"type":"change intensity of connector","value":9},{"time":1702376000155,"type":"selected","value":0}]},{"id":"fa8822d5-b170-49a9-9646-9f975dfd2ce1","source":"2036705a-1b08-4739-bcb1-c7f484e7e69f","target":"83af6f19-542e-44eb-9939-3b91f35877d0","agreement":false,"isActive":true,"date":1702375975205,"kind":"Connector","isSelected":false,"intensity":6,"isDeletable":true,"isOver":false,"isBidirectional":false,"eventLog":[{"time":1702375975205,"type":"create connection"},{"time":1702376067207,"type":"selected","value":1},{"time":1702376070557,"type":"change intensity of connector","value":-6},{"time":1702376070557,"type":"selected","value":0}]},{"id":"7a394feb-52d8-42e5-8b3e-062ec9469126","source":"68ef4195-3c1f-41a4-af4d-f53119540638","target":"965899a2-b557-4a03-836d-ba6e6b9e8d3e","agreement":true,"isActive":true,"date":1702376034073,"kind":"Connector","isSelected":false,"intensity":3,"isDeletable":true,"isOver":false,"isBidirectional":false,"eventLog":[{"time":1702376034073,"type":"create connection"}]},{"id":"fba874b1-fe03-4e8c-820e-b4e2d2c5d651","source":"52952ca7-686d-4365-ab53-03d567e4239c","target":"965899a2-b557-4a03-836d-ba6e6b9e8d3e","agreement":true,"isActive":true,"date":1702376034989,"kind":"Connector","isSelected":false,"intensity":3,"isDeletable":true,"isOver":false,"isBidirectional":false,"eventLog":[{"time":1702376034989,"type":"create connection"}]},{"id":"eb23fd08-62bd-47c1-a140-904cbce02efe","source":"12905d59-65a3-4b18-8b0a-a65af9e48281","target":"83af6f19-542e-44eb-9939-3b91f35877d0","agreement":false,"isActive":true,"date":1702376053373,"kind":"Connector","isSelected":false,"intensity":3,"isDeletable":true,"isOver":false,"isBidirectional":false,"eventLog":[{"time":1702376053373,"type":"create connection"},{"time":1702376062306,"type":"selected","value":1},{"time":1702376065423,"type":"change intensity of connector","value":-3},{"time":1702376065423,"type":"selected","value":0}]},{"id":"3cde05f8-ccb7-475a-8d82-3cada7fa7d2c","source":"78293948-4c21-4835-8ea2-9f806258c3cc","target":"965899a2-b557-4a03-836d-ba6e6b9e8d3e","agreement":true,"isActive":true,"date":1702376114024,"kind":"Connector","isSelected":false,"intensity":3,"isDeletable":true,"isOver":false,"isBidirectional":false,"eventLog":[{"time":1702376114024,"type":"create connection"}]},{"id":"cfe1f87b-5b3c-4e76-9fa2-770825c750b1","source":"76f9b194-054a-4ab5-97fd-3d0d2c88472d","target":"965899a2-b557-4a03-836d-ba6e6b9e8d3e","agreement":true,"isActive":true,"date":1702376136191,"kind":"Connector","isSelected":false,"intensity":3,"isDeletable":true,"isOver":false,"isBidirectional":false,"eventLog":[{"time":1702376136191,"type":"create connection"}]},{"id":"dd2f0653-3bcb-48a6-a6e2-37b25fbb1ac1","source":"965899a2-b557-4a03-836d-ba6e6b9e8d3e","target":"893091e5-eeb9-4884-b117-9d9b33b20378","agreement":true,"isActive":true,"date":1702376160042,"kind":"Connector","isSelected":false,"intensity":3,"isDeletable":true,"isOver":false,"isBidirectional":false,"eventLog":[{"time":1702376160042,"type":"create connection"}]},{"id":"52508dbd-6177-4e17-a46c-03067d176ae3","source":"4f726c14-5eb1-4e6d-8a83-008859ff0207","target":"965899a2-b557-4a03-836d-ba6e6b9e8d3e","agreement":true,"isActive":true,"date":1702376173909,"kind":"Connector","isSelected":false,"intensity":9,"isDeletable":true,"isOver":false,"isBidirectional":false,"eventLog":[{"time":1702376173909,"type":"create connection"},{"time":1702376180792,"type":"selected","value":1},{"time":1702376183809,"type":"change intensity of connector","value":9},{"time":1702376183809,"type":"selected","value":0}]},{"id":"45d97c66-d9e5-4127-9714-2855af194958","source":"9a3b3239-893d-4589-8863-2466c9ce9e96","target":"83af6f19-542e-44eb-9939-3b91f35877d0","agreement":true,"isActive":true,"date":1702376234027,"kind":"Connector","isSelected":false,"intensity":3,"isDeletable":true,"isOver":false,"isBidirectional":false,"eventLog":[{"time":1702376234027,"type":"create connection"}]},{"id":"fd54ed59-f016-4874-8e9c-b370c1958823","source":"9b4fb7a4-7ccc-45c5-8c2f-d400cfc4d303","target":"83af6f19-542e-44eb-9939-3b91f35877d0","agreement":true,"isActive":true,"date":1702376234910,"kind":"Connector","isSelected":false,"intensity":3,"isDeletable":true,"isOver":false,"isBidirectional":false,"eventLog":[{"time":1702376234910,"type":"create connection"}]},{"id":"9bc37d3a-9d57-4eb1-8358-bd203b6110f5","source":"83af6f19-542e-44eb-9939-3b91f35877d0","target":"6a5b0221-d378-4dd0-b2c3-a0de540c199a","agreement":true,"isActive":true,"date":1702376313028,"kind":"Connector","isSelected":false,"intensity":3,"isDeletable":true,"isOver":false,"isBidirectional":false,"eventLog":[{"time":1702376313028,"type":"create connection"}]}],"currentID":{},"currentNode":{},"hasSelectedNode":[false],"currentConnector":{},"hasSelectedConnector":[false],"readyToMove":[false],"isIncoming":[false],"hasElementMoved":[false]}
