{"idCAM":["7e067bd1-09c4-4422-a6fa-291a7d33538b"],"creator":["6480b08b4e783b4c327cf4a8_post"],"projectCAM":["S2_CAM part 2"],"defocusCAM":[],"date":[1702315370061],"nodes":[{"id":"5eefce47-03b1-43bf-b2f6-543aa781ad72","value":0,"text":"social assistance robot","comment":"","position":{"x":650,"y":400},"isActive":true,"date":1702315370949,"kind":"Node","isSelected":false,"isConnectorSelected":false,"isDraggable":0,"isDeletable":0,"hasElementMoved":false,"eventLog":[{"time":1702315370949,"type":"create node","value":0}],"isTextChangeable":0},{"id":"26a32c91-0d9a-462a-b63d-ffd2bdfbb6c1","value":0,"text":"disadvantages","comment":"","position":{"x":450,"y":400},"isActive":true,"date":1702315370949,"kind":"Node","isSelected":false,"isConnectorSelected":false,"isDraggable":0,"isDeletable":0,"hasElementMoved":false,"eventLog":[{"time":1702315370949,"type":"create node","value":0}],"isTextChangeable":0},{"id":"0548683a-a312-448e-b998-bdfad677f4f3","value":0,"text":"advantages","comment":"","position":{"x":850,"y":400},"isActive":true,"date":1702315370949,"kind":"Node","isSelected":false,"isConnectorSelected":false,"isDraggable":0,"isDeletable":0,"hasElementMoved":false,"eventLog":[{"time":1702315370949,"type":"create node","value":0}],"isTextChangeable":0},{"id":"2854226d-15a7-49ef-ba73-fc3425edd023","value":-3,"text":"possible dependency","comment":"","position":{"x":332.4,"y":294.6},"isActive":true,"date":1702315370949,"kind":"Node","isSelected":false,"isConnectorSelected":false,"isDraggable":1,"isDeletable":1,"hasElementMoved":false,"eventLog":[{"time":1702315370949,"type":"create node","value":-3}],"isTextChangeable":1},{"id":"f038ee34-97e5-4e51-9868-e119ea7b5dd4","value":3,"text":"more interactions lonely","comment":"","position":{"x":935.4,"y":281.6},"isActive":true,"date":1702315370949,"kind":"Node","isSelected":false,"isConnectorSelected":false,"isDraggable":1,"isDeletable":1,"hasElementMoved":false,"eventLog":[{"time":1702315370949,"type":"create node","value":3}],"isTextChangeable":1},{"id":"eeff00cc-8c48-4e32-8c11-5d835de3c50b","value":3,"text":"therapeutic effect","comment":"","position":{"x":934.4,"y":153.6},"isActive":true,"date":1702315370949,"kind":"Node","isSelected":false,"isConnectorSelected":false,"isDraggable":1,"isDeletable":1,"hasElementMoved":false,"eventLog":[{"time":1702315370949,"type":"create node","value":3}],"isTextChangeable":1},{"id":"20dbc7eb-d6d1-420f-ad6d-85fe2589271b","value":3,"text":"educational support","comment":"","position":{"x":1016.4,"y":409.6},"isActive":true,"date":1702315370949,"kind":"Node","isSelected":false,"isConnectorSelected":false,"isDraggable":1,"isDeletable":1,"hasElementMoved":false,"eventLog":[{"time":1702315370949,"type":"create node","value":3}],"isTextChangeable":1},{"id":"f025195f-b252-4a88-8f89-54efed73c704","value":3,"text":"athletic support","comment":"","position":{"x":940.4,"y":555.6},"isActive":true,"date":1702315370949,"kind":"Node","isSelected":false,"isConnectorSelected":false,"isDraggable":1,"isDeletable":1,"hasElementMoved":false,"eventLog":[{"time":1702315370949,"type":"create node","value":3}],"isTextChangeable":1},{"id":"64113293-d602-4bc3-bcdc-652ca64513a5","value":3,"text":"preventive support","comment":"","position":{"x":796.4,"y":273.6},"isActive":true,"date":1702315370949,"kind":"Node","isSelected":false,"isConnectorSelected":false,"isDraggable":1,"isDeletable":1,"hasElementMoved":false,"eventLog":[{"time":1702315370949,"type":"create node","value":3}],"isTextChangeable":1},{"id":"06ac6ff6-a398-4ddd-9d05-3fc4b45de70e","value":-3,"text":"loss of social skills","comment":"","position":{"x":456.4,"y":231.6},"isActive":true,"date":1702315370949,"kind":"Node","isSelected":false,"isConnectorSelected":false,"isDraggable":1,"isDeletable":1,"hasElementMoved":false,"eventLog":[{"time":1702315370949,"type":"create node","value":-3}],"isTextChangeable":1},{"id":"2e4fcda0-8cc7-4eac-bb56-a89e9c912490","value":-3,"text":"unemployment of social forces","comment":"","position":{"x":288.4,"y":397.6},"isActive":true,"date":1702315370949,"kind":"Node","isSelected":false,"isConnectorSelected":false,"isDraggable":1,"isDeletable":1,"hasElementMoved":false,"eventLog":[{"time":1702315370949,"type":"create node","value":-3}],"isTextChangeable":1},{"id":"f4ec02c0-d789-499b-b8d0-d3603f9db491","value":-3,"text":"higher health insurance costs","comment":"","position":{"x":255.4,"y":174.6},"isActive":true,"date":1702315370949,"kind":"Node","isSelected":false,"isConnectorSelected":false,"isDraggable":1,"isDeletable":1,"hasElementMoved":false,"eventLog":[{"time":1702315370949,"type":"create node","value":-3}],"isTextChangeable":1},{"id":"d9148ef0-16aa-4ec5-afda-142f5eae2c95","value":-3,"text":"higher social costs","comment":"","position":{"x":149.4,"y":452.6},"isActive":true,"date":1702315370949,"kind":"Node","isSelected":false,"isConnectorSelected":false,"isDraggable":1,"isDeletable":1,"hasElementMoved":false,"eventLog":[{"time":1702315370949,"type":"create node","value":-3}],"isTextChangeable":1},{"id":"1bd11ef0-bf02-4153-b186-5762ae907dcc","value":0,"text":"","comment":"","position":{"x":1060.4,"y":232.6},"isActive":true,"date":1702315380928,"kind":"Node","isSelected":false,"isConnectorSelected":false,"isDraggable":1,"isDeletable":1,"hasElementMoved":false,"eventLog":[{"time":1702315380928,"type":"create node","value":0}],"isTextChangeable":1}],"connectors":[{"id":"82953b84-0ead-4dc9-9d47-a7e4fb19fe41","source":"5eefce47-03b1-43bf-b2f6-543aa781ad72","target":"26a32c91-0d9a-462a-b63d-ffd2bdfbb6c1","agreement":true,"isActive":true,"date":1702315370950,"kind":"Connector","isSelected":false,"intensity":3,"isDeletable":false,"isOver":false,"isBidirectional":false,"eventLog":[{"time":1702315370950,"type":"create connection"}]},{"id":"1803a5b8-0df7-4afb-bdb0-787281edb922","source":"5eefce47-03b1-43bf-b2f6-543aa781ad72","target":"0548683a-a312-448e-b998-bdfad677f4f3","agreement":true,"isActive":true,"date":1702315370950,"kind":"Connector","isSelected":false,"intensity":3,"isDeletable":true,"isOver":false,"isBidirectional":false,"eventLog":[{"time":1702315370950,"type":"create connection"}]},{"id":"cc6238d0-48d2-4379-a655-eed6105d1375","source":"2854226d-15a7-49ef-ba73-fc3425edd023","target":"26a32c91-0d9a-462a-b63d-ffd2bdfbb6c1","agreement":true,"isActive":true,"date":1702315370950,"kind":"Connector","isSelected":false,"intensity":3,"isDeletable":true,"isOver":false,"isBidirectional":false,"eventLog":[{"time":1702315370950,"type":"create connection"}]},{"id":"0f2cdb4e-4f41-4a10-969d-0feb5d411f80","source":"f038ee34-97e5-4e51-9868-e119ea7b5dd4","target":"0548683a-a312-448e-b998-bdfad677f4f3","agreement":true,"isActive":true,"date":1702315370950,"kind":"Connector","isSelected":false,"intensity":3,"isDeletable":true,"isOver":false,"isBidirectional":false,"eventLog":[{"time":1702315370950,"type":"create connection"}]},{"id":"70bde807-11cc-4455-9bf4-82cf93387eac","source":"eeff00cc-8c48-4e32-8c11-5d835de3c50b","target":"f038ee34-97e5-4e51-9868-e119ea7b5dd4","agreement":true,"isActive":true,"date":1702315370950,"kind":"Connector","isSelected":false,"intensity":3,"isDeletable":true,"isOver":false,"isBidirectional":false,"eventLog":[{"time":1702315370950,"type":"create connection"}]},{"id":"b58c6895-3b34-4c73-98f9-4ef65f835ba3","source":"20dbc7eb-d6d1-420f-ad6d-85fe2589271b","target":"0548683a-a312-448e-b998-bdfad677f4f3","agreement":true,"isActive":true,"date":1702315370950,"kind":"Connector","isSelected":false,"intensity":3,"isDeletable":true,"isOver":false,"isBidirectional":false,"eventLog":[{"time":1702315370950,"type":"create connection"}]},{"id":"195cac82-b090-40ee-8dfe-2dd2194140ec","source":"f025195f-b252-4a88-8f89-54efed73c704","target":"0548683a-a312-448e-b998-bdfad677f4f3","agreement":true,"isActive":true,"date":1702315370950,"kind":"Connector","isSelected":false,"intensity":3,"isDeletable":true,"isOver":false,"isBidirectional":false,"eventLog":[{"time":1702315370950,"type":"create connection"}]},{"id":"17df5377-f72a-43de-a646-9001442decb6","source":"64113293-d602-4bc3-bcdc-652ca64513a5","target":"0548683a-a312-448e-b998-bdfad677f4f3","agreement":true,"isActive":true,"date":1702315370950,"kind":"Connector","isSelected":false,"intensity":3,"isDeletable":true,"isOver":false,"isBidirectional":false,"eventLog":[{"time":1702315370950,"type":"create connection"}]},{"id":"027bc4a5-8237-4e8c-8666-05c08584bf07","source":"06ac6ff6-a398-4ddd-9d05-3fc4b45de70e","target":"26a32c91-0d9a-462a-b63d-ffd2bdfbb6c1","agreement":true,"isActive":true,"date":1702315370950,"kind":"Connector","isSelected":false,"intensity":3,"isDeletable":true,"isOver":false,"isBidirectional":false,"eventLog":[{"time":1702315370950,"type":"create connection"}]},{"id":"2b8c90eb-0a95-4ce0-8f63-86aaf1f37970","source":"2e4fcda0-8cc7-4eac-bb56-a89e9c912490","target":"26a32c91-0d9a-462a-b63d-ffd2bdfbb6c1","agreement":true,"isActive":true,"date":1702315370950,"kind":"Connector","isSelected":false,"intensity":3,"isDeletable":true,"isOver":false,"isBidirectional":false,"eventLog":[{"time":1702315370950,"type":"create connection"}]},{"id":"e27f5b90-4998-47e3-8859-b096663435e8","source":"f4ec02c0-d789-499b-b8d0-d3603f9db491","target":"2854226d-15a7-49ef-ba73-fc3425edd023","agreement":true,"isActive":true,"date":1702315370950,"kind":"Connector","isSelected":false,"intensity":3,"isDeletable":true,"isOver":false,"isBidirectional":false,"eventLog":[{"time":1702315370950,"type":"create connection"}]},{"id":"3b6333d6-e7a4-4e3d-b733-80113fc26c39","source":"f4ec02c0-d789-499b-b8d0-d3603f9db491","target":"06ac6ff6-a398-4ddd-9d05-3fc4b45de70e","agreement":true,"isActive":true,"date":1702315370950,"kind":"Connector","isSelected":false,"intensity":3,"isDeletable":true,"isOver":false,"isBidirectional":false,"eventLog":[{"time":1702315370950,"type":"create connection"}]},{"id":"4ce53463-4c1f-4303-9d8f-1d18c5e1a268","source":"d9148ef0-16aa-4ec5-afda-142f5eae2c95","target":"2e4fcda0-8cc7-4eac-bb56-a89e9c912490","agreement":true,"isActive":true,"date":1702315370950,"kind":"Connector","isSelected":false,"intensity":3,"isDeletable":true,"isOver":false,"isBidirectional":false,"eventLog":[{"time":1702315370950,"type":"create connection"}]}],"currentID":{},"currentNode":{},"hasSelectedNode":[false],"currentConnector":{},"hasSelectedConnector":[false],"readyToMove":[false],"isIncoming":[false]}
