{"idCAM":["d3cafa8c-ff3f-495f-b88f-e3ff0aad8276"],"creator":["6480b160d51d051b42f67b3d_pre"],"projectCAM":["S2_CAM part 1"],"defocusCAM":[],"date":[1702310364739],"nodes":[{"id":"1db90f97-3d57-42a0-a1df-ff1775531e78","value":10,"text":"social assistance robot","comment":"","position":{"x":650,"y":400},"isActive":true,"date":1702310365641,"kind":"Node","isSelected":false,"isConnectorSelected":false,"isDraggable":0,"isDeletable":0,"hasElementMoved":false,"eventLog":[{"time":1702310365641,"type":"create node","value":0},{"time":1702310401757,"type":"selected","value":1},{"time":1702310410318,"type":"value","value":10},{"time":1702310410318,"type":"selected","value":0}],"isTextChangeable":0},{"id":"72c626a3-f477-493e-9685-f077f01a56ec","value":-3,"text":"disadvantages","comment":"","position":{"x":450,"y":400},"isActive":true,"date":1702310365641,"kind":"Node","isSelected":false,"isConnectorSelected":false,"isDraggable":0,"isDeletable":0,"hasElementMoved":false,"eventLog":[{"time":1702310365641,"type":"create node","value":0},{"time":1702310414664,"type":"selected","value":1},{"time":1702310418424,"type":"value","value":-3},{"time":1702310418424,"type":"selected","value":0}],"isTextChangeable":0},{"id":"9d831de4-b22f-4135-a0cb-90589b1e9ea1","value":3,"text":"advantages","comment":"","position":{"x":850,"y":400},"isActive":true,"date":1702310365641,"kind":"Node","isSelected":false,"isConnectorSelected":false,"isDraggable":0,"isDeletable":0,"hasElementMoved":false,"eventLog":[{"time":1702310365641,"type":"create node","value":0},{"time":1702310410392,"type":"selected","value":1},{"time":1702310414605,"type":"value","value":3},{"time":1702310414605,"type":"selected","value":0}],"isTextChangeable":0},{"id":"635ced6a-0d93-44f2-b20d-a00aa59d17bc","value":-3,"text":"security risk","comment":"what happens in case of a malfunction","position":{"x":339,"y":253},"isActive":true,"date":1702310432807,"kind":"Node","isSelected":false,"isConnectorSelected":false,"isDraggable":1,"isDeletable":1,"hasElementMoved":false,"eventLog":[{"time":"1702310432807","type":"create node","value":[0]},{"time":"1702310434098","type":"selected","value":[true]},{"time":"1702310459268","type":"text","value":["Sicherheitsrisiko"]},{"time":"1702310459268","type":"value","value":[-3]},{"time":"1702310459268","type":"comment","value":["was passiert bei einer Fehlfunktion"]},{"time":"1702310459268","type":"selected","value":[false]},{"time":"2023-12-11T16:01:07.447Z","type":"position","value":{"x":[398],"y":[326]}},{"time":"1702310755860","type":"selected","value":[true]},{"time":"1702310758203","type":"selected","value":[false]}],"isTextChangeable":1},{"id":"ba31f278-4b51-45f1-b3d5-4251b0feb9d3","value":2,"text":"follow instructions","comment":"Robots can execute instructions and feel no disgust or the like","position":{"x":807,"y":558},"isActive":true,"date":1702310488248,"kind":"Node","isSelected":false,"isConnectorSelected":false,"isDraggable":1,"isDeletable":1,"hasElementMoved":false,"eventLog":[{"time":"1702310488248","type":"create node","value":[0]},{"time":"1702310488987","type":"selected","value":[true]},{"time":"1702310550203","type":"text","value":["Folgen Anweisungen"]},{"time":"1702310550203","type":"value","value":[2]},{"time":"1702310550203","type":"comment","value":["Roboter können Anweisungen ausführen und empfinden dabei kein Ekel oder ähnliches"]},{"time":"1702310550203","type":"selected","value":[false]},{"time":"2023-12-11T16:08:09.900Z","type":"position","value":{"x":[977],"y":[533]}},{"time":"2023-12-11T16:09:55.053Z","type":"position","value":{"x":[846],"y":[534]}}],"isTextChangeable":1},{"id":"a58d15d7-45f6-4204-8809-a5a39a1e6b0a","value":1,"text":"cheaper","comment":"In the long run, robots only consume electricity and don't need a salary, for example, and thus can save money.","position":{"x":1030,"y":473},"isActive":true,"date":1702310569991,"kind":"Node","isSelected":false,"isConnectorSelected":false,"isDraggable":1,"isDeletable":1,"hasElementMoved":false,"eventLog":[{"time":"1702310569991","type":"create node","value":[0]},{"time":"1702310570062","type":"selected","value":[true]},{"time":"1702310629384","type":"text","value":["Günstiger"]},{"time":"1702310629384","type":"value","value":[1]},{"time":"1702310629384","type":"comment","value":["Langfristig verbrauchen Roboter nur Strom und brauchen z.B. kein Gehalt und können so Geld einsparen"]},{"time":"1702310629384","type":"selected","value":[false]},{"time":"2023-12-11T16:09:57.201Z","type":"position","value":{"x":[999],"y":[297]}},{"time":"2023-12-11T16:09:57.453Z","type":"position","value":{"x":[1027],"y":[447]}}],"isTextChangeable":1},{"id":"2c770b3c-ec02-4fdc-ac0d-93a9ab605ec9","value":-3,"text":"lacking empathy","comment":"For example, in therapy, it can be very important to recognize the feelings of patients.","position":{"x":316,"y":608},"isActive":true,"date":1702310638116,"kind":"Node","isSelected":false,"isConnectorSelected":false,"isDraggable":1,"isDeletable":1,"hasElementMoved":false,"eventLog":[{"time":"1702310638116","type":"create node","value":[0]},{"time":"1702310639231","type":"selected","value":[true]},{"time":"1702310684784","type":"text","value":["Fehlende Empatie"]},{"time":"1702310684784","type":"value","value":[-3]},{"time":"1702310684784","type":"comment","value":["Beispielsweise in der Therapie kann es sehr wichtig sein die Gefühle von Patienten zu erkennen."]},{"time":"1702310684784","type":"selected","value":[false]},{"time":"2023-12-11T16:05:08.969Z","type":"position","value":{"x":[359],"y":[526]}},{"time":"2023-12-11T16:11:09.948Z","type":"position","value":{"x":[352],"y":[547]}}],"isTextChangeable":1},{"id":"a4247bdb-e7b9-4b57-ae8b-88a2f92e546c","value":-3,"text":"failure","comment":"What happens if a robot is defective? Are the patients then helpless?","position":{"x":155,"y":258},"isActive":true,"date":1702310712323,"kind":"Node","isSelected":false,"isConnectorSelected":false,"isDraggable":1,"isDeletable":1,"hasElementMoved":false,"eventLog":[{"time":"1702310712323","type":"create node","value":[0]},{"time":"1702310712386","type":"selected","value":[true]},{"time":"1702310750849","type":"text","value":["Ausfall"]},{"time":"1702310750849","type":"value","value":[-3]},{"time":"1702310750849","type":"comment","value":["Was passiert falls ein Roboter defekt ist? Sind die Patienten dann hilflos="]},{"time":"1702310750849","type":"selected","value":[false]},{"time":"1702310767548","type":"selected","value":[true]},{"time":"1702310768597","type":"selected","value":[false]},{"time":"2023-12-11T16:06:09.377Z","type":"position","value":{"x":[188],"y":[368]}}],"isTextChangeable":1},{"id":"11ecad34-0504-4787-bc0f-855cd3b3e06b","value":-2,"text":"mincemeat","comment":"The software of robots can be maliciously overwritten","position":{"x":314,"y":128},"isActive":true,"date":1702310773526,"kind":"Node","isSelected":false,"isConnectorSelected":false,"isDraggable":1,"isDeletable":1,"hasElementMoved":false,"eventLog":[{"time":1702310773526,"type":"create node","value":"0"},{"time":1702310773569,"type":"selected","value":"TRUE"},{"time":1702310813388,"type":"text","value":"Hackbar"},{"time":1702310813388,"type":"value","value":"-2"},{"time":1702310813388,"type":"comment","value":"Die Software von Robotern kann schadhaft überschrieben werden"},{"time":1702310813388,"type":"selected","value":"FALSE"}],"isTextChangeable":1},{"id":"ddd00a3d-c4c1-48ea-8d21-f1bf62b987cf","value":1,"text":"social phobia","comment":"Can help people with social phobia","position":{"x":1024,"y":343},"isActive":true,"date":1702310838085,"kind":"Node","isSelected":false,"isConnectorSelected":false,"isDraggable":1,"isDeletable":1,"hasElementMoved":false,"eventLog":[{"time":"1702310838085","type":"create node","value":[0]},{"time":"1702310838133","type":"selected","value":[true]},{"time":"1702310884086","type":"text","value":["Sozialphobie"]},{"time":"1702310884086","type":"value","value":[1]},{"time":"1702310884086","type":"comment","value":["Können Menschen mit einer Sozialphobie helfen"]},{"time":"1702310884086","type":"selected","value":[false]},{"time":"2023-12-11T16:08:08.190Z","type":"position","value":{"x":[826],"y":[237]}},{"time":"2023-12-11T16:09:58.678Z","type":"position","value":{"x":[869],"y":[230]}},{"time":"2023-12-11T16:09:59.289Z","type":"position","value":{"x":[1019],"y":[337]}}],"isTextChangeable":1},{"id":"2be06541-4412-4c2a-9f9d-6de37c5a2ebe","value":0,"text":"","comment":"","position":{"x":911,"y":616},"isActive":false,"date":1702310892139,"kind":"Node","isSelected":false,"isConnectorSelected":false,"isDraggable":1,"isDeletable":1,"hasElementMoved":false,"eventLog":[{"time":1702310892139,"type":"create node","value":0},{"time":1702310895349,"type":"selected","value":1},{"time":1702310896566,"type":"node was deleted","value":-99}],"isTextChangeable":1},{"id":"e11780cc-0e01-4ae2-9994-9d9787a4c22e","value":3,"text":"24/7 availability","comment":"For example, robots don't need sleep and can thus help around the clock.","position":{"x":947,"y":547},"isActive":true,"date":1702310915672,"kind":"Node","isSelected":false,"isConnectorSelected":false,"isDraggable":1,"isDeletable":1,"hasElementMoved":false,"eventLog":[{"time":"1702310915672","type":"create node","value":[0]},{"time":"1702310916020","type":"selected","value":[true]},{"time":"1702310916420","type":"selected","value":[false]},{"time":"1702310917376","type":"selected","value":[true]},{"time":"1702310955235","type":"text","value":["24/7 Erreichbarkeit"]},{"time":"1702310955235","type":"value","value":[3]},{"time":"1702310955235","type":"comment","value":["Roboter brauchen z.B. kein Schlaf und können somit rund um die Uhr helfen"]},{"time":"1702310955235","type":"selected","value":[false]},{"time":"2023-12-11T16:09:55.912Z","type":"position","value":{"x":[1044],"y":[466]}}],"isTextChangeable":1},{"id":"92fb394c-9730-4b20-9d84-03048bba2b9d","value":1,"text":"efficiency","comment":"Robots can be trained more efficiently","position":{"x":882,"y":283},"isActive":true,"date":1702311000048,"kind":"Node","isSelected":false,"isConnectorSelected":false,"isDraggable":1,"isDeletable":1,"hasElementMoved":false,"eventLog":[{"time":1702311000048,"type":"create node","value":"0"},{"time":1702311000114,"type":"selected","value":"TRUE"},{"time":1702311025982,"type":"text","value":"Effizienz"},{"time":1702311025982,"type":"value","value":"1"},{"time":1702311025982,"type":"comment","value":"Roboter können effizienter trainiert werden"},{"time":1702311025982,"type":"selected","value":"FALSE"}],"isTextChangeable":1},{"id":"04a7e819-d2ca-4084-822f-b3c2e6a31bb7","value":-2,"text":"lack of human contact","comment":"The lack of social contact can harm people","position":{"x":233,"y":495},"isActive":true,"date":1702311031547,"kind":"Node","isSelected":false,"isConnectorSelected":false,"isDraggable":1,"isDeletable":1,"hasElementMoved":false,"eventLog":[{"time":"1702311031547","type":"create node","value":[0]},{"time":"1702311031613","type":"selected","value":[true]},{"time":"1702311065522","type":"text","value":["Fehlender Menschenkontakt"]},{"time":"1702311065522","type":"value","value":[-2]},{"time":"1702311065522","type":"comment","value":["Der fehlende soziale Kontakt kann Menschen schaden"]},{"time":"1702311065522","type":"selected","value":[false]},{"time":"2023-12-11T16:11:06.294Z","type":"position","value":{"x":[506],"y":[257]}},{"time":"2023-12-11T16:11:07.098Z","type":"position","value":{"x":[352],"y":[392]}},{"time":"2023-12-11T16:11:07.244Z","type":"position","value":{"x":[200],"y":[395]}},{"time":"2023-12-11T16:11:08.007Z","type":"position","value":{"x":[255],"y":[407]}},{"time":"2023-12-11T16:11:08.882Z","type":"position","value":{"x":[254],"y":[412]}}],"isTextChangeable":1}],"connectors":[{"id":"3dbe8539-dba2-4800-9917-37b56dfbddd5","source":"1db90f97-3d57-42a0-a1df-ff1775531e78","target":"72c626a3-f477-493e-9685-f077f01a56ec","agreement":false,"isActive":true,"date":1702310365641,"kind":"Connector","isSelected":false,"intensity":9,"isDeletable":false,"isOver":false,"isBidirectional":false,"eventLog":[{"time":1702310365641,"type":"create connection"},{"time":1702310424075,"type":"selected","value":1},{"time":1702310426282,"type":"change intensity of connector","value":-6},{"time":1702310426282,"type":"selected","value":0},{"time":1702310960390,"type":"selected","value":1},{"time":1702310960795,"type":"change intensity of connector","value":-6},{"time":1702310960795,"type":"selected","value":0},{"time":1702310962633,"type":"selected","value":1},{"time":1702310963035,"type":"change intensity of connector","value":-6},{"time":1702310963035,"type":"selected","value":0},{"time":1702310964157,"type":"selected","value":1},{"time":1702310966669,"type":"change intensity of connector","value":-9},{"time":1702310966669,"type":"selected","value":0}]},{"id":"9361ca96-aa54-46c9-9e60-2e00429f1c1a","source":"1db90f97-3d57-42a0-a1df-ff1775531e78","target":"9d831de4-b22f-4135-a0cb-90589b1e9ea1","agreement":true,"isActive":true,"date":1702310365641,"kind":"Connector","isSelected":false,"intensity":9,"isDeletable":true,"isOver":false,"isBidirectional":false,"eventLog":[{"time":1702310365641,"type":"create connection"},{"time":1702310418501,"type":"selected","value":1},{"time":1702310423996,"type":"change intensity of connector","value":6},{"time":1702310423996,"type":"selected","value":0},{"time":1702310966730,"type":"selected","value":1},{"time":1702310968314,"type":"change intensity of connector","value":9},{"time":1702310968314,"type":"selected","value":0}]},{"id":"95f8c2d8-7003-4999-b1b4-76f91ff81c85","source":"635ced6a-0d93-44f2-b20d-a00aa59d17bc","target":"72c626a3-f477-493e-9685-f077f01a56ec","agreement":true,"isActive":true,"date":1702310460596,"kind":"Connector","isSelected":false,"intensity":9,"isDeletable":true,"isOver":false,"isBidirectional":false,"eventLog":[{"time":1702310460596,"type":"create connection"},{"time":1702310462334,"type":"selected","value":1},{"time":1702310465978,"type":"change intensity of connector","value":9},{"time":1702310465978,"type":"selected","value":0}]},{"id":"d68c62f1-57fc-4950-a74c-5a2bfbd4c630","source":"9d831de4-b22f-4135-a0cb-90589b1e9ea1","target":"ba31f278-4b51-45f1-b3d5-4251b0feb9d3","agreement":true,"isActive":true,"date":1702310551368,"kind":"Connector","isSelected":false,"intensity":6,"isDeletable":true,"isOver":false,"isBidirectional":false,"eventLog":[{"time":1702310551368,"type":"create connection"},{"time":1702310554253,"type":"selected","value":1},{"time":1702310556505,"type":"change intensity of connector","value":6},{"time":1702310556505,"type":"selected","value":0}]},{"id":"2a87a0dd-6934-4df3-9d92-c39e0ce33641","source":"9d831de4-b22f-4135-a0cb-90589b1e9ea1","target":"a58d15d7-45f6-4204-8809-a5a39a1e6b0a","agreement":true,"isActive":true,"date":1702310631531,"kind":"Connector","isSelected":false,"intensity":3,"isDeletable":true,"isOver":false,"isBidirectional":false,"eventLog":[{"time":1702310631531,"type":"create connection"},{"time":1702310633281,"type":"selected","value":1},{"time":1702310634651,"type":"change intensity of connector","value":3},{"time":1702310634651,"type":"selected","value":0}]},{"id":"4c4b7686-f401-4dcb-9ecc-98dfb7ea401c","source":"72c626a3-f477-493e-9685-f077f01a56ec","target":"2c770b3c-ec02-4fdc-ac0d-93a9ab605ec9","agreement":true,"isActive":true,"date":1702310687335,"kind":"Connector","isSelected":false,"intensity":9,"isDeletable":true,"isOver":false,"isBidirectional":false,"eventLog":[{"time":1702310687335,"type":"create connection"},{"time":1702310689458,"type":"selected","value":1},{"time":1702310691772,"type":"change intensity of connector","value":9},{"time":1702310691772,"type":"selected","value":0}]},{"id":"afc013b8-a154-46b3-b2f7-3eb259af8968","source":"a4247bdb-e7b9-4b57-ae8b-88a2f92e546c","target":"635ced6a-0d93-44f2-b20d-a00aa59d17bc","agreement":true,"isActive":true,"date":1702310755734,"kind":"Connector","isSelected":false,"intensity":3,"isDeletable":true,"isOver":false,"isBidirectional":false,"eventLog":[{"time":1702310755734,"type":"create connection"}]},{"id":"a362579e-a1e7-4061-83a7-665a1ca0c47a","source":"11ecad34-0504-4787-bc0f-855cd3b3e06b","target":"635ced6a-0d93-44f2-b20d-a00aa59d17bc","agreement":true,"isActive":true,"date":1702310814786,"kind":"Connector","isSelected":false,"intensity":6,"isDeletable":true,"isOver":false,"isBidirectional":false,"eventLog":[{"time":1702310814786,"type":"create connection"},{"time":1702310816264,"type":"selected","value":1},{"time":1702310819810,"type":"change intensity of connector","value":6},{"time":1702310819810,"type":"selected","value":0}]},{"id":"dfe92283-429d-4e52-9deb-b6eb1e57fbf6","source":"ddd00a3d-c4c1-48ea-8d21-f1bf62b987cf","target":"9d831de4-b22f-4135-a0cb-90589b1e9ea1","agreement":true,"isActive":true,"date":1702310885304,"kind":"Connector","isSelected":false,"intensity":3,"isDeletable":true,"isOver":false,"isBidirectional":false,"eventLog":[{"time":1702310885304,"type":"create connection"}]},{"id":"f6b2f699-92d8-483a-9ceb-a8992291685c","source":"9d831de4-b22f-4135-a0cb-90589b1e9ea1","target":"e11780cc-0e01-4ae2-9994-9d9787a4c22e","agreement":true,"isActive":true,"date":1702310956034,"kind":"Connector","isSelected":false,"intensity":9,"isDeletable":true,"isOver":false,"isBidirectional":false,"eventLog":[{"time":1702310956034,"type":"create connection"},{"time":1702310956780,"type":"selected","value":1},{"time":1702310958663,"type":"change intensity of connector","value":9},{"time":1702310958663,"type":"selected","value":0}]},{"id":"545b6e31-b6eb-4a5a-8d51-d5070d26bcc4","source":"92fb394c-9730-4b20-9d84-03048bba2b9d","target":"9d831de4-b22f-4135-a0cb-90589b1e9ea1","agreement":true,"isActive":true,"date":1702311026741,"kind":"Connector","isSelected":false,"intensity":3,"isDeletable":true,"isOver":false,"isBidirectional":false,"eventLog":[{"time":1702311026741,"type":"create connection"}]},{"id":"4bee3aa3-7a5c-4d13-8943-8286fa83ca8e","source":"04a7e819-d2ca-4084-822f-b3c2e6a31bb7","target":"72c626a3-f477-493e-9685-f077f01a56ec","agreement":true,"isActive":true,"date":1702311073509,"kind":"Connector","isSelected":false,"intensity":6,"isDeletable":true,"isOver":false,"isBidirectional":false,"eventLog":[{"time":1702311073509,"type":"create connection"},{"time":1702311074489,"type":"selected","value":1},{"time":1702311078518,"type":"change intensity of connector","value":6},{"time":1702311078518,"type":"selected","value":0}]}],"currentID":{},"currentNode":{},"hasSelectedNode":[false],"currentConnector":{},"hasSelectedConnector":[false],"readyToMove":[false],"isIncoming":[false],"hasElementMoved":[false]}
