{"idCAM":["25de95ab-ee78-4250-ae8e-dc21f9f78df7"],"creator":["6480b160d51d051b42f67b3d_post"],"projectCAM":["S2_CAM part 2"],"defocusCAM":[],"date":[1702311248112],"nodes":[{"id":"e0412699-6239-49ba-bc91-77221f238e43","value":10,"text":"social assistance robot","comment":"","position":{"x":650,"y":400},"isActive":true,"date":1702311249015,"kind":"Node","isSelected":false,"isConnectorSelected":false,"isDraggable":0,"isDeletable":0,"hasElementMoved":false,"eventLog":[{"time":1702311249015,"type":"create node","value":10}],"isTextChangeable":0},{"id":"a33eb101-dc4e-4acd-8493-ac75f88aca83","value":-3,"text":"disadvantages","comment":"","position":{"x":450,"y":400},"isActive":true,"date":1702311249015,"kind":"Node","isSelected":false,"isConnectorSelected":false,"isDraggable":0,"isDeletable":0,"hasElementMoved":false,"eventLog":[{"time":1702311249015,"type":"create node","value":-3}],"isTextChangeable":0},{"id":"deba33ab-c420-4c75-aedb-188030b7e152","value":3,"text":"advantages","comment":"","position":{"x":850,"y":400},"isActive":true,"date":1702311249015,"kind":"Node","isSelected":false,"isConnectorSelected":false,"isDraggable":0,"isDeletable":0,"hasElementMoved":false,"eventLog":[{"time":1702311249015,"type":"create node","value":3}],"isTextChangeable":0},{"id":"71568a27-286c-4982-a7cc-bfc66aaedf22","value":-3,"text":"security risk","comment":"","position":{"x":339,"y":253},"isActive":true,"date":1702311249015,"kind":"Node","isSelected":false,"isConnectorSelected":false,"isDraggable":1,"isDeletable":1,"hasElementMoved":false,"eventLog":[{"time":1702311249015,"type":"create node","value":-3}],"isTextChangeable":1},{"id":"f54f1f15-85e5-47a1-afc8-69c3d189a9e4","value":2,"text":"follow instructions","comment":"","position":{"x":807,"y":558},"isActive":true,"date":1702311249015,"kind":"Node","isSelected":false,"isConnectorSelected":false,"isDraggable":1,"isDeletable":1,"hasElementMoved":false,"eventLog":[{"time":1702311249015,"type":"create node","value":2}],"isTextChangeable":1},{"id":"0a72b9c6-f9ee-4c28-b990-51b545a1e090","value":1,"text":"cheaper","comment":"","position":{"x":1030,"y":473},"isActive":true,"date":1702311249015,"kind":"Node","isSelected":false,"isConnectorSelected":false,"isDraggable":1,"isDeletable":1,"hasElementMoved":false,"eventLog":[{"time":1702311249015,"type":"create node","value":1}],"isTextChangeable":1},{"id":"965afffd-dc24-4462-97d5-74b5ad5c0c36","value":-3,"text":"lacking empathy","comment":"","position":{"x":363,"y":578},"isActive":true,"date":1702311249016,"kind":"Node","isSelected":false,"isConnectorSelected":false,"isDraggable":1,"isDeletable":1,"hasElementMoved":false,"eventLog":[{"time":"1702311249016","type":"create node","value":[-3]},{"time":"2023-12-11T16:14:27.795Z","type":"position","value":{"x":[328],"y":[594]}}],"isTextChangeable":1},{"id":"bbda7de6-80f9-4b44-b068-b209b4ed9dea","value":-3,"text":"failure","comment":"","position":{"x":155,"y":258},"isActive":true,"date":1702311249016,"kind":"Node","isSelected":false,"isConnectorSelected":false,"isDraggable":1,"isDeletable":1,"hasElementMoved":false,"eventLog":[{"time":1702311249016,"type":"create node","value":-3}],"isTextChangeable":1},{"id":"5738bde2-45aa-43d1-904b-a19f2a555b80","value":-2,"text":"mincemeat","comment":"","position":{"x":314,"y":128},"isActive":true,"date":1702311249016,"kind":"Node","isSelected":false,"isConnectorSelected":false,"isDraggable":1,"isDeletable":1,"hasElementMoved":false,"eventLog":[{"time":1702311249016,"type":"create node","value":-2}],"isTextChangeable":1},{"id":"47b1cac8-ee59-46f4-b90e-3a6a3e71797a","value":1,"text":"social phobia","comment":"","position":{"x":1024,"y":343},"isActive":true,"date":1702311249016,"kind":"Node","isSelected":false,"isConnectorSelected":false,"isDraggable":1,"isDeletable":1,"hasElementMoved":false,"eventLog":[{"time":1702311249016,"type":"create node","value":1}],"isTextChangeable":1},{"id":"55f9604b-26fc-42cb-9e57-b685ba05cbe7","value":3,"text":"24/7 availability","comment":"","position":{"x":947,"y":547},"isActive":true,"date":1702311249016,"kind":"Node","isSelected":false,"isConnectorSelected":false,"isDraggable":1,"isDeletable":1,"hasElementMoved":false,"eventLog":[{"time":1702311249016,"type":"create node","value":3}],"isTextChangeable":1},{"id":"e9a5ef42-58a1-4799-ae1d-189d6a0aabc0","value":1,"text":"efficiency","comment":"","position":{"x":882,"y":283},"isActive":true,"date":1702311249016,"kind":"Node","isSelected":false,"isConnectorSelected":false,"isDraggable":1,"isDeletable":1,"hasElementMoved":false,"eventLog":[{"time":1702311249016,"type":"create node","value":1}],"isTextChangeable":1},{"id":"5e39a05d-4c97-45f0-9264-e3fc1fffdb50","value":-2,"text":"Fehlender Menschenkontakt","comment":"","position":{"x":224,"y":509},"isActive":false,"date":1702311249016,"kind":"Node","isSelected":false,"isConnectorSelected":false,"isDraggable":1,"isDeletable":1,"hasElementMoved":false,"eventLog":[{"time":"1702311249016","type":"create node","value":[-2]},{"time":"2023-12-11T16:14:19.424Z","type":"position","value":{"x":[231],"y":[489]}},{"time":"1702311271498","type":"selected","value":[true]},{"time":"1702311271899","type":"selected","value":[false]},{"time":"1702311274227","type":"selected","value":[true]},{"time":"1702311275399","type":"node was deleted","value":[-99]}],"isTextChangeable":1}],"connectors":[{"id":"bfff2498-9f5b-434f-9764-ce8cfca87f4c","source":"e0412699-6239-49ba-bc91-77221f238e43","target":"a33eb101-dc4e-4acd-8493-ac75f88aca83","agreement":false,"isActive":true,"date":1702311249016,"kind":"Connector","isSelected":false,"intensity":9,"isDeletable":false,"isOver":false,"isBidirectional":false,"eventLog":[{"time":1702311249016,"type":"create connection"}]},{"id":"1c5cf155-e0c4-48b6-859e-c394f4747402","source":"e0412699-6239-49ba-bc91-77221f238e43","target":"deba33ab-c420-4c75-aedb-188030b7e152","agreement":true,"isActive":true,"date":1702311249016,"kind":"Connector","isSelected":false,"intensity":9,"isDeletable":true,"isOver":false,"isBidirectional":false,"eventLog":[{"time":1702311249016,"type":"create connection"}]},{"id":"720f5639-d752-4c48-9500-a5c90fc948dd","source":"71568a27-286c-4982-a7cc-bfc66aaedf22","target":"a33eb101-dc4e-4acd-8493-ac75f88aca83","agreement":true,"isActive":true,"date":1702311249016,"kind":"Connector","isSelected":false,"intensity":9,"isDeletable":true,"isOver":false,"isBidirectional":false,"eventLog":[{"time":1702311249016,"type":"create connection"}]},{"id":"c7405f84-03ad-4ce8-8a9f-eb8a21d1953e","source":"deba33ab-c420-4c75-aedb-188030b7e152","target":"f54f1f15-85e5-47a1-afc8-69c3d189a9e4","agreement":true,"isActive":true,"date":1702311249016,"kind":"Connector","isSelected":false,"intensity":6,"isDeletable":true,"isOver":false,"isBidirectional":false,"eventLog":[{"time":1702311249016,"type":"create connection"}]},{"id":"ba51b7e2-fd54-4879-8f3d-1d152f764c78","source":"deba33ab-c420-4c75-aedb-188030b7e152","target":"0a72b9c6-f9ee-4c28-b990-51b545a1e090","agreement":true,"isActive":true,"date":1702311249016,"kind":"Connector","isSelected":false,"intensity":3,"isDeletable":true,"isOver":false,"isBidirectional":false,"eventLog":[{"time":1702311249016,"type":"create connection"}]},{"id":"09897328-15da-41d1-8afe-b0945babec3f","source":"a33eb101-dc4e-4acd-8493-ac75f88aca83","target":"965afffd-dc24-4462-97d5-74b5ad5c0c36","agreement":true,"isActive":true,"date":1702311249016,"kind":"Connector","isSelected":false,"intensity":9,"isDeletable":true,"isOver":false,"isBidirectional":false,"eventLog":[{"time":1702311249016,"type":"create connection"}]},{"id":"db1d5092-e7e7-4bb2-a3d9-6938f922d79e","source":"bbda7de6-80f9-4b44-b068-b209b4ed9dea","target":"71568a27-286c-4982-a7cc-bfc66aaedf22","agreement":true,"isActive":true,"date":1702311249016,"kind":"Connector","isSelected":false,"intensity":3,"isDeletable":true,"isOver":false,"isBidirectional":false,"eventLog":[{"time":1702311249016,"type":"create connection"}]},{"id":"3f5877c6-7e08-4b4c-aa4b-74db66902dee","source":"5738bde2-45aa-43d1-904b-a19f2a555b80","target":"71568a27-286c-4982-a7cc-bfc66aaedf22","agreement":true,"isActive":true,"date":1702311249016,"kind":"Connector","isSelected":false,"intensity":6,"isDeletable":true,"isOver":false,"isBidirectional":false,"eventLog":[{"time":1702311249016,"type":"create connection"}]},{"id":"85466ced-01bf-4c37-ad96-76dc02073776","source":"47b1cac8-ee59-46f4-b90e-3a6a3e71797a","target":"deba33ab-c420-4c75-aedb-188030b7e152","agreement":true,"isActive":true,"date":1702311249016,"kind":"Connector","isSelected":false,"intensity":3,"isDeletable":true,"isOver":false,"isBidirectional":false,"eventLog":[{"time":1702311249016,"type":"create connection"}]},{"id":"10569de1-c305-4d48-a4b9-d71b16fedc93","source":"deba33ab-c420-4c75-aedb-188030b7e152","target":"55f9604b-26fc-42cb-9e57-b685ba05cbe7","agreement":true,"isActive":true,"date":1702311249016,"kind":"Connector","isSelected":false,"intensity":9,"isDeletable":true,"isOver":false,"isBidirectional":false,"eventLog":[{"time":1702311249016,"type":"create connection"}]},{"id":"d929be40-9111-4ae1-9a07-e19b0b67dbbe","source":"e9a5ef42-58a1-4799-ae1d-189d6a0aabc0","target":"deba33ab-c420-4c75-aedb-188030b7e152","agreement":true,"isActive":true,"date":1702311249016,"kind":"Connector","isSelected":false,"intensity":3,"isDeletable":true,"isOver":false,"isBidirectional":false,"eventLog":[{"time":1702311249016,"type":"create connection"}]},{"id":"09f0371d-3138-4c7d-bbea-815e5865d9b9","source":"5e39a05d-4c97-45f0-9264-e3fc1fffdb50","target":"a33eb101-dc4e-4acd-8493-ac75f88aca83","agreement":true,"isActive":false,"date":1702311249016,"kind":"Connector","isSelected":false,"intensity":6,"isDeletable":true,"isOver":false,"isBidirectional":false,"eventLog":[{"time":1702311249016,"type":"create connection"},{"time":1702311275399,"type":"active","value":false}]}],"currentID":{},"currentNode":{},"hasSelectedNode":[false],"currentConnector":{},"hasSelectedConnector":[false],"readyToMove":[false],"isIncoming":[false],"hasElementMoved":[false]}
