{"idCAM":["e5fe832e-4027-46f0-8dac-3ae12d6be880"],"creator":["64e220abe394efe48bfe28f8_pre"],"projectCAM":["S2_CAM part 1"],"defocusCAM":[],"date":[1702291192943],"nodes":[{"id":"ed8f57e6-6c71-435b-b584-4575b2f42efe","value":10,"text":"social assistance robot","comment":"","position":{"x":650,"y":400},"isActive":true,"date":1702291193813,"kind":"Node","isSelected":false,"isConnectorSelected":false,"isDraggable":0,"isDeletable":0,"hasElementMoved":false,"eventLog":[{"time":1702291193813,"type":"create node","value":0},{"time":1702291258137,"type":"selected","value":1},{"time":1702291260771,"type":"value","value":10},{"time":1702291260771,"type":"selected","value":0}],"isTextChangeable":0},{"id":"0fb6a7d6-63f9-4da9-99dd-cc8624d0885d","value":0,"text":"disadvantages","comment":"","position":{"x":450,"y":400},"isActive":true,"date":1702291193814,"kind":"Node","isSelected":false,"isConnectorSelected":false,"isDraggable":0,"isDeletable":0,"hasElementMoved":false,"eventLog":[{"time":1702291193814,"type":"create node","value":0}],"isTextChangeable":0},{"id":"6a8f9eb9-5272-4458-8990-e52383f68598","value":0,"text":"advantages","comment":"","position":{"x":850,"y":400},"isActive":true,"date":1702291193814,"kind":"Node","isSelected":false,"isConnectorSelected":false,"isDraggable":0,"isDeletable":0,"hasElementMoved":false,"eventLog":[{"time":1702291193814,"type":"create node","value":0},{"time":1702291265626,"type":"selected","value":1},{"time":1702291270801,"type":"selected","value":0}],"isTextChangeable":0},{"id":"1b4bb09d-0da8-4195-b897-27de226e570b","value":3,"text":"social contact","comment":"for example for socially isolated and/or elderly people","position":{"x":891.7778,"y":262.7778},"isActive":true,"date":1702291228090,"kind":"Node","isSelected":false,"isConnectorSelected":false,"isDraggable":1,"isDeletable":1,"hasElementMoved":false,"eventLog":[{"time":"1702291228090","type":"create node","value":[0]},{"time":"1702291235755","type":"selected","value":[true]},{"time":"1702291252363","type":"text","value":["sozialer Kontakt "]},{"time":"1702291252363","type":"value","value":[2]},{"time":"1702291252363","type":"selected","value":[false]},{"time":"2023-12-11T10:40:52.878Z","type":"position","value":{"x":[803.7778],"y":[220.7778]}},{"time":"2023-12-11T10:41:22.408Z","type":"position","value":{"x":[929.7778],"y":[282.7778]}},{"time":"1702291471212","type":"selected","value":[true]},{"time":"1702291498150","type":"value","value":[3]},{"time":"1702291498150","type":"comment","value":["zum Beispiel für sozial isolierte und/oder alte Menschen"]},{"time":"1702291498150","type":"selected","value":[false]}],"isTextChangeable":1},{"id":"5829f955-955b-4fc8-b7c7-d1729ae7400b","value":-1,"text":"dependence","comment":"","position":{"x":345.7778,"y":278.7778},"isActive":true,"date":1702291288281,"kind":"Node","isSelected":false,"isConnectorSelected":false,"isDraggable":1,"isDeletable":1,"hasElementMoved":false,"eventLog":[{"time":"1702291288281","type":"create node","value":[0]},{"time":"1702291289083","type":"selected","value":[true]},{"time":"1702291299211","type":"text","value":["Abhängigkeit"]},{"time":"1702291299211","type":"value","value":[-1]},{"time":"1702291299211","type":"selected","value":[false]},{"time":"2023-12-11T10:41:39.730Z","type":"position","value":{"x":[447.7778],"y":[288.7778]}}],"isTextChangeable":1},{"id":"270a3406-2012-4ef1-a948-6afc9a71b4a3","value":-2,"text":"replacement of jobs","comment":"","position":{"x":275.7778,"y":401.7778},"isActive":true,"date":1702291307529,"kind":"Node","isSelected":false,"isConnectorSelected":false,"isDraggable":1,"isDeletable":1,"hasElementMoved":false,"eventLog":[{"time":"1702291307529","type":"create node","value":[0]},{"time":"1702291309159","type":"selected","value":[true]},{"time":"1702291323348","type":"text","value":["Ersetzen von Arbeitsplätzen"]},{"time":"1702291323349","type":"value","value":[-2]},{"time":"1702291323349","type":"selected","value":[false]},{"time":"2023-12-11T10:42:03.744Z","type":"position","value":{"x":[301.7778],"y":[471.7778]}},{"time":"2023-12-11T10:46:31.113Z","type":"position","value":{"x":[279.7778],"y":[422.7778]}}],"isTextChangeable":1},{"id":"149f03db-3028-4b44-8ab4-88ac1b487bb3","value":-1,"text":"changed human interaction","comment":"","position":{"x":343.7778,"y":521.7778},"isActive":true,"date":1702291344681,"kind":"Node","isSelected":false,"isConnectorSelected":false,"isDraggable":1,"isDeletable":1,"hasElementMoved":false,"eventLog":[{"time":"1702291344681","type":"create node","value":[0]},{"time":"1702291344759","type":"selected","value":[true]},{"time":"1702291374764","type":"text","value":["Veränderte menschliche Interaktion"]},{"time":"1702291374764","type":"value","value":[-1]},{"time":"1702291374764","type":"selected","value":[false]},{"time":"2023-12-11T10:42:55.210Z","type":"position","value":{"x":[436.7778],"y":[527.7778]}},{"time":"2023-12-11T10:46:29.730Z","type":"position","value":{"x":[334.7778],"y":[516.7778]}}],"isTextChangeable":1},{"id":"24b05f27-53b0-4d54-a5c2-2c4bd0f31b1c","value":2,"text":"therapeutic function","comment":"","position":{"x":1021.7778,"y":376.7778},"isActive":true,"date":1702291383657,"kind":"Node","isSelected":false,"isConnectorSelected":false,"isDraggable":1,"isDeletable":1,"hasElementMoved":false,"eventLog":[{"time":"1702291383657","type":"create node","value":[0]},{"time":"1702291385135","type":"selected","value":[true]},{"time":"1702291413364","type":"text","value":["therapeutische Funktion"]},{"time":"1702291413364","type":"value","value":[2]},{"time":"1702291413364","type":"selected","value":[false]},{"time":"2023-12-11T10:46:13.741Z","type":"position","value":{"x":[1019.7778],"y":[378.7778]}}],"isTextChangeable":1},{"id":"ed98162a-e228-43b2-b092-29c42927e176","value":2,"text":"improved learning","comment":"","position":{"x":948.7778,"y":507.7778},"isActive":true,"date":1702291415113,"kind":"Node","isSelected":false,"isConnectorSelected":false,"isDraggable":1,"isDeletable":1,"hasElementMoved":false,"eventLog":[{"time":"1702291415113","type":"create node","value":[0]},{"time":"1702291415963","type":"selected","value":[true]},{"time":"1702291462380","type":"text","value":["Verbessertes Lernen"]},{"time":"1702291462380","type":"selected","value":[false]},{"time":"1702291462963","type":"selected","value":[true]},{"time":"1702291464715","type":"value","value":[2]},{"time":"1702291464715","type":"selected","value":[false]},{"time":"2023-12-11T10:45:19.586Z","type":"position","value":{"x":[942.7778],"y":[495.7778]}}],"isTextChangeable":1},{"id":"a2eb9933-926d-47f4-9234-9b986033d2c5","value":2,"text":"much available knowledge","comment":"","position":{"x":1023.7778,"y":627.7778},"isActive":true,"date":1702291532178,"kind":"Node","isSelected":false,"isConnectorSelected":false,"isDraggable":1,"isDeletable":1,"hasElementMoved":false,"eventLog":[{"time":"1702291532178","type":"create node","value":[0]},{"time":"1702291532239","type":"selected","value":[true]},{"time":"1702291537815","type":"text","value":["viel verfügbares Wissen"]},{"time":"1702291537815","type":"selected","value":[false]},{"time":"2023-12-11T10:45:38.411Z","type":"position","value":{"x":[653.7778],"y":[545.7778]}},{"time":"2023-12-11T10:45:38.528Z","type":"position","value":{"x":[826.7778],"y":[568.7778]}},{"time":"2023-12-11T10:45:38.595Z","type":"position","value":{"x":[980.7778],"y":[589.7778]}},{"time":"1702291541472","type":"selected","value":[true]},{"time":"1702291544541","type":"value","value":[2]},{"time":"1702291544541","type":"selected","value":[false]},{"time":"2023-12-11T10:45:48.026Z","type":"position","value":{"x":[1007.7778],"y":[607.7778]}},{"time":"1702291903560","type":"selected","value":[true]},{"time":"1702291910303","type":"selected","value":[false]}],"isTextChangeable":1},{"id":"db71cd9a-a39c-497e-a934-463a99119ee9","value":-2,"text":"ethical justifiability","comment":"","position":{"x":82.7778,"y":394.7778},"isActive":true,"date":1702291648643,"kind":"Node","isSelected":false,"isConnectorSelected":false,"isDraggable":1,"isDeletable":1,"hasElementMoved":false,"eventLog":[{"time":"1702291648643","type":"create node","value":[0]},{"time":"1702291648744","type":"selected","value":[true]},{"time":"1702291654807","type":"text","value":["ethische Vertretbarkeit"]},{"time":"1702291654807","type":"selected","value":[false]},{"time":"2023-12-11T10:47:35.273Z","type":"position","value":{"x":[625.7778],"y":[590.7778]}},{"time":"2023-12-11T10:47:35.657Z","type":"position","value":{"x":[475.7778],"y":[533.7778]}},{"time":"1702291657415","type":"selected","value":[true]},{"time":"1702291658789","type":"value","value":[-2]},{"time":"1702291658789","type":"selected","value":[false]},{"time":"2023-12-11T10:47:49.876Z","type":"position","value":{"x":[486.7778],"y":[530.7778]}},{"time":"2023-12-11T10:47:50.002Z","type":"position","value":{"x":[302.7778],"y":[539.7778]}},{"time":"2023-12-11T10:47:50.174Z","type":"position","value":{"x":[149.7778],"y":[401.7778]}},{"time":"1702291674496","type":"selected","value":[true]},{"time":"1702291674919","type":"selected","value":[false]},{"time":"1702291675988","type":"selected","value":[true]},{"time":"1702291678406","type":"text","value":["ethische Vertretbarkeit?"]},{"time":"1702291678406","type":"selected","value":[false]},{"time":"2023-12-11T10:47:59.715Z","type":"position","value":{"x":[134.7778],"y":[386.7778]}},{"time":"1702291687440","type":"selected","value":[true]},{"time":"1702291688942","type":"selected","value":[false]},{"time":"1702291715509","type":"selected","value":[true]},{"time":"1702291716118","type":"selected","value":[false]}],"isTextChangeable":1},{"id":"1bef55ed-26a9-4d1f-bca9-0a20a4dbe82a","value":-1,"text":"lack of empathy","comment":"","position":{"x":1170.7778,"y":300.7778},"isActive":true,"date":1702291753715,"kind":"Node","isSelected":false,"isConnectorSelected":false,"isDraggable":1,"isDeletable":1,"hasElementMoved":false,"eventLog":[{"time":"1702291753715","type":"create node","value":[0]},{"time":"1702291753929","type":"selected","value":[true]},{"time":"1702291760887","type":"text","value":["fehlende Einfühlsamkeit?"]},{"time":"1702291760887","type":"selected","value":[false]},{"time":"2023-12-11T10:49:21.606Z","type":"position","value":{"x":[675.7778],"y":[569.7778]}},{"time":"2023-12-11T10:49:21.705Z","type":"position","value":{"x":[851.7778],"y":[442.7778]}},{"time":"2023-12-11T10:49:21.722Z","type":"position","value":{"x":[930.7778],"y":[394.7778]}},{"time":"2023-12-11T10:49:21.738Z","type":"position","value":{"x":[1011.7778],"y":[352.7778]}},{"time":"2023-12-11T10:49:21.772Z","type":"position","value":{"x":[1177.7778],"y":[286.7778]}},{"time":"1702291763000","type":"selected","value":[true]},{"time":"1702291765654","type":"value","value":[-1]},{"time":"1702291765654","type":"selected","value":[false]}],"isTextChangeable":1},{"id":"dab93c53-9d01-4f24-8748-70c51c4e1334","value":0,"text":"","comment":"","position":{"x":783.7778,"y":607.7778},"isActive":false,"date":1702291910499,"kind":"Node","isSelected":false,"isConnectorSelected":false,"isDraggable":1,"isDeletable":1,"hasElementMoved":false,"eventLog":[{"time":"1702291910499","type":"create node","value":[0]},{"time":"2023-12-11T10:52:28.940Z","type":"position","value":{"x":[781.7778],"y":[604.7778]}},{"time":"1702291949556","type":"selected","value":[true]},{"time":"1702291950467","type":"node was deleted","value":[-99]}],"isTextChangeable":1}],"connectors":[{"id":"9ed255fe-9125-4588-a535-47a5fb9d4138","source":"ed8f57e6-6c71-435b-b584-4575b2f42efe","target":"0fb6a7d6-63f9-4da9-99dd-cc8624d0885d","agreement":true,"isActive":true,"date":1702291193814,"kind":"Connector","isSelected":false,"intensity":3,"isDeletable":false,"isOver":false,"isBidirectional":false,"eventLog":[{"time":1702291193814,"type":"create connection"}]},{"id":"bfeda555-c48b-4d54-badb-65b5b2be75a9","source":"ed8f57e6-6c71-435b-b584-4575b2f42efe","target":"6a8f9eb9-5272-4458-8990-e52383f68598","agreement":true,"isActive":true,"date":1702291193814,"kind":"Connector","isSelected":false,"intensity":3,"isDeletable":true,"isOver":false,"isBidirectional":false,"eventLog":[{"time":1702291193814,"type":"create connection"},{"time":1702291510719,"type":"selected","value":1},{"time":1702291512886,"type":"change intensity of connector","value":3},{"time":1702291512886,"type":"selected","value":0}]},{"id":"27218572-ad43-48fe-a909-ada1160df38a","source":"6a8f9eb9-5272-4458-8990-e52383f68598","target":"1b4bb09d-0da8-4195-b897-27de226e570b","agreement":true,"isActive":true,"date":1702291255736,"kind":"Connector","isSelected":false,"intensity":3,"isDeletable":true,"isOver":false,"isBidirectional":false,"eventLog":[{"time":1702291255736,"type":"create connection"}]},{"id":"45f15a02-3965-43c8-a886-7f080e1bcfbe","source":"0fb6a7d6-63f9-4da9-99dd-cc8624d0885d","target":"5829f955-955b-4fc8-b7c7-d1729ae7400b","agreement":true,"isActive":true,"date":1702291302256,"kind":"Connector","isSelected":false,"intensity":3,"isDeletable":true,"isOver":false,"isBidirectional":false,"eventLog":[{"time":1702291302256,"type":"create connection"}]},{"id":"c530bc73-996f-4c0f-9f98-ae1da6dc55ee","source":"270a3406-2012-4ef1-a948-6afc9a71b4a3","target":"0fb6a7d6-63f9-4da9-99dd-cc8624d0885d","agreement":true,"isActive":true,"date":1702291324792,"kind":"Connector","isSelected":false,"intensity":3,"isDeletable":true,"isOver":false,"isBidirectional":false,"eventLog":[{"time":1702291324792,"type":"create connection"}]},{"id":"e7e8efbd-4ffb-46f4-9ff0-5bbfe905aab9","source":"149f03db-3028-4b44-8ab4-88ac1b487bb3","target":"0fb6a7d6-63f9-4da9-99dd-cc8624d0885d","agreement":true,"isActive":true,"date":1702291376161,"kind":"Connector","isSelected":false,"intensity":3,"isDeletable":true,"isOver":false,"isBidirectional":false,"eventLog":[{"time":1702291376161,"type":"create connection"}]},{"id":"942c9aad-cd4c-4ffc-81d8-ab5b71299eff","source":"6a8f9eb9-5272-4458-8990-e52383f68598","target":"24b05f27-53b0-4d54-a5c2-2c4bd0f31b1c","agreement":true,"isActive":true,"date":1702291414192,"kind":"Connector","isSelected":false,"intensity":3,"isDeletable":true,"isOver":false,"isBidirectional":false,"eventLog":[{"time":1702291414192,"type":"create connection"}]},{"id":"2e4da580-d262-4d23-bde8-62311ba03366","source":"6a8f9eb9-5272-4458-8990-e52383f68598","target":"ed98162a-e228-43b2-b092-29c42927e176","agreement":true,"isActive":true,"date":1702291465417,"kind":"Connector","isSelected":false,"intensity":3,"isDeletable":true,"isOver":false,"isBidirectional":false,"eventLog":[{"time":1702291465417,"type":"create connection"}]},{"id":"5ad6da2f-3e81-4e7c-8f08-08528823bb16","source":"ed98162a-e228-43b2-b092-29c42927e176","target":"a2eb9933-926d-47f4-9234-9b986033d2c5","agreement":true,"isActive":true,"date":1702291546179,"kind":"Connector","isSelected":false,"intensity":3,"isDeletable":true,"isOver":false,"isBidirectional":false,"eventLog":[{"time":1702291546179,"type":"create connection"}]},{"id":"bf3815f4-928c-4b7d-af76-63c082ed00c6","source":"0fb6a7d6-63f9-4da9-99dd-cc8624d0885d","target":"db71cd9a-a39c-497e-a934-463a99119ee9","agreement":true,"isActive":false,"date":1702291659733,"kind":"Connector","isSelected":false,"intensity":3,"isDeletable":true,"isOver":false,"isBidirectional":false,"eventLog":[{"time":1702291659733,"type":"create connection"},{"time":1702291667792,"type":"selected","value":1},{"time":1702291669098,"type":"connector was deleted","value":-99},{"time":1702291669098,"type":"active","value":0}]},{"id":"27f1e8f3-3849-48a9-8fbf-127d87b43cb2","source":"db71cd9a-a39c-497e-a934-463a99119ee9","target":"270a3406-2012-4ef1-a948-6afc9a71b4a3","agreement":false,"isActive":true,"date":1702291689930,"kind":"Connector","isSelected":false,"intensity":9,"isDeletable":true,"isOver":false,"isBidirectional":false,"eventLog":[{"time":1702291689930,"type":"create connection"},{"time":1702291708891,"type":"selected","value":1},{"time":1702291710470,"type":"change intensity of connector","value":-9},{"time":1702291710470,"type":"selected","value":0}]},{"id":"8f8de1ed-9929-48fb-8a86-18570a2931ca","source":"db71cd9a-a39c-497e-a934-463a99119ee9","target":"5829f955-955b-4fc8-b7c7-d1729ae7400b","agreement":false,"isActive":true,"date":1702291690950,"kind":"Connector","isSelected":false,"intensity":6,"isDeletable":true,"isOver":false,"isBidirectional":false,"eventLog":[{"time":1702291690950,"type":"create connection"},{"time":1702291694999,"type":"selected","value":1},{"time":1702291708247,"type":"change intensity of connector","value":-6},{"time":1702291708247,"type":"selected","value":0}]},{"id":"6f85c97d-b92d-4814-9eff-2f3e6aa0046a","source":"db71cd9a-a39c-497e-a934-463a99119ee9","target":"149f03db-3028-4b44-8ab4-88ac1b487bb3","agreement":false,"isActive":true,"date":1702291691905,"kind":"Connector","isSelected":false,"intensity":6,"isDeletable":true,"isOver":false,"isBidirectional":false,"eventLog":[{"time":1702291691905,"type":"create connection"},{"time":1702291711347,"type":"selected","value":1},{"time":1702291712733,"type":"change intensity of connector","value":-6},{"time":1702291712733,"type":"selected","value":0}]},{"id":"c021beb5-045e-41c5-a798-4bcdc174203a","source":"24b05f27-53b0-4d54-a5c2-2c4bd0f31b1c","target":"1bef55ed-26a9-4d1f-bca9-0a20a4dbe82a","agreement":false,"isActive":true,"date":1702291766762,"kind":"Connector","isSelected":false,"intensity":6,"isDeletable":true,"isOver":false,"isBidirectional":false,"eventLog":[{"time":1702291766762,"type":"create connection"},{"time":1702291769811,"type":"selected","value":1},{"time":1702291771646,"type":"change intensity of connector","value":-6},{"time":1702291771646,"type":"selected","value":0}]},{"id":"8700cfb7-c458-4f34-8a14-f15f53dfcdbd","source":"5829f955-955b-4fc8-b7c7-d1729ae7400b","target":"1b4bb09d-0da8-4195-b897-27de226e570b","agreement":false,"isActive":true,"date":1702291781926,"kind":"Connector","isSelected":false,"intensity":6,"isDeletable":true,"isOver":false,"isBidirectional":false,"eventLog":[{"time":1702291781926,"type":"create connection"},{"time":1702291782783,"type":"selected","value":1},{"time":1702291785517,"type":"change intensity of connector","value":-6},{"time":1702291785517,"type":"selected","value":0}]}],"currentID":{},"currentNode":{},"hasSelectedNode":[false],"currentConnector":{},"hasSelectedConnector":[false],"readyToMove":[false],"isIncoming":[false],"hasElementMoved":[false]}
