{"idCAM":["188ce7c2-cfb9-4c12-904f-aba1d0762a29"],"creator":["64e74f0c7ba1863371602661_post"],"projectCAM":["S2_CAM part 2"],"defocusCAM":[],"date":[1702318811610],"nodes":[{"id":"466d0add-9c0f-4085-99bd-b94661b4adf2","value":0,"text":"social assistance robot","comment":"","position":{"x":650,"y":400},"isActive":true,"date":1702318812531,"kind":"Node","isSelected":false,"isConnectorSelected":false,"isDraggable":0,"isDeletable":0,"hasElementMoved":false,"eventLog":[{"time":"1702318812532","type":"create node","value":[0]},{"time":"2023-12-11T18:21:50.306Z","type":"position","value":{"x":[666.28],"y":[391.44]}}],"isTextChangeable":0},{"id":"fb5a6ed4-cbed-4c1d-9341-149db23163d3","value":0,"text":"disadvantages","comment":"","position":{"x":450,"y":400},"isActive":true,"date":1702318812532,"kind":"Node","isSelected":false,"isConnectorSelected":false,"isDraggable":0,"isDeletable":0,"hasElementMoved":false,"eventLog":[{"time":1702318812532,"type":"create node","value":0}],"isTextChangeable":0},{"id":"7cb6c654-baec-4c15-bff0-d2d39b6b0a9f","value":0,"text":"advantages","comment":"","position":{"x":850,"y":400},"isActive":true,"date":1702318812532,"kind":"Node","isSelected":false,"isConnectorSelected":false,"isDraggable":0,"isDeletable":0,"hasElementMoved":false,"eventLog":[{"time":1702318812532,"type":"create node","value":0}],"isTextChangeable":0},{"id":"e603ffdf-cc45-4b74-b5aa-d67ee62c7bfb","value":-3,"text":"costs","comment":"","position":{"x":272.28,"y":484.44},"isActive":true,"date":1702318812532,"kind":"Node","isSelected":false,"isConnectorSelected":false,"isDraggable":1,"isDeletable":1,"hasElementMoved":false,"eventLog":[{"time":1702318812532,"type":"create node","value":-3}],"isTextChangeable":1},{"id":"718471aa-715f-477b-ac5f-5460b51b6fb1","value":-2,"text":"scissors arm rich","comment":"","position":{"x":439.28,"y":540.44},"isActive":true,"date":1702318812532,"kind":"Node","isSelected":false,"isConnectorSelected":false,"isDraggable":1,"isDeletable":1,"hasElementMoved":false,"eventLog":[{"time":1702318812532,"type":"create node","value":-2}],"isTextChangeable":1},{"id":"6201be29-792e-48c5-a43e-4b405327253a","value":3,"text":"support of people","comment":"","position":{"x":1056.28,"y":386.44},"isActive":true,"date":1702318812532,"kind":"Node","isSelected":false,"isConnectorSelected":false,"isDraggable":1,"isDeletable":1,"hasElementMoved":false,"eventLog":[{"time":1702318812532,"type":"create node","value":3}],"isTextChangeable":1},{"id":"ac8ccee1-b8b6-471e-869b-ef98e011fee3","value":10,"text":"influence children growing up","comment":"","position":{"x":979.28,"y":285.44},"isActive":true,"date":1702318812532,"kind":"Node","isSelected":false,"isConnectorSelected":false,"isDraggable":1,"isDeletable":1,"hasElementMoved":false,"eventLog":[{"time":1702318812532,"type":"create node","value":10}],"isTextChangeable":1},{"id":"35db36d9-0d5e-415b-9a59-61579c06def7","value":0,"text":"liability for software error","comment":"","position":{"x":615.28,"y":266.44},"isActive":true,"date":1702318812532,"kind":"Node","isSelected":false,"isConnectorSelected":false,"isDraggable":1,"isDeletable":1,"hasElementMoved":false,"eventLog":[{"time":1702318812532,"type":"create node","value":0}],"isTextChangeable":1},{"id":"b107ac66-89d9-4e6c-b5b7-8e3b4ed52092","value":0,"text":"liability for hardware error","comment":"","position":{"x":556.28,"y":205.44},"isActive":true,"date":1702318812532,"kind":"Node","isSelected":false,"isConnectorSelected":false,"isDraggable":1,"isDeletable":1,"hasElementMoved":false,"eventLog":[{"time":1702318812532,"type":"create node","value":0}],"isTextChangeable":1},{"id":"6f447a2c-7c58-42cc-a843-3d40c3b9c0a6","value":-1,"text":"health insurance does not support","comment":"","position":{"x":148.28,"y":566.44},"isActive":true,"date":1702318812532,"kind":"Node","isSelected":false,"isConnectorSelected":false,"isDraggable":1,"isDeletable":1,"hasElementMoved":false,"eventLog":[{"time":1702318812532,"type":"create node","value":-1}],"isTextChangeable":1},{"id":"571562a1-193b-4781-8f39-98ea692d63e7","value":0,"text":"the without time","comment":"","position":{"x":1049.28,"y":506.44},"isActive":true,"date":1702318812532,"kind":"Node","isSelected":false,"isConnectorSelected":false,"isDraggable":1,"isDeletable":1,"hasElementMoved":false,"eventLog":[{"time":1702318812532,"type":"create node","value":0}],"isTextChangeable":1},{"id":"11a7febb-df66-4559-8f14-0939238e9b96","value":0,"text":"those without social contacts","comment":"","position":{"x":1164.28,"y":466.44},"isActive":true,"date":1702318812532,"kind":"Node","isSelected":false,"isConnectorSelected":false,"isDraggable":1,"isDeletable":1,"hasElementMoved":false,"eventLog":[{"time":1702318812532,"type":"create node","value":0}],"isTextChangeable":1},{"id":"99510153-746a-4f13-92cb-f632b2a77fab","value":0,"text":"the without family","comment":"","position":{"x":1187.28,"y":366.44},"isActive":true,"date":1702318812532,"kind":"Node","isSelected":false,"isConnectorSelected":false,"isDraggable":1,"isDeletable":1,"hasElementMoved":false,"eventLog":[{"time":1702318812532,"type":"create node","value":0}],"isTextChangeable":1},{"id":"9afd3d13-ea6f-4152-8492-092c06be8f53","value":3,"text":"inhibits lack of workforce","comment":"","position":{"x":824.28,"y":524.44},"isActive":true,"date":1702318812532,"kind":"Node","isSelected":false,"isConnectorSelected":false,"isDraggable":1,"isDeletable":1,"hasElementMoved":false,"eventLog":[{"time":1702318812532,"type":"create node","value":3}],"isTextChangeable":1},{"id":"9bf9df2b-fde4-4673-9781-8c513f430900","value":-1,"text":"fear of being replaced","comment":"","position":{"x":665.28,"y":589.44},"isActive":true,"date":1702318812532,"kind":"Node","isSelected":false,"isConnectorSelected":false,"isDraggable":1,"isDeletable":1,"hasElementMoved":false,"eventLog":[{"time":"1702318812532","type":"create node","value":[-1]},{"time":"2023-12-11T18:22:08.201Z","type":"position","value":{"x":[684.28],"y":[563.44]}}],"isTextChangeable":1},{"id":"ad0f83db-cfbd-4f49-af98-91ef284f46be","value":-2,"text":"strong skepticism acclimatization","comment":"","position":{"x":269.28,"y":408.44},"isActive":true,"date":1702318812532,"kind":"Node","isSelected":false,"isConnectorSelected":false,"isDraggable":1,"isDeletable":1,"hasElementMoved":false,"eventLog":[{"time":1702318812532,"type":"create node","value":-2}],"isTextChangeable":1},{"id":"814318af-a099-43f2-a809-2da38f7eb164","value":-1,"text":"Mistakes can cause harm","comment":"","position":{"x":270.28,"y":334.44},"isActive":true,"date":1702318812532,"kind":"Node","isSelected":false,"isConnectorSelected":false,"isDraggable":1,"isDeletable":1,"hasElementMoved":false,"eventLog":[{"time":"1702318812532","type":"create node","value":[-1]},{"time":"2023-12-11T18:22:21.032Z","type":"position","value":{"x":[280.28],"y":[333.44]}}],"isTextChangeable":1},{"id":"54b1ea58-c79f-4f37-8746-0e76569235f4","value":0,"text":"Unauffälliger Helfer","comment":"nimmt keinen Mittelpunkt ein, kann fast ","position":{"x":828.28,"y":181.44},"isActive":false,"date":1702318815018,"kind":"Node","isSelected":false,"isConnectorSelected":false,"isDraggable":1,"isDeletable":1,"hasElementMoved":false,"eventLog":[{"time":1702318815018,"type":"create node","value":0},{"time":1702318815077,"type":"selected","value":1},{"time":1702318835684,"type":"node was deleted","value":-77}],"isTextChangeable":1},{"id":"bf20bb79-719f-4d19-adc8-6dccb0c2c3cc","value":2,"text":"inconspicuous helper","comment":"Is not in the spotlight, rather just supportive","position":{"x":945.28,"y":198.44},"isActive":true,"date":1702318837336,"kind":"Node","isSelected":false,"isConnectorSelected":false,"isDraggable":1,"isDeletable":1,"hasElementMoved":false,"eventLog":[{"time":"1702318837336","type":"create node","value":[0]},{"time":"1702318837394","type":"selected","value":[true]},{"time":"1702318852894","type":"text","value":["Unauffälliger Helfern"]},{"time":"1702318852894","type":"value","value":[2]},{"time":"1702318852894","type":"comment","value":["Steht nicht im Mittelpunkt, eher nur unterstützend"]},{"time":"1702318852894","type":"selected","value":[false]},{"time":"2023-12-11T18:20:53.248Z","type":"position","value":{"x":[793.28],"y":[209.44]}},{"time":"2023-12-11T18:21:06.027Z","type":"position","value":{"x":[885.28],"y":[217.44]}},{"time":"1702318898038","type":"selected","value":[true]},{"time":"1702318901457","type":"text","value":["Unauffälliger Helfer "]},{"time":"1702318901457","type":"selected","value":[false]}],"isTextChangeable":1},{"id":"3c2388c2-21fa-44c5-a405-2db6d3e5e91f","value":2,"text":"Almost like a pet","comment":"","position":{"x":846.28,"y":178.44},"isActive":true,"date":1702318855630,"kind":"Node","isSelected":false,"isConnectorSelected":false,"isDraggable":1,"isDeletable":1,"hasElementMoved":false,"eventLog":[{"time":"1702318855630","type":"create node","value":[0]},{"time":"1702318855691","type":"selected","value":[true]},{"time":"1702318859992","type":"text","value":["Fast wie Haustier"]},{"time":"1702318859992","type":"selected","value":[false]},{"time":"2023-12-11T18:21:00.363Z","type":"position","value":{"x":[802.28],"y":[218.44]}},{"time":"1702318860916","type":"selected","value":[true]},{"time":"1702318863281","type":"value","value":[2]},{"time":"1702318863281","type":"selected","value":[false]},{"time":"2023-12-11T18:21:05.044Z","type":"position","value":{"x":[773.28],"y":[289.44]}},{"time":"2023-12-11T18:21:06.779Z","type":"position","value":{"x":[788.28],"y":[188.44]}}],"isTextChangeable":1}],"connectors":[{"id":"e31713c6-34c4-4411-9c3a-89d29c0d33a3","source":"466d0add-9c0f-4085-99bd-b94661b4adf2","target":"fb5a6ed4-cbed-4c1d-9341-149db23163d3","agreement":true,"isActive":true,"date":1702318812533,"kind":"Connector","isSelected":false,"intensity":3,"isDeletable":false,"isOver":false,"isBidirectional":false,"eventLog":[{"time":1702318812533,"type":"create connection"}]},{"id":"dc3b2175-6bc3-4ebc-86e3-bce6d50ef605","source":"466d0add-9c0f-4085-99bd-b94661b4adf2","target":"7cb6c654-baec-4c15-bff0-d2d39b6b0a9f","agreement":true,"isActive":true,"date":1702318812533,"kind":"Connector","isSelected":false,"intensity":3,"isDeletable":true,"isOver":false,"isBidirectional":false,"eventLog":[{"time":1702318812533,"type":"create connection"},{"time":1702318911868,"type":"selected","value":1},{"time":1702318912763,"type":"change intensity of connector","value":3},{"time":1702318912763,"type":"selected","value":0}]},{"id":"84dd4cea-3823-4f30-bf55-97e1e8e634fc","source":"fb5a6ed4-cbed-4c1d-9341-149db23163d3","target":"718471aa-715f-477b-ac5f-5460b51b6fb1","agreement":true,"isActive":true,"date":1702318812533,"kind":"Connector","isSelected":false,"intensity":3,"isDeletable":true,"isOver":false,"isBidirectional":false,"eventLog":[{"time":1702318812533,"type":"create connection"},{"time":1702318919350,"type":"selected","value":1},{"time":1702318920686,"type":"change intensity of connector","value":3},{"time":1702318920686,"type":"selected","value":0}]},{"id":"6ae191e3-8007-4ac4-8303-bcde717fd34b","source":"e603ffdf-cc45-4b74-b5aa-d67ee62c7bfb","target":"fb5a6ed4-cbed-4c1d-9341-149db23163d3","agreement":true,"isActive":true,"date":1702318812533,"kind":"Connector","isSelected":false,"intensity":3,"isDeletable":true,"isOver":false,"isBidirectional":false,"eventLog":[{"time":1702318812533,"type":"create connection"}]},{"id":"b8e87e7f-12b6-4d92-914c-5205ef635874","source":"718471aa-715f-477b-ac5f-5460b51b6fb1","target":"e603ffdf-cc45-4b74-b5aa-d67ee62c7bfb","agreement":true,"isActive":true,"date":1702318812533,"kind":"Connector","isSelected":false,"intensity":3,"isDeletable":true,"isOver":false,"isBidirectional":false,"eventLog":[{"time":1702318812533,"type":"create connection"}]},{"id":"037c67ec-769f-4c84-950e-7990580a9749","source":"ac8ccee1-b8b6-471e-869b-ef98e011fee3","target":"7cb6c654-baec-4c15-bff0-d2d39b6b0a9f","agreement":true,"isActive":true,"date":1702318812534,"kind":"Connector","isSelected":false,"intensity":3,"isDeletable":true,"isOver":false,"isBidirectional":false,"eventLog":[{"time":1702318812534,"type":"create connection"}]},{"id":"244c9123-d4af-4dba-9a19-48a6d6d572c3","source":"6201be29-792e-48c5-a43e-4b405327253a","target":"7cb6c654-baec-4c15-bff0-d2d39b6b0a9f","agreement":true,"isActive":true,"date":1702318812534,"kind":"Connector","isSelected":false,"intensity":3,"isDeletable":true,"isOver":false,"isBidirectional":false,"eventLog":[{"time":1702318812534,"type":"create connection"},{"time":1702318934427,"type":"selected","value":1},{"time":1702318935342,"type":"change intensity of connector","value":3},{"time":1702318935342,"type":"selected","value":0}]},{"id":"f0744875-e5f0-4796-a430-f5fdb5e4da1b","source":"fb5a6ed4-cbed-4c1d-9341-149db23163d3","target":"35db36d9-0d5e-415b-9a59-61579c06def7","agreement":true,"isActive":true,"date":1702318812534,"kind":"Connector","isSelected":false,"intensity":3,"isDeletable":true,"isOver":false,"isBidirectional":false,"eventLog":[{"time":1702318812534,"type":"create connection"}]},{"id":"a3c52a77-f855-4fe2-b573-17b79fe2e37b","source":"fb5a6ed4-cbed-4c1d-9341-149db23163d3","target":"b107ac66-89d9-4e6c-b5b7-8e3b4ed52092","agreement":true,"isActive":true,"date":1702318812534,"kind":"Connector","isSelected":false,"intensity":3,"isDeletable":true,"isOver":false,"isBidirectional":false,"eventLog":[{"time":1702318812534,"type":"create connection"}]},{"id":"5c7071ab-a02a-45b2-a0f2-dc49c462ef02","source":"6f447a2c-7c58-42cc-a843-3d40c3b9c0a6","target":"e603ffdf-cc45-4b74-b5aa-d67ee62c7bfb","agreement":true,"isActive":true,"date":1702318812534,"kind":"Connector","isSelected":false,"intensity":3,"isDeletable":true,"isOver":false,"isBidirectional":false,"eventLog":[{"time":1702318812534,"type":"create connection"}]},{"id":"5cb873c8-a69a-4e7e-9a5a-bd246e3f0264","source":"571562a1-193b-4781-8f39-98ea692d63e7","target":"6201be29-792e-48c5-a43e-4b405327253a","agreement":true,"isActive":true,"date":1702318812534,"kind":"Connector","isSelected":false,"intensity":3,"isDeletable":true,"isOver":false,"isBidirectional":false,"eventLog":[{"time":1702318812534,"type":"create connection"}]},{"id":"f9b0e12c-b1cf-4a63-b20a-6fe598e616ad","source":"6201be29-792e-48c5-a43e-4b405327253a","target":"11a7febb-df66-4559-8f14-0939238e9b96","agreement":true,"isActive":true,"date":1702318812534,"kind":"Connector","isSelected":false,"intensity":3,"isDeletable":true,"isOver":false,"isBidirectional":false,"eventLog":[{"time":1702318812534,"type":"create connection"}]},{"id":"4816a693-310d-42db-8825-3cb51f24f26c","source":"6201be29-792e-48c5-a43e-4b405327253a","target":"99510153-746a-4f13-92cb-f632b2a77fab","agreement":true,"isActive":true,"date":1702318812534,"kind":"Connector","isSelected":false,"intensity":3,"isDeletable":true,"isOver":false,"isBidirectional":false,"eventLog":[{"time":1702318812534,"type":"create connection"}]},{"id":"a54af5bd-4ab3-48cf-bb94-3066446e9ed7","source":"9afd3d13-ea6f-4152-8492-092c06be8f53","target":"9bf9df2b-fde4-4673-9781-8c513f430900","agreement":false,"isActive":true,"date":1702318812534,"kind":"Connector","isSelected":false,"intensity":6,"isDeletable":true,"isOver":false,"isBidirectional":false,"eventLog":[{"time":1702318812534,"type":"create connection"},{"time":1702318923206,"type":"selected","value":1},{"time":1702318926448,"type":"change intensity of connector","value":-6},{"time":1702318926448,"type":"selected","value":0}]},{"id":"dea34d7e-5c69-41e5-98b1-d60fe5a7b6f8","source":"9afd3d13-ea6f-4152-8492-092c06be8f53","target":"7cb6c654-baec-4c15-bff0-d2d39b6b0a9f","agreement":true,"isActive":true,"date":1702318812535,"kind":"Connector","isSelected":false,"intensity":3,"isDeletable":true,"isOver":false,"isBidirectional":false,"eventLog":[{"time":1702318812535,"type":"create connection"}]},{"id":"612ff2b5-7a82-44ae-b22a-c5c357a16dc0","source":"ad0f83db-cfbd-4f49-af98-91ef284f46be","target":"fb5a6ed4-cbed-4c1d-9341-149db23163d3","agreement":true,"isActive":true,"date":1702318812535,"kind":"Connector","isSelected":false,"intensity":3,"isDeletable":true,"isOver":false,"isBidirectional":false,"eventLog":[{"time":1702318812535,"type":"create connection"}]},{"id":"093983fc-91fa-4920-866e-c9b2d8573d52","source":"814318af-a099-43f2-a809-2da38f7eb164","target":"fb5a6ed4-cbed-4c1d-9341-149db23163d3","agreement":true,"isActive":true,"date":1702318812535,"kind":"Connector","isSelected":false,"intensity":3,"isDeletable":true,"isOver":false,"isBidirectional":false,"eventLog":[{"time":1702318812535,"type":"create connection"}]},{"id":"d8c37091-30fc-4975-a57b-c8176d0b6852","source":"7cb6c654-baec-4c15-bff0-d2d39b6b0a9f","target":"bf20bb79-719f-4d19-adc8-6dccb0c2c3cc","agreement":true,"isActive":true,"date":1702318854943,"kind":"Connector","isSelected":false,"intensity":3,"isDeletable":true,"isOver":false,"isBidirectional":false,"eventLog":[{"time":1702318854943,"type":"create connection"}]},{"id":"07d37efe-8da4-4107-8463-8fa5fcd2a985","source":"7cb6c654-baec-4c15-bff0-d2d39b6b0a9f","target":"3c2388c2-21fa-44c5-a405-2db6d3e5e91f","agreement":true,"isActive":true,"date":1702318864361,"kind":"Connector","isSelected":false,"intensity":3,"isDeletable":true,"isOver":false,"isBidirectional":false,"eventLog":[{"time":1702318864361,"type":"create connection"},{"time":1702318914371,"type":"selected","value":1},{"time":1702318916124,"type":"change intensity of connector","value":3},{"time":1702318916124,"type":"selected","value":0}]}],"currentID":{},"currentNode":{},"hasSelectedNode":[false],"currentConnector":{},"hasSelectedConnector":[false],"readyToMove":[false],"isIncoming":[false],"hasElementMoved":[false]}
