{"idCAM":["7cc633b0-81ed-4a11-be86-0124fb1b6145"],"creator":["64e74f0c7ba1863371602661_pre"],"projectCAM":["S2_CAM part 1"],"defocusCAM":[],"date":[1702318216491],"nodes":[{"id":"c2bbb2e6-7ef4-4b73-b825-30bd0f2c25a3","value":0,"text":"social assistance robot","comment":"","position":{"x":650,"y":400},"isActive":true,"date":1702318217406,"kind":"Node","isSelected":false,"isConnectorSelected":false,"isDraggable":0,"isDeletable":0,"hasElementMoved":false,"eventLog":[{"time":1702318217406,"type":"create node","value":0}],"isTextChangeable":0},{"id":"13c1fedf-6bcb-4d13-a552-834dc701b9e7","value":0,"text":"disadvantages","comment":"","position":{"x":450,"y":400},"isActive":true,"date":1702318217407,"kind":"Node","isSelected":false,"isConnectorSelected":false,"isDraggable":0,"isDeletable":0,"hasElementMoved":false,"eventLog":[{"time":1702318217407,"type":"create node","value":0}],"isTextChangeable":0},{"id":"7ae1d1d0-f724-4a9f-946a-33f1cc4c9de6","value":0,"text":"advantages","comment":"","position":{"x":850,"y":400},"isActive":true,"date":1702318217407,"kind":"Node","isSelected":false,"isConnectorSelected":false,"isDraggable":0,"isDeletable":0,"hasElementMoved":false,"eventLog":[{"time":1702318217407,"type":"create node","value":0}],"isTextChangeable":0},{"id":"81670ffa-4139-4a30-be7d-e50b3123c7d2","value":0,"text":"nur wohlhabende","comment":"","position":{"x":258.28,"y":489.44},"isActive":false,"date":1702318233034,"kind":"Node","isSelected":false,"isConnectorSelected":false,"isDraggable":1,"isDeletable":1,"hasElementMoved":false,"eventLog":[{"time":1702318233034,"type":"create node","value":0},{"time":1702318233113,"type":"selected","value":1},{"time":1702318246687,"type":"node was deleted","value":-77}],"isTextChangeable":1},{"id":"6071d23f-30b5-4aef-9664-83aaecc6e9fa","value":-3,"text":"costs","comment":"","position":{"x":272.28,"y":484.44},"isActive":true,"date":1702318248271,"kind":"Node","isSelected":false,"isConnectorSelected":false,"isDraggable":1,"isDeletable":1,"hasElementMoved":false,"eventLog":[{"time":"1702318248271","type":"create node","value":[0]},{"time":"1702318248330","type":"selected","value":[true]},{"time":"1702318257236","type":"text","value":["Kosten"]},{"time":"1702318257236","type":"value","value":[-3]},{"time":"1702318257236","type":"selected","value":[false]},{"time":"2023-12-11T18:11:15.583Z","type":"position","value":{"x":[338.28],"y":[501.44]}}],"isTextChangeable":1},{"id":"ab537829-46f4-478a-9b40-5b31f5a7f99f","value":-2,"text":"scissors arm rich","comment":"","position":{"x":439.28,"y":540.44},"isActive":true,"date":1702318257656,"kind":"Node","isSelected":false,"isConnectorSelected":false,"isDraggable":1,"isDeletable":1,"hasElementMoved":false,"eventLog":[{"time":"1702318257656","type":"create node","value":[0]},{"time":"1702318258309","type":"selected","value":[true]},{"time":"1702318271213","type":"text","value":["Schere Arm Reich"]},{"time":"1702318271213","type":"value","value":[-2]},{"time":"1702318271213","type":"selected","value":[false]},{"time":"2023-12-11T18:11:11.793Z","type":"position","value":{"x":[427.28],"y":[611.44]}},{"time":"2023-12-11T18:17:45.655Z","type":"position","value":{"x":[445.28],"y":[522.44]}}],"isTextChangeable":1},{"id":"33118d38-868c-4c11-b9b0-9810645be2d9","value":3,"text":"support of people","comment":"","position":{"x":1056.28,"y":386.44},"isActive":true,"date":1702318287115,"kind":"Node","isSelected":false,"isConnectorSelected":false,"isDraggable":1,"isDeletable":1,"hasElementMoved":false,"eventLog":[{"time":"1702318287115","type":"create node","value":[0]},{"time":"1702318288003","type":"selected","value":[true]},{"time":"1702318303713","type":"text","value":["Unterstützung von Menschen"]},{"time":"1702318303713","type":"value","value":[3]},{"time":"1702318303713","type":"selected","value":[false]},{"time":"2023-12-11T18:13:00.394Z","type":"position","value":{"x":[939.28],"y":[463.44]}},{"time":"2023-12-11T18:15:13.694Z","type":"position","value":{"x":[969.28],"y":[472.44]}}],"isTextChangeable":1},{"id":"096acf9c-e266-42ee-a3d1-f1f571f3c5f8","value":10,"text":"influence children growing up","comment":"Similar to Corona, where everyone walked around with masks, it may be difficult for children with a lot of robot contact","position":{"x":979.28,"y":285.44},"isActive":true,"date":1702318304582,"kind":"Node","isSelected":false,"isConnectorSelected":false,"isDraggable":1,"isDeletable":1,"hasElementMoved":false,"eventLog":[{"time":"1702318304582","type":"create node","value":[0]},{"time":"1702318305096","type":"selected","value":[true]},{"time":"1702318376590","type":"text","value":["Beeinflussung Kinder Aufwachsen"]},{"time":"1702318376590","type":"value","value":[-1]},{"time":"1702318376590","type":"comment","value":["ähnlich wie bei Corona, dass alle mit Masken rum liefen, ggf schwierig für Kinder mit viel Roboter Kontakt"]},{"time":"1702318376590","type":"selected","value":[false]},{"time":"2023-12-11T18:12:57.220Z","type":"position","value":{"x":[939.28],"y":[244.44]}},{"time":"2023-12-11T18:12:59.703Z","type":"position","value":{"x":[873.28],"y":[317.44]}},{"time":"2023-12-11T18:14:59.523Z","type":"position","value":{"x":[958.28],"y":[298.44]}},{"time":"2023-12-11T18:14:59.742Z","type":"position","value":{"x":[796.28],"y":[328.44]}},{"time":"2023-12-11T18:14:59.832Z","type":"position","value":{"x":[663.28],"y":[449.44]}},{"time":"2023-12-11T18:14:59.972Z","type":"position","value":{"x":[646.28],"y":[523.44]}},{"time":"2023-12-11T18:15:01.838Z","type":"position","value":{"x":[750.28],"y":[535.44]}},{"time":"2023-12-11T18:15:01.933Z","type":"position","value":{"x":[911.28],"y":[370.44]}},{"time":"1702318502697","type":"selected","value":[true]},{"time":"1702318509730","type":"value","value":[10]},{"time":"1702318509730","type":"selected","value":[false]}],"isTextChangeable":1},{"id":"7f2febe9-33c4-469d-bf85-27eaa01e06f8","value":0,"text":"liability for software error","comment":"","position":{"x":615.28,"y":266.44},"isActive":true,"date":1702318381370,"kind":"Node","isSelected":false,"isConnectorSelected":false,"isDraggable":1,"isDeletable":1,"hasElementMoved":false,"eventLog":[{"time":"1702318381370","type":"create node","value":[0]},{"time":"1702318384600","type":"selected","value":[true]},{"time":"1702318399804","type":"text","value":["Haftung bei Softwarefehler"]},{"time":"1702318399804","type":"selected","value":[false]},{"time":"2023-12-11T18:13:20.293Z","type":"position","value":{"x":[546.28],"y":[258.44]}},{"time":"2023-12-11T18:13:20.462Z","type":"position","value":{"x":[702.28],"y":[250.44]}},{"time":"2023-12-11T18:13:21.352Z","type":"position","value":{"x":[551.28],"y":[231.44]}},{"time":"2023-12-11T18:13:22.233Z","type":"position","value":{"x":[555.28],"y":[227.44]}},{"time":"1702318404291","type":"selected","value":[true]},{"time":"1702318405984","type":"selected","value":[false]},{"time":"2023-12-11T18:18:04.332Z","type":"position","value":{"x":[547.28],"y":[230.44]}}],"isTextChangeable":1},{"id":"5da40786-d125-42a2-953d-c9a319b7dd4b","value":0,"text":"liability for hardware error","comment":"","position":{"x":556.28,"y":205.44},"isActive":true,"date":1702318406326,"kind":"Node","isSelected":false,"isConnectorSelected":false,"isDraggable":1,"isDeletable":1,"hasElementMoved":false,"eventLog":[{"time":"1702318406326","type":"create node","value":[0]},{"time":"1702318406398","type":"selected","value":[true]},{"time":"1702318415539","type":"text","value":["Haftung bei Hardwarefehler"]},{"time":"1702318415539","type":"selected","value":[false]},{"time":"2023-12-11T18:13:35.914Z","type":"position","value":{"x":[379.28],"y":[237.44]}},{"time":"2023-12-11T18:13:36.054Z","type":"position","value":{"x":[530.28],"y":[243.44]}},{"time":"2023-12-11T18:13:41.696Z","type":"position","value":{"x":[428.28],"y":[245.44]}},{"time":"2023-12-11T18:17:50.373Z","type":"position","value":{"x":[397.28],"y":[228.44]}},{"time":"2023-12-11T18:18:05.280Z","type":"position","value":{"x":[450.28],"y":[217.44]}}],"isTextChangeable":1},{"id":"d252e843-df75-4c13-b189-0b0c30cdac18","value":0,"text":"Krankenkasse unterstützt nicht","comment":"da zu viel ostet","position":{"x":291.28,"y":363.44},"isActive":false,"date":1702318436942,"kind":"Node","isSelected":false,"isConnectorSelected":false,"isDraggable":1,"isDeletable":1,"hasElementMoved":false,"eventLog":[{"time":"1702318436942","type":"create node","value":[0]},{"time":"1702318437763","type":"selected","value":[true]},{"time":"1702318469268","type":"text","value":["Krankenkasse unterstützt nicht"]},{"time":"1702318469268","type":"selected","value":[false]},{"time":"2023-12-11T18:14:30.102Z","type":"position","value":{"x":[793.28],"y":[529.44]}},{"time":"2023-12-11T18:14:30.168Z","type":"position","value":{"x":[596.28],"y":[467.44]}},{"time":"2023-12-11T18:14:30.208Z","type":"position","value":{"x":[418.28],"y":[428.44]}},{"time":"2023-12-11T18:14:30.438Z","type":"position","value":{"x":[309.28],"y":[379.44]}},{"time":"1702318472599","type":"selected","value":[true]},{"time":"1702318477559","type":"node was deleted","value":[-77]}],"isTextChangeable":1},{"id":"0d406266-4412-4ba7-82cb-e7446ec0442a","value":-1,"text":"health insurance does not support","comment":"that costs too much","position":{"x":148.28,"y":566.44},"isActive":true,"date":1702318479646,"kind":"Node","isSelected":false,"isConnectorSelected":false,"isDraggable":1,"isDeletable":1,"hasElementMoved":false,"eventLog":[{"time":"1702318479646","type":"create node","value":[0]},{"time":"1702318479719","type":"selected","value":[true]},{"time":"1702318487244","type":"text","value":["Krankenkasse unterstützt nicht"]},{"time":"1702318487244","type":"selected","value":[false]},{"time":"1702318488302","type":"selected","value":[true]},{"time":"1702318492583","type":"comment","value":["da zu viel kostet"]},{"time":"1702318492583","type":"selected","value":[false]},{"time":"2023-12-11T18:14:52.885Z","type":"position","value":{"x":[233.28],"y":[399.44]}},{"time":"1702318495189","type":"selected","value":[true]},{"time":"1702318496734","type":"value","value":[-1]},{"time":"1702318496734","type":"selected","value":[false]},{"time":"2023-12-11T18:17:43.650Z","type":"position","value":{"x":[205.28],"y":[395.44]}},{"time":"2023-12-11T18:17:44.026Z","type":"position","value":{"x":[133.28],"y":[545.44]}}],"isTextChangeable":1},{"id":"3cc33fa5-9260-4c0f-9f55-428d7a9c67e4","value":0,"text":"the without time","comment":"","position":{"x":1049.28,"y":506.44},"isActive":true,"date":1702318514823,"kind":"Node","isSelected":false,"isConnectorSelected":false,"isDraggable":1,"isDeletable":1,"hasElementMoved":false,"eventLog":[{"time":"1702318514823","type":"create node","value":[0]},{"time":"1702318514895","type":"selected","value":[true]},{"time":"1702318540680","type":"text","value":["die ohne Zeit"]},{"time":"1702318540680","type":"selected","value":[false]},{"time":"2023-12-11T18:15:41.171Z","type":"position","value":{"x":[971.28],"y":[468.44]}}],"isTextChangeable":1},{"id":"bacb9f3b-e3e6-4a22-9a41-f17bde3d515a","value":0,"text":"those without social contacts","comment":"","position":{"x":1164.28,"y":466.44},"isActive":true,"date":1702318543744,"kind":"Node","isSelected":false,"isConnectorSelected":false,"isDraggable":1,"isDeletable":1,"hasElementMoved":false,"eventLog":[{"time":"1702318543744","type":"create node","value":[0]},{"time":"1702318543817","type":"selected","value":[true]},{"time":"1702318557442","type":"text","value":["die ohne Sozialkontakte"]},{"time":"1702318557442","type":"selected","value":[false]},{"time":"2023-12-11T18:15:58.028Z","type":"position","value":{"x":[1168.28],"y":[429.44]}},{"time":"2023-12-11T18:15:58.978Z","type":"position","value":{"x":[1141.28],"y":[492.44]}}],"isTextChangeable":1},{"id":"0ec72e9a-4ec1-4fcf-9730-7f28d832dab9","value":0,"text":"the without family","comment":"","position":{"x":1187.28,"y":366.44},"isActive":true,"date":1702318560832,"kind":"Node","isSelected":false,"isConnectorSelected":false,"isDraggable":1,"isDeletable":1,"hasElementMoved":false,"eventLog":[{"time":"1702318560832","type":"create node","value":[0]},{"time":"1702318560899","type":"selected","value":[true]},{"time":"1702318564732","type":"text","value":["die ohne Familie"]},{"time":"1702318564732","type":"selected","value":[false]},{"time":"2023-12-11T18:16:05.092Z","type":"position","value":{"x":[1121.28],"y":[312.44]}}],"isTextChangeable":1},{"id":"906f55b3-bc21-4cbe-993c-de3447f057b3","value":3,"text":"inhibits lack of workforce","comment":"","position":{"x":824.28,"y":524.44},"isActive":true,"date":1702318570373,"kind":"Node","isSelected":false,"isConnectorSelected":false,"isDraggable":1,"isDeletable":1,"hasElementMoved":false,"eventLog":[{"time":"1702318570373","type":"create node","value":[0]},{"time":"1702318570920","type":"selected","value":[true]},{"time":"1702318582123","type":"text","value":["hemmt Arbeitskräftemangel"]},{"time":"1702318582123","type":"value","value":[3]},{"time":"1702318582123","type":"selected","value":[false]},{"time":"2023-12-11T18:16:22.608Z","type":"position","value":{"x":[734.28],"y":[537.44]}}],"isTextChangeable":1},{"id":"f631d471-003e-4912-b2f4-f305ce32240b","value":-1,"text":"fear of being replaced","comment":"for previous employees","position":{"x":684.28,"y":570.44},"isActive":true,"date":1702318584298,"kind":"Node","isSelected":false,"isConnectorSelected":false,"isDraggable":1,"isDeletable":1,"hasElementMoved":false,"eventLog":[{"time":"1702318584298","type":"create node","value":[0]},{"time":"2023-12-11T18:16:25.479Z","type":"position","value":{"x":[874.28],"y":[479.44]}},{"time":"2023-12-11T18:16:25.618Z","type":"position","value":{"x":[720.28],"y":[555.44]}},{"time":"1702318586248","type":"selected","value":[true]},{"time":"1702318610355","type":"text","value":["Angst ersetzt zuwerden"]},{"time":"1702318610355","type":"value","value":[-1]},{"time":"1702318610355","type":"comment","value":["für bisherige Mitarbeiter"]},{"time":"1702318610355","type":"selected","value":[false]}],"isTextChangeable":1},{"id":"175c2e6e-bfb7-4845-aa7f-f4e6d29eb3d4","value":-2,"text":"strong skepticism acclimatization","comment":"The start with this will not be easy for the concerned institutions","position":{"x":269.28,"y":408.44},"isActive":true,"date":1702318613371,"kind":"Node","isSelected":false,"isConnectorSelected":false,"isDraggable":1,"isDeletable":1,"hasElementMoved":false,"eventLog":[{"time":"1702318613371","type":"create node","value":[0]},{"time":"1702318613882","type":"selected","value":[true]},{"time":"1702318660839","type":"text","value":["Starke Skepsis Eingewöhnung"]},{"time":"1702318660839","type":"value","value":[-2]},{"time":"1702318660839","type":"comment","value":["Der Start damit wird nicht einfach für betreffende Einrichtungen"]},{"time":"1702318660839","type":"selected","value":[false]},{"time":"2023-12-11T18:17:41.353Z","type":"position","value":{"x":[774.28],"y":[181.44]}},{"time":"2023-12-11T18:17:41.446Z","type":"position","value":{"x":[606.28],"y":[202.44]}},{"time":"2023-12-11T18:17:41.486Z","type":"position","value":{"x":[432.28],"y":[205.44]}},{"time":"2023-12-11T18:17:41.776Z","type":"position","value":{"x":[279.28],"y":[228.44]}},{"time":"2023-12-11T18:17:48.168Z","type":"position","value":{"x":[240.28],"y":[242.44]}},{"time":"2023-12-11T18:18:21.250Z","type":"position","value":{"x":[288.28],"y":[299.44]}}],"isTextChangeable":1},{"id":"16e152ef-ce35-41b9-8747-d678abb1e654","value":-1,"text":"Mistakes can cause harm","comment":"","position":{"x":267.28,"y":342.44},"isActive":true,"date":1702318686378,"kind":"Node","isSelected":false,"isConnectorSelected":false,"isDraggable":1,"isDeletable":1,"hasElementMoved":false,"eventLog":[{"time":"1702318686378","type":"create node","value":[0]},{"time":"1702318686424","type":"selected","value":[true]},{"time":"1702318700124","type":"text","value":["Fehlbedingen kann schaden"]},{"time":"1702318700124","type":"value","value":[-1]},{"time":"1702318700124","type":"selected","value":[false]},{"time":"2023-12-11T18:18:20.477Z","type":"position","value":{"x":[409.28],"y":[198.44]}},{"time":"2023-12-11T18:18:22.893Z","type":"position","value":{"x":[354.28],"y":[259.44]}},{"time":"2023-12-11T18:18:25.346Z","type":"position","value":{"x":[292.28],"y":[339.44]}}],"isTextChangeable":1}],"connectors":[{"id":"b77605e5-bf9f-45c8-8ad8-bccfe4887a72","source":"c2bbb2e6-7ef4-4b73-b825-30bd0f2c25a3","target":"13c1fedf-6bcb-4d13-a552-834dc701b9e7","agreement":true,"isActive":true,"date":1702318217407,"kind":"Connector","isSelected":false,"intensity":3,"isDeletable":false,"isOver":false,"isBidirectional":false,"eventLog":[{"time":1702318217407,"type":"create connection"}]},{"id":"4eafc86c-44fd-4d37-bcf6-60cae04f495e","source":"c2bbb2e6-7ef4-4b73-b825-30bd0f2c25a3","target":"7ae1d1d0-f724-4a9f-946a-33f1cc4c9de6","agreement":true,"isActive":true,"date":1702318217407,"kind":"Connector","isSelected":false,"intensity":3,"isDeletable":true,"isOver":false,"isBidirectional":false,"eventLog":[{"time":1702318217407,"type":"create connection"}]},{"id":"7e233871-bf1e-4358-b583-bb1f51f6cf3c","source":"13c1fedf-6bcb-4d13-a552-834dc701b9e7","target":"ab537829-46f4-478a-9b40-5b31f5a7f99f","agreement":true,"isActive":true,"date":1702318272966,"kind":"Connector","isSelected":false,"intensity":3,"isDeletable":true,"isOver":false,"isBidirectional":false,"eventLog":[{"time":1702318272966,"type":"create connection"}]},{"id":"f6c2e89e-a46a-45c5-ade3-f4015290be24","source":"6071d23f-30b5-4aef-9664-83aaecc6e9fa","target":"13c1fedf-6bcb-4d13-a552-834dc701b9e7","agreement":true,"isActive":true,"date":1702318276461,"kind":"Connector","isSelected":false,"intensity":3,"isDeletable":true,"isOver":false,"isBidirectional":false,"eventLog":[{"time":1702318276461,"type":"create connection"},{"time":1702318279914,"type":"selected","value":1},{"time":1702318281814,"type":"change intensity of connector","value":3},{"time":1702318281814,"type":"selected","value":0}]},{"id":"1b44e1f6-3395-4f89-96c7-2cfa86538966","source":"ab537829-46f4-478a-9b40-5b31f5a7f99f","target":"6071d23f-30b5-4aef-9664-83aaecc6e9fa","agreement":true,"isActive":true,"date":1702318284973,"kind":"Connector","isSelected":false,"intensity":3,"isDeletable":true,"isOver":false,"isBidirectional":false,"eventLog":[{"time":1702318284973,"type":"create connection"}]},{"id":"94fdbdcc-e9ca-4c4f-9981-01009d9a3476","source":"096acf9c-e266-42ee-a3d1-f1f571f3c5f8","target":"7ae1d1d0-f724-4a9f-946a-33f1cc4c9de6","agreement":true,"isActive":true,"date":1702318378465,"kind":"Connector","isSelected":false,"intensity":3,"isDeletable":true,"isOver":false,"isBidirectional":false,"eventLog":[{"time":1702318378465,"type":"create connection"}]},{"id":"8a2c8d45-e273-4df8-b2e4-7e1fb1ca609d","source":"33118d38-868c-4c11-b9b0-9810645be2d9","target":"7ae1d1d0-f724-4a9f-946a-33f1cc4c9de6","agreement":true,"isActive":true,"date":1702318379215,"kind":"Connector","isSelected":false,"intensity":3,"isDeletable":true,"isOver":false,"isBidirectional":false,"eventLog":[{"time":1702318379215,"type":"create connection"}]},{"id":"e81deecb-3296-4003-b5f8-602256e19193","source":"13c1fedf-6bcb-4d13-a552-834dc701b9e7","target":"7f2febe9-33c4-469d-bf85-27eaa01e06f8","agreement":true,"isActive":true,"date":1702318403739,"kind":"Connector","isSelected":false,"intensity":3,"isDeletable":true,"isOver":false,"isBidirectional":false,"eventLog":[{"time":1702318403739,"type":"create connection"}]},{"id":"ef81f7bf-934d-4e60-9fb9-34e3896c90ce","source":"13c1fedf-6bcb-4d13-a552-834dc701b9e7","target":"5da40786-d125-42a2-953d-c9a319b7dd4b","agreement":true,"isActive":true,"date":1702318418675,"kind":"Connector","isSelected":false,"intensity":3,"isDeletable":true,"isOver":false,"isBidirectional":false,"eventLog":[{"time":1702318418676,"type":"create connection"}]},{"id":"85509696-4ef2-463e-abec-ea9774f0e18b","source":"d252e843-df75-4c13-b189-0b0c30cdac18","target":"13c1fedf-6bcb-4d13-a552-834dc701b9e7","agreement":true,"isActive":false,"date":1702318471741,"kind":"Connector","isSelected":false,"intensity":3,"isDeletable":true,"isOver":false,"isBidirectional":false,"eventLog":[{"time":1702318471742,"type":"create connection"},{"time":1702318477559,"type":"active","value":false}]},{"id":"3b2435b8-c14a-4143-a6fe-d7b7f3611ffa","source":"0d406266-4412-4ba7-82cb-e7446ec0442a","target":"6071d23f-30b5-4aef-9664-83aaecc6e9fa","agreement":true,"isActive":true,"date":1702318493763,"kind":"Connector","isSelected":false,"intensity":3,"isDeletable":true,"isOver":false,"isBidirectional":false,"eventLog":[{"time":1702318493763,"type":"create connection"}]},{"id":"7f5e2932-49a0-4e53-9b70-afd896a83105","source":"3cc33fa5-9260-4c0f-9f55-428d7a9c67e4","target":"33118d38-868c-4c11-b9b0-9810645be2d9","agreement":true,"isActive":true,"date":1702318542691,"kind":"Connector","isSelected":false,"intensity":3,"isDeletable":true,"isOver":false,"isBidirectional":false,"eventLog":[{"time":1702318542691,"type":"create connection"}]},{"id":"2bf542fc-959c-4b9a-b265-6058b302194a","source":"33118d38-868c-4c11-b9b0-9810645be2d9","target":"bacb9f3b-e3e6-4a22-9a41-f17bde3d515a","agreement":true,"isActive":true,"date":1702318560419,"kind":"Connector","isSelected":false,"intensity":3,"isDeletable":true,"isOver":false,"isBidirectional":false,"eventLog":[{"time":1702318560419,"type":"create connection"}]},{"id":"25e0447a-d72b-43bd-877d-e7c2cc6ed522","source":"33118d38-868c-4c11-b9b0-9810645be2d9","target":"0ec72e9a-4ec1-4fcf-9730-7f28d832dab9","agreement":true,"isActive":true,"date":1702318566551,"kind":"Connector","isSelected":false,"intensity":3,"isDeletable":true,"isOver":false,"isBidirectional":false,"eventLog":[{"time":1702318566551,"type":"create connection"}]},{"id":"9a911b10-9930-4456-b599-add33ea991d7","source":"906f55b3-bc21-4cbe-993c-de3447f057b3","target":"f631d471-003e-4912-b2f4-f305ce32240b","agreement":true,"isActive":true,"date":1702318611138,"kind":"Connector","isSelected":false,"intensity":3,"isDeletable":true,"isOver":false,"isBidirectional":false,"eventLog":[{"time":1702318611138,"type":"create connection"}]},{"id":"cd3569d8-ae15-4e87-8d37-2a4dc0207108","source":"906f55b3-bc21-4cbe-993c-de3447f057b3","target":"7ae1d1d0-f724-4a9f-946a-33f1cc4c9de6","agreement":true,"isActive":true,"date":1702318611998,"kind":"Connector","isSelected":false,"intensity":3,"isDeletable":true,"isOver":false,"isBidirectional":false,"eventLog":[{"time":1702318611998,"type":"create connection"}]},{"id":"87610cdb-778b-4da3-b01d-fb78fa681812","source":"175c2e6e-bfb7-4845-aa7f-f4e6d29eb3d4","target":"13c1fedf-6bcb-4d13-a552-834dc701b9e7","agreement":true,"isActive":true,"date":1702318663072,"kind":"Connector","isSelected":false,"intensity":3,"isDeletable":true,"isOver":false,"isBidirectional":false,"eventLog":[{"time":1702318663072,"type":"create connection"}]},{"id":"99e0d767-47d3-48be-a3ed-9c94f4be6a5c","source":"16e152ef-ce35-41b9-8747-d678abb1e654","target":"13c1fedf-6bcb-4d13-a552-834dc701b9e7","agreement":true,"isActive":true,"date":1702318706657,"kind":"Connector","isSelected":false,"intensity":3,"isDeletable":true,"isOver":false,"isBidirectional":false,"eventLog":[{"time":1702318706657,"type":"create connection"}]}],"currentID":{},"currentNode":{},"hasSelectedNode":[false],"currentConnector":{},"hasSelectedConnector":[false],"readyToMove":[false],"isIncoming":[false],"hasElementMoved":[false]}
