{"idCAM":["43c2dfbc-54f9-44da-9d0d-295494e76b99"],"creator":["64ef6d994d6b1f11074bdfcf_post"],"projectCAM":["S2_CAM part 2"],"defocusCAM":[],"date":[1702310501228],"nodes":[{"id":"32789366-4b8b-4dcd-8309-cd81ba1097ae","value":1,"text":"social assistance robot","comment":"","position":{"x":650,"y":400},"isActive":true,"date":1702310502128,"kind":"Node","isSelected":false,"isConnectorSelected":false,"isDraggable":0,"isDeletable":0,"hasElementMoved":false,"eventLog":[{"time":1702310502128,"type":"create node","value":1}],"isTextChangeable":0},{"id":"a93ef5c0-b7dd-436f-9ac1-eda40428d736","value":-3,"text":"disadvantages","comment":"","position":{"x":450,"y":400},"isActive":true,"date":1702310502128,"kind":"Node","isSelected":false,"isConnectorSelected":false,"isDraggable":0,"isDeletable":0,"hasElementMoved":false,"eventLog":[{"time":1702310502128,"type":"create node","value":-3}],"isTextChangeable":0},{"id":"04c7bc13-787a-4a40-8e1f-436e8f22590f","value":3,"text":"advantages","comment":"","position":{"x":850,"y":400},"isActive":true,"date":1702310502128,"kind":"Node","isSelected":false,"isConnectorSelected":false,"isDraggable":0,"isDeletable":0,"hasElementMoved":false,"eventLog":[{"time":1702310502128,"type":"create node","value":3}],"isTextChangeable":0},{"id":"2b8e9cd1-93c7-4a5b-8cb8-53d7b91713d0","value":2,"text":"interaction with needy","comment":"","position":{"x":1020,"y":399},"isActive":true,"date":1702310502128,"kind":"Node","isSelected":false,"isConnectorSelected":false,"isDraggable":1,"isDeletable":1,"hasElementMoved":false,"eventLog":[{"time":1702310502128,"type":"create node","value":2}],"isTextChangeable":1},{"id":"872cfb1d-89ac-4993-b6c2-6fb4f9730511","value":3,"text":"use in therapy","comment":"","position":{"x":915,"y":280},"isActive":true,"date":1702310502128,"kind":"Node","isSelected":false,"isConnectorSelected":false,"isDraggable":1,"isDeletable":1,"hasElementMoved":false,"eventLog":[{"time":1702310502128,"type":"create node","value":3}],"isTextChangeable":1},{"id":"7ef6190d-9b83-489d-b879-b1ae5e8b106c","value":-3,"text":"data protection","comment":"","position":{"x":442,"y":255},"isActive":true,"date":1702310502128,"kind":"Node","isSelected":false,"isConnectorSelected":false,"isDraggable":1,"isDeletable":1,"hasElementMoved":false,"eventLog":[{"time":1702310502128,"type":"create node","value":-3}],"isTextChangeable":1},{"id":"e32a0c1c-23b6-4f10-968b-2a8ee4822306","value":-1,"text":"dependence","comment":"","position":{"x":335,"y":273},"isActive":true,"date":1702310502128,"kind":"Node","isSelected":false,"isConnectorSelected":false,"isDraggable":1,"isDeletable":1,"hasElementMoved":false,"eventLog":[{"time":1702310502128,"type":"create node","value":-1}],"isTextChangeable":1},{"id":"a95fed14-d89f-4155-94ef-de3903edb924","value":-2,"text":"deterioration of socialization","comment":"","position":{"x":308,"y":359},"isActive":true,"date":1702310502128,"kind":"Node","isSelected":false,"isConnectorSelected":false,"isDraggable":1,"isDeletable":1,"hasElementMoved":false,"eventLog":[{"time":1702310502128,"type":"create node","value":-2}],"isTextChangeable":1},{"id":"564b95fb-f751-4ba8-a9a3-5aa3bf082b17","value":-2,"text":"loneliness","comment":"","position":{"x":325,"y":446},"isActive":true,"date":1702310502128,"kind":"Node","isSelected":false,"isConnectorSelected":false,"isDraggable":1,"isDeletable":1,"hasElementMoved":false,"eventLog":[{"time":1702310502128,"type":"create node","value":-2}],"isTextChangeable":1},{"id":"9497a2b3-5858-4400-bc50-625257adffaa","value":3,"text":"education system","comment":"","position":{"x":951,"y":476},"isActive":true,"date":1702310502128,"kind":"Node","isSelected":false,"isConnectorSelected":false,"isDraggable":1,"isDeletable":1,"hasElementMoved":false,"eventLog":[{"time":1702310502128,"type":"create node","value":3}],"isTextChangeable":1},{"id":"107455fb-d113-4cef-a10a-14df925ff967","value":-3,"text":"abuse","comment":"","position":{"x":433,"y":495},"isActive":true,"date":1702310502128,"kind":"Node","isSelected":false,"isConnectorSelected":false,"isDraggable":1,"isDeletable":1,"hasElementMoved":false,"eventLog":[{"time":1702310502128,"type":"create node","value":-3}],"isTextChangeable":1},{"id":"c1d14b3e-6ae0-4016-b7db-a212b83754f7","value":-3,"text":"influence by human likeness","comment":"","position":{"x":551,"y":268},"isActive":true,"date":1702310507076,"kind":"Node","isSelected":false,"isConnectorSelected":false,"isDraggable":1,"isDeletable":1,"hasElementMoved":false,"eventLog":[{"time":"1702310507076","type":"create node","value":[0]},{"time":"2023-12-11T16:01:48.015Z","type":"position","value":{"x":[719],"y":[520]}},{"time":"2023-12-11T16:01:49.309Z","type":"position","value":{"x":[567],"y":[364]}},{"time":"1702310512551","type":"selected","value":[true]},{"time":"1702310532320","type":"text","value":["Beeinflussung durch Menschenähnlichkeit"]},{"time":"1702310532320","type":"value","value":[-3]},{"time":"1702310532320","type":"selected","value":[false]},{"time":"2023-12-11T16:02:12.937Z","type":"position","value":{"x":[535],"y":[311]}},{"time":"2023-12-11T16:02:15.513Z","type":"position","value":{"x":[549],"y":[293]}},{"time":"2023-12-11T16:02:16.441Z","type":"position","value":{"x":[572],"y":[281]}}],"isTextChangeable":1},{"id":"adce2f26-bbbd-467b-9c35-eae455b49d77","value":2,"text":"empathy feeling","comment":"The empathy feeling of the soft robot appears greater due to life-likeness","position":{"x":1020,"y":307},"isActive":true,"date":1702310538204,"kind":"Node","isSelected":false,"isConnectorSelected":false,"isDraggable":1,"isDeletable":1,"hasElementMoved":false,"eventLog":[{"time":"1702310538204","type":"create node","value":[0]},{"time":"1702310538581","type":"selected","value":[true]},{"time":"1702310601895","type":"text","value":["Empathiegefühl"]},{"time":"1702310601895","type":"value","value":[2]},{"time":"1702310601895","type":"comment","value":["Empathiegefühl des soften Roboters wirkt größer durch Lebensähnlichkeit"]},{"time":"1702310601895","type":"selected","value":[false]},{"time":"2023-12-11T16:03:23.282Z","type":"position","value":{"x":[837],"y":[503]}},{"time":"2023-12-11T16:03:23.473Z","type":"position","value":{"x":[939],"y":[344]}},{"time":"2023-12-11T16:03:23.723Z","type":"position","value":{"x":[987],"y":[295]}}],"isTextChangeable":1}],"connectors":[{"id":"9fa96815-2e2c-44ad-96ea-63309acc5ba2","source":"32789366-4b8b-4dcd-8309-cd81ba1097ae","target":"a93ef5c0-b7dd-436f-9ac1-eda40428d736","agreement":true,"isActive":true,"date":1702310502128,"kind":"Connector","isSelected":false,"intensity":3,"isDeletable":false,"isOver":false,"isBidirectional":false,"eventLog":[{"time":1702310502128,"type":"create connection"}]},{"id":"cda31503-6ac4-4b70-9895-e8ac3e3334ca","source":"32789366-4b8b-4dcd-8309-cd81ba1097ae","target":"04c7bc13-787a-4a40-8e1f-436e8f22590f","agreement":true,"isActive":true,"date":1702310502128,"kind":"Connector","isSelected":false,"intensity":3,"isDeletable":true,"isOver":false,"isBidirectional":false,"eventLog":[{"time":1702310502128,"type":"create connection"}]},{"id":"e4e0dab3-6ae3-4964-88d8-35b277179bf2","source":"2b8e9cd1-93c7-4a5b-8cb8-53d7b91713d0","target":"04c7bc13-787a-4a40-8e1f-436e8f22590f","agreement":true,"isActive":true,"date":1702310502128,"kind":"Connector","isSelected":false,"intensity":6,"isDeletable":true,"isOver":false,"isBidirectional":false,"eventLog":[{"time":1702310502128,"type":"create connection"}]},{"id":"ac6ded4b-970a-4348-9909-cc8f218e2615","source":"872cfb1d-89ac-4993-b6c2-6fb4f9730511","target":"04c7bc13-787a-4a40-8e1f-436e8f22590f","agreement":true,"isActive":true,"date":1702310502128,"kind":"Connector","isSelected":false,"intensity":9,"isDeletable":true,"isOver":false,"isBidirectional":false,"eventLog":[{"time":1702310502128,"type":"create connection"}]},{"id":"6c9837f0-e3ef-4ffe-ac22-27c8c71a0a76","source":"7ef6190d-9b83-489d-b879-b1ae5e8b106c","target":"a93ef5c0-b7dd-436f-9ac1-eda40428d736","agreement":true,"isActive":true,"date":1702310502128,"kind":"Connector","isSelected":false,"intensity":9,"isDeletable":true,"isOver":false,"isBidirectional":false,"eventLog":[{"time":1702310502128,"type":"create connection"}]},{"id":"4dfe5c31-7e58-489b-a4b8-6d1c94004100","source":"e32a0c1c-23b6-4f10-968b-2a8ee4822306","target":"a93ef5c0-b7dd-436f-9ac1-eda40428d736","agreement":true,"isActive":true,"date":1702310502128,"kind":"Connector","isSelected":false,"intensity":3,"isDeletable":true,"isOver":false,"isBidirectional":false,"eventLog":[{"time":1702310502128,"type":"create connection"}]},{"id":"1b205739-b975-4823-985b-d86788d74fcb","source":"564b95fb-f751-4ba8-a9a3-5aa3bf082b17","target":"a93ef5c0-b7dd-436f-9ac1-eda40428d736","agreement":true,"isActive":true,"date":1702310502129,"kind":"Connector","isSelected":false,"intensity":6,"isDeletable":true,"isOver":false,"isBidirectional":false,"eventLog":[{"time":1702310502129,"type":"create connection"}]},{"id":"f2082fd2-a43f-4c17-a5d7-703ebad8c68f","source":"a95fed14-d89f-4155-94ef-de3903edb924","target":"a93ef5c0-b7dd-436f-9ac1-eda40428d736","agreement":true,"isActive":true,"date":1702310502129,"kind":"Connector","isSelected":false,"intensity":6,"isDeletable":true,"isOver":false,"isBidirectional":false,"eventLog":[{"time":1702310502129,"type":"create connection"}]},{"id":"d6eacfd3-8f5e-4610-8792-5cc9931f0be5","source":"9497a2b3-5858-4400-bc50-625257adffaa","target":"04c7bc13-787a-4a40-8e1f-436e8f22590f","agreement":true,"isActive":true,"date":1702310502129,"kind":"Connector","isSelected":false,"intensity":9,"isDeletable":true,"isOver":false,"isBidirectional":false,"eventLog":[{"time":1702310502129,"type":"create connection"}]},{"id":"63813fb9-f146-488a-be55-2471ac168233","source":"107455fb-d113-4cef-a10a-14df925ff967","target":"a93ef5c0-b7dd-436f-9ac1-eda40428d736","agreement":false,"isActive":true,"date":1702310502129,"kind":"Connector","isSelected":false,"intensity":9,"isDeletable":true,"isOver":false,"isBidirectional":false,"eventLog":[{"time":1702310502129,"type":"create connection"}]},{"id":"1f921eba-a2aa-48c7-a097-c15afe58aa74","source":"c1d14b3e-6ae0-4016-b7db-a212b83754f7","target":"a93ef5c0-b7dd-436f-9ac1-eda40428d736","agreement":true,"isActive":true,"date":1702310534298,"kind":"Connector","isSelected":false,"intensity":3,"isDeletable":true,"isOver":false,"isBidirectional":false,"eventLog":[{"time":1702310534298,"type":"create connection"}]},{"id":"70342d24-7dda-404f-91aa-89bb161dcfea","source":"adce2f26-bbbd-467b-9c35-eae455b49d77","target":"04c7bc13-787a-4a40-8e1f-436e8f22590f","agreement":true,"isActive":true,"date":1702310602749,"kind":"Connector","isSelected":false,"intensity":3,"isDeletable":true,"isOver":false,"isBidirectional":false,"eventLog":[{"time":1702310602749,"type":"create connection"}]}],"currentID":{},"currentNode":{},"hasSelectedNode":[false],"currentConnector":{},"hasSelectedConnector":[false],"readyToMove":[false],"isIncoming":[false],"hasElementMoved":[false]}
