{"idCAM":["88d136b5-761b-4d04-9261-a722322252bf"],"creator":["64f1e6cd05138cd766340792_post"],"projectCAM":["S2_CAM part 2"],"defocusCAM":[],"date":[1702311547524],"nodes":[{"id":"597e4333-788b-4a14-b7c7-336d29cad682","value":0,"text":"social assistance robot","comment":"","position":{"x":650,"y":400},"isActive":true,"date":1702311548422,"kind":"Node","isSelected":false,"isConnectorSelected":false,"isDraggable":0,"isDeletable":0,"hasElementMoved":false,"eventLog":[{"time":1702311548422,"type":"create node","value":0}],"isTextChangeable":0},{"id":"94df7f49-48dd-47c1-b063-da46cfb49b12","value":0,"text":"disadvantages","comment":"","position":{"x":450,"y":400},"isActive":true,"date":1702311548422,"kind":"Node","isSelected":false,"isConnectorSelected":false,"isDraggable":0,"isDeletable":0,"hasElementMoved":false,"eventLog":[{"time":1702311548422,"type":"create node","value":0}],"isTextChangeable":0},{"id":"b59f4665-2ae0-41f5-8d4f-2d2332c48bf4","value":0,"text":"advantages","comment":"","position":{"x":850,"y":400},"isActive":true,"date":1702311548422,"kind":"Node","isSelected":false,"isConnectorSelected":false,"isDraggable":0,"isDeletable":0,"hasElementMoved":false,"eventLog":[{"time":1702311548422,"type":"create node","value":0}],"isTextChangeable":0},{"id":"00910df8-9018-4688-97bd-161937cca281","value":2,"text":"less loneliness","comment":"","position":{"x":926,"y":548},"isActive":true,"date":1702311548422,"kind":"Node","isSelected":false,"isConnectorSelected":false,"isDraggable":1,"isDeletable":1,"hasElementMoved":false,"eventLog":[{"time":1702311548422,"type":"create node","value":2}],"isTextChangeable":1},{"id":"1e171b03-5318-4635-a936-e01272689a52","value":3,"text":"better recognition of emotions","comment":"","position":{"x":1126,"y":397},"isActive":true,"date":1702311548422,"kind":"Node","isSelected":false,"isConnectorSelected":false,"isDraggable":1,"isDeletable":1,"hasElementMoved":false,"eventLog":[{"time":1702311548422,"type":"create node","value":3}],"isTextChangeable":1},{"id":"dc33d382-0e20-4f39-a4a1-3380e3f2ce03","value":-3,"text":"dependence on robots","comment":"","position":{"x":210,"y":530},"isActive":true,"date":1702311548422,"kind":"Node","isSelected":false,"isConnectorSelected":false,"isDraggable":1,"isDeletable":1,"hasElementMoved":false,"eventLog":[{"time":1702311548422,"type":"create node","value":-3}],"isTextChangeable":1},{"id":"4d374ab7-fa07-45ea-8934-eee9c35011a2","value":-3,"text":"fewer jobs","comment":"","position":{"x":194,"y":311},"isActive":true,"date":1702311548422,"kind":"Node","isSelected":false,"isConnectorSelected":false,"isDraggable":1,"isDeletable":1,"hasElementMoved":false,"eventLog":[{"time":1702311548422,"type":"create node","value":-3}],"isTextChangeable":1},{"id":"a1e00a28-5a9b-44e1-a19f-ba5f46d2ca63","value":1,"text":"help for widows","comment":"","position":{"x":975,"y":238},"isActive":true,"date":1702311548422,"kind":"Node","isSelected":false,"isConnectorSelected":false,"isDraggable":1,"isDeletable":1,"hasElementMoved":false,"eventLog":[{"time":1702311548422,"type":"create node","value":1}],"isTextChangeable":1},{"id":"4dd5fc0b-6e11-4e1e-9068-50c0d987660b","value":2,"text":"help with depression","comment":"","position":{"x":1093,"y":281},"isActive":true,"date":1702311548422,"kind":"Node","isSelected":false,"isConnectorSelected":false,"isDraggable":1,"isDeletable":1,"hasElementMoved":false,"eventLog":[{"time":1702311548422,"type":"create node","value":2}],"isTextChangeable":1},{"id":"0c79c397-c201-462e-b568-936a8d8573b4","value":-3,"text":"fewer human contacts","comment":"","position":{"x":470,"y":614},"isActive":true,"date":1702311548422,"kind":"Node","isSelected":false,"isConnectorSelected":false,"isDraggable":1,"isDeletable":1,"hasElementMoved":false,"eventLog":[{"time":1702311548422,"type":"create node","value":-3}],"isTextChangeable":1},{"id":"f6da556a-cd97-470d-bdd5-1d4308a16719","value":-3,"text":"malfunctioning robots","comment":"","position":{"x":326,"y":218},"isActive":true,"date":1702311548422,"kind":"Node","isSelected":false,"isConnectorSelected":false,"isDraggable":1,"isDeletable":1,"hasElementMoved":false,"eventLog":[{"time":1702311548422,"type":"create node","value":-3}],"isTextChangeable":1},{"id":"b71520aa-128a-4ff1-9918-242b6f35f2cf","value":-2,"text":"no professionals","comment":"","position":{"x":150,"y":419},"isActive":true,"date":1702311548422,"kind":"Node","isSelected":false,"isConnectorSelected":false,"isDraggable":1,"isDeletable":1,"hasElementMoved":false,"eventLog":[{"time":1702311548422,"type":"create node","value":-2}],"isTextChangeable":1},{"id":"0fd4a917-40c9-44e5-b181-d1705a7784c1","value":1,"text":"more profit","comment":"","position":{"x":1069,"y":473},"isActive":true,"date":1702311548422,"kind":"Node","isSelected":false,"isConnectorSelected":false,"isDraggable":1,"isDeletable":1,"hasElementMoved":false,"eventLog":[{"time":1702311548422,"type":"create node","value":1}],"isTextChangeable":1},{"id":"1afa91bb-033a-4457-bb0b-04d66179767c","value":1,"text":"closer bond","comment":"It is easier to establish a connection with soft robots than it would be if they were strictly made of metal.","position":{"x":1091,"y":578},"isActive":true,"date":1702311557554,"kind":"Node","isSelected":false,"isConnectorSelected":false,"isDraggable":1,"isDeletable":1,"hasElementMoved":false,"eventLog":[{"time":"1702311557554","type":"create node","value":[0]},{"time":"1702311559209","type":"selected","value":[true]},{"time":"1702311599868","type":"text","value":["engere Bindung"]},{"time":"1702311599868","type":"value","value":[1]},{"time":"1702311599868","type":"comment","value":["bei soften Robotern ist es einfacher eine Bindung zum roboter aufzubauen als wenn es strikt aus metall bestehen würde"]},{"time":"1702311599868","type":"selected","value":[false]},{"time":"2023-12-11T16:20:01.314Z","type":"position","value":{"x":[1035],"y":[556]}}],"isTextChangeable":1}],"connectors":[{"id":"9a10df57-1bd0-4c32-b9e7-dd2cbea5b5df","source":"597e4333-788b-4a14-b7c7-336d29cad682","target":"94df7f49-48dd-47c1-b063-da46cfb49b12","agreement":true,"isActive":true,"date":1702311548422,"kind":"Connector","isSelected":false,"intensity":3,"isDeletable":false,"isOver":false,"isBidirectional":false,"eventLog":[{"time":1702311548422,"type":"create connection"}]},{"id":"6d8635f2-4688-420a-8fdf-a011d93eaacd","source":"597e4333-788b-4a14-b7c7-336d29cad682","target":"b59f4665-2ae0-41f5-8d4f-2d2332c48bf4","agreement":true,"isActive":true,"date":1702311548422,"kind":"Connector","isSelected":false,"intensity":3,"isDeletable":true,"isOver":false,"isBidirectional":false,"eventLog":[{"time":1702311548422,"type":"create connection"}]},{"id":"5cdd5961-2623-4050-baf2-ecd5a6ba5847","source":"b59f4665-2ae0-41f5-8d4f-2d2332c48bf4","target":"00910df8-9018-4688-97bd-161937cca281","agreement":true,"isActive":true,"date":1702311548422,"kind":"Connector","isSelected":false,"intensity":6,"isDeletable":true,"isOver":false,"isBidirectional":false,"eventLog":[{"time":1702311548422,"type":"create connection"}]},{"id":"3be515df-e5e2-4d44-b948-90b1282ed5ed","source":"b59f4665-2ae0-41f5-8d4f-2d2332c48bf4","target":"1e171b03-5318-4635-a936-e01272689a52","agreement":true,"isActive":true,"date":1702311548422,"kind":"Connector","isSelected":false,"intensity":9,"isDeletable":true,"isOver":false,"isBidirectional":false,"eventLog":[{"time":1702311548422,"type":"create connection"}]},{"id":"f5ad0a43-86f1-41d7-a76d-989ca120d9b8","source":"dc33d382-0e20-4f39-a4a1-3380e3f2ce03","target":"94df7f49-48dd-47c1-b063-da46cfb49b12","agreement":false,"isActive":true,"date":1702311548422,"kind":"Connector","isSelected":false,"intensity":9,"isDeletable":true,"isOver":false,"isBidirectional":false,"eventLog":[{"time":1702311548422,"type":"create connection"}]},{"id":"b0993b2e-eb86-4106-9d9f-eb4ee87a28e6","source":"4d374ab7-fa07-45ea-8934-eee9c35011a2","target":"94df7f49-48dd-47c1-b063-da46cfb49b12","agreement":false,"isActive":true,"date":1702311548422,"kind":"Connector","isSelected":false,"intensity":9,"isDeletable":true,"isOver":false,"isBidirectional":false,"eventLog":[{"time":1702311548422,"type":"create connection"}]},{"id":"33466cd4-c91b-42cd-bcbc-f00221f32186","source":"b59f4665-2ae0-41f5-8d4f-2d2332c48bf4","target":"a1e00a28-5a9b-44e1-a19f-ba5f46d2ca63","agreement":true,"isActive":true,"date":1702311548422,"kind":"Connector","isSelected":false,"intensity":3,"isDeletable":true,"isOver":false,"isBidirectional":false,"eventLog":[{"time":1702311548422,"type":"create connection"}]},{"id":"a2d72282-74e7-47aa-b991-290cdb3f7c7b","source":"b59f4665-2ae0-41f5-8d4f-2d2332c48bf4","target":"4dd5fc0b-6e11-4e1e-9068-50c0d987660b","agreement":true,"isActive":true,"date":1702311548422,"kind":"Connector","isSelected":false,"intensity":6,"isDeletable":true,"isOver":false,"isBidirectional":false,"eventLog":[{"time":1702311548422,"type":"create connection"}]},{"id":"9c01f872-5d21-4a2a-8d9e-487e97051bae","source":"94df7f49-48dd-47c1-b063-da46cfb49b12","target":"0c79c397-c201-462e-b568-936a8d8573b4","agreement":false,"isActive":true,"date":1702311548422,"kind":"Connector","isSelected":false,"intensity":6,"isDeletable":true,"isOver":false,"isBidirectional":false,"eventLog":[{"time":1702311548422,"type":"create connection"}]},{"id":"e27de173-c4bc-48f5-be52-b43c917a1b47","source":"f6da556a-cd97-470d-bdd5-1d4308a16719","target":"94df7f49-48dd-47c1-b063-da46cfb49b12","agreement":false,"isActive":true,"date":1702311548422,"kind":"Connector","isSelected":false,"intensity":9,"isDeletable":true,"isOver":false,"isBidirectional":false,"eventLog":[{"time":1702311548422,"type":"create connection"}]},{"id":"6ff51c6d-c908-4da5-b966-a6299af8b587","source":"b71520aa-128a-4ff1-9918-242b6f35f2cf","target":"94df7f49-48dd-47c1-b063-da46cfb49b12","agreement":false,"isActive":true,"date":1702311548422,"kind":"Connector","isSelected":false,"intensity":6,"isDeletable":true,"isOver":false,"isBidirectional":false,"eventLog":[{"time":1702311548422,"type":"create connection"}]},{"id":"c29dc1b4-04cd-43e6-a076-7d8bba515fce","source":"0fd4a917-40c9-44e5-b181-d1705a7784c1","target":"b59f4665-2ae0-41f5-8d4f-2d2332c48bf4","agreement":true,"isActive":true,"date":1702311548422,"kind":"Connector","isSelected":false,"intensity":3,"isDeletable":true,"isOver":false,"isBidirectional":false,"eventLog":[{"time":1702311548422,"type":"create connection"}]},{"id":"03167043-896d-4a37-b048-bce14fc8b633","source":"b59f4665-2ae0-41f5-8d4f-2d2332c48bf4","target":"1afa91bb-033a-4457-bb0b-04d66179767c","agreement":true,"isActive":true,"date":1702311600765,"kind":"Connector","isSelected":false,"intensity":3,"isDeletable":true,"isOver":false,"isBidirectional":false,"eventLog":[{"time":1702311600765,"type":"create connection"}]}],"currentID":{},"currentNode":{},"hasSelectedNode":[false],"currentConnector":{},"hasSelectedConnector":[false],"readyToMove":[false],"isIncoming":[false],"hasElementMoved":[false]}
