{"idCAM":["f27832fb-ee05-4a6d-992e-84af62e42c91"],"creator":["64f1e17e5439f81a8eade6c2_pre"],"projectCAM":["S2_CAM part 1"],"defocusCAM":[null],"date":[1702380309938],"nodes":[{"id":"4bd4f404-f797-4fdc-8e34-64b3b4474897","value":0,"text":"rescue robot","comment":"","position":{"x":650,"y":400},"isActive":true,"date":1702380310778,"kind":"Node","isSelected":false,"isConnectorSelected":false,"isDraggable":0,"isDeletable":0,"hasElementMoved":false,"eventLog":[{"time":1702380310778,"type":"create node","value":0}],"isTextChangeable":0},{"id":"af5c91a7-241a-4a24-9db5-e1fb9b245bbe","value":0,"text":"disadvantages","comment":"","position":{"x":450,"y":400},"isActive":true,"date":1702380310778,"kind":"Node","isSelected":false,"isConnectorSelected":false,"isDraggable":0,"isDeletable":0,"hasElementMoved":false,"eventLog":[{"time":1702380310778,"type":"create node","value":0}],"isTextChangeable":0},{"id":"0bd7beb4-39c1-4633-bed5-b110c8f92062","value":0,"text":"advantages","comment":"","position":{"x":850,"y":400},"isActive":true,"date":1702380310778,"kind":"Node","isSelected":false,"isConnectorSelected":false,"isDraggable":0,"isDeletable":0,"hasElementMoved":false,"eventLog":[{"time":"1702380310778","type":"create node","value":[0]},{"time":"2023-12-12T11:35:49.123Z","type":"position","value":{"x":[865],"y":[381]}},{"time":"2023-12-12T11:35:59.743Z","type":"position","value":{"x":[894],"y":[390]}},{"time":"2023-12-12T11:36:05.384Z","type":"position","value":{"x":[851],"y":[392]}}],"isTextChangeable":0},{"id":"76f44e3a-8d91-4cae-93f5-c38893ffb003","value":3,"text":"reach more places","comment":"","position":{"x":846,"y":271},"isActive":true,"date":1702380329210,"kind":"Node","isSelected":false,"isConnectorSelected":false,"isDraggable":1,"isDeletable":1,"hasElementMoved":false,"eventLog":[{"time":"1702380329210","type":"create node","value":[0]},{"time":"1702380331568","type":"selected","value":[true]},{"time":"1702380435627","type":"text","value":["Mehr Plätze erreichen"]},{"time":"1702380435627","type":"value","value":[3]},{"time":"1702380435627","type":"selected","value":[false]},{"time":"2023-12-12T11:27:16.657Z","type":"position","value":{"x":[654],"y":[304]}},{"time":"2023-12-12T11:27:17.113Z","type":"position","value":{"x":[676],"y":[301]}},{"time":"2023-12-12T11:27:17.532Z","type":"position","value":{"x":[826],"y":[239]}},{"time":"1702380940819","type":"selected","value":[true]},{"time":"1702380947851","type":"selected","value":[false]},{"time":"2023-12-12T11:36:05.891Z","type":"position","value":{"x":[846],"y":[269]}}],"isTextChangeable":1},{"id":"339968a4-da4d-44da-aa4c-e27e724ba7bb","value":3,"text":"search victims faster","comment":"","position":{"x":993,"y":310},"isActive":true,"date":1702380444113,"kind":"Node","isSelected":false,"isConnectorSelected":false,"isDraggable":1,"isDeletable":1,"hasElementMoved":false,"eventLog":[{"time":"1702380444113","type":"create node","value":[0]},{"time":"1702380444222","type":"selected","value":[true]},{"time":"1702380489634","type":"text","value":["schnellere Rettung"]},{"time":"1702380489634","type":"value","value":[3]},{"time":"1702380489634","type":"selected","value":[false]},{"time":"2023-12-12T11:28:10.744Z","type":"position","value":{"x":[954],"y":[339]}},{"time":"1702380641133","type":"selected","value":[true]},{"time":"1702380655061","type":"text","value":["schnellere Hilfe"]},{"time":"1702380655062","type":"selected","value":[false]},{"time":"1702380834101","type":"selected","value":[true]},{"time":"1702380842661","type":"text","value":["Opfer schneller suchen"]},{"time":"1702380842661","type":"selected","value":[false]}],"isTextChangeable":1},{"id":"04a2dd6a-9e13-4d87-ac8e-590c3a585d35","value":2,"text":"professional rescue","comment":"","position":{"x":865,"y":522},"isActive":true,"date":1702380734026,"kind":"Node","isSelected":false,"isConnectorSelected":false,"isDraggable":1,"isDeletable":1,"hasElementMoved":false,"eventLog":[{"time":1702380734026,"type":"create node","value":"0"},{"time":1702380735117,"type":"selected","value":"TRUE"},{"time":1702380735522,"type":"selected","value":"FALSE"},{"time":1702380736659,"type":"selected","value":"TRUE"},{"time":1702380749596,"type":"text","value":"Professionelle Rettung"},{"time":1702380749596,"type":"value","value":"2"},{"time":1702380749596,"type":"selected","value":"FALSE"}],"isTextChangeable":1},{"id":"b2073ff4-d975-4a5e-bbd4-36f3a2741382","value":3,"text":"risk rescuer lower","comment":"","position":{"x":1082,"y":466},"isActive":true,"date":1702380862548,"kind":"Node","isSelected":false,"isConnectorSelected":false,"isDraggable":1,"isDeletable":1,"hasElementMoved":false,"eventLog":[{"time":1702380862548,"type":"create node","value":"0"},{"time":1702380862621,"type":"selected","value":"TRUE"},{"time":1702380896281,"type":"text","value":"Risiko Retter niedriger"},{"time":1702380896281,"type":"value","value":"3"},{"time":1702380896281,"type":"selected","value":"FALSE"}],"isTextChangeable":1},{"id":"ca670f33-e7bf-4981-8792-64dd4cc309ef","value":2,"text":"longer working hours","comment":"","position":{"x":983,"y":534},"isActive":true,"date":1702380917799,"kind":"Node","isSelected":false,"isConnectorSelected":false,"isDraggable":1,"isDeletable":1,"hasElementMoved":false,"eventLog":[{"time":1702380917799,"type":"create node","value":"0"},{"time":1702380917880,"type":"selected","value":"TRUE"},{"time":1702380930770,"type":"text","value":"längere Arbeitszeit"},{"time":1702380930770,"type":"value","value":"2"},{"time":1702380930770,"type":"selected","value":"FALSE"}],"isTextChangeable":1},{"id":"198f0988-3108-452c-bd58-c608691d7f21","value":0,"text":"","comment":"","position":{"x":862,"y":291},"isActive":false,"date":1702380933918,"kind":"Node","isSelected":false,"isConnectorSelected":false,"isDraggable":1,"isDeletable":1,"hasElementMoved":false,"eventLog":[{"time":1702380933918,"type":"create node","value":0},{"time":1702380935024,"type":"selected","value":1},{"time":1702380937815,"type":"node was deleted","value":-99}],"isTextChangeable":1},{"id":"94694293-0de0-47e2-82bf-e0cfd8fc4f71","value":0,"text":"","comment":"","position":{"x":856,"y":293},"isActive":false,"date":1702380950335,"kind":"Node","isSelected":false,"isConnectorSelected":false,"isDraggable":1,"isDeletable":1,"hasElementMoved":false,"eventLog":[{"time":1702380950335,"type":"create node","value":0},{"time":1702380950448,"type":"selected","value":1},{"time":1702380952018,"type":"selected","value":0},{"time":1702380953888,"type":"selected","value":1},{"time":1702380954777,"type":"node was deleted","value":-99}],"isTextChangeable":1},{"id":"9701ff27-e686-465e-a5b7-d819e9768c32","value":0,"text":"","comment":"","position":{"x":795,"y":462},"isActive":false,"date":1702380970832,"kind":"Node","isSelected":false,"isConnectorSelected":false,"isDraggable":1,"isDeletable":1,"hasElementMoved":false,"eventLog":[{"time":1702380970832,"type":"create node","value":0},{"time":1702380979386,"type":"selected","value":1},{"time":1702380980961,"type":"node was deleted","value":-99}],"isTextChangeable":1},{"id":"fec166dd-8ff8-444d-b94e-d2d7c7beb70c","value":0,"text":"","comment":"","position":{"x":1119,"y":135},"isActive":false,"date":1702380972456,"kind":"Node","isSelected":false,"isConnectorSelected":false,"isDraggable":1,"isDeletable":1,"hasElementMoved":false,"eventLog":[{"time":1702380972456,"type":"create node","value":0},{"time":1702380972825,"type":"selected","value":1},{"time":1702380973234,"type":"selected","value":0},{"time":1702380977361,"type":"selected","value":1},{"time":1702380978193,"type":"node was deleted","value":-99}],"isTextChangeable":1},{"id":"f4be0f94-d0b1-4c55-bd2a-eef99753ae35","value":-1,"text":"high investment","comment":"","position":{"x":388,"y":250},"isActive":true,"date":1702381038818,"kind":"Node","isSelected":false,"isConnectorSelected":false,"isDraggable":1,"isDeletable":1,"hasElementMoved":false,"eventLog":[{"time":1702381038818,"type":"create node","value":"0"},{"time":1702381038918,"type":"selected","value":"TRUE"},{"time":1702381055654,"type":"text","value":"teuer"},{"time":1702381055654,"type":"value","value":"-1"},{"time":1702381055654,"type":"selected","value":"FALSE"},{"time":1702381116152,"type":"selected","value":"TRUE"},{"time":1702381116557,"type":"selected","value":"FALSE"},{"time":1702381117533,"type":"selected","value":"TRUE"},{"time":1702381131930,"type":"text","value":"hohe Investition"},{"time":1702381131930,"type":"selected","value":"FALSE"}],"isTextChangeable":1},{"id":"39ffb07d-e4da-4b04-ba22-df66ec1bfec4","value":-3,"text":"complicated environment","comment":"","position":{"x":252,"y":475},"isActive":true,"date":1702381058123,"kind":"Node","isSelected":false,"isConnectorSelected":false,"isDraggable":1,"isDeletable":1,"hasElementMoved":false,"eventLog":[{"time":"1702381058123","type":"create node","value":[0]},{"time":"1702381058219","type":"selected","value":[true]},{"time":"1702381080645","type":"text","value":["komplizierte Umgebung"]},{"time":"1702381080645","type":"value","value":[-2]},{"time":"1702381080645","type":"selected","value":[false]},{"time":"2023-12-12T11:38:02.177Z","type":"position","value":{"x":[391],"y":[457]}},{"time":"2023-12-12T11:38:02.604Z","type":"position","value":{"x":[384],"y":[454]}},{"time":"1702381152319","type":"selected","value":[true]},{"time":"1702381154208","type":"value","value":[-3]},{"time":"1702381154208","type":"selected","value":[false]}],"isTextChangeable":1},{"id":"73f3d1f6-574b-48a8-9679-2270fdc21930","value":-3,"text":"not well programmed","comment":"","position":{"x":514,"y":497},"isActive":true,"date":1702381086413,"kind":"Node","isSelected":false,"isConnectorSelected":false,"isDraggable":1,"isDeletable":1,"hasElementMoved":false,"eventLog":[{"time":1702381086413,"type":"create node","value":"0"},{"time":1702381086480,"type":"selected","value":"TRUE"},{"time":1702381097958,"type":"text","value":"nicht gut progammiert"},{"time":1702381097958,"type":"value","value":"-2"},{"time":1702381097958,"type":"selected","value":"FALSE"},{"time":1702381155358,"type":"selected","value":"TRUE"},{"time":1702381157440,"type":"value","value":"-3"},{"time":1702381157440,"type":"selected","value":"FALSE"}],"isTextChangeable":1},{"id":"8a8f9adc-24f5-4d36-817d-fe3f9b989361","value":-1,"text":"use in war","comment":"","position":{"x":639,"y":243},"isActive":true,"date":1702381133575,"kind":"Node","isSelected":false,"isConnectorSelected":false,"isDraggable":1,"isDeletable":1,"hasElementMoved":false,"eventLog":[{"time":1702381133575,"type":"create node","value":"0"},{"time":1702381133658,"type":"selected","value":"TRUE"},{"time":1702381146529,"type":"text","value":"im Krieg verwenden"},{"time":1702381146529,"type":"value","value":"-1"},{"time":1702381146529,"type":"selected","value":"FALSE"}],"isTextChangeable":1},{"id":"0974839f-833b-4c36-aa37-64b873abffa4","value":2,"text":"doesn't need training","comment":"","position":{"x":768,"y":626},"isActive":true,"date":1702381165806,"kind":"Node","isSelected":false,"isConnectorSelected":false,"isDraggable":1,"isDeletable":1,"hasElementMoved":false,"eventLog":[{"time":1702381165806,"type":"create node","value":"0"},{"time":1702381166831,"type":"selected","value":"TRUE"},{"time":1702381167236,"type":"selected","value":"FALSE"},{"time":1702381168007,"type":"selected","value":"TRUE"},{"time":1702381183273,"type":"text","value":"braucht keine Ausbildung"},{"time":1702381183273,"type":"value","value":"2"},{"time":1702381183273,"type":"selected","value":"FALSE"}],"isTextChangeable":1}],"connectors":[{"id":"4852880b-893e-41aa-9475-bc226f074a63","source":"4bd4f404-f797-4fdc-8e34-64b3b4474897","target":"af5c91a7-241a-4a24-9db5-e1fb9b245bbe","agreement":true,"isActive":true,"date":1702380310779,"kind":"Connector","isSelected":false,"intensity":3,"isDeletable":false,"isOver":false,"isBidirectional":false,"eventLog":[{"time":1702380310779,"type":"create connection"}]},{"id":"23377445-b3e4-4871-8aa9-91c3b80d9c02","source":"4bd4f404-f797-4fdc-8e34-64b3b4474897","target":"0bd7beb4-39c1-4633-bed5-b110c8f92062","agreement":true,"isActive":true,"date":1702380310779,"kind":"Connector","isSelected":false,"intensity":3,"isDeletable":true,"isOver":false,"isBidirectional":false,"eventLog":[{"time":1702380310779,"type":"create connection"}]},{"id":"d9d6e2eb-8bf1-4edd-bfae-3e54a6dbd139","source":"0bd7beb4-39c1-4633-bed5-b110c8f92062","target":"339968a4-da4d-44da-aa4c-e27e724ba7bb","agreement":true,"isActive":true,"date":1702380961712,"kind":"Connector","isSelected":false,"intensity":6,"isDeletable":true,"isOver":false,"isBidirectional":false,"eventLog":[{"time":1702380961712,"type":"create connection"},{"time":1702380995527,"type":"selected","value":1},{"time":1702380997395,"type":"change intensity of connector","value":6},{"time":1702380997395,"type":"selected","value":0}]},{"id":"c16d7e7f-337c-415d-908d-90224a876e02","source":"0bd7beb4-39c1-4633-bed5-b110c8f92062","target":"76f44e3a-8d91-4cae-93f5-c38893ffb003","agreement":true,"isActive":true,"date":1702380967168,"kind":"Connector","isSelected":false,"intensity":6,"isDeletable":true,"isOver":false,"isBidirectional":false,"eventLog":[{"time":1702380967168,"type":"create connection"},{"time":1702380984064,"type":"selected","value":1},{"time":1702380990035,"type":"change intensity of connector","value":6},{"time":1702380990035,"type":"selected","value":0}]},{"id":"8efa7fcc-7fd1-43bc-8bdf-1dfec58e4a6c","source":"0bd7beb4-39c1-4633-bed5-b110c8f92062","target":"b2073ff4-d975-4a5e-bbd4-36f3a2741382","agreement":true,"isActive":true,"date":1702380968376,"kind":"Connector","isSelected":false,"intensity":6,"isDeletable":true,"isOver":false,"isBidirectional":false,"eventLog":[{"time":1702380968376,"type":"create connection"},{"time":1702380990162,"type":"selected","value":1},{"time":1702380994316,"type":"change intensity of connector","value":6},{"time":1702380994316,"type":"selected","value":0}]},{"id":"51b1edd8-1c95-475e-929c-5cf555a95031","source":"0bd7beb4-39c1-4633-bed5-b110c8f92062","target":"ca670f33-e7bf-4981-8792-64dd4cc309ef","agreement":true,"isActive":true,"date":1702380969336,"kind":"Connector","isSelected":false,"intensity":3,"isDeletable":true,"isOver":false,"isBidirectional":false,"eventLog":[{"time":1702380969336,"type":"create connection"}]},{"id":"a2ed89c5-f1c0-47ff-860b-90f3366a96d8","source":"0bd7beb4-39c1-4633-bed5-b110c8f92062","target":"04a2dd6a-9e13-4d87-ac8e-590c3a585d35","agreement":true,"isActive":true,"date":1702380970144,"kind":"Connector","isSelected":false,"intensity":3,"isDeletable":true,"isOver":false,"isBidirectional":false,"eventLog":[{"time":1702380970144,"type":"create connection"},{"time":1702381003190,"type":"selected","value":1},{"time":1702381006883,"type":"change intensity of connector","value":3},{"time":1702381006883,"type":"selected","value":0}]},{"id":"20d1b81d-733e-4712-a5d4-54403b71aeb8","source":"f4be0f94-d0b1-4c55-bd2a-eef99753ae35","target":"af5c91a7-241a-4a24-9db5-e1fb9b245bbe","agreement":true,"isActive":true,"date":1702381056882,"kind":"Connector","isSelected":false,"intensity":3,"isDeletable":true,"isOver":false,"isBidirectional":false,"eventLog":[{"time":1702381056882,"type":"create connection"}]},{"id":"3476c3bd-3b47-4a49-9e0d-d78bbb415308","source":"39ffb07d-e4da-4b04-ba22-df66ec1bfec4","target":"af5c91a7-241a-4a24-9db5-e1fb9b245bbe","agreement":true,"isActive":true,"date":1702381084181,"kind":"Connector","isSelected":false,"intensity":6,"isDeletable":true,"isOver":false,"isBidirectional":false,"eventLog":[{"time":1702381084181,"type":"create connection"},{"time":1702381101739,"type":"selected","value":1},{"time":1702381103647,"type":"change intensity of connector","value":3},{"time":1702381103647,"type":"selected","value":0},{"time":1702381104889,"type":"selected","value":1},{"time":1702381106775,"type":"change intensity of connector","value":6},{"time":1702381106775,"type":"selected","value":0}]},{"id":"67ed75b1-46e8-4fd7-a54e-5b1afa5cf18c","source":"af5c91a7-241a-4a24-9db5-e1fb9b245bbe","target":"73f3d1f6-574b-48a8-9679-2270fdc21930","agreement":true,"isActive":true,"date":1702381098974,"kind":"Connector","isSelected":false,"intensity":3,"isDeletable":true,"isOver":false,"isBidirectional":false,"eventLog":[{"time":1702381098974,"type":"create connection"}]},{"id":"12e71e1c-fda4-49c7-8e58-2916e28da765","source":"8a8f9adc-24f5-4d36-817d-fe3f9b989361","target":"af5c91a7-241a-4a24-9db5-e1fb9b245bbe","agreement":true,"isActive":true,"date":1702381147621,"kind":"Connector","isSelected":false,"intensity":3,"isDeletable":true,"isOver":false,"isBidirectional":false,"eventLog":[{"time":1702381147621,"type":"create connection"}]},{"id":"e92a16a0-704b-436c-8bc1-22e6d6ccacfd","source":"f4be0f94-d0b1-4c55-bd2a-eef99753ae35","target":"39ffb07d-e4da-4b04-ba22-df66ec1bfec4","agreement":true,"isActive":false,"date":1702381152174,"kind":"Connector","isSelected":false,"intensity":3,"isDeletable":true,"isOver":false,"isBidirectional":false,"eventLog":[{"time":1702381152174,"type":"create connection"},{"time":1702381210741,"type":"selected","value":1},{"time":1702381212968,"type":"connector was deleted","value":-99},{"time":1702381212968,"type":"active","value":0}]},{"id":"72689eeb-8fea-4168-b2bc-acbb41a9c12a","source":"0bd7beb4-39c1-4633-bed5-b110c8f92062","target":"0974839f-833b-4c36-aa37-64b873abffa4","agreement":true,"isActive":true,"date":1702381184504,"kind":"Connector","isSelected":false,"intensity":3,"isDeletable":true,"isOver":false,"isBidirectional":false,"eventLog":[{"time":1702381184504,"type":"create connection"}]}],"currentID":{},"currentNode":{},"hasSelectedNode":[false],"currentConnector":{},"hasSelectedConnector":[false],"readyToMove":[false],"isIncoming":[false],"hasElementMoved":[false]}
