{"idCAM":["6c2f1cf1-e16a-4d1c-893b-14600b3b6847"],"creator":["64f1dbf275e44ffd381b8985_post"],"projectCAM":["S2_CAM part 2"],"defocusCAM":[],"date":[1702291909318],"nodes":[{"id":"049fabcc-c544-4894-b592-652c43799b66","value":-1,"text":"social assistance robot","comment":"","position":{"x":650,"y":400},"isActive":true,"date":1702291910219,"kind":"Node","isSelected":false,"isConnectorSelected":false,"isDraggable":0,"isDeletable":0,"hasElementMoved":false,"eventLog":[{"time":1702291910219,"type":"create node","value":-1}],"isTextChangeable":0},{"id":"61845569-3441-4bb1-8fdd-928851a48d83","value":-3,"text":"disadvantages","comment":"","position":{"x":450,"y":400},"isActive":true,"date":1702291910219,"kind":"Node","isSelected":false,"isConnectorSelected":true,"isDraggable":0,"isDeletable":0,"hasElementMoved":false,"eventLog":[{"time":1702291910219,"type":"create node","value":-3}],"isTextChangeable":0},{"id":"25e56d9a-b189-468e-b5e5-65707a8e31cc","value":2,"text":"advantages","comment":"","position":{"x":850,"y":400},"isActive":true,"date":1702291910219,"kind":"Node","isSelected":false,"isConnectorSelected":false,"isDraggable":0,"isDeletable":0,"hasElementMoved":false,"eventLog":[{"time":1702291910219,"type":"create node","value":2}],"isTextChangeable":0},{"id":"349c3a36-18a8-40e2-989b-dfcb1647b214","value":-3,"text":"seduction of convenience","comment":"","position":{"x":443.3115,"y":236.5156},"isActive":true,"date":1702291910219,"kind":"Node","isSelected":false,"isConnectorSelected":false,"isDraggable":1,"isDeletable":1,"hasElementMoved":false,"eventLog":[{"time":"1702291910219","type":"create node","value":[-3]},{"time":"1702292040539","type":"selected","value":[true]},{"time":"1702292042212","type":"selected","value":[false]},{"time":"2023-12-11T10:54:20.265Z","type":"position","value":{"x":[388.3115],"y":[300.5156]}},{"time":"2023-12-11T10:54:45.689Z","type":"position","value":{"x":[441.3115],"y":[254.5156]}}],"isTextChangeable":1},{"id":"af2237f7-1ff8-4ec9-9b6c-7bf72bc1e18e","value":-3,"text":"nature of people","comment":"","position":{"x":78.3115,"y":95.5156},"isActive":true,"date":1702291910219,"kind":"Node","isSelected":false,"isConnectorSelected":false,"isDraggable":1,"isDeletable":1,"hasElementMoved":false,"eventLog":[{"time":"1702291910219","type":"create node","value":[-3]},{"time":"2023-12-11T10:54:21.772Z","type":"position","value":{"x":[73.3115],"y":[175.5156]}}],"isTextChangeable":1},{"id":"f49bebb7-7168-4023-91b1-4ddbbda9a83d","value":-2,"text":"Chekhov's Gun","comment":"","position":{"x":303.3115,"y":322.5156},"isActive":true,"date":1702291910219,"kind":"Node","isSelected":false,"isConnectorSelected":false,"isDraggable":1,"isDeletable":1,"hasElementMoved":false,"eventLog":[{"time":"1702291910219","type":"create node","value":[-2]},{"time":"1702292043009","type":"selected","value":[true]},{"time":"1702292043905","type":"selected","value":[false]},{"time":"2023-12-11T10:54:22.953Z","type":"position","value":{"x":[273.3115],"y":[386.5156]}},{"time":"2023-12-11T10:54:47.940Z","type":"position","value":{"x":[299.3115],"y":[330.5156]}}],"isTextChangeable":1},{"id":"b0e86b3d-bee7-4bd8-80aa-6fbfdc9aff7b","value":-3,"text":"no human contact","comment":"","position":{"x":282.3115,"y":421.5156},"isActive":true,"date":1702291910219,"kind":"Node","isSelected":false,"isConnectorSelected":false,"isDraggable":1,"isDeletable":1,"hasElementMoved":false,"eventLog":[{"time":"1702291910219","type":"create node","value":[-3]},{"time":"2023-12-11T10:54:24.418Z","type":"position","value":{"x":[212.3115],"y":[502.5156]}},{"time":"2023-12-11T10:54:48.931Z","type":"position","value":{"x":[280.3115],"y":[443.5156]}}],"isTextChangeable":1},{"id":"88712963-f5f0-41aa-8e8b-3ab74fe331e1","value":3,"text":"Less abuse weak","comment":"","position":{"x":835.3115,"y":150.5156},"isActive":true,"date":1702291910219,"kind":"Node","isSelected":false,"isConnectorSelected":false,"isDraggable":1,"isDeletable":1,"hasElementMoved":false,"eventLog":[{"time":"1702291910219","type":"create node","value":[3]},{"time":"2023-12-11T10:54:46.806Z","type":"position","value":{"x":[848.3115],"y":[211.5156]}}],"isTextChangeable":1},{"id":"687a48ac-a88e-4d8b-8ac0-912a504f2d58","value":2,"text":"more resources","comment":"","position":{"x":797.3115,"y":533.5156},"isActive":true,"date":1702291910219,"kind":"Node","isSelected":false,"isConnectorSelected":false,"isDraggable":1,"isDeletable":1,"hasElementMoved":false,"eventLog":[{"time":1702291910219,"type":"create node","value":2}],"isTextChangeable":1},{"id":"c2960c97-9682-456a-8748-5077298f572d","value":3,"text":"better technology development","comment":"","position":{"x":983.3115,"y":526.5156},"isActive":true,"date":1702291910219,"kind":"Node","isSelected":false,"isConnectorSelected":false,"isDraggable":1,"isDeletable":1,"hasElementMoved":false,"eventLog":[{"time":1702291910219,"type":"create node","value":3}],"isTextChangeable":1},{"id":"e71306d3-436f-4ca8-8d38-eb91f728268e","value":3,"text":"relief nursing staff","comment":"","position":{"x":1023.3115,"y":292.5156},"isActive":true,"date":1702291910219,"kind":"Node","isSelected":false,"isConnectorSelected":false,"isDraggable":1,"isDeletable":1,"hasElementMoved":false,"eventLog":[{"time":1702291910219,"type":"create node","value":3}],"isTextChangeable":1},{"id":"68c91f24-14a8-40c0-92a9-dea2b4b5ed31","value":-3,"text":"brutalization of behavior","comment":"","position":{"x":101.3115,"y":644.5156},"isActive":true,"date":1702291910219,"kind":"Node","isSelected":false,"isConnectorSelected":false,"isDraggable":1,"isDeletable":1,"hasElementMoved":false,"eventLog":[{"time":"1702291910219","type":"create node","value":[-3]},{"time":"1702292035813","type":"selected","value":[true]},{"time":"1702292038621","type":"selected","value":[false]},{"time":"2023-12-11T10:54:50.826Z","type":"position","value":{"x":[77.3115],"y":[682.5156]}}],"isTextChangeable":1},{"id":"18df0b10-b590-44a4-ba34-177a3da7bbce","value":-3,"text":"inhumanity","comment":"Instead of dealing with weak individuals, they are removed from the sight of society in 'factories', pacified by perfectly designed robots, so that the 'strong' people can fully concentrate on hedonism and economics.","position":{"x":280.3115,"y":677.5156},"isActive":true,"date":1702291922467,"kind":"Node","isSelected":false,"isConnectorSelected":true,"isDraggable":1,"isDeletable":1,"hasElementMoved":false,"eventLog":[{"time":"1702291922467","type":"create node","value":[0]},{"time":"1702291924357","type":"selected","value":[true]},{"time":"1702292006772","type":"text","value":["Unmenschlichkeit"]},{"time":"1702292006772","type":"value","value":[-3]},{"time":"1702292006772","type":"comment","value":["Anstatt sich mit schwachen Personen auseinanderzusetzen, werden sie in \"Fabriken\" aus den Augen der Gesellschaft entfernt, ruhig gestellt durch perfekt design-te Roboter, so dass die \"starken\" Menschen sich voll und ganz auf Hedonismus und Wirtschaft konzentrieren können."]},{"time":"1702292006772","type":"selected","value":[false]},{"time":"2023-12-11T10:53:27.426Z","type":"position","value":{"x":[345.3115],"y":[620.5156]}},{"time":"2023-12-11T10:53:29.144Z","type":"position","value":{"x":[388.3115],"y":[613.5156]}},{"time":"1702292010728","type":"selected","value":[true]},{"time":"1702292015254","type":"selected","value":[false]},{"time":"2023-12-11T10:53:45.930Z","type":"position","value":{"x":[402.3115],"y":[609.5156]}},{"time":"1702292027159","type":"selected","value":[true]},{"time":"1702292028367","type":"selected","value":[false]},{"time":"2023-12-11T10:54:14.342Z","type":"position","value":{"x":[420.3115],"y":[593.5156]}},{"time":"1702292055115","type":"selected","value":[true]},{"time":"1702292058826","type":"selected","value":[false]},{"time":"2023-12-11T10:54:26.103Z","type":"position","value":{"x":[410.3115],"y":[624.5156]}},{"time":"1702292068127","type":"selected","value":[true]},{"time":"1702292069254","type":"selected","value":[false]},{"time":"2023-12-11T10:54:32.511Z","type":"position","value":{"x":[289.3115],"y":[680.5156]}},{"time":"1702292076983","type":"selected","value":[true]},{"time":"1702292084222","type":"selected","value":[false]}],"isTextChangeable":1},{"id":"bc246630-7808-4796-a381-831cb6302884","value":0,"text":"","comment":"","position":{"x":669.3115,"y":628.5156},"isActive":false,"date":1702292092175,"kind":"Node","isSelected":false,"isConnectorSelected":false,"isDraggable":1,"isDeletable":1,"hasElementMoved":false,"eventLog":[{"time":1702292092175,"type":"create node","value":0},{"time":1702292093274,"type":"selected","value":1},{"time":1702292094244,"type":"node was deleted","value":-99}],"isTextChangeable":1}],"connectors":[{"id":"b5b63f0b-b33f-4c8a-8fa4-30745dad28d0","source":"049fabcc-c544-4894-b592-652c43799b66","target":"61845569-3441-4bb1-8fdd-928851a48d83","agreement":true,"isActive":true,"date":1702291910219,"kind":"Connector","isSelected":false,"intensity":9,"isDeletable":false,"isOver":false,"isBidirectional":false,"eventLog":[{"time":1702291910219,"type":"create connection"}]},{"id":"04928dbb-5433-4650-a1d5-0647eb96ece7","source":"049fabcc-c544-4894-b592-652c43799b66","target":"25e56d9a-b189-468e-b5e5-65707a8e31cc","agreement":true,"isActive":true,"date":1702291910220,"kind":"Connector","isSelected":false,"intensity":6,"isDeletable":true,"isOver":false,"isBidirectional":false,"eventLog":[{"time":1702291910220,"type":"create connection"}]},{"id":"30816fa1-5896-4625-9cb1-155c375ca128","source":"61845569-3441-4bb1-8fdd-928851a48d83","target":"349c3a36-18a8-40e2-989b-dfcb1647b214","agreement":true,"isActive":true,"date":1702291910220,"kind":"Connector","isSelected":false,"intensity":9,"isDeletable":true,"isOver":false,"isBidirectional":false,"eventLog":[{"time":1702291910220,"type":"create connection"}]},{"id":"0b58f149-8528-46f5-9a37-a06ecede52c1","source":"349c3a36-18a8-40e2-989b-dfcb1647b214","target":"af2237f7-1ff8-4ec9-9b6c-7bf72bc1e18e","agreement":true,"isActive":true,"date":1702291910220,"kind":"Connector","isSelected":false,"intensity":9,"isDeletable":true,"isOver":false,"isBidirectional":false,"eventLog":[{"time":1702291910220,"type":"create connection"}]},{"id":"d7f7cf17-6ef9-4dd6-9652-544ad8eaac65","source":"349c3a36-18a8-40e2-989b-dfcb1647b214","target":"f49bebb7-7168-4023-91b1-4ddbbda9a83d","agreement":true,"isActive":true,"date":1702291910220,"kind":"Connector","isSelected":false,"intensity":9,"isDeletable":true,"isOver":false,"isBidirectional":false,"eventLog":[{"time":1702291910220,"type":"create connection"}]},{"id":"93b1dd75-19fe-4afc-b7fe-98870729d31e","source":"b0e86b3d-bee7-4bd8-80aa-6fbfdc9aff7b","target":"f49bebb7-7168-4023-91b1-4ddbbda9a83d","agreement":true,"isActive":true,"date":1702291910220,"kind":"Connector","isSelected":false,"intensity":9,"isDeletable":true,"isOver":false,"isBidirectional":false,"eventLog":[{"time":1702291910220,"type":"create connection"}]},{"id":"aebf0c7c-681a-4279-92de-c76392cfc37d","source":"25e56d9a-b189-468e-b5e5-65707a8e31cc","target":"88712963-f5f0-41aa-8e8b-3ab74fe331e1","agreement":true,"isActive":true,"date":1702291910220,"kind":"Connector","isSelected":false,"intensity":9,"isDeletable":true,"isOver":false,"isBidirectional":false,"eventLog":[{"time":1702291910220,"type":"create connection"}]},{"id":"122de402-55ff-4751-a2e5-ca897bf0bfc2","source":"af2237f7-1ff8-4ec9-9b6c-7bf72bc1e18e","target":"88712963-f5f0-41aa-8e8b-3ab74fe331e1","agreement":true,"isActive":true,"date":1702291910220,"kind":"Connector","isSelected":false,"intensity":9,"isDeletable":true,"isOver":false,"isBidirectional":false,"eventLog":[{"time":1702291910220,"type":"create connection"}]},{"id":"f965ab8c-c9a5-4594-8c5b-63b6ab36f632","source":"349c3a36-18a8-40e2-989b-dfcb1647b214","target":"88712963-f5f0-41aa-8e8b-3ab74fe331e1","agreement":true,"isActive":true,"date":1702291910220,"kind":"Connector","isSelected":false,"intensity":9,"isDeletable":true,"isOver":false,"isBidirectional":false,"eventLog":[{"time":1702291910220,"type":"create connection"}]},{"id":"719c386f-668a-4d6d-8978-8ea7184dab25","source":"687a48ac-a88e-4d8b-8ac0-912a504f2d58","target":"25e56d9a-b189-468e-b5e5-65707a8e31cc","agreement":true,"isActive":true,"date":1702291910220,"kind":"Connector","isSelected":false,"intensity":6,"isDeletable":true,"isOver":false,"isBidirectional":false,"eventLog":[{"time":1702291910220,"type":"create connection"}]},{"id":"b0ec6cef-e7cf-4029-80d2-36bb7c917875","source":"b0e86b3d-bee7-4bd8-80aa-6fbfdc9aff7b","target":"61845569-3441-4bb1-8fdd-928851a48d83","agreement":true,"isActive":true,"date":1702291910220,"kind":"Connector","isSelected":false,"intensity":9,"isDeletable":true,"isOver":false,"isBidirectional":false,"eventLog":[{"time":1702291910220,"type":"create connection"}]},{"id":"1e2750ee-243e-4fbc-829a-152062c30915","source":"25e56d9a-b189-468e-b5e5-65707a8e31cc","target":"c2960c97-9682-456a-8748-5077298f572d","agreement":true,"isActive":true,"date":1702291910220,"kind":"Connector","isSelected":false,"intensity":9,"isDeletable":true,"isOver":false,"isBidirectional":false,"eventLog":[{"time":1702291910220,"type":"create connection"}]},{"id":"da917714-fff1-4ddd-851d-bec6ee74b3ae","source":"e71306d3-436f-4ca8-8d38-eb91f728268e","target":"25e56d9a-b189-468e-b5e5-65707a8e31cc","agreement":true,"isActive":true,"date":1702291910220,"kind":"Connector","isSelected":false,"intensity":9,"isDeletable":true,"isOver":false,"isBidirectional":false,"eventLog":[{"time":1702291910220,"type":"create connection"}]},{"id":"606bd983-64ac-4036-8b1a-1a3b7a185be4","source":"68c91f24-14a8-40c0-92a9-dea2b4b5ed31","target":"61845569-3441-4bb1-8fdd-928851a48d83","agreement":true,"isActive":true,"date":1702291910220,"kind":"Connector","isSelected":false,"intensity":6,"isDeletable":true,"isOver":false,"isBidirectional":false,"eventLog":[{"time":1702291910220,"type":"create connection"}]},{"id":"7ba5144f-d251-4fb9-9817-8771f62d8117","source":"af2237f7-1ff8-4ec9-9b6c-7bf72bc1e18e","target":"68c91f24-14a8-40c0-92a9-dea2b4b5ed31","agreement":true,"isActive":true,"date":1702291910220,"kind":"Connector","isSelected":false,"intensity":6,"isDeletable":true,"isOver":false,"isBidirectional":false,"eventLog":[{"time":1702291910220,"type":"create connection"}]},{"id":"6062f910-f346-4000-b700-71e0791a3183","source":"61845569-3441-4bb1-8fdd-928851a48d83","target":"18df0b10-b590-44a4-ba34-177a3da7bbce","agreement":true,"isActive":true,"date":1702292016353,"kind":"Connector","isSelected":false,"intensity":9,"isDeletable":true,"isOver":false,"isBidirectional":false,"eventLog":[{"time":1702292016353,"type":"create connection"},{"time":1702292017309,"type":"selected","value":1},{"time":1702292019169,"type":"change intensity of connector","value":9},{"time":1702292019169,"type":"selected","value":0},{"time":1702292021394,"type":"selected","value":1},{"time":1702292023407,"type":"change intensity of connector","value":6},{"time":1702292023407,"type":"selected","value":0},{"time":1702292102206,"type":"selected","value":1},{"time":1702292104478,"type":"change intensity of connector","value":9},{"time":1702292104478,"type":"selected","value":0}]},{"id":"96f5f488-ce81-45ff-88fb-c018a406c610","source":"b0e86b3d-bee7-4bd8-80aa-6fbfdc9aff7b","target":"18df0b10-b590-44a4-ba34-177a3da7bbce","agreement":true,"isActive":true,"date":1702292029439,"kind":"Connector","isSelected":false,"intensity":9,"isDeletable":true,"isOver":false,"isBidirectional":false,"eventLog":[{"time":1702292029439,"type":"create connection"},{"time":1702292030269,"type":"selected","value":1},{"time":1702292032284,"type":"change intensity of connector","value":9},{"time":1702292032284,"type":"selected","value":0}]},{"id":"fc274e46-6f4a-4937-bd5f-b547f93ca075","source":"18df0b10-b590-44a4-ba34-177a3da7bbce","target":"68c91f24-14a8-40c0-92a9-dea2b4b5ed31","agreement":true,"isActive":true,"date":1702292046052,"kind":"Connector","isSelected":false,"intensity":9,"isDeletable":true,"isOver":false,"isBidirectional":false,"eventLog":[{"time":1702292046052,"type":"create connection"},{"time":1702292047111,"type":"selected","value":1},{"time":1702292048846,"type":"change intensity of connector","value":9},{"time":1702292048846,"type":"selected","value":0}]},{"id":"9bb9e2dc-8a94-465b-9609-e31032ce4df0","source":"af2237f7-1ff8-4ec9-9b6c-7bf72bc1e18e","target":"18df0b10-b590-44a4-ba34-177a3da7bbce","agreement":true,"isActive":true,"date":1702292071596,"kind":"Connector","isSelected":false,"intensity":9,"isDeletable":true,"isOver":false,"isBidirectional":false,"eventLog":[{"time":1702292071596,"type":"create connection"},{"time":1702292074085,"type":"selected","value":1},{"time":1702292075666,"type":"change intensity of connector","value":9},{"time":1702292075666,"type":"selected","value":0}]}],"currentID":["6062f910-f346-4000-b700-71e0791a3183"],"currentNode":{},"hasSelectedNode":[false],"currentConnector":{"id":["6062f910-f346-4000-b700-71e0791a3183"],"value":{},"source":["61845569-3441-4bb1-8fdd-928851a48d83"],"target":["18df0b10-b590-44a4-ba34-177a3da7bbce"],"agreement":[true],"isActive":[true],"date":[1702292016353],"kind":["Connector"],"isSelected":[false],"intensity":[9],"isDeletable":[true],"isOver":[false],"isBidirectional":[false],"eventLog":[{"time":1702292016353,"type":"create connection"},{"time":1702292017309,"type":"selected","value":1},{"time":1702292019169,"type":"change intensity of connector","value":9},{"time":1702292019169,"type":"selected","value":0},{"time":1702292021394,"type":"selected","value":1},{"time":1702292023407,"type":"change intensity of connector","value":6},{"time":1702292023407,"type":"selected","value":0},{"time":1702292102206,"type":"selected","value":1},{"time":1702292104478,"type":"change intensity of connector","value":9},{"time":1702292104478,"type":"selected","value":0}]},"hasSelectedConnector":[true],"readyToMove":[false],"isIncoming":[false],"hasElementMoved":[false]}
