{"idCAM":["b6c60582-aefd-4543-a47d-261456a34029"],"creator":["64fdee2b969a06603ae3226d_pre"],"projectCAM":["S2_CAM part 1"],"defocusCAM":["NA",149],"date":[1702309785419],"nodes":[{"id":"450146c6-283a-48f5-ace5-38fe6bad7bcd","value":0,"text":"rescue robot","comment":"","position":{"x":650,"y":400},"isActive":true,"date":1702309786205,"kind":"Node","isSelected":false,"isConnectorSelected":false,"isDraggable":0,"isDeletable":0,"hasElementMoved":false,"eventLog":[{"time":1702309786205,"type":"create node","value":0}],"isTextChangeable":0},{"id":"637c2ccd-9702-497e-a5db-7f18028ba31c","value":0,"text":"disadvantages","comment":"","position":{"x":450,"y":400},"isActive":true,"date":1702309786205,"kind":"Node","isSelected":false,"isConnectorSelected":false,"isDraggable":0,"isDeletable":0,"hasElementMoved":false,"eventLog":[{"time":"1702309786205","type":"create node","value":[0]},{"time":"2023-12-11T15:53:55.661Z","type":"position","value":{"x":[440],"y":[413]}}],"isTextChangeable":0},{"id":"03a37398-775f-4be9-9c0a-f9bd9517e008","value":0,"text":"advantages","comment":"","position":{"x":850,"y":400},"isActive":true,"date":1702309786205,"kind":"Node","isSelected":false,"isConnectorSelected":false,"isDraggable":0,"isDeletable":0,"hasElementMoved":false,"eventLog":[{"time":1702309786205,"type":"create node","value":0}],"isTextChangeable":0},{"id":"edd6e29f-30a7-4d5f-ae98-d979e4027f24","value":3,"text":"not alive","comment":"","position":{"x":920,"y":239},"isActive":true,"date":1702309804735,"kind":"Node","isSelected":false,"isConnectorSelected":false,"isDraggable":1,"isDeletable":1,"hasElementMoved":false,"eventLog":[{"time":"1702309804735","type":"create node","value":[0]},{"time":"2023-12-11T15:51:31.381Z","type":"position","value":{"x":[806],"y":[214]}},{"time":"1702309950149","type":"selected","value":[true]},{"time":"1702309969026","type":"text","value":["Nicht-lebendig"]},{"time":"1702309969026","type":"value","value":[1]},{"time":"1702309969026","type":"selected","value":[false]},{"time":"1702309975173","type":"selected","value":[true]},{"time":"1702309978662","type":"text","value":["Nicht lebendig"]},{"time":"1702309978662","type":"selected","value":[false]},{"time":"1702310457744","type":"selected","value":[true]},{"time":"1702310460659","type":"value","value":[3]},{"time":"1702310460659","type":"selected","value":[false]}],"isTextChangeable":1},{"id":"1b032ad2-4bb1-4b02-8b82-50c3f8856428","value":1,"text":"good accuracy","comment":"","position":{"x":816,"y":536},"isActive":true,"date":1702309807176,"kind":"Node","isSelected":false,"isConnectorSelected":false,"isDraggable":1,"isDeletable":1,"hasElementMoved":false,"eventLog":[{"time":"1702309807176","type":"create node","value":[0]},{"time":"2023-12-11T15:52:13.601Z","type":"position","value":{"x":[681],"y":[241]}},{"time":"2023-12-11T15:52:13.799Z","type":"position","value":{"x":[584],"y":[409]}},{"time":"2023-12-11T15:52:14.313Z","type":"position","value":{"x":[587],"y":[563]}},{"time":"2023-12-11T15:52:14.863Z","type":"position","value":{"x":[864],"y":[508]}},{"time":"1702310065260","type":"selected","value":[true]},{"time":"1702310128687","type":"selected","value":[false]},{"time":"1702310193979","type":"selected","value":[true]},{"time":"1702310220414","type":"text","value":["Gute Genauigkeit"]},{"time":"1702310220414","type":"selected","value":[false]},{"time":"1702310224737","type":"selected","value":[true]},{"time":"1702310227611","type":"value","value":[1]},{"time":"1702310227611","type":"selected","value":[false]}],"isTextChangeable":1},{"id":"8a41fb91-b926-4d01-b37c-2e93e1456c4a","value":0,"text":"","comment":"","position":{"x":438,"y":237},"isActive":false,"date":1702309810006,"kind":"Node","isSelected":false,"isConnectorSelected":false,"isDraggable":1,"isDeletable":1,"hasElementMoved":false,"eventLog":[{"time":1702309810006,"type":"create node","value":0},{"time":1702309849722,"type":"selected","value":1},{"time":1702309852785,"type":"node was deleted","value":-99}],"isTextChangeable":1},{"id":"91b47aef-3b92-478c-bd1f-f067aa00ce6b","value":-2,"text":"missing information","comment":"","position":{"x":291,"y":281},"isActive":true,"date":1702309813691,"kind":"Node","isSelected":false,"isConnectorSelected":false,"isDraggable":1,"isDeletable":1,"hasElementMoved":false,"eventLog":[{"time":"1702309813691","type":"create node","value":[0]},{"time":"1702309904501","type":"selected","value":[true]},{"time":"1702309914023","type":"text","value":["Fehlende Information"]},{"time":"1702309914023","type":"selected","value":[false]},{"time":"1702309924540","type":"selected","value":[true]},{"time":"1702309928474","type":"value","value":[-2]},{"time":"1702309928474","type":"selected","value":[false]},{"time":"2023-12-11T15:52:09.292Z","type":"position","value":{"x":[299],"y":[339]}}],"isTextChangeable":1},{"id":"7acbeeae-074e-4122-b02b-4c5ce3ee3eeb","value":0,"text":"","comment":"","position":{"x":313,"y":522},"isActive":false,"date":1702309815639,"kind":"Node","isSelected":false,"isConnectorSelected":false,"isDraggable":1,"isDeletable":1,"hasElementMoved":false,"eventLog":[{"time":1702309815639,"type":"create node","value":0},{"time":1702309946505,"type":"selected","value":1},{"time":1702309948881,"type":"node was deleted","value":-99}],"isTextChangeable":1},{"id":"5789dd2a-d3b2-4fa3-9301-69e299524b13","value":2,"text":"consistent","comment":"","position":{"x":1069,"y":387},"isActive":true,"date":1702309817277,"kind":"Node","isSelected":false,"isConnectorSelected":false,"isDraggable":1,"isDeletable":1,"hasElementMoved":false,"eventLog":[{"time":1702309817277,"type":"create node","value":"0"},{"time":1702310256373,"type":"selected","value":"TRUE"},{"time":1702310323725,"type":"selected","value":"FALSE"},{"time":1702310414105,"type":"selected","value":"TRUE"},{"time":1702310454707,"type":"text","value":"Konsistent"},{"time":1702310454707,"type":"value","value":"2"},{"time":1702310454707,"type":"selected","value":"FALSE"}],"isTextChangeable":1},{"id":"1d4e391b-f1a6-4030-a949-d9bb1d9a5ddc","value":-2,"text":"not flexible","comment":"","position":{"x":508,"y":539},"isActive":true,"date":1702309818673,"kind":"Node","isSelected":false,"isConnectorSelected":false,"isDraggable":1,"isDeletable":1,"hasElementMoved":false,"eventLog":[{"time":"1702309818673","type":"create node","value":[0]},{"time":"2023-12-11T15:57:34.207Z","type":"position","value":{"x":[1035],"y":[516]}},{"time":"2023-12-11T15:57:34.341Z","type":"position","value":{"x":[879],"y":[486]}},{"time":"2023-12-11T15:57:34.424Z","type":"position","value":{"x":[726],"y":[492]}},{"time":"2023-12-11T15:57:34.787Z","type":"position","value":{"x":[576],"y":[530]}},{"time":"1702310325675","type":"selected","value":[true]},{"time":"1702310332051","type":"text","value":["Nicht flexibel"]},{"time":"1702310332051","type":"selected","value":[false]},{"time":"1702310334236","type":"selected","value":[true]},{"time":"1702310343118","type":"value","value":[-2]},{"time":"1702310343118","type":"selected","value":[false]}],"isTextChangeable":1},{"id":"40638456-8439-463c-af4e-4e035a5135d6","value":10,"text":"algorithm","comment":"","position":{"x":621,"y":224},"isActive":true,"date":1702309854416,"kind":"Node","isSelected":false,"isConnectorSelected":false,"isDraggable":1,"isDeletable":1,"hasElementMoved":false,"eventLog":[{"time":"1702309854416","type":"create node","value":[0]},{"time":"2023-12-11T15:52:12.288Z","type":"position","value":{"x":[573],"y":[230]}},{"time":"1702310182241","type":"selected","value":[true]},{"time":"1702310183672","type":"selected","value":[false]},{"time":"1702310185092","type":"selected","value":[true]},{"time":"1702310188111","type":"selected","value":[false]},{"time":"2023-12-11T15:57:10.900Z","type":"position","value":{"x":[531],"y":[222]}},{"time":"2023-12-11T15:57:11.116Z","type":"position","value":{"x":[683],"y":[246]}},{"time":"1702310232109","type":"selected","value":[true]},{"time":"1702310240637","type":"text","value":["Algorithm"]},{"time":"1702310240637","type":"value","value":[10]},{"time":"1702310240637","type":"selected","value":[false]},{"time":"1702310245628","type":"selected","value":[true]},{"time":"1702310250995","type":"selected","value":[false]}],"isTextChangeable":1},{"id":"06a813c5-80ba-4fdc-8fc1-2c348a207859","value":-1,"text":"high costs","comment":"","position":{"x":344,"y":507},"isActive":true,"date":1702309992994,"kind":"Node","isSelected":false,"isConnectorSelected":false,"isDraggable":1,"isDeletable":1,"hasElementMoved":false,"eventLog":[{"time":"1702309992994","type":"create node","value":[0]},{"time":"1702309997999","type":"selected","value":[true]},{"time":"1702310021006","type":"text","value":["H"]},{"time":"1702310021006","type":"selected","value":[false]},{"time":"1702310022283","type":"selected","value":[true]},{"time":"1702310033533","type":"text","value":["Höhe Kosten"]},{"time":"1702310033533","type":"value","value":[-1]},{"time":"1702310033533","type":"selected","value":[false]},{"time":"2023-12-11T15:53:54.280Z","type":"position","value":{"x":[424],"y":[508]}},{"time":"2023-12-11T15:53:54.863Z","type":"position","value":{"x":[327],"y":[525]}}],"isTextChangeable":1}],"connectors":[{"id":"f9c7b97a-50ac-4fa7-81bd-10ea6016c3a8","source":"450146c6-283a-48f5-ace5-38fe6bad7bcd","target":"637c2ccd-9702-497e-a5db-7f18028ba31c","agreement":true,"isActive":true,"date":1702309786206,"kind":"Connector","isSelected":false,"intensity":3,"isDeletable":false,"isOver":false,"isBidirectional":false,"eventLog":[{"time":1702309786206,"type":"create connection"}]},{"id":"9dd35204-8a5c-418a-8d9c-ad4283c62221","source":"450146c6-283a-48f5-ace5-38fe6bad7bcd","target":"03a37398-775f-4be9-9c0a-f9bd9517e008","agreement":true,"isActive":true,"date":1702309786206,"kind":"Connector","isSelected":false,"intensity":3,"isDeletable":true,"isOver":false,"isBidirectional":false,"eventLog":[{"time":1702309786206,"type":"create connection"}]},{"id":"907de72e-c9da-4b2b-a10a-71117c661755","source":"91b47aef-3b92-478c-bd1f-f067aa00ce6b","target":"637c2ccd-9702-497e-a5db-7f18028ba31c","agreement":true,"isActive":true,"date":1702309916094,"kind":"Connector","isSelected":false,"intensity":6,"isDeletable":true,"isOver":false,"isBidirectional":false,"eventLog":[{"time":1702309916094,"type":"create connection"},{"time":1702309917348,"type":"selected","value":1},{"time":1702309920914,"type":"change intensity of connector","value":6},{"time":1702309920914,"type":"selected","value":0},{"time":1702309922366,"type":"selected","value":1},{"time":1702309923172,"type":"change intensity of connector","value":6},{"time":1702309923172,"type":"selected","value":0}]},{"id":"dcbd9b57-44c6-49e1-8baa-918f17d87750","source":"edd6e29f-30a7-4d5f-ae98-d979e4027f24","target":"03a37398-775f-4be9-9c0a-f9bd9517e008","agreement":true,"isActive":true,"date":1702309970421,"kind":"Connector","isSelected":false,"intensity":9,"isDeletable":true,"isOver":false,"isBidirectional":false,"eventLog":[{"time":1702309970421,"type":"create connection"},{"time":1702309971832,"type":"selected","value":1},{"time":1702309973776,"type":"change intensity of connector","value":9},{"time":1702309973776,"type":"selected","value":0}]},{"id":"8ee7dcda-ad8c-42db-805a-7beba1b0e6e5","source":"06a813c5-80ba-4fdc-8fc1-2c348a207859","target":"637c2ccd-9702-497e-a5db-7f18028ba31c","agreement":true,"isActive":true,"date":1702310037788,"kind":"Connector","isSelected":false,"intensity":3,"isDeletable":true,"isOver":false,"isBidirectional":false,"eventLog":[{"time":1702310037788,"type":"create connection"},{"time":1702310039016,"type":"selected","value":1},{"time":1702310042994,"type":"change intensity of connector","value":3},{"time":1702310042994,"type":"selected","value":0}]},{"id":"b30559ac-70aa-4f52-b7c9-e4f3b292b13d","source":"1b032ad2-4bb1-4b02-8b82-50c3f8856428","target":"03a37398-775f-4be9-9c0a-f9bd9517e008","agreement":true,"isActive":true,"date":1702310223736,"kind":"Connector","isSelected":false,"intensity":3,"isDeletable":true,"isOver":false,"isBidirectional":false,"eventLog":[{"time":1702310223736,"type":"create connection"}]},{"id":"8ac664d1-e2b5-4cec-aac3-9dd4a5d69218","source":"40638456-8439-463c-af4e-4e035a5135d6","target":"637c2ccd-9702-497e-a5db-7f18028ba31c","agreement":true,"isActive":true,"date":1702310242082,"kind":"Connector","isSelected":false,"intensity":3,"isDeletable":true,"isOver":false,"isBidirectional":false,"eventLog":[{"time":1702310242082,"type":"create connection"}]},{"id":"45a4eab8-9d61-4382-bb7d-f708952e95a5","source":"40638456-8439-463c-af4e-4e035a5135d6","target":"03a37398-775f-4be9-9c0a-f9bd9517e008","agreement":true,"isActive":true,"date":1702310243666,"kind":"Connector","isSelected":false,"intensity":3,"isDeletable":true,"isOver":false,"isBidirectional":false,"eventLog":[{"time":1702310243666,"type":"create connection"}]},{"id":"1b2b4cf0-8357-47f5-9a25-eaf413c15416","source":"1d4e391b-f1a6-4030-a949-d9bb1d9a5ddc","target":"637c2ccd-9702-497e-a5db-7f18028ba31c","agreement":true,"isActive":true,"date":1702310333368,"kind":"Connector","isSelected":false,"intensity":3,"isDeletable":true,"isOver":false,"isBidirectional":false,"eventLog":[{"time":1702310333368,"type":"create connection"}]},{"id":"bb23955e-b4a3-4006-abfd-f45895baab5b","source":"5789dd2a-d3b2-4fa3-9301-69e299524b13","target":"03a37398-775f-4be9-9c0a-f9bd9517e008","agreement":true,"isActive":true,"date":1702310455977,"kind":"Connector","isSelected":false,"intensity":3,"isDeletable":true,"isOver":false,"isBidirectional":false,"eventLog":[{"time":1702310455977,"type":"create connection"}]}],"currentID":{},"currentNode":{},"hasSelectedNode":[false],"currentConnector":{},"hasSelectedConnector":[false],"readyToMove":[false],"isIncoming":[false],"hasElementMoved":[false]}
