{"idCAM":["31a082ae-ea60-4afe-be12-27e007e4d8ef"],"creator":["64fee13e6324ea4884bcc9db_post"],"projectCAM":["S2_CAM part 2"],"defocusCAM":[],"date":[1702311198923],"nodes":[{"id":"a345fdc2-9bb9-4de8-84b8-8d2a1b1691db","value":10,"text":"social assistance robot","comment":"","position":{"x":650,"y":400},"isActive":true,"date":1702311199793,"kind":"Node","isSelected":false,"isConnectorSelected":false,"isDraggable":0,"isDeletable":0,"hasElementMoved":false,"eventLog":[{"time":1702311199793,"type":"create node","value":10}],"isTextChangeable":0},{"id":"e62bbad8-2bce-4ae8-9a1d-c4d307183a21","value":-2,"text":"disadvantages","comment":"","position":{"x":450,"y":400},"isActive":true,"date":1702311199793,"kind":"Node","isSelected":false,"isConnectorSelected":false,"isDraggable":0,"isDeletable":0,"hasElementMoved":false,"eventLog":[{"time":1702311199793,"type":"create node","value":-2}],"isTextChangeable":0},{"id":"2efc7a28-2aef-4b73-a68c-bc7fc9e0c576","value":3,"text":"advantages","comment":"","position":{"x":850,"y":400},"isActive":true,"date":1702311199793,"kind":"Node","isSelected":false,"isConnectorSelected":false,"isDraggable":0,"isDeletable":0,"hasElementMoved":false,"eventLog":[{"time":1702311199793,"type":"create node","value":3}],"isTextChangeable":0},{"id":"ce41e663-fdbf-49fa-a2d9-228e63d33b61","value":3,"text":"improvement of the care ratio","comment":"","position":{"x":983,"y":228},"isActive":true,"date":1702311199793,"kind":"Node","isSelected":false,"isConnectorSelected":false,"isDraggable":1,"isDeletable":1,"hasElementMoved":false,"eventLog":[{"time":1702311199793,"type":"create node","value":3}],"isTextChangeable":1},{"id":"6bbfdbd8-c6c7-4673-80c7-e505a7285124","value":3,"text":"more interaction","comment":"","position":{"x":884,"y":641},"isActive":true,"date":1702311199793,"kind":"Node","isSelected":false,"isConnectorSelected":false,"isDraggable":1,"isDeletable":1,"hasElementMoved":false,"eventLog":[{"time":1702311199793,"type":"create node","value":3}],"isTextChangeable":1},{"id":"802b7077-e6a5-4a1a-b8be-b7f7d497aa82","value":2,"text":"integration of socially isolated","comment":"","position":{"x":1014,"y":572},"isActive":true,"date":1702311199793,"kind":"Node","isSelected":false,"isConnectorSelected":false,"isDraggable":1,"isDeletable":1,"hasElementMoved":false,"eventLog":[{"time":1702311199793,"type":"create node","value":2}],"isTextChangeable":1},{"id":"aa49f359-6b9f-4195-bd63-21a738fabc5e","value":2,"text":"support for education","comment":"","position":{"x":1053,"y":439},"isActive":true,"date":1702311199793,"kind":"Node","isSelected":false,"isConnectorSelected":false,"isDraggable":1,"isDeletable":1,"hasElementMoved":false,"eventLog":[{"time":1702311199793,"type":"create node","value":2}],"isTextChangeable":1},{"id":"fc2b9ad2-bd04-41bc-af4a-07afe11d5bf7","value":1,"text":"individual care","comment":"","position":{"x":1094,"y":313},"isActive":true,"date":1702311199793,"kind":"Node","isSelected":false,"isConnectorSelected":false,"isDraggable":1,"isDeletable":1,"hasElementMoved":false,"eventLog":[{"time":1702311199793,"type":"create node","value":1}],"isTextChangeable":1},{"id":"873902d8-84df-4141-a65e-17dfef4df2c1","value":2,"text":"more care time","comment":"","position":{"x":836,"y":222},"isActive":true,"date":1702311199793,"kind":"Node","isSelected":false,"isConnectorSelected":false,"isDraggable":1,"isDeletable":1,"hasElementMoved":false,"eventLog":[{"time":1702311199793,"type":"create node","value":2}],"isTextChangeable":1},{"id":"dcb40a8b-d97b-4151-bc07-fc1a9cdecd66","value":-2,"text":"fake relationships","comment":"","position":{"x":265,"y":201},"isActive":true,"date":1702311199793,"kind":"Node","isSelected":false,"isConnectorSelected":false,"isDraggable":1,"isDeletable":1,"hasElementMoved":false,"eventLog":[{"time":"1702311199793","type":"create node","value":[-2]},{"time":"2023-12-11T16:13:44.805Z","type":"position","value":{"x":[356],"y":[175]}}],"isTextChangeable":1},{"id":"7c27117f-2fcd-4a34-926d-50831a4aab83","value":-1,"text":"dependence on robots","comment":"","position":{"x":187,"y":298},"isActive":true,"date":1702311199793,"kind":"Node","isSelected":false,"isConnectorSelected":false,"isDraggable":1,"isDeletable":1,"hasElementMoved":false,"eventLog":[{"time":1702311199793,"type":"create node","value":-1}],"isTextChangeable":1},{"id":"bc249c08-d001-4e1c-b66c-5da2f1ed9432","value":-1,"text":"loss of jobs","comment":"","position":{"x":183,"y":447},"isActive":true,"date":1702311199793,"kind":"Node","isSelected":false,"isConnectorSelected":false,"isDraggable":1,"isDeletable":1,"hasElementMoved":false,"eventLog":[{"time":1702311199793,"type":"create node","value":-1}],"isTextChangeable":1},{"id":"6a70fdae-4b7c-4190-9835-5d041daf69a3","value":-2,"text":"change in social behavior","comment":"","position":{"x":245,"y":593},"isActive":true,"date":1702311199793,"kind":"Node","isSelected":false,"isConnectorSelected":false,"isDraggable":1,"isDeletable":1,"hasElementMoved":false,"eventLog":[{"time":1702311199793,"type":"create node","value":-2}],"isTextChangeable":1},{"id":"58ed0f58-be1a-4670-8a49-e3eaf7b2b5ec","value":-1,"text":"injury risk","comment":"","position":{"x":389,"y":615},"isActive":true,"date":1702311206068,"kind":"Node","isSelected":false,"isConnectorSelected":false,"isDraggable":1,"isDeletable":1,"hasElementMoved":false,"eventLog":[{"time":1702311206068,"type":"create node","value":"0"},{"time":1702311208643,"type":"selected","value":"TRUE"},{"time":1702311214872,"type":"text","value":"Verletzungsrisiko"},{"time":1702311214872,"type":"value","value":"-1"},{"time":1702311214872,"type":"selected","value":"FALSE"}],"isTextChangeable":1},{"id":"652cd262-353f-4d2d-9d79-7f51ca5069f6","value":-1,"text":"overstimulation","comment":"","position":{"x":378,"y":149},"isActive":true,"date":1702311225707,"kind":"Node","isSelected":false,"isConnectorSelected":false,"isDraggable":1,"isDeletable":1,"hasElementMoved":false,"eventLog":[{"time":"1702311225707","type":"create node","value":[0]},{"time":"1702311228459","type":"selected","value":[true]},{"time":"1702311233879","type":"text","value":["Überstimmulation"]},{"time":"1702311233879","type":"selected","value":[false]},{"time":"2023-12-11T16:13:57.378Z","type":"position","value":{"x":[437],"y":[126]}},{"time":"1702311239563","type":"selected","value":[true]},{"time":"1702311241828","type":"value","value":[-1]},{"time":"1702311241828","type":"selected","value":[false]}],"isTextChangeable":1}],"connectors":[{"id":"010efe08-43d6-40bd-84ad-5d231269f94e","source":"a345fdc2-9bb9-4de8-84b8-8d2a1b1691db","target":"e62bbad8-2bce-4ae8-9a1d-c4d307183a21","agreement":false,"isActive":true,"date":1702311199794,"kind":"Connector","isSelected":false,"intensity":6,"isDeletable":false,"isOver":false,"isBidirectional":false,"eventLog":[{"time":1702311199794,"type":"create connection"}]},{"id":"123a6be7-2a6d-4de2-a865-de02077f1383","source":"a345fdc2-9bb9-4de8-84b8-8d2a1b1691db","target":"2efc7a28-2aef-4b73-a68c-bc7fc9e0c576","agreement":true,"isActive":true,"date":1702311199794,"kind":"Connector","isSelected":false,"intensity":9,"isDeletable":true,"isOver":false,"isBidirectional":false,"eventLog":[{"time":1702311199794,"type":"create connection"}]},{"id":"c125907a-50a4-4008-9662-884bb1fd3466","source":"873902d8-84df-4141-a65e-17dfef4df2c1","target":"ce41e663-fdbf-49fa-a2d9-228e63d33b61","agreement":true,"isActive":true,"date":1702311199794,"kind":"Connector","isSelected":false,"intensity":6,"isDeletable":true,"isOver":false,"isBidirectional":false,"eventLog":[{"time":1702311199794,"type":"create connection"}]},{"id":"2446d723-85a7-4a40-a1f6-1bcc1f1ce789","source":"873902d8-84df-4141-a65e-17dfef4df2c1","target":"2efc7a28-2aef-4b73-a68c-bc7fc9e0c576","agreement":true,"isActive":true,"date":1702311199794,"kind":"Connector","isSelected":false,"intensity":9,"isDeletable":true,"isOver":false,"isBidirectional":false,"eventLog":[{"time":1702311199794,"type":"create connection"}]},{"id":"7cba0026-9fc3-4f06-a645-828ccb2d34ed","source":"fc2b9ad2-bd04-41bc-af4a-07afe11d5bf7","target":"2efc7a28-2aef-4b73-a68c-bc7fc9e0c576","agreement":true,"isActive":true,"date":1702311199794,"kind":"Connector","isSelected":false,"intensity":6,"isDeletable":true,"isOver":false,"isBidirectional":false,"eventLog":[{"time":1702311199794,"type":"create connection"}]},{"id":"8eab05f0-dfd4-4cb7-8173-c0cba1c7229f","source":"ce41e663-fdbf-49fa-a2d9-228e63d33b61","target":"2efc7a28-2aef-4b73-a68c-bc7fc9e0c576","agreement":true,"isActive":true,"date":1702311199794,"kind":"Connector","isSelected":false,"intensity":3,"isDeletable":true,"isOver":false,"isBidirectional":false,"eventLog":[{"time":1702311199794,"type":"create connection"}]},{"id":"5edc39f7-c7ef-4ee3-94a4-ceda2233c365","source":"aa49f359-6b9f-4195-bd63-21a738fabc5e","target":"2efc7a28-2aef-4b73-a68c-bc7fc9e0c576","agreement":true,"isActive":true,"date":1702311199794,"kind":"Connector","isSelected":false,"intensity":3,"isDeletable":true,"isOver":false,"isBidirectional":false,"eventLog":[{"time":1702311199794,"type":"create connection"}]},{"id":"a4d93bb3-44ea-4547-9796-7c2684a7f987","source":"fc2b9ad2-bd04-41bc-af4a-07afe11d5bf7","target":"aa49f359-6b9f-4195-bd63-21a738fabc5e","agreement":true,"isActive":true,"date":1702311199794,"kind":"Connector","isSelected":false,"intensity":9,"isDeletable":true,"isOver":false,"isBidirectional":false,"eventLog":[{"time":1702311199794,"type":"create connection"}]},{"id":"47024d10-bbc5-4a9a-a5a0-3c6391b185a8","source":"802b7077-e6a5-4a1a-b8be-b7f7d497aa82","target":"2efc7a28-2aef-4b73-a68c-bc7fc9e0c576","agreement":true,"isActive":true,"date":1702311199794,"kind":"Connector","isSelected":false,"intensity":3,"isDeletable":true,"isOver":false,"isBidirectional":false,"eventLog":[{"time":1702311199794,"type":"create connection"}]},{"id":"ce5a1c26-feb5-480c-8617-cb4837dee983","source":"6bbfdbd8-c6c7-4673-80c7-e505a7285124","target":"802b7077-e6a5-4a1a-b8be-b7f7d497aa82","agreement":true,"isActive":true,"date":1702311199794,"kind":"Connector","isSelected":false,"intensity":9,"isDeletable":true,"isOver":false,"isBidirectional":false,"eventLog":[{"time":1702311199794,"type":"create connection"}]},{"id":"f8c3605e-4804-4b1a-be7f-c9f752b227b2","source":"6bbfdbd8-c6c7-4673-80c7-e505a7285124","target":"2efc7a28-2aef-4b73-a68c-bc7fc9e0c576","agreement":true,"isActive":true,"date":1702311199795,"kind":"Connector","isSelected":false,"intensity":9,"isDeletable":true,"isOver":false,"isBidirectional":false,"eventLog":[{"time":1702311199795,"type":"create connection"}]},{"id":"b19eedd0-03d3-4b10-bd28-e718bf2c7c27","source":"6a70fdae-4b7c-4190-9835-5d041daf69a3","target":"e62bbad8-2bce-4ae8-9a1d-c4d307183a21","agreement":true,"isActive":true,"date":1702311199795,"kind":"Connector","isSelected":false,"intensity":6,"isDeletable":true,"isOver":false,"isBidirectional":false,"eventLog":[{"time":1702311199795,"type":"create connection"}]},{"id":"498b8dd3-464e-44c0-a5bb-f0ab938a4b41","source":"bc249c08-d001-4e1c-b66c-5da2f1ed9432","target":"e62bbad8-2bce-4ae8-9a1d-c4d307183a21","agreement":true,"isActive":true,"date":1702311199795,"kind":"Connector","isSelected":false,"intensity":3,"isDeletable":true,"isOver":false,"isBidirectional":false,"eventLog":[{"time":1702311199795,"type":"create connection"}]},{"id":"26bbcaef-cd60-46a7-a52b-e636d0cfbb40","source":"7c27117f-2fcd-4a34-926d-50831a4aab83","target":"e62bbad8-2bce-4ae8-9a1d-c4d307183a21","agreement":true,"isActive":true,"date":1702311199795,"kind":"Connector","isSelected":false,"intensity":3,"isDeletable":true,"isOver":false,"isBidirectional":false,"eventLog":[{"time":1702311199795,"type":"create connection"}]},{"id":"a1966e69-50a5-49a0-b90a-8f1cec282f3e","source":"dcb40a8b-d97b-4151-bc07-fc1a9cdecd66","target":"e62bbad8-2bce-4ae8-9a1d-c4d307183a21","agreement":true,"isActive":true,"date":1702311199795,"kind":"Connector","isSelected":false,"intensity":3,"isDeletable":true,"isOver":false,"isBidirectional":false,"eventLog":[{"time":1702311199795,"type":"create connection"}]},{"id":"8822b537-291a-401a-9616-4736caca4b5b","source":"e62bbad8-2bce-4ae8-9a1d-c4d307183a21","target":"58ed0f58-be1a-4670-8a49-e3eaf7b2b5ec","agreement":true,"isActive":true,"date":1702311216053,"kind":"Connector","isSelected":false,"intensity":3,"isDeletable":true,"isOver":false,"isBidirectional":false,"eventLog":[{"time":1702311216053,"type":"create connection"}]},{"id":"1049060b-a185-4e63-a3cf-96554b829866","source":"652cd262-353f-4d2d-9d79-7f51ca5069f6","target":"e62bbad8-2bce-4ae8-9a1d-c4d307183a21","agreement":true,"isActive":true,"date":1702311236643,"kind":"Connector","isSelected":false,"intensity":3,"isDeletable":true,"isOver":false,"isBidirectional":false,"eventLog":[{"time":1702311236643,"type":"create connection"}]}],"currentID":{},"currentNode":{},"hasSelectedNode":[false],"currentConnector":{},"hasSelectedConnector":[false],"readyToMove":[false],"isIncoming":[false],"hasElementMoved":[false]}
