{"idCAM":["afbbf940-c6eb-446f-b1b3-3ad0f2c1c88c"],"creator":["64fee13e6324ea4884bcc9db_pre"],"projectCAM":["S2_CAM part 1"],"defocusCAM":[],"date":[1702310728727],"nodes":[{"id":"45ed59a4-9725-4bd6-9373-8a16c722a1c5","value":10,"text":"social assistance robot","comment":"","position":{"x":650,"y":400},"isActive":true,"date":1702310729471,"kind":"Node","isSelected":false,"isConnectorSelected":false,"isDraggable":0,"isDeletable":0,"hasElementMoved":false,"eventLog":[{"time":1702310729471,"type":"create node","value":0},{"time":1702310869845,"type":"selected","value":1},{"time":1702310871791,"type":"value","value":1},{"time":1702310871791,"type":"selected","value":0},{"time":1702310986070,"type":"selected","value":1},{"time":1702310988095,"type":"value","value":10},{"time":1702310988095,"type":"selected","value":0}],"isTextChangeable":0},{"id":"565e8adb-4732-4ecd-b710-d2546a2a3eb3","value":-2,"text":"disadvantages","comment":"","position":{"x":450,"y":400},"isActive":true,"date":1702310729472,"kind":"Node","isSelected":false,"isConnectorSelected":true,"isDraggable":0,"isDeletable":0,"hasElementMoved":false,"eventLog":[{"time":1702310729472,"type":"create node","value":0},{"time":1702310872429,"type":"selected","value":1},{"time":1702310875943,"type":"value","value":-2},{"time":1702310875943,"type":"selected","value":0}],"isTextChangeable":0},{"id":"53a504b9-e450-4ff8-8db3-1ff68cbeae3f","value":3,"text":"advantages","comment":"","position":{"x":850,"y":400},"isActive":true,"date":1702310729472,"kind":"Node","isSelected":false,"isConnectorSelected":false,"isDraggable":0,"isDeletable":0,"hasElementMoved":false,"eventLog":[{"time":1702310729472,"type":"create node","value":0},{"time":1702310865465,"type":"selected","value":1},{"time":1702310865872,"type":"selected","value":0},{"time":1702310867052,"type":"selected","value":1},{"time":1702310869128,"type":"value","value":3},{"time":1702310869128,"type":"selected","value":0}],"isTextChangeable":0},{"id":"b1386c96-0c5f-4439-848f-d2b785e97cd5","value":3,"text":"improvement of the care ratio","comment":"","position":{"x":983,"y":228},"isActive":true,"date":1702310743438,"kind":"Node","isSelected":false,"isConnectorSelected":false,"isDraggable":1,"isDeletable":1,"hasElementMoved":false,"eventLog":[{"time":"1702310743438","type":"create node","value":[0]},{"time":"1702310752686","type":"selected","value":[true]},{"time":"1702310768057","type":"text","value":["Verbesserung des Betreuungsschlüssels"]},{"time":"1702310768057","type":"selected","value":[false]},{"time":"2023-12-11T16:07:22.501Z","type":"position","value":{"x":[888],"y":[280]}},{"time":"2023-12-11T16:07:29.385Z","type":"position","value":{"x":[972],"y":[248]}},{"time":"1702310879924","type":"selected","value":[true]},{"time":"1702310881376","type":"value","value":[2]},{"time":"1702310881376","type":"selected","value":[false]},{"time":"1702310895613","type":"selected","value":[true]},{"time":"1702310897679","type":"value","value":[3]},{"time":"1702310897679","type":"selected","value":[false]}],"isTextChangeable":1},{"id":"e90093e7-578d-4c79-bde8-4c2b27d159dd","value":3,"text":"more interaction","comment":"","position":{"x":884,"y":641},"isActive":true,"date":1702310769398,"kind":"Node","isSelected":false,"isConnectorSelected":false,"isDraggable":1,"isDeletable":1,"hasElementMoved":false,"eventLog":[{"time":"1702310769398","type":"create node","value":[0]},{"time":"1702310769509","type":"selected","value":[true]},{"time":"1702310782327","type":"text","value":["Mehr Interaktion"]},{"time":"1702310782327","type":"selected","value":[false]},{"time":"2023-12-11T16:07:19.900Z","type":"position","value":{"x":[869],"y":[512]}},{"time":"2023-12-11T16:07:20.202Z","type":"position","value":{"x":[1020],"y":[535]}},{"time":"2023-12-11T16:07:25.834Z","type":"position","value":{"x":[1019],"y":[595]}},{"time":"2023-12-11T16:07:26.101Z","type":"position","value":{"x":[867],"y":[628]}},{"time":"1702310889948","type":"selected","value":[true]},{"time":"1702310891479","type":"value","value":[3]},{"time":"1702310891479","type":"selected","value":[false]}],"isTextChangeable":1},{"id":"ab56b44c-0e78-4d74-b608-252a7a154240","value":2,"text":"integration of socially isolated","comment":"","position":{"x":1014,"y":572},"isActive":true,"date":1702310782774,"kind":"Node","isSelected":false,"isConnectorSelected":false,"isDraggable":1,"isDeletable":1,"hasElementMoved":false,"eventLog":[{"time":"1702310782774","type":"create node","value":[0]},{"time":"1702310782869","type":"selected","value":[true]},{"time":"1702310790040","type":"text","value":["Integration sozial Isolierter"]},{"time":"1702310790040","type":"selected","value":[false]},{"time":"2023-12-11T16:07:25.117Z","type":"position","value":{"x":[1027],"y":[487]}},{"time":"2023-12-11T16:07:26.833Z","type":"position","value":{"x":[1066],"y":[552]}},{"time":"1702310887248","type":"selected","value":[true]},{"time":"1702310889215","type":"value","value":[2]},{"time":"1702310889215","type":"selected","value":[false]}],"isTextChangeable":1},{"id":"aa35d8ee-7436-4d3d-bdf5-8a9cf28f5e15","value":2,"text":"support for education","comment":"","position":{"x":1053,"y":439},"isActive":true,"date":1702310790694,"kind":"Node","isSelected":false,"isConnectorSelected":false,"isDraggable":1,"isDeletable":1,"hasElementMoved":false,"eventLog":[{"time":"1702310790694","type":"create node","value":[0]},{"time":"1702310790773","type":"selected","value":[true]},{"time":"1702310808928","type":"text","value":["Unterstützung von Bildung"]},{"time":"1702310808928","type":"selected","value":[false]},{"time":"2023-12-11T16:07:24.486Z","type":"position","value":{"x":[1069],"y":[379]}},{"time":"2023-12-11T16:07:27.718Z","type":"position","value":{"x":[1143],"y":[404]}},{"time":"1702310882030","type":"selected","value":[true]},{"time":"1702310883855","type":"value","value":[2]},{"time":"1702310883855","type":"selected","value":[false]}],"isTextChangeable":1},{"id":"dba705ca-e701-4f68-b8cf-d08f80932485","value":1,"text":"individual care","comment":"","position":{"x":1094,"y":313},"isActive":true,"date":1702310809942,"kind":"Node","isSelected":false,"isConnectorSelected":false,"isDraggable":1,"isDeletable":1,"hasElementMoved":false,"eventLog":[{"time":"1702310809942","type":"create node","value":[0]},{"time":"1702310820012","type":"selected","value":[true]},{"time":"1702310826632","type":"text","value":["Individuelle Betreuung"]},{"time":"1702310826632","type":"selected","value":[false]},{"time":"2023-12-11T16:07:23.371Z","type":"position","value":{"x":[1072],"y":[255]}},{"time":"2023-12-11T16:07:28.619Z","type":"position","value":{"x":[1132],"y":[276]}},{"time":"1702310884596","type":"selected","value":[true]},{"time":"1702310886511","type":"value","value":[1]},{"time":"1702310886511","type":"selected","value":[false]}],"isTextChangeable":1},{"id":"ab0f98f6-d63d-46c3-b1ac-ecb8bf892059","value":2,"text":"more care time","comment":"","position":{"x":836,"y":222},"isActive":true,"date":1702310827742,"kind":"Node","isSelected":false,"isConnectorSelected":false,"isDraggable":1,"isDeletable":1,"hasElementMoved":false,"eventLog":[{"time":"1702310827742","type":"create node","value":[0]},{"time":"1702310827861","type":"selected","value":[true]},{"time":"1702310839208","type":"text","value":["Mehr Betreuungszeit"]},{"time":"1702310839208","type":"selected","value":[false]},{"time":"2023-12-11T16:07:21.002Z","type":"position","value":{"x":[938],"y":[612]}},{"time":"2023-12-11T16:07:21.733Z","type":"position","value":{"x":[861],"y":[457]}},{"time":"2023-12-11T16:07:21.884Z","type":"position","value":{"x":[825],"y":[303]}},{"time":"1702310876925","type":"selected","value":[true]},{"time":"1702310879295","type":"value","value":[2]},{"time":"1702310879295","type":"selected","value":[false]}],"isTextChangeable":1},{"id":"eabf9876-2dfe-4a29-9f19-c97e269e2093","value":-2,"text":"fake relationships","comment":"","position":{"x":355,"y":175},"isActive":true,"date":1702310911093,"kind":"Node","isSelected":false,"isConnectorSelected":false,"isDraggable":1,"isDeletable":1,"hasElementMoved":false,"eventLog":[{"time":1702310911093,"type":"create node","value":"0"},{"time":1702310918348,"type":"selected","value":"TRUE"},{"time":1702310927016,"type":"text","value":"Unechte Beziehungen"},{"time":1702310927016,"type":"selected","value":"FALSE"},{"time":1702311020805,"type":"selected","value":"TRUE"},{"time":1702311023287,"type":"value","value":"-2"},{"time":1702311023287,"type":"selected","value":"FALSE"}],"isTextChangeable":1},{"id":"43c6cfec-d55d-46c2-9930-1ad2adbd37d5","value":-1,"text":"dependence on robots","comment":"","position":{"x":187,"y":298},"isActive":true,"date":1702310927469,"kind":"Node","isSelected":false,"isConnectorSelected":false,"isDraggable":1,"isDeletable":1,"hasElementMoved":false,"eventLog":[{"time":"1702310927469","type":"create node","value":[0]},{"time":"1702310931292","type":"selected","value":[true]},{"time":"1702310931703","type":"selected","value":[false]},{"time":"1702310934500","type":"selected","value":[true]},{"time":"1702310941056","type":"text","value":["Abhängigkeit von Robotern"]},{"time":"1702310941056","type":"selected","value":[false]},{"time":"2023-12-11T16:10:03.380Z","type":"position","value":{"x":[224],"y":[302]}},{"time":"1702311027758","type":"selected","value":[true]},{"time":"1702311028169","type":"selected","value":[false]},{"time":"1702311031661","type":"selected","value":[true]},{"time":"1702311034087","type":"value","value":[-1]},{"time":"1702311034087","type":"selected","value":[false]}],"isTextChangeable":1},{"id":"2e564715-a19d-4602-bf0f-20a86992e088","value":-1,"text":"loss of jobs","comment":"","position":{"x":183,"y":447},"isActive":true,"date":1702310941180,"kind":"Node","isSelected":false,"isConnectorSelected":false,"isDraggable":1,"isDeletable":1,"hasElementMoved":false,"eventLog":[{"time":"1702310941180","type":"create node","value":[0]},{"time":"1702310946516","type":"selected","value":[true]},{"time":"1702310952679","type":"text","value":["Verlust von Arbeitsplätzen"]},{"time":"1702310952679","type":"selected","value":[false]},{"time":"2023-12-11T16:09:50.900Z","type":"position","value":{"x":[240],"y":[466]}},{"time":"2023-12-11T16:10:04.423Z","type":"position","value":{"x":[239],"y":[433]}},{"time":"1702311023663","type":"selected","value":[true]},{"time":"1702311026199","type":"value","value":[-1]},{"time":"1702311026199","type":"selected","value":[false]}],"isTextChangeable":1},{"id":"80569957-77ca-4035-bd21-71b392a3fa67","value":-2,"text":"change in social behavior","comment":"from patients who primarily interact with robots","position":{"x":245,"y":593},"isActive":true,"date":1702310953381,"kind":"Node","isSelected":false,"isConnectorSelected":true,"isDraggable":1,"isDeletable":1,"hasElementMoved":false,"eventLog":[{"time":"1702310953381","type":"create node","value":[0]},{"time":"1702310953451","type":"selected","value":[true]},{"time":"1702310984945","type":"text","value":["Veränderung des Sozialverhaltens"]},{"time":"1702310984945","type":"comment","value":["von Patienten, die Primär mit Robotern interagieren"]},{"time":"1702310984945","type":"selected","value":[false]},{"time":"2023-12-11T16:09:49.996Z","type":"position","value":{"x":[281],"y":[590]}},{"time":"2023-12-11T16:09:51.916Z","type":"position","value":{"x":[240],"y":[613]}},{"time":"2023-12-11T16:10:05.380Z","type":"position","value":{"x":[292],"y":[525]}},{"time":"1702311034686","type":"selected","value":[true]},{"time":"1702311036687","type":"value","value":[-2]},{"time":"1702311036687","type":"selected","value":[false]},{"time":"2023-12-11T16:10:38.216Z","type":"position","value":{"x":[210],"y":[588]}}],"isTextChangeable":1}],"connectors":[{"id":"1bcaa12f-ec21-47ab-ac5c-e45266c8f22a","source":"45ed59a4-9725-4bd6-9373-8a16c722a1c5","target":"565e8adb-4732-4ecd-b710-d2546a2a3eb3","agreement":false,"isActive":true,"date":1702310729472,"kind":"Connector","isSelected":false,"intensity":6,"isDeletable":false,"isOver":false,"isBidirectional":false,"eventLog":[{"time":1702310729472,"type":"create connection"},{"time":1702311010475,"type":"selected","value":1},{"time":1702311014719,"type":"change intensity of connector","value":-6},{"time":1702311014719,"type":"selected","value":0}]},{"id":"85a0184e-cc67-471d-91eb-3580904d66db","source":"45ed59a4-9725-4bd6-9373-8a16c722a1c5","target":"53a504b9-e450-4ff8-8db3-1ff68cbeae3f","agreement":true,"isActive":true,"date":1702310729472,"kind":"Connector","isSelected":false,"intensity":9,"isDeletable":true,"isOver":false,"isBidirectional":false,"eventLog":[{"time":1702310729472,"type":"create connection"},{"time":1702311044827,"type":"selected","value":1},{"time":1702311045234,"type":"change intensity of connector","value":3},{"time":1702311045234,"type":"selected","value":0},{"time":1702311047866,"type":"selected","value":1},{"time":1702311049375,"type":"change intensity of connector","value":9},{"time":1702311049375,"type":"selected","value":0}]},{"id":"441a54ba-0b72-4f4c-a4eb-df1594ab5407","source":"ab0f98f6-d63d-46c3-b1ac-ecb8bf892059","target":"b1386c96-0c5f-4439-848f-d2b785e97cd5","agreement":true,"isActive":true,"date":1702310850759,"kind":"Connector","isSelected":false,"intensity":6,"isDeletable":true,"isOver":false,"isBidirectional":false,"eventLog":[{"time":1702310850759,"type":"create connection"},{"time":1702311052122,"type":"selected","value":1},{"time":1702311053815,"type":"change intensity of connector","value":9},{"time":1702311053815,"type":"selected","value":0},{"time":1702311083481,"type":"selected","value":1},{"time":1702311085047,"type":"change intensity of connector","value":6},{"time":1702311085047,"type":"selected","value":0}]},{"id":"6e74e2e7-6c79-4468-9737-5b7f89fd51b2","source":"ab0f98f6-d63d-46c3-b1ac-ecb8bf892059","target":"53a504b9-e450-4ff8-8db3-1ff68cbeae3f","agreement":true,"isActive":true,"date":1702310851871,"kind":"Connector","isSelected":false,"intensity":9,"isDeletable":true,"isOver":false,"isBidirectional":false,"eventLog":[{"time":1702310851871,"type":"create connection"},{"time":1702311080379,"type":"selected","value":1},{"time":1702311082327,"type":"change intensity of connector","value":9},{"time":1702311082327,"type":"selected","value":0}]},{"id":"0032bca1-0f22-4f8e-98dd-9b139cf89b0c","source":"dba705ca-e701-4f68-b8cf-d08f80932485","target":"53a504b9-e450-4ff8-8db3-1ff68cbeae3f","agreement":true,"isActive":true,"date":1702310852917,"kind":"Connector","isSelected":false,"intensity":6,"isDeletable":true,"isOver":false,"isBidirectional":false,"eventLog":[{"time":1702310852917,"type":"create connection"},{"time":1702311071202,"type":"selected","value":1},{"time":1702311072878,"type":"change intensity of connector","value":6},{"time":1702311072878,"type":"selected","value":0}]},{"id":"12334b22-14f9-4a5b-8bb6-e5289825dc96","source":"b1386c96-0c5f-4439-848f-d2b785e97cd5","target":"53a504b9-e450-4ff8-8db3-1ff68cbeae3f","agreement":true,"isActive":true,"date":1702310853847,"kind":"Connector","isSelected":false,"intensity":3,"isDeletable":true,"isOver":false,"isBidirectional":false,"eventLog":[{"time":1702310853847,"type":"create connection"}]},{"id":"35bd63e9-43cb-42b9-af5a-13e18ca1c747","source":"aa35d8ee-7436-4d3d-bdf5-8a9cf28f5e15","target":"53a504b9-e450-4ff8-8db3-1ff68cbeae3f","agreement":true,"isActive":true,"date":1702310856293,"kind":"Connector","isSelected":false,"intensity":3,"isDeletable":true,"isOver":false,"isBidirectional":false,"eventLog":[{"time":1702310856293,"type":"create connection"}]},{"id":"94fd1b1f-f01a-438d-a2f4-fb4e5ddffee5","source":"dba705ca-e701-4f68-b8cf-d08f80932485","target":"aa35d8ee-7436-4d3d-bdf5-8a9cf28f5e15","agreement":true,"isActive":true,"date":1702310857311,"kind":"Connector","isSelected":false,"intensity":9,"isDeletable":true,"isOver":false,"isBidirectional":false,"eventLog":[{"time":1702310857311,"type":"create connection"},{"time":1702311055234,"type":"selected","value":1},{"time":1702311057255,"type":"change intensity of connector","value":9},{"time":1702311057255,"type":"selected","value":0}]},{"id":"d9edddd6-50da-4c03-9b50-5d419eced196","source":"ab56b44c-0e78-4d74-b608-252a7a154240","target":"53a504b9-e450-4ff8-8db3-1ff68cbeae3f","agreement":true,"isActive":true,"date":1702310859309,"kind":"Connector","isSelected":false,"intensity":3,"isDeletable":true,"isOver":false,"isBidirectional":false,"eventLog":[{"time":1702310859309,"type":"create connection"}]},{"id":"d500c00a-31da-4e26-bc54-eb71f2a47db9","source":"e90093e7-578d-4c79-bde8-4c2b27d159dd","target":"ab56b44c-0e78-4d74-b608-252a7a154240","agreement":true,"isActive":true,"date":1702310860271,"kind":"Connector","isSelected":false,"intensity":9,"isDeletable":true,"isOver":false,"isBidirectional":false,"eventLog":[{"time":1702310860271,"type":"create connection"},{"time":1702311057529,"type":"selected","value":1},{"time":1702311059583,"type":"change intensity of connector","value":9},{"time":1702311059583,"type":"selected","value":0}]},{"id":"20b878d6-046c-4540-97ad-fbc0cafda6c2","source":"e90093e7-578d-4c79-bde8-4c2b27d159dd","target":"53a504b9-e450-4ff8-8db3-1ff68cbeae3f","agreement":true,"isActive":true,"date":1702310863191,"kind":"Connector","isSelected":false,"intensity":9,"isDeletable":true,"isOver":false,"isBidirectional":false,"eventLog":[{"time":1702310863191,"type":"create connection"},{"time":1702311064313,"type":"selected","value":1},{"time":1702311066071,"type":"change intensity of connector","value":9},{"time":1702311066071,"type":"selected","value":0}]},{"id":"d594ec31-ef4c-4b88-bfc8-33d77b845a34","source":"80569957-77ca-4035-bd21-71b392a3fa67","target":"565e8adb-4732-4ecd-b710-d2546a2a3eb3","agreement":true,"isActive":true,"date":1702310998037,"kind":"Connector","isSelected":false,"intensity":6,"isDeletable":true,"isOver":false,"isBidirectional":false,"eventLog":[{"time":1702310998037,"type":"create connection"},{"time":1702311089721,"type":"selected","value":1},{"time":1702311092486,"type":"change intensity of connector","value":6},{"time":1702311092486,"type":"selected","value":0}]},{"id":"1ea25ce0-8066-45d4-bef8-76038e105522","source":"2e564715-a19d-4602-bf0f-20a86992e088","target":"565e8adb-4732-4ecd-b710-d2546a2a3eb3","agreement":true,"isActive":true,"date":1702310999076,"kind":"Connector","isSelected":false,"intensity":3,"isDeletable":true,"isOver":false,"isBidirectional":false,"eventLog":[{"time":1702310999076,"type":"create connection"}]},{"id":"e994bebe-add4-4e3d-abae-593741341a26","source":"43c6cfec-d55d-46c2-9930-1ad2adbd37d5","target":"565e8adb-4732-4ecd-b710-d2546a2a3eb3","agreement":true,"isActive":true,"date":1702311000413,"kind":"Connector","isSelected":false,"intensity":3,"isDeletable":true,"isOver":false,"isBidirectional":false,"eventLog":[{"time":1702311000413,"type":"create connection"}]},{"id":"b35546f6-cf99-40cc-87d1-3f79c99ea397","source":"eabf9876-2dfe-4a29-9f19-c97e269e2093","target":"565e8adb-4732-4ecd-b710-d2546a2a3eb3","agreement":true,"isActive":true,"date":1702311001637,"kind":"Connector","isSelected":false,"intensity":3,"isDeletable":true,"isOver":false,"isBidirectional":false,"eventLog":[{"time":1702311001637,"type":"create connection"}]}],"currentID":["d594ec31-ef4c-4b88-bfc8-33d77b845a34"],"currentNode":{},"hasSelectedNode":[false],"currentConnector":{"id":["d594ec31-ef4c-4b88-bfc8-33d77b845a34"],"value":{},"source":["80569957-77ca-4035-bd21-71b392a3fa67"],"target":["565e8adb-4732-4ecd-b710-d2546a2a3eb3"],"agreement":[true],"isActive":[true],"date":[1702310998037],"kind":["Connector"],"isSelected":[false],"intensity":[6],"isDeletable":[true],"isOver":[false],"isBidirectional":[false],"eventLog":[{"time":1702310998037,"type":"create connection"},{"time":1702311089721,"type":"selected","value":1},{"time":1702311092486,"type":"change intensity of connector","value":6},{"time":1702311092486,"type":"selected","value":0}]},"hasSelectedConnector":[true],"readyToMove":[false],"isIncoming":[false],"hasElementMoved":[false]}
