{"idCAM":["dc27d1fa-9533-41d4-9a20-49fae4891d8f"],"creator":["65034478b7a228b2bdfdca5c_pre"],"projectCAM":["S2_CAM part 1"],"defocusCAM":[],"date":[1702377332695],"nodes":[{"id":"81b04341-32c3-48bc-b6a2-b3b10d2b401e","value":10,"text":"rescue robot","comment":"","position":{"x":650,"y":400},"isActive":true,"date":1702377333589,"kind":"Node","isSelected":false,"isConnectorSelected":false,"isDraggable":0,"isDeletable":0,"hasElementMoved":false,"eventLog":[{"time":1702377333589,"type":"create node","value":0},{"time":1702377597327,"type":"selected","value":1},{"time":1702377600888,"type":"value","value":10},{"time":1702377600888,"type":"selected","value":0}],"isTextChangeable":0},{"id":"93fb57b1-f3cf-4ddb-81d8-3305d5d4bd0b","value":0,"text":"disadvantages","comment":"","position":{"x":450,"y":400},"isActive":true,"date":1702377333589,"kind":"Node","isSelected":false,"isConnectorSelected":false,"isDraggable":0,"isDeletable":0,"hasElementMoved":false,"eventLog":[{"time":1702377333589,"type":"create node","value":0}],"isTextChangeable":0},{"id":"55cafb4e-3660-45f9-b085-f5faec11e5a2","value":0,"text":"advantages","comment":"","position":{"x":850,"y":400},"isActive":true,"date":1702377333589,"kind":"Node","isSelected":false,"isConnectorSelected":false,"isDraggable":0,"isDeletable":0,"hasElementMoved":false,"eventLog":[{"time":1702377333589,"type":"create node","value":0}],"isTextChangeable":0},{"id":"e66cdff7-7482-4cfa-ac32-c855b6e198a3","value":3,"text":"access to area","comment":"","position":{"x":936.4,"y":193.6},"isActive":true,"date":1702377396025,"kind":"Node","isSelected":false,"isConnectorSelected":false,"isDraggable":1,"isDeletable":1,"hasElementMoved":false,"eventLog":[{"time":1702377396025,"type":"create node","value":"0"},{"time":1702377397766,"type":"selected","value":"TRUE"},{"time":1702377424415,"type":"text","value":"Zugang zu  Bereich"},{"time":1702377424415,"type":"value","value":"3"},{"time":1702377424415,"type":"selected","value":"FALSE"}],"isTextChangeable":1},{"id":"ff3dacf9-41d8-412b-a4c8-847333e47a72","value":3,"text":"reliable performance","comment":"","position":{"x":720.4,"y":184.6},"isActive":true,"date":1702377426049,"kind":"Node","isSelected":false,"isConnectorSelected":false,"isDraggable":1,"isDeletable":1,"hasElementMoved":false,"eventLog":[{"time":1702377426049,"type":"create node","value":"0"},{"time":1702377426058,"type":"selected","value":"TRUE"},{"time":1702377463500,"type":"text","value":"Zuverlässige Leistung"},{"time":1702377463500,"type":"value","value":"3"},{"time":1702377463500,"type":"selected","value":"FALSE"}],"isTextChangeable":1},{"id":"b2d651e7-0792-48de-b2de-f2d333933957","value":3,"text":"precision","comment":"","position":{"x":572.4,"y":85.6},"isActive":true,"date":1702377465069,"kind":"Node","isSelected":false,"isConnectorSelected":false,"isDraggable":1,"isDeletable":1,"hasElementMoved":false,"eventLog":[{"time":1702377465069,"type":"create node","value":"0"},{"time":1702377465082,"type":"selected","value":"TRUE"},{"time":1702377466086,"type":"selected","value":"FALSE"},{"time":1702377467636,"type":"selected","value":"TRUE"},{"time":1702377481871,"type":"text","value":"Präsizion"},{"time":1702377481871,"type":"value","value":"3"},{"time":1702377481871,"type":"selected","value":"FALSE"}],"isTextChangeable":1},{"id":"f474b859-33cb-4bf7-acc8-a11cd1d7ca51","value":3,"text":"accuracy","comment":"","position":{"x":812.4,"y":61.6},"isActive":true,"date":1702377482812,"kind":"Node","isSelected":false,"isConnectorSelected":false,"isDraggable":1,"isDeletable":1,"hasElementMoved":false,"eventLog":[{"time":1702377482812,"type":"create node","value":"0"},{"time":1702377482823,"type":"selected","value":"TRUE"},{"time":1702377530549,"type":"text","value":"Genauigkeit"},{"time":1702377530549,"type":"value","value":"3"},{"time":1702377530549,"type":"selected","value":"FALSE"}],"isTextChangeable":1},{"id":"4b0740cd-1f43-48d2-a52b-0fa7faf9692b","value":3,"text":"autonomous rescue capabilities","comment":"","position":{"x":1128.4,"y":367.6},"isActive":true,"date":1702377532675,"kind":"Node","isSelected":false,"isConnectorSelected":false,"isDraggable":1,"isDeletable":1,"hasElementMoved":false,"eventLog":[{"time":1702377532675,"type":"create node","value":"0"},{"time":1702377532688,"type":"selected","value":"TRUE"},{"time":1702377562112,"type":"text","value":"Autonome Rettungsfähigkeiten"},{"time":1702377562112,"type":"value","value":"3"},{"time":1702377562112,"type":"selected","value":"FALSE"}],"isTextChangeable":1},{"id":"645199e2-d773-48b5-a71c-a0440e5eef0f","value":0,"text":"algorithms","comment":"","position":{"x":444.4,"y":576.6},"isActive":true,"date":1702377628425,"kind":"Node","isSelected":false,"isConnectorSelected":true,"isDraggable":1,"isDeletable":1,"hasElementMoved":false,"eventLog":[{"time":"1702377628425","type":"create node","value":[0]},{"time":"1702377628442","type":"selected","value":[true]},{"time":"1702377648901","type":"text","value":["Algorithmen"]},{"time":"1702377648901","type":"selected","value":[false]},{"time":"2023-12-12T10:40:50.301Z","type":"position","value":{"x":[462.4],"y":[629.6]}}],"isTextChangeable":1},{"id":"3fb5285b-6ef0-4947-a11e-e5b8a78d64af","value":-3,"text":"unfair","comment":"","position":{"x":297.4,"y":697.6},"isActive":true,"date":1702377660855,"kind":"Node","isSelected":false,"isConnectorSelected":false,"isDraggable":1,"isDeletable":1,"hasElementMoved":false,"eventLog":[{"time":1702377660855,"type":"create node","value":"0"},{"time":1702377660869,"type":"selected","value":"TRUE"},{"time":1702377680138,"type":"text","value":"ungerecht"},{"time":1702377680138,"type":"value","value":"-3"},{"time":1702377680138,"type":"selected","value":"FALSE"}],"isTextChangeable":1},{"id":"55646e0d-3a94-495e-a92d-77603217c9a9","value":-3,"text":"discriminatory","comment":"","position":{"x":605.4,"y":688.6},"isActive":true,"date":1702377681049,"kind":"Node","isSelected":false,"isConnectorSelected":true,"isDraggable":1,"isDeletable":1,"hasElementMoved":false,"eventLog":[{"time":1702377681049,"type":"create node","value":"0"},{"time":1702377681061,"type":"selected","value":"TRUE"},{"time":1702377702597,"type":"text","value":"diskriminierend"},{"time":1702377702597,"type":"value","value":"-3"},{"time":1702377702597,"type":"selected","value":"FALSE"}],"isTextChangeable":1},{"id":"de02416d-8ef9-49fd-8c30-3bbbca481913","value":-3,"text":"autonomy","comment":"","position":{"x":195.4,"y":480.6},"isActive":true,"date":1702377715488,"kind":"Node","isSelected":false,"isConnectorSelected":false,"isDraggable":1,"isDeletable":1,"hasElementMoved":false,"eventLog":[{"time":1702377715488,"type":"create node","value":"0"},{"time":1702377715501,"type":"selected","value":"TRUE"},{"time":1702377746715,"type":"text","value":"Autonomie"},{"time":1702377746715,"type":"value","value":"-3"},{"time":1702377746715,"type":"selected","value":"FALSE"},{"time":1702377783472,"type":"selected","value":"TRUE"},{"time":1702377786009,"type":"selected","value":"FALSE"}],"isTextChangeable":1},{"id":"8840597e-57e7-4c6c-9a0b-f9bf21b1de86","value":-3,"text":"abuse","comment":"","position":{"x":243.4,"y":269.6},"isActive":true,"date":1702377761048,"kind":"Node","isSelected":false,"isConnectorSelected":false,"isDraggable":1,"isDeletable":1,"hasElementMoved":false,"eventLog":[{"time":1702377761049,"type":"create node","value":"0"},{"time":1702377761062,"type":"selected","value":"TRUE"},{"time":1702377773128,"type":"text","value":"Missbrauch"},{"time":1702377773128,"type":"value","value":"-3"},{"time":1702377773128,"type":"selected","value":"FALSE"}],"isTextChangeable":1}],"connectors":[{"id":"71d67b70-ec48-4965-bca5-99544f03de14","source":"81b04341-32c3-48bc-b6a2-b3b10d2b401e","target":"93fb57b1-f3cf-4ddb-81d8-3305d5d4bd0b","agreement":true,"isActive":true,"date":1702377333589,"kind":"Connector","isSelected":false,"intensity":3,"isDeletable":false,"isOver":false,"isBidirectional":false,"eventLog":[{"time":1702377333589,"type":"create connection"}]},{"id":"ea584d77-bd46-4a1a-b00a-b440a888710b","source":"81b04341-32c3-48bc-b6a2-b3b10d2b401e","target":"55cafb4e-3660-45f9-b085-f5faec11e5a2","agreement":true,"isActive":true,"date":1702377333590,"kind":"Connector","isSelected":false,"intensity":3,"isDeletable":true,"isOver":false,"isBidirectional":false,"eventLog":[{"time":1702377333590,"type":"create connection"}]},{"id":"3a7ff29f-eb24-4ad6-acae-302dd5acba2f","source":"55cafb4e-3660-45f9-b085-f5faec11e5a2","target":"ff3dacf9-41d8-412b-a4c8-847333e47a72","agreement":true,"isActive":true,"date":1702377564839,"kind":"Connector","isSelected":false,"intensity":6,"isDeletable":true,"isOver":false,"isBidirectional":false,"eventLog":[{"time":1702377564839,"type":"create connection"},{"time":1702377581161,"type":"selected","value":1},{"time":1702377586273,"type":"change intensity of connector","value":6},{"time":1702377586273,"type":"selected","value":0}]},{"id":"72557b5f-9a3c-4340-9b73-ad121e54129d","source":"55cafb4e-3660-45f9-b085-f5faec11e5a2","target":"e66cdff7-7482-4cfa-ac32-c855b6e198a3","agreement":true,"isActive":true,"date":1702377569072,"kind":"Connector","isSelected":false,"intensity":6,"isDeletable":true,"isOver":false,"isBidirectional":false,"eventLog":[{"time":1702377569072,"type":"create connection"},{"time":1702377587296,"type":"selected","value":1},{"time":1702377591755,"type":"change intensity of connector","value":6},{"time":1702377591755,"type":"selected","value":0}]},{"id":"9cc12698-1389-4fa5-9390-aaee2a8887ed","source":"55cafb4e-3660-45f9-b085-f5faec11e5a2","target":"4b0740cd-1f43-48d2-a52b-0fa7faf9692b","agreement":true,"isActive":true,"date":1702377571232,"kind":"Connector","isSelected":false,"intensity":6,"isDeletable":true,"isOver":false,"isBidirectional":false,"eventLog":[{"time":1702377571232,"type":"create connection"},{"time":1702377594330,"type":"selected","value":1},{"time":1702377597318,"type":"change intensity of connector","value":6},{"time":1702377597318,"type":"selected","value":0}]},{"id":"a8bfcf97-a2d9-4a31-8f23-567cc554a4ab","source":"ff3dacf9-41d8-412b-a4c8-847333e47a72","target":"b2d651e7-0792-48de-b2de-f2d333933957","agreement":true,"isActive":true,"date":1702377573560,"kind":"Connector","isSelected":false,"intensity":3,"isDeletable":true,"isOver":false,"isBidirectional":false,"eventLog":[{"time":1702377573560,"type":"create connection"}]},{"id":"82081ff5-ef6e-4a36-bfc5-31308fc53c00","source":"ff3dacf9-41d8-412b-a4c8-847333e47a72","target":"f474b859-33cb-4bf7-acc8-a11cd1d7ca51","agreement":true,"isActive":true,"date":1702377576003,"kind":"Connector","isSelected":false,"intensity":3,"isDeletable":true,"isOver":false,"isBidirectional":false,"eventLog":[{"time":1702377576003,"type":"create connection"}]},{"id":"3714a702-09ed-442a-9202-a1422a0e0a9b","source":"93fb57b1-f3cf-4ddb-81d8-3305d5d4bd0b","target":"645199e2-d773-48b5-a71c-a0440e5eef0f","agreement":true,"isActive":true,"date":1702377704313,"kind":"Connector","isSelected":false,"intensity":3,"isDeletable":true,"isOver":false,"isBidirectional":false,"eventLog":[{"time":1702377704313,"type":"create connection"}]},{"id":"f0cd3b9b-cdb0-4299-8c74-0b19eba63afb","source":"645199e2-d773-48b5-a71c-a0440e5eef0f","target":"55646e0d-3a94-495e-a92d-77603217c9a9","agreement":false,"isActive":true,"date":1702377706523,"kind":"Connector","isSelected":false,"intensity":9,"isDeletable":true,"isOver":false,"isBidirectional":false,"eventLog":[{"time":1702377706523,"type":"create connection"},{"time":1702377802257,"type":"selected","value":1},{"time":1702377805300,"type":"change intensity of connector","value":-9},{"time":1702377805300,"type":"selected","value":0}]},{"id":"ead801bc-7180-4d6c-af8b-7a7a00b87ee0","source":"645199e2-d773-48b5-a71c-a0440e5eef0f","target":"3fb5285b-6ef0-4947-a11e-e5b8a78d64af","agreement":false,"isActive":true,"date":1702377709196,"kind":"Connector","isSelected":false,"intensity":9,"isDeletable":true,"isOver":false,"isBidirectional":false,"eventLog":[{"time":1702377709196,"type":"create connection"},{"time":1702377797999,"type":"selected","value":1},{"time":1702377801381,"type":"change intensity of connector","value":-9},{"time":1702377801381,"type":"selected","value":0}]},{"id":"ff715a1f-f0b0-435a-be77-45d1f43614cd","source":"de02416d-8ef9-49fd-8c30-3bbbca481913","target":"93fb57b1-f3cf-4ddb-81d8-3305d5d4bd0b","agreement":false,"isActive":true,"date":1702377749757,"kind":"Connector","isSelected":false,"intensity":9,"isDeletable":true,"isOver":false,"isBidirectional":false,"eventLog":[{"time":1702377749757,"type":"create connection"},{"time":1702377786017,"type":"selected","value":1},{"time":1702377795425,"type":"change intensity of connector","value":-9},{"time":1702377795425,"type":"selected","value":0}]},{"id":"d3dce5b6-3188-4f42-aebb-86726f1bf6ce","source":"93fb57b1-f3cf-4ddb-81d8-3305d5d4bd0b","target":"8840597e-57e7-4c6c-9a0b-f9bf21b1de86","agreement":false,"isActive":true,"date":1702377774546,"kind":"Connector","isSelected":false,"intensity":9,"isDeletable":true,"isOver":false,"isBidirectional":false,"eventLog":[{"time":1702377774546,"type":"create connection"},{"time":1702377778672,"type":"selected","value":1},{"time":1702377783463,"type":"change intensity of connector","value":-9},{"time":1702377783463,"type":"selected","value":0}]}],"currentID":["f0cd3b9b-cdb0-4299-8c74-0b19eba63afb"],"currentNode":{},"hasSelectedNode":[false],"currentConnector":{"id":["f0cd3b9b-cdb0-4299-8c74-0b19eba63afb"],"value":{},"source":["645199e2-d773-48b5-a71c-a0440e5eef0f"],"target":["55646e0d-3a94-495e-a92d-77603217c9a9"],"agreement":[false],"isActive":[true],"date":[1702377706523],"kind":["Connector"],"isSelected":[false],"intensity":[9],"isDeletable":[true],"isOver":[false],"isBidirectional":[false],"eventLog":[{"time":1702377706523,"type":"create connection"},{"time":1702377802257,"type":"selected","value":1},{"time":1702377805300,"type":"change intensity of connector","value":-9},{"time":1702377805300,"type":"selected","value":0}]},"hasSelectedConnector":[true],"readyToMove":[false],"isIncoming":[false],"hasElementMoved":[false]}
