{"idCAM":["fed27d39-046c-474a-a0de-4f2dd50fd7ee"],"creator":["650455b9cde6207c1ebd732b_post"],"projectCAM":["S2_CAM part 2"],"defocusCAM":[],"date":[1702313258258],"nodes":[{"id":"935826f8-e8f9-4e7f-ae7f-944689a53f6e","value":0,"text":"rescue robot","comment":"","position":{"x":650,"y":400},"isActive":true,"date":1702313259167,"kind":"Node","isSelected":false,"isConnectorSelected":false,"isDraggable":0,"isDeletable":0,"hasElementMoved":false,"eventLog":[{"time":1702313259167,"type":"create node","value":0}],"isTextChangeable":0},{"id":"da365d63-6ce9-40a6-a5e6-8018d478deae","value":0,"text":"disadvantages","comment":"","position":{"x":450,"y":400},"isActive":true,"date":1702313259167,"kind":"Node","isSelected":false,"isConnectorSelected":false,"isDraggable":0,"isDeletable":0,"hasElementMoved":false,"eventLog":[{"time":1702313259167,"type":"create node","value":0}],"isTextChangeable":0},{"id":"5cdd89ee-9fcc-4a44-9d30-33796c0e1170","value":0,"text":"advantages","comment":"","position":{"x":850,"y":400},"isActive":true,"date":1702313259167,"kind":"Node","isSelected":false,"isConnectorSelected":false,"isDraggable":0,"isDeletable":0,"hasElementMoved":false,"eventLog":[{"time":1702313259167,"type":"create node","value":0}],"isTextChangeable":0},{"id":"4bf88520-750e-4090-a3ba-6cf0d2c2a62d","value":3,"text":"access to danger","comment":"","position":{"x":928,"y":269},"isActive":true,"date":1702313259167,"kind":"Node","isSelected":false,"isConnectorSelected":false,"isDraggable":1,"isDeletable":1,"hasElementMoved":false,"eventLog":[{"time":1702313259167,"type":"create node","value":3}],"isTextChangeable":1},{"id":"a32007a7-7d06-4d65-acfc-17fc350a7e23","value":2,"text":"accuracy of rescue robots","comment":"","position":{"x":1061,"y":329},"isActive":true,"date":1702313259168,"kind":"Node","isSelected":false,"isConnectorSelected":false,"isDraggable":1,"isDeletable":1,"hasElementMoved":false,"eventLog":[{"time":1702313259168,"type":"create node","value":2}],"isTextChangeable":1},{"id":"b62d47d0-54e1-4784-9819-cd3466777790","value":-3,"text":"inability of unprogrammed situations","comment":"","position":{"x":254,"y":281},"isActive":true,"date":1702313259168,"kind":"Node","isSelected":false,"isConnectorSelected":false,"isDraggable":1,"isDeletable":1,"hasElementMoved":false,"eventLog":[{"time":1702313259168,"type":"create node","value":-3}],"isTextChangeable":1},{"id":"0ead026e-2104-4361-9a4c-528115d4568f","value":-2,"text":"discriminatory results","comment":"","position":{"x":295,"y":470},"isActive":true,"date":1702313259168,"kind":"Node","isSelected":false,"isConnectorSelected":false,"isDraggable":1,"isDeletable":1,"hasElementMoved":false,"eventLog":[{"time":1702313259168,"type":"create node","value":-2}],"isTextChangeable":1},{"id":"9449aa6c-07d2-4f8d-86ee-14b53a62c107","value":-3,"text":"abuse of rescue robots","comment":"","position":{"x":411,"y":258},"isActive":true,"date":1702313259168,"kind":"Node","isSelected":false,"isConnectorSelected":false,"isDraggable":1,"isDeletable":1,"hasElementMoved":false,"eventLog":[{"time":1702313259168,"type":"create node","value":-3}],"isTextChangeable":1},{"id":"a6f1f930-9822-4ae6-be73-212b342061aa","value":1,"text":"can be victims","comment":"","position":{"x":985,"y":499},"isActive":true,"date":1702313259168,"kind":"Node","isSelected":false,"isConnectorSelected":false,"isDraggable":1,"isDeletable":1,"hasElementMoved":false,"eventLog":[{"time":1702313259168,"type":"create node","value":1}],"isTextChangeable":1},{"id":"25f239f3-ac36-4c72-b17d-c0f82655cdb4","value":2,"text":"recognize obstacles","comment":"","position":{"x":1141,"y":192},"isActive":true,"date":1702313259168,"kind":"Node","isSelected":false,"isConnectorSelected":false,"isDraggable":1,"isDeletable":1,"hasElementMoved":false,"eventLog":[{"time":1702313259168,"type":"create node","value":2}],"isTextChangeable":1},{"id":"a07d08e1-0b2d-4710-b74d-2ba85511793e","value":1,"text":"better logarithms","comment":"","position":{"x":182,"y":158},"isActive":true,"date":1702313259168,"kind":"Node","isSelected":false,"isConnectorSelected":false,"isDraggable":1,"isDeletable":1,"hasElementMoved":false,"eventLog":[{"time":1702313259168,"type":"create node","value":1}],"isTextChangeable":1},{"id":"35b02fa6-0288-4ade-ad16-024358b8e70c","value":10,"text":"used with camera","comment":"","position":{"x":528,"y":126},"isActive":true,"date":1702313259168,"kind":"Node","isSelected":false,"isConnectorSelected":false,"isDraggable":1,"isDeletable":1,"hasElementMoved":false,"eventLog":[{"time":1702313259168,"type":"create node","value":10}],"isTextChangeable":1},{"id":"c7bc2dce-722a-454d-9ef4-4c26d5941406","value":10,"text":"quick no feelings","comment":"","position":{"x":783,"y":254},"isActive":true,"date":1702313259168,"kind":"Node","isSelected":false,"isConnectorSelected":false,"isDraggable":1,"isDeletable":1,"hasElementMoved":false,"eventLog":[{"time":1702313259168,"type":"create node","value":10}],"isTextChangeable":1},{"id":"5f7602f3-322b-443e-a112-1da2149c4fd2","value":0,"text":"soft rescue robots","comment":"","position":{"x":650,"y":518},"isActive":true,"date":1702313273522,"kind":"Node","isSelected":false,"isConnectorSelected":false,"isDraggable":1,"isDeletable":1,"hasElementMoved":false,"eventLog":[{"time":"1702313273522","type":"create node","value":[0]},{"time":"1702313275732","type":"selected","value":[true]},{"time":"1702313278742","type":"selected","value":[false]},{"time":"1702313291137","type":"selected","value":[true]},{"time":"1702313292113","type":"selected","value":[false]},{"time":"2023-12-11T16:48:12.992Z","type":"position","value":{"x":[619],"y":[518]}},{"time":"1702313306349","type":"selected","value":[true]},{"time":"1702313313510","type":"text","value":["softe Rettungsroboter"]},{"time":"1702313313510","type":"selected","value":[false]},{"time":"1702313473696","type":"selected","value":[true]},{"time":"1702313474286","type":"selected","value":[false]},{"time":"2023-12-11T16:51:15.711Z","type":"position","value":{"x":[705],"y":[531]}}],"isTextChangeable":1},{"id":"2a28f627-ae08-42ae-9b38-daea2d5ee767","value":-2,"text":"flexible soft parts","comment":"these parts can be damaged faster","position":{"x":491,"y":557},"isActive":true,"date":1702313318813,"kind":"Node","isSelected":false,"isConnectorSelected":false,"isDraggable":1,"isDeletable":1,"hasElementMoved":false,"eventLog":[{"time":"1702313318813","type":"create node","value":[0]},{"time":"2023-12-11T16:48:59.042Z","type":"position","value":{"x":[752],"y":[553]}},{"time":"2023-12-11T16:48:59.246Z","type":"position","value":{"x":[583],"y":[594]}},{"time":"1702313341273","type":"selected","value":[true]},{"time":"1702313370345","type":"text","value":["flexible weiche  Teile"]},{"time":"1702313370345","type":"comment","value":["diese Teile können schneller beschädigt werden"]},{"time":"1702313370345","type":"selected","value":[false]},{"time":"1702313372524","type":"selected","value":[true]},{"time":"1702313378092","type":"value","value":[-2]},{"time":"1702313378092","type":"selected","value":[false]}],"isTextChangeable":1},{"id":"fa44079d-f319-4ffe-8b99-1bc390c0c200","value":3,"text":"accessible narrow spaces","comment":"Due to their flexibility, they can access tight spaces that are not accessible to humans.","position":{"x":776,"y":605},"isActive":true,"date":1702313385915,"kind":"Node","isSelected":false,"isConnectorSelected":false,"isDraggable":1,"isDeletable":1,"hasElementMoved":false,"eventLog":[{"time":"1702313385915","type":"create node","value":[0]},{"time":"2023-12-11T16:50:03.783Z","type":"position","value":{"x":[761],"y":[527]}},{"time":"1702313405150","type":"selected","value":[true]},{"time":"1702313468983","type":"text","value":["enge Räume zugängig"]},{"time":"1702313468983","type":"comment","value":["Durch ihre Flexibilität können sie enge Räume auftreten, die nicht zu den Menschen zugängig sind."]},{"time":"1702313468983","type":"selected","value":[false]},{"time":"2023-12-11T16:51:09.645Z","type":"position","value":{"x":[747],"y":[563]}},{"time":"1702313470509","type":"selected","value":[true]},{"time":"1702313473424","type":"value","value":[3]},{"time":"1702313473424","type":"selected","value":[false]},{"time":"1702313543283","type":"selected","value":[true]},{"time":"1702313544118","type":"selected","value":[false]}],"isTextChangeable":1},{"id":"70f33526-09f0-4a0a-8244-30973b2dfe06","value":2,"text":"pump system","comment":"Liquid nutrients and water can be given to people","position":{"x":938,"y":666},"isActive":true,"date":1702313502319,"kind":"Node","isSelected":false,"isConnectorSelected":false,"isDraggable":1,"isDeletable":1,"hasElementMoved":false,"eventLog":[{"time":"1702313502319","type":"create node","value":[0]},{"time":"2023-12-11T16:51:43.084Z","type":"position","value":{"x":[695],"y":[643]}},{"time":"2023-12-11T16:51:45.853Z","type":"position","value":{"x":[672],"y":[644]}},{"time":"2023-12-11T16:51:45.944Z","type":"position","value":{"x":[837],"y":[668]}},{"time":"1702313506940","type":"selected","value":[true]},{"time":"1702313542859","type":"text","value":["Pumpsystem"]},{"time":"1702313542859","type":"value","value":[2]},{"time":"1702313542859","type":"comment","value":["flüssige Nahrungsstofe und Wasser können zu den Menschen gegeben werden"]},{"time":"1702313542859","type":"selected","value":[false]},{"time":"2023-12-11T16:52:30.097Z","type":"position","value":{"x":[899],"y":[665]}}],"isTextChangeable":1},{"id":"eb277f51-9404-416f-8318-d70f4412c586","value":1,"text":"remote controlled","comment":"even people think about unexpected situations","position":{"x":689,"y":666},"isActive":true,"date":1702313567863,"kind":"Node","isSelected":false,"isConnectorSelected":false,"isDraggable":1,"isDeletable":1,"hasElementMoved":false,"eventLog":[{"time":1702313567863,"type":"create node","value":"0"},{"time":1702313569476,"type":"selected","value":"TRUE"},{"time":1702313569882,"type":"selected","value":"FALSE"},{"time":1702313571055,"type":"selected","value":"TRUE"},{"time":1702313599679,"type":"text","value":"ferngesteuert"},{"time":1702313599679,"type":"comment","value":"auch die Menschen über die unerwarteten Situationen Gedanken machen"},{"time":1702313599679,"type":"selected","value":"FALSE"},{"time":1702313606865,"type":"selected","value":"TRUE"},{"time":1702313607608,"type":"selected","value":"FALSE"},{"time":1702313608014,"type":"selected","value":"TRUE"},{"time":1702313610838,"type":"value","value":"1"},{"time":1702313610838,"type":"selected","value":"FALSE"}],"isTextChangeable":1},{"id":"77fa0156-28b2-4a69-80f0-1bc305751496","value":-1,"text":"few tasks suitable","comment":"","position":{"x":452,"y":639},"isActive":true,"date":1702313676515,"kind":"Node","isSelected":false,"isConnectorSelected":false,"isDraggable":1,"isDeletable":1,"hasElementMoved":false,"eventLog":[{"time":1702313676515,"type":"create node","value":"0"},{"time":1702313679055,"type":"selected","value":"TRUE"},{"time":1702313695338,"type":"text","value":"wenige Aufgaben passend"},{"time":1702313695338,"type":"value","value":"-1"},{"time":1702313695338,"type":"selected","value":"FALSE"}],"isTextChangeable":1}],"connectors":[{"id":"0850c81e-7279-43a0-bf01-7a1d58cffd48","source":"935826f8-e8f9-4e7f-ae7f-944689a53f6e","target":"da365d63-6ce9-40a6-a5e6-8018d478deae","agreement":true,"isActive":true,"date":1702313259169,"kind":"Connector","isSelected":false,"intensity":3,"isDeletable":false,"isOver":false,"isBidirectional":false,"eventLog":[{"time":1702313259169,"type":"create connection"}]},{"id":"18d1bb8f-7a3e-4bff-b15e-594afc56d107","source":"935826f8-e8f9-4e7f-ae7f-944689a53f6e","target":"5cdd89ee-9fcc-4a44-9d30-33796c0e1170","agreement":true,"isActive":true,"date":1702313259169,"kind":"Connector","isSelected":false,"intensity":3,"isDeletable":true,"isOver":false,"isBidirectional":false,"eventLog":[{"time":1702313259169,"type":"create connection"}]},{"id":"c6164842-818e-42c0-9b0e-b99d7b0040b1","source":"5cdd89ee-9fcc-4a44-9d30-33796c0e1170","target":"4bf88520-750e-4090-a3ba-6cf0d2c2a62d","agreement":true,"isActive":true,"date":1702313259169,"kind":"Connector","isSelected":false,"intensity":9,"isDeletable":true,"isOver":false,"isBidirectional":false,"eventLog":[{"time":1702313259169,"type":"create connection"}]},{"id":"339a41ca-f707-47cf-bab8-9c21a9eb8833","source":"b62d47d0-54e1-4784-9819-cd3466777790","target":"da365d63-6ce9-40a6-a5e6-8018d478deae","agreement":false,"isActive":true,"date":1702313259169,"kind":"Connector","isSelected":false,"intensity":9,"isDeletable":true,"isOver":false,"isBidirectional":false,"eventLog":[{"time":1702313259169,"type":"create connection"}]},{"id":"f737e72c-dec2-4ffc-8d30-40a741d21f03","source":"0ead026e-2104-4361-9a4c-528115d4568f","target":"da365d63-6ce9-40a6-a5e6-8018d478deae","agreement":false,"isActive":true,"date":1702313259169,"kind":"Connector","isSelected":false,"intensity":6,"isDeletable":true,"isOver":false,"isBidirectional":false,"eventLog":[{"time":1702313259169,"type":"create connection"}]},{"id":"a2a94270-d49f-4c6e-adc8-0562b19c6bc4","source":"da365d63-6ce9-40a6-a5e6-8018d478deae","target":"9449aa6c-07d2-4f8d-86ee-14b53a62c107","agreement":false,"isActive":true,"date":1702313259169,"kind":"Connector","isSelected":false,"intensity":9,"isDeletable":true,"isOver":false,"isBidirectional":false,"eventLog":[{"time":1702313259169,"type":"create connection"}]},{"id":"e44815f6-a009-41fa-9575-1cd1e13024ce","source":"5cdd89ee-9fcc-4a44-9d30-33796c0e1170","target":"a32007a7-7d06-4d65-acfc-17fc350a7e23","agreement":true,"isActive":true,"date":1702313259170,"kind":"Connector","isSelected":false,"intensity":6,"isDeletable":true,"isOver":false,"isBidirectional":false,"eventLog":[{"time":1702313259170,"type":"create connection"}]},{"id":"c9d88034-62a2-4568-b31f-420b2bbb6fe3","source":"5cdd89ee-9fcc-4a44-9d30-33796c0e1170","target":"a6f1f930-9822-4ae6-be73-212b342061aa","agreement":true,"isActive":true,"date":1702313259170,"kind":"Connector","isSelected":false,"intensity":3,"isDeletable":true,"isOver":false,"isBidirectional":false,"eventLog":[{"time":1702313259170,"type":"create connection"}]},{"id":"42ae0777-77e4-4b39-a1b8-047d0890fc1b","source":"25f239f3-ac36-4c72-b17d-c0f82655cdb4","target":"a32007a7-7d06-4d65-acfc-17fc350a7e23","agreement":true,"isActive":true,"date":1702313259170,"kind":"Connector","isSelected":false,"intensity":3,"isDeletable":true,"isOver":false,"isBidirectional":false,"eventLog":[{"time":1702313259170,"type":"create connection"}]},{"id":"6f62b23c-de17-441b-8a41-db252705c3b1","source":"a07d08e1-0b2d-4710-b74d-2ba85511793e","target":"b62d47d0-54e1-4784-9819-cd3466777790","agreement":true,"isActive":true,"date":1702313259170,"kind":"Connector","isSelected":false,"intensity":3,"isDeletable":true,"isOver":false,"isBidirectional":false,"eventLog":[{"time":1702313259170,"type":"create connection"}]},{"id":"8ef11d32-613d-4f9b-962e-90d86e2b0f8f","source":"35b02fa6-0288-4ade-ad16-024358b8e70c","target":"9449aa6c-07d2-4f8d-86ee-14b53a62c107","agreement":true,"isActive":true,"date":1702313259170,"kind":"Connector","isSelected":false,"intensity":3,"isDeletable":true,"isOver":false,"isBidirectional":false,"eventLog":[{"time":1702313259170,"type":"create connection"}]},{"id":"986359e5-eb75-4975-8a0c-f81ae3bb3ed4","source":"c7bc2dce-722a-454d-9ef4-4c26d5941406","target":"5cdd89ee-9fcc-4a44-9d30-33796c0e1170","agreement":true,"isActive":true,"date":1702313259170,"kind":"Connector","isSelected":false,"intensity":9,"isDeletable":true,"isOver":false,"isBidirectional":false,"eventLog":[{"time":1702313259170,"type":"create connection"}]},{"id":"25d769c0-1c81-472d-b9f9-73a356bfddb5","source":"935826f8-e8f9-4e7f-ae7f-944689a53f6e","target":"5f7602f3-322b-443e-a112-1da2149c4fd2","agreement":true,"isActive":true,"date":1702313314472,"kind":"Connector","isSelected":false,"intensity":3,"isDeletable":true,"isOver":false,"isBidirectional":false,"eventLog":[{"time":1702313314472,"type":"create connection"}]},{"id":"b113add2-09f7-4f02-867d-b6a52b5874f8","source":"5f7602f3-322b-443e-a112-1da2149c4fd2","target":"2a28f627-ae08-42ae-9b38-daea2d5ee767","agreement":false,"isActive":true,"date":1702313371783,"kind":"Connector","isSelected":false,"intensity":6,"isDeletable":true,"isOver":false,"isBidirectional":false,"eventLog":[{"time":1702313371783,"type":"create connection"},{"time":1702313379875,"type":"selected","value":1},{"time":1702313382823,"type":"change intensity of connector","value":-6},{"time":1702313382823,"type":"selected","value":0}]},{"id":"9965b882-09b3-43d7-8367-cc404a32ff1a","source":"5f7602f3-322b-443e-a112-1da2149c4fd2","target":"fa44079d-f319-4ffe-8b99-1bc390c0c200","agreement":true,"isActive":true,"date":1702313478168,"kind":"Connector","isSelected":false,"intensity":9,"isDeletable":true,"isOver":false,"isBidirectional":false,"eventLog":[{"time":1702313478168,"type":"create connection"},{"time":1702313480832,"type":"selected","value":1},{"time":1702313482584,"type":"change intensity of connector","value":9},{"time":1702313482584,"type":"selected","value":0}]},{"id":"53ea83c8-32d4-452e-80fe-569eacc14569","source":"fa44079d-f319-4ffe-8b99-1bc390c0c200","target":"70f33526-09f0-4a0a-8244-30973b2dfe06","agreement":true,"isActive":true,"date":1702313545423,"kind":"Connector","isSelected":false,"intensity":6,"isDeletable":true,"isOver":false,"isBidirectional":false,"eventLog":[{"time":1702313545423,"type":"create connection"},{"time":1702313547677,"type":"selected","value":1},{"time":1702313549510,"type":"change intensity of connector","value":6},{"time":1702313549510,"type":"selected","value":0}]},{"id":"434e2e48-8ef3-444e-a1b4-12c15d5ebbaf","source":"5f7602f3-322b-443e-a112-1da2149c4fd2","target":"eb277f51-9404-416f-8318-d70f4412c586","agreement":true,"isActive":true,"date":1702313602078,"kind":"Connector","isSelected":false,"intensity":3,"isDeletable":true,"isOver":false,"isBidirectional":false,"eventLog":[{"time":1702313602078,"type":"create connection"},{"time":1702313604521,"type":"selected","value":1},{"time":1702313606780,"type":"change intensity of connector","value":3},{"time":1702313606780,"type":"selected","value":0}]},{"id":"c666a55e-41cc-4407-9d78-0e1fcc3cea18","source":"5f7602f3-322b-443e-a112-1da2149c4fd2","target":"77fa0156-28b2-4a69-80f0-1bc305751496","agreement":true,"isActive":true,"date":1702313696616,"kind":"Connector","isSelected":false,"intensity":3,"isDeletable":true,"isOver":false,"isBidirectional":false,"eventLog":[{"time":1702313696616,"type":"create connection"}]}],"currentID":{},"currentNode":{},"hasSelectedNode":[false],"currentConnector":{},"hasSelectedConnector":[false],"readyToMove":[false],"isIncoming":[false],"hasElementMoved":[false]}
