{"idCAM":["e84db07a-cce0-42ba-9e75-02235905500d"],"creator":["6505c50f48dfd793a7787b8a_pre"],"projectCAM":["S2_CAM part 1"],"defocusCAM":[null],"date":[1702311572375],"nodes":[{"id":"5fd7b641-089a-4a84-87e1-dc2b56e4f716","value":2,"text":"rescue robot","comment":"","position":{"x":650,"y":400},"isActive":true,"date":1702311573259,"kind":"Node","isSelected":false,"isConnectorSelected":false,"isDraggable":0,"isDeletable":0,"hasElementMoved":false,"eventLog":[{"time":1702311573259,"type":"create node","value":0},{"time":1702311588258,"type":"selected","value":1},{"time":1702311592922,"type":"value","value":2},{"time":1702311592922,"type":"selected","value":0}],"isTextChangeable":0},{"id":"fb364cb5-cd20-43e4-b468-4063aeb7d0b3","value":0,"text":"disadvantages","comment":"","position":{"x":450,"y":400},"isActive":true,"date":1702311573260,"kind":"Node","isSelected":false,"isConnectorSelected":false,"isDraggable":0,"isDeletable":0,"hasElementMoved":false,"eventLog":[{"time":1702311573260,"type":"create node","value":0}],"isTextChangeable":0},{"id":"cf38f20e-4fd6-43c6-90f7-98f630832877","value":0,"text":"advantages","comment":"","position":{"x":850,"y":400},"isActive":true,"date":1702311573260,"kind":"Node","isSelected":false,"isConnectorSelected":false,"isDraggable":0,"isDeletable":0,"hasElementMoved":false,"eventLog":[{"time":1702311573260,"type":"create node","value":0}],"isTextChangeable":0},{"id":"93958c10-48bc-4516-8446-bf77854b3fd5","value":3,"text":"protection of emergency services","comment":"Reduced deployment of human rescue forces in dangerous situations","position":{"x":852,"y":187},"isActive":true,"date":1702311602415,"kind":"Node","isSelected":false,"isConnectorSelected":false,"isDraggable":1,"isDeletable":1,"hasElementMoved":false,"eventLog":[{"time":"1702311602415","type":"create node","value":[0]},{"time":"1702311603643","type":"selected","value":[true]},{"time":"1702311655190","type":"text","value":["Schutz von Rettungskräftem"]},{"time":"1702311655190","type":"value","value":[3]},{"time":"1702311655190","type":"comment","value":["Reduzierter Einsatz menschlicher Rettungskräfte in Gefahrensituationen"]},{"time":"1702311655190","type":"selected","value":[false]},{"time":"2023-12-11T16:20:56.798Z","type":"position","value":{"x":[858],"y":[277]}},{"time":"2023-12-11T16:21:02.066Z","type":"position","value":{"x":[848],"y":[193]}}],"isTextChangeable":1},{"id":"57a09753-6f6b-454f-8541-cc2acd2e283c","value":-1,"text":"suffer less imaginable","comment":"If machines handle rescue operations relatively autonomously, disasters could be less tangible for people, as they would be less directly involved. This could reduce their willingness to help, for example in the form of donations.","position":{"x":454,"y":630},"isActive":true,"date":1702311690974,"kind":"Node","isSelected":false,"isConnectorSelected":false,"isDraggable":1,"isDeletable":1,"hasElementMoved":false,"eventLog":[{"time":"1702311690974","type":"create node","value":[0]},{"time":"1702311691876","type":"selected","value":[true]},{"time":"1702311839522","type":"text","value":["Leid weniger vorstellbar"]},{"time":"1702311839522","type":"value","value":[-1]},{"time":"1702311839522","type":"comment","value":["Wenn sich Maschinen relativ autonom um Rettungsaktionen kümmern, könnten Katastrophen für Menschen weniger greifbar sein, da sie weniger direkt involviert wären."]},{"time":"1702311839522","type":"selected","value":[false]},{"time":"2023-12-11T16:24:09.270Z","type":"position","value":{"x":[462],"y":[621]}},{"time":"1702312567601","type":"selected","value":[true]},{"time":"1702312585842","type":"comment","value":["Wenn sich Maschinen relativ autonom um Rettungsaktionen kümmern, könnten Katastrophen für Menschen weniger greifbar sein, da sie weniger direkt involviert wären. Das könnte ihre Hilfsbereitschaft, zum Beispiel in Form von Spenden, senken."]},{"time":"1702312585842","type":"selected","value":[false]}],"isTextChangeable":1},{"id":"2d0a49b8-2304-494a-83b8-a3cdcf986d78","value":0,"text":"","comment":"","position":{"x":642,"y":629},"isActive":false,"date":1702311851060,"kind":"Node","isSelected":false,"isConnectorSelected":false,"isDraggable":1,"isDeletable":1,"hasElementMoved":false,"eventLog":[{"time":1702311851060,"type":"create node","value":0},{"time":1702311852637,"type":"selected","value":1},{"time":1702311855010,"type":"node was deleted","value":-99}],"isTextChangeable":1},{"id":"01f2014a-856e-4f3f-8039-e4fa235f7c0a","value":-2,"text":"dependence","comment":"In the event of unavailability or technical failure, people would still have to step in. People should not be completely dependent on rescue robots and should continue to be trained for disaster cases.","position":{"x":276,"y":561},"isActive":true,"date":1702311860647,"kind":"Node","isSelected":false,"isConnectorSelected":false,"isDraggable":1,"isDeletable":1,"hasElementMoved":false,"eventLog":[{"time":1702311860647,"type":"create node","value":"0"},{"time":1702311862284,"type":"selected","value":"TRUE"},{"time":1702312009741,"type":"text","value":"Abhängigkeit"},{"time":1702312009741,"type":"value","value":"-2"},{"time":1702312009741,"type":"comment","value":"Im Falle der Nichtverfügbarkeit oder technischen Versagens müssten nach wie vor Menschen einspringen. Menschen sollten nicht komplett abhängig von Rettungsrobotern sein und weiterhin für Katastrophenfälle geschult sein."},{"time":1702312009741,"type":"selected","value":"FALSE"},{"time":1702312210194,"type":"selected","value":"TRUE"},{"time":1702312218807,"type":"selected","value":"FALSE"},{"time":1702312224494,"type":"selected","value":"TRUE"},{"time":1702312232292,"type":"text","value":"Abhängigkeit "},{"time":1702312232292,"type":"selected","value":"FALSE"}],"isTextChangeable":1},{"id":"6ba5c8e1-c4a5-43c5-84ce-2772e240d07a","value":3,"text":"efficiency","comment":"Robots could be more capable in disaster cases than human helpers.","position":{"x":1018,"y":281},"isActive":true,"date":1702312037536,"kind":"Node","isSelected":false,"isConnectorSelected":false,"isDraggable":1,"isDeletable":1,"hasElementMoved":false,"eventLog":[{"time":1702312037536,"type":"create node","value":"0"},{"time":1702312038957,"type":"selected","value":"TRUE"},{"time":1702312090574,"type":"text","value":"Effizienz"},{"time":1702312090574,"type":"value","value":"3"},{"time":1702312090574,"type":"comment","value":"Roboter könnten in Katastrophenfällen fähiger sein als menschliche Helfer."},{"time":1702312090574,"type":"selected","value":"FALSE"}],"isTextChangeable":1},{"id":"9717931b-8eda-40a4-84dd-9d31a0234fd9","value":0,"text":"transparency necessary","comment":"It should be evident how rescue robots were programmed and make decisions so that their work can be critically evaluated.","position":{"x":648,"y":566},"isActive":true,"date":1702312114544,"kind":"Node","isSelected":false,"isConnectorSelected":false,"isDraggable":1,"isDeletable":1,"hasElementMoved":false,"eventLog":[{"time":1702312114544,"type":"create node","value":"0"},{"time":1702312116012,"type":"selected","value":"TRUE"},{"time":1702312191925,"type":"text","value":"Transparenz notwendig"},{"time":1702312191925,"type":"comment","value":"Es sollte ersichtlich sein, wie Rettungsroboter programmiert wurden und Entscheidungen treffen, damit ihre Arbeit kritisch bewertet werden kann."},{"time":1702312191925,"type":"selected","value":"FALSE"}],"isTextChangeable":1},{"id":"1f04c174-eee5-4780-8c56-e454a88ef336","value":0,"text":"independent monitoring","comment":"The work of rescue robots should be investigated by independent bodies and reports with recommendations for action should be made public.","position":{"x":644,"y":192},"isActive":true,"date":1702312241584,"kind":"Node","isSelected":false,"isConnectorSelected":false,"isDraggable":1,"isDeletable":1,"hasElementMoved":false,"eventLog":[{"time":"1702312241584","type":"create node","value":[0]},{"time":"1702312243627","type":"selected","value":[true]},{"time":"1702312291048","type":"text","value":["Unabhängige Überwachung"]},{"time":"1702312291048","type":"comment","value":["Die Arbeit von Rettungsrobotern sollte von unabhängigen Stellen untersucht und Berichte mit Handlungsempfehlungen öffentlich gemacht werden."]},{"time":"1702312291048","type":"selected","value":[false]},{"time":"2023-12-11T16:31:37.180Z","type":"position","value":{"x":[670],"y":[236]}}],"isTextChangeable":1},{"id":"6e58b5f0-3d2a-4c90-93aa-d0fcd20d5101","value":-2,"text":"power of companies","comment":"Manufacturers of robots gain a lot of influence through the importance of these products, for example in politics.","position":{"x":194,"y":349},"isActive":true,"date":1702312300442,"kind":"Node","isSelected":false,"isConnectorSelected":false,"isDraggable":1,"isDeletable":1,"hasElementMoved":false,"eventLog":[{"time":"1702312300442","type":"create node","value":[0]},{"time":"1702312301272","type":"selected","value":[true]},{"time":"1702312343961","type":"text","value":["Macht von Unternehmen"]},{"time":"1702312343961","type":"value","value":[-2]},{"time":"1702312343961","type":"comment","value":["Hersteller von Robotern erhalten durch die Wichtigkeit dieser Produkte viel Einfluss."]},{"time":"1702312343961","type":"selected","value":[false]},{"time":"2023-12-11T16:32:30.932Z","type":"position","value":{"x":[287],"y":[274]}},{"time":"1702312587115","type":"selected","value":[true]},{"time":"1702312598348","type":"comment","value":["Hersteller von Robotern erhalten durch die Wichtigkeit dieser Produkte viel Einfluss, zum Beispiel in der Politik."]},{"time":"1702312598348","type":"selected","value":[false]}],"isTextChangeable":1},{"id":"b1a67477-ebcf-4fd8-a7b0-a5970212843b","value":0,"text":"","comment":"","position":{"x":307,"y":297},"isActive":false,"date":1702312353078,"kind":"Node","isSelected":false,"isConnectorSelected":false,"isDraggable":1,"isDeletable":1,"hasElementMoved":false,"eventLog":[{"time":1702312353078,"type":"create node","value":0},{"time":1702312355917,"type":"selected","value":1},{"time":1702312357635,"type":"node was deleted","value":-99}],"isTextChangeable":1},{"id":"a9bcece4-9e52-4f64-a784-9ad8aa421972","value":2,"text":"research","comment":"The development of these robots could drive research for other robots in similar areas.","position":{"x":987,"y":567},"isActive":true,"date":1702312367960,"kind":"Node","isSelected":false,"isConnectorSelected":false,"isDraggable":1,"isDeletable":1,"hasElementMoved":false,"eventLog":[{"time":1702312367960,"type":"create node","value":"0"},{"time":1702312368718,"type":"selected","value":"TRUE"},{"time":1702312399302,"type":"text","value":"Forschung "},{"time":1702312399302,"type":"value","value":"2"},{"time":1702312399302,"type":"comment","value":"Die Entwicklung dieser Roboter könnte Forschung für andere Roboter in ähnlichen Bereichen antreiben."},{"time":1702312399302,"type":"selected","value":"FALSE"}],"isTextChangeable":1},{"id":"103b5af6-aaa5-41f6-87ca-cfcc5ddcf392","value":2,"text":"more possibilities","comment":"Robots could provide disaster relief in a new way that is physically or mentally not possible for humans.","position":{"x":1082,"y":438},"isActive":true,"date":1702312399850,"kind":"Node","isSelected":false,"isConnectorSelected":false,"isDraggable":1,"isDeletable":1,"hasElementMoved":false,"eventLog":[{"time":"1702312399850","type":"create node","value":[0]},{"time":"2023-12-11T16:33:22.796Z","type":"position","value":{"x":[998],"y":[536]}},{"time":"1702312404359","type":"selected","value":[true]},{"time":"1702312447172","type":"text","value":["Mehr Möglichkeiten"]},{"time":"1702312447172","type":"value","value":[2]},{"time":"1702312447172","type":"comment","value":["Roboter könnten auf neue Art Katastrophenhilfe leisten, die für Menschen körperlich oder mental nicht möglich ist."]},{"time":"1702312447172","type":"selected","value":[false]}],"isTextChangeable":1},{"id":"9e2ef947-48d3-4891-9840-91003dca1234","value":0,"text":"necessity of education","comment":"People should be educated about how these robots work in order to exploit their societal influence in decision-making processes regarding the use of these machines.","position":{"x":796,"y":529},"isActive":true,"date":1702312469518,"kind":"Node","isSelected":false,"isConnectorSelected":false,"isDraggable":1,"isDeletable":1,"hasElementMoved":false,"eventLog":[{"time":1702312469518,"type":"create node","value":"0"},{"time":1702312470946,"type":"selected","value":"TRUE"},{"time":1702312554475,"type":"text","value":"Notwendigkeit von Bildung"},{"time":1702312554475,"type":"comment","value":"Menschen sollten über die Funktionsweise dieser Roboter aufgeklärt werden, um ihre gesellschaftlichen Einflussmöglichkeiten bei Entscheidungsprozessen bezüglich der Verwerndung dieser Maschinen ausnutzen zu können."},{"time":1702312554475,"type":"selected","value":"FALSE"}],"isTextChangeable":1}],"connectors":[{"id":"3bf50667-f9a3-4cdd-a93a-a355b0217abe","source":"5fd7b641-089a-4a84-87e1-dc2b56e4f716","target":"fb364cb5-cd20-43e4-b468-4063aeb7d0b3","agreement":true,"isActive":true,"date":1702311573260,"kind":"Connector","isSelected":false,"intensity":3,"isDeletable":false,"isOver":false,"isBidirectional":false,"eventLog":[{"time":1702311573260,"type":"create connection"}]},{"id":"22cace5f-f36b-4bfe-9620-3f74c01248aa","source":"5fd7b641-089a-4a84-87e1-dc2b56e4f716","target":"cf38f20e-4fd6-43c6-90f7-98f630832877","agreement":true,"isActive":true,"date":1702311573260,"kind":"Connector","isSelected":false,"intensity":3,"isDeletable":true,"isOver":false,"isBidirectional":false,"eventLog":[{"time":1702311573260,"type":"create connection"}]},{"id":"ea5a5b97-d8cf-4c7d-aacb-52550169ce97","source":"cf38f20e-4fd6-43c6-90f7-98f630832877","target":"93958c10-48bc-4516-8446-bf77854b3fd5","agreement":true,"isActive":true,"date":1702311660704,"kind":"Connector","isSelected":false,"intensity":6,"isDeletable":true,"isOver":false,"isBidirectional":false,"eventLog":[{"time":1702311660704,"type":"create connection"},{"time":1702311667544,"type":"selected","value":1},{"time":1702311671842,"type":"change intensity of connector","value":6},{"time":1702311671842,"type":"selected","value":0}]},{"id":"9405fa98-f2cf-49ce-bc56-e5c9f919bf3b","source":"fb364cb5-cd20-43e4-b468-4063aeb7d0b3","target":"57a09753-6f6b-454f-8541-cc2acd2e283c","agreement":true,"isActive":true,"date":1702311841552,"kind":"Connector","isSelected":false,"intensity":3,"isDeletable":true,"isOver":false,"isBidirectional":false,"eventLog":[{"time":1702311841552,"type":"create connection"},{"time":1702311842785,"type":"selected","value":1},{"time":1702311846644,"type":"change intensity of connector","value":3},{"time":1702311846644,"type":"selected","value":0}]},{"id":"9ae38a4a-6552-4331-b83f-54b097a68856","source":"01f2014a-856e-4f3f-8039-e4fa235f7c0a","target":"fb364cb5-cd20-43e4-b468-4063aeb7d0b3","agreement":true,"isActive":true,"date":1702312031366,"kind":"Connector","isSelected":false,"intensity":3,"isDeletable":true,"isOver":false,"isBidirectional":false,"eventLog":[{"time":1702312031366,"type":"create connection"}]},{"id":"04af0902-d4a6-4a4b-88b5-216aca55bb9c","source":"cf38f20e-4fd6-43c6-90f7-98f630832877","target":"6ba5c8e1-c4a5-43c5-84ce-2772e240d07a","agreement":true,"isActive":true,"date":1702312092126,"kind":"Connector","isSelected":false,"intensity":9,"isDeletable":true,"isOver":false,"isBidirectional":false,"eventLog":[{"time":1702312092126,"type":"create connection"},{"time":1702312095160,"type":"selected","value":1},{"time":1702312098042,"type":"change intensity of connector","value":9},{"time":1702312098042,"type":"selected","value":0}]},{"id":"0352d679-b16a-47a4-bcc7-4edee5da0c16","source":"9717931b-8eda-40a4-84dd-9d31a0234fd9","target":"5fd7b641-089a-4a84-87e1-dc2b56e4f716","agreement":true,"isActive":true,"date":1702312193882,"kind":"Connector","isSelected":false,"intensity":3,"isDeletable":true,"isOver":false,"isBidirectional":false,"eventLog":[{"time":1702312193882,"type":"create connection"},{"time":1702312197724,"type":"selected","value":1},{"time":1702312200473,"type":"change intensity of connector","value":3},{"time":1702312200473,"type":"selected","value":0}]},{"id":"0a710e78-074b-47b0-8d61-8815ec8d6744","source":"1f04c174-eee5-4780-8c56-e454a88ef336","target":"5fd7b641-089a-4a84-87e1-dc2b56e4f716","agreement":true,"isActive":true,"date":1702312292764,"kind":"Connector","isSelected":false,"intensity":3,"isDeletable":true,"isOver":false,"isBidirectional":false,"eventLog":[{"time":1702312292764,"type":"create connection"}]},{"id":"42bd01af-2e7f-400f-9605-1ff386c794ac","source":"6e58b5f0-3d2a-4c90-93aa-d0fcd20d5101","target":"fb364cb5-cd20-43e4-b468-4063aeb7d0b3","agreement":true,"isActive":true,"date":1702312345410,"kind":"Connector","isSelected":false,"intensity":3,"isDeletable":true,"isOver":false,"isBidirectional":false,"eventLog":[{"time":1702312345410,"type":"create connection"}]},{"id":"61fbb5b4-3378-4f46-9907-7ac730284921","source":"a9bcece4-9e52-4f64-a784-9ad8aa421972","target":"cf38f20e-4fd6-43c6-90f7-98f630832877","agreement":true,"isActive":true,"date":1702312401766,"kind":"Connector","isSelected":false,"intensity":3,"isDeletable":true,"isOver":false,"isBidirectional":false,"eventLog":[{"time":1702312401766,"type":"create connection"}]},{"id":"0cc814b9-9481-4ce7-8349-323a7c30c736","source":"cf38f20e-4fd6-43c6-90f7-98f630832877","target":"103b5af6-aaa5-41f6-87ca-cfcc5ddcf392","agreement":true,"isActive":true,"date":1702312448602,"kind":"Connector","isSelected":false,"intensity":3,"isDeletable":true,"isOver":false,"isBidirectional":false,"eventLog":[{"time":1702312448602,"type":"create connection"}]},{"id":"811e1e53-f959-4131-a369-461d9969a8dc","source":"9e2ef947-48d3-4891-9840-91003dca1234","target":"5fd7b641-089a-4a84-87e1-dc2b56e4f716","agreement":true,"isActive":true,"date":1702312555886,"kind":"Connector","isSelected":false,"intensity":3,"isDeletable":true,"isOver":false,"isBidirectional":false,"eventLog":[{"time":1702312555886,"type":"create connection"}]},{"id":"1d0767e0-736e-4ec7-b67a-49f18d166058","source":"01f2014a-856e-4f3f-8039-e4fa235f7c0a","target":"6e58b5f0-3d2a-4c90-93aa-d0fcd20d5101","agreement":true,"isActive":true,"date":1702312563782,"kind":"Connector","isSelected":false,"intensity":3,"isDeletable":true,"isOver":false,"isBidirectional":false,"eventLog":[{"time":1702312563782,"type":"create connection"}]},{"id":"be93e996-23fa-46e3-8223-9d33d51e4274","source":"a9bcece4-9e52-4f64-a784-9ad8aa421972","target":"103b5af6-aaa5-41f6-87ca-cfcc5ddcf392","agreement":true,"isActive":true,"date":1702312606009,"kind":"Connector","isSelected":false,"intensity":3,"isDeletable":true,"isOver":false,"isBidirectional":false,"eventLog":[{"time":1702312606009,"type":"create connection"}]}],"currentID":{},"currentNode":{},"hasSelectedNode":[false],"currentConnector":{},"hasSelectedConnector":[false],"readyToMove":[false],"isIncoming":[false],"hasElementMoved":[false]}
