{"idCAM":["b140d5c7-8ad3-4697-90ba-771346add31f"],"creator":["6505b19314eb42b422d59509_pre"],"projectCAM":["S2_CAM part 1"],"defocusCAM":[],"date":[1702290754126],"nodes":[{"id":"2bcd090f-fd3f-43e3-aa79-f640527a7613","value":10,"text":"social assistance robot","comment":"","position":{"x":650,"y":400},"isActive":true,"date":1702290754973,"kind":"Node","isSelected":false,"isConnectorSelected":false,"isDraggable":0,"isDeletable":0,"hasElementMoved":false,"eventLog":[{"time":1702290754973,"type":"create node","value":0},{"time":1702291259290,"type":"selected","value":1},{"time":1702291261030,"type":"value","value":10},{"time":1702291261030,"type":"selected","value":0}],"isTextChangeable":0},{"id":"1bce3763-c3b1-4469-a79b-9fef92c005e9","value":0,"text":"disadvantages","comment":"","position":{"x":450,"y":400},"isActive":true,"date":1702290754973,"kind":"Node","isSelected":false,"isConnectorSelected":false,"isDraggable":0,"isDeletable":0,"hasElementMoved":false,"eventLog":[{"time":1702290754973,"type":"create node","value":0}],"isTextChangeable":0},{"id":"60504d63-60f4-486a-8965-85de0c801f5d","value":0,"text":"advantages","comment":"","position":{"x":850,"y":400},"isActive":true,"date":1702290754973,"kind":"Node","isSelected":false,"isConnectorSelected":false,"isDraggable":0,"isDeletable":0,"hasElementMoved":false,"eventLog":[{"time":1702290754973,"type":"create node","value":0}],"isTextChangeable":0},{"id":"c3723e2b-53ee-42ae-9f48-fa7203f28500","value":1,"text":"society","comment":"","position":{"x":853,"y":242},"isActive":true,"date":1702290774786,"kind":"Node","isSelected":false,"isConnectorSelected":false,"isDraggable":1,"isDeletable":1,"hasElementMoved":false,"eventLog":[{"time":1702290774786,"type":"create node","value":"0"},{"time":1702290774883,"type":"selected","value":"TRUE"},{"time":1702290783080,"type":"text","value":"Gesellschaft"},{"time":1702290783080,"type":"value","value":"1"},{"time":1702290783080,"type":"selected","value":"FALSE"}],"isTextChangeable":1},{"id":"77bb4732-41a8-48a6-beee-286b20520614","value":2,"text":"permanent care","comment":"","position":{"x":1003,"y":269},"isActive":true,"date":1702290789536,"kind":"Node","isSelected":false,"isConnectorSelected":false,"isDraggable":1,"isDeletable":1,"hasElementMoved":false,"eventLog":[{"time":1702290789536,"type":"create node","value":"0"},{"time":1702290790987,"type":"selected","value":"TRUE"},{"time":1702290805542,"type":"text","value":"dauerhafte Betreuung"},{"time":1702290805542,"type":"value","value":"2"},{"time":1702290805542,"type":"selected","value":"FALSE"}],"isTextChangeable":1},{"id":"53f1a1d1-bea7-4c84-9bf7-2e96d0601895","value":1,"text":"able to learn","comment":"Through updates, robots can immediately apply new knowledge without having to undergo training.","position":{"x":1069,"y":396},"isActive":true,"date":1702290812732,"kind":"Node","isSelected":false,"isConnectorSelected":false,"isDraggable":1,"isDeletable":1,"hasElementMoved":false,"eventLog":[{"time":"1702290812732","type":"create node","value":[0]},{"time":"1702290812844","type":"selected","value":[true]},{"time":"1702290820311","type":"selected","value":[false]},{"time":"1702291036746","type":"selected","value":[true]},{"time":"1702291038171","type":"selected","value":[false]},{"time":"1702291039909","type":"selected","value":[true]},{"time":"1702291041151","type":"selected","value":[false]},{"time":"2023-12-11T10:37:22.008Z","type":"position","value":{"x":[1027],"y":[364]}},{"time":"1702291043292","type":"selected","value":[true]},{"time":"1702291104323","type":"text","value":["Lernfähig"]},{"time":"1702291104323","type":"value","value":[1]},{"time":"1702291104323","type":"comment","value":["Durch Updates können Roboter umgehend neue Erkenntnisse anwenden, ohne eine Schulung durchführen zu müssen."]},{"time":"1702291104323","type":"selected","value":[false]},{"time":"2023-12-11T10:38:56.584Z","type":"position","value":{"x":[1065],"y":[389]}}],"isTextChangeable":1},{"id":"a05c44ca-a089-4f26-aee1-3f61dcbaef14","value":10,"text":"maintenance","comment":"","position":{"x":455,"y":211},"isActive":true,"date":1702290821745,"kind":"Node","isSelected":false,"isConnectorSelected":false,"isDraggable":1,"isDeletable":1,"hasElementMoved":false,"eventLog":[{"time":"1702290821745","type":"create node","value":[0]},{"time":"1702290821856","type":"selected","value":[true]},{"time":"1702290828067","type":"text","value":["Wartung"]},{"time":"1702290828067","type":"value","value":[-1]},{"time":"1702290828067","type":"selected","value":[false]},{"time":"2023-12-11T10:33:51.525Z","type":"position","value":{"x":[453],"y":[226]}},{"time":"1702290885476","type":"selected","value":[true]},{"time":"1702290885889","type":"selected","value":[false]},{"time":"1702290887050","type":"selected","value":[true]},{"time":"1702290890459","type":"value","value":[10]},{"time":"1702290890459","type":"selected","value":[false]},{"time":"2023-12-11T10:34:57.213Z","type":"position","value":{"x":[463],"y":[224]}},{"time":"2023-12-11T10:41:25.066Z","type":"position","value":{"x":[476],"y":[211]}}],"isTextChangeable":1},{"id":"d499c69a-5f61-4d8d-a17c-4ac4164f0960","value":10,"text":"technical understanding","comment":"","position":{"x":287,"y":235},"isActive":true,"date":1702290834652,"kind":"Node","isSelected":false,"isConnectorSelected":false,"isDraggable":1,"isDeletable":1,"hasElementMoved":false,"eventLog":[{"time":"1702290834652","type":"create node","value":[0]},{"time":"1702290835854","type":"selected","value":[true]},{"time":"1702290851213","type":"text","value":["technisches Verständnis"]},{"time":"1702290851213","type":"selected","value":[false]},{"time":"2023-12-11T10:34:14.002Z","type":"position","value":{"x":[319],"y":[234]}},{"time":"1702290854702","type":"selected","value":[true]},{"time":"1702290858851","type":"value","value":[10]},{"time":"1702290858851","type":"selected","value":[false]}],"isTextChangeable":1},{"id":"efe8ffbd-c7c6-4fa7-8685-f0b7e0fb2327","value":-1,"text":"costs","comment":"","position":{"x":211,"y":399},"isActive":true,"date":1702290863183,"kind":"Node","isSelected":false,"isConnectorSelected":false,"isDraggable":1,"isDeletable":1,"hasElementMoved":false,"eventLog":[{"time":"1702290863183","type":"create node","value":[0]},{"time":"1702290863947","type":"selected","value":[true]},{"time":"1702290868495","type":"text","value":["Kosten"]},{"time":"1702290868495","type":"value","value":[-1]},{"time":"1702290868495","type":"selected","value":[false]},{"time":"1702290869215","type":"selected","value":[true]},{"time":"1702290870287","type":"selected","value":[false]},{"time":"2023-12-11T10:34:32.306Z","type":"position","value":{"x":[265],"y":[366]}},{"time":"2023-12-11T10:38:48.811Z","type":"position","value":{"x":[227],"y":[361]}}],"isTextChangeable":1},{"id":"92d0bb57-d66a-47ed-aadd-2d82de1dfcdf","value":-2,"text":"limitation","comment":"Robots can only partially replace human communication","position":{"x":249,"y":556},"isActive":true,"date":1702290902702,"kind":"Node","isSelected":false,"isConnectorSelected":false,"isDraggable":1,"isDeletable":1,"hasElementMoved":false,"eventLog":[{"time":"1702290902702","type":"create node","value":[0]},{"time":"1702290902800","type":"selected","value":[true]},{"time":"1702290929324","type":"text","value":["Limitierung"]},{"time":"1702290929324","type":"comment","value":["Roboter können nur bedingt menschliche Kommunikation ersetzen"]},{"time":"1702290929324","type":"selected","value":[false]},{"time":"2023-12-11T10:35:30.111Z","type":"position","value":{"x":[194],"y":[487]}},{"time":"1702290931379","type":"selected","value":[true]},{"time":"1702290932327","type":"selected","value":[false]},{"time":"1702290934854","type":"selected","value":[true]},{"time":"1702290936934","type":"value","value":[-2]},{"time":"1702290936934","type":"selected","value":[false]},{"time":"2023-12-11T10:38:47.118Z","type":"position","value":{"x":[235],"y":[488]}},{"time":"2023-12-11T10:38:51.635Z","type":"position","value":{"x":[237],"y":[532]}}],"isTextChangeable":1},{"id":"300ced3d-7d2d-485c-a75a-bd7b0e5de5da","value":-3,"text":"loss of humanity","comment":"Potentially, robots are used to replace human positions, which would result in patients lacking human interaction.","position":{"x":451,"y":574},"isActive":true,"date":1702290938921,"kind":"Node","isSelected":false,"isConnectorSelected":false,"isDraggable":1,"isDeletable":1,"hasElementMoved":false,"eventLog":[{"time":"1702290938921","type":"create node","value":[0]},{"time":"1702290938999","type":"selected","value":[true]},{"time":"1702290975608","type":"text","value":["Menschlichkeit"]},{"time":"1702290975608","type":"value","value":[-3]},{"time":"1702290975608","type":"selected","value":[false]},{"time":"1702290976225","type":"selected","value":[true]},{"time":"1702291028325","type":"text","value":["Verlust Menschlichkeit"]},{"time":"1702291028325","type":"comment","value":["ggf. werden Roboter eingesetzt, um menschliche Stellen zu ersetzen, wodurch Patient:innen menschliche Interaktion fehlen würde"]},{"time":"1702291028325","type":"selected","value":[false]},{"time":"2023-12-11T10:37:09.291Z","type":"position","value":{"x":[367],"y":[561]}},{"time":"2023-12-11T10:38:44.261Z","type":"position","value":{"x":[367],"y":[558]}}],"isTextChangeable":1},{"id":"bdfa1ca1-588a-4a73-ab08-51178c3c0d62","value":2,"text":"creation of jobs","comment":"Developing and maintaining robots creates jobs","position":{"x":1018,"y":541},"isActive":true,"date":1702291138503,"kind":"Node","isSelected":false,"isConnectorSelected":false,"isDraggable":1,"isDeletable":1,"hasElementMoved":false,"eventLog":[{"time":"1702291138503","type":"create node","value":[0]},{"time":"1702291138596","type":"selected","value":[true]},{"time":"1702291152289","type":"selected","value":[false]},{"time":"1702291153467","type":"selected","value":[true]},{"time":"1702291192086","type":"text","value":["Gewinnung von Arbeitsplätzen"]},{"time":"1702291192086","type":"value","value":[1]},{"time":"1702291192086","type":"comment","value":["Das Entwickeln und Warten von Robotern schafft Arbeitsplätze"]},{"time":"1702291192086","type":"selected","value":[false]},{"time":"2023-12-11T10:39:53.000Z","type":"position","value":{"x":[1009],"y":[551]}},{"time":"1702291193995","type":"selected","value":[true]},{"time":"1702291194745","type":"selected","value":[false]},{"time":"1702291274265","type":"selected","value":[true]},{"time":"1702291276125","type":"value","value":[2]},{"time":"1702291276125","type":"selected","value":[false]}],"isTextChangeable":1},{"id":"df36f40a-9e3b-4d68-b971-298ba664c752","value":3,"text":"Innovation","comment":"The use of robots promotes innovation, as various providers must constantly evolve.","position":{"x":847,"y":559},"isActive":true,"date":1702291197888,"kind":"Node","isSelected":false,"isConnectorSelected":false,"isDraggable":1,"isDeletable":1,"hasElementMoved":false,"eventLog":[{"time":"1702291197888","type":"create node","value":[0]},{"time":"1702291197983","type":"selected","value":[true]},{"time":"1702291252928","type":"text","value":["Innovation"]},{"time":"1702291252928","type":"comment","value":["Der Einsatz von Robotern fördert Innovation, da verschiedene Anbieter sich stets weiterentwickeln müssen."]},{"time":"1702291252928","type":"selected","value":[false]},{"time":"2023-12-11T10:40:53.626Z","type":"position","value":{"x":[863],"y":[553]}},{"time":"1702291255720","type":"selected","value":[true]},{"time":"1702291256418","type":"selected","value":[false]},{"time":"2023-12-11T10:41:02.236Z","type":"position","value":{"x":[839],"y":[559]}},{"time":"1702291270181","type":"selected","value":[true]},{"time":"1702291273443","type":"value","value":[3]},{"time":"1702291273443","type":"selected","value":[false]}],"isTextChangeable":1},{"id":"86c72a0d-3d3f-406f-b148-bd67708ec99d","value":0,"text":"","comment":"","position":{"x":758,"y":583},"isActive":false,"date":1702291263899,"kind":"Node","isSelected":false,"isConnectorSelected":false,"isDraggable":1,"isDeletable":1,"hasElementMoved":false,"eventLog":[{"time":1702291263899,"type":"create node","value":0},{"time":1702291265197,"type":"selected","value":1},{"time":1702291267009,"type":"node was deleted","value":-99}],"isTextChangeable":1}],"connectors":[{"id":"84f8a184-1444-46be-8fab-ca53af9be283","source":"2bcd090f-fd3f-43e3-aa79-f640527a7613","target":"1bce3763-c3b1-4469-a79b-9fef92c005e9","agreement":true,"isActive":true,"date":1702290754973,"kind":"Connector","isSelected":false,"intensity":3,"isDeletable":false,"isOver":false,"isBidirectional":false,"eventLog":[{"time":1702290754973,"type":"create connection"}]},{"id":"e11d8bf6-679a-4e0f-ad3d-067587239360","source":"2bcd090f-fd3f-43e3-aa79-f640527a7613","target":"60504d63-60f4-486a-8965-85de0c801f5d","agreement":true,"isActive":true,"date":1702290754973,"kind":"Connector","isSelected":false,"intensity":3,"isDeletable":true,"isOver":false,"isBidirectional":false,"eventLog":[{"time":1702290754973,"type":"create connection"}]},{"id":"1322095b-d765-48c3-8efb-69d379f8ee4e","source":"60504d63-60f4-486a-8965-85de0c801f5d","target":"c3723e2b-53ee-42ae-9f48-fa7203f28500","agreement":true,"isActive":true,"date":1702290786569,"kind":"Connector","isSelected":false,"intensity":3,"isDeletable":true,"isOver":false,"isBidirectional":false,"eventLog":[{"time":1702290786569,"type":"create connection"}]},{"id":"adc4a745-5e2b-4c92-8830-c15b65a7a431","source":"77bb4732-41a8-48a6-beee-286b20520614","target":"60504d63-60f4-486a-8965-85de0c801f5d","agreement":true,"isActive":true,"date":1702290806908,"kind":"Connector","isSelected":false,"intensity":3,"isDeletable":true,"isOver":false,"isBidirectional":false,"eventLog":[{"time":1702290806908,"type":"create connection"}]},{"id":"cf3a6241-653d-4509-9373-2c2dbe5dd6e6","source":"a05c44ca-a089-4f26-aee1-3f61dcbaef14","target":"1bce3763-c3b1-4469-a79b-9fef92c005e9","agreement":false,"isActive":true,"date":1702290830075,"kind":"Connector","isSelected":false,"intensity":3,"isDeletable":true,"isOver":false,"isBidirectional":false,"eventLog":[{"time":1702290830075,"type":"create connection"},{"time":1702290878488,"type":"selected","value":1},{"time":1702290884424,"type":"change intensity of connector","value":3},{"time":1702290884424,"type":"selected","value":0},{"time":1702290892502,"type":"selected","value":1},{"time":1702290896198,"type":"change intensity of connector","value":-3},{"time":1702290896198,"type":"selected","value":0}]},{"id":"e764466c-f48b-4950-99af-321456e36c7b","source":"d499c69a-5f61-4d8d-a17c-4ac4164f0960","target":"1bce3763-c3b1-4469-a79b-9fef92c005e9","agreement":true,"isActive":true,"date":1702290852568,"kind":"Connector","isSelected":false,"intensity":3,"isDeletable":true,"isOver":false,"isBidirectional":false,"eventLog":[{"time":1702290852568,"type":"create connection"}]},{"id":"158a4f56-7dce-47d3-8660-b6a483f0f044","source":"efe8ffbd-c7c6-4fa7-8685-f0b7e0fb2327","target":"1bce3763-c3b1-4469-a79b-9fef92c005e9","agreement":false,"isActive":true,"date":1702290874273,"kind":"Connector","isSelected":false,"intensity":3,"isDeletable":true,"isOver":false,"isBidirectional":false,"eventLog":[{"time":1702290874273,"type":"create connection"},{"time":1702290875267,"type":"selected","value":1},{"time":1702290877494,"type":"change intensity of connector","value":-3},{"time":1702290877494,"type":"selected","value":0}]},{"id":"bd96774b-1f36-4c5e-9cba-a9a76d689af1","source":"92d0bb57-d66a-47ed-aadd-2d82de1dfcdf","target":"1bce3763-c3b1-4469-a79b-9fef92c005e9","agreement":true,"isActive":true,"date":1702290933863,"kind":"Connector","isSelected":false,"intensity":3,"isDeletable":true,"isOver":false,"isBidirectional":false,"eventLog":[{"time":1702290933863,"type":"create connection"},{"time":1702291113741,"type":"selected","value":1},{"time":1702291115889,"type":"change intensity of connector","value":-3},{"time":1702291115889,"type":"selected","value":0},{"time":1702291118847,"type":"selected","value":1},{"time":1702291121112,"type":"change intensity of connector","value":3},{"time":1702291121112,"type":"selected","value":0}]},{"id":"4b793e9a-6413-4e56-811a-fe76b282f25c","source":"300ced3d-7d2d-485c-a75a-bd7b0e5de5da","target":"1bce3763-c3b1-4469-a79b-9fef92c005e9","agreement":false,"isActive":true,"date":1702291035078,"kind":"Connector","isSelected":false,"intensity":9,"isDeletable":true,"isOver":false,"isBidirectional":false,"eventLog":[{"time":1702291035078,"type":"create connection"},{"time":1702291109113,"type":"selected","value":1},{"time":1702291111081,"type":"change intensity of connector","value":-9},{"time":1702291111081,"type":"selected","value":0}]},{"id":"fa8b09ae-c981-4679-b96c-cd41a8a995db","source":"53f1a1d1-bea7-4c84-9bf7-2e96d0601895","target":"60504d63-60f4-486a-8965-85de0c801f5d","agreement":true,"isActive":true,"date":1702291105663,"kind":"Connector","isSelected":false,"intensity":3,"isDeletable":true,"isOver":false,"isBidirectional":false,"eventLog":[{"time":1702291105663,"type":"create connection"}]},{"id":"336f8529-c8a9-48f4-a19d-70bc88df7de3","source":"60504d63-60f4-486a-8965-85de0c801f5d","target":"bdfa1ca1-588a-4a73-ab08-51178c3c0d62","agreement":true,"isActive":true,"date":1702291197116,"kind":"Connector","isSelected":false,"intensity":3,"isDeletable":true,"isOver":false,"isBidirectional":false,"eventLog":[{"time":1702291197116,"type":"create connection"}]},{"id":"69f9e60b-f6dd-4df5-9732-c034232642e7","source":"df36f40a-9e3b-4d68-b971-298ba664c752","target":"60504d63-60f4-486a-8965-85de0c801f5d","agreement":true,"isActive":true,"date":1702291257844,"kind":"Connector","isSelected":false,"intensity":3,"isDeletable":true,"isOver":false,"isBidirectional":false,"eventLog":[{"time":1702291257844,"type":"create connection"}]}],"currentID":{},"currentNode":{},"hasSelectedNode":[false],"currentConnector":{},"hasSelectedConnector":[false],"readyToMove":[false],"isIncoming":[false],"hasElementMoved":[false]}
