{"idCAM":["c4dfdb1f-726a-4cfd-8a37-3d6bdfdea7cb"],"creator":["6505e770a24e4561f219381e_pre"],"projectCAM":["S2_CAM part 1"],"defocusCAM":[],"date":[1702314640482],"nodes":[{"id":"ef50052f-2ce2-4276-99ba-b21a72b949f6","value":3,"text":"rescue robot","comment":"","position":{"x":650,"y":400},"isActive":true,"date":1702314641384,"kind":"Node","isSelected":false,"isConnectorSelected":false,"isDraggable":0,"isDeletable":0,"hasElementMoved":false,"eventLog":[{"time":1702314641384,"type":"create node","value":0},{"time":1702315253714,"type":"selected","value":1},{"time":1702315258211,"type":"value","value":3},{"time":1702315258211,"type":"selected","value":0}],"isTextChangeable":0},{"id":"47249037-170a-456d-912a-605eb5fad19d","value":0,"text":"disadvantages","comment":"","position":{"x":450,"y":400},"isActive":true,"date":1702314641385,"kind":"Node","isSelected":false,"isConnectorSelected":false,"isDraggable":0,"isDeletable":0,"hasElementMoved":false,"eventLog":[{"time":1702314641385,"type":"create node","value":0}],"isTextChangeable":0},{"id":"10c97626-c889-474e-94ee-85d5a36918c2","value":0,"text":"advantages","comment":"","position":{"x":850,"y":400},"isActive":true,"date":1702314641385,"kind":"Node","isSelected":false,"isConnectorSelected":true,"isDraggable":0,"isDeletable":0,"hasElementMoved":false,"eventLog":[{"time":1702314641385,"type":"create node","value":0},{"time":1702314820202,"type":"selected","value":1},{"time":1702314822384,"type":"selected","value":0},{"time":1702315304964,"type":"selected","value":1},{"time":1702315307407,"type":"selected","value":0}],"isTextChangeable":0},{"id":"e6eb189a-8607-4c8e-980e-0fe28c9397b8","value":3,"text":"safety rescue personnel","comment":"Human rescue forces are not endangered","position":{"x":1013.4,"y":217.6},"isActive":true,"date":1702314648421,"kind":"Node","isSelected":false,"isConnectorSelected":false,"isDraggable":1,"isDeletable":1,"hasElementMoved":false,"eventLog":[{"time":1702314648421,"type":"create node","value":"0"},{"time":1702314648436,"type":"selected","value":"TRUE"},{"time":1702314649628,"type":"selected","value":"FALSE"},{"time":1702314664221,"type":"selected","value":"TRUE"},{"time":1702314710439,"type":"text","value":"Sicherheit Rettungspersonal"},{"time":1702314710439,"type":"value","value":"3"},{"time":1702314710439,"type":"comment","value":"MEnschliche Rettungskräfte werden nicht gefährdet"},{"time":1702314710439,"type":"selected","value":"FALSE"}],"isTextChangeable":1},{"id":"b79fdbf1-b8d5-40a9-a175-b3938bae3acd","value":3,"text":"can be replaced","comment":"Robots can be replaced by other robots in case of loss","position":{"x":1066.4,"y":402.6},"isActive":true,"date":1702314650498,"kind":"Node","isSelected":false,"isConnectorSelected":false,"isDraggable":1,"isDeletable":1,"hasElementMoved":false,"eventLog":[{"time":1702314650498,"type":"create node","value":"0"},{"time":1702314650511,"type":"selected","value":"TRUE"},{"time":1702314651648,"type":"selected","value":"FALSE"},{"time":1702314719257,"type":"selected","value":"TRUE"},{"time":1702314750824,"type":"text","value":"Können ersetzt werden"},{"time":1702314750824,"type":"comment","value":"Roboter können bei Verlust durch andere Roboter ersetzt weerden"},{"time":1702314750824,"type":"selected","value":"FALSE"},{"time":1702314758577,"type":"selected","value":"TRUE"},{"time":1702314761483,"type":"value","value":"3"},{"time":1702314761483,"type":"selected","value":"FALSE"}],"isTextChangeable":1},{"id":"fa275622-39bb-45e7-af38-1a4a0ec05dad","value":3,"text":"search capabilities better","comment":"Robots can search better in the dark and in smoke etc because they have numerous sensors","position":{"x":1058.4,"y":534.6},"isActive":true,"date":1702314652258,"kind":"Node","isSelected":false,"isConnectorSelected":false,"isDraggable":1,"isDeletable":1,"hasElementMoved":false,"eventLog":[{"time":1702314652258,"type":"create node","value":"0"},{"time":1702314764531,"type":"selected","value":"TRUE"},{"time":1702314817876,"type":"text","value":"Suchfähigkeiten besser"},{"time":1702314817876,"type":"comment","value":"Roboter können im Dunkeln und im Rauch usw besser suchen weil sie zahlreiche Sensoren haben"},{"time":1702314817876,"type":"selected","value":"FALSE"},{"time":1702314889342,"type":"selected","value":"TRUE"},{"time":1702314891869,"type":"value","value":"3"},{"time":1702314891869,"type":"selected","value":"FALSE"}],"isTextChangeable":1},{"id":"ab1ad26c-1c59-42e3-8272-4e892438e5c9","value":3,"text":"do not get tired","comment":"","position":{"x":872.4,"y":628.6},"isActive":true,"date":1702314653389,"kind":"Node","isSelected":false,"isConnectorSelected":false,"isDraggable":1,"isDeletable":1,"hasElementMoved":false,"eventLog":[{"time":1702314653389,"type":"create node","value":"0"},{"time":1702314653401,"type":"selected","value":"TRUE"},{"time":1702314655267,"type":"selected","value":"FALSE"},{"time":1702314826689,"type":"selected","value":"TRUE"},{"time":1702314876594,"type":"text","value":"Werden nicht müde"},{"time":1702314876594,"type":"value","value":"3"},{"time":1702314876594,"type":"selected","value":"FALSE"},{"time":1702314880714,"type":"selected","value":"TRUE"},{"time":1702314884371,"type":"selected","value":"FALSE"}],"isTextChangeable":1},{"id":"6fbbcc9b-cf21-4497-b5f2-c7f6173591cd","value":-3,"text":"error in autonomy","comment":"Autonomous working robots can make mistakes because they assess complex relationships worse.","position":{"x":400.4,"y":161.6},"isActive":true,"date":1702314656010,"kind":"Node","isSelected":false,"isConnectorSelected":false,"isDraggable":1,"isDeletable":1,"hasElementMoved":false,"eventLog":[{"time":1702314656010,"type":"create node","value":"0"},{"time":1702314656022,"type":"selected","value":"TRUE"},{"time":1702314656434,"type":"selected","value":"FALSE"},{"time":1702314904703,"type":"selected","value":"TRUE"},{"time":1702314971520,"type":"text","value":"Fehler bei Autonomie"},{"time":1702314971520,"type":"value","value":"-3"},{"time":1702314971520,"type":"comment","value":"Autonom arbeitende Roboter können Fehler machen weil sie komplizierte Zusammenhänge schlechter beurteilen"},{"time":1702314971520,"type":"selected","value":"FALSE"}],"isTextChangeable":1},{"id":"da27fa6e-a565-4b39-a7cf-70194f7af50f","value":-3,"text":"high development costs","comment":"","position":{"x":283.4,"y":211.6},"isActive":true,"date":1702314657172,"kind":"Node","isSelected":false,"isConnectorSelected":false,"isDraggable":1,"isDeletable":1,"hasElementMoved":false,"eventLog":[{"time":1702314657172,"type":"create node","value":"0"},{"time":1702314657185,"type":"selected","value":"TRUE"},{"time":1702314658660,"type":"selected","value":"FALSE"},{"time":1702314980863,"type":"selected","value":"TRUE"},{"time":1702314991568,"type":"text","value":"Hohe Entwicklungskosten"},{"time":1702314991568,"type":"value","value":"-3"},{"time":1702314991568,"type":"selected","value":"FALSE"},{"time":1702314995002,"type":"selected","value":"TRUE"},{"time":1702314997752,"type":"selected","value":"FALSE"}],"isTextChangeable":1},{"id":"138826cf-2ef1-4a13-8757-f4f22b59c215","value":-3,"text":"no feelings","comment":"Can't empathize with the victims' feelings if the robots are working autonomously","position":{"x":250.4,"y":383.6},"isActive":true,"date":1702314659277,"kind":"Node","isSelected":false,"isConnectorSelected":false,"isDraggable":1,"isDeletable":1,"hasElementMoved":false,"eventLog":[{"time":1702314659277,"type":"create node","value":"0"},{"time":1702315008648,"type":"selected","value":"TRUE"},{"time":1702315054660,"type":"text","value":"Keine Gefühle"},{"time":1702315054660,"type":"value","value":"-3"},{"time":1702315054660,"type":"comment","value":"Können schlecht auf Gefühle der Opfer eingehen wenn die ROboter autonom arbeiten"},{"time":1702315054660,"type":"selected","value":"FALSE"},{"time":1702315057315,"type":"selected","value":"TRUE"},{"time":1702315059214,"type":"selected","value":"FALSE"}],"isTextChangeable":1},{"id":"2fe1afb2-ad20-47ad-bd13-5c87e6666b84","value":10,"text":"missing acceptance","comment":"Some people do not want to be saved by robots.","position":{"x":308.4,"y":541.6},"isActive":true,"date":1702314660537,"kind":"Node","isSelected":false,"isConnectorSelected":false,"isDraggable":1,"isDeletable":1,"hasElementMoved":false,"eventLog":[{"time":1702314660537,"type":"create node","value":"0"},{"time":1702314660551,"type":"selected","value":"TRUE"},{"time":1702314663075,"type":"selected","value":"FALSE"},{"time":1702315143356,"type":"selected","value":"TRUE"},{"time":1702315236712,"type":"text","value":"fehlende akzeptanz "},{"time":1702315236712,"type":"value","value":"10"},{"time":1702315236712,"type":"comment","value":"Manche Menschen möchten nicht durch Roboter gerettet werden"},{"time":1702315236712,"type":"selected","value":"FALSE"}],"isTextChangeable":1},{"id":"6475e141-5581-49b5-89ea-542e75af003c","value":3,"text":"remote controlled","comment":"Through remote control, people can be involved in the search and thus the search can be improved.","position":{"x":908.4,"y":151.6},"isActive":true,"date":1702314896001,"kind":"Node","isSelected":false,"isConnectorSelected":false,"isDraggable":1,"isDeletable":1,"hasElementMoved":false,"eventLog":[{"time":1702314896001,"type":"create node","value":"0"},{"time":1702315082004,"type":"selected","value":"TRUE"},{"time":1702315123571,"type":"text","value":"ferngesteuert"},{"time":1702315123571,"type":"comment","value":"Durch fernsteuerung können menschen bei der Suche einbezogen werden und die Suche so verbessert werden"},{"time":1702315123571,"type":"selected","value":"FALSE"},{"time":1702315126086,"type":"selected","value":"TRUE"},{"time":1702315130167,"type":"value","value":"3"},{"time":1702315130167,"type":"selected","value":"FALSE"}],"isTextChangeable":1},{"id":"f8bb8161-3b77-4378-86bd-e8058ada86d9","value":3,"text":"further development","comment":"Robots can constantly be further developed","position":{"x":758.4,"y":245.6},"isActive":true,"date":1702315279572,"kind":"Node","isSelected":false,"isConnectorSelected":true,"isDraggable":1,"isDeletable":1,"hasElementMoved":false,"eventLog":[{"time":1702315279572,"type":"create node","value":"0"},{"time":1702315279585,"type":"selected","value":"TRUE"},{"time":1702315302336,"type":"text","value":"Weiterentwicklung"},{"time":1702315302336,"type":"value","value":"3"},{"time":1702315302336,"type":"comment","value":"Roboter können ständig weiterentwickelt werden"},{"time":1702315302336,"type":"selected","value":"FALSE"}],"isTextChangeable":1}],"connectors":[{"id":"cd322438-1628-4a8c-8ea3-1c18092d07b6","source":"ef50052f-2ce2-4276-99ba-b21a72b949f6","target":"47249037-170a-456d-912a-605eb5fad19d","agreement":true,"isActive":true,"date":1702314641385,"kind":"Connector","isSelected":false,"intensity":3,"isDeletable":false,"isOver":false,"isBidirectional":false,"eventLog":[{"time":1702314641385,"type":"create connection"}]},{"id":"edee0b43-6483-4f2f-8a69-175e902ea1b4","source":"ef50052f-2ce2-4276-99ba-b21a72b949f6","target":"10c97626-c889-474e-94ee-85d5a36918c2","agreement":true,"isActive":true,"date":1702314641386,"kind":"Connector","isSelected":false,"intensity":3,"isDeletable":true,"isOver":false,"isBidirectional":false,"eventLog":[{"time":1702314641386,"type":"create connection"}]},{"id":"64680f55-8a8b-41ab-8b6c-5964a7866c9b","source":"10c97626-c889-474e-94ee-85d5a36918c2","target":"e6eb189a-8607-4c8e-980e-0fe28c9397b8","agreement":true,"isActive":true,"date":1702314712742,"kind":"Connector","isSelected":false,"intensity":9,"isDeletable":true,"isOver":false,"isBidirectional":false,"eventLog":[{"time":1702314712742,"type":"create connection"},{"time":1702314714326,"type":"selected","value":1},{"time":1702314718525,"type":"change intensity of connector","value":9},{"time":1702314718525,"type":"selected","value":0}]},{"id":"06922d58-7f2d-4a14-9960-299c33bad631","source":"b79fdbf1-b8d5-40a9-a175-b3938bae3acd","target":"10c97626-c889-474e-94ee-85d5a36918c2","agreement":true,"isActive":true,"date":1702314753387,"kind":"Connector","isSelected":false,"intensity":9,"isDeletable":true,"isOver":false,"isBidirectional":false,"eventLog":[{"time":1702314753387,"type":"create connection"},{"time":1702314754753,"type":"selected","value":1},{"time":1702314757665,"type":"change intensity of connector","value":9},{"time":1702314757665,"type":"selected","value":0}]},{"id":"d587deff-19fe-4cff-8ec3-a9c96fc50403","source":"fa275622-39bb-45e7-af38-1a4a0ec05dad","target":"10c97626-c889-474e-94ee-85d5a36918c2","agreement":true,"isActive":true,"date":1702314819995,"kind":"Connector","isSelected":false,"intensity":9,"isDeletable":true,"isOver":false,"isBidirectional":false,"eventLog":[{"time":1702314819995,"type":"create connection"},{"time":1702314822392,"type":"selected","value":1},{"time":1702314825227,"type":"change intensity of connector","value":9},{"time":1702314825227,"type":"selected","value":0}]},{"id":"658f4c0b-bc52-497a-a096-e358c6201e88","source":"10c97626-c889-474e-94ee-85d5a36918c2","target":"ab1ad26c-1c59-42e3-8272-4e892438e5c9","agreement":true,"isActive":true,"date":1702314880555,"kind":"Connector","isSelected":false,"intensity":9,"isDeletable":true,"isOver":false,"isBidirectional":false,"eventLog":[{"time":1702314880555,"type":"create connection"},{"time":1702314885623,"type":"selected","value":1},{"time":1702314888183,"type":"change intensity of connector","value":9},{"time":1702314888183,"type":"selected","value":0}]},{"id":"90debac7-4553-4d1c-a506-f3bfe922eaa7","source":"47249037-170a-456d-912a-605eb5fad19d","target":"6fbbcc9b-cf21-4497-b5f2-c7f6173591cd","agreement":true,"isActive":true,"date":1702314973930,"kind":"Connector","isSelected":false,"intensity":9,"isDeletable":true,"isOver":false,"isBidirectional":false,"eventLog":[{"time":1702314973930,"type":"create connection"},{"time":1702314975251,"type":"selected","value":1},{"time":1702314978001,"type":"change intensity of connector","value":9},{"time":1702314978001,"type":"selected","value":0}]},{"id":"c5e2e5a8-6f8f-4be3-a0ad-c04228146bc1","source":"47249037-170a-456d-912a-605eb5fad19d","target":"da27fa6e-a565-4b39-a7cf-70194f7af50f","agreement":true,"isActive":true,"date":1702314994808,"kind":"Connector","isSelected":false,"intensity":9,"isDeletable":true,"isOver":false,"isBidirectional":false,"eventLog":[{"time":1702314994808,"type":"create connection"},{"time":1702314997761,"type":"selected","value":1},{"time":1702315001257,"type":"change intensity of connector","value":9},{"time":1702315001257,"type":"selected","value":0}]},{"id":"c1762564-43df-45b0-b533-8ef3b61685fc","source":"47249037-170a-456d-912a-605eb5fad19d","target":"138826cf-2ef1-4a13-8757-f4f22b59c215","agreement":true,"isActive":true,"date":1702315057157,"kind":"Connector","isSelected":false,"intensity":9,"isDeletable":true,"isOver":false,"isBidirectional":false,"eventLog":[{"time":1702315057157,"type":"create connection"},{"time":1702315060276,"type":"selected","value":1},{"time":1702315063928,"type":"change intensity of connector","value":9},{"time":1702315063928,"type":"selected","value":0}]},{"id":"2a7b12fa-d79e-4904-98bf-509e213bb0f2","source":"10c97626-c889-474e-94ee-85d5a36918c2","target":"6475e141-5581-49b5-89ea-542e75af003c","agreement":true,"isActive":true,"date":1702315131961,"kind":"Connector","isSelected":false,"intensity":9,"isDeletable":true,"isOver":false,"isBidirectional":false,"eventLog":[{"time":1702315131961,"type":"create connection"},{"time":1702315133550,"type":"selected","value":1},{"time":1702315136023,"type":"change intensity of connector","value":9},{"time":1702315136023,"type":"selected","value":0}]},{"id":"a572a2bb-05bb-4a87-b130-61a342431e86","source":"2fe1afb2-ad20-47ad-bd13-5c87e6666b84","target":"47249037-170a-456d-912a-605eb5fad19d","agreement":true,"isActive":true,"date":1702315238983,"kind":"Connector","isSelected":false,"intensity":3,"isDeletable":true,"isOver":false,"isBidirectional":false,"eventLog":[{"time":1702315238983,"type":"create connection"},{"time":1702315240399,"type":"selected","value":1},{"time":1702315242502,"type":"change intensity of connector","value":3},{"time":1702315242502,"type":"selected","value":0}]},{"id":"3c2f03eb-f608-4f5c-9e55-89cd9da92350","source":"f8bb8161-3b77-4378-86bd-e8058ada86d9","target":"10c97626-c889-474e-94ee-85d5a36918c2","agreement":true,"isActive":true,"date":1702315304807,"kind":"Connector","isSelected":false,"intensity":6,"isDeletable":true,"isOver":false,"isBidirectional":false,"eventLog":[{"time":1702315304807,"type":"create connection"},{"time":1702315307418,"type":"selected","value":1},{"time":1702315310102,"type":"change intensity of connector","value":6},{"time":1702315310102,"type":"selected","value":0}]}],"currentID":["3c2f03eb-f608-4f5c-9e55-89cd9da92350"],"currentNode":{},"hasSelectedNode":[false],"currentConnector":{"id":["3c2f03eb-f608-4f5c-9e55-89cd9da92350"],"value":{},"source":["f8bb8161-3b77-4378-86bd-e8058ada86d9"],"target":["10c97626-c889-474e-94ee-85d5a36918c2"],"agreement":[true],"isActive":[true],"date":[1702315304807],"kind":["Connector"],"isSelected":[false],"intensity":[6],"isDeletable":[true],"isOver":[false],"isBidirectional":[false],"eventLog":[{"time":1702315304807,"type":"create connection"},{"time":1702315307418,"type":"selected","value":1},{"time":1702315310102,"type":"change intensity of connector","value":6},{"time":1702315310102,"type":"selected","value":0}]},"hasSelectedConnector":[true],"readyToMove":[false],"isIncoming":[false],"hasElementMoved":[false]}
