{"idCAM":["b4442081-ddc8-4bcb-9861-d6a417feff71"],"creator":["6505b19314eb42b422d59509_post"],"projectCAM":["S2_CAM part 2"],"defocusCAM":[33],"date":[1702291395946],"nodes":[{"id":"47bd73dd-c7c7-4c60-ac8b-6ee5f92a015b","value":10,"text":"social assistance robot","comment":"","position":{"x":650,"y":400},"isActive":true,"date":1702291396832,"kind":"Node","isSelected":false,"isConnectorSelected":false,"isDraggable":0,"isDeletable":0,"hasElementMoved":false,"eventLog":[{"time":1702291396832,"type":"create node","value":10}],"isTextChangeable":0},{"id":"b3d23a42-d896-43cd-851a-09841df20083","value":-1,"text":"disadvantages","comment":"","position":{"x":450,"y":400},"isActive":true,"date":1702291396833,"kind":"Node","isSelected":false,"isConnectorSelected":false,"isDraggable":0,"isDeletable":0,"hasElementMoved":false,"eventLog":[{"time":1702291396833,"type":"create node","value":0},{"time":1702291475309,"type":"selected","value":1},{"time":1702291476937,"type":"value","value":-1},{"time":1702291476937,"type":"selected","value":0}],"isTextChangeable":0},{"id":"889c743f-ebbd-424b-82c7-191249e72c8d","value":1,"text":"advantages","comment":"","position":{"x":850,"y":400},"isActive":true,"date":1702291396833,"kind":"Node","isSelected":false,"isConnectorSelected":false,"isDraggable":0,"isDeletable":0,"hasElementMoved":false,"eventLog":[{"time":1702291396833,"type":"create node","value":0},{"time":1702291471268,"type":"selected","value":1},{"time":1702291474420,"type":"value","value":1},{"time":1702291474420,"type":"selected","value":0}],"isTextChangeable":0},{"id":"2ecb62f6-f5fb-455e-a868-dcdb6e5fcf11","value":1,"text":"society","comment":"","position":{"x":853,"y":242},"isActive":true,"date":1702291396833,"kind":"Node","isSelected":false,"isConnectorSelected":false,"isDraggable":1,"isDeletable":1,"hasElementMoved":false,"eventLog":[{"time":1702291396833,"type":"create node","value":1}],"isTextChangeable":1},{"id":"4457011a-065a-4480-895e-d0741ef0c78b","value":2,"text":"permanent care","comment":"","position":{"x":978,"y":267},"isActive":true,"date":1702291396833,"kind":"Node","isSelected":false,"isConnectorSelected":false,"isDraggable":1,"isDeletable":1,"hasElementMoved":false,"eventLog":[{"time":"1702291396833","type":"create node","value":[2]},{"time":"2023-12-11T10:44:11.294Z","type":"position","value":{"x":[1001],"y":[284]}}],"isTextChangeable":1},{"id":"cb34fcb0-3c41-4e2b-9496-1790ab925fd7","value":1,"text":"able to learn","comment":"","position":{"x":1054,"y":355},"isActive":true,"date":1702291396833,"kind":"Node","isSelected":false,"isConnectorSelected":false,"isDraggable":1,"isDeletable":1,"hasElementMoved":false,"eventLog":[{"time":"1702291396833","type":"create node","value":[1]},{"time":"2023-12-11T10:44:12.972Z","type":"position","value":{"x":[1064],"y":[382]}}],"isTextChangeable":1},{"id":"ef81e867-e126-464a-91f0-7a26b6461a5d","value":10,"text":"maintenance","comment":"","position":{"x":455,"y":211},"isActive":true,"date":1702291396833,"kind":"Node","isSelected":false,"isConnectorSelected":false,"isDraggable":1,"isDeletable":1,"hasElementMoved":false,"eventLog":[{"time":1702291396833,"type":"create node","value":10}],"isTextChangeable":1},{"id":"65b840dc-67f0-43a1-a99a-9eee57bdeaa3","value":10,"text":"technical understanding","comment":"","position":{"x":287,"y":245},"isActive":true,"date":1702291396833,"kind":"Node","isSelected":false,"isConnectorSelected":false,"isDraggable":1,"isDeletable":1,"hasElementMoved":false,"eventLog":[{"time":"1702291396833","type":"create node","value":[10]},{"time":"2023-12-11T10:45:01.187Z","type":"position","value":{"x":[281],"y":[236]}}],"isTextChangeable":1},{"id":"9cb5f934-26d5-433b-8b26-06d40a1cf2f9","value":-1,"text":"costs","comment":"","position":{"x":226,"y":393},"isActive":true,"date":1702291396833,"kind":"Node","isSelected":false,"isConnectorSelected":false,"isDraggable":1,"isDeletable":1,"hasElementMoved":false,"eventLog":[{"time":"1702291396833","type":"create node","value":[-1]},{"time":"2023-12-11T10:44:48.346Z","type":"position","value":{"x":[207],"y":[392]}},{"time":"2023-12-11T10:44:59.508Z","type":"position","value":{"x":[230],"y":[327]}}],"isTextChangeable":1},{"id":"debf9d06-e12a-496e-ae8b-becbaa69ca9c","value":-2,"text":"limitation","comment":"","position":{"x":272,"y":542},"isActive":true,"date":1702291396833,"kind":"Node","isSelected":false,"isConnectorSelected":false,"isDraggable":1,"isDeletable":1,"hasElementMoved":false,"eventLog":[{"time":"1702291396833","type":"create node","value":[-2]},{"time":"2023-12-11T10:44:50.089Z","type":"position","value":{"x":[234],"y":[540]}},{"time":"2023-12-11T10:44:57.706Z","type":"position","value":{"x":[223],"y":[470]}}],"isTextChangeable":1},{"id":"493b44c1-e4c5-4843-8edd-8f0958cbd207","value":-3,"text":"loss of humanity","comment":"","position":{"x":448,"y":584},"isActive":true,"date":1702291396833,"kind":"Node","isSelected":false,"isConnectorSelected":false,"isDraggable":1,"isDeletable":1,"hasElementMoved":false,"eventLog":[{"time":"1702291396833","type":"create node","value":[-3]},{"time":"2023-12-11T10:43:21.126Z","type":"position","value":{"x":[462],"y":[575]}}],"isTextChangeable":1},{"id":"455b81e0-70ed-4de1-af93-1a9a8fd1d7dc","value":2,"text":"creation of jobs","comment":"","position":{"x":1038,"y":457},"isActive":true,"date":1702291396833,"kind":"Node","isSelected":false,"isConnectorSelected":false,"isDraggable":1,"isDeletable":1,"hasElementMoved":false,"eventLog":[{"time":"1702291396833","type":"create node","value":[2]},{"time":"2023-12-11T10:43:38.138Z","type":"position","value":{"x":[1015],"y":[531]}},{"time":"2023-12-11T10:44:14.120Z","type":"position","value":{"x":[1053],"y":[517]}}],"isTextChangeable":1},{"id":"aa3a48b1-0f05-42bb-8d70-81503949b7d3","value":3,"text":"Innovation","comment":"","position":{"x":951,"y":540},"isActive":true,"date":1702291396833,"kind":"Node","isSelected":false,"isConnectorSelected":false,"isDraggable":1,"isDeletable":1,"hasElementMoved":false,"eventLog":[{"time":"1702291396833","type":"create node","value":[3]},{"time":"2023-12-11T10:43:27.288Z","type":"position","value":{"x":[841],"y":[570]}},{"time":"2023-12-11T10:43:29.100Z","type":"position","value":{"x":[847],"y":[588]}},{"time":"2023-12-11T10:43:35.961Z","type":"position","value":{"x":[850],"y":[571]}},{"time":"2023-12-11T10:43:39.994Z","type":"position","value":{"x":[883],"y":[556]}},{"time":"2023-12-11T10:44:15.983Z","type":"position","value":{"x":[951],"y":[548]}}],"isTextChangeable":1},{"id":"d902d299-3275-4007-9072-be000499d880","value":1,"text":"versatile in use","comment":"A single robot can be used in different settings","position":{"x":816,"y":546},"isActive":true,"date":1702291421788,"kind":"Node","isSelected":false,"isConnectorSelected":false,"isDraggable":1,"isDeletable":1,"hasElementMoved":false,"eventLog":[{"time":"1702291421788","type":"create node","value":[0]},{"time":"1702291421892","type":"selected","value":[true]},{"time":"1702291449906","type":"text","value":["Vielseitig anwendbar"]},{"time":"1702291449906","type":"comment","value":["Ein einzelner Roboter kann in verschiedenen Settings eingesetzt werden"]},{"time":"1702291449906","type":"selected","value":[false]},{"time":"2023-12-11T10:44:17.243Z","type":"position","value":{"x":[820],"y":[568]}},{"time":"1702291458644","type":"selected","value":[true]},{"time":"1702291460469","type":"value","value":[1]},{"time":"1702291460469","type":"selected","value":[false]},{"time":"1702291461433","type":"selected","value":[true]},{"time":"1702291462599","type":"selected","value":[false]},{"time":"2023-12-11T10:44:24.531Z","type":"position","value":{"x":[815],"y":[559]}}],"isTextChangeable":1}],"connectors":[{"id":"735f2c48-91b2-491b-a3eb-bd911c600662","source":"47bd73dd-c7c7-4c60-ac8b-6ee5f92a015b","target":"b3d23a42-d896-43cd-851a-09841df20083","agreement":true,"isActive":true,"date":1702291396833,"kind":"Connector","isSelected":false,"intensity":3,"isDeletable":false,"isOver":false,"isBidirectional":false,"eventLog":[{"time":1702291396833,"type":"create connection"}]},{"id":"e84dfab0-7c1e-436d-828f-b988e4f5e769","source":"47bd73dd-c7c7-4c60-ac8b-6ee5f92a015b","target":"889c743f-ebbd-424b-82c7-191249e72c8d","agreement":true,"isActive":true,"date":1702291396833,"kind":"Connector","isSelected":false,"intensity":3,"isDeletable":true,"isOver":false,"isBidirectional":false,"eventLog":[{"time":1702291396833,"type":"create connection"}]},{"id":"2b9e813c-e7bb-4b55-9094-012583c8a618","source":"889c743f-ebbd-424b-82c7-191249e72c8d","target":"2ecb62f6-f5fb-455e-a868-dcdb6e5fcf11","agreement":true,"isActive":true,"date":1702291396833,"kind":"Connector","isSelected":false,"intensity":3,"isDeletable":true,"isOver":false,"isBidirectional":false,"eventLog":[{"time":1702291396833,"type":"create connection"}]},{"id":"e3d5dd36-df43-4f1e-b56e-a50bd30e2380","source":"4457011a-065a-4480-895e-d0741ef0c78b","target":"889c743f-ebbd-424b-82c7-191249e72c8d","agreement":true,"isActive":true,"date":1702291396833,"kind":"Connector","isSelected":false,"intensity":3,"isDeletable":true,"isOver":false,"isBidirectional":false,"eventLog":[{"time":1702291396833,"type":"create connection"}]},{"id":"d894c43b-1c67-4bf9-8786-4212637c6fa5","source":"ef81e867-e126-464a-91f0-7a26b6461a5d","target":"b3d23a42-d896-43cd-851a-09841df20083","agreement":false,"isActive":true,"date":1702291396833,"kind":"Connector","isSelected":false,"intensity":3,"isDeletable":true,"isOver":false,"isBidirectional":false,"eventLog":[{"time":1702291396833,"type":"create connection"}]},{"id":"f96c463f-9c92-4946-a2f9-417da35db8c8","source":"65b840dc-67f0-43a1-a99a-9eee57bdeaa3","target":"b3d23a42-d896-43cd-851a-09841df20083","agreement":true,"isActive":true,"date":1702291396833,"kind":"Connector","isSelected":false,"intensity":3,"isDeletable":true,"isOver":false,"isBidirectional":false,"eventLog":[{"time":1702291396833,"type":"create connection"}]},{"id":"90eac8d4-f3a9-4653-bcc3-be6dfa3860ce","source":"9cb5f934-26d5-433b-8b26-06d40a1cf2f9","target":"b3d23a42-d896-43cd-851a-09841df20083","agreement":false,"isActive":true,"date":1702291396833,"kind":"Connector","isSelected":false,"intensity":3,"isDeletable":true,"isOver":false,"isBidirectional":false,"eventLog":[{"time":1702291396833,"type":"create connection"}]},{"id":"8038ce3b-46dc-416b-9ec2-1e3e2ac951cf","source":"debf9d06-e12a-496e-ae8b-becbaa69ca9c","target":"b3d23a42-d896-43cd-851a-09841df20083","agreement":true,"isActive":true,"date":1702291396833,"kind":"Connector","isSelected":false,"intensity":3,"isDeletable":true,"isOver":false,"isBidirectional":false,"eventLog":[{"time":1702291396833,"type":"create connection"}]},{"id":"de4103fa-af47-4d42-8084-260114c73eac","source":"493b44c1-e4c5-4843-8edd-8f0958cbd207","target":"b3d23a42-d896-43cd-851a-09841df20083","agreement":false,"isActive":true,"date":1702291396833,"kind":"Connector","isSelected":false,"intensity":9,"isDeletable":true,"isOver":false,"isBidirectional":false,"eventLog":[{"time":1702291396833,"type":"create connection"}]},{"id":"aba0cd43-1494-4ab1-9e85-227c04302fa8","source":"cb34fcb0-3c41-4e2b-9496-1790ab925fd7","target":"889c743f-ebbd-424b-82c7-191249e72c8d","agreement":true,"isActive":true,"date":1702291396833,"kind":"Connector","isSelected":false,"intensity":3,"isDeletable":true,"isOver":false,"isBidirectional":false,"eventLog":[{"time":1702291396833,"type":"create connection"}]},{"id":"a5410ce5-14bc-422f-a9b1-28228ff48f2d","source":"889c743f-ebbd-424b-82c7-191249e72c8d","target":"455b81e0-70ed-4de1-af93-1a9a8fd1d7dc","agreement":true,"isActive":true,"date":1702291396833,"kind":"Connector","isSelected":false,"intensity":3,"isDeletable":true,"isOver":false,"isBidirectional":false,"eventLog":[{"time":1702291396833,"type":"create connection"}]},{"id":"cb1936da-041c-45ac-8e21-54702ce79a4d","source":"aa3a48b1-0f05-42bb-8d70-81503949b7d3","target":"889c743f-ebbd-424b-82c7-191249e72c8d","agreement":true,"isActive":true,"date":1702291396833,"kind":"Connector","isSelected":false,"intensity":3,"isDeletable":true,"isOver":false,"isBidirectional":false,"eventLog":[{"time":1702291396833,"type":"create connection"}]},{"id":"3c7fe0d9-ea34-4c8d-acf2-70512556f3a0","source":"d902d299-3275-4007-9072-be000499d880","target":"889c743f-ebbd-424b-82c7-191249e72c8d","agreement":true,"isActive":true,"date":1702291463618,"kind":"Connector","isSelected":false,"intensity":3,"isDeletable":true,"isOver":false,"isBidirectional":false,"eventLog":[{"time":1702291463618,"type":"create connection"}]}],"currentID":{},"currentNode":{},"hasSelectedNode":[false],"currentConnector":{},"hasSelectedConnector":[false],"readyToMove":[false],"isIncoming":[false],"hasElementMoved":[false]}
