{"idCAM":["8b64667f-efa2-481e-8ceb-cf37447f386f"],"creator":["6505c50f48dfd793a7787b8a_post"],"projectCAM":["S2_CAM part 2"],"defocusCAM":[null],"date":[1702312745702],"nodes":[{"id":"2ee7b475-7de4-4294-82a5-ce30dbbb7020","value":2,"text":"rescue robot","comment":"","position":{"x":650,"y":400},"isActive":true,"date":1702312746523,"kind":"Node","isSelected":false,"isConnectorSelected":false,"isDraggable":0,"isDeletable":0,"hasElementMoved":false,"eventLog":[{"time":1702312746523,"type":"create node","value":2}],"isTextChangeable":0},{"id":"f014730b-356e-4d6e-a24b-a613708b9396","value":0,"text":"disadvantages","comment":"","position":{"x":450,"y":400},"isActive":true,"date":1702312746524,"kind":"Node","isSelected":false,"isConnectorSelected":false,"isDraggable":0,"isDeletable":0,"hasElementMoved":false,"eventLog":[{"time":1702312746524,"type":"create node","value":0}],"isTextChangeable":0},{"id":"3094f812-b1b8-4fdd-9ff8-9177612c2dfa","value":0,"text":"advantages","comment":"","position":{"x":850,"y":400},"isActive":true,"date":1702312746524,"kind":"Node","isSelected":false,"isConnectorSelected":false,"isDraggable":0,"isDeletable":0,"hasElementMoved":false,"eventLog":[{"time":1702312746524,"type":"create node","value":0}],"isTextChangeable":0},{"id":"4ed9a8ca-b888-4277-86e9-c13341f42551","value":3,"text":"protection of emergency services","comment":"","position":{"x":852,"y":187},"isActive":true,"date":1702312746524,"kind":"Node","isSelected":false,"isConnectorSelected":false,"isDraggable":1,"isDeletable":1,"hasElementMoved":false,"eventLog":[{"time":1702312746524,"type":"create node","value":3}],"isTextChangeable":1},{"id":"26fb79a5-c694-4f5a-9061-2e5741d2b554","value":-1,"text":"suffer less imaginable","comment":"","position":{"x":454,"y":630},"isActive":true,"date":1702312746524,"kind":"Node","isSelected":false,"isConnectorSelected":false,"isDraggable":1,"isDeletable":1,"hasElementMoved":false,"eventLog":[{"time":1702312746524,"type":"create node","value":-1}],"isTextChangeable":1},{"id":"7f919081-e2d8-4db3-a20e-7c56092122c0","value":-2,"text":"dependence","comment":"","position":{"x":276,"y":561},"isActive":true,"date":1702312746524,"kind":"Node","isSelected":false,"isConnectorSelected":false,"isDraggable":1,"isDeletable":1,"hasElementMoved":false,"eventLog":[{"time":1702312746524,"type":"create node","value":-2}],"isTextChangeable":1},{"id":"e78b6c8c-cdce-4bf3-8918-1ac7559ce1e5","value":3,"text":"efficiency","comment":"","position":{"x":1018,"y":281},"isActive":true,"date":1702312746524,"kind":"Node","isSelected":false,"isConnectorSelected":false,"isDraggable":1,"isDeletable":1,"hasElementMoved":false,"eventLog":[{"time":1702312746524,"type":"create node","value":3}],"isTextChangeable":1},{"id":"68c9642e-ab14-4487-b4c1-8c0f692879cf","value":0,"text":"transparency necessary","comment":"","position":{"x":648,"y":566},"isActive":true,"date":1702312746524,"kind":"Node","isSelected":false,"isConnectorSelected":false,"isDraggable":1,"isDeletable":1,"hasElementMoved":false,"eventLog":[{"time":1702312746524,"type":"create node","value":0}],"isTextChangeable":1},{"id":"bf7b914e-5c69-4fa5-9ab7-8c35704c6c1d","value":0,"text":"independent monitoring","comment":"","position":{"x":644,"y":180},"isActive":true,"date":1702312746524,"kind":"Node","isSelected":false,"isConnectorSelected":false,"isDraggable":1,"isDeletable":1,"hasElementMoved":false,"eventLog":[{"time":"1702312746524","type":"create node","value":[0]},{"time":"2023-12-11T16:40:19.769Z","type":"position","value":{"x":[686],"y":[210]}},{"time":"2023-12-11T16:40:22.739Z","type":"position","value":{"x":[615],"y":[184]}}],"isTextChangeable":1},{"id":"bddf782b-77bb-4c0d-ab72-41c497ff5d1c","value":-2,"text":"power of companies","comment":"","position":{"x":194,"y":349},"isActive":true,"date":1702312746524,"kind":"Node","isSelected":false,"isConnectorSelected":false,"isDraggable":1,"isDeletable":1,"hasElementMoved":false,"eventLog":[{"time":1702312746524,"type":"create node","value":-2}],"isTextChangeable":1},{"id":"f7d65de0-8493-4675-8687-3f12277cc5f0","value":2,"text":"research","comment":"","position":{"x":1062,"y":536},"isActive":true,"date":1702312746524,"kind":"Node","isSelected":false,"isConnectorSelected":false,"isDraggable":1,"isDeletable":1,"hasElementMoved":false,"eventLog":[{"time":"1702312746524","type":"create node","value":[2]},{"time":"2023-12-11T16:43:38.854Z","type":"position","value":{"x":[998],"y":[554]}}],"isTextChangeable":1},{"id":"b5f48779-e9a3-4e8b-b25a-402d23cc3aae","value":2,"text":"more possibilities","comment":"","position":{"x":1121,"y":391},"isActive":true,"date":1702312746524,"kind":"Node","isSelected":false,"isConnectorSelected":false,"isDraggable":1,"isDeletable":1,"hasElementMoved":false,"eventLog":[{"time":"1702312746525","type":"create node","value":[2]},{"time":"2023-12-11T16:43:36.564Z","type":"position","value":{"x":[1108],"y":[448]}}],"isTextChangeable":1},{"id":"dd87c3a2-8a54-4ba4-a48b-e6c4382d76b0","value":0,"text":"necessity of education","comment":"","position":{"x":796,"y":529},"isActive":true,"date":1702312746525,"kind":"Node","isSelected":false,"isConnectorSelected":false,"isDraggable":1,"isDeletable":1,"hasElementMoved":false,"eventLog":[{"time":1702312746525,"type":"create node","value":0}],"isTextChangeable":1},{"id":"8c54b999-b923-414d-9312-5e3ca99af136","value":-2,"text":"bias","comment":"Robots could act discriminatively due to programmed bias against certain victim groups.","position":{"x":380,"y":243},"isActive":true,"date":1702312752311,"kind":"Node","isSelected":false,"isConnectorSelected":false,"isDraggable":1,"isDeletable":1,"hasElementMoved":false,"eventLog":[{"time":1702312752311,"type":"create node","value":"0"},{"time":1702312754073,"type":"selected","value":"TRUE"},{"time":1702312806866,"type":"text","value":"Voreingenommenheit"},{"time":1702312806866,"type":"value","value":"-2"},{"time":1702312806866,"type":"comment","value":"Roboter könnten aufgrund einprogrammierter Bias gegenüber manchen Opfergruppen diskriminierend handeln."},{"time":1702312806866,"type":"selected","value":"FALSE"}],"isTextChangeable":1},{"id":"802aee38-97cb-4e81-a432-dfaf3055c1e0","value":0,"text":"consideration of the type of robot","comment":"Some types of robots could be prone to damage in certain environments due to their design. Therefore, their use must be optimally adapted to their environment.","position":{"x":514,"y":279},"isActive":true,"date":1702312831951,"kind":"Node","isSelected":false,"isConnectorSelected":false,"isDraggable":1,"isDeletable":1,"hasElementMoved":false,"eventLog":[{"time":1702312831951,"type":"create node","value":"0"},{"time":1702312832879,"type":"selected","value":"TRUE"},{"time":1702313007483,"type":"text","value":"Abwägung der Roboterart"},{"time":1702313007483,"type":"comment","value":"Manche Roboterarten könnten in bestimmten Umgebungen aufgrund ihrer Bauart anfällig für Beschädigungen sein. Ihr Einsatz muss daher bestmöglich auf ihre Umgebung abgestimmt werden."},{"time":1702313007483,"type":"selected","value":"FALSE"}],"isTextChangeable":1},{"id":"158537e6-401e-411d-a7f1-cdad283ed5d4","value":0,"text":"","comment":"","position":{"x":934,"y":596},"isActive":false,"date":1702313020716,"kind":"Node","isSelected":false,"isConnectorSelected":false,"isDraggable":1,"isDeletable":1,"hasElementMoved":false,"eventLog":[{"time":1702313020716,"type":"create node","value":0},{"time":1702313030899,"type":"selected","value":1},{"time":1702313031313,"type":"selected","value":0},{"time":1702313035701,"type":"selected","value":1},{"time":1702313037173,"type":"node was deleted","value":-99}],"isTextChangeable":1}],"connectors":[{"id":"b5145c0b-f21b-4e49-a51f-d78e490fac87","source":"2ee7b475-7de4-4294-82a5-ce30dbbb7020","target":"f014730b-356e-4d6e-a24b-a613708b9396","agreement":true,"isActive":true,"date":1702312746525,"kind":"Connector","isSelected":false,"intensity":3,"isDeletable":false,"isOver":false,"isBidirectional":false,"eventLog":[{"time":1702312746525,"type":"create connection"}]},{"id":"9b2cf34a-ac93-4c37-b2e6-572e2b41fcee","source":"2ee7b475-7de4-4294-82a5-ce30dbbb7020","target":"3094f812-b1b8-4fdd-9ff8-9177612c2dfa","agreement":true,"isActive":true,"date":1702312746525,"kind":"Connector","isSelected":false,"intensity":3,"isDeletable":true,"isOver":false,"isBidirectional":false,"eventLog":[{"time":1702312746525,"type":"create connection"}]},{"id":"db656801-e718-4cc3-993e-4b5fa76771c1","source":"3094f812-b1b8-4fdd-9ff8-9177612c2dfa","target":"4ed9a8ca-b888-4277-86e9-c13341f42551","agreement":true,"isActive":true,"date":1702312746525,"kind":"Connector","isSelected":false,"intensity":6,"isDeletable":true,"isOver":false,"isBidirectional":false,"eventLog":[{"time":1702312746525,"type":"create connection"}]},{"id":"0fcc2513-44fc-4667-9b0d-c53f21c1a667","source":"f014730b-356e-4d6e-a24b-a613708b9396","target":"26fb79a5-c694-4f5a-9061-2e5741d2b554","agreement":true,"isActive":true,"date":1702312746525,"kind":"Connector","isSelected":false,"intensity":3,"isDeletable":true,"isOver":false,"isBidirectional":false,"eventLog":[{"time":1702312746525,"type":"create connection"}]},{"id":"01b135cf-a01d-44fb-a3bc-73ff60ac8968","source":"7f919081-e2d8-4db3-a20e-7c56092122c0","target":"f014730b-356e-4d6e-a24b-a613708b9396","agreement":true,"isActive":true,"date":1702312746525,"kind":"Connector","isSelected":false,"intensity":3,"isDeletable":true,"isOver":false,"isBidirectional":false,"eventLog":[{"time":1702312746525,"type":"create connection"}]},{"id":"737bcf9f-3cb9-4041-9f8f-7b9c5cc7c7dc","source":"3094f812-b1b8-4fdd-9ff8-9177612c2dfa","target":"e78b6c8c-cdce-4bf3-8918-1ac7559ce1e5","agreement":true,"isActive":true,"date":1702312746525,"kind":"Connector","isSelected":false,"intensity":9,"isDeletable":true,"isOver":false,"isBidirectional":false,"eventLog":[{"time":1702312746525,"type":"create connection"}]},{"id":"e675485b-48f6-4d0d-8596-9a8379429d22","source":"68c9642e-ab14-4487-b4c1-8c0f692879cf","target":"2ee7b475-7de4-4294-82a5-ce30dbbb7020","agreement":true,"isActive":true,"date":1702312746526,"kind":"Connector","isSelected":false,"intensity":3,"isDeletable":true,"isOver":false,"isBidirectional":false,"eventLog":[{"time":1702312746526,"type":"create connection"}]},{"id":"ee7af2e5-9b92-48b3-aa75-8fca584e1b26","source":"bf7b914e-5c69-4fa5-9ab7-8c35704c6c1d","target":"2ee7b475-7de4-4294-82a5-ce30dbbb7020","agreement":true,"isActive":true,"date":1702312746526,"kind":"Connector","isSelected":false,"intensity":3,"isDeletable":true,"isOver":false,"isBidirectional":false,"eventLog":[{"time":1702312746526,"type":"create connection"}]},{"id":"85741f9a-dd78-4ef1-8040-bd8790baef42","source":"bddf782b-77bb-4c0d-ab72-41c497ff5d1c","target":"f014730b-356e-4d6e-a24b-a613708b9396","agreement":true,"isActive":true,"date":1702312746526,"kind":"Connector","isSelected":false,"intensity":3,"isDeletable":true,"isOver":false,"isBidirectional":false,"eventLog":[{"time":1702312746526,"type":"create connection"}]},{"id":"61c2f472-8fb5-4a68-9715-dab7f22097b2","source":"f7d65de0-8493-4675-8687-3f12277cc5f0","target":"3094f812-b1b8-4fdd-9ff8-9177612c2dfa","agreement":true,"isActive":true,"date":1702312746526,"kind":"Connector","isSelected":false,"intensity":3,"isDeletable":true,"isOver":false,"isBidirectional":false,"eventLog":[{"time":1702312746526,"type":"create connection"}]},{"id":"185d79b6-1693-4c0d-bd00-7c0333f34ea7","source":"3094f812-b1b8-4fdd-9ff8-9177612c2dfa","target":"b5f48779-e9a3-4e8b-b25a-402d23cc3aae","agreement":true,"isActive":true,"date":1702312746526,"kind":"Connector","isSelected":false,"intensity":3,"isDeletable":true,"isOver":false,"isBidirectional":false,"eventLog":[{"time":1702312746526,"type":"create connection"}]},{"id":"d00c1c80-f641-4b6f-b2e8-70f5ecc52d78","source":"dd87c3a2-8a54-4ba4-a48b-e6c4382d76b0","target":"2ee7b475-7de4-4294-82a5-ce30dbbb7020","agreement":true,"isActive":true,"date":1702312746526,"kind":"Connector","isSelected":false,"intensity":3,"isDeletable":true,"isOver":false,"isBidirectional":false,"eventLog":[{"time":1702312746526,"type":"create connection"}]},{"id":"197db84f-c29c-46e8-90a4-75eed0752c95","source":"7f919081-e2d8-4db3-a20e-7c56092122c0","target":"bddf782b-77bb-4c0d-ab72-41c497ff5d1c","agreement":true,"isActive":true,"date":1702312746527,"kind":"Connector","isSelected":false,"intensity":3,"isDeletable":true,"isOver":false,"isBidirectional":false,"eventLog":[{"time":1702312746527,"type":"create connection"}]},{"id":"2b33ad40-48e9-40e6-a2d6-939beca5a2e3","source":"f7d65de0-8493-4675-8687-3f12277cc5f0","target":"b5f48779-e9a3-4e8b-b25a-402d23cc3aae","agreement":true,"isActive":true,"date":1702312746527,"kind":"Connector","isSelected":false,"intensity":3,"isDeletable":true,"isOver":false,"isBidirectional":false,"eventLog":[{"time":1702312746527,"type":"create connection"}]},{"id":"24e0dc94-8082-4abb-b4ab-95745165bcb4","source":"8c54b999-b923-414d-9312-5e3ca99af136","target":"f014730b-356e-4d6e-a24b-a613708b9396","agreement":true,"isActive":true,"date":1702312808749,"kind":"Connector","isSelected":false,"intensity":6,"isDeletable":true,"isOver":false,"isBidirectional":false,"eventLog":[{"time":1702312808749,"type":"create connection"},{"time":1702312814292,"type":"selected","value":1},{"time":1702312816868,"type":"change intensity of connector","value":6},{"time":1702312816868,"type":"selected","value":0}]},{"id":"3d98dc6c-bea8-4bf2-8dce-ba49842ccdb2","source":"802aee38-97cb-4e81-a432-dfaf3055c1e0","target":"2ee7b475-7de4-4294-82a5-ce30dbbb7020","agreement":true,"isActive":true,"date":1702313009153,"kind":"Connector","isSelected":false,"intensity":3,"isDeletable":true,"isOver":false,"isBidirectional":false,"eventLog":[{"time":1702313009153,"type":"create connection"}]},{"id":"8d1caa06-7872-4f3c-8b06-311893f1911a","source":"3094f812-b1b8-4fdd-9ff8-9177612c2dfa","target":"158537e6-401e-411d-a7f1-cdad283ed5d4","agreement":true,"isActive":false,"date":1702313025695,"kind":"Connector","isSelected":false,"intensity":3,"isDeletable":true,"isOver":false,"isBidirectional":false,"eventLog":[{"time":1702313025695,"type":"create connection"},{"time":1702313037173,"type":"active","value":false}]}],"currentID":{},"currentNode":{},"hasSelectedNode":[false],"currentConnector":{},"hasSelectedConnector":[false],"readyToMove":[false],"isIncoming":[false],"hasElementMoved":[false]}
