{"idCAM":["2e35137a-3321-4b53-b679-6efea72dfd4f"],"creator":["650c42b04e90f6c176d20f48_post"],"projectCAM":["S2_CAM part 2"],"defocusCAM":[],"date":[1702311019265],"nodes":[{"id":"fd4f68ea-9c73-431b-a9d3-970f5bc0d065","value":0,"text":"social assistance robot","comment":"","position":{"x":650,"y":400},"isActive":true,"date":1702311020162,"kind":"Node","isSelected":false,"isConnectorSelected":false,"isDraggable":0,"isDeletable":0,"hasElementMoved":false,"eventLog":[{"time":1702311020162,"type":"create node","value":0}],"isTextChangeable":0},{"id":"78961b0f-5da7-4e4f-a80b-aa77abb8b4a0","value":0,"text":"disadvantages","comment":"","position":{"x":450,"y":400},"isActive":true,"date":1702311020162,"kind":"Node","isSelected":false,"isConnectorSelected":false,"isDraggable":0,"isDeletable":0,"hasElementMoved":false,"eventLog":[{"time":1702311020162,"type":"create node","value":0}],"isTextChangeable":0},{"id":"a05b311d-bf73-4982-8b36-f7b3d3190c18","value":0,"text":"advantages","comment":"","position":{"x":850,"y":400},"isActive":true,"date":1702311020162,"kind":"Node","isSelected":false,"isConnectorSelected":false,"isDraggable":0,"isDeletable":0,"hasElementMoved":false,"eventLog":[{"time":1702311020162,"type":"create node","value":0}],"isTextChangeable":0},{"id":"b684c168-4dc3-4bfc-a488-218176e2991d","value":2,"text":"social support","comment":"","position":{"x":893,"y":520},"isActive":true,"date":1702311020162,"kind":"Node","isSelected":false,"isConnectorSelected":false,"isDraggable":1,"isDeletable":1,"hasElementMoved":false,"eventLog":[{"time":1702311020162,"type":"create node","value":2}],"isTextChangeable":1},{"id":"07b93b59-0f41-4234-9dff-14b7467b9392","value":2,"text":"physical support","comment":"","position":{"x":922,"y":281},"isActive":true,"date":1702311020162,"kind":"Node","isSelected":false,"isConnectorSelected":false,"isDraggable":1,"isDeletable":1,"hasElementMoved":false,"eventLog":[{"time":1702311020162,"type":"create node","value":2}],"isTextChangeable":1},{"id":"4c54c30b-46d0-4c47-8f54-a4efaca7d7be","value":0,"text":"surveillance","comment":"","position":{"x":640,"y":251},"isActive":true,"date":1702311020163,"kind":"Node","isSelected":false,"isConnectorSelected":false,"isDraggable":1,"isDeletable":1,"hasElementMoved":false,"eventLog":[{"time":1702311020163,"type":"create node","value":0}],"isTextChangeable":1},{"id":"cffa19be-0bca-4d44-a84b-eae797ed218e","value":-1,"text":"jobs","comment":"","position":{"x":375,"y":265},"isActive":true,"date":1702311020163,"kind":"Node","isSelected":false,"isConnectorSelected":false,"isDraggable":1,"isDeletable":1,"hasElementMoved":false,"eventLog":[{"time":1702311020163,"type":"create node","value":-1}],"isTextChangeable":1},{"id":"6dd01f9d-7f60-4d21-8f67-8b206c2ffb74","value":-2,"text":"safety","comment":"","position":{"x":248,"y":336},"isActive":true,"date":1702311020163,"kind":"Node","isSelected":false,"isConnectorSelected":false,"isDraggable":1,"isDeletable":1,"hasElementMoved":false,"eventLog":[{"time":1702311020163,"type":"create node","value":-2}],"isTextChangeable":1},{"id":"f91f78b5-1fde-4bc8-8cb9-c82d27399d0d","value":-2,"text":"privacy","comment":"","position":{"x":759,"y":145},"isActive":true,"date":1702311020163,"kind":"Node","isSelected":false,"isConnectorSelected":false,"isDraggable":1,"isDeletable":1,"hasElementMoved":false,"eventLog":[{"time":1702311020163,"type":"create node","value":-2}],"isTextChangeable":1},{"id":"ad2c6a1d-dd67-45db-b7b0-efd628c98e46","value":1,"text":"quick intervention","comment":"","position":{"x":520,"y":132},"isActive":true,"date":1702311020163,"kind":"Node","isSelected":false,"isConnectorSelected":false,"isDraggable":1,"isDeletable":1,"hasElementMoved":false,"eventLog":[{"time":1702311020163,"type":"create node","value":1}],"isTextChangeable":1},{"id":"cf42b757-cf3e-4d63-bb47-c4b1becfe1b0","value":1,"text":"costs","comment":"","position":{"x":1008,"y":358},"isActive":true,"date":1702311020163,"kind":"Node","isSelected":false,"isConnectorSelected":false,"isDraggable":1,"isDeletable":1,"hasElementMoved":false,"eventLog":[{"time":1702311020163,"type":"create node","value":1}],"isTextChangeable":1},{"id":"0ce39b3c-1f30-436d-8059-f4df260017b5","value":-3,"text":"humanity","comment":"","position":{"x":276,"y":494},"isActive":true,"date":1702311020163,"kind":"Node","isSelected":false,"isConnectorSelected":false,"isDraggable":1,"isDeletable":1,"hasElementMoved":false,"eventLog":[{"time":1702311020163,"type":"create node","value":-3}],"isTextChangeable":1},{"id":"6c2535bf-e522-4788-a972-780572a3464d","value":-2,"text":"morality and feelings","comment":"","position":{"x":428,"y":549},"isActive":true,"date":1702311020163,"kind":"Node","isSelected":false,"isConnectorSelected":false,"isDraggable":1,"isDeletable":1,"hasElementMoved":false,"eventLog":[{"time":1702311020163,"type":"create node","value":-2}],"isTextChangeable":1},{"id":"822646c9-aea9-447a-a2e1-910c68917e0c","value":10,"text":"artificial intelligence","comment":"","position":{"x":648,"y":546},"isActive":true,"date":1702311020163,"kind":"Node","isSelected":false,"isConnectorSelected":false,"isDraggable":1,"isDeletable":1,"hasElementMoved":false,"eventLog":[{"time":"1702311020163","type":"create node","value":[10]},{"time":"2023-12-11T16:10:34.790Z","type":"position","value":{"x":[682],"y":[545]}}],"isTextChangeable":1}],"connectors":[{"id":"ed0a102c-2f9a-4dcb-a066-b8074789d59e","source":"fd4f68ea-9c73-431b-a9d3-970f5bc0d065","target":"78961b0f-5da7-4e4f-a80b-aa77abb8b4a0","agreement":true,"isActive":true,"date":1702311020163,"kind":"Connector","isSelected":false,"intensity":3,"isDeletable":false,"isOver":false,"isBidirectional":false,"eventLog":[{"time":1702311020163,"type":"create connection"}]},{"id":"82748355-8000-4ac3-8c79-5907e948d7c7","source":"fd4f68ea-9c73-431b-a9d3-970f5bc0d065","target":"a05b311d-bf73-4982-8b36-f7b3d3190c18","agreement":true,"isActive":true,"date":1702311020164,"kind":"Connector","isSelected":false,"intensity":3,"isDeletable":true,"isOver":false,"isBidirectional":false,"eventLog":[{"time":1702311020164,"type":"create connection"}]},{"id":"d46c5537-1287-4b9d-b9b4-841fcad82c13","source":"78961b0f-5da7-4e4f-a80b-aa77abb8b4a0","target":"6c2535bf-e522-4788-a972-780572a3464d","agreement":true,"isActive":true,"date":1702311020164,"kind":"Connector","isSelected":false,"intensity":3,"isDeletable":true,"isOver":false,"isBidirectional":false,"eventLog":[{"time":1702311020164,"type":"create connection"}]},{"id":"8f39747b-e692-49bf-81c3-8c4d5b6362d9","source":"78961b0f-5da7-4e4f-a80b-aa77abb8b4a0","target":"0ce39b3c-1f30-436d-8059-f4df260017b5","agreement":true,"isActive":true,"date":1702311020164,"kind":"Connector","isSelected":false,"intensity":6,"isDeletable":true,"isOver":false,"isBidirectional":false,"eventLog":[{"time":1702311020164,"type":"create connection"}]},{"id":"03a1c416-c583-4213-886e-717b7cedde2a","source":"78961b0f-5da7-4e4f-a80b-aa77abb8b4a0","target":"6dd01f9d-7f60-4d21-8f67-8b206c2ffb74","agreement":true,"isActive":true,"date":1702311020164,"kind":"Connector","isSelected":false,"intensity":3,"isDeletable":true,"isOver":false,"isBidirectional":false,"eventLog":[{"time":1702311020164,"type":"create connection"}]},{"id":"2bfa7ebc-eaa2-4993-b629-ca4399aee007","source":"78961b0f-5da7-4e4f-a80b-aa77abb8b4a0","target":"cffa19be-0bca-4d44-a84b-eae797ed218e","agreement":true,"isActive":true,"date":1702311020164,"kind":"Connector","isSelected":false,"intensity":3,"isDeletable":true,"isOver":false,"isBidirectional":false,"eventLog":[{"time":1702311020164,"type":"create connection"}]},{"id":"d6f1e09e-2179-4f2f-837a-d190911d1451","source":"fd4f68ea-9c73-431b-a9d3-970f5bc0d065","target":"4c54c30b-46d0-4c47-8f54-a4efaca7d7be","agreement":true,"isActive":true,"date":1702311020164,"kind":"Connector","isSelected":false,"intensity":3,"isDeletable":true,"isOver":false,"isBidirectional":false,"eventLog":[{"time":1702311020164,"type":"create connection"}]},{"id":"7612f4f3-037f-4e48-8dd0-8a31827d7ee8","source":"4c54c30b-46d0-4c47-8f54-a4efaca7d7be","target":"ad2c6a1d-dd67-45db-b7b0-efd628c98e46","agreement":true,"isActive":true,"date":1702311020164,"kind":"Connector","isSelected":false,"intensity":3,"isDeletable":true,"isOver":false,"isBidirectional":false,"eventLog":[{"time":1702311020164,"type":"create connection"}]},{"id":"281feba2-1959-4640-aeb1-e88fbb69a036","source":"4c54c30b-46d0-4c47-8f54-a4efaca7d7be","target":"f91f78b5-1fde-4bc8-8cb9-c82d27399d0d","agreement":true,"isActive":true,"date":1702311020164,"kind":"Connector","isSelected":false,"intensity":3,"isDeletable":true,"isOver":false,"isBidirectional":false,"eventLog":[{"time":1702311020164,"type":"create connection"}]},{"id":"78edb5a2-83ca-48ed-9729-abd0a87b1ee0","source":"a05b311d-bf73-4982-8b36-f7b3d3190c18","target":"07b93b59-0f41-4234-9dff-14b7467b9392","agreement":true,"isActive":true,"date":1702311020164,"kind":"Connector","isSelected":false,"intensity":6,"isDeletable":true,"isOver":false,"isBidirectional":false,"eventLog":[{"time":1702311020164,"type":"create connection"}]},{"id":"773b5949-c87d-44bf-825e-19b8b13efa29","source":"a05b311d-bf73-4982-8b36-f7b3d3190c18","target":"cf42b757-cf3e-4d63-bb47-c4b1becfe1b0","agreement":true,"isActive":true,"date":1702311020164,"kind":"Connector","isSelected":false,"intensity":3,"isDeletable":true,"isOver":false,"isBidirectional":false,"eventLog":[{"time":1702311020164,"type":"create connection"}]},{"id":"97be26b1-cde7-46ed-9991-22b259fc4ca1","source":"a05b311d-bf73-4982-8b36-f7b3d3190c18","target":"b684c168-4dc3-4bfc-a488-218176e2991d","agreement":true,"isActive":true,"date":1702311020165,"kind":"Connector","isSelected":false,"intensity":6,"isDeletable":true,"isOver":false,"isBidirectional":false,"eventLog":[{"time":1702311020165,"type":"create connection"}]},{"id":"1029a937-28dc-41b0-94fc-793ae8261bec","source":"0ce39b3c-1f30-436d-8059-f4df260017b5","target":"6c2535bf-e522-4788-a972-780572a3464d","agreement":true,"isActive":true,"date":1702311020165,"kind":"Connector","isSelected":false,"intensity":6,"isDeletable":true,"isOver":false,"isBidirectional":false,"eventLog":[{"time":1702311020165,"type":"create connection"}]},{"id":"baa36c56-f4be-4cfb-aa1c-05c3f673fce6","source":"fd4f68ea-9c73-431b-a9d3-970f5bc0d065","target":"822646c9-aea9-447a-a2e1-910c68917e0c","agreement":true,"isActive":true,"date":1702311020165,"kind":"Connector","isSelected":false,"intensity":3,"isDeletable":true,"isOver":false,"isBidirectional":false,"eventLog":[{"time":1702311020165,"type":"create connection"}]}],"currentID":{},"currentNode":{},"hasSelectedNode":[false],"currentConnector":{},"hasSelectedConnector":[false],"readyToMove":[false],"isIncoming":[false],"hasElementMoved":[false]}
