{"idCAM":["d6668905-c1e0-480a-a2e6-67b8f781a8f9"],"creator":["650c2a3e5ae50ab8668448de_post"],"projectCAM":["S2_CAM part 2"],"defocusCAM":[],"date":[1702312666647],"nodes":[{"id":"2b2f9cec-10f3-4311-9017-ada003a33463","value":1,"text":"rescue robot","comment":"","position":{"x":650,"y":400},"isActive":true,"date":1702312667555,"kind":"Node","isSelected":false,"isConnectorSelected":false,"isDraggable":0,"isDeletable":0,"hasElementMoved":false,"eventLog":[{"time":1702312667555,"type":"create node","value":1}],"isTextChangeable":0},{"id":"191b7d02-d8a5-429a-93b9-9fc87edc83ed","value":-1,"text":"disadvantages","comment":"","position":{"x":450,"y":400},"isActive":true,"date":1702312667555,"kind":"Node","isSelected":false,"isConnectorSelected":false,"isDraggable":0,"isDeletable":0,"hasElementMoved":false,"eventLog":[{"time":1702312667555,"type":"create node","value":-1}],"isTextChangeable":0},{"id":"71d33c07-7beb-41d8-a3be-66c7192edd7d","value":2,"text":"advantages","comment":"","position":{"x":850,"y":400},"isActive":true,"date":1702312667555,"kind":"Node","isSelected":false,"isConnectorSelected":false,"isDraggable":0,"isDeletable":0,"hasElementMoved":false,"eventLog":[{"time":1702312667555,"type":"create node","value":2}],"isTextChangeable":0},{"id":"c8df7d1d-99e7-4f3a-930e-d09d2c446057","value":3,"text":"accuracy of execution","comment":"","position":{"x":1073,"y":333},"isActive":true,"date":1702312667555,"kind":"Node","isSelected":false,"isConnectorSelected":false,"isDraggable":1,"isDeletable":1,"hasElementMoved":false,"eventLog":[{"time":1702312667555,"type":"create node","value":3}],"isTextChangeable":1},{"id":"d0a9d9dd-5377-4313-a666-6fd7dae76039","value":2,"text":"entering dangerous areas","comment":"","position":{"x":1000,"y":505},"isActive":true,"date":1702312667555,"kind":"Node","isSelected":false,"isConnectorSelected":false,"isDraggable":1,"isDeletable":1,"hasElementMoved":false,"eventLog":[{"time":1702312667555,"type":"create node","value":2}],"isTextChangeable":1},{"id":"ae47fe3c-5a00-4ff0-8d2b-d5bd7aa6d626","value":-3,"text":"cannot improvise","comment":"","position":{"x":382,"y":247},"isActive":true,"date":1702312667555,"kind":"Node","isSelected":false,"isConnectorSelected":false,"isDraggable":1,"isDeletable":1,"hasElementMoved":false,"eventLog":[{"time":1702312667555,"type":"create node","value":-3}],"isTextChangeable":1},{"id":"71d1fd5b-5b4b-47e4-9e40-9bd7d03a99bb","value":-1,"text":"discrimination of persons","comment":"","position":{"x":239,"y":516},"isActive":true,"date":1702312667556,"kind":"Node","isSelected":false,"isConnectorSelected":false,"isDraggable":1,"isDeletable":1,"hasElementMoved":false,"eventLog":[{"time":1702312667556,"type":"create node","value":-1}],"isTextChangeable":1},{"id":"0f583845-1afc-437e-b126-13961252b082","value":-2,"text":"can be abused","comment":"","position":{"x":217,"y":369},"isActive":true,"date":1702312667556,"kind":"Node","isSelected":false,"isConnectorSelected":false,"isDraggable":1,"isDeletable":1,"hasElementMoved":false,"eventLog":[{"time":1702312667556,"type":"create node","value":-2}],"isTextChangeable":1},{"id":"100ff48f-9a54-4c33-bcff-732991888140","value":-2,"text":"can seem frightening","comment":"","position":{"x":504,"y":606},"isActive":true,"date":1702312667556,"kind":"Node","isSelected":false,"isConnectorSelected":false,"isDraggable":1,"isDeletable":1,"hasElementMoved":false,"eventLog":[{"time":1702312667556,"type":"create node","value":-2}],"isTextChangeable":1},{"id":"f72fe727-11d6-4de3-8430-ea3876b84a9d","value":3,"text":"reliable performance","comment":"","position":{"x":843,"y":247},"isActive":true,"date":1702312667556,"kind":"Node","isSelected":false,"isConnectorSelected":false,"isDraggable":1,"isDeletable":1,"hasElementMoved":false,"eventLog":[{"time":1702312667556,"type":"create node","value":3}],"isTextChangeable":1},{"id":"dd62ea0e-606d-48c8-8ea8-dabf1ffdd4e0","value":-1,"text":"require remote control","comment":"","position":{"x":182,"y":117},"isActive":true,"date":1702312667556,"kind":"Node","isSelected":false,"isConnectorSelected":false,"isDraggable":1,"isDeletable":1,"hasElementMoved":false,"eventLog":[{"time":1702312667556,"type":"create node","value":-1}],"isTextChangeable":1},{"id":"ffc57d11-bdb1-41e7-90d9-3d314dc0d807","value":3,"text":"stronger than humans","comment":"","position":{"x":1100,"y":182},"isActive":true,"date":1702312667556,"kind":"Node","isSelected":false,"isConnectorSelected":false,"isDraggable":1,"isDeletable":1,"hasElementMoved":false,"eventLog":[{"time":1702312667556,"type":"create node","value":3}],"isTextChangeable":1},{"id":"a5f71e2c-089b-493d-b53c-ce9b01cf3d4c","value":-3,"text":"no communication possible","comment":"","position":{"x":415,"y":58},"isActive":true,"date":1702312667556,"kind":"Node","isSelected":false,"isConnectorSelected":false,"isDraggable":1,"isDeletable":1,"hasElementMoved":false,"eventLog":[{"time":1702312667556,"type":"create node","value":-3}],"isTextChangeable":1},{"id":"018fe576-cb79-49b3-801d-3ec23cea85df","value":2,"text":"Do not get distracted","comment":"","position":{"x":908,"y":78},"isActive":true,"date":1702312667556,"kind":"Node","isSelected":false,"isConnectorSelected":false,"isDraggable":1,"isDeletable":1,"hasElementMoved":false,"eventLog":[{"time":1702312667556,"type":"create node","value":2}],"isTextChangeable":1},{"id":"ad9e7a51-59f0-4a9d-a4e8-fdd5945e4a36","value":-1,"text":"can be damaged","comment":"Soft robots can potentially be damaged","position":{"x":366,"y":558},"isActive":true,"date":1702312677264,"kind":"Node","isSelected":false,"isConnectorSelected":false,"isDraggable":1,"isDeletable":1,"hasElementMoved":false,"eventLog":[{"time":"1702312677264","type":"create node","value":[0]},{"time":"1702312677354","type":"selected","value":[true]},{"time":"1702312708126","type":"text","value":["Können beschädigt werden"]},{"time":"1702312708126","type":"value","value":[-1]},{"time":"1702312708126","type":"comment","value":["Softe Roboter können eventuell beschädigt werden"]},{"time":"1702312708126","type":"selected","value":[false]},{"time":"2023-12-11T16:38:29.357Z","type":"position","value":{"x":[334],"y":[633]}}],"isTextChangeable":1},{"id":"7f0e987f-1b7a-4cdc-8fea-82e914bbec29","value":2,"text":"delivery of supportive goods","comment":"Can people deliver water or medicine in emergency situations","position":{"x":831,"y":537},"isActive":true,"date":1702312718217,"kind":"Node","isSelected":false,"isConnectorSelected":false,"isDraggable":1,"isDeletable":1,"hasElementMoved":false,"eventLog":[{"time":1702312718217,"type":"create node","value":"0"},{"time":1702312718307,"type":"selected","value":"TRUE"},{"time":1702312743888,"type":"text","value":"Lieferung unterstützender Güter"},{"time":1702312743888,"type":"value","value":"2"},{"time":1702312743888,"type":"comment","value":"Können Menschen in Notsituationen Wasser oder Medikamente liefern"},{"time":1702312743888,"type":"selected","value":"FALSE"}],"isTextChangeable":1},{"id":"d246b811-ef36-4d4e-9df3-f19b1282ad29","value":-2,"text":"lack of accuracy","comment":"Soft robots are more flexible and may possibly work less precisely.","position":{"x":269,"y":663},"isActive":true,"date":1702312761925,"kind":"Node","isSelected":false,"isConnectorSelected":false,"isDraggable":1,"isDeletable":1,"hasElementMoved":false,"eventLog":[{"time":"1702312761925","type":"create node","value":[0]},{"time":"1702312762201","type":"selected","value":[true]},{"time":"1702312786440","type":"text","value":["Mangel an Genauigkeit"]},{"time":"1702312786440","type":"comment","value":["Softe Roboter sind flexibler und können eventuell weniger genau arbeiten."]},{"time":"1702312786440","type":"selected","value":[false]},{"time":"1702312788308","type":"selected","value":[true]},{"time":"1702312791452","type":"value","value":[-2]},{"time":"1702312791452","type":"selected","value":[false]},{"time":"2023-12-11T16:39:52.890Z","type":"position","value":{"x":[254],"y":[674]}}],"isTextChangeable":1},{"id":"b228011c-ebc0-479f-9397-985baac10da3","value":3,"text":"entering unstable areas","comment":"Soft robots, due to their small size and high flexibility, can penetrate unstable locations.","position":{"x":1160,"y":565},"isActive":true,"date":1702312806236,"kind":"Node","isSelected":false,"isConnectorSelected":false,"isDraggable":1,"isDeletable":1,"hasElementMoved":false,"eventLog":[{"time":"1702312806236","type":"create node","value":[0]},{"time":"1702312806490","type":"selected","value":[true]},{"time":"1702312850815","type":"text","value":["Betreten instabiler Gebiete"]},{"time":"1702312850815","type":"value","value":[3]},{"time":"1702312850815","type":"comment","value":["Softe Roboter können wegen ihrer geringen Grösse und hoher Flexibilität an instabile Orte vordringen"]},{"time":"1702312850815","type":"selected","value":[false]},{"time":"2023-12-11T16:40:52.296Z","type":"position","value":{"x":[1152],"y":[508]}}],"isTextChangeable":1}],"connectors":[{"id":"3f87480d-216a-4244-abb7-1ec5fbc917b5","source":"2b2f9cec-10f3-4311-9017-ada003a33463","target":"191b7d02-d8a5-429a-93b9-9fc87edc83ed","agreement":false,"isActive":true,"date":1702312667556,"kind":"Connector","isSelected":false,"intensity":6,"isDeletable":false,"isOver":false,"isBidirectional":false,"eventLog":[{"time":1702312667556,"type":"create connection"}]},{"id":"fa7cbb4d-2f72-4ea1-afbd-34aa880db163","source":"2b2f9cec-10f3-4311-9017-ada003a33463","target":"71d33c07-7beb-41d8-a3be-66c7192edd7d","agreement":true,"isActive":true,"date":1702312667556,"kind":"Connector","isSelected":false,"intensity":6,"isDeletable":true,"isOver":false,"isBidirectional":false,"eventLog":[{"time":1702312667556,"type":"create connection"}]},{"id":"c20b93dd-7db5-4e2e-a26e-f00abeedd327","source":"71d33c07-7beb-41d8-a3be-66c7192edd7d","target":"c8df7d1d-99e7-4f3a-930e-d09d2c446057","agreement":true,"isActive":true,"date":1702312667556,"kind":"Connector","isSelected":false,"intensity":6,"isDeletable":true,"isOver":false,"isBidirectional":false,"eventLog":[{"time":1702312667556,"type":"create connection"}]},{"id":"010e1403-1888-467d-aee7-2c36a9912dbb","source":"d0a9d9dd-5377-4313-a666-6fd7dae76039","target":"71d33c07-7beb-41d8-a3be-66c7192edd7d","agreement":true,"isActive":true,"date":1702312667556,"kind":"Connector","isSelected":false,"intensity":6,"isDeletable":true,"isOver":false,"isBidirectional":false,"eventLog":[{"time":1702312667556,"type":"create connection"}]},{"id":"ff5b0cf7-98a1-4026-b098-53cc4497f344","source":"ae47fe3c-5a00-4ff0-8d2b-d5bd7aa6d626","target":"191b7d02-d8a5-429a-93b9-9fc87edc83ed","agreement":true,"isActive":true,"date":1702312667557,"kind":"Connector","isSelected":false,"intensity":3,"isDeletable":true,"isOver":false,"isBidirectional":false,"eventLog":[{"time":1702312667557,"type":"create connection"}]},{"id":"0c7def43-ddbf-4ec9-8d0e-5641cecdaada","source":"191b7d02-d8a5-429a-93b9-9fc87edc83ed","target":"71d1fd5b-5b4b-47e4-9e40-9bd7d03a99bb","agreement":true,"isActive":true,"date":1702312667557,"kind":"Connector","isSelected":false,"intensity":3,"isDeletable":true,"isOver":false,"isBidirectional":false,"eventLog":[{"time":1702312667557,"type":"create connection"}]},{"id":"dc30e130-6606-4b67-b205-e4d5dceede8b","source":"0f583845-1afc-437e-b126-13961252b082","target":"191b7d02-d8a5-429a-93b9-9fc87edc83ed","agreement":true,"isActive":true,"date":1702312667557,"kind":"Connector","isSelected":false,"intensity":3,"isDeletable":true,"isOver":false,"isBidirectional":false,"eventLog":[{"time":1702312667557,"type":"create connection"}]},{"id":"10fda172-b8dd-4938-8ef7-1ccede5e7b4c","source":"100ff48f-9a54-4c33-bcff-732991888140","target":"191b7d02-d8a5-429a-93b9-9fc87edc83ed","agreement":true,"isActive":true,"date":1702312667557,"kind":"Connector","isSelected":false,"intensity":3,"isDeletable":true,"isOver":false,"isBidirectional":false,"eventLog":[{"time":1702312667557,"type":"create connection"}]},{"id":"1e0c3b44-ece8-4a78-9ab0-c034dfd14571","source":"f72fe727-11d6-4de3-8430-ea3876b84a9d","target":"71d33c07-7beb-41d8-a3be-66c7192edd7d","agreement":true,"isActive":true,"date":1702312667557,"kind":"Connector","isSelected":false,"intensity":9,"isDeletable":true,"isOver":false,"isBidirectional":false,"eventLog":[{"time":1702312667557,"type":"create connection"}]},{"id":"21174ac5-f3d5-490c-966b-8c08b7a61904","source":"dd62ea0e-606d-48c8-8ea8-dabf1ffdd4e0","target":"ae47fe3c-5a00-4ff0-8d2b-d5bd7aa6d626","agreement":true,"isActive":true,"date":1702312667557,"kind":"Connector","isSelected":false,"intensity":3,"isDeletable":true,"isOver":false,"isBidirectional":false,"eventLog":[{"time":1702312667557,"type":"create connection"}]},{"id":"9a133083-0a01-413a-b2f0-741415d71cb1","source":"ffc57d11-bdb1-41e7-90d9-3d314dc0d807","target":"f72fe727-11d6-4de3-8430-ea3876b84a9d","agreement":true,"isActive":true,"date":1702312667557,"kind":"Connector","isSelected":false,"intensity":3,"isDeletable":true,"isOver":false,"isBidirectional":false,"eventLog":[{"time":1702312667557,"type":"create connection"}]},{"id":"7180c693-2e29-42c5-92a5-5ce7b8246403","source":"a5f71e2c-089b-493d-b53c-ce9b01cf3d4c","target":"ae47fe3c-5a00-4ff0-8d2b-d5bd7aa6d626","agreement":true,"isActive":true,"date":1702312667557,"kind":"Connector","isSelected":false,"intensity":3,"isDeletable":true,"isOver":false,"isBidirectional":false,"eventLog":[{"time":1702312667557,"type":"create connection"}]},{"id":"f60edd1c-b0b9-41a5-823e-d48f17660bf8","source":"a5f71e2c-089b-493d-b53c-ce9b01cf3d4c","target":"dd62ea0e-606d-48c8-8ea8-dabf1ffdd4e0","agreement":true,"isActive":true,"date":1702312667557,"kind":"Connector","isSelected":false,"intensity":3,"isDeletable":true,"isOver":false,"isBidirectional":false,"eventLog":[{"time":1702312667557,"type":"create connection"}]},{"id":"2d4ebb56-8ee6-49f9-a771-7ff5737be460","source":"018fe576-cb79-49b3-801d-3ec23cea85df","target":"ffc57d11-bdb1-41e7-90d9-3d314dc0d807","agreement":true,"isActive":true,"date":1702312667557,"kind":"Connector","isSelected":false,"intensity":3,"isDeletable":true,"isOver":false,"isBidirectional":false,"eventLog":[{"time":1702312667557,"type":"create connection"}]},{"id":"8fa998c3-81d7-47c3-96d8-19c351c9a943","source":"018fe576-cb79-49b3-801d-3ec23cea85df","target":"f72fe727-11d6-4de3-8430-ea3876b84a9d","agreement":true,"isActive":true,"date":1702312667557,"kind":"Connector","isSelected":false,"intensity":3,"isDeletable":true,"isOver":false,"isBidirectional":false,"eventLog":[{"time":1702312667557,"type":"create connection"}]},{"id":"71ca09c2-0f80-4100-89d4-ffb98b6669df","source":"c8df7d1d-99e7-4f3a-930e-d09d2c446057","target":"f72fe727-11d6-4de3-8430-ea3876b84a9d","agreement":true,"isActive":true,"date":1702312667557,"kind":"Connector","isSelected":false,"intensity":3,"isDeletable":true,"isOver":false,"isBidirectional":false,"eventLog":[{"time":1702312667557,"type":"create connection"}]},{"id":"04d96fcc-106c-4d14-ae35-6da7c287702c","source":"ad9e7a51-59f0-4a9d-a4e8-fdd5945e4a36","target":"191b7d02-d8a5-429a-93b9-9fc87edc83ed","agreement":true,"isActive":true,"date":1702312710830,"kind":"Connector","isSelected":false,"intensity":3,"isDeletable":true,"isOver":false,"isBidirectional":false,"eventLog":[{"time":1702312710830,"type":"create connection"}]},{"id":"36d34f52-9bbc-402c-a7c6-96ad92345a29","source":"7f0e987f-1b7a-4cdc-8fea-82e914bbec29","target":"71d33c07-7beb-41d8-a3be-66c7192edd7d","agreement":true,"isActive":true,"date":1702312744958,"kind":"Connector","isSelected":false,"intensity":3,"isDeletable":true,"isOver":false,"isBidirectional":false,"eventLog":[{"time":1702312744958,"type":"create connection"}]},{"id":"d741a8b9-4e41-47a1-be99-fd1d299789bf","source":"d246b811-ef36-4d4e-9df3-f19b1282ad29","target":"ad9e7a51-59f0-4a9d-a4e8-fdd5945e4a36","agreement":true,"isActive":true,"date":1702312792273,"kind":"Connector","isSelected":false,"intensity":3,"isDeletable":true,"isOver":false,"isBidirectional":false,"eventLog":[{"time":1702312792273,"type":"create connection"}]},{"id":"7daab691-5def-4c21-a061-a659bb5ca189","source":"b228011c-ebc0-479f-9397-985baac10da3","target":"d0a9d9dd-5377-4313-a666-6fd7dae76039","agreement":true,"isActive":true,"date":1702312851467,"kind":"Connector","isSelected":false,"intensity":3,"isDeletable":true,"isOver":false,"isBidirectional":false,"eventLog":[{"time":1702312851467,"type":"create connection"}]}],"currentID":{},"currentNode":{},"hasSelectedNode":[false],"currentConnector":{},"hasSelectedConnector":[false],"readyToMove":[false],"isIncoming":[false],"hasElementMoved":[false]}
