{"idCAM":["523189e2-a0ec-4512-8d92-f5b3b20a2558"],"creator":["650c2a3e5ae50ab8668448de_pre"],"projectCAM":["S2_CAM part 1"],"defocusCAM":[],"date":[1702311973135],"nodes":[{"id":"563339f7-83e1-4583-9cf2-489833e92c15","value":1,"text":"rescue robot","comment":"","position":{"x":650,"y":400},"isActive":true,"date":1702311974040,"kind":"Node","isSelected":false,"isConnectorSelected":false,"isDraggable":0,"isDeletable":0,"hasElementMoved":false,"eventLog":[{"time":1702311974040,"type":"create node","value":0},{"time":1702312057073,"type":"selected","value":1},{"time":1702312059952,"type":"value","value":1},{"time":1702312059952,"type":"selected","value":0}],"isTextChangeable":0},{"id":"7b2f849b-153f-43c4-8d12-c780e0ffe18e","value":-1,"text":"disadvantages","comment":"","position":{"x":450,"y":400},"isActive":true,"date":1702311974040,"kind":"Node","isSelected":false,"isConnectorSelected":false,"isDraggable":0,"isDeletable":0,"hasElementMoved":false,"eventLog":[{"time":1702311974040,"type":"create node","value":0},{"time":1702312067970,"type":"selected","value":1},{"time":1702312069940,"type":"value","value":-1},{"time":1702312069940,"type":"selected","value":0}],"isTextChangeable":0},{"id":"4986b72e-1602-4508-83f9-9ee5ea60172b","value":2,"text":"advantages","comment":"","position":{"x":850,"y":400},"isActive":true,"date":1702311974040,"kind":"Node","isSelected":false,"isConnectorSelected":false,"isDraggable":0,"isDeletable":0,"hasElementMoved":false,"eventLog":[{"time":1702311974040,"type":"create node","value":0},{"time":1702312061148,"type":"selected","value":1},{"time":1702312063582,"type":"value","value":2},{"time":1702312063582,"type":"selected","value":0}],"isTextChangeable":0},{"id":"b106f562-c4d0-402f-afa9-5275b1732d6e","value":3,"text":"accuracy of execution","comment":"","position":{"x":1073,"y":333},"isActive":true,"date":1702311993575,"kind":"Node","isSelected":false,"isConnectorSelected":false,"isDraggable":1,"isDeletable":1,"hasElementMoved":false,"eventLog":[{"time":"1702311993575","type":"create node","value":[0]},{"time":"1702311993688","type":"selected","value":[true]},{"time":"1702312008519","type":"text","value":["Genauigkeit der Ausführung"]},{"time":"1702312008519","type":"value","value":[3]},{"time":"1702312008519","type":"selected","value":[false]},{"time":"2023-12-11T16:26:49.112Z","type":"position","value":{"x":[960],"y":[322]}},{"time":"2023-12-11T16:26:50.869Z","type":"position","value":{"x":[1031],"y":[306]}},{"time":"2023-12-11T16:34:59.007Z","type":"position","value":{"x":[1007],"y":[302]}},{"time":"2023-12-11T16:35:05.298Z","type":"position","value":{"x":[1056],"y":[316]}}],"isTextChangeable":1},{"id":"43174387-22b4-4958-aca3-c75351f3f057","value":2,"text":"entering dangerous areas","comment":"","position":{"x":1000,"y":505},"isActive":true,"date":1702312017386,"kind":"Node","isSelected":false,"isConnectorSelected":false,"isDraggable":1,"isDeletable":1,"hasElementMoved":false,"eventLog":[{"time":"1702312017386","type":"create node","value":[0]},{"time":"1702312018279","type":"selected","value":[true]},{"time":"1702312051888","type":"text","value":["Betreten gefährlicher Bereiche"]},{"time":"1702312051888","type":"value","value":[2]},{"time":"1702312051888","type":"selected","value":[false]},{"time":"2023-12-11T16:35:00.968Z","type":"position","value":{"x":[1047],"y":[462]}}],"isTextChangeable":1},{"id":"a1814424-33ae-4d63-998b-cbdd5bda9777","value":-3,"text":"cannot improvise","comment":"Situations that were not considered in the programming could be a challenge and possibly dangerous.","position":{"x":382,"y":247},"isActive":true,"date":1702312072299,"kind":"Node","isSelected":false,"isConnectorSelected":false,"isDraggable":1,"isDeletable":1,"hasElementMoved":false,"eventLog":[{"time":"1702312072299","type":"create node","value":[0]},{"time":"1702312072706","type":"selected","value":[true]},{"time":"1702312112972","type":"text","value":["Können nicht improvisieren"]},{"time":"1702312112972","type":"value","value":[-2]},{"time":"1702312112972","type":"comment","value":["Situationen, die in der Programmierung nicht bedacht wurden, könnten eine Herausforderung sein und ggf. gefährlich."]},{"time":"1702312112972","type":"selected","value":[false]},{"time":"2023-12-11T16:28:34.868Z","type":"position","value":{"x":[448],"y":[229]}},{"time":"1702312173999","type":"selected","value":[true]},{"time":"1702312175904","type":"value","value":[-3]},{"time":"1702312175904","type":"selected","value":[false]},{"time":"2023-12-11T16:29:37.227Z","type":"position","value":{"x":[375],"y":[229]}},{"time":"2023-12-11T16:33:52.443Z","type":"position","value":{"x":[361],"y":[201]}}],"isTextChangeable":1},{"id":"47175c7a-299a-475a-9e2a-bee2f8f5215b","value":-1,"text":"discrimination of persons","comment":"","position":{"x":239,"y":516},"isActive":true,"date":1702312124428,"kind":"Node","isSelected":false,"isConnectorSelected":false,"isDraggable":1,"isDeletable":1,"hasElementMoved":false,"eventLog":[{"time":"1702312124428","type":"create node","value":[0]},{"time":"1702312125257","type":"selected","value":[true]},{"time":"1702312135976","type":"text","value":["Diskriminierung von Personen"]},{"time":"1702312135976","type":"value","value":[-1]},{"time":"1702312135976","type":"selected","value":[false]},{"time":"2023-12-11T16:29:32.967Z","type":"position","value":{"x":[345],"y":[503]}},{"time":"2023-12-11T16:29:39.122Z","type":"position","value":{"x":[329],"y":[515]}},{"time":"2023-12-11T16:31:20.734Z","type":"position","value":{"x":[296],"y":[567]}},{"time":"2023-12-11T16:31:50.752Z","type":"position","value":{"x":[267],"y":[540]}},{"time":"2023-12-11T16:32:45.628Z","type":"position","value":{"x":[301],"y":[581]}},{"time":"2023-12-11T16:35:35.150Z","type":"position","value":{"x":[294],"y":[592]}},{"time":"2023-12-11T16:35:40.380Z","type":"position","value":{"x":[244],"y":[554]}}],"isTextChangeable":1},{"id":"64bb61ac-097b-404a-b4fa-b7f75f055130","value":-2,"text":"can be abused","comment":"","position":{"x":217,"y":369},"isActive":true,"date":1702312159062,"kind":"Node","isSelected":false,"isConnectorSelected":false,"isDraggable":1,"isDeletable":1,"hasElementMoved":false,"eventLog":[{"time":"1702312159062","type":"create node","value":[0]},{"time":"1702312159180","type":"selected","value":[true]},{"time":"1702312169863","type":"text","value":["Können missbraucht werden"]},{"time":"1702312169863","type":"value","value":[-2]},{"time":"1702312169863","type":"selected","value":[false]},{"time":"2023-12-11T16:29:31.741Z","type":"position","value":{"x":[307],"y":[380]}},{"time":"2023-12-11T16:29:38.092Z","type":"position","value":{"x":[289],"y":[384]}},{"time":"2023-12-11T16:31:49.465Z","type":"position","value":{"x":[214],"y":[343]}},{"time":"2023-12-11T16:32:47.440Z","type":"position","value":{"x":[216],"y":[373]}}],"isTextChangeable":1},{"id":"e4e417ed-6657-48f7-9b80-499f82d69e57","value":-2,"text":"can seem frightening","comment":"Children and other people may react anxiously to robots","position":{"x":504,"y":606},"isActive":true,"date":1702312180736,"kind":"Node","isSelected":false,"isConnectorSelected":false,"isDraggable":1,"isDeletable":1,"hasElementMoved":false,"eventLog":[{"time":"1702312180736","type":"create node","value":[0]},{"time":"1702312180969","type":"selected","value":[true]},{"time":"1702312233012","type":"text","value":["Können verschreckend wirken"]},{"time":"1702312233012","type":"value","value":[-2]},{"time":"1702312233012","type":"comment","value":["Kinder und andere Personen können ängstlich auf Roboter reagieren"]},{"time":"1702312233012","type":"selected","value":[false]},{"time":"2023-12-11T16:30:35.478Z","type":"position","value":{"x":[468],"y":[560]}},{"time":"2023-12-11T16:31:19.594Z","type":"position","value":{"x":[474],"y":[584]}},{"time":"2023-12-11T16:31:52.105Z","type":"position","value":{"x":[458],"y":[603]}},{"time":"2023-12-11T16:35:38.412Z","type":"position","value":{"x":[484],"y":[603]}}],"isTextChangeable":1},{"id":"f7917ab5-a347-4ea9-80c5-e1b2127e3470","value":3,"text":"reliable performance","comment":"","position":{"x":843,"y":247},"isActive":true,"date":1702312238958,"kind":"Node","isSelected":false,"isConnectorSelected":false,"isDraggable":1,"isDeletable":1,"hasElementMoved":false,"eventLog":[{"time":"1702312238958","type":"create node","value":[0]},{"time":"1702312239208","type":"selected","value":[true]},{"time":"1702312253804","type":"text","value":["Zuverlässige Leistung"]},{"time":"1702312253804","type":"value","value":[3]},{"time":"1702312253804","type":"selected","value":[false]},{"time":"2023-12-11T16:35:04.234Z","type":"position","value":{"x":[865],"y":[220]}}],"isTextChangeable":1},{"id":"6e01480d-320c-4c6d-8dff-d02149034fbc","value":-1,"text":"require remote control","comment":"","position":{"x":182,"y":117},"isActive":true,"date":1702312294299,"kind":"Node","isSelected":false,"isConnectorSelected":false,"isDraggable":1,"isDeletable":1,"hasElementMoved":false,"eventLog":[{"time":"1702312294299","type":"create node","value":[0]},{"time":"1702312294378","type":"selected","value":[true]},{"time":"1702312303126","type":"text","value":["Erfordern Fernsteuerung"]},{"time":"1702312303126","type":"value","value":[-1]},{"time":"1702312303126","type":"selected","value":[false]},{"time":"2023-12-11T16:31:44.855Z","type":"position","value":{"x":[242],"y":[120]}}],"isTextChangeable":1},{"id":"8120aa66-f201-4f21-8821-90a5201c6a7a","value":3,"text":"stronger than humans","comment":"In many situations, e.g. when clearing debris, a major advantage.","position":{"x":1100,"y":182},"isActive":true,"date":1702312324461,"kind":"Node","isSelected":false,"isConnectorSelected":false,"isDraggable":1,"isDeletable":1,"hasElementMoved":false,"eventLog":[{"time":"1702312324461","type":"create node","value":[0]},{"time":"1702312324592","type":"selected","value":[true]},{"time":"1702312359249","type":"text","value":["Stärker als Menschen"]},{"time":"1702312359249","type":"value","value":[3]},{"time":"1702312359249","type":"comment","value":["In vielen Situationen, z.B. beim Räumen von Trümmern ein großer Vorteil."]},{"time":"1702312359249","type":"selected","value":[false]},{"time":"2023-12-11T16:32:40.118Z","type":"position","value":{"x":[1039],"y":[168]}},{"time":"2023-12-11T16:32:42.287Z","type":"position","value":{"x":[1045],"y":[154]}},{"time":"2023-12-11T16:34:56.128Z","type":"position","value":{"x":[1063],"y":[168]}}],"isTextChangeable":1},{"id":"07b793f5-edd2-420a-8c30-489449e70177","value":-3,"text":"no communication possible","comment":"People needing to be rescued often have to be able to reliably communicate with the rescue forces, which can be difficult.","position":{"x":415,"y":58},"isActive":true,"date":1702312370357,"kind":"Node","isSelected":false,"isConnectorSelected":false,"isDraggable":1,"isDeletable":1,"hasElementMoved":false,"eventLog":[{"time":"1702312370357","type":"create node","value":[0]},{"time":"1702312370453","type":"selected","value":[true]},{"time":"1702312421578","type":"text","value":["Keine Kommunikation möglich"]},{"time":"1702312421578","type":"value","value":[-1]},{"time":"1702312421578","type":"comment","value":["Zu bergende/rettende Menschen müssen oft in der Lage sein, mit den Rettungskräften zuverlässig zu kommunizieren, was schwer sein kann."]},{"time":"1702312421578","type":"selected","value":[false]},{"time":"1702312423716","type":"selected","value":[true]},{"time":"1702312425316","type":"value","value":[-3]},{"time":"1702312425316","type":"selected","value":[false]},{"time":"2023-12-11T16:33:45.751Z","type":"position","value":{"x":[423],"y":[106]}}],"isTextChangeable":1},{"id":"ed6b6c84-c58e-48ba-b798-7c4ffe191309","value":2,"text":"Do not get distracted","comment":"Rescue robots follow their programming and can better 'concentrate' on the rescue, without being influenced by emotions.","position":{"x":908,"y":78},"isActive":true,"date":1702312448348,"kind":"Node","isSelected":false,"isConnectorSelected":false,"isDraggable":1,"isDeletable":1,"hasElementMoved":false,"eventLog":[{"time":"1702312448348","type":"create node","value":[0]},{"time":"1702312448419","type":"selected","value":[true]},{"time":"1702312487039","type":"text","value":["Lassen nicht ablenken"]},{"time":"1702312487039","type":"value","value":[1]},{"time":"1702312487039","type":"comment","value":["Rettungsroboter folgen ihrer Programmierung und können sich besser auf die Rettung \"konzentrieren\", ohne durch Emotionen beeinflusst zu werden"]},{"time":"1702312487039","type":"selected","value":[false]},{"time":"1702312489202","type":"selected","value":[true]},{"time":"1702312490808","type":"value","value":[2]},{"time":"1702312490808","type":"selected","value":[false]},{"time":"2023-12-11T16:34:51.934Z","type":"position","value":{"x":[1135],"y":[248]}},{"time":"2023-12-11T16:34:53.098Z","type":"position","value":{"x":[985],"y":[113]}},{"time":"2023-12-11T16:34:53.169Z","type":"position","value":{"x":[944],"y":[96]}}],"isTextChangeable":1}],"connectors":[{"id":"d0316473-ab0a-4fc0-8c98-a53eba08e118","source":"563339f7-83e1-4583-9cf2-489833e92c15","target":"7b2f849b-153f-43c4-8d12-c780e0ffe18e","agreement":false,"isActive":true,"date":1702311974040,"kind":"Connector","isSelected":false,"intensity":6,"isDeletable":false,"isOver":false,"isBidirectional":false,"eventLog":[{"time":1702311974040,"type":"create connection"},{"time":1702312267219,"type":"selected","value":1},{"time":1702312269409,"type":"change intensity of connector","value":-6},{"time":1702312269409,"type":"selected","value":0},{"time":1702312273332,"type":"selected","value":1},{"time":1702312274837,"type":"change intensity of connector","value":-6},{"time":1702312274837,"type":"selected","value":0}]},{"id":"69d0ca58-77bb-465d-9998-689d69aca7a9","source":"563339f7-83e1-4583-9cf2-489833e92c15","target":"4986b72e-1602-4508-83f9-9ee5ea60172b","agreement":true,"isActive":true,"date":1702311974040,"kind":"Connector","isSelected":false,"intensity":6,"isDeletable":true,"isOver":false,"isBidirectional":false,"eventLog":[{"time":1702311974040,"type":"create connection"},{"time":1702312264709,"type":"selected","value":1},{"time":1702312266438,"type":"change intensity of connector","value":6},{"time":1702312266438,"type":"selected","value":0}]},{"id":"77463031-3ff9-4f33-991c-55834ca30d7e","source":"4986b72e-1602-4508-83f9-9ee5ea60172b","target":"b106f562-c4d0-402f-afa9-5275b1732d6e","agreement":true,"isActive":true,"date":1702312011907,"kind":"Connector","isSelected":false,"intensity":6,"isDeletable":true,"isOver":false,"isBidirectional":false,"eventLog":[{"time":1702312011907,"type":"create connection"},{"time":1702312257772,"type":"selected","value":1},{"time":1702312260188,"type":"change intensity of connector","value":6},{"time":1702312260188,"type":"selected","value":0}]},{"id":"7c5dfade-cb50-40de-9cd5-ce0f93302df9","source":"43174387-22b4-4958-aca3-c75351f3f057","target":"4986b72e-1602-4508-83f9-9ee5ea60172b","agreement":true,"isActive":true,"date":1702312053321,"kind":"Connector","isSelected":false,"intensity":6,"isDeletable":true,"isOver":false,"isBidirectional":false,"eventLog":[{"time":1702312053321,"type":"create connection"},{"time":1702312262862,"type":"selected","value":1},{"time":1702312264106,"type":"change intensity of connector","value":6},{"time":1702312264106,"type":"selected","value":0}]},{"id":"0a9819a2-181c-40ec-b2f1-e052261aa920","source":"a1814424-33ae-4d63-998b-cbdd5bda9777","target":"7b2f849b-153f-43c4-8d12-c780e0ffe18e","agreement":true,"isActive":true,"date":1702312114089,"kind":"Connector","isSelected":false,"intensity":3,"isDeletable":true,"isOver":false,"isBidirectional":false,"eventLog":[{"time":1702312114089,"type":"create connection"}]},{"id":"cc164b9c-8699-4d13-923d-18c2964a0727","source":"7b2f849b-153f-43c4-8d12-c780e0ffe18e","target":"47175c7a-299a-475a-9e2a-bee2f8f5215b","agreement":true,"isActive":true,"date":1702312137928,"kind":"Connector","isSelected":false,"intensity":3,"isDeletable":true,"isOver":false,"isBidirectional":false,"eventLog":[{"time":1702312137928,"type":"create connection"}]},{"id":"c385557b-7f27-46e7-bdef-ddd54f3a46d0","source":"64bb61ac-097b-404a-b4fa-b7f75f055130","target":"7b2f849b-153f-43c4-8d12-c780e0ffe18e","agreement":true,"isActive":true,"date":1702312170898,"kind":"Connector","isSelected":false,"intensity":3,"isDeletable":true,"isOver":false,"isBidirectional":false,"eventLog":[{"time":1702312170898,"type":"create connection"}]},{"id":"84773cb8-a81d-4468-a81f-8e849f9d79ad","source":"e4e417ed-6657-48f7-9b80-499f82d69e57","target":"7b2f849b-153f-43c4-8d12-c780e0ffe18e","agreement":true,"isActive":true,"date":1702312234392,"kind":"Connector","isSelected":false,"intensity":3,"isDeletable":true,"isOver":false,"isBidirectional":false,"eventLog":[{"time":1702312234392,"type":"create connection"}]},{"id":"16a5ad95-f838-4def-b2d7-b000ac5eb4bc","source":"f7917ab5-a347-4ea9-80c5-e1b2127e3470","target":"4986b72e-1602-4508-83f9-9ee5ea60172b","agreement":true,"isActive":true,"date":1702312254842,"kind":"Connector","isSelected":false,"intensity":9,"isDeletable":true,"isOver":false,"isBidirectional":false,"eventLog":[{"time":1702312254842,"type":"create connection"},{"time":1702312260959,"type":"selected","value":1},{"time":1702312262159,"type":"change intensity of connector","value":9},{"time":1702312262159,"type":"selected","value":0}]},{"id":"ecc355af-e4e8-4d3f-9d5c-116d05dba6e8","source":"6e01480d-320c-4c6d-8dff-d02149034fbc","target":"a1814424-33ae-4d63-998b-cbdd5bda9777","agreement":true,"isActive":true,"date":1702312304202,"kind":"Connector","isSelected":false,"intensity":3,"isDeletable":true,"isOver":false,"isBidirectional":false,"eventLog":[{"time":1702312304202,"type":"create connection"}]},{"id":"4d430214-016c-4223-81a5-8dbbe0d57e4e","source":"8120aa66-f201-4f21-8821-90a5201c6a7a","target":"f7917ab5-a347-4ea9-80c5-e1b2127e3470","agreement":true,"isActive":true,"date":1702312361605,"kind":"Connector","isSelected":false,"intensity":3,"isDeletable":true,"isOver":false,"isBidirectional":false,"eventLog":[{"time":1702312361605,"type":"create connection"}]},{"id":"35cdf887-6499-4090-ac92-32687464d1f8","source":"07b793f5-edd2-420a-8c30-489449e70177","target":"a1814424-33ae-4d63-998b-cbdd5bda9777","agreement":true,"isActive":true,"date":1702312422933,"kind":"Connector","isSelected":false,"intensity":3,"isDeletable":true,"isOver":false,"isBidirectional":false,"eventLog":[{"time":1702312422933,"type":"create connection"}]},{"id":"ddcd632f-f621-4a8a-98a5-232cfcf624f1","source":"07b793f5-edd2-420a-8c30-489449e70177","target":"6e01480d-320c-4c6d-8dff-d02149034fbc","agreement":true,"isActive":true,"date":1702312428946,"kind":"Connector","isSelected":false,"intensity":3,"isDeletable":true,"isOver":false,"isBidirectional":false,"eventLog":[{"time":1702312428946,"type":"create connection"}]},{"id":"2a40bec6-05cd-4ff2-b3f9-177aba22f697","source":"ed6b6c84-c58e-48ba-b798-7c4ffe191309","target":"8120aa66-f201-4f21-8821-90a5201c6a7a","agreement":true,"isActive":true,"date":1702312493936,"kind":"Connector","isSelected":false,"intensity":3,"isDeletable":true,"isOver":false,"isBidirectional":false,"eventLog":[{"time":1702312493936,"type":"create connection"}]},{"id":"b4a431f6-947e-4657-bf09-66a45b3e3bce","source":"ed6b6c84-c58e-48ba-b798-7c4ffe191309","target":"f7917ab5-a347-4ea9-80c5-e1b2127e3470","agreement":true,"isActive":true,"date":1702312495080,"kind":"Connector","isSelected":false,"intensity":3,"isDeletable":true,"isOver":false,"isBidirectional":false,"eventLog":[{"time":1702312495080,"type":"create connection"}]},{"id":"68d13cb8-3b75-4bf3-b0a6-823d5246d7ae","source":"b106f562-c4d0-402f-afa9-5275b1732d6e","target":"f7917ab5-a347-4ea9-80c5-e1b2127e3470","agreement":true,"isActive":true,"date":1702312498060,"kind":"Connector","isSelected":false,"intensity":3,"isDeletable":true,"isOver":false,"isBidirectional":false,"eventLog":[{"time":1702312498060,"type":"create connection"}]}],"currentID":{},"currentNode":{},"hasSelectedNode":[false],"currentConnector":{},"hasSelectedConnector":[false],"readyToMove":[false],"isIncoming":[false],"hasElementMoved":[false]}
