{"idCAM":["a6057252-da92-4aa3-b96f-5277bef8a41b"],"creator":["650c02a928518783a1b963fd_pre"],"projectCAM":["S2_CAM part 1"],"defocusCAM":[],"date":[1702310867492],"nodes":[{"id":"c99db67a-f1a9-440f-b2e4-283e50e668b7","value":2,"text":"rescue robot","comment":"","position":{"x":650,"y":400},"isActive":true,"date":1702310868403,"kind":"Node","isSelected":false,"isConnectorSelected":false,"isDraggable":0,"isDeletable":0,"hasElementMoved":false,"eventLog":[{"time":1702310868403,"type":"create node","value":0},{"time":1702310891025,"type":"selected","value":1},{"time":1702310891435,"type":"selected","value":0},{"time":1702310892184,"type":"selected","value":1},{"time":1702310906113,"type":"value","value":2},{"time":1702310906113,"type":"selected","value":0}],"isTextChangeable":0},{"id":"d2e3e3a7-2fbd-468d-8781-b5473dbd5af2","value":0,"text":"disadvantages","comment":"","position":{"x":450,"y":400},"isActive":true,"date":1702310868403,"kind":"Node","isSelected":false,"isConnectorSelected":false,"isDraggable":0,"isDeletable":0,"hasElementMoved":false,"eventLog":[{"time":1702310868403,"type":"create node","value":0}],"isTextChangeable":0},{"id":"b6662faf-03e2-4e86-8bee-09a08c968702","value":0,"text":"advantages","comment":"","position":{"x":850,"y":400},"isActive":true,"date":1702310868403,"kind":"Node","isSelected":false,"isConnectorSelected":false,"isDraggable":0,"isDeletable":0,"hasElementMoved":false,"eventLog":[{"time":1702310868403,"type":"create node","value":0}],"isTextChangeable":0},{"id":"63e7c932-5c8e-4857-ab42-11153cc22d4f","value":3,"text":"Reach inaccessible places","comment":"Robots and drones are small and agile. Therefore, they can reach places that are difficult or even dangerous for humans to access.","position":{"x":920,"y":283.3333},"isActive":true,"date":1702310928777,"kind":"Node","isSelected":false,"isConnectorSelected":false,"isDraggable":1,"isDeletable":1,"hasElementMoved":false,"eventLog":[{"time":1702310928777,"type":"create node","value":"0"},{"time":1702310929842,"type":"selected","value":"TRUE"},{"time":1702311016550,"type":"text","value":"Erreichen schwerzugängliche Orte"},{"time":1702311016550,"type":"value","value":"3"},{"time":1702311016550,"type":"comment","value":"Roboter und Drohnen sind klein und wendig. Von daher können sie für Menschen schwer erreichbare oder gar gefährliche Orte erreichen."},{"time":1702311016550,"type":"selected","value":"FALSE"}],"isTextChangeable":1},{"id":"11becfac-bff0-47b6-8a6c-2939cf6885e2","value":1,"text":"reliability","comment":"Machines can perform their tasks reliably and reproducibly (provided they are well programmed and built)","position":{"x":1004,"y":421.3333},"isActive":true,"date":1702311021937,"kind":"Node","isSelected":false,"isConnectorSelected":false,"isDraggable":1,"isDeletable":1,"hasElementMoved":false,"eventLog":[{"time":1702311021937,"type":"create node","value":"0"},{"time":1702311021995,"type":"selected","value":"TRUE"},{"time":1702311077482,"type":"text","value":"Zuverlässigkeit"},{"time":1702311077482,"type":"value","value":"1"},{"time":1702311077482,"type":"comment","value":"Maschinen können ihre Aufgaben zuverlässig und reproduzierbar erledigen (sofern sie gut programmiert und gebaut sind)"},{"time":1702311077482,"type":"selected","value":"FALSE"}],"isTextChangeable":1},{"id":"ee7e4b52-f476-42b1-8b7d-815568be586f","value":1,"text":"cost-effective","comment":"Can be produced cost-effectively and easily transported to various locations","position":{"x":952,"y":532.3333},"isActive":true,"date":1702311095923,"kind":"Node","isSelected":false,"isConnectorSelected":false,"isDraggable":1,"isDeletable":1,"hasElementMoved":false,"eventLog":[{"time":1702311095923,"type":"create node","value":"0"},{"time":1702311096797,"type":"selected","value":"TRUE"},{"time":1702311126331,"type":"text","value":"kostengünstig"},{"time":1702311126331,"type":"value","value":"1"},{"time":1702311126331,"type":"comment","value":"Können kostengünstig hergestellt werden und leicht zu verschiedenen Einsatzorten transportiert werden"},{"time":1702311126331,"type":"selected","value":"FALSE"}],"isTextChangeable":1},{"id":"b8bc962c-3a6e-4359-921b-215429fd3316","value":2,"text":"special abilities","comment":"Can, unlike human rescuers, fly, make themselves small, and accomplish special tasks, such as hacking a door or sending pictures to the command center with cameras.","position":{"x":1040,"y":176.3333},"isActive":true,"date":1702311151681,"kind":"Node","isSelected":false,"isConnectorSelected":false,"isDraggable":1,"isDeletable":1,"hasElementMoved":false,"eventLog":[{"time":"1702311151681","type":"create node","value":[0]},{"time":"1702311154119","type":"selected","value":[true]},{"time":"1702311154529","type":"selected","value":[false]},{"time":"1702311155270","type":"selected","value":[true]},{"time":"1702311320994","type":"text","value":["besondere Fähigkeiten"]},{"time":"1702311320994","type":"value","value":[2]},{"time":"1702311320994","type":"comment","value":["Können im Gegensatz zu menschlichen Rettern fliegen, sich kleinmachen, und besondere Aufgaben vollbringen, wie eine Tür hacken oder mit Kameras Bilder an die Einsatzzentrale senden."]},{"time":"1702311320994","type":"selected","value":[false]},{"time":"2023-12-11T16:15:21.918Z","type":"position","value":{"x":[769],"y":[583.3333]}},{"time":"2023-12-11T16:15:22.152Z","type":"position","value":{"x":[924],"y":[617.3333]}},{"time":"2023-12-11T16:15:22.236Z","type":"position","value":{"x":[1091],"y":[573.3333]}},{"time":"2023-12-11T16:15:22.302Z","type":"position","value":{"x":[1144],"y":[395.3333]}},{"time":"2023-12-11T16:15:22.369Z","type":"position","value":{"x":[1083],"y":[241.3333]}}],"isTextChangeable":1},{"id":"beb8fa8b-f486-4a79-ba3c-e4ece1dc0ede","value":-3,"text":"inhuman","comment":"A victim that can be rescued is probably not used to handling such machines and would not know how to behave. It cannot show empathy or perform other social interactions with the victim in a natural way.","position":{"x":320,"y":223.3333},"isActive":true,"date":1702311333375,"kind":"Node","isSelected":false,"isConnectorSelected":false,"isDraggable":1,"isDeletable":1,"hasElementMoved":false,"eventLog":[{"time":1702311333375,"type":"create node","value":"0"},{"time":1702311334706,"type":"selected","value":"TRUE"},{"time":1702311399720,"type":"text","value":"unmenschlich"},{"time":1702311399720,"type":"value","value":"-3"},{"time":1702311399720,"type":"comment","value":"Ein Opfer das gerettet werden kann, ist vermutlich nicht den Umgang mit solchen Maschinen gewohnt und wüsste nicht, wie es sich verhalten soll. Es kann keine Empathie zeigen oder andere soziale Interaktionen mit dem Opfer auf natürliche Art ausführen"},{"time":1702311399720,"type":"selected","value":"FALSE"}],"isTextChangeable":1},{"id":"84626f75-dbcf-49c4-8107-45ecff884ea2","value":-2,"text":"explosive","comment":"Components such as the battery, or other technical parts could explode in the dangerous environment (heat/debris) and expose the victim to an even greater danger.","position":{"x":242,"y":342.3333},"isActive":true,"date":1702311403631,"kind":"Node","isSelected":false,"isConnectorSelected":false,"isDraggable":1,"isDeletable":1,"hasElementMoved":false,"eventLog":[{"time":1702311403631,"type":"create node","value":"0"},{"time":1702311404885,"type":"selected","value":"TRUE"},{"time":1702311462730,"type":"text","value":"explosiv"},{"time":1702311462730,"type":"value","value":"-2"},{"time":1702311462730,"type":"comment","value":"Komponenten wie die Batterie, oder andere technische Bauteile könnten in der gefährlichen Umgebung (Hitze/Trümmer) explodieren und das Opfer einer noch größerer Gefahr aussetzen."},{"time":1702311462730,"type":"selected","value":"FALSE"}],"isTextChangeable":1},{"id":"a79c2064-4d02-4146-8c4e-970a9ea645cf","value":-2,"text":"malfunctions","comment":"Due to a technical defect, there is a risk that the machine may harm the victim. For example, gripping arms may squeeze too tightly and strangle the victim, or clearance drills may kill the victim.","position":{"x":252,"y":581.3333},"isActive":true,"date":1702311480297,"kind":"Node","isSelected":false,"isConnectorSelected":false,"isDraggable":1,"isDeletable":1,"hasElementMoved":false,"eventLog":[{"time":"1702311480297","type":"create node","value":[0]},{"time":"2023-12-11T16:18:02.492Z","type":"position","value":{"x":[306],"y":[477.3333]}},{"time":"1702311483325","type":"selected","value":[true]},{"time":"1702311560619","type":"text","value":["Fehlfunktionen"]},{"time":"1702311560619","type":"value","value":[-2]},{"time":"1702311560619","type":"comment","value":["Durch einen technischen Defekt, besteht die Gefahr, dass die Maschine das Opfer schadet. Z.B. da Greifarme zu fest zu packen und das Opfer erwürgen, oder Räumungsbohrer das Opfer ermorden."]},{"time":"1702311560619","type":"selected","value":[false]}],"isTextChangeable":1},{"id":"22fd3fea-1988-49a8-be40-33981adb7896","value":-1,"text":"abuse","comment":"The robots could be hacked and cause damage in a conflict","position":{"x":469,"y":661.3333},"isActive":true,"date":1702311595892,"kind":"Node","isSelected":false,"isConnectorSelected":false,"isDraggable":1,"isDeletable":1,"hasElementMoved":false,"eventLog":[{"time":1702311595892,"type":"create node","value":"0"},{"time":1702311596516,"type":"selected","value":"TRUE"},{"time":1702311621262,"type":"text","value":"Missbrauch"},{"time":1702311621262,"type":"comment","value":"Die Roboter könnten gehackt werden und in einem Konflikt Schäden verursachen"},{"time":1702311621262,"type":"selected","value":"FALSE"},{"time":1702311622078,"type":"selected","value":"TRUE"},{"time":1702311624284,"type":"value","value":"-1"},{"time":1702311624284,"type":"selected","value":"FALSE"}],"isTextChangeable":1},{"id":"892a7aa0-3654-4b57-9b2f-6d2f6bc6d5f5","value":-2,"text":"repurposing","comment":"sneaky dictators could reprogram the machines and use them as a weapon against unsuspecting victims","position":{"x":484,"y":195.3333},"isActive":true,"date":1702311626928,"kind":"Node","isSelected":false,"isConnectorSelected":false,"isDraggable":1,"isDeletable":1,"hasElementMoved":false,"eventLog":[{"time":1702311626928,"type":"create node","value":"0"},{"time":1702311626978,"type":"selected","value":"TRUE"},{"time":1702311658162,"type":"text","value":"umfunktionierung"},{"time":1702311658162,"type":"value","value":"-2"},{"time":1702311658162,"type":"comment","value":"hinterhältige Diktatoren könnten die Maschinen umprogrammieren und als Waffe gegen ahnungslose Opfer benutzen"},{"time":1702311658162,"type":"selected","value":"FALSE"}],"isTextChangeable":1},{"id":"93072d15-d508-4960-883a-a5da8acf8ac9","value":10,"text":"acceptance","comment":"not all people are open to AI and machines, others have already fully accepted these advancements.","position":{"x":643,"y":571.3333},"isActive":true,"date":1702311692790,"kind":"Node","isSelected":false,"isConnectorSelected":false,"isDraggable":1,"isDeletable":1,"hasElementMoved":false,"eventLog":[{"time":"1702311692790","type":"create node","value":[0]},{"time":"1702311692852","type":"selected","value":[true]},{"time":"1702311694109","type":"selected","value":[false]},{"time":"2023-12-11T16:21:34.484Z","type":"position","value":{"x":[850],"y":[611.3333]}},{"time":"2023-12-11T16:21:34.734Z","type":"position","value":{"x":[700],"y":[615.3333]}},{"time":"1702311695133","type":"selected","value":[true]},{"time":"1702311724795","type":"text","value":["Akzeptanz"]},{"time":"1702311724795","type":"value","value":[10]},{"time":"1702311724795","type":"comment","value":["nicht alle Menschen sind KI und Maschinen offen gegenüber, andere haben diese Fortschritte schon voll akzeptiert."]},{"time":"1702311724795","type":"selected","value":[false]},{"time":"2023-12-11T16:22:06.269Z","type":"position","value":{"x":[689],"y":[578.3333]}}],"isTextChangeable":1},{"id":"16824d80-149f-46ac-8004-0624a3894a66","value":1,"text":"coordination","comment":"An advanced AI can coordinate the work of multiple robots and thus guarantee more efficient workflows.","position":{"x":1064,"y":325.3333},"isActive":true,"date":1702311777694,"kind":"Node","isSelected":false,"isConnectorSelected":false,"isDraggable":1,"isDeletable":1,"hasElementMoved":false,"eventLog":[{"time":1702311777694,"type":"create node","value":"0"},{"time":1702311780708,"type":"selected","value":"TRUE"},{"time":1702311825282,"type":"text","value":"koordination"},{"time":1702311825282,"type":"value","value":"1"},{"time":1702311825282,"type":"comment","value":"Eine fortschrittliche KI kann die Arbeit mehrerer Roboter koordinieren und so effizientere Arbeitsabläufe garantieren."},{"time":1702311825282,"type":"selected","value":"FALSE"}],"isTextChangeable":1}],"connectors":[{"id":"038debf6-5738-439f-ac32-600cc8e3a3aa","source":"c99db67a-f1a9-440f-b2e4-283e50e668b7","target":"d2e3e3a7-2fbd-468d-8781-b5473dbd5af2","agreement":true,"isActive":true,"date":1702310868404,"kind":"Connector","isSelected":false,"intensity":3,"isDeletable":false,"isOver":false,"isBidirectional":false,"eventLog":[{"time":1702310868404,"type":"create connection"}]},{"id":"5ad41abb-c61f-4ef4-8955-336336974df7","source":"c99db67a-f1a9-440f-b2e4-283e50e668b7","target":"b6662faf-03e2-4e86-8bee-09a08c968702","agreement":true,"isActive":true,"date":1702310868404,"kind":"Connector","isSelected":false,"intensity":3,"isDeletable":true,"isOver":false,"isBidirectional":false,"eventLog":[{"time":1702310868404,"type":"create connection"}]},{"id":"90887052-944b-4675-9506-8918ce98344f","source":"63e7c932-5c8e-4857-ab42-11153cc22d4f","target":"b6662faf-03e2-4e86-8bee-09a08c968702","agreement":true,"isActive":true,"date":1702311018641,"kind":"Connector","isSelected":false,"intensity":3,"isDeletable":true,"isOver":false,"isBidirectional":false,"eventLog":[{"time":1702311018641,"type":"create connection"}]},{"id":"895cbc94-539f-48fe-8336-a4ff08dab919","source":"11becfac-bff0-47b6-8a6c-2939cf6885e2","target":"b6662faf-03e2-4e86-8bee-09a08c968702","agreement":true,"isActive":true,"date":1702311078536,"kind":"Connector","isSelected":false,"intensity":3,"isDeletable":true,"isOver":false,"isBidirectional":false,"eventLog":[{"time":1702311078536,"type":"create connection"}]},{"id":"35096c85-824e-413a-87ee-3bcd315a01e4","source":"ee7e4b52-f476-42b1-8b7d-815568be586f","target":"b6662faf-03e2-4e86-8bee-09a08c968702","agreement":true,"isActive":true,"date":1702311127103,"kind":"Connector","isSelected":false,"intensity":3,"isDeletable":true,"isOver":false,"isBidirectional":false,"eventLog":[{"time":1702311127103,"type":"create connection"}]},{"id":"1392d40d-5c16-4bf5-93a3-d2d16eb2acbf","source":"b8bc962c-3a6e-4359-921b-215429fd3316","target":"63e7c932-5c8e-4857-ab42-11153cc22d4f","agreement":true,"isActive":true,"date":1702311323543,"kind":"Connector","isSelected":false,"intensity":9,"isDeletable":true,"isOver":false,"isBidirectional":false,"eventLog":[{"time":1702311323543,"type":"create connection"},{"time":1702311676137,"type":"selected","value":1},{"time":1702311677952,"type":"change intensity of connector","value":9},{"time":1702311677952,"type":"selected","value":0}]},{"id":"e90257f2-eb3c-4a67-b181-6832a9464f5b","source":"beb8fa8b-f486-4a79-ba3c-e4ece1dc0ede","target":"d2e3e3a7-2fbd-468d-8781-b5473dbd5af2","agreement":true,"isActive":true,"date":1702311400580,"kind":"Connector","isSelected":false,"intensity":3,"isDeletable":true,"isOver":false,"isBidirectional":false,"eventLog":[{"time":1702311400580,"type":"create connection"}]},{"id":"20430b56-7fa3-4dd2-a80b-62eff55a0fa7","source":"84626f75-dbcf-49c4-8107-45ecff884ea2","target":"d2e3e3a7-2fbd-468d-8781-b5473dbd5af2","agreement":true,"isActive":true,"date":1702311463589,"kind":"Connector","isSelected":false,"intensity":3,"isDeletable":true,"isOver":false,"isBidirectional":false,"eventLog":[{"time":1702311463589,"type":"create connection"}]},{"id":"90b0976f-7cf2-4a9b-8dce-b4114eb07c45","source":"a79c2064-4d02-4146-8c4e-970a9ea645cf","target":"d2e3e3a7-2fbd-468d-8781-b5473dbd5af2","agreement":true,"isActive":true,"date":1702311561655,"kind":"Connector","isSelected":false,"intensity":3,"isDeletable":true,"isOver":false,"isBidirectional":false,"eventLog":[{"time":1702311561655,"type":"create connection"}]},{"id":"768a6f4a-d439-48ce-b774-147702418254","source":"22fd3fea-1988-49a8-be40-33981adb7896","target":"d2e3e3a7-2fbd-468d-8781-b5473dbd5af2","agreement":true,"isActive":true,"date":1702311626275,"kind":"Connector","isSelected":false,"intensity":3,"isDeletable":true,"isOver":false,"isBidirectional":false,"eventLog":[{"time":1702311626275,"type":"create connection"}]},{"id":"a98ab697-d456-42c7-881c-40ade2aa205f","source":"892a7aa0-3654-4b57-9b2f-6d2f6bc6d5f5","target":"d2e3e3a7-2fbd-468d-8781-b5473dbd5af2","agreement":true,"isActive":true,"date":1702311658952,"kind":"Connector","isSelected":false,"intensity":3,"isDeletable":true,"isOver":false,"isBidirectional":false,"eventLog":[{"time":1702311658952,"type":"create connection"}]},{"id":"d7a5e94a-a337-4af9-a9ed-dfc68cdc88eb","source":"892a7aa0-3654-4b57-9b2f-6d2f6bc6d5f5","target":"22fd3fea-1988-49a8-be40-33981adb7896","agreement":true,"isActive":true,"date":1702311667046,"kind":"Connector","isSelected":false,"intensity":6,"isDeletable":true,"isOver":false,"isBidirectional":false,"eventLog":[{"time":1702311667046,"type":"create connection"},{"time":1702311668965,"type":"selected","value":1},{"time":1702311672129,"type":"change intensity of connector","value":6},{"time":1702311672129,"type":"selected","value":0}]},{"id":"c0ec2ea2-9711-4cf4-a71e-ac1c27d76b8c","source":"93072d15-d508-4960-883a-a5da8acf8ac9","target":"c99db67a-f1a9-440f-b2e4-283e50e668b7","agreement":true,"isActive":true,"date":1702311727864,"kind":"Connector","isSelected":false,"intensity":3,"isDeletable":true,"isOver":false,"isBidirectional":false,"eventLog":[{"time":1702311727864,"type":"create connection"}]},{"id":"9a895a0c-2cac-4402-8b6f-991a300d55a7","source":"16824d80-149f-46ac-8004-0624a3894a66","target":"b6662faf-03e2-4e86-8bee-09a08c968702","agreement":true,"isActive":true,"date":1702311826294,"kind":"Connector","isSelected":false,"intensity":3,"isDeletable":true,"isOver":false,"isBidirectional":false,"eventLog":[{"time":1702311826294,"type":"create connection"}]}],"currentID":{},"currentNode":{},"hasSelectedNode":[false],"currentConnector":{},"hasSelectedConnector":[false],"readyToMove":[false],"isIncoming":[false],"hasElementMoved":[false]}
