{"idCAM":["accadebf-a880-4c9a-bd21-500296454b8e"],"creator":["650ff7a187874a12d765b5ef_pre"],"projectCAM":["S2_CAM part 1"],"defocusCAM":[null],"date":[1702310173501],"nodes":[{"id":"d953cd13-d2c7-4f74-93ef-0199bf950efd","value":0,"text":"rescue robot","comment":"","position":{"x":650,"y":400},"isActive":true,"date":1702310174411,"kind":"Node","isSelected":false,"isConnectorSelected":false,"isDraggable":0,"isDeletable":0,"hasElementMoved":false,"eventLog":[{"time":1702310174411,"type":"create node","value":0}],"isTextChangeable":0},{"id":"65e20eba-8f84-43c2-af0b-7cb72a854322","value":0,"text":"disadvantages","comment":"","position":{"x":450,"y":400},"isActive":true,"date":1702310174411,"kind":"Node","isSelected":false,"isConnectorSelected":false,"isDraggable":0,"isDeletable":0,"hasElementMoved":false,"eventLog":[{"time":1702310174411,"type":"create node","value":0}],"isTextChangeable":0},{"id":"f07555b1-bb85-4ae1-8a14-34a124e37e7f","value":0,"text":"advantages","comment":"","position":{"x":850,"y":400},"isActive":true,"date":1702310174411,"kind":"Node","isSelected":false,"isConnectorSelected":false,"isDraggable":0,"isDeletable":0,"hasElementMoved":false,"eventLog":[{"time":"1702310174411","type":"create node","value":[0]},{"time":"2023-12-11T15:56:27.705Z","type":"position","value":{"x":[849],"y":[401]}},{"time":"2023-12-11T15:56:29.828Z","type":"position","value":{"x":[835],"y":[386]}}],"isTextChangeable":0},{"id":"034dcfdc-8c14-4fed-8016-45059e08ba7d","value":3,"text":"risk reduction for operational forces","comment":"","position":{"x":848,"y":245},"isActive":true,"date":1702310184085,"kind":"Node","isSelected":false,"isConnectorSelected":false,"isDraggable":1,"isDeletable":1,"hasElementMoved":false,"eventLog":[{"time":"1702310184085","type":"create node","value":[0]},{"time":"2023-12-11T15:56:24.885Z","type":"position","value":{"x":[859],"y":[359]}},{"time":"2023-12-11T15:56:31.470Z","type":"position","value":{"x":[858],"y":[313]}},{"time":"1702310196984","type":"selected","value":[true]},{"time":"1702310219336","type":"text","value":["Risikominderung für Einsatzkräfte"]},{"time":"1702310219336","type":"value","value":[3]},{"time":"1702310219336","type":"selected","value":[false]},{"time":"2023-12-11T15:57:00.070Z","type":"position","value":{"x":[843],"y":[306]}}],"isTextChangeable":1},{"id":"f90b716e-e849-473f-8c15-5b99fd75530f","value":-3,"text":"maintenance-intensive","comment":"Smallest mistakes in maintenance can mean serious consequences in use.","position":{"x":445,"y":270},"isActive":true,"date":1702310226090,"kind":"Node","isSelected":false,"isConnectorSelected":false,"isDraggable":1,"isDeletable":1,"hasElementMoved":false,"eventLog":[{"time":"1702310226090","type":"create node","value":[0]},{"time":"1702310226198","type":"selected","value":[true]},{"time":"1702310265126","type":"text","value":["Wartungsintensiv"]},{"time":"1702310265126","type":"value","value":[-3]},{"time":"1702310265126","type":"comment","value":["Kleinste fehler bei der Wartung können schlimme ausmaße im Einsatz bedeuten\n"]},{"time":"1702310265126","type":"selected","value":[false]},{"time":"2023-12-11T15:57:46.122Z","type":"position","value":{"x":[432],"y":[315]}},{"time":"2023-12-11T15:57:47.239Z","type":"position","value":{"x":[436],"y":[272]}}],"isTextChangeable":1},{"id":"27a98409-4902-481d-a889-751c829f4970","value":-2,"text":"AI mistake","comment":"The AI could 'go crazy' and act completely wrong","position":{"x":257,"y":405},"isActive":true,"date":1702310292950,"kind":"Node","isSelected":false,"isConnectorSelected":false,"isDraggable":1,"isDeletable":1,"hasElementMoved":false,"eventLog":[{"time":"1702310292950","type":"create node","value":[0]},{"time":"1702310293039","type":"selected","value":[true]},{"time":"1702310331011","type":"text","value":["KI fehler"]},{"time":"1702310331011","type":"comment","value":["Die KI könnte ,,durchdrehen'' und komplett falsch handeln"]},{"time":"1702310331011","type":"selected","value":[false]},{"time":"1702310332178","type":"selected","value":[true]},{"time":"1702310335304","type":"value","value":[-2]},{"time":"1702310335304","type":"selected","value":[false]},{"time":"2023-12-11T16:00:31.563Z","type":"position","value":{"x":[288],"y":[357]}}],"isTextChangeable":1},{"id":"3e364452-a93f-48f3-87d3-46b005198efb","value":3,"text":"mine recovery","comment":"Because the robots are smaller, they could help in case of a spill.","position":{"x":938,"y":301},"isActive":true,"date":1702310355275,"kind":"Node","isSelected":false,"isConnectorSelected":false,"isDraggable":1,"isDeletable":1,"hasElementMoved":false,"eventLog":[{"time":1702310355275,"type":"create node","value":"0"},{"time":1702310355402,"type":"selected","value":"TRUE"},{"time":1702310388997,"type":"text","value":"Minenbergung"},{"time":1702310388997,"type":"value","value":"3"},{"time":1702310388997,"type":"comment","value":"Dadurch das die Roboter kleiner sind könnten sie bei einer verschütung helfen"},{"time":1702310388997,"type":"selected","value":"FALSE"}],"isTextChangeable":1},{"id":"587514ed-60cc-4d89-8f8c-791fd30b336e","value":-2,"text":"costs","comment":"More expensive in case of loss or destruction","position":{"x":279,"y":286},"isActive":true,"date":1702310400745,"kind":"Node","isSelected":false,"isConnectorSelected":false,"isDraggable":1,"isDeletable":1,"hasElementMoved":false,"eventLog":[{"time":"1702310400745","type":"create node","value":[0]},{"time":"1702310400913","type":"selected","value":[true]},{"time":"1702310421781","type":"text","value":["Kosten"]},{"time":"1702310421781","type":"value","value":[-2]},{"time":"1702310421781","type":"comment","value":["Kostenintensiver bei verlust oder zerstörung"]},{"time":"1702310421781","type":"selected","value":[false]},{"time":"2023-12-11T16:00:27.208Z","type":"position","value":{"x":[301],"y":[453]}},{"time":"2023-12-11T16:00:27.498Z","type":"position","value":{"x":[309],"y":[299]}},{"time":"2023-12-11T16:00:33.815Z","type":"position","value":{"x":[310],"y":[276]}}],"isTextChangeable":1},{"id":"bbd6dbd9-0917-4391-9b9f-46cd5f1464d4","value":-3,"text":"hacker","comment":"Could hack the robot to then control it differently. Type of terrorist attack","position":{"x":262,"y":525},"isActive":true,"date":1702310436730,"kind":"Node","isSelected":false,"isConnectorSelected":false,"isDraggable":1,"isDeletable":1,"hasElementMoved":false,"eventLog":[{"time":1702310436730,"type":"create node","value":"0"},{"time":1702310436832,"type":"selected","value":"TRUE"},{"time":1702310466418,"type":"text","value":"Hacker"},{"time":1702310466418,"type":"value","value":"-3"},{"time":1702310466418,"type":"comment","value":"Könnten den Roboter hacken um ihn dann anders zu steuern. Art von Terroranschlag"},{"time":1702310466418,"type":"selected","value":"FALSE"}],"isTextChangeable":1},{"id":"5791d071-1b83-4a62-8318-c5f892ccb5e7","value":-1,"text":"control of the situation","comment":"AI probably cannot assess the situation like a human","position":{"x":432,"y":530},"isActive":true,"date":1702310478716,"kind":"Node","isSelected":false,"isConnectorSelected":false,"isDraggable":1,"isDeletable":1,"hasElementMoved":false,"eventLog":[{"time":1702310478716,"type":"create node","value":"0"},{"time":1702310479074,"type":"selected","value":"TRUE"},{"time":1702310508611,"type":"text","value":"Beherschung der Lage"},{"time":1702310508611,"type":"value","value":"-1"},{"time":1702310508611,"type":"comment","value":"KI kann wahrscheinlich die Situation nicht so einschätzen wie ein Mensch"},{"time":1702310508611,"type":"selected","value":"FALSE"}],"isTextChangeable":1},{"id":"c719eda4-fd7e-4ef5-8443-83dfae033310","value":2,"text":"faster recovery","comment":"One could send robots into the fire etc. without danger to human lives to combat the cause more quickly.","position":{"x":970,"y":439},"isActive":true,"date":1702310522142,"kind":"Node","isSelected":false,"isConnectorSelected":false,"isDraggable":1,"isDeletable":1,"hasElementMoved":false,"eventLog":[{"time":1702310522142,"type":"create node","value":"0"},{"time":1702310523012,"type":"selected","value":"TRUE"},{"time":1702310553620,"type":"text","value":"Schnellere Bergung"},{"time":1702310553620,"type":"value","value":"2"},{"time":1702310553620,"type":"comment","value":"Man könnte ohne gefahr für Menschenleben Roboter ins feuer schicken etc um die Ursache schneller zu bekämpfen\n"},{"time":1702310553620,"type":"selected","value":"FALSE"}],"isTextChangeable":1},{"id":"b81ab661-3e1a-463d-972d-b4e6017de836","value":2,"text":"Weather independent","comment":"Even in storms etc maybe an option for critical tasks","position":{"x":842,"y":500},"isActive":true,"date":1702310564122,"kind":"Node","isSelected":false,"isConnectorSelected":false,"isDraggable":1,"isDeletable":1,"hasElementMoved":false,"eventLog":[{"time":1702310564122,"type":"create node","value":"0"},{"time":1702310625693,"type":"selected","value":"TRUE"},{"time":1702310652373,"type":"text","value":"Wetter unabhänig"},{"time":1702310652373,"type":"value","value":"2"},{"time":1702310652373,"type":"comment","value":"Auch bei Stürmen etc vielleicht eine Option für kritische aufgaben"},{"time":1702310652373,"type":"selected","value":"FALSE"}],"isTextChangeable":1},{"id":"608ede56-e015-4af2-bb99-bf09345261de","value":2,"text":"load capacity","comment":"A robot could also be designed so that it can carry more than a human","position":{"x":955,"y":541},"isActive":true,"date":1702310655984,"kind":"Node","isSelected":false,"isConnectorSelected":false,"isDraggable":1,"isDeletable":1,"hasElementMoved":false,"eventLog":[{"time":1702310655984,"type":"create node","value":"0"},{"time":1702310656822,"type":"selected","value":"TRUE"},{"time":1702310680429,"type":"text","value":"Traglast"},{"time":1702310680429,"type":"value","value":"2"},{"time":1702310680429,"type":"comment","value":"Ein Roboter könnte auch so Designt sein das er mehr tragen kann als ein Mensch\n"},{"time":1702310680429,"type":"selected","value":"FALSE"}],"isTextChangeable":1}],"connectors":[{"id":"9c57ed5b-19eb-4605-8f8e-516b8c02e833","source":"d953cd13-d2c7-4f74-93ef-0199bf950efd","target":"65e20eba-8f84-43c2-af0b-7cb72a854322","agreement":true,"isActive":true,"date":1702310174411,"kind":"Connector","isSelected":false,"intensity":3,"isDeletable":false,"isOver":false,"isBidirectional":false,"eventLog":[{"time":1702310174411,"type":"create connection"}]},{"id":"903baeae-719e-4be5-aa05-d7b3ba4a9965","source":"d953cd13-d2c7-4f74-93ef-0199bf950efd","target":"f07555b1-bb85-4ae1-8a14-34a124e37e7f","agreement":true,"isActive":true,"date":1702310174411,"kind":"Connector","isSelected":false,"intensity":3,"isDeletable":true,"isOver":false,"isBidirectional":false,"eventLog":[{"time":1702310174411,"type":"create connection"}]},{"id":"02ba369f-e946-461d-9d1e-307811222f0c","source":"f07555b1-bb85-4ae1-8a14-34a124e37e7f","target":"034dcfdc-8c14-4fed-8016-45059e08ba7d","agreement":true,"isActive":true,"date":1702310194603,"kind":"Connector","isSelected":false,"intensity":3,"isDeletable":true,"isOver":false,"isBidirectional":false,"eventLog":[{"time":1702310194603,"type":"create connection"}]},{"id":"4dcd618f-bced-4ff7-a9cb-7c44d73c91ec","source":"65e20eba-8f84-43c2-af0b-7cb72a854322","target":"f90b716e-e849-473f-8c15-5b99fd75530f","agreement":true,"isActive":true,"date":1702310269167,"kind":"Connector","isSelected":false,"intensity":6,"isDeletable":true,"isOver":false,"isBidirectional":false,"eventLog":[{"time":1702310269167,"type":"create connection"},{"time":1702310272112,"type":"selected","value":1},{"time":1702310275239,"type":"change intensity of connector","value":3},{"time":1702310275239,"type":"selected","value":0},{"time":1702310288752,"type":"selected","value":1},{"time":1702310291370,"type":"change intensity of connector","value":6},{"time":1702310291370,"type":"selected","value":0}]},{"id":"bffc6b46-0ae9-4e12-8bee-2164432d9049","source":"65e20eba-8f84-43c2-af0b-7cb72a854322","target":"27a98409-4902-481d-a889-751c829f4970","agreement":true,"isActive":true,"date":1702310336652,"kind":"Connector","isSelected":false,"intensity":3,"isDeletable":true,"isOver":false,"isBidirectional":false,"eventLog":[{"time":1702310336652,"type":"create connection"}]},{"id":"f9b40ae0-6da8-4863-8378-9f80249737d1","source":"f07555b1-bb85-4ae1-8a14-34a124e37e7f","target":"3e364452-a93f-48f3-87d3-46b005198efb","agreement":true,"isActive":true,"date":1702310389956,"kind":"Connector","isSelected":false,"intensity":3,"isDeletable":true,"isOver":false,"isBidirectional":false,"eventLog":[{"time":1702310389956,"type":"create connection"}]},{"id":"7e299371-356a-49af-8cde-93cb45cc2471","source":"587514ed-60cc-4d89-8f8c-791fd30b336e","target":"65e20eba-8f84-43c2-af0b-7cb72a854322","agreement":true,"isActive":true,"date":1702310425858,"kind":"Connector","isSelected":false,"intensity":3,"isDeletable":true,"isOver":false,"isBidirectional":false,"eventLog":[{"time":1702310425858,"type":"create connection"}]},{"id":"eacbba7c-0bc6-4836-93f5-6e3cd04e3248","source":"587514ed-60cc-4d89-8f8c-791fd30b336e","target":"f90b716e-e849-473f-8c15-5b99fd75530f","agreement":true,"isActive":true,"date":1702310429900,"kind":"Connector","isSelected":false,"intensity":3,"isDeletable":true,"isOver":false,"isBidirectional":false,"eventLog":[{"time":1702310429900,"type":"create connection"}]},{"id":"52cc6560-a459-4716-a7b7-e923dc574e36","source":"bbd6dbd9-0917-4391-9b9f-46cd5f1464d4","target":"65e20eba-8f84-43c2-af0b-7cb72a854322","agreement":true,"isActive":true,"date":1702310468095,"kind":"Connector","isSelected":false,"intensity":3,"isDeletable":true,"isOver":false,"isBidirectional":false,"eventLog":[{"time":1702310468095,"type":"create connection"}]},{"id":"f22d7949-f458-454b-9bd7-8439ba4c006b","source":"bbd6dbd9-0917-4391-9b9f-46cd5f1464d4","target":"27a98409-4902-481d-a889-751c829f4970","agreement":true,"isActive":true,"date":1702310469959,"kind":"Connector","isSelected":false,"intensity":3,"isDeletable":true,"isOver":false,"isBidirectional":false,"eventLog":[{"time":1702310469959,"type":"create connection"}]},{"id":"aef711b3-b5b9-462f-b866-5ee478443a67","source":"5791d071-1b83-4a62-8318-c5f892ccb5e7","target":"27a98409-4902-481d-a889-751c829f4970","agreement":true,"isActive":true,"date":1702310510508,"kind":"Connector","isSelected":false,"intensity":3,"isDeletable":true,"isOver":false,"isBidirectional":false,"eventLog":[{"time":1702310510508,"type":"create connection"}]},{"id":"91cc9794-7165-489f-8741-9ec7be749461","source":"5791d071-1b83-4a62-8318-c5f892ccb5e7","target":"65e20eba-8f84-43c2-af0b-7cb72a854322","agreement":true,"isActive":true,"date":1702310514743,"kind":"Connector","isSelected":false,"intensity":3,"isDeletable":true,"isOver":false,"isBidirectional":false,"eventLog":[{"time":1702310514743,"type":"create connection"}]},{"id":"aad78c87-83eb-4629-b870-5c47b7982b5c","source":"c719eda4-fd7e-4ef5-8443-83dfae033310","target":"f07555b1-bb85-4ae1-8a14-34a124e37e7f","agreement":true,"isActive":true,"date":1702310554719,"kind":"Connector","isSelected":false,"intensity":3,"isDeletable":true,"isOver":false,"isBidirectional":false,"eventLog":[{"time":1702310554719,"type":"create connection"}]},{"id":"a83ec6a0-9ddf-40e1-b2a8-4d714aa1a5dd","source":"c719eda4-fd7e-4ef5-8443-83dfae033310","target":"3e364452-a93f-48f3-87d3-46b005198efb","agreement":true,"isActive":true,"date":1702310555623,"kind":"Connector","isSelected":false,"intensity":3,"isDeletable":true,"isOver":false,"isBidirectional":false,"eventLog":[{"time":1702310555623,"type":"create connection"}]},{"id":"45d9bbe3-b9c5-4d68-9371-e256952395bc","source":"b81ab661-3e1a-463d-972d-b4e6017de836","target":"c719eda4-fd7e-4ef5-8443-83dfae033310","agreement":true,"isActive":true,"date":1702310654999,"kind":"Connector","isSelected":false,"intensity":3,"isDeletable":true,"isOver":false,"isBidirectional":false,"eventLog":[{"time":1702310654999,"type":"create connection"}]},{"id":"f4da71d4-e7df-4060-bf24-d3e1bc9515cd","source":"608ede56-e015-4af2-bb99-bf09345261de","target":"f07555b1-bb85-4ae1-8a14-34a124e37e7f","agreement":true,"isActive":true,"date":1702310683201,"kind":"Connector","isSelected":false,"intensity":3,"isDeletable":true,"isOver":false,"isBidirectional":false,"eventLog":[{"time":1702310683201,"type":"create connection"}]}],"currentID":{},"currentNode":{},"hasSelectedNode":[false],"currentConnector":{},"hasSelectedConnector":[false],"readyToMove":[false],"isIncoming":[false],"hasElementMoved":[false]}
