{"idCAM":["0ba6a0cd-db01-4ac6-b4ff-4e8ef6ffd3d9"],"creator":["651311510abdac9c5b9c6c4b_pre"],"projectCAM":["S2_CAM part 1"],"defocusCAM":[null],"date":[1702309638873],"nodes":[{"id":"3a69affe-2de0-498c-813c-3d7a72b3bc87","value":0,"text":"rescue robot","comment":"","position":{"x":650,"y":400},"isActive":true,"date":1702309639624,"kind":"Node","isSelected":false,"isConnectorSelected":false,"isDraggable":0,"isDeletable":0,"hasElementMoved":false,"eventLog":[{"time":1702309639624,"type":"create node","value":0}],"isTextChangeable":0},{"id":"f5db377f-54b5-4899-9256-1013a109b3e6","value":0,"text":"disadvantages","comment":"","position":{"x":450,"y":400},"isActive":true,"date":1702309639624,"kind":"Node","isSelected":false,"isConnectorSelected":false,"isDraggable":0,"isDeletable":0,"hasElementMoved":false,"eventLog":[{"time":1702309639624,"type":"create node","value":0}],"isTextChangeable":0},{"id":"f99d96bf-5923-4446-af8c-f41f50f140e2","value":0,"text":"advantages","comment":"","position":{"x":850,"y":400},"isActive":true,"date":1702309639624,"kind":"Node","isSelected":false,"isConnectorSelected":false,"isDraggable":0,"isDeletable":0,"hasElementMoved":false,"eventLog":[{"time":1702309639624,"type":"create node","value":0}],"isTextChangeable":0},{"id":"0501d3c8-d5c3-4004-9f8e-063da8226e43","value":0,"text":"deployment","comment":"","position":{"x":1000,"y":449},"isActive":true,"date":1702309652219,"kind":"Node","isSelected":false,"isConnectorSelected":false,"isDraggable":1,"isDeletable":1,"hasElementMoved":false,"eventLog":[{"time":"1702309652219","type":"create node","value":[0]},{"time":"1702309654552","type":"selected","value":[true]},{"time":"1702309687391","type":"text","value":["Einsatz"]},{"time":"1702309687391","type":"selected","value":[false]},{"time":"2023-12-11T15:48:08.119Z","type":"position","value":{"x":[951],"y":[531]}},{"time":"2023-12-11T15:49:09.959Z","type":"position","value":{"x":[970],"y":[470]}},{"time":"2023-12-11T15:50:32.873Z","type":"position","value":{"x":[982],"y":[474]}},{"time":"2023-12-11T15:50:41.126Z","type":"position","value":{"x":[982],"y":[447]}}],"isTextChangeable":1},{"id":"43b8b298-3dba-4f78-a8ac-7594c38fae3f","value":1,"text":"in danger zones","comment":"","position":{"x":993,"y":572},"isActive":true,"date":1702309690902,"kind":"Node","isSelected":false,"isConnectorSelected":false,"isDraggable":1,"isDeletable":1,"hasElementMoved":false,"eventLog":[{"time":"1702309690902","type":"create node","value":[0]},{"time":"1702309691327","type":"selected","value":[true]},{"time":"1702309701981","type":"text","value":["in Gefahrenzonen"]},{"time":"1702309701981","type":"value","value":[1]},{"time":"1702309701981","type":"selected","value":[false]},{"time":"2023-12-11T15:48:22.421Z","type":"position","value":{"x":[818],"y":[520]}},{"time":"2023-12-11T15:48:22.546Z","type":"position","value":{"x":[968],"y":[602]}},{"time":"2023-12-11T15:48:24.234Z","type":"position","value":{"x":[997],"y":[560]}},{"time":"2023-12-11T15:49:10.878Z","type":"position","value":{"x":[999],"y":[569]}}],"isTextChangeable":1},{"id":"7f3be304-d88b-4c9b-aff0-3cbb1881fdf1","value":1,"text":"in caves","comment":"Caves, not big enough for humans. For contacting or delivering food, water, oxygen","position":{"x":869,"y":647},"isActive":true,"date":1702309709034,"kind":"Node","isSelected":false,"isConnectorSelected":false,"isDraggable":1,"isDeletable":1,"hasElementMoved":false,"eventLog":[{"time":"1702309709034","type":"create node","value":[0]},{"time":"1702309710041","type":"selected","value":[true]},{"time":"1702309746142","type":"text","value":["In Höhlen"]},{"time":"1702309746142","type":"value","value":[1]},{"time":"1702309746142","type":"comment","value":["Höhlen, für die Menschen nicht groß genug sind. Zur Kontaktaufnahme oder Lieferung von Nahrung, Wasser, Sauerstoff"]},{"time":"1702309746142","type":"selected","value":[false]},{"time":"2023-12-11T15:49:08.348Z","type":"position","value":{"x":[862],"y":[618]}},{"time":"1702309765638","type":"selected","value":[true]},{"time":"1702309770423","type":"text","value":["in Höhlen"]},{"time":"1702309770423","type":"selected","value":[false]}],"isTextChangeable":1},{"id":"299eedff-1e7c-4d7b-835b-4155ca9365a4","value":1,"text":"poisonous places","comment":"Places where people can only breathe with special equipment (gas mask)","position":{"x":1096,"y":665},"isActive":true,"date":1702309752161,"kind":"Node","isSelected":false,"isConnectorSelected":false,"isDraggable":1,"isDeletable":1,"hasElementMoved":false,"eventLog":[{"time":"1702309752161","type":"create node","value":[0]},{"time":"1702309752588","type":"selected","value":[true]},{"time":"1702309761675","type":"text","value":["Giftige Orte"]},{"time":"1702309761675","type":"selected","value":[false]},{"time":"1702309763722","type":"selected","value":[true]},{"time":"1702309764999","type":"value","value":[1]},{"time":"1702309764999","type":"selected","value":[false]},{"time":"1702309771661","type":"selected","value":[true]},{"time":"1702309772066","type":"selected","value":[false]},{"time":"1702309773110","type":"selected","value":[true]},{"time":"1702309788113","type":"comment","value":["Orte, an denen Menschen nur mit spezieller Ausrüstung (Gasmaske) atmen können"]},{"time":"1702309788113","type":"selected","value":[false]},{"time":"2023-12-11T15:49:52.338Z","type":"position","value":{"x":[1083],"y":[643]}}],"isTextChangeable":1},{"id":"4f6c4d2e-7a0b-43bf-bb33-b14670ca3cb0","value":0,"text":"","comment":"","position":{"x":1076,"y":318},"isActive":false,"date":1702309772263,"kind":"Node","isSelected":false,"isConnectorSelected":false,"isDraggable":1,"isDeletable":1,"hasElementMoved":false,"eventLog":[{"time":1702309772263,"type":"create node","value":0},{"time":1702309790773,"type":"node was deleted","value":-77}],"isTextChangeable":1},{"id":"008a19c2-f26d-4112-b39d-39b48ec77914","value":0,"text":"","comment":"","position":{"x":1101,"y":596},"isActive":false,"date":1702309772641,"kind":"Node","isSelected":false,"isConnectorSelected":false,"isDraggable":1,"isDeletable":1,"hasElementMoved":false,"eventLog":[{"time":1702309772641,"type":"create node","value":0},{"time":1702309789241,"type":"node was deleted","value":-77}],"isTextChangeable":1},{"id":"3a141ce8-d2bc-412f-90e1-8ba6d06a0c90","value":1,"text":"under water","comment":"Should people get stuck in underwater caves (like in, I think Taiwan? The soccer boys), the robot can dive through","position":{"x":1156,"y":576},"isActive":true,"date":1702309793491,"kind":"Node","isSelected":false,"isConnectorSelected":false,"isDraggable":1,"isDeletable":1,"hasElementMoved":false,"eventLog":[{"time":"1702309793491","type":"create node","value":[0]},{"time":"1702309793859","type":"selected","value":[true]},{"time":"1702309829670","type":"text","value":["Unter Wasser"]},{"time":"1702309829670","type":"value","value":[1]},{"time":"1702309829670","type":"comment","value":["Sollten Leute in Höhlen unter Wasser feststecken (wie in ich meine Taiwan? Die Fußballjungs), kann der Roboter hindurch tauchen"]},{"time":"1702309829670","type":"selected","value":[false]},{"time":"2023-12-11T15:50:31.331Z","type":"position","value":{"x":[1162],"y":[574]}}],"isTextChangeable":1},{"id":"2a829a4a-c6f3-4ca9-beab-da472ea0897f","value":0,"text":"widerstandsfähig","comment":"","position":{"x":1117,"y":444},"isActive":false,"date":1702309842404,"kind":"Node","isSelected":false,"isConnectorSelected":false,"isDraggable":1,"isDeletable":1,"hasElementMoved":false,"eventLog":[{"time":1702309842404,"type":"create node","value":0},{"time":1702309842784,"type":"selected","value":1},{"time":1702309869486,"type":"node was deleted","value":-99}],"isTextChangeable":1},{"id":"1cd57542-83a0-4e71-b947-4afbb3ae6e77","value":1,"text":"robust material","comment":"","position":{"x":1113,"y":385},"isActive":true,"date":1702309870214,"kind":"Node","isSelected":false,"isConnectorSelected":false,"isDraggable":1,"isDeletable":1,"hasElementMoved":false,"eventLog":[{"time":"1702309870214","type":"create node","value":[0]},{"time":"1702309871400","type":"selected","value":[true]},{"time":"1702309877075","type":"text","value":["robustes Material"]},{"time":"1702309877075","type":"value","value":[1]},{"time":"1702309877075","type":"selected","value":[false]},{"time":"2023-12-11T15:51:27.852Z","type":"position","value":{"x":[1122],"y":[468]}},{"time":"2023-12-11T15:51:29.109Z","type":"position","value":{"x":[1105],"y":[448]}},{"time":"1702309896679","type":"selected","value":[true]},{"time":"1702309897087","type":"selected","value":[false]},{"time":"2023-12-11T15:51:38.214Z","type":"position","value":{"x":[1131],"y":[453]}}],"isTextChangeable":1},{"id":"bf200d75-db2f-40d2-8ec4-23f25e749dad","value":2,"text":"resilient","comment":"","position":{"x":1186,"y":479},"isActive":true,"date":1702309877312,"kind":"Node","isSelected":false,"isConnectorSelected":false,"isDraggable":1,"isDeletable":1,"hasElementMoved":false,"eventLog":[{"time":"1702309877312","type":"create node","value":[0]},{"time":"1702309878303","type":"selected","value":[true]},{"time":"1702309884170","type":"text","value":["wiederstandsfähig"]},{"time":"1702309884170","type":"selected","value":[false]},{"time":"2023-12-11T15:51:24.630Z","type":"position","value":{"x":[1202],"y":[478]}},{"time":"1702309886228","type":"selected","value":[true]},{"time":"1702309887360","type":"value","value":[2]},{"time":"1702309887360","type":"selected","value":[false]},{"time":"2023-12-11T15:51:31.437Z","type":"position","value":{"x":[1235],"y":[443]}},{"time":"1702309895868","type":"selected","value":[true]},{"time":"1702309896297","type":"selected","value":[false]},{"time":"1702309897228","type":"selected","value":[true]},{"time":"1702309897633","type":"selected","value":[false]},{"time":"2023-12-11T15:51:41.643Z","type":"position","value":{"x":[1210],"y":[456]}}],"isTextChangeable":1},{"id":"5832b80b-960c-4863-8d91-bac453d9cded","value":1,"text":"no distraction","comment":"","position":{"x":992,"y":327},"isActive":true,"date":1702309906788,"kind":"Node","isSelected":false,"isConnectorSelected":false,"isDraggable":1,"isDeletable":1,"hasElementMoved":false,"eventLog":[{"time":"1702309906788","type":"create node","value":[0]},{"time":"1702309907091","type":"selected","value":[true]},{"time":"1702309913648","type":"text","value":["keine Ablenkung"]},{"time":"1702309913648","type":"value","value":[1]},{"time":"1702309913648","type":"selected","value":[false]},{"time":"2023-12-11T15:51:54.121Z","type":"position","value":{"x":[989],"y":[318]}},{"time":"2023-12-11T15:52:23.044Z","type":"position","value":{"x":[987],"y":[299]}},{"time":"1702309955648","type":"selected","value":[true]},{"time":"1702309956252","type":"selected","value":[false]}],"isTextChangeable":1},{"id":"32bd45c3-3626-4376-a1b4-9dea4847c090","value":1,"text":"through emotions","comment":"","position":{"x":894,"y":232},"isActive":true,"date":1702309916334,"kind":"Node","isSelected":false,"isConnectorSelected":false,"isDraggable":1,"isDeletable":1,"hasElementMoved":false,"eventLog":[{"time":1702309916334,"type":"create node","value":"0"},{"time":1702309916488,"type":"selected","value":"TRUE"},{"time":1702309920261,"type":"text","value":"durch Emotionen"},{"time":1702309920261,"type":"selected","value":"FALSE"},{"time":1702309941194,"type":"selected","value":"TRUE"},{"time":1702309942430,"type":"value","value":"1"},{"time":1702309942430,"type":"selected","value":"FALSE"}],"isTextChangeable":1},{"id":"5c640424-db70-4db2-b2b6-0598162ebd0c","value":1,"text":"through injuries","comment":"","position":{"x":1049,"y":219},"isActive":true,"date":1702309920890,"kind":"Node","isSelected":false,"isConnectorSelected":false,"isDraggable":1,"isDeletable":1,"hasElementMoved":false,"eventLog":[{"time":"1702309920890","type":"create node","value":[0]},{"time":"1702309921810","type":"selected","value":[true]},{"time":"1702309927765","type":"text","value":["durch Verletzungen"]},{"time":"1702309927765","type":"selected","value":[false]},{"time":"2023-12-11T15:52:08.416Z","type":"position","value":{"x":[1043],"y":[246]}},{"time":"1702309939520","type":"selected","value":[true]},{"time":"1702309940724","type":"value","value":[1]},{"time":"1702309940724","type":"selected","value":[false]},{"time":"2023-12-11T15:52:26.781Z","type":"position","value":{"x":[1050],"y":[241]}}],"isTextChangeable":1},{"id":"5aaed7a0-556d-4e6d-ba7f-75e2ead892b8","value":1,"text":"by hunger/thirst","comment":"","position":{"x":1150,"y":283},"isActive":true,"date":1702309929342,"kind":"Node","isSelected":false,"isConnectorSelected":false,"isDraggable":1,"isDeletable":1,"hasElementMoved":false,"eventLog":[{"time":"1702309929342","type":"create node","value":[0]},{"time":"1702309930070","type":"selected","value":[true]},{"time":"1702309938008","type":"text","value":["durch Hunger/Durst"]},{"time":"1702309938008","type":"value","value":[1]},{"time":"1702309938008","type":"selected","value":[false]},{"time":"2023-12-11T15:52:18.535Z","type":"position","value":{"x":[1114],"y":[246]}},{"time":"2023-12-11T15:52:25.874Z","type":"position","value":{"x":[1188],"y":[278]}}],"isTextChangeable":1},{"id":"d6098b3a-87d9-4bf0-b1ed-55d9d915929a","value":0,"text":"","comment":"","position":{"x":795,"y":501},"isActive":false,"date":1702309962294,"kind":"Node","isSelected":false,"isConnectorSelected":false,"isDraggable":1,"isDeletable":1,"hasElementMoved":false,"eventLog":[{"time":1702309962294,"type":"create node","value":0},{"time":1702309963367,"type":"selected","value":1},{"time":1702309964523,"type":"node was deleted","value":-99}],"isTextChangeable":1},{"id":"fb6724f6-92b1-4a5f-b8a3-883ceccc1a8b","value":0,"text":"AI","comment":"","position":{"x":294,"y":484},"isActive":true,"date":1702309969781,"kind":"Node","isSelected":false,"isConnectorSelected":false,"isDraggable":1,"isDeletable":1,"hasElementMoved":false,"eventLog":[{"time":"1702309969781","type":"create node","value":[0]},{"time":"1702309970082","type":"selected","value":[true]},{"time":"1702309980182","type":"text","value":["AI"]},{"time":"1702309980182","type":"selected","value":[false]},{"time":"2023-12-11T15:53:00.642Z","type":"position","value":{"x":[388],"y":[497]}},{"time":"2023-12-11T15:53:10.184Z","type":"position","value":{"x":[305],"y":[493]}}],"isTextChangeable":1},{"id":"74932bdb-5a88-4013-b7b7-71ea32c2aec5","value":0,"text":"Who to save first?","comment":"","position":{"x":355,"y":583},"isActive":true,"date":1702309981522,"kind":"Node","isSelected":false,"isConnectorSelected":false,"isDraggable":1,"isDeletable":1,"hasElementMoved":false,"eventLog":[{"time":"1702309981522","type":"create node","value":[0]},{"time":"1702309982809","type":"selected","value":[true]},{"time":"1702309988684","type":"text","value":["Wen zuerst retten?"]},{"time":"1702309988684","type":"selected","value":[false]},{"time":"2023-12-11T15:53:09.161Z","type":"position","value":{"x":[395],"y":[450]}},{"time":"1702309995345","type":"selected","value":[true]},{"time":"1702309997038","type":"selected","value":[false]}],"isTextChangeable":1},{"id":"71310378-3b9e-48fb-af92-6e7d19f9e4ef","value":0,"text":"","comment":"","position":{"x":382,"y":423},"isActive":false,"date":1702309990918,"kind":"Node","isSelected":false,"isConnectorSelected":false,"isDraggable":1,"isDeletable":1,"hasElementMoved":false,"eventLog":[{"time":1702309990918,"type":"create node","value":0},{"time":1702309992846,"type":"node was deleted","value":-77}],"isTextChangeable":1},{"id":"d0ed4206-1169-412d-9950-5b733b3841a0","value":-1,"text":"false favoritism","comment":"","position":{"x":494,"y":589},"isActive":true,"date":1702309997631,"kind":"Node","isSelected":false,"isConnectorSelected":false,"isDraggable":1,"isDeletable":1,"hasElementMoved":false,"eventLog":[{"time":"1702309997631","type":"create node","value":[0]},{"time":"1702309998005","type":"selected","value":[true]},{"time":"1702310006824","type":"text","value":["Falsche Bevorzugung"]},{"time":"1702310006824","type":"value","value":[-1]},{"time":"1702310006824","type":"selected","value":[false]},{"time":"2023-12-11T15:53:28.418Z","type":"position","value":{"x":[529],"y":[609]}},{"time":"2023-12-11T15:53:49.758Z","type":"position","value":{"x":[516],"y":[591]}},{"time":"2023-12-11T15:55:26.340Z","type":"position","value":{"x":[527],"y":[586]}}],"isTextChangeable":1},{"id":"d22e007d-d77f-49a2-a025-37027d311d92","value":0,"text":"Which priorities?","comment":"","position":{"x":192,"y":581},"isActive":true,"date":1702310034496,"kind":"Node","isSelected":false,"isConnectorSelected":false,"isDraggable":1,"isDeletable":1,"hasElementMoved":false,"eventLog":[{"time":"1702310034496","type":"create node","value":[0]},{"time":"1702310035433","type":"selected","value":[true]},{"time":"1702310042091","type":"text","value":["Welche Priotiäten"]},{"time":"1702310042091","type":"selected","value":[false]},{"time":"2023-12-11T15:54:02.706Z","type":"position","value":{"x":[179],"y":[567]}},{"time":"1702310043121","type":"selected","value":[true]},{"time":"1702310045497","type":"text","value":["Welche Priotiäten?"]},{"time":"1702310045497","type":"selected","value":[false]},{"time":"2023-12-11T15:54:07.198Z","type":"position","value":{"x":[178],"y":[584]}}],"isTextChangeable":1},{"id":"c2deb5df-154c-4587-90d7-decfc45d4992","value":0,"text":"Autonom oder gesteuert?","comment":"","position":{"x":240,"y":287},"isActive":false,"date":1702310054813,"kind":"Node","isSelected":false,"isConnectorSelected":false,"isDraggable":1,"isDeletable":1,"hasElementMoved":false,"eventLog":[{"time":1702310054813,"type":"create node","value":0},{"time":1702310054951,"type":"selected","value":1},{"time":1702310062591,"type":"node was deleted","value":-99}],"isTextChangeable":1},{"id":"67fa8e07-4942-4114-b289-38c1b1fea745","value":0,"text":"autonomous action","comment":"","position":{"x":253,"y":371},"isActive":true,"date":1702310064017,"kind":"Node","isSelected":false,"isConnectorSelected":false,"isDraggable":1,"isDeletable":1,"hasElementMoved":false,"eventLog":[{"time":"1702310064017","type":"create node","value":[0]},{"time":"1702310064613","type":"selected","value":[true]},{"time":"1702310065022","type":"selected","value":[false]},{"time":"1702310065990","type":"selected","value":[true]},{"time":"1702310070654","type":"text","value":["Autonomes Handeln?"]},{"time":"1702310070654","type":"selected","value":[false]},{"time":"2023-12-11T15:54:32.182Z","type":"position","value":{"x":[134],"y":[383]}},{"time":"2023-12-11T15:54:36.064Z","type":"position","value":{"x":[262],"y":[348]}},{"time":"2023-12-11T15:55:19.032Z","type":"position","value":{"x":[220],"y":[374]}}],"isTextChangeable":1},{"id":"e175df0e-4867-47cc-96e1-5d13e64b5963","value":-1,"text":"responsible for life","comment":"","position":{"x":227,"y":222},"isActive":true,"date":1702310077460,"kind":"Node","isSelected":false,"isConnectorSelected":false,"isDraggable":1,"isDeletable":1,"hasElementMoved":false,"eventLog":[{"time":"1702310077460","type":"create node","value":[0]},{"time":"1702310077811","type":"selected","value":[true]},{"time":"1702310091216","type":"text","value":["Verantwortlich für Leben"]},{"time":"1702310091216","type":"selected","value":[false]},{"time":"2023-12-11T15:54:53.117Z","type":"position","value":{"x":[135],"y":[286]}},{"time":"2023-12-11T15:55:03.889Z","type":"position","value":{"x":[144],"y":[265]}},{"time":"1702310105779","type":"selected","value":[true]},{"time":"1702310107144","type":"value","value":[-1]},{"time":"1702310107144","type":"selected","value":[false]},{"time":"2023-12-11T15:55:23.475Z","type":"position","value":{"x":[195],"y":[239]}}],"isTextChangeable":1},{"id":"07351697-fbf4-4bcf-bb2c-c850ee3a398d","value":0,"text":"ethics","comment":"","position":{"x":403,"y":254},"isActive":true,"date":1702310096657,"kind":"Node","isSelected":false,"isConnectorSelected":false,"isDraggable":1,"isDeletable":1,"hasElementMoved":false,"eventLog":[{"time":1702310096657,"type":"create node","value":"0"},{"time":1702310097502,"type":"selected","value":"TRUE"},{"time":1702310101160,"type":"text","value":"Ethik"},{"time":1702310101160,"type":"selected","value":"FALSE"}],"isTextChangeable":1}],"connectors":[{"id":"1f4c715b-89a5-47ce-9d49-13470e377e9a","source":"3a69affe-2de0-498c-813c-3d7a72b3bc87","target":"f5db377f-54b5-4899-9256-1013a109b3e6","agreement":true,"isActive":true,"date":1702309639624,"kind":"Connector","isSelected":false,"intensity":3,"isDeletable":false,"isOver":false,"isBidirectional":false,"eventLog":[{"time":1702309639624,"type":"create connection"}]},{"id":"1709d67e-1713-4744-8a2e-26636d676636","source":"3a69affe-2de0-498c-813c-3d7a72b3bc87","target":"f99d96bf-5923-4446-af8c-f41f50f140e2","agreement":true,"isActive":true,"date":1702309639624,"kind":"Connector","isSelected":false,"intensity":3,"isDeletable":true,"isOver":false,"isBidirectional":false,"eventLog":[{"time":1702309639624,"type":"create connection"}]},{"id":"7d0ab7ea-f148-4f7e-8a88-f8b3c167983f","source":"f99d96bf-5923-4446-af8c-f41f50f140e2","target":"0501d3c8-d5c3-4004-9f8e-063da8226e43","agreement":true,"isActive":true,"date":1702309689097,"kind":"Connector","isSelected":false,"intensity":3,"isDeletable":true,"isOver":false,"isBidirectional":false,"eventLog":[{"time":1702309689097,"type":"create connection"}]},{"id":"0339cd77-ab60-4f79-b4b4-22a969882d46","source":"0501d3c8-d5c3-4004-9f8e-063da8226e43","target":"43b8b298-3dba-4f78-a8ac-7594c38fae3f","agreement":true,"isActive":true,"date":1702309703581,"kind":"Connector","isSelected":false,"intensity":3,"isDeletable":true,"isOver":false,"isBidirectional":false,"eventLog":[{"time":1702309703581,"type":"create connection"}]},{"id":"ebda4dee-0c93-474b-8979-3bf71557ba04","source":"7f3be304-d88b-4c9b-aff0-3cbb1881fdf1","target":"43b8b298-3dba-4f78-a8ac-7594c38fae3f","agreement":true,"isActive":true,"date":1702309747286,"kind":"Connector","isSelected":false,"intensity":3,"isDeletable":true,"isOver":false,"isBidirectional":false,"eventLog":[{"time":1702309747286,"type":"create connection"}]},{"id":"4e8c6895-3288-4fb6-ac2e-4f0c8fb322ba","source":"43b8b298-3dba-4f78-a8ac-7594c38fae3f","target":"299eedff-1e7c-4d7b-835b-4155ca9365a4","agreement":true,"isActive":true,"date":1702309762266,"kind":"Connector","isSelected":false,"intensity":3,"isDeletable":true,"isOver":false,"isBidirectional":false,"eventLog":[{"time":1702309762266,"type":"create connection"}]},{"id":"c9831170-bbeb-4d88-884b-49b6de6cc273","source":"43b8b298-3dba-4f78-a8ac-7594c38fae3f","target":"3a141ce8-d2bc-412f-90e1-8ba6d06a0c90","agreement":true,"isActive":true,"date":1702309830542,"kind":"Connector","isSelected":false,"intensity":3,"isDeletable":true,"isOver":false,"isBidirectional":false,"eventLog":[{"time":1702309830542,"type":"create connection"}]},{"id":"25487cae-3785-4cd1-88d2-e886bb657812","source":"f5db377f-54b5-4899-9256-1013a109b3e6","target":"f99d96bf-5923-4446-af8c-f41f50f140e2","agreement":true,"isActive":true,"date":1702309836344,"kind":"Connector","isSelected":false,"intensity":3,"isDeletable":true,"isOver":false,"isBidirectional":false,"eventLog":[{"time":1702309836344,"type":"create connection"}]},{"id":"8c446961-1b31-478b-9c7e-28481354d7bf","source":"0501d3c8-d5c3-4004-9f8e-063da8226e43","target":"1cd57542-83a0-4e71-b947-4afbb3ae6e77","agreement":true,"isActive":true,"date":1702309890420,"kind":"Connector","isSelected":false,"intensity":3,"isDeletable":true,"isOver":false,"isBidirectional":false,"eventLog":[{"time":1702309890420,"type":"create connection"}]},{"id":"8b33281d-1d9c-4777-a309-da785c9e65d4","source":"1cd57542-83a0-4e71-b947-4afbb3ae6e77","target":"bf200d75-db2f-40d2-8ec4-23f25e749dad","agreement":true,"isActive":true,"date":1702309893102,"kind":"Connector","isSelected":false,"intensity":3,"isDeletable":true,"isOver":false,"isBidirectional":false,"eventLog":[{"time":1702309893102,"type":"create connection"}]},{"id":"edf34986-2035-4dc6-b4bd-962a813d2692","source":"0501d3c8-d5c3-4004-9f8e-063da8226e43","target":"5832b80b-960c-4863-8d91-bac453d9cded","agreement":true,"isActive":false,"date":1702309915639,"kind":"Connector","isSelected":false,"intensity":3,"isDeletable":true,"isOver":false,"isBidirectional":false,"eventLog":[{"time":1702309915639,"type":"create connection"},{"time":1702309957235,"type":"selected","value":1},{"time":1702309958822,"type":"connector was deleted","value":-99},{"time":1702309958822,"type":"active","value":0}]},{"id":"afd7d3fa-7aae-4dc1-8bf7-07d651813871","source":"5832b80b-960c-4863-8d91-bac453d9cded","target":"32bd45c3-3626-4376-a1b4-9dea4847c090","agreement":true,"isActive":true,"date":1702309944095,"kind":"Connector","isSelected":false,"intensity":3,"isDeletable":true,"isOver":false,"isBidirectional":false,"eventLog":[{"time":1702309944095,"type":"create connection"}]},{"id":"b105a3b2-496b-42b4-8b4d-294cfdec56ab","source":"5832b80b-960c-4863-8d91-bac453d9cded","target":"5c640424-db70-4db2-b2b6-0598162ebd0c","agreement":true,"isActive":true,"date":1702309944796,"kind":"Connector","isSelected":false,"intensity":3,"isDeletable":true,"isOver":false,"isBidirectional":false,"eventLog":[{"time":1702309944796,"type":"create connection"}]},{"id":"8da4ee1e-4ac3-4a72-a276-35b6248aad3c","source":"5832b80b-960c-4863-8d91-bac453d9cded","target":"5aaed7a0-556d-4e6d-ba7f-75e2ead892b8","agreement":true,"isActive":true,"date":1702309945369,"kind":"Connector","isSelected":false,"intensity":3,"isDeletable":true,"isOver":false,"isBidirectional":false,"eventLog":[{"time":1702309945369,"type":"create connection"}]},{"id":"2b6845e6-7696-46ad-8978-844fb8d1164b","source":"f99d96bf-5923-4446-af8c-f41f50f140e2","target":"5832b80b-960c-4863-8d91-bac453d9cded","agreement":true,"isActive":true,"date":1702309960742,"kind":"Connector","isSelected":false,"intensity":3,"isDeletable":true,"isOver":false,"isBidirectional":false,"eventLog":[{"time":1702309960742,"type":"create connection"}]},{"id":"3725b4b4-b71d-467a-8c13-3e07e42a1929","source":"f5db377f-54b5-4899-9256-1013a109b3e6","target":"fb6724f6-92b1-4a5f-b8a3-883ceccc1a8b","agreement":true,"isActive":true,"date":1702309993772,"kind":"Connector","isSelected":false,"intensity":3,"isDeletable":true,"isOver":false,"isBidirectional":false,"eventLog":[{"time":1702309993772,"type":"create connection"}]},{"id":"bd9c7949-e4d5-40b0-b185-776e27d843ec","source":"fb6724f6-92b1-4a5f-b8a3-883ceccc1a8b","target":"74932bdb-5a88-4013-b7b7-71ea32c2aec5","agreement":true,"isActive":true,"date":1702309994516,"kind":"Connector","isSelected":false,"intensity":3,"isDeletable":true,"isOver":false,"isBidirectional":false,"eventLog":[{"time":1702309994516,"type":"create connection"}]},{"id":"724ce0f9-9e81-4318-9a48-7f60a059a6b4","source":"74932bdb-5a88-4013-b7b7-71ea32c2aec5","target":"d0ed4206-1169-412d-9950-5b733b3841a0","agreement":true,"isActive":true,"date":1702310007742,"kind":"Connector","isSelected":false,"intensity":3,"isDeletable":true,"isOver":false,"isBidirectional":false,"eventLog":[{"time":1702310007742,"type":"create connection"}]},{"id":"79595c97-17f3-4d30-a229-6b3645753447","source":"fb6724f6-92b1-4a5f-b8a3-883ceccc1a8b","target":"d22e007d-d77f-49a2-a025-37027d311d92","agreement":true,"isActive":true,"date":1702310046238,"kind":"Connector","isSelected":false,"intensity":3,"isDeletable":true,"isOver":false,"isBidirectional":false,"eventLog":[{"time":1702310046238,"type":"create connection"}]},{"id":"88da2ee5-a308-4e7c-8ce5-caeb20d22eb1","source":"74932bdb-5a88-4013-b7b7-71ea32c2aec5","target":"d22e007d-d77f-49a2-a025-37027d311d92","agreement":true,"isActive":true,"date":1702310048884,"kind":"Connector","isSelected":false,"intensity":3,"isDeletable":true,"isOver":false,"isBidirectional":false,"eventLog":[{"time":1702310048884,"type":"create connection"}]},{"id":"ad87467f-7b89-44d6-83b1-a1b988a5bdb6","source":"f5db377f-54b5-4899-9256-1013a109b3e6","target":"67fa8e07-4942-4114-b289-38c1b1fea745","agreement":true,"isActive":true,"date":1702310071691,"kind":"Connector","isSelected":false,"intensity":3,"isDeletable":true,"isOver":false,"isBidirectional":false,"eventLog":[{"time":1702310071691,"type":"create connection"}]},{"id":"b4c47991-4477-4870-9fe1-d7f8f8aeaf52","source":"fb6724f6-92b1-4a5f-b8a3-883ceccc1a8b","target":"67fa8e07-4942-4114-b289-38c1b1fea745","agreement":true,"isActive":true,"date":1702310075103,"kind":"Connector","isSelected":false,"intensity":3,"isDeletable":true,"isOver":false,"isBidirectional":false,"eventLog":[{"time":1702310075103,"type":"create connection"}]},{"id":"af18a2b9-0201-459c-adbb-936aa7ef7249","source":"67fa8e07-4942-4114-b289-38c1b1fea745","target":"e175df0e-4867-47cc-96e1-5d13e64b5963","agreement":true,"isActive":true,"date":1702310092044,"kind":"Connector","isSelected":false,"intensity":3,"isDeletable":true,"isOver":false,"isBidirectional":false,"eventLog":[{"time":1702310092044,"type":"create connection"}]},{"id":"d3f1a9e5-d447-402e-b8bf-d268c88083f1","source":"f5db377f-54b5-4899-9256-1013a109b3e6","target":"07351697-fbf4-4bcf-bb2c-c850ee3a398d","agreement":true,"isActive":true,"date":1702310101899,"kind":"Connector","isSelected":false,"intensity":3,"isDeletable":true,"isOver":false,"isBidirectional":false,"eventLog":[{"time":1702310101899,"type":"create connection"}]},{"id":"7d9f79aa-db41-4b62-9d6d-6d9b5bfab0a5","source":"07351697-fbf4-4bcf-bb2c-c850ee3a398d","target":"e175df0e-4867-47cc-96e1-5d13e64b5963","agreement":true,"isActive":true,"date":1702310103390,"kind":"Connector","isSelected":false,"intensity":3,"isDeletable":true,"isOver":false,"isBidirectional":false,"eventLog":[{"time":1702310103390,"type":"create connection"}]},{"id":"91894a80-34d0-4a6a-8185-5bc43209d014","source":"e175df0e-4867-47cc-96e1-5d13e64b5963","target":"d0ed4206-1169-412d-9950-5b733b3841a0","agreement":true,"isActive":true,"date":1702310122194,"kind":"Connector","isSelected":false,"intensity":3,"isDeletable":true,"isOver":false,"isBidirectional":false,"eventLog":[{"time":1702310122194,"type":"create connection"}]}],"currentID":{},"currentNode":{},"hasSelectedNode":[false],"currentConnector":{},"hasSelectedConnector":[false],"readyToMove":[false],"isIncoming":[false],"hasElementMoved":[false]}
