{"idCAM":["93968145-0a28-4263-ac64-4814d339fc56"],"creator":["6516d85620c0017a8db27afc_post"],"projectCAM":["S2_CAM part 2"],"defocusCAM":[],"date":[1702379370952],"nodes":[{"id":"d01599ae-4e28-4722-87c4-722013b9a5ee","value":0,"text":"rescue robot","comment":"","position":{"x":650,"y":400},"isActive":true,"date":1702379371853,"kind":"Node","isSelected":false,"isConnectorSelected":false,"isDraggable":0,"isDeletable":0,"hasElementMoved":false,"eventLog":[{"time":1702379371853,"type":"create node","value":0}],"isTextChangeable":0},{"id":"f1ed0f43-c47c-41c7-82a6-963e335a0555","value":-3,"text":"disadvantages","comment":"","position":{"x":450,"y":400},"isActive":true,"date":1702379371854,"kind":"Node","isSelected":false,"isConnectorSelected":false,"isDraggable":0,"isDeletable":0,"hasElementMoved":false,"eventLog":[{"time":1702379371854,"type":"create node","value":-3}],"isTextChangeable":0},{"id":"dca9f673-9600-4268-8a0e-1b637168705c","value":3,"text":"advantages","comment":"","position":{"x":850,"y":400},"isActive":true,"date":1702379371854,"kind":"Node","isSelected":false,"isConnectorSelected":true,"isDraggable":0,"isDeletable":0,"hasElementMoved":false,"eventLog":[{"time":1702379371854,"type":"create node","value":3}],"isTextChangeable":0},{"id":"0c04e425-4721-4b68-92ed-147eda2e2df3","value":3,"text":"reliability","comment":"","position":{"x":848,"y":225},"isActive":true,"date":1702379371854,"kind":"Node","isSelected":false,"isConnectorSelected":false,"isDraggable":1,"isDeletable":1,"hasElementMoved":false,"eventLog":[{"time":1702379371854,"type":"create node","value":3}],"isTextChangeable":1},{"id":"4a3df33f-69f7-4a43-86ab-4cd8c4adc99e","value":3,"text":"new rescue possibilities","comment":"","position":{"x":996,"y":209},"isActive":true,"date":1702379371854,"kind":"Node","isSelected":false,"isConnectorSelected":false,"isDraggable":1,"isDeletable":1,"hasElementMoved":false,"eventLog":[{"time":1702379371854,"type":"create node","value":3}],"isTextChangeable":1},{"id":"81e01e46-ff78-4265-8aca-e558aa24d957","value":10,"text":"autonomy","comment":"","position":{"x":653,"y":540},"isActive":true,"date":1702379371854,"kind":"Node","isSelected":false,"isConnectorSelected":false,"isDraggable":1,"isDeletable":1,"hasElementMoved":false,"eventLog":[{"time":1702379371854,"type":"create node","value":10}],"isTextChangeable":1},{"id":"71f525b3-8160-452b-8353-bec41c3d7eb8","value":-1,"text":"high development costs","comment":"","position":{"x":271.3333,"y":301.3333},"isActive":true,"date":1702379371854,"kind":"Node","isSelected":false,"isConnectorSelected":false,"isDraggable":1,"isDeletable":1,"hasElementMoved":false,"eventLog":[{"time":1702379371854,"type":"create node","value":-1}],"isTextChangeable":1},{"id":"86c584bd-a8b4-4cb3-bee6-2edb90bbb517","value":-3,"text":"discrimination","comment":"","position":{"x":256.3333,"y":404.3333},"isActive":true,"date":1702379371854,"kind":"Node","isSelected":false,"isConnectorSelected":false,"isDraggable":1,"isDeletable":1,"hasElementMoved":false,"eventLog":[{"time":1702379371854,"type":"create node","value":-3}],"isTextChangeable":1},{"id":"dda7e900-b323-4a57-854a-7655e333c51d","value":1,"text":"synergies","comment":"","position":{"x":1012.3333,"y":413.3333},"isActive":true,"date":1702379371855,"kind":"Node","isSelected":false,"isConnectorSelected":false,"isDraggable":1,"isDeletable":1,"hasElementMoved":false,"eventLog":[{"time":1702379371855,"type":"create node","value":1}],"isTextChangeable":1},{"id":"888971f6-6c65-4da8-a8dd-285495d146c2","value":1,"text":"long-term cost savings","comment":"","position":{"x":946.3333,"y":529.3333},"isActive":true,"date":1702379371855,"kind":"Node","isSelected":false,"isConnectorSelected":false,"isDraggable":1,"isDeletable":1,"hasElementMoved":false,"eventLog":[{"time":1702379371855,"type":"create node","value":1}],"isTextChangeable":1},{"id":"1924c461-30a9-466e-a7db-30056180c06b","value":3,"text":"safety","comment":"","position":{"x":719.3333,"y":228.3333},"isActive":true,"date":1702379371855,"kind":"Node","isSelected":false,"isConnectorSelected":false,"isDraggable":1,"isDeletable":1,"hasElementMoved":false,"eventLog":[{"time":1702379371855,"type":"create node","value":3}],"isTextChangeable":1},{"id":"94f899de-ae7b-4caa-966d-67a5869c5aca","value":1,"text":"strength","comment":"","position":{"x":774.3333,"y":138.3333},"isActive":true,"date":1702379371855,"kind":"Node","isSelected":false,"isConnectorSelected":false,"isDraggable":1,"isDeletable":1,"hasElementMoved":false,"eventLog":[{"time":1702379371855,"type":"create node","value":1}],"isTextChangeable":1},{"id":"8639a9eb-7dd5-407d-a77f-b6d4082b902c","value":2,"text":"speed","comment":"","position":{"x":887.3333,"y":125.3333},"isActive":true,"date":1702379371855,"kind":"Node","isSelected":false,"isConnectorSelected":false,"isDraggable":1,"isDeletable":1,"hasElementMoved":false,"eventLog":[{"time":1702379371855,"type":"create node","value":2}],"isTextChangeable":1},{"id":"bd416198-d45e-4203-b916-11ca31c7315e","value":10,"text":"flexibility","comment":"can impair function","position":{"x":651.3333,"y":302.3333},"isActive":true,"date":1702379383866,"kind":"Node","isSelected":false,"isConnectorSelected":false,"isDraggable":1,"isDeletable":1,"hasElementMoved":false,"eventLog":[{"time":"1702379383866","type":"create node","value":[0]},{"time":"1702379385845","type":"selected","value":[true]},{"time":"1702379416247","type":"text","value":["Flexibilität"]},{"time":"1702379416247","type":"value","value":[10]},{"time":"1702379416247","type":"comment","value":["kann Funktion beeinträchtigen"]},{"time":"1702379416247","type":"selected","value":[false]},{"time":"2023-12-12T11:10:17.258Z","type":"position","value":{"x":[341.3333],"y":[513.3333]}},{"time":"2023-12-12T11:10:17.475Z","type":"position","value":{"x":[508.3333],"y":[415.3333]}},{"time":"2023-12-12T11:10:17.575Z","type":"position","value":{"x":[633.3333],"y":[361.3333]}},{"time":"2023-12-12T11:10:17.635Z","type":"position","value":{"x":[659.3333],"y":[349.3333]}}],"isTextChangeable":1},{"id":"d0f29ee8-f51b-43a8-bea2-df390a466f50","value":3,"text":"food supply","comment":"through, for example, an integrated pump system","position":{"x":1050.3333,"y":297.3333},"isActive":true,"date":1702379428698,"kind":"Node","isSelected":false,"isConnectorSelected":true,"isDraggable":1,"isDeletable":1,"hasElementMoved":false,"eventLog":[{"time":1702379428698,"type":"create node","value":"0"},{"time":1702379429797,"type":"selected","value":"TRUE"},{"time":1702379450697,"type":"text","value":"Nahrungsversorgung"},{"time":1702379450697,"type":"value","value":"3"},{"time":1702379450697,"type":"comment","value":"durch bspw. integriertes Pumpsystem"},{"time":1702379450697,"type":"selected","value":"FALSE"}],"isTextChangeable":1}],"connectors":[{"id":"1750bc51-bf44-49c1-8d1d-54181b81cda7","source":"d01599ae-4e28-4722-87c4-722013b9a5ee","target":"f1ed0f43-c47c-41c7-82a6-963e335a0555","agreement":true,"isActive":true,"date":1702379371856,"kind":"Connector","isSelected":false,"intensity":3,"isDeletable":false,"isOver":false,"isBidirectional":false,"eventLog":[{"time":1702379371856,"type":"create connection"}]},{"id":"e9ab1248-c527-4dbe-970e-e87c8cb0d4d8","source":"d01599ae-4e28-4722-87c4-722013b9a5ee","target":"dca9f673-9600-4268-8a0e-1b637168705c","agreement":true,"isActive":true,"date":1702379371857,"kind":"Connector","isSelected":false,"intensity":3,"isDeletable":true,"isOver":false,"isBidirectional":false,"eventLog":[{"time":1702379371857,"type":"create connection"}]},{"id":"5ea29fd1-b6da-4244-ace6-e0be2a440d24","source":"0c04e425-4721-4b68-92ed-147eda2e2df3","target":"dca9f673-9600-4268-8a0e-1b637168705c","agreement":true,"isActive":true,"date":1702379371857,"kind":"Connector","isSelected":false,"intensity":9,"isDeletable":true,"isOver":false,"isBidirectional":false,"eventLog":[{"time":1702379371857,"type":"create connection"}]},{"id":"ea4decd4-1e4b-43d2-a01d-46395b02cdd7","source":"4a3df33f-69f7-4a43-86ab-4cd8c4adc99e","target":"dca9f673-9600-4268-8a0e-1b637168705c","agreement":true,"isActive":true,"date":1702379371857,"kind":"Connector","isSelected":false,"intensity":9,"isDeletable":true,"isOver":false,"isBidirectional":false,"eventLog":[{"time":1702379371857,"type":"create connection"}]},{"id":"c2c77cf3-4358-459a-9331-90c72776e3c8","source":"81e01e46-ff78-4265-8aca-e558aa24d957","target":"dca9f673-9600-4268-8a0e-1b637168705c","agreement":true,"isActive":true,"date":1702379371858,"kind":"Connector","isSelected":false,"intensity":9,"isDeletable":true,"isOver":false,"isBidirectional":false,"eventLog":[{"time":1702379371858,"type":"create connection"}]},{"id":"477bf834-4ee9-4e43-a1ea-777ab4effdb4","source":"81e01e46-ff78-4265-8aca-e558aa24d957","target":"f1ed0f43-c47c-41c7-82a6-963e335a0555","agreement":true,"isActive":true,"date":1702379371858,"kind":"Connector","isSelected":false,"intensity":3,"isDeletable":true,"isOver":false,"isBidirectional":false,"eventLog":[{"time":1702379371858,"type":"create connection"}]},{"id":"a2c5b32b-dfe9-4b82-9c94-d80070d7e3bc","source":"71f525b3-8160-452b-8353-bec41c3d7eb8","target":"f1ed0f43-c47c-41c7-82a6-963e335a0555","agreement":true,"isActive":true,"date":1702379371858,"kind":"Connector","isSelected":false,"intensity":3,"isDeletable":true,"isOver":false,"isBidirectional":false,"eventLog":[{"time":1702379371858,"type":"create connection"}]},{"id":"612e9650-9aff-42dc-88d4-465407aa63d3","source":"f1ed0f43-c47c-41c7-82a6-963e335a0555","target":"86c584bd-a8b4-4cb3-bee6-2edb90bbb517","agreement":true,"isActive":true,"date":1702379371859,"kind":"Connector","isSelected":false,"intensity":3,"isDeletable":true,"isOver":false,"isBidirectional":false,"eventLog":[{"time":1702379371859,"type":"create connection"}]},{"id":"921b8b24-a2e9-4b57-b1eb-fd6f85feebc1","source":"dda7e900-b323-4a57-854a-7655e333c51d","target":"dca9f673-9600-4268-8a0e-1b637168705c","agreement":true,"isActive":true,"date":1702379371859,"kind":"Connector","isSelected":false,"intensity":3,"isDeletable":true,"isOver":false,"isBidirectional":false,"eventLog":[{"time":1702379371859,"type":"create connection"}]},{"id":"2175fac8-bfe2-4269-b881-2b4df86352e4","source":"888971f6-6c65-4da8-a8dd-285495d146c2","target":"dca9f673-9600-4268-8a0e-1b637168705c","agreement":true,"isActive":true,"date":1702379371859,"kind":"Connector","isSelected":false,"intensity":3,"isDeletable":true,"isOver":false,"isBidirectional":false,"eventLog":[{"time":1702379371859,"type":"create connection"}]},{"id":"35a6ef71-0682-40d2-af1f-904fa1fab6df","source":"1924c461-30a9-466e-a7db-30056180c06b","target":"0c04e425-4721-4b68-92ed-147eda2e2df3","agreement":true,"isActive":true,"date":1702379371860,"kind":"Connector","isSelected":false,"intensity":3,"isDeletable":true,"isOver":false,"isBidirectional":false,"eventLog":[{"time":1702379371860,"type":"create connection"}]},{"id":"9013f5c8-b82f-41b3-981d-22ba9d8223e1","source":"1924c461-30a9-466e-a7db-30056180c06b","target":"dca9f673-9600-4268-8a0e-1b637168705c","agreement":true,"isActive":true,"date":1702379371860,"kind":"Connector","isSelected":false,"intensity":3,"isDeletable":true,"isOver":false,"isBidirectional":false,"eventLog":[{"time":1702379371860,"type":"create connection"}]},{"id":"a2810545-43e0-4b32-ad45-a20115215b9c","source":"94f899de-ae7b-4caa-966d-67a5869c5aca","target":"1924c461-30a9-466e-a7db-30056180c06b","agreement":true,"isActive":true,"date":1702379371860,"kind":"Connector","isSelected":false,"intensity":3,"isDeletable":true,"isOver":false,"isBidirectional":false,"eventLog":[{"time":1702379371860,"type":"create connection"}]},{"id":"3e1f72e9-1fee-47bf-8747-55fb41f0a958","source":"94f899de-ae7b-4caa-966d-67a5869c5aca","target":"0c04e425-4721-4b68-92ed-147eda2e2df3","agreement":true,"isActive":true,"date":1702379371861,"kind":"Connector","isSelected":false,"intensity":3,"isDeletable":true,"isOver":false,"isBidirectional":false,"eventLog":[{"time":1702379371861,"type":"create connection"}]},{"id":"357d4d61-b8eb-4e54-a9c3-9e2286fe672a","source":"8639a9eb-7dd5-407d-a77f-b6d4082b902c","target":"0c04e425-4721-4b68-92ed-147eda2e2df3","agreement":true,"isActive":true,"date":1702379371861,"kind":"Connector","isSelected":false,"intensity":3,"isDeletable":true,"isOver":false,"isBidirectional":false,"eventLog":[{"time":1702379371861,"type":"create connection"}]},{"id":"12162850-9322-464d-a0bf-458df3cc89ab","source":"8639a9eb-7dd5-407d-a77f-b6d4082b902c","target":"1924c461-30a9-466e-a7db-30056180c06b","agreement":true,"isActive":true,"date":1702379371861,"kind":"Connector","isSelected":false,"intensity":3,"isDeletable":true,"isOver":false,"isBidirectional":false,"eventLog":[{"time":1702379371861,"type":"create connection"}]},{"id":"c5cc6cc2-f5c2-4b3b-9a94-812c98c40d69","source":"bd416198-d45e-4203-b916-11ca31c7315e","target":"f1ed0f43-c47c-41c7-82a6-963e335a0555","agreement":true,"isActive":true,"date":1702379420928,"kind":"Connector","isSelected":false,"intensity":3,"isDeletable":true,"isOver":false,"isBidirectional":false,"eventLog":[{"time":1702379420928,"type":"create connection"}]},{"id":"2b573507-0fba-41db-bbc5-62e8ba9195bb","source":"bd416198-d45e-4203-b916-11ca31c7315e","target":"dca9f673-9600-4268-8a0e-1b637168705c","agreement":true,"isActive":true,"date":1702379422406,"kind":"Connector","isSelected":false,"intensity":3,"isDeletable":true,"isOver":false,"isBidirectional":false,"eventLog":[{"time":1702379422406,"type":"create connection"}]},{"id":"ec2e4948-44a6-4199-a711-155a14c50d75","source":"d0f29ee8-f51b-43a8-bea2-df390a466f50","target":"dca9f673-9600-4268-8a0e-1b637168705c","agreement":true,"isActive":true,"date":1702379452307,"kind":"Connector","isSelected":false,"intensity":9,"isDeletable":true,"isOver":false,"isBidirectional":false,"eventLog":[{"time":1702379452307,"type":"create connection"},{"time":1702379456105,"type":"selected","value":1},{"time":1702379458793,"type":"change intensity of connector","value":9},{"time":1702379458793,"type":"selected","value":0}]}],"currentID":["ec2e4948-44a6-4199-a711-155a14c50d75"],"currentNode":{},"hasSelectedNode":[false],"currentConnector":{"id":["ec2e4948-44a6-4199-a711-155a14c50d75"],"value":{},"source":["d0f29ee8-f51b-43a8-bea2-df390a466f50"],"target":["dca9f673-9600-4268-8a0e-1b637168705c"],"agreement":[true],"isActive":[true],"date":[1702379452307],"kind":["Connector"],"isSelected":[false],"intensity":[9],"isDeletable":[true],"isOver":[false],"isBidirectional":[false],"eventLog":[{"time":1702379452307,"type":"create connection"},{"time":1702379456105,"type":"selected","value":1},{"time":1702379458793,"type":"change intensity of connector","value":9},{"time":1702379458793,"type":"selected","value":0}]},"hasSelectedConnector":[true],"readyToMove":[false],"isIncoming":[false],"hasElementMoved":[false]}
