{"idCAM":["b856e644-0f7b-4e4b-ad22-253cdce86b22"],"creator":["6516d540a78298897619e273_pre"],"projectCAM":["S2_CAM part 1"],"defocusCAM":[33051],"date":[1702309834141],"nodes":[{"id":"ae3f877a-a4cd-4522-9288-f92d74d6e93e","value":10,"text":"social assistance robot","comment":"","position":{"x":650,"y":400},"isActive":true,"date":1702309835038,"kind":"Node","isSelected":false,"isConnectorSelected":false,"isDraggable":0,"isDeletable":0,"hasElementMoved":false,"eventLog":[{"time":1702309835039,"type":"create node","value":0},{"time":1702309853718,"type":"selected","value":1},{"time":1702309857211,"type":"value","value":10},{"time":1702309857211,"type":"selected","value":0}],"isTextChangeable":0},{"id":"eba07095-6e5f-4bc0-b75b-564152000cd3","value":-3,"text":"disadvantages","comment":"","position":{"x":450,"y":400},"isActive":true,"date":1702309835039,"kind":"Node","isSelected":false,"isConnectorSelected":true,"isDraggable":0,"isDeletable":0,"hasElementMoved":false,"eventLog":[{"time":1702309835039,"type":"create node","value":0},{"time":1702309925451,"type":"selected","value":1},{"time":1702309925857,"type":"selected","value":0},{"time":1702309926764,"type":"selected","value":1},{"time":1702309929093,"type":"value","value":-3},{"time":1702309929093,"type":"selected","value":0}],"isTextChangeable":0},{"id":"c398230b-65bd-47e0-8226-28c3383c49cc","value":3,"text":"advantages","comment":"","position":{"x":850,"y":400},"isActive":true,"date":1702309835039,"kind":"Node","isSelected":false,"isConnectorSelected":false,"isDraggable":0,"isDeletable":0,"hasElementMoved":false,"eventLog":[{"time":1702309835039,"type":"create node","value":0},{"time":1702309922384,"type":"selected","value":1},{"time":1702309924344,"type":"value","value":3},{"time":1702309924344,"type":"selected","value":0}],"isTextChangeable":0},{"id":"6377a7f9-0bdd-4888-a23d-9b44abdabf61","value":2,"text":"possibly sometimes cheaper","comment":"Cheaper than labor and therefore more accessible for poorer people","position":{"x":929,"y":245},"isActive":true,"date":1702309862191,"kind":"Node","isSelected":false,"isConnectorSelected":false,"isDraggable":1,"isDeletable":1,"hasElementMoved":false,"eventLog":[{"time":"1702309862191","type":"create node","value":[0]},{"time":"1702309863383","type":"selected","value":[true]},{"time":"1702309921179","type":"text","value":["evtl. mal Billiger"]},{"time":"1702309921179","type":"value","value":[2]},{"time":"1702309921179","type":"comment","value":["Billiger als Arbeitskräfte und damit zugänglicher für ärmere Leute"]},{"time":"1702309921179","type":"selected","value":[false]},{"time":"2023-12-11T15:52:19.242Z","type":"position","value":{"x":[914],"y":[282]}}],"isTextChangeable":1},{"id":"3d3daa82-d243-4128-a19d-7122c020ecac","value":-3,"text":"emotional skill","comment":"Can robots really replicate the emotional spectrum of a human?","position":{"x":387,"y":268},"isActive":true,"date":1702309948842,"kind":"Node","isSelected":false,"isConnectorSelected":false,"isDraggable":1,"isDeletable":1,"hasElementMoved":false,"eventLog":[{"time":"1702309948842","type":"create node","value":[0]},{"time":"1702309948951","type":"selected","value":[true]},{"time":"1702309984880","type":"text","value":["Emotionales Können"]},{"time":"1702309984880","type":"value","value":[-3]},{"time":"1702309984880","type":"comment","value":["Sind Roboter wirklich in der Lage das emotionale Spektrum eines Menschen abzubilden?"]},{"time":"1702309984880","type":"selected","value":[false]},{"time":"2023-12-11T15:53:06.859Z","type":"position","value":{"x":[394],"y":[321]}}],"isTextChangeable":1},{"id":"09622ed1-54f7-481d-9533-fe8f72162a58","value":-3,"text":"dependence","comment":"","position":{"x":264,"y":384},"isActive":true,"date":1702309993425,"kind":"Node","isSelected":false,"isConnectorSelected":false,"isDraggable":1,"isDeletable":1,"hasElementMoved":false,"eventLog":[{"time":1702309993425,"type":"create node","value":"0"},{"time":1702309993517,"type":"selected","value":"TRUE"},{"time":1702310009078,"type":"text","value":"Abhängigkeit"},{"time":1702310009078,"type":"value","value":"-3"},{"time":1702310009078,"type":"selected","value":"FALSE"}],"isTextChangeable":1},{"id":"d5e63107-d64c-4fd8-86c0-c4ac105f87f7","value":-2,"text":"impairment of social contacts","comment":"If one has a robot, one will make little effort for actual people","position":{"x":152,"y":516},"isActive":true,"date":1702310016359,"kind":"Node","isSelected":false,"isConnectorSelected":false,"isDraggable":1,"isDeletable":1,"hasElementMoved":false,"eventLog":[{"time":"1702310016359","type":"create node","value":[0]},{"time":"1702310017250","type":"selected","value":[true]},{"time":"1702310050562","type":"text","value":["Behinderung sozialer Kontakte"]},{"time":"1702310050563","type":"value","value":[-2]},{"time":"1702310050563","type":"comment","value":["Hat man einen Roboter, wird man sich wenig um tatsächliche Menschen bemühen"]},{"time":"1702310050563","type":"selected","value":[false]},{"time":"2023-12-11T15:54:11.527Z","type":"position","value":{"x":[387],"y":[487]}},{"time":"2023-12-11T15:54:13.527Z","type":"position","value":{"x":[376],"y":[559]}},{"time":"2023-12-11T15:54:14.008Z","type":"position","value":{"x":[225],"y":[504]}},{"time":"2023-12-11T15:54:22.192Z","type":"position","value":{"x":[156],"y":[477]}}],"isTextChangeable":1},{"id":"8a0c1af5-830c-4311-8349-91bbc783d18c","value":3,"text":"adaptable","comment":"","position":{"x":1052,"y":447},"isActive":true,"date":1702310069576,"kind":"Node","isSelected":false,"isConnectorSelected":false,"isDraggable":1,"isDeletable":1,"hasElementMoved":false,"eventLog":[{"time":"1702310069576","type":"create node","value":[0]},{"time":"1702310069666","type":"selected","value":[true]},{"time":"1702310079145","type":"text","value":["Anpassbar"]},{"time":"1702310079145","type":"value","value":[3]},{"time":"1702310079145","type":"selected","value":[false]},{"time":"2023-12-11T15:54:39.792Z","type":"position","value":{"x":[968],"y":[444]}}],"isTextChangeable":1},{"id":"8ddea53e-19be-4d3d-9404-65577f9548c2","value":10,"text":"reduction skilled labor shortage","comment":"","position":{"x":882,"y":563},"isActive":true,"date":1702310164343,"kind":"Node","isSelected":false,"isConnectorSelected":false,"isDraggable":1,"isDeletable":1,"hasElementMoved":false,"eventLog":[{"time":"1702310164343","type":"create node","value":[0]},{"time":"1702310204533","type":"selected","value":[true]},{"time":"1702310224727","type":"text","value":["Minderung Fachkräftemangel"]},{"time":"1702310224727","type":"value","value":[3]},{"time":"1702310224727","type":"selected","value":[false]},{"time":"2023-12-11T15:57:05.459Z","type":"position","value":{"x":[873],"y":[492]}},{"time":"1702310226884","type":"selected","value":[true]},{"time":"1702310230628","type":"value","value":[10]},{"time":"1702310230628","type":"selected","value":[false]}],"isTextChangeable":1},{"id":"9dc7ed71-0f2d-482c-8ca1-52d91fa548ec","value":-3,"text":"replaces people","comment":"","position":{"x":561,"y":571},"isActive":true,"date":1702310232726,"kind":"Node","isSelected":false,"isConnectorSelected":false,"isDraggable":1,"isDeletable":1,"hasElementMoved":false,"eventLog":[{"time":"1702310232726","type":"create node","value":[0]},{"time":"1702310233701","type":"selected","value":[true]},{"time":"1702310246544","type":"text","value":["Ersetzt Menschen"]},{"time":"1702310246544","type":"value","value":[-3]},{"time":"1702310246544","type":"selected","value":[false]},{"time":"2023-12-11T15:57:27.470Z","type":"position","value":{"x":[829],"y":[476]}},{"time":"2023-12-11T15:57:27.759Z","type":"position","value":{"x":[676],"y":[492]}}],"isTextChangeable":1},{"id":"75dcb509-d3e1-4c8c-8a9e-55b01cdd9752","value":10,"text":"data protection","comment":"","position":{"x":652,"y":176},"isActive":true,"date":1702310255193,"kind":"Node","isSelected":false,"isConnectorSelected":false,"isDraggable":1,"isDeletable":1,"hasElementMoved":false,"eventLog":[{"time":"1702310255193","type":"create node","value":[0]},{"time":"2023-12-11T15:57:39.608Z","type":"position","value":{"x":[679],"y":[581]}},{"time":"2023-12-11T15:57:39.742Z","type":"position","value":{"x":[696],"y":[411]}},{"time":"2023-12-11T15:57:39.874Z","type":"position","value":{"x":[692],"y":[260]}},{"time":"1702310317331","type":"selected","value":[true]},{"time":"1702310327243","type":"text","value":["Datenschutz"]},{"time":"1702310327243","type":"value","value":[10]},{"time":"1702310327243","type":"selected","value":[false]},{"time":"2023-12-11T15:59:10.310Z","type":"position","value":{"x":[694],"y":[205]}}],"isTextChangeable":1},{"id":"1dabfad7-1002-4c54-98c2-ba019b461f34","value":-3,"text":"supervision data protection","comment":"","position":{"x":862,"y":101},"isActive":true,"date":1702310351810,"kind":"Node","isSelected":false,"isConnectorSelected":false,"isDraggable":1,"isDeletable":1,"hasElementMoved":false,"eventLog":[{"time":"1702310351810","type":"create node","value":[0]},{"time":"1702310353599","type":"selected","value":[true]},{"time":"1702310363747","type":"text","value":["Aufsicht Datenschutz"]},{"time":"1702310363747","type":"value","value":[-3]},{"time":"1702310363747","type":"selected","value":[false]},{"time":"2023-12-11T15:59:26.595Z","type":"position","value":{"x":[782],"y":[135]}}],"isTextChangeable":1},{"id":"c7ed836d-4130-410b-b465-3a3fc6a2d577","value":0,"text":"rights","comment":"","position":{"x":458,"y":69},"isActive":true,"date":1702310384810,"kind":"Node","isSelected":false,"isConnectorSelected":false,"isDraggable":1,"isDeletable":1,"hasElementMoved":false,"eventLog":[{"time":1702310384810,"type":"create node","value":"0"},{"time":1702310387068,"type":"selected","value":"TRUE"},{"time":1702310393996,"type":"text","value":"Rechte?"},{"time":1702310393996,"type":"selected","value":"FALSE"}],"isTextChangeable":1},{"id":"68187896-8786-4cf8-8b93-21d0bb224f35","value":3,"text":"unpleasant tasks","comment":"Can take over tasks that are unpleasant for caregivers or those being cared for.","position":{"x":1070,"y":271},"isActive":true,"date":1702310413376,"kind":"Node","isSelected":false,"isConnectorSelected":false,"isDraggable":1,"isDeletable":1,"hasElementMoved":false,"eventLog":[{"time":1702310413376,"type":"create node","value":"0"},{"time":1702310413701,"type":"selected","value":"TRUE"},{"time":1702310440714,"type":"text","value":"Unangenehme Tätigkeiten"},{"time":1702310440714,"type":"value","value":"3"},{"time":1702310440714,"type":"comment","value":"Kann Dinge übernehmen die für Pfleger oder Gepflegte unangenehm sind. "},{"time":1702310440714,"type":"selected","value":"FALSE"}],"isTextChangeable":1},{"id":"a7d0ffeb-5aef-4d49-983b-0d1751a6d9b5","value":10,"text":"real feelings","comment":"The feelings are real, but the person is not...","position":{"x":344,"y":571},"isActive":true,"date":1702310488459,"kind":"Node","isSelected":false,"isConnectorSelected":true,"isDraggable":1,"isDeletable":1,"hasElementMoved":false,"eventLog":[{"time":1702310488459,"type":"create node","value":"0"},{"time":1702310488834,"type":"selected","value":"TRUE"},{"time":1702310512095,"type":"text","value":"Echte Gefühle, Fake "},{"time":1702310512095,"type":"value","value":"10"},{"time":1702310512095,"type":"selected","value":"FALSE"},{"time":1702310513986,"type":"selected","value":"TRUE"},{"time":1702310530598,"type":"text","value":"Echte Gefühle"},{"time":1702310530598,"type":"comment","value":"Die Gefühle sind echt, der Mensch jedoch nicht..."},{"time":1702310530598,"type":"selected","value":"FALSE"}],"isTextChangeable":1}],"connectors":[{"id":"422aba89-859f-431c-87a9-c252da42447d","source":"ae3f877a-a4cd-4522-9288-f92d74d6e93e","target":"eba07095-6e5f-4bc0-b75b-564152000cd3","agreement":true,"isActive":true,"date":1702309835039,"kind":"Connector","isSelected":false,"intensity":6,"isDeletable":false,"isOver":false,"isBidirectional":false,"eventLog":[{"time":1702309835039,"type":"create connection"},{"time":1702310090417,"type":"selected","value":1},{"time":1702310094761,"type":"change intensity of connector","value":6},{"time":1702310094761,"type":"selected","value":0}]},{"id":"154a6a87-3f22-4c59-b2a8-9a1c76f7ff1f","source":"ae3f877a-a4cd-4522-9288-f92d74d6e93e","target":"c398230b-65bd-47e0-8226-28c3383c49cc","agreement":true,"isActive":true,"date":1702309835039,"kind":"Connector","isSelected":false,"intensity":3,"isDeletable":true,"isOver":false,"isBidirectional":false,"eventLog":[{"time":1702309835039,"type":"create connection"},{"time":1702309931766,"type":"selected","value":1},{"time":1702309933611,"type":"change intensity of connector","value":3},{"time":1702309933611,"type":"selected","value":0}]},{"id":"428ac1db-3aa3-4200-b860-8c0026224df3","source":"6377a7f9-0bdd-4888-a23d-9b44abdabf61","target":"c398230b-65bd-47e0-8226-28c3383c49cc","agreement":true,"isActive":true,"date":1702309935375,"kind":"Connector","isSelected":false,"intensity":3,"isDeletable":true,"isOver":false,"isBidirectional":false,"eventLog":[{"time":1702309935375,"type":"create connection"},{"time":1702309936684,"type":"selected","value":1},{"time":1702309938477,"type":"change intensity of connector","value":3},{"time":1702309938477,"type":"selected","value":0}]},{"id":"ac7c3e42-0bee-40fa-9c17-973846b1fc29","source":"3d3daa82-d243-4128-a19d-7122c020ecac","target":"eba07095-6e5f-4bc0-b75b-564152000cd3","agreement":true,"isActive":true,"date":1702309988140,"kind":"Connector","isSelected":false,"intensity":6,"isDeletable":true,"isOver":false,"isBidirectional":false,"eventLog":[{"time":1702309988140,"type":"create connection"},{"time":1702309989663,"type":"selected","value":1},{"time":1702309991761,"type":"change intensity of connector","value":6},{"time":1702309991761,"type":"selected","value":0}]},{"id":"6240e0de-a2e3-4dfb-b38b-53fd6c61abf4","source":"eba07095-6e5f-4bc0-b75b-564152000cd3","target":"09622ed1-54f7-481d-9533-fe8f72162a58","agreement":true,"isActive":true,"date":1702310011009,"kind":"Connector","isSelected":false,"intensity":9,"isDeletable":true,"isOver":false,"isBidirectional":false,"eventLog":[{"time":1702310011009,"type":"create connection"},{"time":1702310012167,"type":"selected","value":1},{"time":1702310015577,"type":"change intensity of connector","value":9},{"time":1702310015577,"type":"selected","value":0}]},{"id":"7405eddf-f675-4fca-ac9c-8dd7907603c3","source":"d5e63107-d64c-4fd8-86c0-c4ac105f87f7","target":"09622ed1-54f7-481d-9533-fe8f72162a58","agreement":true,"isActive":true,"date":1702310055443,"kind":"Connector","isSelected":false,"intensity":6,"isDeletable":true,"isOver":false,"isBidirectional":false,"eventLog":[{"time":1702310055443,"type":"create connection"},{"time":1702310056900,"type":"selected","value":1},{"time":1702310059863,"type":"change intensity of connector","value":6},{"time":1702310059863,"type":"selected","value":0}]},{"id":"a39bba13-cfef-401c-8cda-6d34d6a14ab9","source":"8a0c1af5-830c-4311-8349-91bbc783d18c","target":"c398230b-65bd-47e0-8226-28c3383c49cc","agreement":true,"isActive":true,"date":1702310081076,"kind":"Connector","isSelected":false,"intensity":6,"isDeletable":true,"isOver":false,"isBidirectional":false,"eventLog":[{"time":1702310081076,"type":"create connection"},{"time":1702310082415,"type":"selected","value":1},{"time":1702310083527,"type":"change intensity of connector","value":3},{"time":1702310083527,"type":"selected","value":0},{"time":1702310084517,"type":"selected","value":1},{"time":1702310086195,"type":"change intensity of connector","value":6},{"time":1702310086195,"type":"selected","value":0}]},{"id":"d842c1de-be7e-4dd0-98ab-74db05b7a601","source":"8ddea53e-19be-4d3d-9404-65577f9548c2","target":"c398230b-65bd-47e0-8226-28c3383c49cc","agreement":true,"isActive":true,"date":1702310231878,"kind":"Connector","isSelected":false,"intensity":3,"isDeletable":true,"isOver":false,"isBidirectional":false,"eventLog":[{"time":1702310231878,"type":"create connection"}]},{"id":"59775030-db5a-4b10-9000-c53014f975c2","source":"9dc7ed71-0f2d-482c-8ca1-52d91fa548ec","target":"eba07095-6e5f-4bc0-b75b-564152000cd3","agreement":true,"isActive":true,"date":1702310249459,"kind":"Connector","isSelected":false,"intensity":6,"isDeletable":true,"isOver":false,"isBidirectional":false,"eventLog":[{"time":1702310249459,"type":"create connection"},{"time":1702310250647,"type":"selected","value":1},{"time":1702310252846,"type":"change intensity of connector","value":6},{"time":1702310252846,"type":"selected","value":0}]},{"id":"e9feaecf-174c-4a02-b613-ded2b2bc243b","source":"8ddea53e-19be-4d3d-9404-65577f9548c2","target":"9dc7ed71-0f2d-482c-8ca1-52d91fa548ec","agreement":false,"isActive":true,"date":1702310254360,"kind":"Connector","isSelected":false,"intensity":9,"isDeletable":true,"isOver":false,"isBidirectional":false,"eventLog":[{"time":1702310254360,"type":"create connection"},{"time":1702310256234,"type":"selected","value":1},{"time":1702310258412,"type":"change intensity of connector","value":-9},{"time":1702310258412,"type":"selected","value":0}]},{"id":"0d7cb4c5-de3c-4cae-92dd-04ebe73c835c","source":"c398230b-65bd-47e0-8226-28c3383c49cc","target":"75dcb509-d3e1-4c8c-8a9e-55b01cdd9752","agreement":true,"isActive":true,"date":1702310331542,"kind":"Connector","isSelected":false,"intensity":6,"isDeletable":true,"isOver":false,"isBidirectional":false,"eventLog":[{"time":1702310331542,"type":"create connection"},{"time":1702310333665,"type":"selected","value":1},{"time":1702310336128,"type":"change intensity of connector","value":6},{"time":1702310336128,"type":"selected","value":0}]},{"id":"5ecebf51-9316-41b1-9b84-d35b10053110","source":"eba07095-6e5f-4bc0-b75b-564152000cd3","target":"75dcb509-d3e1-4c8c-8a9e-55b01cdd9752","agreement":false,"isActive":true,"date":1702310337725,"kind":"Connector","isSelected":false,"intensity":3,"isDeletable":true,"isOver":false,"isBidirectional":false,"eventLog":[{"time":1702310337725,"type":"create connection"},{"time":1702310338833,"type":"selected","value":1},{"time":1702310342462,"type":"change intensity of connector","value":-3},{"time":1702310342462,"type":"selected","value":0}]},{"id":"3febd47e-ca67-4ec4-b05a-e741abbb5093","source":"1dabfad7-1002-4c54-98c2-ba019b461f34","target":"75dcb509-d3e1-4c8c-8a9e-55b01cdd9752","agreement":true,"isActive":true,"date":1702310365275,"kind":"Connector","isSelected":false,"intensity":3,"isDeletable":true,"isOver":false,"isBidirectional":false,"eventLog":[{"time":1702310365275,"type":"create connection"}]},{"id":"e669fffd-632e-45f4-97a5-85072146acee","source":"c7ed836d-4130-410b-b465-3a3fc6a2d577","target":"ae3f877a-a4cd-4522-9288-f92d74d6e93e","agreement":true,"isActive":true,"date":1702310395976,"kind":"Connector","isSelected":false,"intensity":3,"isDeletable":true,"isOver":false,"isBidirectional":false,"eventLog":[{"time":1702310395976,"type":"create connection"}]},{"id":"b117ef34-1b85-4686-96f3-9d3cdf573580","source":"68187896-8786-4cf8-8b93-21d0bb224f35","target":"c398230b-65bd-47e0-8226-28c3383c49cc","agreement":true,"isActive":true,"date":1702310442675,"kind":"Connector","isSelected":false,"intensity":9,"isDeletable":true,"isOver":false,"isBidirectional":false,"eventLog":[{"time":1702310442675,"type":"create connection"},{"time":1702310443751,"type":"selected","value":1},{"time":1702310445797,"type":"change intensity of connector","value":9},{"time":1702310445797,"type":"selected","value":0}]},{"id":"f6cd45b5-d518-42b1-8486-459814252085","source":"a7d0ffeb-5aef-4d49-983b-0d1751a6d9b5","target":"eba07095-6e5f-4bc0-b75b-564152000cd3","agreement":false,"isActive":true,"date":1702310532425,"kind":"Connector","isSelected":false,"intensity":6,"isDeletable":true,"isOver":false,"isBidirectional":false,"eventLog":[{"time":1702310532425,"type":"create connection"},{"time":1702310533651,"type":"selected","value":1},{"time":1702310535598,"type":"change intensity of connector","value":-6},{"time":1702310535598,"type":"selected","value":0}]}],"currentID":["f6cd45b5-d518-42b1-8486-459814252085"],"currentNode":{},"hasSelectedNode":[false],"currentConnector":{"id":["f6cd45b5-d518-42b1-8486-459814252085"],"value":{},"source":["a7d0ffeb-5aef-4d49-983b-0d1751a6d9b5"],"target":["eba07095-6e5f-4bc0-b75b-564152000cd3"],"agreement":[false],"isActive":[true],"date":[1702310532425],"kind":["Connector"],"isSelected":[false],"intensity":[6],"isDeletable":[true],"isOver":[false],"isBidirectional":[false],"eventLog":[{"time":1702310532425,"type":"create connection"},{"time":1702310533651,"type":"selected","value":1},{"time":1702310535598,"type":"change intensity of connector","value":-6},{"time":1702310535598,"type":"selected","value":0}]},"hasSelectedConnector":[true],"readyToMove":[false],"isIncoming":[false],"hasElementMoved":[false]}
