{"idCAM":["82aa169c-e55c-4251-b189-5ed9e87cc8a4"],"creator":["6516d3c10cc8996984d514f4_post"],"projectCAM":["S2_CAM part 2"],"defocusCAM":[3],"date":[1702313964519],"nodes":[{"id":"a988ae32-fe7f-4823-aecd-07aa0c4a2dde","value":0,"text":"social assistance robot","comment":"","position":{"x":650,"y":400},"isActive":true,"date":1702313965452,"kind":"Node","isSelected":false,"isConnectorSelected":false,"isDraggable":0,"isDeletable":0,"hasElementMoved":false,"eventLog":[{"time":1702313965452,"type":"create node","value":0}],"isTextChangeable":0},{"id":"cd8d9040-ad7f-4035-937b-e45871b2fcbc","value":0,"text":"disadvantages","comment":"","position":{"x":450,"y":400},"isActive":true,"date":1702313965452,"kind":"Node","isSelected":false,"isConnectorSelected":false,"isDraggable":0,"isDeletable":0,"hasElementMoved":false,"eventLog":[{"time":1702313965452,"type":"create node","value":0}],"isTextChangeable":0},{"id":"2ac37728-fa0f-4bad-bada-ce55173ec2af","value":0,"text":"advantages","comment":"","position":{"x":850,"y":400},"isActive":true,"date":1702313965452,"kind":"Node","isSelected":false,"isConnectorSelected":false,"isDraggable":0,"isDeletable":0,"hasElementMoved":false,"eventLog":[{"time":1702313965452,"type":"create node","value":0}],"isTextChangeable":0},{"id":"d33a4bac-add4-4341-a860-f4993b34d27b","value":3,"text":"cure nervousness","comment":"","position":{"x":949.3333,"y":536.7778},"isActive":true,"date":1702313965453,"kind":"Node","isSelected":false,"isConnectorSelected":false,"isDraggable":1,"isDeletable":1,"hasElementMoved":false,"eventLog":[{"time":1702313965453,"type":"create node","value":3}],"isTextChangeable":1},{"id":"6e62351f-9c0e-4c24-915f-22215eb0c32a","value":3,"text":"fears","comment":"","position":{"x":1065.3333,"y":404.7778},"isActive":true,"date":1702313965453,"kind":"Node","isSelected":false,"isConnectorSelected":false,"isDraggable":1,"isDeletable":1,"hasElementMoved":false,"eventLog":[{"time":1702313965453,"type":"create node","value":3}],"isTextChangeable":1},{"id":"a912e4cc-906f-4804-96e8-26369922caef","value":3,"text":"boredom","comment":"","position":{"x":1099.3333,"y":304.7778},"isActive":true,"date":1702313965453,"kind":"Node","isSelected":false,"isConnectorSelected":false,"isDraggable":1,"isDeletable":1,"hasElementMoved":false,"eventLog":[{"time":1702313965453,"type":"create node","value":3}],"isTextChangeable":1},{"id":"05e53b26-c252-41f6-a686-4570178792cf","value":3,"text":"loneliness","comment":"","position":{"x":1134.3333,"y":556.7778},"isActive":true,"date":1702313965453,"kind":"Node","isSelected":false,"isConnectorSelected":false,"isDraggable":1,"isDeletable":1,"hasElementMoved":false,"eventLog":[{"time":1702313965453,"type":"create node","value":3}],"isTextChangeable":1},{"id":"4bae9ca6-da07-44c5-815d-f1de23a5d5f9","value":3,"text":"socialization","comment":"","position":{"x":1061.3333,"y":173.7778},"isActive":true,"date":1702313965453,"kind":"Node","isSelected":false,"isConnectorSelected":false,"isDraggable":1,"isDeletable":1,"hasElementMoved":false,"eventLog":[{"time":1702313965453,"type":"create node","value":3}],"isTextChangeable":1},{"id":"11988abb-06f3-4c46-8975-430c6fe0538b","value":3,"text":"interaction","comment":"","position":{"x":958.3333,"y":293.7778},"isActive":true,"date":1702313965453,"kind":"Node","isSelected":false,"isConnectorSelected":false,"isDraggable":1,"isDeletable":1,"hasElementMoved":false,"eventLog":[{"time":1702313965453,"type":"create node","value":3}],"isTextChangeable":1},{"id":"e6095f9d-194d-43d3-9864-3d9b7f0a6021","value":-3,"text":"job loss","comment":"","position":{"x":257.3333,"y":383.7778},"isActive":true,"date":1702313965453,"kind":"Node","isSelected":false,"isConnectorSelected":false,"isDraggable":1,"isDeletable":1,"hasElementMoved":false,"eventLog":[{"time":1702313965453,"type":"create node","value":-3}],"isTextChangeable":1},{"id":"69d05897-fec6-4fc9-9388-c7bccc8691e2","value":-3,"text":"social awkwardness","comment":"","position":{"x":304.3333,"y":495.7778},"isActive":true,"date":1702313965453,"kind":"Node","isSelected":false,"isConnectorSelected":false,"isDraggable":1,"isDeletable":1,"hasElementMoved":false,"eventLog":[{"time":1702313965453,"type":"create node","value":-3}],"isTextChangeable":1},{"id":"14a89093-4589-41f6-ab29-ac0dd1723162","value":-3,"text":"loneliness","comment":"","position":{"x":413.3333,"y":561.7778},"isActive":true,"date":1702313965453,"kind":"Node","isSelected":false,"isConnectorSelected":false,"isDraggable":1,"isDeletable":1,"hasElementMoved":false,"eventLog":[{"time":1702313965453,"type":"create node","value":-3}],"isTextChangeable":1}],"connectors":[{"id":"8a3a7dd5-c6ee-455f-b0c5-f97ebeb84772","source":"a988ae32-fe7f-4823-aecd-07aa0c4a2dde","target":"cd8d9040-ad7f-4035-937b-e45871b2fcbc","agreement":true,"isActive":true,"date":1702313965453,"kind":"Connector","isSelected":false,"intensity":3,"isDeletable":false,"isOver":false,"isBidirectional":false,"eventLog":[{"time":1702313965453,"type":"create connection"}]},{"id":"0610b668-3783-4612-8c3d-3ceb0ed9aa2b","source":"a988ae32-fe7f-4823-aecd-07aa0c4a2dde","target":"2ac37728-fa0f-4bad-bada-ce55173ec2af","agreement":true,"isActive":true,"date":1702313965453,"kind":"Connector","isSelected":false,"intensity":3,"isDeletable":true,"isOver":false,"isBidirectional":false,"eventLog":[{"time":1702313965453,"type":"create connection"}]},{"id":"77c805e8-6a32-461d-8690-e85ea8a9d885","source":"d33a4bac-add4-4341-a860-f4993b34d27b","target":"11988abb-06f3-4c46-8975-430c6fe0538b","agreement":true,"isActive":true,"date":1702313965454,"kind":"Connector","isSelected":false,"intensity":9,"isDeletable":true,"isOver":false,"isBidirectional":false,"eventLog":[{"time":1702313965454,"type":"create connection"}]},{"id":"a594b9d5-1a1c-4962-a2bb-46f86018b70e","source":"11988abb-06f3-4c46-8975-430c6fe0538b","target":"4bae9ca6-da07-44c5-815d-f1de23a5d5f9","agreement":true,"isActive":true,"date":1702313965454,"kind":"Connector","isSelected":false,"intensity":6,"isDeletable":true,"isOver":false,"isBidirectional":false,"eventLog":[{"time":1702313965454,"type":"create connection"}]},{"id":"804c81f9-a787-42b3-8499-ac93f3904ee9","source":"a912e4cc-906f-4804-96e8-26369922caef","target":"4bae9ca6-da07-44c5-815d-f1de23a5d5f9","agreement":true,"isActive":true,"date":1702313965454,"kind":"Connector","isSelected":false,"intensity":6,"isDeletable":true,"isOver":false,"isBidirectional":false,"eventLog":[{"time":1702313965454,"type":"create connection"}]},{"id":"9809d1f1-6e16-4daa-ab69-566c9b1315eb","source":"2ac37728-fa0f-4bad-bada-ce55173ec2af","target":"11988abb-06f3-4c46-8975-430c6fe0538b","agreement":true,"isActive":true,"date":1702313965454,"kind":"Connector","isSelected":false,"intensity":9,"isDeletable":true,"isOver":false,"isBidirectional":false,"eventLog":[{"time":1702313965454,"type":"create connection"}]},{"id":"bef2e7fc-157f-4653-899b-83bf608e0054","source":"a912e4cc-906f-4804-96e8-26369922caef","target":"6e62351f-9c0e-4c24-915f-22215eb0c32a","agreement":true,"isActive":true,"date":1702313965454,"kind":"Connector","isSelected":false,"intensity":6,"isDeletable":true,"isOver":false,"isBidirectional":false,"eventLog":[{"time":1702313965454,"type":"create connection"}]},{"id":"1a1d0de9-a4c2-4330-9281-cf18be7c2304","source":"05e53b26-c252-41f6-a686-4570178792cf","target":"6e62351f-9c0e-4c24-915f-22215eb0c32a","agreement":true,"isActive":true,"date":1702313965454,"kind":"Connector","isSelected":false,"intensity":9,"isDeletable":true,"isOver":false,"isBidirectional":false,"eventLog":[{"time":1702313965454,"type":"create connection"}]},{"id":"6a20dbcc-aa93-49db-b1e0-3c745e938ef7","source":"e6095f9d-194d-43d3-9864-3d9b7f0a6021","target":"cd8d9040-ad7f-4035-937b-e45871b2fcbc","agreement":true,"isActive":true,"date":1702313965454,"kind":"Connector","isSelected":false,"intensity":6,"isDeletable":true,"isOver":false,"isBidirectional":false,"eventLog":[{"time":1702313965454,"type":"create connection"}]},{"id":"10228799-3b4a-4826-9360-9353431fb818","source":"69d05897-fec6-4fc9-9388-c7bccc8691e2","target":"cd8d9040-ad7f-4035-937b-e45871b2fcbc","agreement":true,"isActive":true,"date":1702313965454,"kind":"Connector","isSelected":false,"intensity":9,"isDeletable":true,"isOver":false,"isBidirectional":false,"eventLog":[{"time":1702313965454,"type":"create connection"}]},{"id":"bc7a1840-667d-4fba-a949-09ad3418da45","source":"14a89093-4589-41f6-ab29-ac0dd1723162","target":"cd8d9040-ad7f-4035-937b-e45871b2fcbc","agreement":true,"isActive":true,"date":1702313965454,"kind":"Connector","isSelected":false,"intensity":6,"isDeletable":true,"isOver":false,"isBidirectional":false,"eventLog":[{"time":1702313965454,"type":"create connection"}]}],"currentID":{},"currentNode":{},"hasSelectedNode":[false],"currentConnector":{},"hasSelectedConnector":[false],"readyToMove":[false],"isIncoming":[false]}
