{"idCAM":["b1a53c70-2c04-4eaf-b06d-00f4ddf8a3d4"],"creator":["6516d4259c30f249ac643d4b_pre"],"projectCAM":["S2_CAM part 1"],"defocusCAM":[],"date":[1702309906094],"nodes":[{"id":"21018f6c-047a-4fd8-b92d-d8c5a80cf099","value":2,"text":"social assistance robot","comment":"","position":{"x":650,"y":400},"isActive":true,"date":1702309907022,"kind":"Node","isSelected":false,"isConnectorSelected":false,"isDraggable":0,"isDeletable":0,"hasElementMoved":false,"eventLog":[{"time":1702309907022,"type":"create node","value":0},{"time":1702309938886,"type":"selected","value":1},{"time":1702309943587,"type":"value","value":2},{"time":1702309943587,"type":"selected","value":0}],"isTextChangeable":0},{"id":"528e0cfe-b22e-4e28-8be0-026ea755a1ee","value":0,"text":"disadvantages","comment":"","position":{"x":450,"y":400},"isActive":true,"date":1702309907023,"kind":"Node","isSelected":false,"isConnectorSelected":false,"isDraggable":0,"isDeletable":0,"hasElementMoved":false,"eventLog":[{"time":1702309907023,"type":"create node","value":0}],"isTextChangeable":0},{"id":"07397b1c-ea80-4d95-929a-cca6e93ba493","value":0,"text":"advantages","comment":"","position":{"x":850,"y":400},"isActive":true,"date":1702309907023,"kind":"Node","isSelected":false,"isConnectorSelected":false,"isDraggable":0,"isDeletable":0,"hasElementMoved":false,"eventLog":[{"time":1702309907023,"type":"create node","value":0}],"isTextChangeable":0},{"id":"09986831-7d15-452e-929e-1603a7e158d8","value":2,"text":"support of the staff","comment":"Some smaller tasks can be handed over to robots, which takes work off the human staff and thus allows them to better distribute their time.","position":{"x":925.3333,"y":247.3333},"isActive":true,"date":1702309947494,"kind":"Node","isSelected":false,"isConnectorSelected":false,"isDraggable":1,"isDeletable":1,"hasElementMoved":false,"eventLog":[{"time":1702309947494,"type":"create node","value":"0"},{"time":1702309947611,"type":"selected","value":"TRUE"},{"time":1702310076216,"type":"text","value":"Unterstützung des Personals"},{"time":1702310076216,"type":"value","value":"2"},{"time":1702310076216,"type":"comment","value":"manche kleineren Aufgaben können an Roboter abgegeben werden, was dem menschlichen Personal Arbeit abnimmt und sie somit ihre Zeit besser aufteilen können"},{"time":1702310076216,"type":"selected","value":"FALSE"}],"isTextChangeable":1},{"id":"0ec36e58-7a87-4f72-a5c9-ad3c81f2e490","value":1,"text":"help with anxiety disorder","comment":"People with social anxiety may feel more comfortable with assistance robots instead of humans","position":{"x":1063.3333,"y":337.3333},"isActive":true,"date":1702310083320,"kind":"Node","isSelected":false,"isConnectorSelected":false,"isDraggable":1,"isDeletable":1,"hasElementMoved":false,"eventLog":[{"time":1702310083320,"type":"create node","value":"0"},{"time":1702310083449,"type":"selected","value":"TRUE"},{"time":1702310175017,"type":"text","value":"Hilfe bei Angststörung"},{"time":1702310175017,"type":"value","value":"1"},{"time":1702310175017,"type":"comment","value":"Personen mit sozialer Angst fühlen sich ggf. wohler mit Assistenzrobotern statt Menschen"},{"time":1702310175017,"type":"selected","value":"FALSE"}],"isTextChangeable":1},{"id":"b86a63d3-01ab-461c-8b71-9b673003b0bc","value":-1,"text":"no human substitute","comment":"","position":{"x":319.3333,"y":257.3333},"isActive":true,"date":1702310181978,"kind":"Node","isSelected":false,"isConnectorSelected":false,"isDraggable":1,"isDeletable":1,"hasElementMoved":false,"eventLog":[{"time":1702310181978,"type":"create node","value":"0"},{"time":1702310182134,"type":"selected","value":"TRUE"},{"time":1702310208865,"type":"text","value":"kein Menschenersatz"},{"time":1702310208865,"type":"value","value":"-1"},{"time":1702310208865,"type":"selected","value":"FALSE"}],"isTextChangeable":1},{"id":"927c0d58-99dd-4bb3-9cb2-2ee47247e551","value":-1,"text":"fear of robots","comment":"some people feel scared of robots and would not let them help","position":{"x":214.3333,"y":363.3333},"isActive":true,"date":1702310223662,"kind":"Node","isSelected":false,"isConnectorSelected":false,"isDraggable":1,"isDeletable":1,"hasElementMoved":false,"eventLog":[{"time":1702310223662,"type":"create node","value":"0"},{"time":1702310223776,"type":"selected","value":"TRUE"},{"time":1702310298906,"type":"text","value":"Angst vor Robotern"},{"time":1702310298906,"type":"value","value":"-1"},{"time":1702310298906,"type":"comment","value":"manche Menschen fühlen sich verängstlicht von Robotern und würden sich von ihm nicht helfen lassen"},{"time":1702310298906,"type":"selected","value":"FALSE"}],"isTextChangeable":1},{"id":"40e74a54-2000-4523-a67b-4dae87388140","value":-2,"text":"emergency help questionable","comment":"Potentially, a robot may not be able to make the right/essential decisions in an emergency.","position":{"x":384.3333,"y":142.3333},"isActive":true,"date":1702310312100,"kind":"Node","isSelected":false,"isConnectorSelected":false,"isDraggable":1,"isDeletable":1,"hasElementMoved":false,"eventLog":[{"time":"1702310312100","type":"create node","value":[0]},{"time":"1702310312245","type":"selected","value":[true]},{"time":"1702310380330","type":"text","value":["Notfall Hilfe fragwürdig"]},{"time":"1702310380330","type":"value","value":[-2]},{"time":"1702310380330","type":"comment","value":["ggf kann ein Roboter in einem Notfall nicht die richtigen/essentiellen Entscheidungen treffen"]},{"time":"1702310380330","type":"selected","value":[false]},{"time":"2023-12-11T15:59:44.874Z","type":"position","value":{"x":[162.3333],"y":[163.3333]}},{"time":"2023-12-11T15:59:45.218Z","type":"position","value":{"x":[315.3333],"y":[137.3333]}}],"isTextChangeable":1},{"id":"d3502824-e620-4581-bec6-783f9cf21ab4","value":-1,"text":"preference of robot","comment":"Preference for robot over human help","position":{"x":297.3333,"y":483.3333},"isActive":true,"date":1702310398544,"kind":"Node","isSelected":false,"isConnectorSelected":false,"isDraggable":1,"isDeletable":1,"hasElementMoved":false,"eventLog":[{"time":"1702310398544","type":"create node","value":[0]},{"time":"1702310398661","type":"selected","value":[true]},{"time":"1702310486265","type":"text","value":["Präferenz von Robot"]},{"time":"1702310486266","type":"value","value":[-1]},{"time":"1702310486266","type":"comment","value":["Präferenz von Robot zu menschlicher Hilfe"]},{"time":"1702310486266","type":"selected","value":[false]},{"time":"2023-12-11T16:01:26.863Z","type":"position","value":{"x":[1075.3333],"y":[433.3333]}},{"time":"2023-12-11T16:01:27.133Z","type":"position","value":{"x":[907.3333],"y":[504.3333]}},{"time":"2023-12-11T16:01:27.164Z","type":"position","value":{"x":[746.3333],"y":[514.3333]}},{"time":"2023-12-11T16:01:27.383Z","type":"position","value":{"x":[575.3333],"y":[494.3333]}},{"time":"2023-12-11T16:01:27.633Z","type":"position","value":{"x":[425.3333],"y":[470.3333]}}],"isTextChangeable":1},{"id":"0578d889-6b74-4886-a743-6d4cc7abc258","value":2,"text":"cool","comment":"Assistance robots are simply cool and practical","position":{"x":1020.3333,"y":474.3333},"isActive":true,"date":1702310489519,"kind":"Node","isSelected":false,"isConnectorSelected":false,"isDraggable":1,"isDeletable":1,"hasElementMoved":false,"eventLog":[{"time":1702310489519,"type":"create node","value":"0"},{"time":1702310489623,"type":"selected","value":"TRUE"},{"time":1702310536678,"type":"text","value":"cool"},{"time":1702310536678,"type":"value","value":"2"},{"time":1702310536678,"type":"comment","value":"Assistenzroboter sind einfach cool und praktisch"},{"time":1702310536678,"type":"selected","value":"FALSE"}],"isTextChangeable":1},{"id":"5d61b131-c7c7-4443-9c00-98b0e70b91ed","value":0,"text":"what kind?","comment":"depends on which type of assistance robot is used and for which tasks","position":{"x":631.3333,"y":528.3333},"isActive":true,"date":1702310546616,"kind":"Node","isSelected":false,"isConnectorSelected":false,"isDraggable":1,"isDeletable":1,"hasElementMoved":false,"eventLog":[{"time":1702310546616,"type":"create node","value":"0"},{"time":1702310546766,"type":"selected","value":"TRUE"},{"time":1702310574536,"type":"text","value":"welche Art"},{"time":1702310574536,"type":"comment","value":"kommt drauf an, welche Art von Assistenzroboter benutzt wird und für welche Aufgaben"},{"time":1702310574536,"type":"selected","value":"FALSE"},{"time":1702310582916,"type":"selected","value":"TRUE"},{"time":1702310587164,"type":"text","value":"welche Art?"},{"time":1702310587164,"type":"selected","value":"FALSE"}],"isTextChangeable":1},{"id":"75a417c5-e98d-4858-bf34-cc06bdf0bb4b","value":-1,"text":"expensive","comment":"","position":{"x":477.3333,"y":253.3333},"isActive":true,"date":1702310595682,"kind":"Node","isSelected":false,"isConnectorSelected":false,"isDraggable":1,"isDeletable":1,"hasElementMoved":false,"eventLog":[{"time":1702310595682,"type":"create node","value":"0"},{"time":1702310595797,"type":"selected","value":"TRUE"},{"time":1702310601687,"type":"text","value":"teuer"},{"time":1702310601687,"type":"value","value":"-1"},{"time":1702310601687,"type":"selected","value":"FALSE"},{"time":1702310633941,"type":"selected","value":"TRUE"},{"time":1702310634992,"type":"selected","value":"FALSE"}],"isTextChangeable":1},{"id":"4bb7fe82-65cb-4a2b-9cec-2661df2d9788","value":2,"text":"so many possibilities","comment":"","position":{"x":942.3333,"y":529.3333},"isActive":true,"date":1702310649114,"kind":"Node","isSelected":false,"isConnectorSelected":false,"isDraggable":1,"isDeletable":1,"hasElementMoved":false,"eventLog":[{"time":1702310649114,"type":"create node","value":"0"},{"time":1702310649249,"type":"selected","value":"TRUE"},{"time":1702310659350,"type":"text","value":"so viele Möglichkeiten"},{"time":1702310659350,"type":"value","value":"2"},{"time":1702310659350,"type":"selected","value":"FALSE"}],"isTextChangeable":1},{"id":"644c0062-5211-417f-85c2-21573127ea86","value":1,"text":"carry responsibilities","comment":"People can take on a task and \"care\" for the robot","position":{"x":765.3333,"y":239.3333},"isActive":true,"date":1702310686642,"kind":"Node","isSelected":false,"isConnectorSelected":false,"isDraggable":1,"isDeletable":1,"hasElementMoved":false,"eventLog":[{"time":1702310686642,"type":"create node","value":"0"},{"time":1702310686778,"type":"selected","value":"TRUE"},{"time":1702310712481,"type":"text","value":"Verantwortungen tragen"},{"time":1702310712481,"type":"value","value":"1"},{"time":1702310712481,"type":"comment","value":"Personen können eine Aufgabe übernehmen und für den Roboter \"sorgen\""},{"time":1702310712481,"type":"selected","value":"FALSE"}],"isTextChangeable":1}],"connectors":[{"id":"361a0428-f0ff-4bd6-bb30-14f07bffe4f6","source":"21018f6c-047a-4fd8-b92d-d8c5a80cf099","target":"528e0cfe-b22e-4e28-8be0-026ea755a1ee","agreement":true,"isActive":true,"date":1702309907023,"kind":"Connector","isSelected":false,"intensity":3,"isDeletable":false,"isOver":false,"isBidirectional":false,"eventLog":[{"time":1702309907023,"type":"create connection"}]},{"id":"4d92e8d4-1771-4f30-8cac-d2fbf683ea7c","source":"21018f6c-047a-4fd8-b92d-d8c5a80cf099","target":"07397b1c-ea80-4d95-929a-cca6e93ba493","agreement":true,"isActive":true,"date":1702309907024,"kind":"Connector","isSelected":false,"intensity":3,"isDeletable":true,"isOver":false,"isBidirectional":false,"eventLog":[{"time":1702309907024,"type":"create connection"}]},{"id":"485ec04d-94d9-4d48-87f8-5335d6b13323","source":"75a417c5-e98d-4858-bf34-cc06bdf0bb4b","target":"528e0cfe-b22e-4e28-8be0-026ea755a1ee","agreement":true,"isActive":true,"date":1702310636503,"kind":"Connector","isSelected":false,"intensity":3,"isDeletable":true,"isOver":false,"isBidirectional":false,"eventLog":[{"time":1702310636503,"type":"create connection"}]},{"id":"4198c9a0-7ff3-4235-98c7-7d36d80cb15a","source":"40e74a54-2000-4523-a67b-4dae87388140","target":"528e0cfe-b22e-4e28-8be0-026ea755a1ee","agreement":true,"isActive":true,"date":1702310637882,"kind":"Connector","isSelected":false,"intensity":3,"isDeletable":true,"isOver":false,"isBidirectional":false,"eventLog":[{"time":1702310637882,"type":"create connection"}]},{"id":"0a2b44c9-9388-48b4-9aea-06eaac0df9f2","source":"b86a63d3-01ab-461c-8b71-9b673003b0bc","target":"528e0cfe-b22e-4e28-8be0-026ea755a1ee","agreement":true,"isActive":true,"date":1702310639322,"kind":"Connector","isSelected":false,"intensity":3,"isDeletable":true,"isOver":false,"isBidirectional":false,"eventLog":[{"time":1702310639322,"type":"create connection"}]},{"id":"7a86a8a1-ecc1-485a-8d53-1785cf81c1ae","source":"927c0d58-99dd-4bb3-9cb2-2ee47247e551","target":"528e0cfe-b22e-4e28-8be0-026ea755a1ee","agreement":true,"isActive":true,"date":1702310640407,"kind":"Connector","isSelected":false,"intensity":3,"isDeletable":true,"isOver":false,"isBidirectional":false,"eventLog":[{"time":1702310640407,"type":"create connection"}]},{"id":"ff4f3a92-d95e-4a89-be43-f3ee369702d6","source":"d3502824-e620-4581-bec6-783f9cf21ab4","target":"528e0cfe-b22e-4e28-8be0-026ea755a1ee","agreement":true,"isActive":true,"date":1702310641507,"kind":"Connector","isSelected":false,"intensity":3,"isDeletable":true,"isOver":false,"isBidirectional":false,"eventLog":[{"time":1702310641507,"type":"create connection"}]},{"id":"a0c4023c-36c2-48f2-8e7d-7dd5960e10fe","source":"5d61b131-c7c7-4443-9c00-98b0e70b91ed","target":"21018f6c-047a-4fd8-b92d-d8c5a80cf099","agreement":true,"isActive":true,"date":1702310643725,"kind":"Connector","isSelected":false,"intensity":3,"isDeletable":true,"isOver":false,"isBidirectional":false,"eventLog":[{"time":1702310643725,"type":"create connection"}]},{"id":"59a898d1-f27a-4488-8c00-d5dc21d347f5","source":"0578d889-6b74-4886-a743-6d4cc7abc258","target":"07397b1c-ea80-4d95-929a-cca6e93ba493","agreement":true,"isActive":true,"date":1702310645132,"kind":"Connector","isSelected":false,"intensity":3,"isDeletable":true,"isOver":false,"isBidirectional":false,"eventLog":[{"time":1702310645132,"type":"create connection"}]},{"id":"43d7535c-968c-4254-9157-f5eb5599904f","source":"0ec36e58-7a87-4f72-a5c9-ad3c81f2e490","target":"07397b1c-ea80-4d95-929a-cca6e93ba493","agreement":true,"isActive":true,"date":1702310646425,"kind":"Connector","isSelected":false,"intensity":3,"isDeletable":true,"isOver":false,"isBidirectional":false,"eventLog":[{"time":1702310646425,"type":"create connection"}]},{"id":"2598cbbe-f84d-4254-b5ec-6cefd6c1ad69","source":"09986831-7d15-452e-929e-1603a7e158d8","target":"07397b1c-ea80-4d95-929a-cca6e93ba493","agreement":true,"isActive":true,"date":1702310647376,"kind":"Connector","isSelected":false,"intensity":3,"isDeletable":true,"isOver":false,"isBidirectional":false,"eventLog":[{"time":1702310647376,"type":"create connection"}]},{"id":"b994798f-9084-4542-a3e9-4de010efa6cb","source":"07397b1c-ea80-4d95-929a-cca6e93ba493","target":"4bb7fe82-65cb-4a2b-9cec-2661df2d9788","agreement":true,"isActive":true,"date":1702310661056,"kind":"Connector","isSelected":false,"intensity":3,"isDeletable":true,"isOver":false,"isBidirectional":false,"eventLog":[{"time":1702310661056,"type":"create connection"}]},{"id":"31a7de97-e8a1-442c-92d0-92427f28e545","source":"644c0062-5211-417f-85c2-21573127ea86","target":"07397b1c-ea80-4d95-929a-cca6e93ba493","agreement":true,"isActive":true,"date":1702310713878,"kind":"Connector","isSelected":false,"intensity":3,"isDeletable":true,"isOver":false,"isBidirectional":false,"eventLog":[{"time":1702310713878,"type":"create connection"}]}],"currentID":{},"currentNode":{},"hasSelectedNode":[false],"currentConnector":{},"hasSelectedConnector":[false],"readyToMove":[false],"isIncoming":[false],"hasElementMoved":[false]}
