{"idCAM":["a371bdb0-b463-4c73-8524-0dc5d519df9f"],"creator":["6516ff4cda6f1e36fd05b1cc_post"],"projectCAM":["S2_CAM part 2"],"defocusCAM":[null],"date":[1702377296329],"nodes":[{"id":"3b8d80bb-7b6b-46d7-bf20-15cb2a36a48d","value":0,"text":"rescue robot","comment":"","position":{"x":650,"y":400},"isActive":true,"date":1702377297144,"kind":"Node","isSelected":false,"isConnectorSelected":false,"isDraggable":0,"isDeletable":0,"hasElementMoved":false,"eventLog":[{"time":1702377297144,"type":"create node","value":0}],"isTextChangeable":0},{"id":"c73dd688-3328-407c-a96d-84d30f286c09","value":0,"text":"disadvantages","comment":"","position":{"x":450,"y":400},"isActive":true,"date":1702377297145,"kind":"Node","isSelected":false,"isConnectorSelected":false,"isDraggable":0,"isDeletable":0,"hasElementMoved":false,"eventLog":[{"time":1702377297145,"type":"create node","value":0}],"isTextChangeable":0},{"id":"fa32ff42-527c-4c68-b9f6-a31ff544b071","value":0,"text":"advantages","comment":"","position":{"x":850,"y":400},"isActive":true,"date":1702377297146,"kind":"Node","isSelected":false,"isConnectorSelected":false,"isDraggable":0,"isDeletable":0,"hasElementMoved":false,"eventLog":[{"time":1702377297146,"type":"create node","value":0}],"isTextChangeable":0},{"id":"332b10e9-94af-4af6-9d7c-8aa4b9fc7a37","value":-3,"text":"abuse","comment":"","position":{"x":305.4,"y":479.6},"isActive":true,"date":1702377297146,"kind":"Node","isSelected":false,"isConnectorSelected":false,"isDraggable":1,"isDeletable":1,"hasElementMoved":false,"eventLog":[{"time":1702377297146,"type":"create node","value":-3}],"isTextChangeable":1},{"id":"87dea5e6-2f26-4101-a2a9-cfe48ddad07e","value":-2,"text":"social acceptance","comment":"","position":{"x":354.4,"y":614.6},"isActive":true,"date":1702377297146,"kind":"Node","isSelected":false,"isConnectorSelected":false,"isDraggable":1,"isDeletable":1,"hasElementMoved":false,"eventLog":[{"time":1702377297146,"type":"create node","value":-2}],"isTextChangeable":1},{"id":"1d978b4b-5b8a-4acc-a474-677bb4dd7e06","value":10,"text":"higher costs","comment":"","position":{"x":329.4,"y":293.6},"isActive":true,"date":1702377297146,"kind":"Node","isSelected":false,"isConnectorSelected":false,"isDraggable":1,"isDeletable":1,"hasElementMoved":false,"eventLog":[{"time":1702377297146,"type":"create node","value":"10"},{"time":1702377529097,"type":"selected","value":"TRUE"},{"time":1702377555964,"type":"text","value":"hohere Kosten"},{"time":1702377555964,"type":"selected","value":"FALSE"}],"isTextChangeable":1},{"id":"762510bd-7fbb-4684-864e-b840c408598f","value":2,"text":"safety","comment":"","position":{"x":1069.4,"y":502.6},"isActive":true,"date":1702377297146,"kind":"Node","isSelected":false,"isConnectorSelected":false,"isDraggable":1,"isDeletable":1,"hasElementMoved":false,"eventLog":[{"time":"1702377297146","type":"create node","value":[2]},{"time":"2023-12-12T10:38:43.693Z","type":"position","value":{"x":[1002.4],"y":[518.6]}},{"time":"2023-12-12T10:40:04.979Z","type":"position","value":{"x":[967.4],"y":[537.6]}}],"isTextChangeable":1},{"id":"7afd1e6d-e5ea-43be-b599-d625133930b5","value":3,"text":"reliable performance","comment":"","position":{"x":1178.4,"y":360.6},"isActive":true,"date":1702377297147,"kind":"Node","isSelected":false,"isConnectorSelected":false,"isDraggable":1,"isDeletable":1,"hasElementMoved":false,"eventLog":[{"time":"1702377297147","type":"create node","value":[3]},{"time":"2023-12-12T10:40:09.025Z","type":"position","value":{"x":[1007.4],"y":[394.6]}},{"time":"2023-12-12T10:40:09.230Z","type":"position","value":{"x":[1174.4],"y":[361.6]}}],"isTextChangeable":1},{"id":"6a70fa40-425e-4fa9-9545-b0c7918ec3b8","value":2,"text":"inaccessible areas","comment":"","position":{"x":977.4,"y":176.6},"isActive":true,"date":1702377297147,"kind":"Node","isSelected":false,"isConnectorSelected":false,"isDraggable":1,"isDeletable":1,"hasElementMoved":false,"eventLog":[{"time":"1702377297147","type":"create node","value":[2]},{"time":"2023-12-12T10:38:46.460Z","type":"position","value":{"x":[928.4],"y":[275.6]}}],"isTextChangeable":1},{"id":"5e2ff7b1-c811-415d-abb2-ace0a5c85715","value":10,"text":"efficiency","comment":"","position":{"x":800.4,"y":542.6},"isActive":true,"date":1702377297147,"kind":"Node","isSelected":false,"isConnectorSelected":false,"isDraggable":1,"isDeletable":1,"hasElementMoved":false,"eventLog":[{"time":"1702377297147","type":"create node","value":[10]},{"time":"2023-12-12T10:38:41.002Z","type":"position","value":{"x":[874.4],"y":[615.6]}}],"isTextChangeable":1},{"id":"ef3d97fb-9344-464e-85cf-390a39cd8f0e","value":3,"text":"Präzision","comment":"","position":{"x":748.4,"y":495.6},"isActive":false,"date":1702377297147,"kind":"Node","isSelected":false,"isConnectorSelected":false,"isDraggable":1,"isDeletable":1,"hasElementMoved":false,"eventLog":[{"time":1702377297148,"type":"create node","value":3},{"time":1702377491249,"type":"node was deleted","value":-77}],"isTextChangeable":1},{"id":"d6270f4f-adce-4e1b-8dbf-ef43273aa80e","value":-2,"text":"ethical concerns","comment":"","position":{"x":531.4,"y":601.6},"isActive":true,"date":1702377297148,"kind":"Node","isSelected":false,"isConnectorSelected":false,"isDraggable":1,"isDeletable":1,"hasElementMoved":false,"eventLog":[{"time":1702377297148,"type":"create node","value":-2}],"isTextChangeable":1},{"id":"bd7c5eae-3e9e-4ce8-b702-d1dd88b7898e","value":1,"text":"speed","comment":"","position":{"x":841.4,"y":221.6},"isActive":true,"date":1702377297148,"kind":"Node","isSelected":false,"isConnectorSelected":false,"isDraggable":1,"isDeletable":1,"hasElementMoved":false,"eventLog":[{"time":"1702377297148","type":"create node","value":[1]},{"time":"2023-12-12T10:38:45.052Z","type":"position","value":{"x":[808.4],"y":[266.6]}}],"isTextChangeable":1},{"id":"d94f57f3-5452-4f82-ac4f-849245cbe166","value":-1,"text":"limited autonomy","comment":"","position":{"x":595.4,"y":492.6},"isActive":true,"date":1702377297148,"kind":"Node","isSelected":false,"isConnectorSelected":false,"isDraggable":1,"isDeletable":1,"hasElementMoved":false,"eventLog":[{"time":1702377297148,"type":"create node","value":-1}],"isTextChangeable":1},{"id":"c55fa015-7925-4d82-97db-59884462af89","value":2,"text":"supply during rescue","comment":"","position":{"x":614.4,"y":222.6},"isActive":true,"date":1702377304195,"kind":"Node","isSelected":false,"isConnectorSelected":false,"isDraggable":1,"isDeletable":1,"hasElementMoved":false,"eventLog":[{"time":1702377304195,"type":"create node","value":"0"},{"time":1702377307046,"type":"selected","value":"TRUE"},{"time":1702377368095,"type":"text","value":"Versorgung während Rettung"},{"time":1702377368095,"type":"selected","value":"FALSE"},{"time":1702377369248,"type":"selected","value":"TRUE"},{"time":1702377369661,"type":"selected","value":"FALSE"},{"time":1702377371044,"type":"selected","value":"TRUE"},{"time":1702377373157,"type":"value","value":"2"},{"time":1702377373157,"type":"selected","value":"FALSE"}],"isTextChangeable":1},{"id":"b7ecb428-1c69-4404-a15c-dbeb5e36cb0c","value":2,"text":"reduction of injury risk","comment":"","position":{"x":1118.4,"y":219.6},"isActive":true,"date":1702377408805,"kind":"Node","isSelected":false,"isConnectorSelected":false,"isDraggable":1,"isDeletable":1,"hasElementMoved":false,"eventLog":[{"time":"1702377408805","type":"create node","value":[0]},{"time":"1702377408943","type":"selected","value":[true]},{"time":"1702377433728","type":"text","value":["Verminderung des Verletzungsrisikos"]},{"time":"1702377433728","type":"value","value":[2]},{"time":"1702377433728","type":"selected","value":[false]},{"time":"2023-12-12T10:40:02.474Z","type":"position","value":{"x":[1075.4],"y":[314.6]}}],"isTextChangeable":1},{"id":"f1274f64-db9a-4e97-9758-497526685221","value":-2,"text":"prejudices in algorithms","comment":"","position":{"x":188.4,"y":376.6},"isActive":true,"date":1702377484502,"kind":"Node","isSelected":false,"isConnectorSelected":false,"isDraggable":1,"isDeletable":1,"hasElementMoved":false,"eventLog":[{"time":1702377484502,"type":"create node","value":"0"},{"time":1702377500600,"type":"selected","value":"TRUE"},{"time":1702377516111,"type":"text","value":"Vorurteile in Alorithmen"},{"time":1702377516111,"type":"value","value":"-2"},{"time":1702377516111,"type":"selected","value":"FALSE"}],"isTextChangeable":1},{"id":"9be8b9f9-d7b6-4b11-ae8e-d83eddc8c27d","value":0,"text":"","comment":"","position":{"x":450.4,"y":238.6},"isActive":false,"date":1702377493640,"kind":"Node","isSelected":false,"isConnectorSelected":false,"isDraggable":1,"isDeletable":1,"hasElementMoved":false,"eventLog":[{"time":1702377493640,"type":"create node","value":0},{"time":1702377494835,"type":"selected","value":1},{"time":1702377498684,"type":"node was deleted","value":-99}],"isTextChangeable":1}],"connectors":[{"id":"9a8c5168-df38-47b6-a5e8-9a342b74c211","source":"3b8d80bb-7b6b-46d7-bf20-15cb2a36a48d","target":"c73dd688-3328-407c-a96d-84d30f286c09","agreement":true,"isActive":true,"date":1702377297149,"kind":"Connector","isSelected":false,"intensity":3,"isDeletable":false,"isOver":false,"isBidirectional":false,"eventLog":[{"time":1702377297149,"type":"create connection"}]},{"id":"63d4861b-6ab1-4574-9f58-e643d619c394","source":"3b8d80bb-7b6b-46d7-bf20-15cb2a36a48d","target":"fa32ff42-527c-4c68-b9f6-a31ff544b071","agreement":true,"isActive":true,"date":1702377297150,"kind":"Connector","isSelected":false,"intensity":3,"isDeletable":true,"isOver":false,"isBidirectional":false,"eventLog":[{"time":1702377297150,"type":"create connection"}]},{"id":"94860ca3-ed61-460d-aa7c-4de32dd4d259","source":"c73dd688-3328-407c-a96d-84d30f286c09","target":"332b10e9-94af-4af6-9d7c-8aa4b9fc7a37","agreement":true,"isActive":true,"date":1702377297150,"kind":"Connector","isSelected":false,"intensity":6,"isDeletable":true,"isOver":false,"isBidirectional":false,"eventLog":[{"time":1702377297150,"type":"create connection"}]},{"id":"50dfdf6e-2997-4ac6-958e-93df5768aaf2","source":"1d978b4b-5b8a-4acc-a474-677bb4dd7e06","target":"c73dd688-3328-407c-a96d-84d30f286c09","agreement":true,"isActive":true,"date":1702377297150,"kind":"Connector","isSelected":false,"intensity":3,"isDeletable":true,"isOver":false,"isBidirectional":false,"eventLog":[{"time":1702377297150,"type":"create connection"}]},{"id":"b90e6621-5a7e-4b6f-954e-7680b4884c50","source":"fa32ff42-527c-4c68-b9f6-a31ff544b071","target":"6a70fa40-425e-4fa9-9545-b0c7918ec3b8","agreement":true,"isActive":true,"date":1702377297151,"kind":"Connector","isSelected":false,"intensity":3,"isDeletable":true,"isOver":false,"isBidirectional":false,"eventLog":[{"time":1702377297151,"type":"create connection"}]},{"id":"d8e6beee-c4c2-4582-a8f8-7c12f8f4b95a","source":"7afd1e6d-e5ea-43be-b599-d625133930b5","target":"fa32ff42-527c-4c68-b9f6-a31ff544b071","agreement":true,"isActive":true,"date":1702377297151,"kind":"Connector","isSelected":false,"intensity":3,"isDeletable":true,"isOver":false,"isBidirectional":false,"eventLog":[{"time":1702377297151,"type":"create connection"}]},{"id":"2dbbdd7d-de09-4542-ba78-004edc335546","source":"fa32ff42-527c-4c68-b9f6-a31ff544b071","target":"762510bd-7fbb-4684-864e-b840c408598f","agreement":true,"isActive":true,"date":1702377297151,"kind":"Connector","isSelected":false,"intensity":3,"isDeletable":true,"isOver":false,"isBidirectional":false,"eventLog":[{"time":1702377297151,"type":"create connection"}]},{"id":"7adcd916-0d17-4ecb-bb1f-50f5d533ba39","source":"c73dd688-3328-407c-a96d-84d30f286c09","target":"87dea5e6-2f26-4101-a2a9-cfe48ddad07e","agreement":true,"isActive":true,"date":1702377297153,"kind":"Connector","isSelected":false,"intensity":6,"isDeletable":true,"isOver":false,"isBidirectional":false,"eventLog":[{"time":1702377297153,"type":"create connection"}]},{"id":"a07fd4ad-bf49-4065-bc3b-a47c1268e321","source":"5e2ff7b1-c811-415d-abb2-ace0a5c85715","target":"fa32ff42-527c-4c68-b9f6-a31ff544b071","agreement":true,"isActive":true,"date":1702377297153,"kind":"Connector","isSelected":false,"intensity":3,"isDeletable":true,"isOver":false,"isBidirectional":false,"eventLog":[{"time":1702377297153,"type":"create connection"}]},{"id":"48d60881-bd7d-4c2d-a425-6215f753ac92","source":"ef3d97fb-9344-464e-85cf-390a39cd8f0e","target":"fa32ff42-527c-4c68-b9f6-a31ff544b071","agreement":true,"isActive":false,"date":1702377297154,"kind":"Connector","isSelected":false,"intensity":3,"isDeletable":true,"isOver":false,"isBidirectional":false,"eventLog":[{"time":1702377297154,"type":"create connection"},{"time":1702377491250,"type":"active","value":false}]},{"id":"d78625ec-5210-444f-9ecf-998e52fd7c0b","source":"ef3d97fb-9344-464e-85cf-390a39cd8f0e","target":"5e2ff7b1-c811-415d-abb2-ace0a5c85715","agreement":true,"isActive":false,"date":1702377297154,"kind":"Connector","isSelected":false,"intensity":6,"isDeletable":true,"isOver":false,"isBidirectional":false,"eventLog":[{"time":1702377297154,"type":"create connection"},{"time":1702377491250,"type":"active","value":false}]},{"id":"b1cb61ba-6f24-4df6-8d34-88858fab60f4","source":"d6270f4f-adce-4e1b-8dbf-ef43273aa80e","target":"c73dd688-3328-407c-a96d-84d30f286c09","agreement":true,"isActive":true,"date":1702377297155,"kind":"Connector","isSelected":false,"intensity":3,"isDeletable":true,"isOver":false,"isBidirectional":false,"eventLog":[{"time":1702377297155,"type":"create connection"}]},{"id":"cf86678e-9994-4a0f-90ac-ee25a0b50192","source":"bd7c5eae-3e9e-4ce8-b702-d1dd88b7898e","target":"fa32ff42-527c-4c68-b9f6-a31ff544b071","agreement":true,"isActive":true,"date":1702377297155,"kind":"Connector","isSelected":false,"intensity":3,"isDeletable":true,"isOver":false,"isBidirectional":false,"eventLog":[{"time":1702377297155,"type":"create connection"}]},{"id":"61f253f1-87ac-4dd6-bbd6-f942344a2dab","source":"c73dd688-3328-407c-a96d-84d30f286c09","target":"d94f57f3-5452-4f82-ac4f-849245cbe166","agreement":true,"isActive":true,"date":1702377297155,"kind":"Connector","isSelected":false,"intensity":3,"isDeletable":true,"isOver":false,"isBidirectional":false,"eventLog":[{"time":1702377297155,"type":"create connection"}]},{"id":"0fb483e2-4949-4587-9a38-940b13a5358f","source":"d6270f4f-adce-4e1b-8dbf-ef43273aa80e","target":"87dea5e6-2f26-4101-a2a9-cfe48ddad07e","agreement":true,"isActive":true,"date":1702377297155,"kind":"Connector","isSelected":false,"intensity":3,"isDeletable":true,"isOver":false,"isBidirectional":false,"eventLog":[{"time":1702377297155,"type":"create connection"}]},{"id":"7e2558a1-af24-4bff-975d-6053c378b078","source":"332b10e9-94af-4af6-9d7c-8aa4b9fc7a37","target":"d6270f4f-adce-4e1b-8dbf-ef43273aa80e","agreement":true,"isActive":true,"date":1702377297155,"kind":"Connector","isSelected":false,"intensity":3,"isDeletable":true,"isOver":false,"isBidirectional":false,"eventLog":[{"time":1702377297155,"type":"create connection"}]},{"id":"ad2fd32a-71c4-4ea9-8e63-a4d9b7069216","source":"fa32ff42-527c-4c68-b9f6-a31ff544b071","target":"c55fa015-7925-4d82-97db-59884462af89","agreement":true,"isActive":true,"date":1702377374925,"kind":"Connector","isSelected":false,"intensity":3,"isDeletable":true,"isOver":false,"isBidirectional":false,"eventLog":[{"time":1702377374925,"type":"create connection"}]},{"id":"468c999a-042f-4d15-a6fe-a50af5aaf433","source":"fa32ff42-527c-4c68-b9f6-a31ff544b071","target":"b7ecb428-1c69-4404-a15c-dbeb5e36cb0c","agreement":true,"isActive":true,"date":1702377436138,"kind":"Connector","isSelected":false,"intensity":3,"isDeletable":true,"isOver":false,"isBidirectional":false,"eventLog":[{"time":1702377436138,"type":"create connection"}]},{"id":"8f08affd-ddda-4e36-83b8-478549d349a5","source":"f1274f64-db9a-4e97-9758-497526685221","target":"c73dd688-3328-407c-a96d-84d30f286c09","agreement":true,"isActive":true,"date":1702377518910,"kind":"Connector","isSelected":false,"intensity":3,"isDeletable":true,"isOver":false,"isBidirectional":false,"eventLog":[{"time":1702377518910,"type":"create connection"}]},{"id":"14755e4d-4aa0-4392-a363-56eff74b4933","source":"b7ecb428-1c69-4404-a15c-dbeb5e36cb0c","target":"762510bd-7fbb-4684-864e-b840c408598f","agreement":true,"isActive":true,"date":1702377607184,"kind":"Connector","isSelected":false,"intensity":3,"isDeletable":true,"isOver":false,"isBidirectional":false,"eventLog":[{"time":1702377607184,"type":"create connection"}]}],"currentID":{},"currentNode":{},"hasSelectedNode":[false],"currentConnector":{},"hasSelectedConnector":[false],"readyToMove":[false],"isIncoming":[false],"hasElementMoved":[false]}
