{"idCAM":["2445685a-c6da-4fb3-be12-203bf7f7a9e5"],"creator":["6516d540a78298897619e273_post"],"projectCAM":["S2_CAM part 2"],"defocusCAM":[176.1],"date":[1702310664324],"nodes":[{"id":"5856d99d-6911-4051-890a-f901fcaee7e5","value":10,"text":"social assistance robot","comment":"","position":{"x":650,"y":400},"isActive":true,"date":1702310665218,"kind":"Node","isSelected":false,"isConnectorSelected":false,"isDraggable":0,"isDeletable":0,"hasElementMoved":false,"eventLog":[{"time":1702310665218,"type":"create node","value":10}],"isTextChangeable":0},{"id":"0243a8ae-0324-464f-84d3-7719f08231e3","value":-3,"text":"disadvantages","comment":"","position":{"x":450,"y":400},"isActive":true,"date":1702310665218,"kind":"Node","isSelected":false,"isConnectorSelected":false,"isDraggable":0,"isDeletable":0,"hasElementMoved":false,"eventLog":[{"time":1702310665218,"type":"create node","value":-3}],"isTextChangeable":0},{"id":"5063a185-b1ab-4aed-b3e3-fd5565a17481","value":3,"text":"advantages","comment":"","position":{"x":850,"y":400},"isActive":true,"date":1702310665218,"kind":"Node","isSelected":false,"isConnectorSelected":true,"isDraggable":0,"isDeletable":0,"hasElementMoved":false,"eventLog":[{"time":1702310665218,"type":"create node","value":3}],"isTextChangeable":0},{"id":"eff2b88d-6585-435e-9edd-306eab855555","value":2,"text":"possibly sometimes cheaper","comment":"","position":{"x":929,"y":245},"isActive":true,"date":1702310665219,"kind":"Node","isSelected":false,"isConnectorSelected":false,"isDraggable":1,"isDeletable":1,"hasElementMoved":false,"eventLog":[{"time":1702310665219,"type":"create node","value":2}],"isTextChangeable":1},{"id":"00337084-1560-4e36-8d07-78e024d8385b","value":-3,"text":"emotional skill","comment":"","position":{"x":387,"y":268},"isActive":true,"date":1702310665219,"kind":"Node","isSelected":false,"isConnectorSelected":false,"isDraggable":1,"isDeletable":1,"hasElementMoved":false,"eventLog":[{"time":1702310665219,"type":"create node","value":-3}],"isTextChangeable":1},{"id":"799ad394-41c1-42e0-aec0-ac61d27ee016","value":-3,"text":"dependence","comment":"","position":{"x":264,"y":384},"isActive":true,"date":1702310665219,"kind":"Node","isSelected":false,"isConnectorSelected":false,"isDraggable":1,"isDeletable":1,"hasElementMoved":false,"eventLog":[{"time":1702310665219,"type":"create node","value":-3}],"isTextChangeable":1},{"id":"45801fb4-e3df-42a3-ac02-2be2c55c9527","value":-2,"text":"impairment of social contacts","comment":"","position":{"x":152,"y":516},"isActive":true,"date":1702310665219,"kind":"Node","isSelected":false,"isConnectorSelected":false,"isDraggable":1,"isDeletable":1,"hasElementMoved":false,"eventLog":[{"time":1702310665219,"type":"create node","value":-2}],"isTextChangeable":1},{"id":"579743c2-a67b-41cd-ab28-2c018f646e22","value":3,"text":"adaptable","comment":"","position":{"x":1052,"y":447},"isActive":true,"date":1702310665219,"kind":"Node","isSelected":false,"isConnectorSelected":false,"isDraggable":1,"isDeletable":1,"hasElementMoved":false,"eventLog":[{"time":1702310665219,"type":"create node","value":3}],"isTextChangeable":1},{"id":"b830edec-5698-4ce7-9920-16b2cb4f2b74","value":10,"text":"reduction skilled labor shortage","comment":"","position":{"x":882,"y":563},"isActive":true,"date":1702310665219,"kind":"Node","isSelected":false,"isConnectorSelected":false,"isDraggable":1,"isDeletable":1,"hasElementMoved":false,"eventLog":[{"time":1702310665219,"type":"create node","value":10}],"isTextChangeable":1},{"id":"45ce81ca-d175-4daa-9043-13bb0a14c504","value":-3,"text":"replaces people","comment":"","position":{"x":561,"y":571},"isActive":true,"date":1702310665219,"kind":"Node","isSelected":false,"isConnectorSelected":false,"isDraggable":1,"isDeletable":1,"hasElementMoved":false,"eventLog":[{"time":1702310665219,"type":"create node","value":-3}],"isTextChangeable":1},{"id":"cb8298f6-168c-4f54-b170-26b0309fa487","value":10,"text":"data protection","comment":"","position":{"x":652,"y":176},"isActive":true,"date":1702310665219,"kind":"Node","isSelected":false,"isConnectorSelected":false,"isDraggable":1,"isDeletable":1,"hasElementMoved":false,"eventLog":[{"time":1702310665219,"type":"create node","value":10}],"isTextChangeable":1},{"id":"51b97fd3-56e5-4fc0-b828-396a33bb24b1","value":-3,"text":"supervision data protection","comment":"","position":{"x":862,"y":101},"isActive":true,"date":1702310665219,"kind":"Node","isSelected":false,"isConnectorSelected":false,"isDraggable":1,"isDeletable":1,"hasElementMoved":false,"eventLog":[{"time":1702310665219,"type":"create node","value":-3}],"isTextChangeable":1},{"id":"724da037-5814-499d-8574-e71439ee9176","value":0,"text":"rights","comment":"","position":{"x":458,"y":69},"isActive":true,"date":1702310665219,"kind":"Node","isSelected":false,"isConnectorSelected":false,"isDraggable":1,"isDeletable":1,"hasElementMoved":false,"eventLog":[{"time":1702310665219,"type":"create node","value":0}],"isTextChangeable":1},{"id":"61967a9e-b24b-44de-8c79-2f504a262bac","value":3,"text":"unpleasant tasks","comment":"","position":{"x":1070,"y":271},"isActive":true,"date":1702310665220,"kind":"Node","isSelected":false,"isConnectorSelected":false,"isDraggable":1,"isDeletable":1,"hasElementMoved":false,"eventLog":[{"time":1702310665220,"type":"create node","value":3}],"isTextChangeable":1},{"id":"e759854e-5253-496e-a424-21311c55b2d0","value":10,"text":"real feelings","comment":"","position":{"x":344,"y":571},"isActive":true,"date":1702310665220,"kind":"Node","isSelected":false,"isConnectorSelected":false,"isDraggable":1,"isDeletable":1,"hasElementMoved":false,"eventLog":[{"time":1702310665220,"type":"create node","value":10}],"isTextChangeable":1},{"id":"903c8adb-f54a-476a-a980-c4eeaea76af7","value":-3,"text":"manipulation","comment":"","position":{"x":246,"y":220},"isActive":true,"date":1702310666643,"kind":"Node","isSelected":false,"isConnectorSelected":false,"isDraggable":1,"isDeletable":1,"hasElementMoved":false,"eventLog":[{"time":1702310666643,"type":"create node","value":"0"},{"time":1702310666790,"type":"selected","value":"TRUE"},{"time":1702310676915,"type":"text","value":"Manipulation"},{"time":1702310676915,"type":"value","value":"-3"},{"time":1702310676915,"type":"selected","value":"FALSE"}],"isTextChangeable":1},{"id":"029b2a57-439f-4b89-ac5a-21c79806239b","value":3,"text":"emotional attention","comment":"Soft robots: advantages of a pet without the disadvantages?","position":{"x":1186,"y":377},"isActive":true,"date":1702310708109,"kind":"Node","isSelected":false,"isConnectorSelected":true,"isDraggable":1,"isDeletable":1,"hasElementMoved":false,"eventLog":[{"time":1702310708109,"type":"create node","value":"0"},{"time":1702310709057,"type":"selected","value":"TRUE"},{"time":1702310736846,"type":"text","value":"Emotionale Zuwendung"},{"time":1702310736846,"type":"value","value":"3"},{"time":1702310736846,"type":"comment","value":"Soft-Roboter: Vorteile eines Haustiers, ohne die Nachteile?"},{"time":1702310736846,"type":"selected","value":"FALSE"}],"isTextChangeable":1}],"connectors":[{"id":"60b2037f-35c5-45d5-b721-ec77d804b164","source":"5856d99d-6911-4051-890a-f901fcaee7e5","target":"0243a8ae-0324-464f-84d3-7719f08231e3","agreement":true,"isActive":true,"date":1702310665220,"kind":"Connector","isSelected":false,"intensity":6,"isDeletable":false,"isOver":false,"isBidirectional":false,"eventLog":[{"time":1702310665220,"type":"create connection"}]},{"id":"8955b308-a05e-4404-a101-b86211afaef4","source":"5856d99d-6911-4051-890a-f901fcaee7e5","target":"5063a185-b1ab-4aed-b3e3-fd5565a17481","agreement":true,"isActive":true,"date":1702310665220,"kind":"Connector","isSelected":false,"intensity":3,"isDeletable":true,"isOver":false,"isBidirectional":false,"eventLog":[{"time":1702310665220,"type":"create connection"}]},{"id":"a873f24e-d4d5-418a-a498-9faeb44c5e88","source":"eff2b88d-6585-435e-9edd-306eab855555","target":"5063a185-b1ab-4aed-b3e3-fd5565a17481","agreement":true,"isActive":true,"date":1702310665221,"kind":"Connector","isSelected":false,"intensity":3,"isDeletable":true,"isOver":false,"isBidirectional":false,"eventLog":[{"time":1702310665221,"type":"create connection"}]},{"id":"ca34706f-71b3-4ecf-8d26-a45c4a943f94","source":"00337084-1560-4e36-8d07-78e024d8385b","target":"0243a8ae-0324-464f-84d3-7719f08231e3","agreement":true,"isActive":true,"date":1702310665221,"kind":"Connector","isSelected":false,"intensity":6,"isDeletable":true,"isOver":false,"isBidirectional":false,"eventLog":[{"time":1702310665221,"type":"create connection"}]},{"id":"bcc8815f-0eb2-4f4a-b0a0-8c833e530adc","source":"0243a8ae-0324-464f-84d3-7719f08231e3","target":"799ad394-41c1-42e0-aec0-ac61d27ee016","agreement":true,"isActive":true,"date":1702310665221,"kind":"Connector","isSelected":false,"intensity":9,"isDeletable":true,"isOver":false,"isBidirectional":false,"eventLog":[{"time":1702310665221,"type":"create connection"}]},{"id":"70c857b8-dd24-4a17-af54-efcee7455944","source":"45801fb4-e3df-42a3-ac02-2be2c55c9527","target":"799ad394-41c1-42e0-aec0-ac61d27ee016","agreement":true,"isActive":true,"date":1702310665221,"kind":"Connector","isSelected":false,"intensity":6,"isDeletable":true,"isOver":false,"isBidirectional":false,"eventLog":[{"time":1702310665221,"type":"create connection"}]},{"id":"499b7c4c-ca0a-4935-87ce-b666ae19d3f3","source":"579743c2-a67b-41cd-ab28-2c018f646e22","target":"5063a185-b1ab-4aed-b3e3-fd5565a17481","agreement":true,"isActive":true,"date":1702310665221,"kind":"Connector","isSelected":false,"intensity":6,"isDeletable":true,"isOver":false,"isBidirectional":false,"eventLog":[{"time":1702310665221,"type":"create connection"}]},{"id":"2d60e36c-19ac-4a82-abce-46f515afa32e","source":"b830edec-5698-4ce7-9920-16b2cb4f2b74","target":"5063a185-b1ab-4aed-b3e3-fd5565a17481","agreement":true,"isActive":true,"date":1702310665221,"kind":"Connector","isSelected":false,"intensity":3,"isDeletable":true,"isOver":false,"isBidirectional":false,"eventLog":[{"time":1702310665221,"type":"create connection"}]},{"id":"f2c59f6b-a971-4c74-abef-5d70bf8e3c1b","source":"45ce81ca-d175-4daa-9043-13bb0a14c504","target":"0243a8ae-0324-464f-84d3-7719f08231e3","agreement":true,"isActive":true,"date":1702310665221,"kind":"Connector","isSelected":false,"intensity":6,"isDeletable":true,"isOver":false,"isBidirectional":false,"eventLog":[{"time":1702310665221,"type":"create connection"}]},{"id":"bfa6ad68-d4e0-4d8d-8e33-df28b44a4901","source":"b830edec-5698-4ce7-9920-16b2cb4f2b74","target":"45ce81ca-d175-4daa-9043-13bb0a14c504","agreement":false,"isActive":true,"date":1702310665222,"kind":"Connector","isSelected":false,"intensity":9,"isDeletable":true,"isOver":false,"isBidirectional":false,"eventLog":[{"time":1702310665222,"type":"create connection"}]},{"id":"9820ff36-c366-49f2-919f-146ae231f294","source":"5063a185-b1ab-4aed-b3e3-fd5565a17481","target":"cb8298f6-168c-4f54-b170-26b0309fa487","agreement":true,"isActive":true,"date":1702310665222,"kind":"Connector","isSelected":false,"intensity":6,"isDeletable":true,"isOver":false,"isBidirectional":false,"eventLog":[{"time":1702310665222,"type":"create connection"}]},{"id":"c1a665fd-c45a-4835-adca-5b04d91bfeea","source":"0243a8ae-0324-464f-84d3-7719f08231e3","target":"cb8298f6-168c-4f54-b170-26b0309fa487","agreement":false,"isActive":true,"date":1702310665222,"kind":"Connector","isSelected":false,"intensity":3,"isDeletable":true,"isOver":false,"isBidirectional":false,"eventLog":[{"time":1702310665222,"type":"create connection"}]},{"id":"cc80e29a-9ca6-47e1-9ca6-d0bc02c7dc09","source":"51b97fd3-56e5-4fc0-b828-396a33bb24b1","target":"cb8298f6-168c-4f54-b170-26b0309fa487","agreement":true,"isActive":true,"date":1702310665222,"kind":"Connector","isSelected":false,"intensity":3,"isDeletable":true,"isOver":false,"isBidirectional":false,"eventLog":[{"time":1702310665222,"type":"create connection"}]},{"id":"fbf42486-8c8e-4b56-956f-73a7062e108a","source":"724da037-5814-499d-8574-e71439ee9176","target":"5856d99d-6911-4051-890a-f901fcaee7e5","agreement":true,"isActive":true,"date":1702310665222,"kind":"Connector","isSelected":false,"intensity":3,"isDeletable":true,"isOver":false,"isBidirectional":false,"eventLog":[{"time":1702310665222,"type":"create connection"}]},{"id":"30d0afd0-3743-4a35-9f9d-bcbf85c44f84","source":"61967a9e-b24b-44de-8c79-2f504a262bac","target":"5063a185-b1ab-4aed-b3e3-fd5565a17481","agreement":true,"isActive":true,"date":1702310665222,"kind":"Connector","isSelected":false,"intensity":9,"isDeletable":true,"isOver":false,"isBidirectional":false,"eventLog":[{"time":1702310665222,"type":"create connection"}]},{"id":"3eb2ac42-bec8-44fe-9ba2-93fb5a3aa2d7","source":"e759854e-5253-496e-a424-21311c55b2d0","target":"0243a8ae-0324-464f-84d3-7719f08231e3","agreement":false,"isActive":true,"date":1702310665222,"kind":"Connector","isSelected":false,"intensity":6,"isDeletable":true,"isOver":false,"isBidirectional":false,"eventLog":[{"time":1702310665222,"type":"create connection"}]},{"id":"54f1bfbc-f202-417a-b7b7-17fbf06bc4f3","source":"903c8adb-f54a-476a-a980-c4eeaea76af7","target":"00337084-1560-4e36-8d07-78e024d8385b","agreement":true,"isActive":false,"date":1702310680026,"kind":"Connector","isSelected":false,"intensity":3,"isDeletable":true,"isOver":false,"isBidirectional":false,"eventLog":[{"time":1702310680026,"type":"create connection"},{"time":1702310690123,"type":"selected","value":1},{"time":1702310691443,"type":"connector was deleted","value":-99},{"time":1702310691443,"type":"active","value":0}]},{"id":"82b86197-8b30-4dd3-8151-2d0c626c2528","source":"903c8adb-f54a-476a-a980-c4eeaea76af7","target":"0243a8ae-0324-464f-84d3-7719f08231e3","agreement":true,"isActive":true,"date":1702310693543,"kind":"Connector","isSelected":false,"intensity":3,"isDeletable":true,"isOver":false,"isBidirectional":false,"eventLog":[{"time":1702310693543,"type":"create connection"}]},{"id":"9898b0d0-fddb-457b-a444-908d43d6bebc","source":"029b2a57-439f-4b89-ac5a-21c79806239b","target":"5063a185-b1ab-4aed-b3e3-fd5565a17481","agreement":true,"isActive":true,"date":1702310738408,"kind":"Connector","isSelected":false,"intensity":9,"isDeletable":true,"isOver":false,"isBidirectional":false,"eventLog":[{"time":1702310738408,"type":"create connection"},{"time":1702310739704,"type":"selected","value":1},{"time":1702310742014,"type":"change intensity of connector","value":9},{"time":1702310742014,"type":"selected","value":0}]}],"currentID":["9898b0d0-fddb-457b-a444-908d43d6bebc"],"currentNode":{},"hasSelectedNode":[false],"currentConnector":{"id":["9898b0d0-fddb-457b-a444-908d43d6bebc"],"value":{},"source":["029b2a57-439f-4b89-ac5a-21c79806239b"],"target":["5063a185-b1ab-4aed-b3e3-fd5565a17481"],"agreement":[true],"isActive":[true],"date":[1702310738408],"kind":["Connector"],"isSelected":[false],"intensity":[9],"isDeletable":[true],"isOver":[false],"isBidirectional":[false],"eventLog":[{"time":1702310738408,"type":"create connection"},{"time":1702310739704,"type":"selected","value":1},{"time":1702310742014,"type":"change intensity of connector","value":9},{"time":1702310742014,"type":"selected","value":0}]},"hasSelectedConnector":[true],"readyToMove":[false],"isIncoming":[false],"hasElementMoved":[false]}
