{"idCAM":["af1e2d25-a53d-4225-913d-4034a685b645"],"creator":["6516f474d21c67a9a5bbb712_pre"],"projectCAM":["S2_CAM part 1"],"defocusCAM":[],"date":[1702310003373],"nodes":[{"id":"75090bca-7a0a-448d-9e40-daea4c7af64a","value":10,"text":"rescue robot","comment":"","position":{"x":650,"y":400},"isActive":true,"date":1702310004282,"kind":"Node","isSelected":false,"isConnectorSelected":false,"isDraggable":0,"isDeletable":0,"hasElementMoved":false,"eventLog":[{"time":1702310004282,"type":"create node","value":0},{"time":1702310045061,"type":"selected","value":1},{"time":1702310055764,"type":"value","value":10},{"time":1702310055764,"type":"selected","value":0}],"isTextChangeable":0},{"id":"229fea87-bdaa-42b1-8c2e-86f0110444e9","value":-2,"text":"disadvantages","comment":"","position":{"x":450,"y":400},"isActive":true,"date":1702310004283,"kind":"Node","isSelected":false,"isConnectorSelected":false,"isDraggable":0,"isDeletable":0,"hasElementMoved":false,"eventLog":[{"time":1702310004283,"type":"create node","value":0},{"time":1702310039905,"type":"selected","value":1},{"time":1702310044974,"type":"value","value":-2},{"time":1702310044974,"type":"selected","value":0}],"isTextChangeable":0},{"id":"919ad52f-4476-4c84-b07c-cec3692907d9","value":3,"text":"advantages","comment":"","position":{"x":850,"y":400},"isActive":true,"date":1702310004283,"kind":"Node","isSelected":false,"isConnectorSelected":false,"isDraggable":0,"isDeletable":0,"hasElementMoved":false,"eventLog":[{"time":1702310004283,"type":"create node","value":0},{"time":1702310036658,"type":"selected","value":1},{"time":1702310039845,"type":"value","value":3},{"time":1702310039845,"type":"selected","value":0}],"isTextChangeable":0},{"id":"5e840141-d036-48b7-b5f6-a6b6449eb400","value":3,"text":"precise work","comment":"","position":{"x":931,"y":279},"isActive":true,"date":1702310061014,"kind":"Node","isSelected":false,"isConnectorSelected":false,"isDraggable":1,"isDeletable":1,"hasElementMoved":false,"eventLog":[{"time":1702310061014,"type":"create node","value":"0"},{"time":1702310061065,"type":"selected","value":"TRUE"},{"time":1702310072392,"type":"text","value":"präzise Arbeit"},{"time":1702310072392,"type":"value","value":"3"},{"time":1702310072392,"type":"selected","value":"FALSE"}],"isTextChangeable":1},{"id":"bb0e4907-8567-470d-8118-47f2f2fb0b78","value":3,"text":"human rescue","comment":"","position":{"x":1005,"y":386},"isActive":true,"date":1702310076359,"kind":"Node","isSelected":false,"isConnectorSelected":false,"isDraggable":1,"isDeletable":1,"hasElementMoved":false,"eventLog":[{"time":1702310076359,"type":"create node","value":"0"},{"time":1702310076445,"type":"selected","value":"TRUE"},{"time":1702310088936,"type":"text","value":"Menschenrettung"},{"time":1702310088936,"type":"value","value":"3"},{"time":1702310088936,"type":"selected","value":"FALSE"}],"isTextChangeable":1},{"id":"33f26fd9-a138-4801-9390-ccd28f3398e6","value":3,"text":"emergency supply","comment":"","position":{"x":935,"y":485},"isActive":true,"date":1702310093199,"kind":"Node","isSelected":false,"isConnectorSelected":false,"isDraggable":1,"isDeletable":1,"hasElementMoved":false,"eventLog":[{"time":1702310093199,"type":"create node","value":"0"},{"time":1702310093282,"type":"selected","value":"TRUE"},{"time":1702310102625,"type":"text","value":"Notversorgung"},{"time":1702310102625,"type":"value","value":"3"},{"time":1702310102625,"type":"selected","value":"FALSE"}],"isTextChangeable":1},{"id":"a2e3e7ea-959e-4845-a194-e2fad3db8a22","value":-1,"text":"discriminatory behavior","comment":"Although bad, people can discriminate just as much, which is why the argument is not very strong for me personally.","position":{"x":365,"y":289},"isActive":true,"date":1702310107504,"kind":"Node","isSelected":false,"isConnectorSelected":false,"isDraggable":1,"isDeletable":1,"hasElementMoved":false,"eventLog":[{"time":1702310107504,"type":"create node","value":"0"},{"time":1702310107611,"type":"selected","value":"TRUE"},{"time":1702310174491,"type":"text","value":"Diskriminierendes Verhalten"},{"time":1702310174491,"type":"value","value":"-1"},{"time":1702310174491,"type":"comment","value":"Zwar schlecht, jedoch können genauso Menschen diskriminieren, weshalb das Argument für mich persönlich nicht sehr stark ist."},{"time":1702310174491,"type":"selected","value":"FALSE"},{"time":1702310177150,"type":"selected","value":"TRUE"},{"time":1702310190311,"type":"selected","value":"FALSE"},{"time":1702310194252,"type":"selected","value":"TRUE"},{"time":1702310196137,"type":"selected","value":"FALSE"}],"isTextChangeable":1},{"id":"e199ce6a-b342-4bd4-90d3-bd5e2d7f459b","value":-3,"text":"abuse","comment":"","position":{"x":282,"y":402},"isActive":true,"date":1702310246444,"kind":"Node","isSelected":false,"isConnectorSelected":false,"isDraggable":1,"isDeletable":1,"hasElementMoved":false,"eventLog":[{"time":"1702310246444","type":"create node","value":[0]},{"time":"1702310247986","type":"selected","value":[true]},{"time":"1702310253832","type":"text","value":["Missbrauch"]},{"time":"1702310253832","type":"value","value":[-3]},{"time":"1702310253832","type":"selected","value":[false]},{"time":"2023-12-11T15:58:40.575Z","type":"position","value":{"x":[299],"y":[411]}}],"isTextChangeable":1},{"id":"8e34295d-7b8e-4988-90ba-5273aeed5e1b","value":-3,"text":"war mongering","comment":"","position":{"x":134,"y":456},"isActive":true,"date":1702310256387,"kind":"Node","isSelected":false,"isConnectorSelected":false,"isDraggable":1,"isDeletable":1,"hasElementMoved":false,"eventLog":[{"time":1702310256388,"type":"create node","value":"0"},{"time":1702310256482,"type":"selected","value":"TRUE"},{"time":1702310282277,"type":"text","value":"Kriegsschürung"},{"time":1702310282277,"type":"value","value":"-3"},{"time":1702310282277,"type":"selected","value":"FALSE"}],"isTextChangeable":1},{"id":"f4e8455a-e888-4c2a-8cb3-947a58eed08d","value":-3,"text":"robots as combat weapons","comment":"","position":{"x":266,"y":522},"isActive":true,"date":1702310309792,"kind":"Node","isSelected":false,"isConnectorSelected":false,"isDraggable":1,"isDeletable":1,"hasElementMoved":false,"eventLog":[{"time":1702310309792,"type":"create node","value":"0"},{"time":1702310309882,"type":"selected","value":"TRUE"},{"time":1702310318626,"type":"text","value":"Roboter als Kampfwaffen"},{"time":1702310318626,"type":"value","value":"-3"},{"time":1702310318626,"type":"selected","value":"FALSE"}],"isTextChangeable":1},{"id":"a34b1f8d-b2d0-4423-907b-687c78a226b4","value":3,"text":"territorial development","comment":"","position":{"x":759,"y":498},"isActive":true,"date":1702310350636,"kind":"Node","isSelected":false,"isConnectorSelected":false,"isDraggable":1,"isDeletable":1,"hasElementMoved":false,"eventLog":[{"time":1702310350636,"type":"create node","value":"0"},{"time":1702310350744,"type":"selected","value":"TRUE"},{"time":1702310365615,"type":"text","value":"Gebietserschließung"},{"time":1702310365615,"type":"value","value":"3"},{"time":1702310365615,"type":"selected","value":"FALSE"}],"isTextChangeable":1},{"id":"821c1ab5-4390-4dcf-ae12-730aaa8f0da5","value":-3,"text":"contaminated areas","comment":"","position":{"x":821,"y":582},"isActive":true,"date":1702310368516,"kind":"Node","isSelected":false,"isConnectorSelected":false,"isDraggable":1,"isDeletable":1,"hasElementMoved":false,"eventLog":[{"time":1702310368516,"type":"create node","value":"0"},{"time":1702310368633,"type":"selected","value":"TRUE"},{"time":1702310379414,"type":"text","value":"Kontaminierte Gebiete"},{"time":1702310379414,"type":"value","value":"-3"},{"time":1702310379414,"type":"selected","value":"FALSE"}],"isTextChangeable":1},{"id":"b3912568-2f88-44da-916c-36bc45a5bb63","value":3,"text":"draw maps","comment":"","position":{"x":669,"y":577},"isActive":true,"date":1702310383602,"kind":"Node","isSelected":false,"isConnectorSelected":false,"isDraggable":1,"isDeletable":1,"hasElementMoved":false,"eventLog":[{"time":1702310383602,"type":"create node","value":"0"},{"time":1702310383705,"type":"selected","value":"TRUE"},{"time":1702310392872,"type":"text","value":"Karten zeichnen"},{"time":1702310392872,"type":"value","value":"3"},{"time":1702310392872,"type":"selected","value":"FALSE"}],"isTextChangeable":1},{"id":"b2b44ab2-723f-4b5a-be81-bd720c1bbe79","value":0,"text":"","comment":"","position":{"x":1298,"y":482},"isActive":true,"date":1702310403524,"kind":"Node","isSelected":false,"isConnectorSelected":false,"isDraggable":1,"isDeletable":1,"hasElementMoved":false,"eventLog":[{"time":1702310403524,"type":"create node","value":0}],"isTextChangeable":1}],"connectors":[{"id":"c9ab5f92-a6d0-48ca-b0f5-0b9338ce6af6","source":"75090bca-7a0a-448d-9e40-daea4c7af64a","target":"229fea87-bdaa-42b1-8c2e-86f0110444e9","agreement":false,"isActive":true,"date":1702310004283,"kind":"Connector","isSelected":false,"intensity":9,"isDeletable":false,"isOver":false,"isBidirectional":false,"eventLog":[{"time":1702310004283,"type":"create connection"},{"time":1702310199417,"type":"selected","value":1},{"time":1702310206098,"type":"change intensity of connector","value":-9},{"time":1702310206098,"type":"selected","value":0}]},{"id":"e744a198-4a2e-40c4-acd9-628725b2c580","source":"75090bca-7a0a-448d-9e40-daea4c7af64a","target":"919ad52f-4476-4c84-b07c-cec3692907d9","agreement":true,"isActive":true,"date":1702310004284,"kind":"Connector","isSelected":false,"intensity":9,"isDeletable":true,"isOver":false,"isBidirectional":false,"eventLog":[{"time":1702310004284,"type":"create connection"},{"time":1702310206877,"type":"selected","value":1},{"time":1702310209023,"type":"change intensity of connector","value":9},{"time":1702310209023,"type":"selected","value":0}]},{"id":"506f4e99-5509-4eab-86a3-d4d8d72aad2e","source":"5e840141-d036-48b7-b5f6-a6b6449eb400","target":"919ad52f-4476-4c84-b07c-cec3692907d9","agreement":true,"isActive":true,"date":1702310073662,"kind":"Connector","isSelected":false,"intensity":3,"isDeletable":true,"isOver":false,"isBidirectional":false,"eventLog":[{"time":1702310073662,"type":"create connection"}]},{"id":"ec6047e9-4fee-4112-878a-6f5896d9c5ee","source":"bb0e4907-8567-470d-8118-47f2f2fb0b78","target":"919ad52f-4476-4c84-b07c-cec3692907d9","agreement":true,"isActive":true,"date":1702310089960,"kind":"Connector","isSelected":false,"intensity":3,"isDeletable":true,"isOver":false,"isBidirectional":false,"eventLog":[{"time":1702310089960,"type":"create connection"}]},{"id":"c10de75a-f12d-4527-ac59-fda3aad0a277","source":"33f26fd9-a138-4801-9390-ccd28f3398e6","target":"919ad52f-4476-4c84-b07c-cec3692907d9","agreement":true,"isActive":true,"date":1702310103590,"kind":"Connector","isSelected":false,"intensity":3,"isDeletable":true,"isOver":false,"isBidirectional":false,"eventLog":[{"time":1702310103590,"type":"create connection"}]},{"id":"36c75401-fc09-4456-983b-59e3f1517ed6","source":"a2e3e7ea-959e-4845-a194-e2fad3db8a22","target":"229fea87-bdaa-42b1-8c2e-86f0110444e9","agreement":true,"isActive":true,"date":1702310197695,"kind":"Connector","isSelected":false,"intensity":3,"isDeletable":true,"isOver":false,"isBidirectional":false,"eventLog":[{"time":1702310197695,"type":"create connection"}]},{"id":"2f97cadf-a3d3-4e65-b9a5-c76cab11b9f9","source":"e199ce6a-b342-4bd4-90d3-bd5e2d7f459b","target":"229fea87-bdaa-42b1-8c2e-86f0110444e9","agreement":true,"isActive":true,"date":1702310255023,"kind":"Connector","isSelected":false,"intensity":3,"isDeletable":true,"isOver":false,"isBidirectional":false,"eventLog":[{"time":1702310255023,"type":"create connection"}]},{"id":"ed971d37-3f07-44f2-bfed-44feefda63ea","source":"e199ce6a-b342-4bd4-90d3-bd5e2d7f459b","target":"8e34295d-7b8e-4988-90ba-5273aeed5e1b","agreement":true,"isActive":true,"date":1702310283531,"kind":"Connector","isSelected":false,"intensity":3,"isDeletable":true,"isOver":false,"isBidirectional":false,"eventLog":[{"time":1702310283531,"type":"create connection"}]},{"id":"47799023-8f72-4b7e-b02d-e0d32a11eda5","source":"e199ce6a-b342-4bd4-90d3-bd5e2d7f459b","target":"f4e8455a-e888-4c2a-8cb3-947a58eed08d","agreement":true,"isActive":true,"date":1702310322094,"kind":"Connector","isSelected":false,"intensity":3,"isDeletable":true,"isOver":false,"isBidirectional":false,"eventLog":[{"time":1702310322094,"type":"create connection"}]},{"id":"1c0dbbd8-1ffb-4b40-843d-145c3fe972fe","source":"8e34295d-7b8e-4988-90ba-5273aeed5e1b","target":"f4e8455a-e888-4c2a-8cb3-947a58eed08d","agreement":true,"isActive":true,"date":1702310323556,"kind":"Connector","isSelected":false,"intensity":3,"isDeletable":true,"isOver":false,"isBidirectional":false,"eventLog":[{"time":1702310323556,"type":"create connection"}]},{"id":"8323643d-965b-485f-b650-bf03180472bf","source":"919ad52f-4476-4c84-b07c-cec3692907d9","target":"a34b1f8d-b2d0-4423-907b-687c78a226b4","agreement":true,"isActive":true,"date":1702310366982,"kind":"Connector","isSelected":false,"intensity":3,"isDeletable":true,"isOver":false,"isBidirectional":false,"eventLog":[{"time":1702310366982,"type":"create connection"}]},{"id":"2b435454-5ab9-4f46-8074-72870ed177b6","source":"821c1ab5-4390-4dcf-ae12-730aaa8f0da5","target":"a34b1f8d-b2d0-4423-907b-687c78a226b4","agreement":true,"isActive":true,"date":1702310380639,"kind":"Connector","isSelected":false,"intensity":3,"isDeletable":true,"isOver":false,"isBidirectional":false,"eventLog":[{"time":1702310380639,"type":"create connection"}]},{"id":"d56b2c55-1153-496d-ac13-56f9b21dd848","source":"b3912568-2f88-44da-916c-36bc45a5bb63","target":"a34b1f8d-b2d0-4423-907b-687c78a226b4","agreement":true,"isActive":true,"date":1702310394532,"kind":"Connector","isSelected":false,"intensity":3,"isDeletable":true,"isOver":false,"isBidirectional":false,"eventLog":[{"time":1702310394532,"type":"create connection"}]}],"currentID":{},"currentNode":{},"hasSelectedNode":[false],"currentConnector":{},"hasSelectedConnector":[false],"readyToMove":[false],"isIncoming":[false],"hasElementMoved":[false]}
