{"idCAM":["443d63c6-beda-47f0-ad96-3f7c91a37e61"],"creator":["6516f474d21c67a9a5bbb712_post"],"projectCAM":["S2_CAM part 2"],"defocusCAM":[],"date":[1702310577630],"nodes":[{"id":"1ed932df-bd53-4806-8771-edab955169d9","value":10,"text":"rescue robot","comment":"","position":{"x":650,"y":400},"isActive":true,"date":1702310578540,"kind":"Node","isSelected":false,"isConnectorSelected":false,"isDraggable":0,"isDeletable":0,"hasElementMoved":false,"eventLog":[{"time":1702310578540,"type":"create node","value":10}],"isTextChangeable":0},{"id":"69ab9bac-fd7b-4f07-bb1e-a09bdd78bd46","value":-2,"text":"disadvantages","comment":"","position":{"x":450,"y":400},"isActive":true,"date":1702310578540,"kind":"Node","isSelected":false,"isConnectorSelected":false,"isDraggable":0,"isDeletable":0,"hasElementMoved":false,"eventLog":[{"time":1702310578540,"type":"create node","value":-2}],"isTextChangeable":0},{"id":"bca49cd7-9742-4872-bcd5-f3643dbe28b4","value":3,"text":"advantages","comment":"","position":{"x":850,"y":400},"isActive":true,"date":1702310578541,"kind":"Node","isSelected":false,"isConnectorSelected":false,"isDraggable":0,"isDeletable":0,"hasElementMoved":false,"eventLog":[{"time":1702310578541,"type":"create node","value":3}],"isTextChangeable":0},{"id":"3efdfcad-a31f-45f3-b0ce-a6e795ec8f77","value":3,"text":"precise work","comment":"","position":{"x":931,"y":279},"isActive":true,"date":1702310578541,"kind":"Node","isSelected":false,"isConnectorSelected":false,"isDraggable":1,"isDeletable":1,"hasElementMoved":false,"eventLog":[{"time":1702310578541,"type":"create node","value":3}],"isTextChangeable":1},{"id":"bee3fbc4-cbf9-4813-a19c-1fbbc83aa09c","value":3,"text":"human rescue","comment":"","position":{"x":1005,"y":386},"isActive":true,"date":1702310578541,"kind":"Node","isSelected":false,"isConnectorSelected":false,"isDraggable":1,"isDeletable":1,"hasElementMoved":false,"eventLog":[{"time":1702310578541,"type":"create node","value":3}],"isTextChangeable":1},{"id":"1eca7df9-da77-4ba3-ac56-9a8211a967e7","value":3,"text":"emergency supply","comment":"","position":{"x":935,"y":485},"isActive":true,"date":1702310578541,"kind":"Node","isSelected":false,"isConnectorSelected":false,"isDraggable":1,"isDeletable":1,"hasElementMoved":false,"eventLog":[{"time":1702310578541,"type":"create node","value":3}],"isTextChangeable":1},{"id":"95733805-be9a-4796-a9ae-f63517d8e338","value":-1,"text":"discriminatory behavior","comment":"","position":{"x":365,"y":289},"isActive":true,"date":1702310578541,"kind":"Node","isSelected":false,"isConnectorSelected":false,"isDraggable":1,"isDeletable":1,"hasElementMoved":false,"eventLog":[{"time":1702310578541,"type":"create node","value":-1}],"isTextChangeable":1},{"id":"fc437b90-753b-4cc9-8c89-b7fa3fb3b432","value":-3,"text":"abuse","comment":"","position":{"x":282,"y":402},"isActive":true,"date":1702310578541,"kind":"Node","isSelected":false,"isConnectorSelected":false,"isDraggable":1,"isDeletable":1,"hasElementMoved":false,"eventLog":[{"time":1702310578541,"type":"create node","value":-3}],"isTextChangeable":1},{"id":"7bb5ce88-44c1-4cfb-85c4-0cfcd98dbd9f","value":-3,"text":"war mongering","comment":"","position":{"x":134,"y":456},"isActive":true,"date":1702310578541,"kind":"Node","isSelected":false,"isConnectorSelected":false,"isDraggable":1,"isDeletable":1,"hasElementMoved":false,"eventLog":[{"time":1702310578541,"type":"create node","value":-3}],"isTextChangeable":1},{"id":"5cd1f557-5aaa-4180-913f-8e6a26bae429","value":-3,"text":"robots as combat weapons","comment":"","position":{"x":266,"y":522},"isActive":true,"date":1702310578541,"kind":"Node","isSelected":false,"isConnectorSelected":false,"isDraggable":1,"isDeletable":1,"hasElementMoved":false,"eventLog":[{"time":1702310578541,"type":"create node","value":-3}],"isTextChangeable":1},{"id":"9f58a99e-138d-4bd3-99a2-b0666a298b9c","value":3,"text":"territorial development","comment":"","position":{"x":759,"y":498},"isActive":true,"date":1702310578541,"kind":"Node","isSelected":false,"isConnectorSelected":false,"isDraggable":1,"isDeletable":1,"hasElementMoved":false,"eventLog":[{"time":1702310578541,"type":"create node","value":3}],"isTextChangeable":1},{"id":"8ea3fdb6-7228-444b-9e92-ad940a2b36f2","value":-3,"text":"contaminated areas","comment":"","position":{"x":813,"y":564},"isActive":true,"date":1702310578541,"kind":"Node","isSelected":false,"isConnectorSelected":false,"isDraggable":1,"isDeletable":1,"hasElementMoved":false,"eventLog":[{"time":"1702310578541","type":"create node","value":[-3]},{"time":"2023-12-11T16:06:06.138Z","type":"position","value":{"x":[815],"y":[592]}},{"time":"2023-12-11T16:06:12.172Z","type":"position","value":{"x":[908],"y":[658]}}],"isTextChangeable":1},{"id":"ae97d694-4213-4eb7-b696-8573e4a70f28","value":3,"text":"draw maps","comment":"","position":{"x":669,"y":577},"isActive":true,"date":1702310578541,"kind":"Node","isSelected":false,"isConnectorSelected":false,"isDraggable":1,"isDeletable":1,"hasElementMoved":false,"eventLog":[{"time":1702310578541,"type":"create node","value":3}],"isTextChangeable":1},{"id":"309cf7dc-75e9-451a-9384-17db17d1c54c","value":10,"text":"soft robot","comment":"","position":{"x":646,"y":104},"isActive":true,"date":1702310578542,"kind":"Node","isSelected":false,"isConnectorSelected":false,"isDraggable":1,"isDeletable":1,"hasElementMoved":false,"eventLog":[{"time":"1702310578542","type":"create node","value":[0]},{"time":"2023-12-11T16:03:01.988Z","type":"position","value":{"x":[1274],"y":[483]}},{"time":"2023-12-11T16:03:02.587Z","type":"position","value":{"x":[1192],"y":[319]}},{"time":"2023-12-11T16:03:02.873Z","type":"position","value":{"x":[1119],"y":[259]}},{"time":"2023-12-11T16:03:02.983Z","type":"position","value":{"x":[941],"y":[230]}},{"time":"2023-12-11T16:03:06.050Z","type":"position","value":{"x":[790],"y":[249]}},{"time":"2023-12-11T16:03:07.150Z","type":"position","value":{"x":[634],"y":[232]}},{"time":"2023-12-11T16:03:08.587Z","type":"position","value":{"x":[641],"y":[160]}},{"time":"1702310590107","type":"selected","value":[true]},{"time":"1702310590507","type":"selected","value":[false]},{"time":"1702310591555","type":"selected","value":[true]},{"time":"1702310598810","type":"text","value":["Soft Roboter"]},{"time":"1702310598810","type":"selected","value":[false]},{"time":"2023-12-11T16:03:19.598Z","type":"position","value":{"x":[627],"y":[116]}},{"time":"1702310600742","type":"selected","value":[true]},{"time":"1702310602383","type":"value","value":[10]},{"time":"1702310602383","type":"selected","value":[false]}],"isTextChangeable":1},{"id":"bf50cdb9-65bb-413b-ac6f-f8221dd286bd","value":-3,"text":"damages","comment":"Because of the soft material","position":{"x":362,"y":108},"isActive":true,"date":1702310679568,"kind":"Node","isSelected":false,"isConnectorSelected":false,"isDraggable":1,"isDeletable":1,"hasElementMoved":false,"eventLog":[{"time":"1702310679568","type":"create node","value":[0]},{"time":"1702310679624","type":"selected","value":[true]},{"time":"1702310695013","type":"text","value":["Beschädigungen"]},{"time":"1702310695013","type":"value","value":[-3]},{"time":"1702310695013","type":"selected","value":[false]},{"time":"2023-12-11T16:04:55.596Z","type":"position","value":{"x":[862],"y":[111]}},{"time":"2023-12-11T16:04:55.712Z","type":"position","value":{"x":[691],"y":[163]}},{"time":"2023-12-11T16:04:55.844Z","type":"position","value":{"x":[533],"y":[217]}},{"time":"2023-12-11T16:04:56.011Z","type":"position","value":{"x":[382],"y":[199]}},{"time":"2023-12-11T16:04:56.378Z","type":"position","value":{"x":[230],"y":[193]}},{"time":"2023-12-11T16:04:57.945Z","type":"position","value":{"x":[397],"y":[116]}},{"time":"1702310700727","type":"selected","value":[true]},{"time":"1702310711213","type":"comment","value":["Aufgrund des weichen Materials"]},{"time":"1702310711213","type":"selected","value":[false]}],"isTextChangeable":1},{"id":"7dfd78ee-08b7-478a-a0ba-dc17b1920981","value":-3,"text":"inaccessible areas","comment":"","position":{"x":745,"y":716},"isActive":true,"date":1702310748599,"kind":"Node","isSelected":false,"isConnectorSelected":false,"isDraggable":1,"isDeletable":1,"hasElementMoved":false,"eventLog":[{"time":"1702310748599","type":"create node","value":[0]},{"time":"1702310748693","type":"selected","value":[true]},{"time":"1702310760834","type":"text","value":["Unzugängliche Bereiche"]},{"time":"1702310760834","type":"value","value":[-3]},{"time":"1702310760834","type":"selected","value":[false]},{"time":"2023-12-11T16:06:02.393Z","type":"position","value":{"x":[745],"y":[688]}}],"isTextChangeable":1}],"connectors":[{"id":"0e1dbef6-c4e4-47d9-a0a3-7382f98931e3","source":"1ed932df-bd53-4806-8771-edab955169d9","target":"69ab9bac-fd7b-4f07-bb1e-a09bdd78bd46","agreement":false,"isActive":true,"date":1702310578542,"kind":"Connector","isSelected":false,"intensity":9,"isDeletable":false,"isOver":false,"isBidirectional":false,"eventLog":[{"time":1702310578542,"type":"create connection"}]},{"id":"d28c9d60-44d2-4c40-9a7f-b607b8fecb07","source":"1ed932df-bd53-4806-8771-edab955169d9","target":"bca49cd7-9742-4872-bcd5-f3643dbe28b4","agreement":true,"isActive":true,"date":1702310578543,"kind":"Connector","isSelected":false,"intensity":9,"isDeletable":true,"isOver":false,"isBidirectional":false,"eventLog":[{"time":1702310578543,"type":"create connection"}]},{"id":"e84e2aa9-39c9-404f-874c-d86123dc09ab","source":"3efdfcad-a31f-45f3-b0ce-a6e795ec8f77","target":"bca49cd7-9742-4872-bcd5-f3643dbe28b4","agreement":true,"isActive":true,"date":1702310578543,"kind":"Connector","isSelected":false,"intensity":3,"isDeletable":true,"isOver":false,"isBidirectional":false,"eventLog":[{"time":1702310578543,"type":"create connection"}]},{"id":"1d90ba39-2837-4b82-a257-6a2a9fd8e1b4","source":"bee3fbc4-cbf9-4813-a19c-1fbbc83aa09c","target":"bca49cd7-9742-4872-bcd5-f3643dbe28b4","agreement":true,"isActive":true,"date":1702310578543,"kind":"Connector","isSelected":false,"intensity":3,"isDeletable":true,"isOver":false,"isBidirectional":false,"eventLog":[{"time":1702310578543,"type":"create connection"}]},{"id":"95803dfd-f4c4-4de7-b8ee-be9f81a3d7f4","source":"1eca7df9-da77-4ba3-ac56-9a8211a967e7","target":"bca49cd7-9742-4872-bcd5-f3643dbe28b4","agreement":true,"isActive":true,"date":1702310578543,"kind":"Connector","isSelected":false,"intensity":3,"isDeletable":true,"isOver":false,"isBidirectional":false,"eventLog":[{"time":1702310578543,"type":"create connection"}]},{"id":"b672f91d-5bbf-449a-bc4f-d3245bcd33fd","source":"95733805-be9a-4796-a9ae-f63517d8e338","target":"69ab9bac-fd7b-4f07-bb1e-a09bdd78bd46","agreement":true,"isActive":true,"date":1702310578543,"kind":"Connector","isSelected":false,"intensity":3,"isDeletable":true,"isOver":false,"isBidirectional":false,"eventLog":[{"time":1702310578543,"type":"create connection"}]},{"id":"6591a0f8-eea2-462b-825f-56e45d55bf50","source":"fc437b90-753b-4cc9-8c89-b7fa3fb3b432","target":"69ab9bac-fd7b-4f07-bb1e-a09bdd78bd46","agreement":true,"isActive":true,"date":1702310578544,"kind":"Connector","isSelected":false,"intensity":3,"isDeletable":true,"isOver":false,"isBidirectional":false,"eventLog":[{"time":1702310578544,"type":"create connection"}]},{"id":"c6842275-b1b0-49aa-a899-58509b16cef0","source":"fc437b90-753b-4cc9-8c89-b7fa3fb3b432","target":"7bb5ce88-44c1-4cfb-85c4-0cfcd98dbd9f","agreement":true,"isActive":true,"date":1702310578544,"kind":"Connector","isSelected":false,"intensity":3,"isDeletable":true,"isOver":false,"isBidirectional":false,"eventLog":[{"time":1702310578544,"type":"create connection"}]},{"id":"3214ce3a-474a-4759-9377-ebf35cba97f2","source":"fc437b90-753b-4cc9-8c89-b7fa3fb3b432","target":"5cd1f557-5aaa-4180-913f-8e6a26bae429","agreement":true,"isActive":true,"date":1702310578544,"kind":"Connector","isSelected":false,"intensity":3,"isDeletable":true,"isOver":false,"isBidirectional":false,"eventLog":[{"time":1702310578544,"type":"create connection"}]},{"id":"4f441786-ea68-492e-ab5f-4a2713fb7491","source":"7bb5ce88-44c1-4cfb-85c4-0cfcd98dbd9f","target":"5cd1f557-5aaa-4180-913f-8e6a26bae429","agreement":true,"isActive":true,"date":1702310578544,"kind":"Connector","isSelected":false,"intensity":3,"isDeletable":true,"isOver":false,"isBidirectional":false,"eventLog":[{"time":1702310578544,"type":"create connection"}]},{"id":"55064680-1d88-4a45-981a-98993d55f93f","source":"bca49cd7-9742-4872-bcd5-f3643dbe28b4","target":"9f58a99e-138d-4bd3-99a2-b0666a298b9c","agreement":true,"isActive":true,"date":1702310578545,"kind":"Connector","isSelected":false,"intensity":3,"isDeletable":true,"isOver":false,"isBidirectional":false,"eventLog":[{"time":1702310578545,"type":"create connection"}]},{"id":"5f7e31c2-98c1-4b52-b8f6-d5adbaa48432","source":"8ea3fdb6-7228-444b-9e92-ad940a2b36f2","target":"9f58a99e-138d-4bd3-99a2-b0666a298b9c","agreement":true,"isActive":true,"date":1702310578545,"kind":"Connector","isSelected":false,"intensity":3,"isDeletable":true,"isOver":false,"isBidirectional":false,"eventLog":[{"time":1702310578545,"type":"create connection"}]},{"id":"b7846220-bb18-4c68-9d2e-8b9081ec2c9a","source":"ae97d694-4213-4eb7-b696-8573e4a70f28","target":"9f58a99e-138d-4bd3-99a2-b0666a298b9c","agreement":true,"isActive":true,"date":1702310578545,"kind":"Connector","isSelected":false,"intensity":3,"isDeletable":true,"isOver":false,"isBidirectional":false,"eventLog":[{"time":1702310578545,"type":"create connection"}]},{"id":"b0769fa4-6b1b-4e1f-b271-5781377f874c","source":"309cf7dc-75e9-451a-9384-17db17d1c54c","target":"1ed932df-bd53-4806-8771-edab955169d9","agreement":true,"isActive":true,"date":1702310604047,"kind":"Connector","isSelected":false,"intensity":3,"isDeletable":true,"isOver":false,"isBidirectional":false,"eventLog":[{"time":1702310604047,"type":"create connection"}]},{"id":"87754a48-9309-47db-8cfe-88288ce25c76","source":"309cf7dc-75e9-451a-9384-17db17d1c54c","target":"3efdfcad-a31f-45f3-b0ce-a6e795ec8f77","agreement":true,"isActive":false,"date":1702310612229,"kind":"Connector","isSelected":false,"intensity":3,"isDeletable":true,"isOver":false,"isBidirectional":false,"eventLog":[{"time":1702310612229,"type":"create connection"},{"time":1702310625414,"type":"selected","value":1},{"time":1702310626669,"type":"connector was deleted","value":-99},{"time":1702310626669,"type":"active","value":0}]},{"id":"1fa4cb5a-6a51-4d15-bbca-adeadea5fc75","source":"309cf7dc-75e9-451a-9384-17db17d1c54c","target":"bee3fbc4-cbf9-4813-a19c-1fbbc83aa09c","agreement":true,"isActive":false,"date":1702310614045,"kind":"Connector","isSelected":false,"intensity":3,"isDeletable":true,"isOver":false,"isBidirectional":false,"eventLog":[{"time":1702310614045,"type":"create connection"},{"time":1702310627507,"type":"selected","value":1},{"time":1702310628605,"type":"connector was deleted","value":-99},{"time":1702310628605,"type":"active","value":0}]},{"id":"852faab5-4a1c-49a7-91cd-9b98dce6b20c","source":"309cf7dc-75e9-451a-9384-17db17d1c54c","target":"bca49cd7-9742-4872-bcd5-f3643dbe28b4","agreement":true,"isActive":true,"date":1702310631715,"kind":"Connector","isSelected":false,"intensity":9,"isDeletable":true,"isOver":false,"isBidirectional":false,"eventLog":[{"time":1702310631715,"type":"create connection"},{"time":1702310723189,"type":"selected","value":1},{"time":1702310724962,"type":"change intensity of connector","value":9},{"time":1702310724962,"type":"selected","value":0}]},{"id":"e2f16f86-d477-40e8-9118-cc5799b0394a","source":"309cf7dc-75e9-451a-9384-17db17d1c54c","target":"69ab9bac-fd7b-4f07-bb1e-a09bdd78bd46","agreement":false,"isActive":true,"date":1702310633556,"kind":"Connector","isSelected":false,"intensity":9,"isDeletable":true,"isOver":false,"isBidirectional":false,"eventLog":[{"time":1702310633556,"type":"create connection"},{"time":1702310720783,"type":"selected","value":1},{"time":1702310722144,"type":"change intensity of connector","value":-9},{"time":1702310722144,"type":"selected","value":0}]},{"id":"4cb6cdbd-0a52-43d9-9200-a760de70f0d8","source":"bf50cdb9-65bb-413b-ac6f-f8221dd286bd","target":"309cf7dc-75e9-451a-9384-17db17d1c54c","agreement":false,"isActive":true,"date":1702310715276,"kind":"Connector","isSelected":false,"intensity":9,"isDeletable":true,"isOver":false,"isBidirectional":false,"eventLog":[{"time":1702310715276,"type":"create connection"},{"time":1702310717820,"type":"selected","value":1},{"time":1702310719773,"type":"change intensity of connector","value":-9},{"time":1702310719773,"type":"selected","value":0}]},{"id":"c4d36019-15d6-4779-86c0-55566fef134c","source":"9f58a99e-138d-4bd3-99a2-b0666a298b9c","target":"7dfd78ee-08b7-478a-a0ba-dc17b1920981","agreement":true,"isActive":true,"date":1702310761846,"kind":"Connector","isSelected":false,"intensity":3,"isDeletable":true,"isOver":false,"isBidirectional":false,"eventLog":[{"time":1702310761846,"type":"create connection"}]},{"id":"121703c7-cb53-4aa5-8a0f-c858f3e4b698","source":"1eca7df9-da77-4ba3-ac56-9a8211a967e7","target":"7dfd78ee-08b7-478a-a0ba-dc17b1920981","agreement":true,"isActive":true,"date":1702310763847,"kind":"Connector","isSelected":false,"intensity":3,"isDeletable":true,"isOver":false,"isBidirectional":false,"eventLog":[{"time":1702310763847,"type":"create connection"}]}],"currentID":{},"currentNode":{},"hasSelectedNode":[false],"currentConnector":{},"hasSelectedConnector":[false],"readyToMove":[false],"isIncoming":[false],"hasElementMoved":[false]}
