{"idCAM":["e3458515-c043-4d7e-a116-b870590110cb"],"creator":["6516d321ac5a66a7aef87507_pre"],"projectCAM":["S2_CAM part 1"],"defocusCAM":[619.1,104065.9],"date":[1702309790163],"nodes":[{"id":"7538deb5-aa8d-44f1-9b2a-58f854667775","value":0,"text":"rescue robot","comment":"","position":{"x":650,"y":400},"isActive":true,"date":1702309791062,"kind":"Node","isSelected":false,"isConnectorSelected":false,"isDraggable":0,"isDeletable":0,"hasElementMoved":false,"eventLog":[{"time":1702309791062,"type":"create node","value":0}],"isTextChangeable":0},{"id":"96f9814d-1124-4cd1-bcdf-6a2b0c651bd8","value":0,"text":"disadvantages","comment":"","position":{"x":450,"y":400},"isActive":true,"date":1702309791062,"kind":"Node","isSelected":false,"isConnectorSelected":false,"isDraggable":0,"isDeletable":0,"hasElementMoved":false,"eventLog":[{"time":1702309791062,"type":"create node","value":0}],"isTextChangeable":0},{"id":"5673d4a2-6187-4913-aa46-de9327f765ed","value":0,"text":"advantages","comment":"","position":{"x":850,"y":400},"isActive":true,"date":1702309791062,"kind":"Node","isSelected":false,"isConnectorSelected":false,"isDraggable":0,"isDeletable":0,"hasElementMoved":false,"eventLog":[{"time":1702309791062,"type":"create node","value":0}],"isTextChangeable":0},{"id":"45fb2dfc-06d0-44eb-a543-c8bc94fd3a84","value":0,"text":"","comment":"","position":{"x":767,"y":514},"isActive":false,"date":1702309842944,"kind":"Node","isSelected":false,"isConnectorSelected":false,"isDraggable":1,"isDeletable":1,"hasElementMoved":false,"eventLog":[{"time":1702309842944,"type":"create node","value":0},{"time":1702309843001,"type":"selected","value":1},{"time":1702309846403,"type":"node was deleted","value":-99}],"isTextChangeable":1},{"id":"61030fe2-f6b6-4b85-ad1c-158bb1a05a26","value":3,"text":"fast reaction time","comment":"","position":{"x":1020,"y":196},"isActive":true,"date":1702309974672,"kind":"Node","isSelected":false,"isConnectorSelected":false,"isDraggable":1,"isDeletable":1,"hasElementMoved":false,"eventLog":[{"time":"1702309974672","type":"create node","value":[0]},{"time":"2023-12-11T15:52:56.467Z","type":"position","value":{"x":[480],"y":[523]}},{"time":"2023-12-11T15:52:56.594Z","type":"position","value":{"x":[638],"y":[538]}},{"time":"2023-12-11T15:52:56.667Z","type":"position","value":{"x":[790],"y":[546]}},{"time":"2023-12-11T15:52:56.800Z","type":"position","value":{"x":[941],"y":[540]}},{"time":"1702309978373","type":"selected","value":[true]},{"time":"1702310010588","type":"text","value":["schnelle reaktionzeit"]},{"time":"1702310010588","type":"value","value":[3]},{"time":"1702310010588","type":"selected","value":[false]},{"time":"2023-12-11T15:53:31.754Z","type":"position","value":{"x":[1036],"y":[506]}},{"time":"2023-12-11T15:53:31.909Z","type":"position","value":{"x":[1081],"y":[342]}}],"isTextChangeable":1},{"id":"24a38454-3427-4e7a-8f8d-38948146b096","value":3,"text":"human security","comment":"from the rescue service","position":{"x":1081,"y":294},"isActive":true,"date":1702310014301,"kind":"Node","isSelected":false,"isConnectorSelected":false,"isDraggable":1,"isDeletable":1,"hasElementMoved":false,"eventLog":[{"time":"1702310014301","type":"create node","value":[0]},{"time":"1702310014397","type":"selected","value":[true]},{"time":"1702310030502","type":"text","value":["menschliche sicherheit"]},{"time":"1702310030502","type":"value","value":[3]},{"time":"1702310030502","type":"selected","value":[false]},{"time":"2023-12-11T15:53:51.228Z","type":"position","value":{"x":[1060],"y":[325]}},{"time":"1702310034169","type":"selected","value":[true]},{"time":"1702310043785","type":"comment","value":["vom rettungsdienst"]},{"time":"1702310043785","type":"selected","value":[false]}],"isTextChangeable":1},{"id":"17545b64-3134-4358-837e-2d0655814b55","value":1,"text":"can be remote controlled","comment":"","position":{"x":1017,"y":513},"isActive":true,"date":1702310065902,"kind":"Node","isSelected":false,"isConnectorSelected":false,"isDraggable":1,"isDeletable":1,"hasElementMoved":false,"eventLog":[{"time":1702310065902,"type":"create node","value":"0"},{"time":1702310066362,"type":"selected","value":"TRUE"},{"time":1702310066765,"type":"selected","value":"FALSE"},{"time":1702310067562,"type":"selected","value":"TRUE"},{"time":1702310086136,"type":"text","value":"kann fernbedient werden"},{"time":1702310086136,"type":"value","value":"1"},{"time":1702310086136,"type":"selected","value":"FALSE"}],"isTextChangeable":1},{"id":"6691e85e-0fb5-498d-b15d-9db75c7d6bd7","value":2,"text":"weather independence","comment":"","position":{"x":833,"y":165},"isActive":true,"date":1702310120746,"kind":"Node","isSelected":false,"isConnectorSelected":false,"isDraggable":1,"isDeletable":1,"hasElementMoved":false,"eventLog":[{"time":1702310120746,"type":"create node","value":"0"},{"time":1702310120824,"type":"selected","value":"TRUE"},{"time":1702310141283,"type":"text","value":"wetterunabhaegigkeit"},{"time":1702310141283,"type":"selected","value":"FALSE"},{"time":1702310144350,"type":"selected","value":"TRUE"},{"time":1702310147480,"type":"value","value":"2"},{"time":1702310147480,"type":"selected","value":"FALSE"}],"isTextChangeable":1},{"id":"b1ae0281-bd54-4c8a-bd2f-bc934f9f0807","value":-2,"text":"expensive","comment":"","position":{"x":351,"y":221},"isActive":true,"date":1702310155170,"kind":"Node","isSelected":false,"isConnectorSelected":false,"isDraggable":1,"isDeletable":1,"hasElementMoved":false,"eventLog":[{"time":1702310155170,"type":"create node","value":"0"},{"time":1702310155244,"type":"selected","value":"TRUE"},{"time":1702310166807,"type":"text","value":"teuer"},{"time":1702310166807,"type":"value","value":"-2"},{"time":1702310166807,"type":"selected","value":"FALSE"}],"isTextChangeable":1},{"id":"c19f47ed-92a3-409b-aa66-c17e74a79da2","value":-2,"text":"technology dependency","comment":"","position":{"x":186,"y":308},"isActive":true,"date":1702310173019,"kind":"Node","isSelected":false,"isConnectorSelected":false,"isDraggable":1,"isDeletable":1,"hasElementMoved":false,"eventLog":[{"time":1702310173019,"type":"create node","value":"0"},{"time":1702310173103,"type":"selected","value":"TRUE"},{"time":1702310314627,"type":"text","value":"technolgy abhaenigkeit"},{"time":1702310314627,"type":"value","value":"-2"},{"time":1702310314627,"type":"selected","value":"FALSE"}],"isTextChangeable":1},{"id":"0534eb3e-4007-462d-9e0b-2afec05df18c","value":3,"text":"no training necessary","comment":"","position":{"x":877,"y":583},"isActive":true,"date":1702310333204,"kind":"Node","isSelected":false,"isConnectorSelected":false,"isDraggable":1,"isDeletable":1,"hasElementMoved":false,"eventLog":[{"time":1702310333204,"type":"create node","value":"0"},{"time":1702310333262,"type":"selected","value":"TRUE"},{"time":1702310348063,"type":"text","value":"kein training noetig"},{"time":1702310348063,"type":"selected","value":"FALSE"},{"time":1702310361135,"type":"selected","value":"TRUE"},{"time":1702310376301,"type":"value","value":"3"},{"time":1702310376301,"type":"selected","value":"FALSE"}],"isTextChangeable":1},{"id":"4a5bd38d-f5db-45a6-bf1b-8607948920b9","value":0,"text":"","comment":"","position":{"x":926,"y":558},"isActive":false,"date":1702310350767,"kind":"Node","isSelected":false,"isConnectorSelected":false,"isDraggable":1,"isDeletable":1,"hasElementMoved":false,"eventLog":[{"time":1702310350767,"type":"create node","value":0},{"time":1702310358491,"type":"selected","value":1},{"time":1702310360062,"type":"node was deleted","value":-99}],"isTextChangeable":1},{"id":"888f239f-e6a0-4d75-823c-be24ba184272","value":-2,"text":"development costs","comment":"","position":{"x":396,"y":106},"isActive":true,"date":1702310424749,"kind":"Node","isSelected":false,"isConnectorSelected":false,"isDraggable":1,"isDeletable":1,"hasElementMoved":false,"eventLog":[{"time":1702310424749,"type":"create node","value":"0"},{"time":1702310424819,"type":"selected","value":"TRUE"},{"time":1702310451579,"type":"text","value":"entwicklungskosten"},{"time":1702310451579,"type":"value","value":"-2"},{"time":1702310451579,"type":"selected","value":"FALSE"}],"isTextChangeable":1},{"id":"cf668250-91a1-49b5-91ce-c163ffd26bda","value":-1,"text":"no human empathy","comment":"","position":{"x":183,"y":487},"isActive":true,"date":1702310463150,"kind":"Node","isSelected":false,"isConnectorSelected":false,"isDraggable":1,"isDeletable":1,"hasElementMoved":false,"eventLog":[{"time":1702310463150,"type":"create node","value":"0"},{"time":1702310463231,"type":"selected","value":"TRUE"},{"time":1702310478107,"type":"text","value":"keine menschliche empathie"},{"time":1702310478107,"type":"value","value":"-1"},{"time":1702310478107,"type":"selected","value":"FALSE"}],"isTextChangeable":1},{"id":"95533763-4279-4633-927c-55952471109b","value":-1,"text":"job loss","comment":"","position":{"x":338,"y":551},"isActive":true,"date":1702310488641,"kind":"Node","isSelected":false,"isConnectorSelected":false,"isDraggable":1,"isDeletable":1,"hasElementMoved":false,"eventLog":[{"time":1702310488641,"type":"create node","value":"0"},{"time":1702310488723,"type":"selected","value":"TRUE"},{"time":1702310498385,"type":"text","value":"arbeitsplatz verlust"},{"time":1702310498385,"type":"value","value":"-1"},{"time":1702310498385,"type":"selected","value":"FALSE"}],"isTextChangeable":1},{"id":"2d0b389c-e65f-40ff-aaac-83391de8f24a","value":1,"text":"multifunctional","comment":"","position":{"x":1109,"y":645},"isActive":true,"date":1702310509758,"kind":"Node","isSelected":false,"isConnectorSelected":false,"isDraggable":1,"isDeletable":1,"hasElementMoved":false,"eventLog":[{"time":"1702310509758","type":"create node","value":[0]},{"time":"1702310510869","type":"selected","value":[true]},{"time":"1702310530493","type":"text","value":["multi funktiontsfaehig"]},{"time":"1702310530493","type":"value","value":[1]},{"time":"1702310530493","type":"selected","value":[false]},{"time":"2023-12-11T16:02:13.363Z","type":"position","value":{"x":[1095],"y":[420]}},{"time":"2023-12-11T16:02:13.567Z","type":"position","value":{"x":[1116],"y":[582]}}],"isTextChangeable":1},{"id":"351b4cd8-1e0e-4cf9-a084-71b6bf501361","value":-3,"text":"battery failure/broken","comment":"","position":{"x":467,"y":663},"isActive":true,"date":1702310534340,"kind":"Node","isSelected":false,"isConnectorSelected":false,"isDraggable":1,"isDeletable":1,"hasElementMoved":false,"eventLog":[{"time":"1702310534340","type":"create node","value":[0]},{"time":"2023-12-11T16:02:15.286Z","type":"position","value":{"x":[1084],"y":[605]}},{"time":"2023-12-11T16:02:24.162Z","type":"position","value":{"x":[1160],"y":[536]}},{"time":"2023-12-11T16:02:28.654Z","type":"position","value":{"x":[1167],"y":[461]}},{"time":"2023-12-11T16:02:28.732Z","type":"position","value":{"x":[950],"y":[497]}},{"time":"2023-12-11T16:02:28.765Z","type":"position","value":{"x":[668],"y":[514]}},{"time":"2023-12-11T16:02:28.799Z","type":"position","value":{"x":[414],"y":[527]}},{"time":"2023-12-11T16:02:28.882Z","type":"position","value":{"x":[259],"y":[545]}},{"time":"2023-12-11T16:02:28.965Z","type":"position","value":{"x":[70],"y":[583]}},{"time":"2023-12-11T16:02:29.066Z","type":"position","value":{"x":[27],"y":[613]}},{"time":"1702310550317","type":"selected","value":[true]},{"time":"1702310573648","type":"text","value":["battery ausfall/kaputt"]},{"time":"1702310573648","type":"value","value":[-3]},{"time":"1702310573648","type":"selected","value":[false]},{"time":"2023-12-11T16:02:56.277Z","type":"position","value":{"x":[220],"y":[687]}},{"time":"2023-12-11T16:02:56.577Z","type":"position","value":{"x":[378],"y":[660]}}],"isTextChangeable":1},{"id":"fd39b714-5357-49a7-8a52-d02c14507524","value":-2,"text":"internet dependent","comment":"","position":{"x":92,"y":379},"isActive":true,"date":1702310684151,"kind":"Node","isSelected":false,"isConnectorSelected":false,"isDraggable":1,"isDeletable":1,"hasElementMoved":false,"eventLog":[{"time":"1702310684151","type":"create node","value":[0]},{"time":"1702310684225","type":"selected","value":[true]},{"time":"1702310695961","type":"text","value":["internet"]},{"time":"1702310695961","type":"selected","value":[false]},{"time":"1702310697283","type":"selected","value":[true]},{"time":"1702310710544","type":"text","value":["internet abhaengig"]},{"time":"1702310710544","type":"value","value":[-2]},{"time":"1702310710544","type":"selected","value":[false]},{"time":"2023-12-11T16:05:14.376Z","type":"position","value":{"x":[146],"y":[696]}},{"time":"2023-12-11T16:05:14.448Z","type":"position","value":{"x":[110],"y":[546]}},{"time":"2023-12-11T16:05:14.532Z","type":"position","value":{"x":[69],"y":[387]}}],"isTextChangeable":1},{"id":"7f4aa89a-a163-481c-b3a5-1b7e0060f1ec","value":0,"text":"","comment":"","position":{"x":1195,"y":256},"isActive":true,"date":1702310724636,"kind":"Node","isSelected":false,"isConnectorSelected":false,"isDraggable":1,"isDeletable":1,"hasElementMoved":false,"eventLog":[{"time":1702310724636,"type":"create node","value":0}],"isTextChangeable":1},{"id":"6b382d91-5cf7-41df-bd15-02eef2ad87a9","value":0,"text":"","comment":"","position":{"x":1176,"y":408},"isActive":true,"date":1702310725458,"kind":"Node","isSelected":false,"isConnectorSelected":false,"isDraggable":1,"isDeletable":1,"hasElementMoved":false,"eventLog":[{"time":1702310725458,"type":"create node","value":0}],"isTextChangeable":1}],"connectors":[{"id":"f22aec03-4034-4748-b5ab-b76c10a6c2b4","source":"7538deb5-aa8d-44f1-9b2a-58f854667775","target":"96f9814d-1124-4cd1-bcdf-6a2b0c651bd8","agreement":true,"isActive":true,"date":1702309791062,"kind":"Connector","isSelected":false,"intensity":3,"isDeletable":false,"isOver":false,"isBidirectional":false,"eventLog":[{"time":1702309791062,"type":"create connection"}]},{"id":"a8703001-cf39-42dc-9672-0a068ae3eea1","source":"7538deb5-aa8d-44f1-9b2a-58f854667775","target":"5673d4a2-6187-4913-aa46-de9327f765ed","agreement":true,"isActive":true,"date":1702309791062,"kind":"Connector","isSelected":false,"intensity":3,"isDeletable":true,"isOver":false,"isBidirectional":false,"eventLog":[{"time":1702309791062,"type":"create connection"}]},{"id":"3566ca2d-60de-4f87-b58c-928cf6de806e","source":"61030fe2-f6b6-4b85-ad1c-158bb1a05a26","target":"5673d4a2-6187-4913-aa46-de9327f765ed","agreement":true,"isActive":true,"date":1702310013346,"kind":"Connector","isSelected":false,"intensity":3,"isDeletable":true,"isOver":false,"isBidirectional":false,"eventLog":[{"time":1702310013346,"type":"create connection"}]},{"id":"3fba8672-c645-4eff-bdb1-983a55cdbbdd","source":"24a38454-3427-4e7a-8f8d-38948146b096","target":"5673d4a2-6187-4913-aa46-de9327f765ed","agreement":true,"isActive":true,"date":1702310033164,"kind":"Connector","isSelected":false,"intensity":3,"isDeletable":true,"isOver":false,"isBidirectional":false,"eventLog":[{"time":1702310033164,"type":"create connection"}]},{"id":"eedb8988-5b89-4ac0-b232-eaf10794862f","source":"17545b64-3134-4358-837e-2d0655814b55","target":"5673d4a2-6187-4913-aa46-de9327f765ed","agreement":true,"isActive":true,"date":1702310087320,"kind":"Connector","isSelected":false,"intensity":3,"isDeletable":true,"isOver":false,"isBidirectional":false,"eventLog":[{"time":1702310087320,"type":"create connection"}]},{"id":"e4cf261c-0132-4ac7-ac88-6f918b9771d6","source":"6691e85e-0fb5-498d-b15d-9db75c7d6bd7","target":"5673d4a2-6187-4913-aa46-de9327f765ed","agreement":true,"isActive":true,"date":1702310143356,"kind":"Connector","isSelected":false,"intensity":3,"isDeletable":true,"isOver":false,"isBidirectional":false,"eventLog":[{"time":1702310143356,"type":"create connection"}]},{"id":"db4c2f14-2ab6-4c79-b6f9-0f3ff7d416fa","source":"b1ae0281-bd54-4c8a-bd2f-bc934f9f0807","target":"96f9814d-1124-4cd1-bcdf-6a2b0c651bd8","agreement":true,"isActive":true,"date":1702310168302,"kind":"Connector","isSelected":false,"intensity":3,"isDeletable":true,"isOver":false,"isBidirectional":false,"eventLog":[{"time":1702310168302,"type":"create connection"}]},{"id":"32104d07-87e6-4311-9ba5-24f444f0022a","source":"c19f47ed-92a3-409b-aa66-c17e74a79da2","target":"96f9814d-1124-4cd1-bcdf-6a2b0c651bd8","agreement":true,"isActive":true,"date":1702310315827,"kind":"Connector","isSelected":false,"intensity":3,"isDeletable":true,"isOver":false,"isBidirectional":false,"eventLog":[{"time":1702310315827,"type":"create connection"}]},{"id":"dd8fc059-aa11-4b6b-96b3-9984108d1ffc","source":"0534eb3e-4007-462d-9e0b-2afec05df18c","target":"5673d4a2-6187-4913-aa46-de9327f765ed","agreement":true,"isActive":true,"date":1702310349900,"kind":"Connector","isSelected":false,"intensity":3,"isDeletable":true,"isOver":false,"isBidirectional":false,"eventLog":[{"time":1702310349900,"type":"create connection"}]},{"id":"e82fe30a-0b70-4064-851d-350d95b97cb8","source":"888f239f-e6a0-4d75-823c-be24ba184272","target":"b1ae0281-bd54-4c8a-bd2f-bc934f9f0807","agreement":true,"isActive":true,"date":1702310452841,"kind":"Connector","isSelected":false,"intensity":3,"isDeletable":true,"isOver":false,"isBidirectional":false,"eventLog":[{"time":1702310452841,"type":"create connection"}]},{"id":"079f3206-27b9-4492-9cbf-cc3f45b68a8a","source":"cf668250-91a1-49b5-91ce-c163ffd26bda","target":"96f9814d-1124-4cd1-bcdf-6a2b0c651bd8","agreement":true,"isActive":true,"date":1702310479241,"kind":"Connector","isSelected":false,"intensity":3,"isDeletable":true,"isOver":false,"isBidirectional":false,"eventLog":[{"time":1702310479241,"type":"create connection"}]},{"id":"8f7202f8-66f3-487e-ab6c-47434746dbe9","source":"95533763-4279-4633-927c-55952471109b","target":"96f9814d-1124-4cd1-bcdf-6a2b0c651bd8","agreement":true,"isActive":true,"date":1702310499533,"kind":"Connector","isSelected":false,"intensity":3,"isDeletable":true,"isOver":false,"isBidirectional":false,"eventLog":[{"time":1702310499533,"type":"create connection"}]},{"id":"9202eb4f-0726-48dc-8161-077318e4c825","source":"2d0b389c-e65f-40ff-aaac-83391de8f24a","target":"0534eb3e-4007-462d-9e0b-2afec05df18c","agreement":true,"isActive":true,"date":1702310537835,"kind":"Connector","isSelected":false,"intensity":3,"isDeletable":true,"isOver":false,"isBidirectional":false,"eventLog":[{"time":1702310537835,"type":"create connection"}]},{"id":"51388e59-f014-4755-8f5e-d261d21447fd","source":"351b4cd8-1e0e-4cf9-a084-71b6bf501361","target":"96f9814d-1124-4cd1-bcdf-6a2b0c651bd8","agreement":true,"isActive":true,"date":1702310575438,"kind":"Connector","isSelected":false,"intensity":3,"isDeletable":true,"isOver":false,"isBidirectional":false,"eventLog":[{"time":1702310575438,"type":"create connection"}]},{"id":"af1b5ce5-6d3a-4c91-8640-25de7ee9064f","source":"fd39b714-5357-49a7-8a52-d02c14507524","target":"c19f47ed-92a3-409b-aa66-c17e74a79da2","agreement":true,"isActive":true,"date":1702310713501,"kind":"Connector","isSelected":false,"intensity":3,"isDeletable":true,"isOver":false,"isBidirectional":false,"eventLog":[{"time":1702310713501,"type":"create connection"}]}],"currentID":{},"currentNode":{},"hasSelectedNode":[false],"currentConnector":{},"hasSelectedConnector":[false],"readyToMove":[false],"isIncoming":[false],"hasElementMoved":[false]}
