{"idCAM":["8707353a-d1a2-4197-9a50-7e161f4f127d"],"creator":["65170df8def70fb50be8068e_post"],"projectCAM":["S2_CAM part 2"],"defocusCAM":[3052.8],"date":[1702310909078],"nodes":[{"id":"ae00797d-90bb-4715-a23f-2339bd0ef927","value":0,"text":"social assistance robot","comment":"","position":{"x":650,"y":400},"isActive":true,"date":1702310909952,"kind":"Node","isSelected":false,"isConnectorSelected":false,"isDraggable":0,"isDeletable":0,"hasElementMoved":false,"eventLog":[{"time":1702310909952,"type":"create node","value":0}],"isTextChangeable":0},{"id":"2e49e67b-2480-4153-a279-4c1286b8990e","value":0,"text":"disadvantages","comment":"","position":{"x":450,"y":400},"isActive":true,"date":1702310909952,"kind":"Node","isSelected":false,"isConnectorSelected":false,"isDraggable":0,"isDeletable":0,"hasElementMoved":false,"eventLog":[{"time":1702310909952,"type":"create node","value":0}],"isTextChangeable":0},{"id":"78b8e9e0-7f06-4754-9500-3bec53c8eab0","value":0,"text":"advantages","comment":"","position":{"x":850,"y":400},"isActive":true,"date":1702310909952,"kind":"Node","isSelected":false,"isConnectorSelected":false,"isDraggable":0,"isDeletable":0,"hasElementMoved":false,"eventLog":[{"time":1702310909952,"type":"create node","value":0}],"isTextChangeable":0},{"id":"c55cec57-ff62-4727-8bf6-eae99ce54d0c","value":1,"text":"natural interactions","comment":"human-like movements and reactions","position":{"x":1108.4,"y":399.6},"isActive":true,"date":1702310909952,"kind":"Node","isSelected":false,"isConnectorSelected":false,"isDraggable":1,"isDeletable":1,"hasElementMoved":false,"eventLog":[{"time":1702310909952,"type":"create node","value":"1"},{"time":1702310990246,"type":"selected","value":"TRUE"},{"time":1702311046226,"type":"text","value":"natürliche Interaktionen"},{"time":1702311046226,"type":"comment","value":"menschenähnliche Bewegungen und Reaktionen"},{"time":1702311046226,"type":"selected","value":"FALSE"}],"isTextChangeable":1},{"id":"7f688c2c-5037-4aff-99ed-3bdf31e8e366","value":2,"text":"for autistic people","comment":"","position":{"x":805.4,"y":229.6},"isActive":true,"date":1702310909952,"kind":"Node","isSelected":false,"isConnectorSelected":false,"isDraggable":1,"isDeletable":1,"hasElementMoved":false,"eventLog":[{"time":"1702310909952","type":"create node","value":[2]},{"time":"2023-12-11T16:09:33.113Z","type":"position","value":{"x":[949.4],"y":[238.6]}},{"time":"2023-12-11T16:09:33.408Z","type":"position","value":{"x":[799.4],"y":[253.6]}}],"isTextChangeable":1},{"id":"f60c90af-da75-495e-9a47-a33ab9b67744","value":1,"text":"companion for disabled","comment":"","position":{"x":944.4,"y":566.6},"isActive":true,"date":1702310909952,"kind":"Node","isSelected":false,"isConnectorSelected":false,"isDraggable":1,"isDeletable":1,"hasElementMoved":false,"eventLog":[{"time":1702310909952,"type":"create node","value":1}],"isTextChangeable":1},{"id":"c5b3ad46-6026-41f0-addf-d1555357b0ef","value":-2,"text":"undesired emotional relationships","comment":"","position":{"x":318.4,"y":209.6},"isActive":true,"date":1702310909953,"kind":"Node","isSelected":false,"isConnectorSelected":false,"isDraggable":1,"isDeletable":1,"hasElementMoved":false,"eventLog":[{"time":1702310909953,"type":"create node","value":-2}],"isTextChangeable":1},{"id":"7a8a0afa-c192-4cb1-9166-6a7653456b0b","value":2,"text":"improving emotion recognition","comment":"","position":{"x":829.4,"y":80.6},"isActive":true,"date":1702310909953,"kind":"Node","isSelected":false,"isConnectorSelected":false,"isDraggable":1,"isDeletable":1,"hasElementMoved":false,"eventLog":[{"time":1702310909953,"type":"create node","value":2}],"isTextChangeable":1},{"id":"a39c730d-c733-476b-be45-15740431efbd","value":-2,"text":"restriction on interactions","comment":"Limitation of participation in interactions","position":{"x":297.4,"y":590.6},"isActive":true,"date":1702310909953,"kind":"Node","isSelected":false,"isConnectorSelected":false,"isDraggable":1,"isDeletable":1,"hasElementMoved":false,"eventLog":[{"time":1702310909953,"type":"create node","value":"-2"},{"time":1702311069067,"type":"selected","value":"TRUE"},{"time":1702311128557,"type":"text","value":"Einschränkung an Interaktionen"},{"time":1702311128557,"type":"comment","value":"Einschränkung der Beteiligung an Interaktionen"},{"time":1702311128557,"type":"selected","value":"FALSE"}],"isTextChangeable":1},{"id":"5fc76969-1f53-4484-8e31-5579df24a8c1","value":1,"text":"close emotional relationships","comment":"","position":{"x":1161.4,"y":578.6},"isActive":true,"date":1702310909953,"kind":"Node","isSelected":false,"isConnectorSelected":false,"isDraggable":1,"isDeletable":1,"hasElementMoved":false,"eventLog":[{"time":1702310909953,"type":"create node","value":1}],"isTextChangeable":1},{"id":"68771bb1-4d87-40d7-9f79-0372023e8184","value":-1,"text":"no real relationships","comment":"","position":{"x":135.4,"y":168.6},"isActive":true,"date":1702310909953,"kind":"Node","isSelected":false,"isConnectorSelected":false,"isDraggable":1,"isDeletable":1,"hasElementMoved":false,"eventLog":[{"time":1702310909953,"type":"create node","value":-1}],"isTextChangeable":1},{"id":"bfc4c04b-8f0e-49ad-8141-c0712c408fac","value":1,"text":"lower risk of injury","comment":"due to their softness","position":{"x":1144.4,"y":176.6},"isActive":true,"date":1702310921618,"kind":"Node","isSelected":false,"isConnectorSelected":false,"isDraggable":1,"isDeletable":1,"hasElementMoved":false,"eventLog":[{"time":1702310921618,"type":"create node","value":"0"},{"time":1702310921698,"type":"selected","value":"TRUE"},{"time":1702310959095,"type":"text","value":"geringeres Verlettzungsrisiko"},{"time":1702310959095,"type":"comment","value":"aufgrund ihrer Weichheit"},{"time":1702310959095,"type":"selected","value":"FALSE"},{"time":1702310960171,"type":"selected","value":"TRUE"},{"time":1702310962761,"type":"value","value":"1"},{"time":1702310962761,"type":"selected","value":"FALSE"}],"isTextChangeable":1}],"connectors":[{"id":"99d43e09-e5f5-455d-a2ef-2f5961595ede","source":"ae00797d-90bb-4715-a23f-2339bd0ef927","target":"2e49e67b-2480-4153-a279-4c1286b8990e","agreement":true,"isActive":true,"date":1702310909953,"kind":"Connector","isSelected":false,"intensity":3,"isDeletable":false,"isOver":false,"isBidirectional":false,"eventLog":[{"time":1702310909953,"type":"create connection"}]},{"id":"039b00ef-656d-4ee6-8575-b8394058936a","source":"ae00797d-90bb-4715-a23f-2339bd0ef927","target":"78b8e9e0-7f06-4754-9500-3bec53c8eab0","agreement":true,"isActive":true,"date":1702310909953,"kind":"Connector","isSelected":false,"intensity":3,"isDeletable":true,"isOver":false,"isBidirectional":false,"eventLog":[{"time":1702310909953,"type":"create connection"}]},{"id":"ce859c69-573b-4d67-9fcd-15e87e171b88","source":"c55cec57-ff62-4727-8bf6-eae99ce54d0c","target":"78b8e9e0-7f06-4754-9500-3bec53c8eab0","agreement":true,"isActive":true,"date":1702310909953,"kind":"Connector","isSelected":false,"intensity":6,"isDeletable":true,"isOver":false,"isBidirectional":false,"eventLog":[{"time":1702310909953,"type":"create connection"}]},{"id":"94fb6c5c-14bd-47e5-b6d6-fca26f7de878","source":"7f688c2c-5037-4aff-99ed-3bdf31e8e366","target":"78b8e9e0-7f06-4754-9500-3bec53c8eab0","agreement":true,"isActive":true,"date":1702310909953,"kind":"Connector","isSelected":false,"intensity":6,"isDeletable":true,"isOver":false,"isBidirectional":false,"eventLog":[{"time":1702310909953,"type":"create connection"}]},{"id":"ba307b17-d309-4522-876c-0a9dc97d7e48","source":"7a8a0afa-c192-4cb1-9166-6a7653456b0b","target":"7f688c2c-5037-4aff-99ed-3bdf31e8e366","agreement":true,"isActive":true,"date":1702310909953,"kind":"Connector","isSelected":false,"intensity":6,"isDeletable":true,"isOver":false,"isBidirectional":false,"eventLog":[{"time":1702310909953,"type":"create connection"}]},{"id":"1942c930-360d-477e-acec-b09c391b0677","source":"c5b3ad46-6026-41f0-addf-d1555357b0ef","target":"2e49e67b-2480-4153-a279-4c1286b8990e","agreement":true,"isActive":true,"date":1702310909953,"kind":"Connector","isSelected":false,"intensity":6,"isDeletable":true,"isOver":false,"isBidirectional":false,"eventLog":[{"time":1702310909953,"type":"create connection"}]},{"id":"00fa6cf3-d1b3-4d1e-8d88-4bc85f03273d","source":"a39c730d-c733-476b-be45-15740431efbd","target":"2e49e67b-2480-4153-a279-4c1286b8990e","agreement":true,"isActive":true,"date":1702310909954,"kind":"Connector","isSelected":false,"intensity":6,"isDeletable":true,"isOver":false,"isBidirectional":false,"eventLog":[{"time":1702310909954,"type":"create connection"}]},{"id":"0f48a022-1761-428f-b7b4-b3f4c45f6c99","source":"78b8e9e0-7f06-4754-9500-3bec53c8eab0","target":"f60c90af-da75-495e-9a47-a33ab9b67744","agreement":true,"isActive":true,"date":1702310909954,"kind":"Connector","isSelected":false,"intensity":3,"isDeletable":true,"isOver":false,"isBidirectional":false,"eventLog":[{"time":1702310909954,"type":"create connection"}]},{"id":"c6368357-c1f6-4eb0-9a63-e4b63c490163","source":"68771bb1-4d87-40d7-9f79-0372023e8184","target":"c5b3ad46-6026-41f0-addf-d1555357b0ef","agreement":true,"isActive":true,"date":1702310909954,"kind":"Connector","isSelected":false,"intensity":3,"isDeletable":true,"isOver":false,"isBidirectional":false,"eventLog":[{"time":1702310909954,"type":"create connection"}]},{"id":"d186bfdb-fdd4-4176-83ae-d925e5ba7c1a","source":"c55cec57-ff62-4727-8bf6-eae99ce54d0c","target":"5fc76969-1f53-4484-8e31-5579df24a8c1","agreement":true,"isActive":true,"date":1702310909954,"kind":"Connector","isSelected":false,"intensity":3,"isDeletable":true,"isOver":false,"isBidirectional":false,"eventLog":[{"time":1702310909954,"type":"create connection"}]},{"id":"8521b95f-9285-45f0-835c-f0195a83093a","source":"78b8e9e0-7f06-4754-9500-3bec53c8eab0","target":"bfc4c04b-8f0e-49ad-8141-c0712c408fac","agreement":true,"isActive":true,"date":1702310964166,"kind":"Connector","isSelected":false,"intensity":3,"isDeletable":true,"isOver":false,"isBidirectional":false,"eventLog":[{"time":1702310964166,"type":"create connection"}]}],"currentID":{},"currentNode":{},"hasSelectedNode":[false],"currentConnector":{},"hasSelectedConnector":[false],"readyToMove":[false],"isIncoming":[false],"hasElementMoved":[false]}
