{"idCAM":["c0f85d2d-bccf-41e9-a7f3-b4f10663af4c"],"creator":["6517283ed2294dbc8561979d_post"],"projectCAM":["S2_CAM part 2"],"defocusCAM":[],"date":[1702310700748],"nodes":[{"id":"038612dc-60a2-4a11-9c8f-5ebab203d695","value":0,"text":"rescue robot","comment":"","position":{"x":650,"y":400},"isActive":true,"date":1702310701642,"kind":"Node","isSelected":false,"isConnectorSelected":false,"isDraggable":0,"isDeletable":0,"hasElementMoved":false,"eventLog":[{"time":1702310701642,"type":"create node","value":0}],"isTextChangeable":0},{"id":"527510af-1ad6-413e-b472-59ca0c17b2e0","value":0,"text":"disadvantages","comment":"","position":{"x":450,"y":400},"isActive":true,"date":1702310701642,"kind":"Node","isSelected":false,"isConnectorSelected":false,"isDraggable":0,"isDeletable":0,"hasElementMoved":false,"eventLog":[{"time":1702310701642,"type":"create node","value":0}],"isTextChangeable":0},{"id":"869ea656-2e76-41bb-8dcd-20e17a2d7ad3","value":0,"text":"advantages","comment":"","position":{"x":850,"y":400},"isActive":true,"date":1702310701642,"kind":"Node","isSelected":false,"isConnectorSelected":false,"isDraggable":0,"isDeletable":0,"hasElementMoved":false,"eventLog":[{"time":1702310701642,"type":"create node","value":0}],"isTextChangeable":0},{"id":"1422bc04-fa33-4eae-b5c8-af83bbcfaed5","value":3,"text":"reaching remote places","comment":"","position":{"x":990,"y":194},"isActive":true,"date":1702310701642,"kind":"Node","isSelected":false,"isConnectorSelected":false,"isDraggable":1,"isDeletable":1,"hasElementMoved":false,"eventLog":[{"time":"1702310701642","type":"create node","value":[3]},{"time":"2023-12-11T16:05:09.789Z","type":"position","value":{"x":[973],"y":[236]}}],"isTextChangeable":1},{"id":"001568e0-0d8c-4828-8e11-969b16a992e0","value":3,"text":"precision","comment":"","position":{"x":989,"y":321},"isActive":true,"date":1702310701642,"kind":"Node","isSelected":false,"isConnectorSelected":false,"isDraggable":1,"isDeletable":1,"hasElementMoved":false,"eventLog":[{"time":1702310701642,"type":"create node","value":3}],"isTextChangeable":1},{"id":"80fb1f11-02a7-4dc8-949d-b724d0535095","value":2,"text":"emotionless","comment":"","position":{"x":1047,"y":395},"isActive":true,"date":1702310701642,"kind":"Node","isSelected":false,"isConnectorSelected":false,"isDraggable":1,"isDeletable":1,"hasElementMoved":false,"eventLog":[{"time":1702310701642,"type":"create node","value":2}],"isTextChangeable":1},{"id":"52062042-d548-4295-aafe-88ea1521fd3e","value":3,"text":"effective","comment":"","position":{"x":1013,"y":469},"isActive":true,"date":1702310701642,"kind":"Node","isSelected":false,"isConnectorSelected":false,"isDraggable":1,"isDeletable":1,"hasElementMoved":false,"eventLog":[{"time":1702310701642,"type":"create node","value":3}],"isTextChangeable":1},{"id":"69bbf47f-1078-4d60-aed8-8837841c1212","value":-1,"text":"AI controlled","comment":"","position":{"x":274,"y":221},"isActive":true,"date":1702310701642,"kind":"Node","isSelected":false,"isConnectorSelected":false,"isDraggable":1,"isDeletable":1,"hasElementMoved":false,"eventLog":[{"time":1702310701642,"type":"create node","value":-3},{"time":1702310714523,"type":"selected","value":1},{"time":1702310716959,"type":"value","value":-1},{"time":1702310716959,"type":"selected","value":0}],"isTextChangeable":1},{"id":"b5f8bf16-949c-48af-b3fb-96a7ba2a8b04","value":-3,"text":"without responsibility","comment":"","position":{"x":278,"y":509},"isActive":true,"date":1702310701643,"kind":"Node","isSelected":false,"isConnectorSelected":false,"isDraggable":1,"isDeletable":1,"hasElementMoved":false,"eventLog":[{"time":1702310701643,"type":"create node","value":-3}],"isTextChangeable":1},{"id":"8081a6ca-b798-4b13-b6fe-6c62deadb9ba","value":3,"text":"human-controlled","comment":"","position":{"x":1004,"y":553},"isActive":true,"date":1702310701643,"kind":"Node","isSelected":false,"isConnectorSelected":false,"isDraggable":1,"isDeletable":1,"hasElementMoved":false,"eventLog":[{"time":1702310701643,"type":"create node","value":3}],"isTextChangeable":1},{"id":"5b988819-8018-4946-8a7d-cb776d3f7038","value":-2,"text":"abuse potential","comment":"","position":{"x":260,"y":410},"isActive":true,"date":1702310701643,"kind":"Node","isSelected":false,"isConnectorSelected":false,"isDraggable":1,"isDeletable":1,"hasElementMoved":false,"eventLog":[{"time":1702310701643,"type":"create node","value":-2}],"isTextChangeable":1},{"id":"e1fa7273-de60-4253-83d0-8b483ab9b30b","value":-2,"text":"error-prone","comment":"","position":{"x":239,"y":322},"isActive":true,"date":1702310701643,"kind":"Node","isSelected":false,"isConnectorSelected":false,"isDraggable":1,"isDeletable":1,"hasElementMoved":false,"eventLog":[{"time":1702310701643,"type":"create node","value":-2}],"isTextChangeable":1},{"id":"d6a431a5-32c2-41eb-80af-b1dd3260993b","value":-1,"text":"vulnerable to hacking","comment":"","position":{"x":357,"y":552},"isActive":true,"date":1702310701643,"kind":"Node","isSelected":false,"isConnectorSelected":false,"isDraggable":1,"isDeletable":1,"hasElementMoved":false,"eventLog":[{"time":1702310701643,"type":"create node","value":-1}],"isTextChangeable":1}],"connectors":[{"id":"95835079-5abd-40eb-99b5-dd7bb63c1405","source":"038612dc-60a2-4a11-9c8f-5ebab203d695","target":"527510af-1ad6-413e-b472-59ca0c17b2e0","agreement":true,"isActive":true,"date":1702310701643,"kind":"Connector","isSelected":false,"intensity":3,"isDeletable":false,"isOver":false,"isBidirectional":false,"eventLog":[{"time":1702310701643,"type":"create connection"}]},{"id":"0db031cc-dc5a-41e7-bb03-d9e77df768d7","source":"038612dc-60a2-4a11-9c8f-5ebab203d695","target":"869ea656-2e76-41bb-8dcd-20e17a2d7ad3","agreement":true,"isActive":true,"date":1702310701643,"kind":"Connector","isSelected":false,"intensity":3,"isDeletable":true,"isOver":false,"isBidirectional":false,"eventLog":[{"time":1702310701643,"type":"create connection"}]},{"id":"c1587162-701d-409f-aac3-423df1cf6a8a","source":"527510af-1ad6-413e-b472-59ca0c17b2e0","target":"869ea656-2e76-41bb-8dcd-20e17a2d7ad3","agreement":true,"isActive":true,"date":1702310701643,"kind":"Connector","isSelected":false,"intensity":3,"isDeletable":true,"isOver":false,"isBidirectional":false,"eventLog":[{"time":1702310701643,"type":"create connection"}]},{"id":"0e5d87d6-d9fa-4d46-9045-1834254c1870","source":"527510af-1ad6-413e-b472-59ca0c17b2e0","target":"69bbf47f-1078-4d60-aed8-8837841c1212","agreement":true,"isActive":true,"date":1702310701643,"kind":"Connector","isSelected":false,"intensity":3,"isDeletable":true,"isOver":false,"isBidirectional":false,"eventLog":[{"time":1702310701643,"type":"create connection"}]},{"id":"c101b584-aaa1-4246-96e7-c4623bbabb08","source":"69bbf47f-1078-4d60-aed8-8837841c1212","target":"8081a6ca-b798-4b13-b6fe-6c62deadb9ba","agreement":true,"isActive":true,"date":1702310701643,"kind":"Connector","isSelected":false,"intensity":3,"isDeletable":true,"isOver":false,"isBidirectional":false,"eventLog":[{"time":1702310701643,"type":"create connection"}]},{"id":"1277b990-b5fc-49f6-bdf5-704df98d6f2c","source":"52062042-d548-4295-aafe-88ea1521fd3e","target":"869ea656-2e76-41bb-8dcd-20e17a2d7ad3","agreement":true,"isActive":true,"date":1702310701643,"kind":"Connector","isSelected":false,"intensity":3,"isDeletable":true,"isOver":false,"isBidirectional":false,"eventLog":[{"time":1702310701643,"type":"create connection"}]},{"id":"54c5639c-ee09-4afc-9f69-f2466dcefe43","source":"869ea656-2e76-41bb-8dcd-20e17a2d7ad3","target":"001568e0-0d8c-4828-8e11-969b16a992e0","agreement":true,"isActive":true,"date":1702310701644,"kind":"Connector","isSelected":false,"intensity":3,"isDeletable":true,"isOver":false,"isBidirectional":false,"eventLog":[{"time":1702310701644,"type":"create connection"}]},{"id":"baf8318c-4cff-4038-b0f1-97e5fabcd84e","source":"869ea656-2e76-41bb-8dcd-20e17a2d7ad3","target":"1422bc04-fa33-4eae-b5c8-af83bbcfaed5","agreement":true,"isActive":true,"date":1702310701644,"kind":"Connector","isSelected":false,"intensity":3,"isDeletable":true,"isOver":false,"isBidirectional":false,"eventLog":[{"time":1702310701644,"type":"create connection"}]},{"id":"55ea15aa-16cd-45ca-b461-21ae58c2ff5d","source":"5b988819-8018-4946-8a7d-cb776d3f7038","target":"527510af-1ad6-413e-b472-59ca0c17b2e0","agreement":true,"isActive":true,"date":1702310701644,"kind":"Connector","isSelected":false,"intensity":3,"isDeletable":true,"isOver":false,"isBidirectional":false,"eventLog":[{"time":1702310701644,"type":"create connection"}]},{"id":"92fcf489-1446-4749-807c-647e9c960209","source":"b5f8bf16-949c-48af-b3fb-96a7ba2a8b04","target":"527510af-1ad6-413e-b472-59ca0c17b2e0","agreement":true,"isActive":true,"date":1702310701644,"kind":"Connector","isSelected":false,"intensity":3,"isDeletable":true,"isOver":false,"isBidirectional":false,"eventLog":[{"time":1702310701644,"type":"create connection"}]},{"id":"26bd314a-fab3-453d-96f5-af24629d9e2e","source":"80fb1f11-02a7-4dc8-949d-b724d0535095","target":"869ea656-2e76-41bb-8dcd-20e17a2d7ad3","agreement":true,"isActive":true,"date":1702310701644,"kind":"Connector","isSelected":false,"intensity":3,"isDeletable":true,"isOver":false,"isBidirectional":false,"eventLog":[{"time":1702310701644,"type":"create connection"}]},{"id":"34d2f330-3aeb-44a8-b21b-685b2e44022c","source":"527510af-1ad6-413e-b472-59ca0c17b2e0","target":"e1fa7273-de60-4253-83d0-8b483ab9b30b","agreement":true,"isActive":true,"date":1702310701644,"kind":"Connector","isSelected":false,"intensity":3,"isDeletable":true,"isOver":false,"isBidirectional":false,"eventLog":[{"time":1702310701644,"type":"create connection"}]},{"id":"4a72b4bc-5e52-4ab0-8021-cd5e8e41d356","source":"527510af-1ad6-413e-b472-59ca0c17b2e0","target":"d6a431a5-32c2-41eb-80af-b1dd3260993b","agreement":true,"isActive":true,"date":1702310701644,"kind":"Connector","isSelected":false,"intensity":3,"isDeletable":true,"isOver":false,"isBidirectional":false,"eventLog":[{"time":1702310701644,"type":"create connection"}]}],"currentID":{},"currentNode":{},"hasSelectedNode":[false],"currentConnector":{},"hasSelectedConnector":[false],"readyToMove":[false],"isIncoming":[false],"hasElementMoved":[false]}
