{"idCAM":["b7b62b80-acaf-47d7-9bdd-8dd1b7f3bee9"],"creator":["651758fd2a0e6965260a89fc_post"],"projectCAM":["S2_CAM part 2"],"defocusCAM":[null],"date":[1702311783353],"nodes":[{"id":"dffaeecf-cdf2-4139-9d93-a194150e2240","value":3,"text":"social assistance robot","comment":"","position":{"x":650,"y":400},"isActive":true,"date":1702311784248,"kind":"Node","isSelected":false,"isConnectorSelected":false,"isDraggable":0,"isDeletable":0,"hasElementMoved":false,"eventLog":[{"time":1702311784248,"type":"create node","value":3}],"isTextChangeable":0},{"id":"0498ce67-7d64-4ac1-ad6a-cb9a1c8cf22f","value":0,"text":"disadvantages","comment":"","position":{"x":450,"y":400},"isActive":true,"date":1702311784248,"kind":"Node","isSelected":false,"isConnectorSelected":false,"isDraggable":0,"isDeletable":0,"hasElementMoved":false,"eventLog":[{"time":1702311784248,"type":"create node","value":0}],"isTextChangeable":0},{"id":"b9316493-2839-45b8-91e8-10ac3cfac919","value":0,"text":"advantages","comment":"","position":{"x":850,"y":400},"isActive":true,"date":1702311784248,"kind":"Node","isSelected":false,"isConnectorSelected":true,"isDraggable":0,"isDeletable":0,"hasElementMoved":false,"eventLog":[{"time":1702311784248,"type":"create node","value":0}],"isTextChangeable":0},{"id":"cba42db5-785f-4f19-8d3d-9a23f1792969","value":3,"text":"social interaction","comment":"","position":{"x":985,"y":328.3333},"isActive":true,"date":1702311784248,"kind":"Node","isSelected":false,"isConnectorSelected":false,"isDraggable":1,"isDeletable":1,"hasElementMoved":false,"eventLog":[{"time":1702311784248,"type":"create node","value":3}],"isTextChangeable":1},{"id":"9d62a0ce-07a6-4869-9419-e12c8c9862cc","value":2,"text":"online networking","comment":"","position":{"x":1043,"y":402.3333},"isActive":true,"date":1702311784248,"kind":"Node","isSelected":false,"isConnectorSelected":false,"isDraggable":1,"isDeletable":1,"hasElementMoved":false,"eventLog":[{"time":1702311784248,"type":"create node","value":2}],"isTextChangeable":1},{"id":"3cb779f9-b108-43a7-859e-dd69c9649cb9","value":3,"text":"relief of care","comment":"","position":{"x":977,"y":473.3333},"isActive":true,"date":1702311784248,"kind":"Node","isSelected":false,"isConnectorSelected":false,"isDraggable":1,"isDeletable":1,"hasElementMoved":false,"eventLog":[{"time":1702311784248,"type":"create node","value":3}],"isTextChangeable":1},{"id":"36b54987-c0da-4479-b713-4be7025725a6","value":1,"text":"improved diagnostic possibilities","comment":"","position":{"x":884,"y":513.3333},"isActive":true,"date":1702311784248,"kind":"Node","isSelected":false,"isConnectorSelected":false,"isDraggable":1,"isDeletable":1,"hasElementMoved":false,"eventLog":[{"time":1702311784249,"type":"create node","value":1}],"isTextChangeable":1},{"id":"bcf4d3af-53e1-4b39-b957-89b9aa85d96a","value":-3,"text":"too much trust","comment":"","position":{"x":357,"y":306.3333},"isActive":true,"date":1702311784249,"kind":"Node","isSelected":false,"isConnectorSelected":false,"isDraggable":1,"isDeletable":1,"hasElementMoved":false,"eventLog":[{"time":1702311784249,"type":"create node","value":-3}],"isTextChangeable":1},{"id":"bf6024ba-b050-4924-8348-26767959feac","value":3,"text":"health monitoring","comment":"","position":{"x":891,"y":272.3333},"isActive":true,"date":1702311784249,"kind":"Node","isSelected":false,"isConnectorSelected":false,"isDraggable":1,"isDeletable":1,"hasElementMoved":false,"eventLog":[{"time":1702311784249,"type":"create node","value":3}],"isTextChangeable":1},{"id":"07ead1ad-8495-4598-8fcf-94ee46c03b89","value":-3,"text":"further isolation","comment":"","position":{"x":321,"y":384.3333},"isActive":true,"date":1702311784249,"kind":"Node","isSelected":false,"isConnectorSelected":false,"isDraggable":1,"isDeletable":1,"hasElementMoved":false,"eventLog":[{"time":1702311784249,"type":"create node","value":-3}],"isTextChangeable":1},{"id":"503b48a1-1bfb-4336-ab9a-ed890341dacd","value":2,"text":"support of therapy","comment":"","position":{"x":782,"y":313.3333},"isActive":true,"date":1702311784249,"kind":"Node","isSelected":false,"isConnectorSelected":false,"isDraggable":1,"isDeletable":1,"hasElementMoved":false,"eventLog":[{"time":1702311784249,"type":"create node","value":2}],"isTextChangeable":1},{"id":"768acf28-90cf-403e-bee0-c240bcc39de6","value":-2,"text":"data protection","comment":"","position":{"x":346,"y":478.3333},"isActive":true,"date":1702311784250,"kind":"Node","isSelected":false,"isConnectorSelected":false,"isDraggable":1,"isDeletable":1,"hasElementMoved":false,"eventLog":[{"time":1702311784250,"type":"create node","value":-2}],"isTextChangeable":1},{"id":"6d44d3b3-97b7-41c4-9779-7921ad33fef0","value":-3,"text":"liability","comment":"","position":{"x":467,"y":325.3333},"isActive":true,"date":1702311784251,"kind":"Node","isSelected":false,"isConnectorSelected":false,"isDraggable":1,"isDeletable":1,"hasElementMoved":false,"eventLog":[{"time":1702311784251,"type":"create node","value":-3}],"isTextChangeable":1},{"id":"d31b4fac-e7fa-496e-99fc-15b327a54c6c","value":-2,"text":"risk of injury","comment":"with non-soft robots, but also with faulty processing in soft ones","position":{"x":480,"y":486.3333},"isActive":true,"date":1702311790993,"kind":"Node","isSelected":false,"isConnectorSelected":false,"isDraggable":1,"isDeletable":1,"hasElementMoved":false,"eventLog":[{"time":"1702311790993","type":"create node","value":[0]},{"time":"1702311791012","type":"selected","value":[true]},{"time":"1702311833691","type":"text","value":["Verletzungsgefahr"]},{"time":"1702311833691","type":"value","value":[-2]},{"time":"1702311833691","type":"comment","value":["bei nicht-soften Robotern, aber bei fehlerhafter Verarbeitung auch bei soften"]},{"time":"1702311833691","type":"selected","value":[false]},{"time":"2023-12-11T16:23:54.964Z","type":"position","value":{"x":[740],"y":[484.3333]}},{"time":"2023-12-11T16:23:55.114Z","type":"position","value":{"x":[588],"y":[476.3333]}}],"isTextChangeable":1},{"id":"659018c2-a42f-4747-831f-2cd05a407468","value":2,"text":"lace habit","comment":"Soft robots especially for autism or dementia certainly very helpful if fiddling, stimming or mothering is a manifestation","position":{"x":774,"y":462.3333},"isActive":true,"date":1702311838242,"kind":"Node","isSelected":false,"isConnectorSelected":true,"isDraggable":1,"isDeletable":1,"hasElementMoved":false,"eventLog":[{"time":1702311838242,"type":"create node","value":"0"},{"time":1702311839141,"type":"selected","value":"TRUE"},{"time":1702311904681,"type":"text","value":"Nestel-Gewohnheit"},{"time":1702311904681,"type":"value","value":"2"},{"time":1702311904682,"type":"comment","value":"Softe Roboter insbesondere fuer Autismus oder Demenz bestimmt sehr hilfreich, wenn Nesteln, Stimming oder Bemuttern eine Ausprägung ist"},{"time":1702311904682,"type":"selected","value":"FALSE"}],"isTextChangeable":1}],"connectors":[{"id":"fb6209ed-29a0-4dd5-a093-a00d1861454c","source":"dffaeecf-cdf2-4139-9d93-a194150e2240","target":"0498ce67-7d64-4ac1-ad6a-cb9a1c8cf22f","agreement":true,"isActive":true,"date":1702311784251,"kind":"Connector","isSelected":false,"intensity":3,"isDeletable":false,"isOver":false,"isBidirectional":false,"eventLog":[{"time":1702311784251,"type":"create connection"}]},{"id":"e82fc86b-e082-4eda-8f7a-7ea30e27fd55","source":"dffaeecf-cdf2-4139-9d93-a194150e2240","target":"b9316493-2839-45b8-91e8-10ac3cfac919","agreement":true,"isActive":true,"date":1702311784252,"kind":"Connector","isSelected":false,"intensity":3,"isDeletable":true,"isOver":false,"isBidirectional":false,"eventLog":[{"time":1702311784252,"type":"create connection"}]},{"id":"3ab2796f-14fa-4f04-bccd-550bc48fc8cf","source":"503b48a1-1bfb-4336-ab9a-ed890341dacd","target":"b9316493-2839-45b8-91e8-10ac3cfac919","agreement":true,"isActive":true,"date":1702311784252,"kind":"Connector","isSelected":false,"intensity":3,"isDeletable":true,"isOver":false,"isBidirectional":false,"eventLog":[{"time":1702311784252,"type":"create connection"}]},{"id":"2b525d37-0510-40c6-b02f-f7aedde5cf16","source":"bf6024ba-b050-4924-8348-26767959feac","target":"b9316493-2839-45b8-91e8-10ac3cfac919","agreement":true,"isActive":true,"date":1702311784252,"kind":"Connector","isSelected":false,"intensity":3,"isDeletable":true,"isOver":false,"isBidirectional":false,"eventLog":[{"time":1702311784252,"type":"create connection"}]},{"id":"4a30cdd6-5625-402b-b245-274042d9316f","source":"cba42db5-785f-4f19-8d3d-9a23f1792969","target":"b9316493-2839-45b8-91e8-10ac3cfac919","agreement":true,"isActive":true,"date":1702311784252,"kind":"Connector","isSelected":false,"intensity":3,"isDeletable":true,"isOver":false,"isBidirectional":false,"eventLog":[{"time":1702311784252,"type":"create connection"}]},{"id":"17c27465-d279-4a63-9bb3-254e8070a820","source":"9d62a0ce-07a6-4869-9419-e12c8c9862cc","target":"b9316493-2839-45b8-91e8-10ac3cfac919","agreement":true,"isActive":true,"date":1702311784252,"kind":"Connector","isSelected":false,"intensity":3,"isDeletable":true,"isOver":false,"isBidirectional":false,"eventLog":[{"time":1702311784252,"type":"create connection"}]},{"id":"20fb0c6f-3438-4dd4-a908-b0e68f4bfc3a","source":"3cb779f9-b108-43a7-859e-dd69c9649cb9","target":"b9316493-2839-45b8-91e8-10ac3cfac919","agreement":true,"isActive":true,"date":1702311784252,"kind":"Connector","isSelected":false,"intensity":3,"isDeletable":true,"isOver":false,"isBidirectional":false,"eventLog":[{"time":1702311784252,"type":"create connection"}]},{"id":"9639192f-6225-4455-b048-cdb98ade5743","source":"36b54987-c0da-4479-b713-4be7025725a6","target":"b9316493-2839-45b8-91e8-10ac3cfac919","agreement":true,"isActive":true,"date":1702311784252,"kind":"Connector","isSelected":false,"intensity":3,"isDeletable":true,"isOver":false,"isBidirectional":false,"eventLog":[{"time":1702311784252,"type":"create connection"}]},{"id":"02688f66-b33f-43bd-bc62-9b758471b7f3","source":"768acf28-90cf-403e-bee0-c240bcc39de6","target":"0498ce67-7d64-4ac1-ad6a-cb9a1c8cf22f","agreement":false,"isActive":true,"date":1702311784252,"kind":"Connector","isSelected":false,"intensity":3,"isDeletable":true,"isOver":false,"isBidirectional":false,"eventLog":[{"time":1702311784252,"type":"create connection"}]},{"id":"99ca43e2-ae97-4c4e-90c0-fc4b0d35fc76","source":"07ead1ad-8495-4598-8fcf-94ee46c03b89","target":"0498ce67-7d64-4ac1-ad6a-cb9a1c8cf22f","agreement":false,"isActive":true,"date":1702311784253,"kind":"Connector","isSelected":false,"intensity":9,"isDeletable":true,"isOver":false,"isBidirectional":false,"eventLog":[{"time":1702311784253,"type":"create connection"}]},{"id":"519a8c3f-ac4c-4eb7-8242-b490a8c1abd2","source":"bcf4d3af-53e1-4b39-b957-89b9aa85d96a","target":"0498ce67-7d64-4ac1-ad6a-cb9a1c8cf22f","agreement":false,"isActive":true,"date":1702311784253,"kind":"Connector","isSelected":false,"intensity":6,"isDeletable":true,"isOver":false,"isBidirectional":false,"eventLog":[{"time":1702311784253,"type":"create connection"}]},{"id":"e736748c-2d9f-4a29-82fb-0b885d41e017","source":"6d44d3b3-97b7-41c4-9779-7921ad33fef0","target":"0498ce67-7d64-4ac1-ad6a-cb9a1c8cf22f","agreement":false,"isActive":true,"date":1702311784253,"kind":"Connector","isSelected":false,"intensity":9,"isDeletable":true,"isOver":false,"isBidirectional":false,"eventLog":[{"time":1702311784253,"type":"create connection"}]},{"id":"5f136f35-bb9c-4921-b0d9-6d9053990552","source":"d31b4fac-e7fa-496e-99fc-15b327a54c6c","target":"0498ce67-7d64-4ac1-ad6a-cb9a1c8cf22f","agreement":false,"isActive":true,"date":1702311906229,"kind":"Connector","isSelected":false,"intensity":3,"isDeletable":true,"isOver":false,"isBidirectional":false,"eventLog":[{"time":1702311906229,"type":"create connection"},{"time":1702311909756,"type":"selected","value":1},{"time":1702311914145,"type":"change intensity of connector","value":-3},{"time":1702311914145,"type":"selected","value":0}]},{"id":"6561cdd0-2690-4f39-bc80-d67589035435","source":"b9316493-2839-45b8-91e8-10ac3cfac919","target":"659018c2-a42f-4747-831f-2cd05a407468","agreement":true,"isActive":true,"date":1702311915443,"kind":"Connector","isSelected":false,"intensity":6,"isDeletable":true,"isOver":false,"isBidirectional":false,"eventLog":[{"time":1702311915443,"type":"create connection"},{"time":1702311918586,"type":"selected","value":1},{"time":1702311921302,"type":"change intensity of connector","value":6},{"time":1702311921302,"type":"selected","value":0}]}],"currentID":["6561cdd0-2690-4f39-bc80-d67589035435"],"currentNode":{},"hasSelectedNode":[false],"currentConnector":{"id":["6561cdd0-2690-4f39-bc80-d67589035435"],"value":{},"source":["b9316493-2839-45b8-91e8-10ac3cfac919"],"target":["659018c2-a42f-4747-831f-2cd05a407468"],"agreement":[true],"isActive":[true],"date":[1702311915443],"kind":["Connector"],"isSelected":[false],"intensity":[6],"isDeletable":[true],"isOver":[false],"isBidirectional":[false],"eventLog":[{"time":1702311915443,"type":"create connection"},{"time":1702311918586,"type":"selected","value":1},{"time":1702311921302,"type":"change intensity of connector","value":6},{"time":1702311921302,"type":"selected","value":0}]},"hasSelectedConnector":[true],"readyToMove":[false],"isIncoming":[false],"hasElementMoved":[false]}
