{"idCAM":["580b7472-d6e2-4dfc-8c2e-12ed71e4d98d"],"creator":["6517283ed2294dbc8561979d_pre"],"projectCAM":["S2_CAM part 1"],"defocusCAM":[],"date":[1702310279548],"nodes":[{"id":"d665a44f-3ad4-43cd-96d8-b67c68cc3f5b","value":0,"text":"rescue robot","comment":"","position":{"x":650,"y":400},"isActive":true,"date":1702310280442,"kind":"Node","isSelected":false,"isConnectorSelected":false,"isDraggable":0,"isDeletable":0,"hasElementMoved":false,"eventLog":[{"time":1702310280442,"type":"create node","value":0}],"isTextChangeable":0},{"id":"5cbe4b6b-4ba1-48e0-96f9-d73414237ffc","value":0,"text":"disadvantages","comment":"","position":{"x":450,"y":400},"isActive":true,"date":1702310280443,"kind":"Node","isSelected":false,"isConnectorSelected":false,"isDraggable":0,"isDeletable":0,"hasElementMoved":false,"eventLog":[{"time":1702310280443,"type":"create node","value":0}],"isTextChangeable":0},{"id":"11b41d44-218b-4df9-9c36-345a111e8859","value":0,"text":"advantages","comment":"","position":{"x":850,"y":400},"isActive":true,"date":1702310280443,"kind":"Node","isSelected":false,"isConnectorSelected":false,"isDraggable":0,"isDeletable":0,"hasElementMoved":false,"eventLog":[{"time":1702310280443,"type":"create node","value":0}],"isTextChangeable":0},{"id":"b8058c45-ccfe-47ba-b9dd-592480143ded","value":3,"text":"reaching remote places","comment":"","position":{"x":979,"y":233},"isActive":true,"date":1702310294705,"kind":"Node","isSelected":false,"isConnectorSelected":false,"isDraggable":1,"isDeletable":1,"hasElementMoved":false,"eventLog":[{"time":1702310294705,"type":"create node","value":"0"},{"time":1702310296708,"type":"selected","value":"TRUE"},{"time":1702310307334,"type":"text","value":"Erreichen abgelegener Orte"},{"time":1702310307334,"type":"value","value":"3"},{"time":1702310307334,"type":"selected","value":"FALSE"}],"isTextChangeable":1},{"id":"3a387187-7fd2-4164-945c-3f96df416885","value":3,"text":"precision","comment":"","position":{"x":989,"y":321},"isActive":true,"date":1702310309415,"kind":"Node","isSelected":false,"isConnectorSelected":false,"isDraggable":1,"isDeletable":1,"hasElementMoved":false,"eventLog":[{"time":1702310309415,"type":"create node","value":"0"},{"time":1702310310547,"type":"selected","value":"TRUE"},{"time":1702310316699,"type":"text","value":"Präzision "},{"time":1702310316699,"type":"selected","value":"FALSE"},{"time":1702310318289,"type":"selected","value":"TRUE"},{"time":1702310320038,"type":"value","value":"3"},{"time":1702310320038,"type":"selected","value":"FALSE"}],"isTextChangeable":1},{"id":"5527d2b7-f785-46a4-8dd5-4fdb4d854005","value":2,"text":"emotionless","comment":"","position":{"x":1047,"y":395},"isActive":true,"date":1702310320624,"kind":"Node","isSelected":false,"isConnectorSelected":false,"isDraggable":1,"isDeletable":1,"hasElementMoved":false,"eventLog":[{"time":"1702310320624","type":"create node","value":[0]},{"time":"1702310320705","type":"selected","value":[true]},{"time":"1702310327771","type":"text","value":["Emotionslos"]},{"time":"1702310327771","type":"value","value":[2]},{"time":"1702310327771","type":"selected","value":[false]},{"time":"2023-12-11T15:58:48.401Z","type":"position","value":{"x":[1028],"y":[384]}}],"isTextChangeable":1},{"id":"3adabbfa-9e83-4cd8-b294-9a9f14fc26ae","value":3,"text":"effective","comment":"","position":{"x":1013,"y":469},"isActive":true,"date":1702310329578,"kind":"Node","isSelected":false,"isConnectorSelected":false,"isDraggable":1,"isDeletable":1,"hasElementMoved":false,"eventLog":[{"time":1702310329578,"type":"create node","value":"0"},{"time":1702310330433,"type":"selected","value":"TRUE"},{"time":1702310338911,"type":"text","value":"Effektiv"},{"time":1702310338911,"type":"value","value":"3"},{"time":1702310338911,"type":"selected","value":"FALSE"}],"isTextChangeable":1},{"id":"487b7e0b-81cd-482c-a22c-8a74775f1f43","value":-3,"text":"AI controlled","comment":"","position":{"x":274,"y":221},"isActive":true,"date":1702310345034,"kind":"Node","isSelected":false,"isConnectorSelected":false,"isDraggable":1,"isDeletable":1,"hasElementMoved":false,"eventLog":[{"time":"1702310345034","type":"create node","value":[0]},{"time":"1702310345910","type":"selected","value":[true]},{"time":"1702310353622","type":"text","value":["AI gesteuert"]},{"time":"1702310353622","type":"selected","value":[false]},{"time":"2023-12-11T15:59:14.192Z","type":"position","value":{"x":[1004],"y":[541]}},{"time":"2023-12-11T15:59:14.271Z","type":"position","value":{"x":[828],"y":[521]}},{"time":"2023-12-11T15:59:14.340Z","type":"position","value":{"x":[570],"y":[499]}},{"time":"2023-12-11T15:59:14.388Z","type":"position","value":{"x":[404],"y":[470]}},{"time":"2023-12-11T15:59:14.471Z","type":"position","value":{"x":[216],"y":[423]}},{"time":"2023-12-11T15:59:14.620Z","type":"position","value":{"x":[184],"y":[373]}},{"time":"2023-12-11T15:59:15.208Z","type":"position","value":{"x":[273],"y":[223]}},{"time":"1702310355600","type":"selected","value":[true]},{"time":"1702310357653","type":"value","value":[-3]},{"time":"1702310357653","type":"selected","value":[false]}],"isTextChangeable":1},{"id":"4a9ce5d3-a547-4fbb-b90a-c16fd08f9259","value":-3,"text":"without responsibility","comment":"","position":{"x":278,"y":509},"isActive":true,"date":1702310358943,"kind":"Node","isSelected":false,"isConnectorSelected":false,"isDraggable":1,"isDeletable":1,"hasElementMoved":false,"eventLog":[{"time":"1702310358943","type":"create node","value":[0]},{"time":"2023-12-11T15:59:45.543Z","type":"position","value":{"x":[409],"y":[492]}},{"time":"1702310498853","type":"selected","value":[true]},{"time":"1702310499258","type":"selected","value":[false]},{"time":"1702310500384","type":"selected","value":[true]},{"time":"1702310507215","type":"text","value":["ohne Verantwortung"]},{"time":"1702310507215","type":"value","value":[-3]},{"time":"1702310507215","type":"selected","value":[false]}],"isTextChangeable":1},{"id":"1bc247e2-cefe-4a72-b401-0c4a69b6468a","value":3,"text":"human-controlled","comment":"","position":{"x":1004,"y":553},"isActive":true,"date":1702310360473,"kind":"Node","isSelected":false,"isConnectorSelected":false,"isDraggable":1,"isDeletable":1,"hasElementMoved":false,"eventLog":[{"time":1702310360473,"type":"create node","value":"0"},{"time":1702310360560,"type":"selected","value":"TRUE"},{"time":1702310366401,"type":"text","value":"Menschengesteuert"},{"time":1702310366401,"type":"value","value":"3"},{"time":1702310366401,"type":"selected","value":"FALSE"}],"isTextChangeable":1},{"id":"1391dc28-f8fa-472e-aec7-4f92ba3f9d47","value":-2,"text":"abuse potential","comment":"","position":{"x":260,"y":410},"isActive":true,"date":1702310508085,"kind":"Node","isSelected":false,"isConnectorSelected":false,"isDraggable":1,"isDeletable":1,"hasElementMoved":false,"eventLog":[{"time":1702310508085,"type":"create node","value":"0"},{"time":1702310508169,"type":"selected","value":"TRUE"},{"time":1702310546029,"type":"text","value":"Missbrauchspotenzial"},{"time":1702310546030,"type":"value","value":"-2"},{"time":1702310546030,"type":"selected","value":"FALSE"}],"isTextChangeable":1},{"id":"bd2f1ec4-6079-46ee-a3ab-fa82303aeae5","value":-2,"text":"error-prone","comment":"","position":{"x":239,"y":322},"isActive":true,"date":1702310561212,"kind":"Node","isSelected":false,"isConnectorSelected":false,"isDraggable":1,"isDeletable":1,"hasElementMoved":false,"eventLog":[{"time":1702310561212,"type":"create node","value":"0"},{"time":1702310562015,"type":"selected","value":"TRUE"},{"time":1702310562422,"type":"selected","value":"FALSE"},{"time":1702310563467,"type":"selected","value":"TRUE"},{"time":1702310576238,"type":"text","value":"Fehleranfällig (Bugs)"},{"time":1702310576238,"type":"value","value":"-2"},{"time":1702310576238,"type":"selected","value":"FALSE"}],"isTextChangeable":1},{"id":"729963be-6de8-450f-ad19-9fe7cdc9337f","value":-1,"text":"vulnerable to hacking","comment":"","position":{"x":357,"y":552},"isActive":true,"date":1702310602925,"kind":"Node","isSelected":false,"isConnectorSelected":false,"isDraggable":1,"isDeletable":1,"hasElementMoved":false,"eventLog":[{"time":1702310602925,"type":"create node","value":"0"},{"time":1702310603764,"type":"selected","value":"TRUE"},{"time":1702310614401,"type":"text","value":"Hackanfällig"},{"time":1702310614401,"type":"value","value":"-1"},{"time":1702310614401,"type":"selected","value":"FALSE"}],"isTextChangeable":1}],"connectors":[{"id":"d96a5519-951e-4471-a5cc-78e5e05d13d5","source":"d665a44f-3ad4-43cd-96d8-b67c68cc3f5b","target":"5cbe4b6b-4ba1-48e0-96f9-d73414237ffc","agreement":true,"isActive":true,"date":1702310280443,"kind":"Connector","isSelected":false,"intensity":3,"isDeletable":false,"isOver":false,"isBidirectional":false,"eventLog":[{"time":1702310280443,"type":"create connection"}]},{"id":"7c63426c-c6cd-4088-bdf8-dbe369629774","source":"d665a44f-3ad4-43cd-96d8-b67c68cc3f5b","target":"11b41d44-218b-4df9-9c36-345a111e8859","agreement":true,"isActive":true,"date":1702310280443,"kind":"Connector","isSelected":false,"intensity":3,"isDeletable":true,"isOver":false,"isBidirectional":false,"eventLog":[{"time":1702310280443,"type":"create connection"}]},{"id":"5b4752df-b2b6-418f-93bf-ac48c04fb71d","source":"5cbe4b6b-4ba1-48e0-96f9-d73414237ffc","target":"11b41d44-218b-4df9-9c36-345a111e8859","agreement":true,"isActive":true,"date":1702310291661,"kind":"Connector","isSelected":false,"intensity":3,"isDeletable":true,"isOver":false,"isBidirectional":false,"eventLog":[{"time":1702310291661,"type":"create connection"}]},{"id":"89722c66-c0ba-4c3e-974c-e2218ec0c919","source":"5cbe4b6b-4ba1-48e0-96f9-d73414237ffc","target":"487b7e0b-81cd-482c-a22c-8a74775f1f43","agreement":true,"isActive":true,"date":1702310358462,"kind":"Connector","isSelected":false,"intensity":3,"isDeletable":true,"isOver":false,"isBidirectional":false,"eventLog":[{"time":1702310358462,"type":"create connection"}]},{"id":"d9357701-5112-4ca5-b07d-698603dbcb54","source":"487b7e0b-81cd-482c-a22c-8a74775f1f43","target":"1bc247e2-cefe-4a72-b401-0c4a69b6468a","agreement":true,"isActive":true,"date":1702310368179,"kind":"Connector","isSelected":false,"intensity":3,"isDeletable":true,"isOver":false,"isBidirectional":false,"eventLog":[{"time":1702310368179,"type":"create connection"}]},{"id":"50a9a97e-cea6-4c8a-8b1c-d14056d18076","source":"3adabbfa-9e83-4cd8-b294-9a9f14fc26ae","target":"11b41d44-218b-4df9-9c36-345a111e8859","agreement":true,"isActive":true,"date":1702310374996,"kind":"Connector","isSelected":false,"intensity":3,"isDeletable":true,"isOver":false,"isBidirectional":false,"eventLog":[{"time":1702310374996,"type":"create connection"}]},{"id":"8e756eed-20c1-4bf2-a67b-e28e535cec4a","source":"11b41d44-218b-4df9-9c36-345a111e8859","target":"3a387187-7fd2-4164-945c-3f96df416885","agreement":true,"isActive":true,"date":1702310376312,"kind":"Connector","isSelected":false,"intensity":3,"isDeletable":true,"isOver":false,"isBidirectional":false,"eventLog":[{"time":1702310376312,"type":"create connection"}]},{"id":"0b672247-096f-409c-b876-20af869dddd6","source":"11b41d44-218b-4df9-9c36-345a111e8859","target":"b8058c45-ccfe-47ba-b9dd-592480143ded","agreement":true,"isActive":true,"date":1702310377398,"kind":"Connector","isSelected":false,"intensity":3,"isDeletable":true,"isOver":false,"isBidirectional":false,"eventLog":[{"time":1702310377398,"type":"create connection"}]},{"id":"f64f3dc3-2ce0-4a86-8233-6f06a9dd7d61","source":"1391dc28-f8fa-472e-aec7-4f92ba3f9d47","target":"5cbe4b6b-4ba1-48e0-96f9-d73414237ffc","agreement":true,"isActive":true,"date":1702310547820,"kind":"Connector","isSelected":false,"intensity":3,"isDeletable":true,"isOver":false,"isBidirectional":false,"eventLog":[{"time":1702310547820,"type":"create connection"}]},{"id":"5f9280cd-6ebd-4628-a30c-2ab7a03264e4","source":"4a9ce5d3-a547-4fbb-b90a-c16fd08f9259","target":"5cbe4b6b-4ba1-48e0-96f9-d73414237ffc","agreement":true,"isActive":true,"date":1702310549137,"kind":"Connector","isSelected":false,"intensity":3,"isDeletable":true,"isOver":false,"isBidirectional":false,"eventLog":[{"time":1702310549137,"type":"create connection"}]},{"id":"bf80c243-5211-412b-a49c-09f7f4bfd423","source":"5527d2b7-f785-46a4-8dd5-4fdb4d854005","target":"11b41d44-218b-4df9-9c36-345a111e8859","agreement":true,"isActive":true,"date":1702310550790,"kind":"Connector","isSelected":false,"intensity":3,"isDeletable":true,"isOver":false,"isBidirectional":false,"eventLog":[{"time":1702310550790,"type":"create connection"}]},{"id":"b6e379f2-f585-4761-ba25-a619a7d1711a","source":"5cbe4b6b-4ba1-48e0-96f9-d73414237ffc","target":"bd2f1ec4-6079-46ee-a3ab-fa82303aeae5","agreement":true,"isActive":true,"date":1702310577528,"kind":"Connector","isSelected":false,"intensity":3,"isDeletable":true,"isOver":false,"isBidirectional":false,"eventLog":[{"time":1702310577528,"type":"create connection"}]},{"id":"79a103c9-8ce7-4ce5-977f-3ae960a07fb3","source":"5cbe4b6b-4ba1-48e0-96f9-d73414237ffc","target":"729963be-6de8-450f-ad19-9fe7cdc9337f","agreement":true,"isActive":true,"date":1702310615542,"kind":"Connector","isSelected":false,"intensity":3,"isDeletable":true,"isOver":false,"isBidirectional":false,"eventLog":[{"time":1702310615542,"type":"create connection"}]}],"currentID":{},"currentNode":{},"hasSelectedNode":[false],"currentConnector":{},"hasSelectedConnector":[false],"readyToMove":[false],"isIncoming":[false],"hasElementMoved":[false]}
