{"idCAM":["382337d8-4501-40e3-8731-a294f1f89832"],"creator":["6518e333bba544ebf169f41b_post"],"projectCAM":["S2_CAM part 2"],"defocusCAM":[null],"date":[1702310845681],"nodes":[{"id":"9c802fa0-66cc-4ef4-8265-169dd5d7e80a","value":0,"text":"social assistance robot","comment":"","position":{"x":650,"y":400},"isActive":true,"date":1702310846595,"kind":"Node","isSelected":false,"isConnectorSelected":false,"isDraggable":0,"isDeletable":0,"hasElementMoved":false,"eventLog":[{"time":1702310846595,"type":"create node","value":0}],"isTextChangeable":0},{"id":"7566dfd4-e7a1-43c9-8ec5-d9739daf9165","value":0,"text":"disadvantages","comment":"","position":{"x":450,"y":400},"isActive":true,"date":1702310846595,"kind":"Node","isSelected":false,"isConnectorSelected":false,"isDraggable":0,"isDeletable":0,"hasElementMoved":false,"eventLog":[{"time":1702310846595,"type":"create node","value":0}],"isTextChangeable":0},{"id":"d0522cee-1266-45f6-ae19-a649b50f20b1","value":0,"text":"advantages","comment":"","position":{"x":850,"y":400},"isActive":true,"date":1702310846596,"kind":"Node","isSelected":false,"isConnectorSelected":false,"isDraggable":0,"isDeletable":0,"hasElementMoved":false,"eventLog":[{"time":1702310846596,"type":"create node","value":0}],"isTextChangeable":0},{"id":"d34b5e94-0e9a-4a63-b1c3-c850bf92a679","value":3,"text":"know more","comment":"","position":{"x":1041.4,"y":524.6},"isActive":true,"date":1702310846596,"kind":"Node","isSelected":false,"isConnectorSelected":false,"isDraggable":1,"isDeletable":1,"hasElementMoved":false,"eventLog":[{"time":1702310846596,"type":"create node","value":3}],"isTextChangeable":1},{"id":"fc12a949-8967-485b-9359-2d598c293c82","value":3,"text":"new jobs","comment":"","position":{"x":1106.4,"y":360.6},"isActive":true,"date":1702310846596,"kind":"Node","isSelected":false,"isConnectorSelected":false,"isDraggable":1,"isDeletable":1,"hasElementMoved":false,"eventLog":[{"time":1702310846596,"type":"create node","value":3}],"isTextChangeable":1},{"id":"c19a3f2c-c6d1-4ae7-bfe4-86e56399a2a0","value":2,"text":"networking of robots","comment":"","position":{"x":1096.4,"y":681.6},"isActive":true,"date":1702310846596,"kind":"Node","isSelected":false,"isConnectorSelected":false,"isDraggable":1,"isDeletable":1,"hasElementMoved":false,"eventLog":[{"time":1702310846596,"type":"create node","value":2}],"isTextChangeable":1},{"id":"856a9643-ec5c-4b7d-862e-7e5d4f1abac3","value":2,"text":"work simplification","comment":"","position":{"x":907.4,"y":236.6},"isActive":true,"date":1702310846596,"kind":"Node","isSelected":false,"isConnectorSelected":false,"isDraggable":1,"isDeletable":1,"hasElementMoved":false,"eventLog":[{"time":1702310846596,"type":"create node","value":2}],"isTextChangeable":1},{"id":"58de54f2-5464-4fc0-9094-38cd629ab075","value":-3,"text":"production costs","comment":"","position":{"x":366.4,"y":578.6},"isActive":true,"date":1702310846596,"kind":"Node","isSelected":false,"isConnectorSelected":false,"isDraggable":1,"isDeletable":1,"hasElementMoved":false,"eventLog":[{"time":1702310846596,"type":"create node","value":-3}],"isTextChangeable":1},{"id":"2cc73e29-788d-4eb1-affd-e9462ddaa856","value":-3,"text":"error rate","comment":"","position":{"x":263.4,"y":463.6},"isActive":true,"date":1702310846596,"kind":"Node","isSelected":false,"isConnectorSelected":false,"isDraggable":1,"isDeletable":1,"hasElementMoved":false,"eventLog":[{"time":1702310846596,"type":"create node","value":-3}],"isTextChangeable":1},{"id":"1f59d969-7168-42a9-899a-52587f77dbb4","value":-3,"text":"sensitivity","comment":"","position":{"x":263.4,"y":299.6},"isActive":true,"date":1702310846596,"kind":"Node","isSelected":false,"isConnectorSelected":false,"isDraggable":1,"isDeletable":1,"hasElementMoved":false,"eventLog":[{"time":1702310846596,"type":"create node","value":-3}],"isTextChangeable":1},{"id":"a5255309-03d8-4210-8d53-53c89e0cb4a2","value":-3,"text":"climate damages","comment":"","position":{"x":193.4,"y":673.6},"isActive":true,"date":1702310846596,"kind":"Node","isSelected":false,"isConnectorSelected":false,"isDraggable":1,"isDeletable":1,"hasElementMoved":false,"eventLog":[{"time":1702310846596,"type":"create node","value":-3}],"isTextChangeable":1}],"connectors":[{"id":"f559aa34-ba82-443f-ba26-379702c66b13","source":"9c802fa0-66cc-4ef4-8265-169dd5d7e80a","target":"7566dfd4-e7a1-43c9-8ec5-d9739daf9165","agreement":true,"isActive":true,"date":1702310846596,"kind":"Connector","isSelected":false,"intensity":3,"isDeletable":false,"isOver":false,"isBidirectional":false,"eventLog":[{"time":1702310846596,"type":"create connection"}]},{"id":"b08d2020-a52f-4ea1-95c7-5e339bc30fba","source":"9c802fa0-66cc-4ef4-8265-169dd5d7e80a","target":"d0522cee-1266-45f6-ae19-a649b50f20b1","agreement":true,"isActive":true,"date":1702310846597,"kind":"Connector","isSelected":false,"intensity":3,"isDeletable":true,"isOver":false,"isBidirectional":false,"eventLog":[{"time":1702310846597,"type":"create connection"}]},{"id":"a2094ccc-9e36-4f8b-9f45-c53879a839ef","source":"d0522cee-1266-45f6-ae19-a649b50f20b1","target":"d34b5e94-0e9a-4a63-b1c3-c850bf92a679","agreement":true,"isActive":true,"date":1702310846597,"kind":"Connector","isSelected":false,"intensity":9,"isDeletable":true,"isOver":false,"isBidirectional":false,"eventLog":[{"time":1702310846597,"type":"create connection"}]},{"id":"7ba7ce0e-f0f2-4af5-a81b-4047a02f0715","source":"d0522cee-1266-45f6-ae19-a649b50f20b1","target":"fc12a949-8967-485b-9359-2d598c293c82","agreement":true,"isActive":true,"date":1702310846597,"kind":"Connector","isSelected":false,"intensity":9,"isDeletable":true,"isOver":false,"isBidirectional":false,"eventLog":[{"time":1702310846597,"type":"create connection"}]},{"id":"57850bff-a196-4087-b6d7-2025a66e1040","source":"d34b5e94-0e9a-4a63-b1c3-c850bf92a679","target":"c19a3f2c-c6d1-4ae7-bfe4-86e56399a2a0","agreement":true,"isActive":true,"date":1702310846597,"kind":"Connector","isSelected":false,"intensity":6,"isDeletable":true,"isOver":false,"isBidirectional":false,"eventLog":[{"time":1702310846597,"type":"create connection"}]},{"id":"d3dd6bda-4968-4046-b3cd-e42673c6678e","source":"856a9643-ec5c-4b7d-862e-7e5d4f1abac3","target":"d0522cee-1266-45f6-ae19-a649b50f20b1","agreement":true,"isActive":true,"date":1702310846597,"kind":"Connector","isSelected":false,"intensity":9,"isDeletable":true,"isOver":false,"isBidirectional":false,"eventLog":[{"time":1702310846597,"type":"create connection"}]},{"id":"cf71bde0-a352-49cc-af65-1de0c2fba249","source":"7566dfd4-e7a1-43c9-8ec5-d9739daf9165","target":"58de54f2-5464-4fc0-9094-38cd629ab075","agreement":false,"isActive":true,"date":1702310846597,"kind":"Connector","isSelected":false,"intensity":6,"isDeletable":true,"isOver":false,"isBidirectional":false,"eventLog":[{"time":1702310846597,"type":"create connection"}]},{"id":"84aee2d5-1798-4372-b7d7-c27811f88fc9","source":"2cc73e29-788d-4eb1-affd-e9462ddaa856","target":"7566dfd4-e7a1-43c9-8ec5-d9739daf9165","agreement":false,"isActive":true,"date":1702310846597,"kind":"Connector","isSelected":false,"intensity":6,"isDeletable":true,"isOver":false,"isBidirectional":false,"eventLog":[{"time":1702310846597,"type":"create connection"}]},{"id":"1a296c4a-ebdf-4e59-a430-83b91be08455","source":"7566dfd4-e7a1-43c9-8ec5-d9739daf9165","target":"1f59d969-7168-42a9-899a-52587f77dbb4","agreement":false,"isActive":true,"date":1702310846597,"kind":"Connector","isSelected":false,"intensity":9,"isDeletable":true,"isOver":false,"isBidirectional":false,"eventLog":[{"time":1702310846597,"type":"create connection"}]},{"id":"da9e829d-c30b-4e6d-adc1-450b7680eca3","source":"58de54f2-5464-4fc0-9094-38cd629ab075","target":"a5255309-03d8-4210-8d53-53c89e0cb4a2","agreement":false,"isActive":true,"date":1702310846597,"kind":"Connector","isSelected":false,"intensity":9,"isDeletable":true,"isOver":false,"isBidirectional":false,"eventLog":[{"time":1702310846597,"type":"create connection"}]}],"currentID":{},"currentNode":{},"hasSelectedNode":[false],"currentConnector":{},"hasSelectedConnector":[false],"readyToMove":[false],"isIncoming":[false]}
