{"idCAM":["c9374aec-3195-4b35-9cf6-57db04cde7cd"],"creator":["6518e333bba544ebf169f41b_pre"],"projectCAM":["S2_CAM part 1"],"defocusCAM":["NA",22263,1439],"date":[1702309802543],"nodes":[{"id":"670b9e0d-a2aa-4edc-a309-70b0d91bf7df","value":0,"text":"social assistance robot","comment":"","position":{"x":650,"y":400},"isActive":true,"date":1702309803532,"kind":"Node","isSelected":false,"isConnectorSelected":false,"isDraggable":0,"isDeletable":0,"hasElementMoved":false,"eventLog":[{"time":1702309803532,"type":"create node","value":0}],"isTextChangeable":0},{"id":"8baa3709-ad34-4574-a138-d047dabcd93e","value":0,"text":"disadvantages","comment":"","position":{"x":450,"y":400},"isActive":true,"date":1702309803532,"kind":"Node","isSelected":false,"isConnectorSelected":false,"isDraggable":0,"isDeletable":0,"hasElementMoved":false,"eventLog":[{"time":1702309803532,"type":"create node","value":0}],"isTextChangeable":0},{"id":"184f3d68-58b7-4c9a-ad68-d6dba2aadf48","value":0,"text":"advantages","comment":"","position":{"x":850,"y":400},"isActive":true,"date":1702309803532,"kind":"Node","isSelected":false,"isConnectorSelected":false,"isDraggable":0,"isDeletable":0,"hasElementMoved":false,"eventLog":[{"time":1702309803532,"type":"create node","value":0},{"time":1702309864120,"type":"selected","value":1},{"time":1702309866543,"type":"selected","value":0}],"isTextChangeable":0},{"id":"8e2e4057-99cc-4d0a-8d2f-55e45864ec76","value":3,"text":"know more","comment":"Robots have access to more knowledge. For example, when they are connected to the internet.","position":{"x":1041.4,"y":524.6},"isActive":true,"date":1702309867992,"kind":"Node","isSelected":false,"isConnectorSelected":false,"isDraggable":1,"isDeletable":1,"hasElementMoved":false,"eventLog":[{"time":1702309867992,"type":"create node","value":"0"},{"time":1702309868189,"type":"selected","value":"TRUE"},{"time":1702309938395,"type":"text","value":"Mehr wissen"},{"time":1702309938395,"type":"value","value":"3"},{"time":1702309938395,"type":"comment","value":"Roboter haben zugang zu mehr wissen. z.b. wenn sie mit den internet verbunden sind."},{"time":1702309938395,"type":"selected","value":"FALSE"}],"isTextChangeable":1},{"id":"ff8eec9c-2d39-4c9b-b851-340a7c3334dd","value":3,"text":"new jobs","comment":"The robot could be remotely controlled by people with severe disabilities, giving them a task again.","position":{"x":1106.4,"y":360.6},"isActive":true,"date":1702309994558,"kind":"Node","isSelected":false,"isConnectorSelected":false,"isDraggable":1,"isDeletable":1,"hasElementMoved":false,"eventLog":[{"time":1702309994558,"type":"create node","value":"0"},{"time":1702309995489,"type":"selected","value":"TRUE"},{"time":1702310142585,"type":"text","value":"Neue arbeitsplätze"},{"time":1702310142585,"type":"value","value":"3"},{"time":1702310142585,"type":"comment","value":"Der roboter könnte per fernsteuerung von schwerbehinderte menschen genutzt werden. wodurch sie wieder eine aufgabe haben."},{"time":1702310142585,"type":"selected","value":"FALSE"}],"isTextChangeable":1},{"id":"55b95ca5-794f-4e17-ad0d-4c9625dcd9bd","value":0,"text":"","comment":"","position":{"x":1157.4,"y":463.6},"isActive":false,"date":1702310145531,"kind":"Node","isSelected":false,"isConnectorSelected":false,"isDraggable":1,"isDeletable":1,"hasElementMoved":false,"eventLog":[{"time":1702310145531,"type":"create node","value":0},{"time":1702310149613,"type":"selected","value":1},{"time":1702310150913,"type":"node was deleted","value":-99}],"isTextChangeable":1},{"id":"d20be9de-fb63-40f3-9b03-56e4a925eecd","value":0,"text":"","comment":"","position":{"x":1181.4,"y":551.6},"isActive":false,"date":1702310146577,"kind":"Node","isSelected":false,"isConnectorSelected":false,"isDraggable":1,"isDeletable":1,"hasElementMoved":false,"eventLog":[{"time":1702310146577,"type":"create node","value":0},{"time":1702310152233,"type":"selected","value":1},{"time":1702310153093,"type":"node was deleted","value":-99}],"isTextChangeable":1},{"id":"4159001d-ed1d-4c46-b609-bf15c8688264","value":2,"text":"networking of robots","comment":"if the robots share a network and exchange data among themselves, possible errors can be avoided","position":{"x":1096.4,"y":681.6},"isActive":true,"date":1702310168248,"kind":"Node","isSelected":false,"isConnectorSelected":false,"isDraggable":1,"isDeletable":1,"hasElementMoved":false,"eventLog":[{"time":1702310168248,"type":"create node","value":"0"},{"time":1702310169219,"type":"selected","value":"TRUE"},{"time":1702310247387,"type":"text","value":"vernetzung der roboter"},{"time":1702310247387,"type":"value","value":"2"},{"time":1702310247387,"type":"comment","value":"wenn die roboter sich ein netzwerk teilen und untereinander daten austauschen, können mögliche fehler vermieden werden"},{"time":1702310247387,"type":"selected","value":"FALSE"}],"isTextChangeable":1},{"id":"ce010019-27ac-4461-a564-f0dbdf2cf2de","value":2,"text":"work simplification","comment":"Relief for people that they don't have to do the tasks of the robot. And have more time for other/more important things.","position":{"x":907.4,"y":236.6},"isActive":true,"date":1702310258207,"kind":"Node","isSelected":false,"isConnectorSelected":false,"isDraggable":1,"isDeletable":1,"hasElementMoved":false,"eventLog":[{"time":1702310258207,"type":"create node","value":"0"},{"time":1702310259056,"type":"selected","value":"TRUE"},{"time":1702310320472,"type":"text","value":"Arbeitserleichterung"},{"time":1702310320472,"type":"value","value":"2"},{"time":1702310320472,"type":"comment","value":"erleichterung für menschen das diese die aufgaben des roboter nicht machen müssen. und mehr zeit für andere/wichtigere dinge haben."},{"time":1702310320472,"type":"selected","value":"FALSE"}],"isTextChangeable":1},{"id":"8585ef55-7596-4ebe-a014-15825dca1665","value":-3,"text":"production costs","comment":"For the development and production of such robots, one needs to invest a lot.","position":{"x":366.4,"y":578.6},"isActive":true,"date":1702310338816,"kind":"Node","isSelected":false,"isConnectorSelected":true,"isDraggable":1,"isDeletable":1,"hasElementMoved":false,"eventLog":[{"time":1702310338816,"type":"create node","value":"0"},{"time":1702310339620,"type":"selected","value":"TRUE"},{"time":1702310390652,"type":"text","value":"Produktionskosten"},{"time":1702310390652,"type":"value","value":"-3"},{"time":1702310390652,"type":"comment","value":"für die entwicklung und produktion sollcher roboter muss man eine menge investieren."},{"time":1702310390652,"type":"selected","value":"FALSE"}],"isTextChangeable":1},{"id":"d39f27f0-398d-439f-8f64-9df8e221c28e","value":-3,"text":"error rate","comment":"Robots are not capable of recognizing their own mistakes, they must first be trained to understand what 'mistakes' are.","position":{"x":263.4,"y":463.6},"isActive":true,"date":1702310420533,"kind":"Node","isSelected":false,"isConnectorSelected":false,"isDraggable":1,"isDeletable":1,"hasElementMoved":false,"eventLog":[{"time":"1702310420533","type":"create node","value":[0]},{"time":"1702310420637","type":"selected","value":[true]},{"time":"1702310516681","type":"text","value":["Fehlerquote"]},{"time":"1702310516681","type":"value","value":[-3]},{"time":"1702310516681","type":"comment","value":["roboter sind nicht im stande eigene fehler zu erkennen, sie müssen erst darauf traniert werden was \"fehler\" überhaupt sind."]},{"time":"1702310516681","type":"selected","value":[false]},{"time":"2023-12-11T16:01:58.394Z","type":"position","value":{"x":[252.4],"y":[375.6]}}],"isTextChangeable":1},{"id":"c96e4574-7b7f-4e11-9242-b296e99b983d","value":-3,"text":"sensitivity","comment":"Robots cannot recognize human emotions and needs","position":{"x":263.4,"y":299.6},"isActive":true,"date":1702310541591,"kind":"Node","isSelected":false,"isConnectorSelected":false,"isDraggable":1,"isDeletable":1,"hasElementMoved":false,"eventLog":[{"time":1702310541591,"type":"create node","value":"0"},{"time":1702310542415,"type":"selected","value":"TRUE"},{"time":1702310570290,"type":"text","value":"Feingefühl"},{"time":1702310570290,"type":"value","value":"-2"},{"time":1702310570290,"type":"comment","value":"roboter können keinen menschlichen emotionen und bedürfnisse erkennen"},{"time":1702310570290,"type":"selected","value":"FALSE"},{"time":1702310571150,"type":"selected","value":"TRUE"},{"time":1702310572697,"type":"value","value":"-3"},{"time":1702310572697,"type":"selected","value":"FALSE"},{"time":1702310575187,"type":"selected","value":"TRUE"},{"time":1702310576382,"type":"selected","value":"FALSE"}],"isTextChangeable":1},{"id":"063f4729-f39a-4780-ac7c-fb7eff74ba11","value":0,"text":"","comment":"","position":{"x":478.4,"y":279.6},"isActive":false,"date":1702310589174,"kind":"Node","isSelected":false,"isConnectorSelected":false,"isDraggable":1,"isDeletable":1,"hasElementMoved":false,"eventLog":[{"time":1702310589174,"type":"create node","value":0},{"time":1702310589996,"type":"selected","value":1},{"time":1702310595205,"type":"node was deleted","value":-99}],"isTextChangeable":1},{"id":"90ebcfc5-ef0d-4a7f-a481-28c11c99ead7","value":-3,"text":"climate damages","comment":"Because the production of such robots consumes a lot of resources, the climate will suffer as the metals and similar materials need to be extracted again.","position":{"x":193.4,"y":673.6},"isActive":true,"date":1702310607005,"kind":"Node","isSelected":false,"isConnectorSelected":true,"isDraggable":1,"isDeletable":1,"hasElementMoved":false,"eventLog":[{"time":"1702310607005","type":"create node","value":[0]},{"time":"1702310607123","type":"selected","value":[true]},{"time":"1702310694054","type":"text","value":["Klimaschäden"]},{"time":"1702310694054","type":"value","value":[-3]},{"time":"1702310694054","type":"comment","value":["dadurch das die produktionen sollcher robot eine menge resourcen verbraucht, wird das klima drunter leiden da man die metalle und ähnliches wieder fördern muss."]},{"time":"1702310694054","type":"selected","value":[false]},{"time":"2023-12-11T16:04:54.593Z","type":"position","value":{"x":[187.4],"y":[676.6]}}],"isTextChangeable":1}],"connectors":[{"id":"705d6a41-9f6f-441f-ac73-4307e8f4b5ea","source":"670b9e0d-a2aa-4edc-a309-70b0d91bf7df","target":"8baa3709-ad34-4574-a138-d047dabcd93e","agreement":true,"isActive":true,"date":1702309803532,"kind":"Connector","isSelected":false,"intensity":3,"isDeletable":false,"isOver":false,"isBidirectional":false,"eventLog":[{"time":1702309803532,"type":"create connection"}]},{"id":"8b29df45-13a7-4240-953e-cc806320fee4","source":"670b9e0d-a2aa-4edc-a309-70b0d91bf7df","target":"184f3d68-58b7-4c9a-ad68-d6dba2aadf48","agreement":true,"isActive":true,"date":1702309803532,"kind":"Connector","isSelected":false,"intensity":3,"isDeletable":true,"isOver":false,"isBidirectional":false,"eventLog":[{"time":1702309803532,"type":"create connection"}]},{"id":"81ea3182-1cb6-4b80-ac82-c70d62f5d0d6","source":"184f3d68-58b7-4c9a-ad68-d6dba2aadf48","target":"8e2e4057-99cc-4d0a-8d2f-55e45864ec76","agreement":true,"isActive":true,"date":1702309939432,"kind":"Connector","isSelected":false,"intensity":9,"isDeletable":true,"isOver":false,"isBidirectional":false,"eventLog":[{"time":1702309939432,"type":"create connection"},{"time":1702309942502,"type":"selected","value":1},{"time":1702309942905,"type":"change intensity of connector","value":3},{"time":1702309942905,"type":"selected","value":0},{"time":1702309943530,"type":"selected","value":1},{"time":1702309947696,"type":"change intensity of connector","value":9},{"time":1702309947696,"type":"selected","value":0},{"time":1702309949264,"type":"selected","value":1},{"time":1702309950286,"type":"change intensity of connector","value":9},{"time":1702309950286,"type":"selected","value":0}]},{"id":"51bc54e7-ad3f-42f8-b424-a53599750bcc","source":"184f3d68-58b7-4c9a-ad68-d6dba2aadf48","target":"ff8eec9c-2d39-4c9b-b851-340a7c3334dd","agreement":true,"isActive":true,"date":1702310144165,"kind":"Connector","isSelected":false,"intensity":9,"isDeletable":true,"isOver":false,"isBidirectional":false,"eventLog":[{"time":1702310144165,"type":"create connection"},{"time":1702310156274,"type":"selected","value":1},{"time":1702310158576,"type":"change intensity of connector","value":9},{"time":1702310158576,"type":"selected","value":0}]},{"id":"44d15784-e59b-41dd-85c4-a3aeefe1176f","source":"8e2e4057-99cc-4d0a-8d2f-55e45864ec76","target":"4159001d-ed1d-4c46-b609-bf15c8688264","agreement":true,"isActive":true,"date":1702310248142,"kind":"Connector","isSelected":false,"intensity":6,"isDeletable":true,"isOver":false,"isBidirectional":false,"eventLog":[{"time":1702310248142,"type":"create connection"},{"time":1702310249555,"type":"selected","value":1},{"time":1702310251210,"type":"change intensity of connector","value":6},{"time":1702310251210,"type":"selected","value":0}]},{"id":"7261d5eb-94f4-487f-b174-c45545de45a9","source":"ce010019-27ac-4461-a564-f0dbdf2cf2de","target":"184f3d68-58b7-4c9a-ad68-d6dba2aadf48","agreement":true,"isActive":true,"date":1702310322530,"kind":"Connector","isSelected":false,"intensity":9,"isDeletable":true,"isOver":false,"isBidirectional":false,"eventLog":[{"time":1702310322530,"type":"create connection"},{"time":1702310324735,"type":"selected","value":1},{"time":1702310327838,"type":"change intensity of connector","value":9},{"time":1702310327838,"type":"selected","value":0}]},{"id":"224d356b-f2c5-4c06-9ef0-a67f4e42787c","source":"8baa3709-ad34-4574-a138-d047dabcd93e","target":"8585ef55-7596-4ebe-a014-15825dca1665","agreement":false,"isActive":true,"date":1702310391505,"kind":"Connector","isSelected":false,"intensity":6,"isDeletable":true,"isOver":false,"isBidirectional":false,"eventLog":[{"time":1702310391505,"type":"create connection"},{"time":1702310393168,"type":"selected","value":1},{"time":1702310398889,"type":"change intensity of connector","value":-6},{"time":1702310398889,"type":"selected","value":0}]},{"id":"8ec966c5-c845-4de2-8dc1-b81ad936d3a8","source":"d39f27f0-398d-439f-8f64-9df8e221c28e","target":"8baa3709-ad34-4574-a138-d047dabcd93e","agreement":false,"isActive":true,"date":1702310517512,"kind":"Connector","isSelected":false,"intensity":6,"isDeletable":true,"isOver":false,"isBidirectional":false,"eventLog":[{"time":1702310517512,"type":"create connection"},{"time":1702310519609,"type":"selected","value":1},{"time":1702310521186,"type":"change intensity of connector","value":-6},{"time":1702310521186,"type":"selected","value":0}]},{"id":"36a287d1-3e29-423a-b8aa-8aafdf4f4b6a","source":"8baa3709-ad34-4574-a138-d047dabcd93e","target":"c96e4574-7b7f-4e11-9242-b296e99b983d","agreement":false,"isActive":true,"date":1702310574848,"kind":"Connector","isSelected":false,"intensity":9,"isDeletable":true,"isOver":false,"isBidirectional":false,"eventLog":[{"time":1702310574848,"type":"create connection"},{"time":1702310576820,"type":"selected","value":1},{"time":1702310578073,"type":"change intensity of connector","value":-9},{"time":1702310578073,"type":"selected","value":0}]},{"id":"b299eec5-b0ef-43b5-8f8e-a6cda7b7dcda","source":"8585ef55-7596-4ebe-a014-15825dca1665","target":"90ebcfc5-ef0d-4a7f-a481-28c11c99ead7","agreement":false,"isActive":true,"date":1702310695359,"kind":"Connector","isSelected":false,"intensity":9,"isDeletable":true,"isOver":false,"isBidirectional":false,"eventLog":[{"time":1702310695359,"type":"create connection"},{"time":1702310696367,"type":"selected","value":1},{"time":1702310698234,"type":"change intensity of connector","value":-9},{"time":1702310698234,"type":"selected","value":0}]}],"currentID":["b299eec5-b0ef-43b5-8f8e-a6cda7b7dcda"],"currentNode":{},"hasSelectedNode":[false],"currentConnector":{"id":["b299eec5-b0ef-43b5-8f8e-a6cda7b7dcda"],"value":{},"source":["8585ef55-7596-4ebe-a014-15825dca1665"],"target":["90ebcfc5-ef0d-4a7f-a481-28c11c99ead7"],"agreement":[false],"isActive":[true],"date":[1702310695359],"kind":["Connector"],"isSelected":[false],"intensity":[9],"isDeletable":[true],"isOver":[false],"isBidirectional":[false],"eventLog":[{"time":1702310695359,"type":"create connection"},{"time":1702310696367,"type":"selected","value":1},{"time":1702310698234,"type":"change intensity of connector","value":-9},{"time":1702310698234,"type":"selected","value":0}]},"hasSelectedConnector":[true],"readyToMove":[false],"isIncoming":[false],"hasElementMoved":[false]}
