{"idCAM":["2e4cfec5-cd3c-4dfa-bd62-ba6dc7a10fce"],"creator":["6519d311acb10856b9cff800_pre"],"projectCAM":["S2_CAM part 1"],"defocusCAM":[],"date":[1702310468681],"nodes":[{"id":"c86edee6-f3c7-4bc5-8ada-bbed7d1e2be2","value":10,"text":"social assistance robot","comment":"","position":{"x":650,"y":400},"isActive":true,"date":1702310469580,"kind":"Node","isSelected":false,"isConnectorSelected":false,"isDraggable":0,"isDeletable":0,"hasElementMoved":false,"eventLog":[{"time":1702310469580,"type":"create node","value":0},{"time":1702310490501,"type":"selected","value":1},{"time":1702310490909,"type":"selected","value":0},{"time":1702310494528,"type":"selected","value":1},{"time":1702310494934,"type":"selected","value":0},{"time":1702310495456,"type":"selected","value":1},{"time":1702310499999,"type":"value","value":10},{"time":1702310499999,"type":"selected","value":0}],"isTextChangeable":0},{"id":"c3f2c0fd-4c99-4385-b357-f37795f9fe77","value":0,"text":"disadvantages","comment":"","position":{"x":450,"y":400},"isActive":true,"date":1702310469580,"kind":"Node","isSelected":false,"isConnectorSelected":false,"isDraggable":0,"isDeletable":0,"hasElementMoved":false,"eventLog":[{"time":1702310469580,"type":"create node","value":0}],"isTextChangeable":0},{"id":"30727fca-2373-4ddb-9788-c4ef1fee08e5","value":0,"text":"advantages","comment":"","position":{"x":850,"y":400},"isActive":true,"date":1702310469580,"kind":"Node","isSelected":false,"isConnectorSelected":false,"isDraggable":0,"isDeletable":0,"hasElementMoved":false,"eventLog":[{"time":1702310469580,"type":"create node","value":0}],"isTextChangeable":0},{"id":"702a7e84-f99f-41c7-93cd-eb63d6fdba5a","value":3,"text":"relief of care","comment":"Anyone who works in care is overwhelmed. We could help the nurses and the patients.","position":{"x":1099,"y":393},"isActive":true,"date":1702310501939,"kind":"Node","isSelected":false,"isConnectorSelected":false,"isDraggable":1,"isDeletable":1,"hasElementMoved":false,"eventLog":[{"time":"1702310501939","type":"create node","value":[0]},{"time":"1702310503187","type":"selected","value":[true]},{"time":"1702310550956","type":"text","value":["Entlastung der Pflege"]},{"time":"1702310550956","type":"comment","value":["Wer in der Pflege arbeitet ist überlastet. Man könnte den Pflegern und den Patienten helfen"]},{"time":"1702310550956","type":"selected","value":[false]},{"time":"1702310553348","type":"selected","value":[true]},{"time":"1702310556335","type":"value","value":[3]},{"time":"1702310556335","type":"selected","value":[false]},{"time":"2023-12-11T16:02:37.048Z","type":"position","value":{"x":[711],"y":[495]}},{"time":"2023-12-11T16:02:37.226Z","type":"position","value":{"x":[870],"y":[520]}},{"time":"2023-12-11T16:05:30.012Z","type":"position","value":{"x":[975],"y":[536]}},{"time":"2023-12-11T16:08:29.217Z","type":"position","value":{"x":[1068],"y":[488]}}],"isTextChangeable":1},{"id":"6e5b98c5-416c-4399-934d-2fc0f7cd5a09","value":10,"text":"safety (care)","comment":"Robots can guarantee safety through accuracy or cause harm to humans (care)","position":{"x":651,"y":501},"isActive":true,"date":1702310566019,"kind":"Node","isSelected":false,"isConnectorSelected":false,"isDraggable":1,"isDeletable":1,"hasElementMoved":false,"eventLog":[{"time":"1702310566019","type":"create node","value":[0]},{"time":"1702310567208","type":"selected","value":[true]},{"time":"1702310606768","type":"text","value":["Sicherheit (Pflege)"]},{"time":"1702310606768","type":"value","value":[10]},{"time":"1702310606768","type":"comment","value":["Roboter können durch Genauigkeit Sicherheit garantieren oder Menschen schaden zufügen (Pflege)"]},{"time":"1702310606768","type":"selected","value":[false]},{"time":"2023-12-11T16:03:28.195Z","type":"position","value":{"x":[970],"y":[163]}},{"time":"2023-12-11T16:03:28.368Z","type":"position","value":{"x":[819],"y":[137]}},{"time":"2023-12-11T16:03:28.502Z","type":"position","value":{"x":[666],"y":[136]}},{"time":"2023-12-11T16:03:32.907Z","type":"position","value":{"x":[646],"y":[147]}},{"time":"2023-12-11T16:03:33.010Z","type":"position","value":{"x":[582],"y":[300]}},{"time":"2023-12-11T16:03:33.068Z","type":"position","value":{"x":[528],"y":[460]}},{"time":"2023-12-11T16:03:33.293Z","type":"position","value":{"x":[519],"y":[612]}},{"time":"2023-12-11T16:03:33.652Z","type":"position","value":{"x":[496],"y":[649]}},{"time":"2023-12-11T16:03:34.235Z","type":"position","value":{"x":[646],"y":[596]}},{"time":"2023-12-11T16:07:50.702Z","type":"position","value":{"x":[629],"y":[609]}}],"isTextChangeable":1},{"id":"7f350b4b-4388-469e-ac1d-beb72b54a77b","value":-2,"text":"dehumanization","comment":"People are becoming increasingly distant from each other","position":{"x":466,"y":196},"isActive":true,"date":1702310625329,"kind":"Node","isSelected":false,"isConnectorSelected":false,"isDraggable":1,"isDeletable":1,"hasElementMoved":false,"eventLog":[{"time":"1702310625329","type":"create node","value":[0]},{"time":"1702310627246","type":"selected","value":[true]},{"time":"1702310647329","type":"text","value":["Dehumanisierung"]},{"time":"1702310647329","type":"value","value":[-3]},{"time":"1702310647329","type":"comment","value":["Menschen werden immer mehr voneinander entfernt"]},{"time":"1702310647329","type":"selected","value":[false]},{"time":"2023-12-11T16:04:08.396Z","type":"position","value":{"x":[729],"y":[229]}},{"time":"2023-12-11T16:04:08.586Z","type":"position","value":{"x":[579],"y":[220]}},{"time":"1702310650470","type":"selected","value":[true]},{"time":"1702310652063","type":"value","value":[-2]},{"time":"1702310652063","type":"selected","value":[false]}],"isTextChangeable":1},{"id":"bd9e009b-4067-4d3f-abaa-4c5229da2bd8","value":2,"text":"support instead of exchange","comment":"Assistance systems can support people who want to help other people without replacing them","position":{"x":827,"y":178},"isActive":true,"date":1702310653684,"kind":"Node","isSelected":false,"isConnectorSelected":false,"isDraggable":1,"isDeletable":1,"hasElementMoved":false,"eventLog":[{"time":"1702310653684","type":"create node","value":[0]},{"time":"1702310654800","type":"selected","value":[true]},{"time":"1702310715497","type":"text","value":["Unterstützung statt Austausch"]},{"time":"1702310715497","type":"value","value":[2]},{"time":"1702310715497","type":"comment","value":["Assistenzsysteme können Menschen unterstützen, die anderen Menschen helfen wollen ohne sie auszutauschen"]},{"time":"1702310715497","type":"selected","value":[false]},{"time":"2023-12-11T16:05:15.986Z","type":"position","value":{"x":[630],"y":[214]}},{"time":"2023-12-11T16:05:16.162Z","type":"position","value":{"x":[785],"y":[201]}},{"time":"2023-12-11T16:05:31.558Z","type":"position","value":{"x":[889],"y":[159]}}],"isTextChangeable":1},{"id":"3cb00f76-54b8-4537-b8e2-c0794727e226","value":-3,"text":"therapy robot","comment":"People should help people and not be replaced by robots","position":{"x":657,"y":127},"isActive":true,"date":1702310725836,"kind":"Node","isSelected":false,"isConnectorSelected":false,"isDraggable":1,"isDeletable":1,"hasElementMoved":false,"eventLog":[{"time":"1702310725836","type":"create node","value":[0]},{"time":"1702310727391","type":"selected","value":[true]},{"time":"1702310729044","type":"selected","value":[false]},{"time":"1702310734968","type":"selected","value":[true]},{"time":"1702310739364","type":"selected","value":[false]},{"time":"1702310750057","type":"selected","value":[true]},{"time":"1702310803316","type":"text","value":["Therapieroboter"]},{"time":"1702310803316","type":"value","value":[-3]},{"time":"1702310803316","type":"comment","value":["Menschen sollten Menschen helfen und nicht durch Roboter ersetzt werden"]},{"time":"1702310803316","type":"selected","value":[false]},{"time":"2023-12-11T16:06:44.347Z","type":"position","value":{"x":[1048],"y":[191]}},{"time":"2023-12-11T16:06:44.463Z","type":"position","value":{"x":[894],"y":[164]}},{"time":"2023-12-11T16:06:44.513Z","type":"position","value":{"x":[731],"y":[127]}}],"isTextChangeable":1},{"id":"182e4ae4-86ef-424f-b52d-015a76217961","value":2,"text":"save resources","comment":"Fewer workers may be needed to perform the same tasks","position":{"x":701,"y":271},"isActive":true,"date":1702310822568,"kind":"Node","isSelected":false,"isConnectorSelected":false,"isDraggable":1,"isDeletable":1,"hasElementMoved":false,"eventLog":[{"time":"1702310822568","type":"create node","value":[0]},{"time":"1702310824271","type":"selected","value":[true]},{"time":"1702310850052","type":"text","value":["Ressourcen einsparen"]},{"time":"1702310850052","type":"value","value":[2]},{"time":"1702310850052","type":"comment","value":["Weniger Arbeitskräfte könnten gebraucht werden, um dieselben Aufgaben zu erfüllen"]},{"time":"1702310850052","type":"selected","value":[false]},{"time":"2023-12-11T16:07:31.209Z","type":"position","value":{"x":[1086],"y":[337]}},{"time":"2023-12-11T16:07:49.155Z","type":"position","value":{"x":[1112],"y":[266]}},{"time":"2023-12-11T16:07:49.248Z","type":"position","value":{"x":[1133],"y":[430]}},{"time":"2023-12-11T16:07:49.324Z","type":"position","value":{"x":[1110],"y":[582]}},{"time":"2023-12-11T16:07:49.499Z","type":"position","value":{"x":[958],"y":[643]}},{"time":"2023-12-11T16:08:02.783Z","type":"position","value":{"x":[895],"y":[635]}},{"time":"2023-12-11T16:08:02.982Z","type":"position","value":{"x":[791],"y":[483]}},{"time":"2023-12-11T16:08:03.057Z","type":"position","value":{"x":[742],"y":[391]}},{"time":"2023-12-11T16:08:03.116Z","type":"position","value":{"x":[720],"y":[333]}},{"time":"2023-12-11T16:08:21.095Z","type":"position","value":{"x":[759],"y":[231]}}],"isTextChangeable":1},{"id":"2f3fb1e2-14b7-465a-9113-8e0f72ba306c","value":0,"text":"","comment":"","position":{"x":695,"y":575},"isActive":false,"date":1702310872139,"kind":"Node","isSelected":false,"isConnectorSelected":false,"isDraggable":1,"isDeletable":1,"hasElementMoved":false,"eventLog":[{"time":"1702310872139","type":"create node","value":[0]},{"time":"2023-12-11T16:07:53.148Z","type":"position","value":{"x":[718],"y":[558]}},{"time":"1702310874514","type":"selected","value":[true]},{"time":"1702310875369","type":"node was deleted","value":[-99]}],"isTextChangeable":1},{"id":"a04dd9e7-9cc9-4593-a8d3-a1656c48558b","value":0,"text":"technical progress","comment":"Technology is not ready to recognize human emotions on a large scale and work like humans in the form of robots. Therefore, no safety can be guaranteed.","position":{"x":654,"y":690},"isActive":true,"date":1702310913285,"kind":"Node","isSelected":false,"isConnectorSelected":false,"isDraggable":1,"isDeletable":1,"hasElementMoved":false,"eventLog":[{"time":"1702310913285","type":"create node","value":[0]},{"time":"1702310914616","type":"selected","value":[true]},{"time":"1702310996915","type":"text","value":["Technischer Fortschritt"]},{"time":"1702310996915","type":"comment","value":["Die Technik ist nicht bereit großflächig in Form von Robotern Gefühle von Menschen zu erkennen und wie Menschen zu arbeiten"]},{"time":"1702310996915","type":"selected","value":[false]},{"time":"2023-12-11T16:09:57.951Z","type":"position","value":{"x":[528],"y":[620]}},{"time":"2023-12-11T16:09:58.134Z","type":"position","value":{"x":[693],"y":[636]}},{"time":"2023-12-11T16:09:58.192Z","type":"position","value":{"x":[861],"y":[623]}},{"time":"1702311010592","type":"selected","value":[true]},{"time":"1702311023016","type":"comment","value":["Die Technik ist nicht bereit großflächig in Form von Robotern Gefühle von Menschen zu erkennen und wie Menschen zu arbeiten. So kann keine Sicherheit garantiert werden."]},{"time":"1702311023016","type":"selected","value":[false]},{"time":"2023-12-11T16:10:28.199Z","type":"position","value":{"x":[945],"y":[544]}},{"time":"1702311045207","type":"selected","value":[true]},{"time":"1702311047132","type":"selected","value":[false]},{"time":"2023-12-11T16:12:03.875Z","type":"position","value":{"x":[926],"y":[594]}},{"time":"2023-12-11T16:12:05.020Z","type":"position","value":{"x":[772],"y":[617]}}],"isTextChangeable":1},{"id":"ef8c67cc-dc7b-4dd8-9d89-b740f9ffe727","value":-3,"text":"knowledge decay","comment":"If people no longer have to learn the concepts, they will no longer be able to apply them and will not pass them on.","position":{"x":240,"y":392},"isActive":true,"date":1702311048465,"kind":"Node","isSelected":false,"isConnectorSelected":false,"isDraggable":1,"isDeletable":1,"hasElementMoved":false,"eventLog":[{"time":"1702311048465","type":"create node","value":[0]},{"time":"1702311050098","type":"selected","value":[true]},{"time":"1702311050504","type":"selected","value":[false]},{"time":"1702311051819","type":"selected","value":[true]},{"time":"1702311091568","type":"text","value":["Wissensverfall"]},{"time":"1702311091568","type":"value","value":[-3]},{"time":"1702311091568","type":"comment","value":["Wenn Menschen die Konzepte nicht mehr lernen müssen, werden sie es nicht mehr anwenden können und geben es nicht weiter."]},{"time":"1702311091568","type":"selected","value":[false]},{"time":"2023-12-11T16:11:41.194Z","type":"position","value":{"x":[240],"y":[499]}}],"isTextChangeable":1},{"id":"64cff1bb-3e5e-46a1-a110-a3dd9e0a1d3c","value":-2,"text":"expensive","comment":"Who will be able to afford this kind of therapy or support at all?","position":{"x":442,"y":688},"isActive":true,"date":1702311127768,"kind":"Node","isSelected":false,"isConnectorSelected":false,"isDraggable":1,"isDeletable":1,"hasElementMoved":false,"eventLog":[{"time":"1702311127768","type":"create node","value":[0]},{"time":"2023-12-11T16:12:08.683Z","type":"position","value":{"x":[769],"y":[668]}},{"time":"1702311137970","type":"selected","value":[true]},{"time":"1702311169027","type":"text","value":["Teuer"]},{"time":"1702311169027","type":"value","value":[-2]},{"time":"1702311169027","type":"comment","value":["Wer wird sich diese Art Therapie oder Unterstützung überhaupt leisten können?"]},{"time":"1702311169027","type":"selected","value":[false]},{"time":"2023-12-11T16:12:55.316Z","type":"position","value":{"x":[941],"y":[537]}},{"time":"2023-12-11T16:12:58.341Z","type":"position","value":{"x":[922],"y":[618]}},{"time":"2023-12-11T16:12:58.663Z","type":"position","value":{"x":[771],"y":[672]}},{"time":"2023-12-11T16:12:58.746Z","type":"position","value":{"x":[619],"y":[666]}},{"time":"2023-12-11T16:12:59.112Z","type":"position","value":{"x":[469],"y":[677]}}],"isTextChangeable":1},{"id":"7b461bb7-17d6-401d-afd0-49ab26fdca7b","value":-3,"text":"social inequality","comment":"Is this type of therapy only made available to people with enough money?","position":{"x":251,"y":569},"isActive":true,"date":1702311192229,"kind":"Node","isSelected":false,"isConnectorSelected":false,"isDraggable":1,"isDeletable":1,"hasElementMoved":false,"eventLog":[{"time":1702311192229,"type":"create node","value":"0"},{"time":1702311195406,"type":"selected","value":"TRUE"},{"time":1702311223548,"type":"text","value":"Soziale Ungleichheit"},{"time":1702311223548,"type":"comment","value":"Wird diese Art Therapie nur den Leuten mit genügend Geld zur Verfügung gestellt?"},{"time":1702311223548,"type":"selected","value":"FALSE"},{"time":1702311228323,"type":"selected","value":"TRUE"},{"time":1702311229923,"type":"value","value":"-3"},{"time":1702311229923,"type":"selected","value":"FALSE"}],"isTextChangeable":1}],"connectors":[{"id":"f77ac03b-ef03-4f74-a759-1566fe453cb1","source":"c86edee6-f3c7-4bc5-8ada-bbed7d1e2be2","target":"c3f2c0fd-4c99-4385-b357-f37795f9fe77","agreement":true,"isActive":true,"date":1702310469580,"kind":"Connector","isSelected":false,"intensity":9,"isDeletable":false,"isOver":false,"isBidirectional":false,"eventLog":[{"time":1702310469580,"type":"create connection"},{"time":1702310863105,"type":"selected","value":1},{"time":1702310864888,"type":"change intensity of connector","value":9},{"time":1702310864888,"type":"selected","value":0}]},{"id":"83280819-778b-4853-884c-8bdac86a7543","source":"c86edee6-f3c7-4bc5-8ada-bbed7d1e2be2","target":"30727fca-2373-4ddb-9788-c4ef1fee08e5","agreement":true,"isActive":true,"date":1702310469580,"kind":"Connector","isSelected":false,"intensity":3,"isDeletable":true,"isOver":false,"isBidirectional":false,"eventLog":[{"time":1702310469580,"type":"create connection"}]},{"id":"f1034479-0a98-4ef8-918d-2f50768b11b6","source":"30727fca-2373-4ddb-9788-c4ef1fee08e5","target":"702a7e84-f99f-41c7-93cd-eb63d6fdba5a","agreement":true,"isActive":true,"date":1702310558777,"kind":"Connector","isSelected":false,"intensity":9,"isDeletable":true,"isOver":false,"isBidirectional":false,"eventLog":[{"time":1702310558777,"type":"create connection"},{"time":1702310561052,"type":"selected","value":1},{"time":1702310563049,"type":"change intensity of connector","value":9},{"time":1702310563049,"type":"selected","value":0}]},{"id":"953359ff-b529-4ae5-8ffa-d1a855b4cc04","source":"6e5b98c5-416c-4399-934d-2fc0f7cd5a09","target":"30727fca-2373-4ddb-9788-c4ef1fee08e5","agreement":true,"isActive":true,"date":1702310616575,"kind":"Connector","isSelected":false,"intensity":3,"isDeletable":true,"isOver":false,"isBidirectional":false,"eventLog":[{"time":1702310616575,"type":"create connection"}]},{"id":"5f5c0406-3657-456c-8c8b-3962d03954d7","source":"6e5b98c5-416c-4399-934d-2fc0f7cd5a09","target":"c3f2c0fd-4c99-4385-b357-f37795f9fe77","agreement":true,"isActive":true,"date":1702310617718,"kind":"Connector","isSelected":false,"intensity":3,"isDeletable":true,"isOver":false,"isBidirectional":false,"eventLog":[{"time":1702310617718,"type":"create connection"}]},{"id":"900bcae8-fdc2-415f-9508-9a99dc838036","source":"7f350b4b-4388-469e-ac1d-beb72b54a77b","target":"c3f2c0fd-4c99-4385-b357-f37795f9fe77","agreement":true,"isActive":true,"date":1702310653050,"kind":"Connector","isSelected":false,"intensity":3,"isDeletable":true,"isOver":false,"isBidirectional":false,"eventLog":[{"time":1702310653050,"type":"create connection"}]},{"id":"c8dbdbb1-753c-4e00-a6be-c8d305feb949","source":"bd9e009b-4067-4d3f-abaa-4c5229da2bd8","target":"30727fca-2373-4ddb-9788-c4ef1fee08e5","agreement":true,"isActive":true,"date":1702310717850,"kind":"Connector","isSelected":false,"intensity":6,"isDeletable":true,"isOver":false,"isBidirectional":false,"eventLog":[{"time":1702310717850,"type":"create connection"},{"time":1702310857594,"type":"selected","value":1},{"time":1702310859134,"type":"change intensity of connector","value":6},{"time":1702310859134,"type":"selected","value":0}]},{"id":"3367ab61-ac66-43cb-8b4c-e07c10842fc8","source":"3cb00f76-54b8-4537-b8e2-c0794727e226","target":"7f350b4b-4388-469e-ac1d-beb72b54a77b","agreement":true,"isActive":true,"date":1702310808734,"kind":"Connector","isSelected":false,"intensity":9,"isDeletable":true,"isOver":false,"isBidirectional":false,"eventLog":[{"time":1702310808734,"type":"create connection"},{"time":1702310810885,"type":"selected","value":1},{"time":1702310812448,"type":"change intensity of connector","value":9},{"time":1702310812448,"type":"selected","value":0}]},{"id":"3fec145f-51cd-4e41-aeac-323270de59d2","source":"3cb00f76-54b8-4537-b8e2-c0794727e226","target":"bd9e009b-4067-4d3f-abaa-4c5229da2bd8","agreement":false,"isActive":true,"date":1702310813506,"kind":"Connector","isSelected":false,"intensity":6,"isDeletable":true,"isOver":false,"isBidirectional":false,"eventLog":[{"time":1702310813506,"type":"create connection"},{"time":1702310815408,"type":"selected","value":1},{"time":1702310816919,"type":"change intensity of connector","value":-6},{"time":1702310816919,"type":"selected","value":0}]},{"id":"d68dea51-cb28-4690-befd-a05c0ffec1af","source":"182e4ae4-86ef-424f-b52d-015a76217961","target":"30727fca-2373-4ddb-9788-c4ef1fee08e5","agreement":true,"isActive":true,"date":1702310853367,"kind":"Connector","isSelected":false,"intensity":3,"isDeletable":true,"isOver":false,"isBidirectional":false,"eventLog":[{"time":1702310853367,"type":"create connection"},{"time":1702310855498,"type":"selected","value":1},{"time":1702310856651,"type":"change intensity of connector","value":3},{"time":1702310856651,"type":"selected","value":0}]},{"id":"eb5a568a-70a2-4430-ab72-f4b4dbe3b684","source":"182e4ae4-86ef-424f-b52d-015a76217961","target":"7f350b4b-4388-469e-ac1d-beb72b54a77b","agreement":true,"isActive":true,"date":1702310885609,"kind":"Connector","isSelected":false,"intensity":6,"isDeletable":true,"isOver":false,"isBidirectional":false,"eventLog":[{"time":1702310885609,"type":"create connection"},{"time":1702310892407,"type":"selected","value":1},{"time":1702310894177,"type":"change intensity of connector","value":6},{"time":1702310894177,"type":"selected","value":0}]},{"id":"29e71899-35f6-460a-a910-e861292742cf","source":"bd9e009b-4067-4d3f-abaa-4c5229da2bd8","target":"182e4ae4-86ef-424f-b52d-015a76217961","agreement":false,"isActive":true,"date":1702310902864,"kind":"Connector","isSelected":false,"intensity":3,"isDeletable":true,"isOver":false,"isBidirectional":false,"eventLog":[{"time":1702310902864,"type":"create connection"},{"time":1702310905227,"type":"selected","value":1},{"time":1702310907574,"type":"change intensity of connector","value":-3},{"time":1702310907574,"type":"selected","value":0}]},{"id":"e958eb86-4412-44d7-b937-18bc012de6a7","source":"a04dd9e7-9cc9-4593-a8d3-a1656c48558b","target":"6e5b98c5-416c-4399-934d-2fc0f7cd5a09","agreement":false,"isActive":true,"date":1702311003152,"kind":"Connector","isSelected":false,"intensity":6,"isDeletable":true,"isOver":false,"isBidirectional":false,"eventLog":[{"time":1702311003152,"type":"create connection"},{"time":1702311007369,"type":"selected","value":1},{"time":1702311009901,"type":"change intensity of connector","value":-6},{"time":1702311009901,"type":"selected","value":0}]},{"id":"29e9f456-6261-42b7-8932-019e962f9375","source":"a04dd9e7-9cc9-4593-a8d3-a1656c48558b","target":"702a7e84-f99f-41c7-93cd-eb63d6fdba5a","agreement":true,"isActive":false,"date":1702311030391,"kind":"Connector","isSelected":false,"intensity":3,"isDeletable":true,"isOver":false,"isBidirectional":false,"eventLog":[{"time":1702311030391,"type":"create connection"},{"time":1702311034717,"type":"selected","value":1},{"time":1702311035598,"type":"change intensity of connector","value":3},{"time":1702311035598,"type":"selected","value":0},{"time":1702311037016,"type":"selected","value":1},{"time":1702311037958,"type":"connector was deleted","value":-99},{"time":1702311037958,"type":"active","value":0}]},{"id":"16e60714-8c74-48fe-a4a9-0ddee791b727","source":"ef8c67cc-dc7b-4dd8-9d89-b740f9ffe727","target":"c3f2c0fd-4c99-4385-b357-f37795f9fe77","agreement":true,"isActive":true,"date":1702311094154,"kind":"Connector","isSelected":false,"intensity":9,"isDeletable":true,"isOver":false,"isBidirectional":false,"eventLog":[{"time":1702311094154,"type":"create connection"},{"time":1702311095597,"type":"selected","value":1},{"time":1702311097262,"type":"change intensity of connector","value":9},{"time":1702311097262,"type":"selected","value":0}]},{"id":"f943161d-6b86-475e-9a5f-b82efb44f90b","source":"ef8c67cc-dc7b-4dd8-9d89-b740f9ffe727","target":"7f350b4b-4388-469e-ac1d-beb72b54a77b","agreement":true,"isActive":true,"date":1702311099731,"kind":"Connector","isSelected":false,"intensity":9,"isDeletable":true,"isOver":false,"isBidirectional":false,"eventLog":[{"time":1702311099731,"type":"create connection"},{"time":1702311102829,"type":"selected","value":1},{"time":1702311104591,"type":"change intensity of connector","value":9},{"time":1702311104591,"type":"selected","value":0}]},{"id":"7c3a0288-5ada-454c-ba38-9c23f01e2297","source":"182e4ae4-86ef-424f-b52d-015a76217961","target":"ef8c67cc-dc7b-4dd8-9d89-b740f9ffe727","agreement":true,"isActive":true,"date":1702311108305,"kind":"Connector","isSelected":false,"intensity":6,"isDeletable":true,"isOver":false,"isBidirectional":false,"eventLog":[{"time":1702311108305,"type":"create connection"},{"time":1702311111610,"type":"selected","value":1},{"time":1702311112014,"type":"change intensity of connector","value":3},{"time":1702311112014,"type":"selected","value":0},{"time":1702311113006,"type":"selected","value":1},{"time":1702311115947,"type":"change intensity of connector","value":6},{"time":1702311115947,"type":"selected","value":0}]},{"id":"f53b1f70-e1e4-440e-8980-613ce233a21f","source":"64cff1bb-3e5e-46a1-a110-a3dd9e0a1d3c","target":"a04dd9e7-9cc9-4593-a8d3-a1656c48558b","agreement":true,"isActive":true,"date":1702311170422,"kind":"Connector","isSelected":false,"intensity":6,"isDeletable":true,"isOver":false,"isBidirectional":false,"eventLog":[{"time":1702311170422,"type":"create connection"},{"time":1702311171705,"type":"selected","value":1},{"time":1702311173881,"type":"change intensity of connector","value":6},{"time":1702311173881,"type":"selected","value":0}]},{"id":"2272ff9c-fd3b-445c-bcd0-5c32eb647a00","source":"c3f2c0fd-4c99-4385-b357-f37795f9fe77","target":"64cff1bb-3e5e-46a1-a110-a3dd9e0a1d3c","agreement":true,"isActive":true,"date":1702311181883,"kind":"Connector","isSelected":false,"intensity":3,"isDeletable":true,"isOver":false,"isBidirectional":false,"eventLog":[{"time":1702311181883,"type":"create connection"},{"time":1702311182686,"type":"selected","value":1},{"time":1702311188759,"type":"change intensity of connector","value":3},{"time":1702311188759,"type":"selected","value":0}]},{"id":"834a5ada-dad4-4471-b21c-9abe936c74a9","source":"7b461bb7-17d6-401d-afd0-49ab26fdca7b","target":"64cff1bb-3e5e-46a1-a110-a3dd9e0a1d3c","agreement":true,"isActive":true,"date":1702311233318,"kind":"Connector","isSelected":false,"intensity":9,"isDeletable":true,"isOver":false,"isBidirectional":false,"eventLog":[{"time":1702311233318,"type":"create connection"},{"time":1702311234786,"type":"selected","value":1},{"time":1702311236690,"type":"change intensity of connector","value":9},{"time":1702311236690,"type":"selected","value":0}]},{"id":"4df56a0c-10a4-4b85-b500-f1c5c22ac690","source":"7b461bb7-17d6-401d-afd0-49ab26fdca7b","target":"c3f2c0fd-4c99-4385-b357-f37795f9fe77","agreement":true,"isActive":true,"date":1702311238845,"kind":"Connector","isSelected":false,"intensity":3,"isDeletable":true,"isOver":false,"isBidirectional":false,"eventLog":[{"time":1702311238845,"type":"create connection"}]}],"currentID":{},"currentNode":{},"hasSelectedNode":[false],"currentConnector":{},"hasSelectedConnector":[false],"readyToMove":[false],"isIncoming":[false],"hasElementMoved":[false]}
