{"idCAM":["907d231a-ad1b-4c66-a771-6e19990aa1e6"],"creator":["651d789e7d36a58fab803b09_pre"],"projectCAM":["S2_CAM part 1"],"defocusCAM":[4333.9,1742.6],"date":[1702310003425],"nodes":[{"id":"9a86f1a5-ac53-4373-90bb-951ff08d35c8","value":0,"text":"Rettungsroboter","comment":"","position":{"x":650,"y":400},"isActive":true,"date":1702310004342,"kind":"Node","isSelected":false,"isConnectorSelected":false,"isDraggable":0,"isDeletable":0,"hasElementMoved":false,"eventLog":[{"time":1702310004342,"type":"create node","value":0}],"isTextChangeable":0},{"id":"4f1682ab-f5a0-4a12-901c-7f2438d89213","value":0,"text":"Nachteile","comment":"","position":{"x":450,"y":400},"isActive":true,"date":1702310004343,"kind":"Node","isSelected":false,"isConnectorSelected":false,"isDraggable":0,"isDeletable":0,"hasElementMoved":false,"eventLog":[{"time":1702310004343,"type":"create node","value":0},{"time":1702310799269,"type":"selected","value":1},{"time":1702310800567,"type":"selected","value":0}],"isTextChangeable":0},{"id":"36bd97a1-22cc-4022-abfd-20dbae7d18ff","value":0,"text":"Vorteile","comment":"","position":{"x":850,"y":400},"isActive":true,"date":1702310004343,"kind":"Node","isSelected":false,"isConnectorSelected":false,"isDraggable":0,"isDeletable":0,"hasElementMoved":false,"eventLog":[{"time":1702310004343,"type":"create node","value":0}],"isTextChangeable":0},{"id":"a2480795-376b-4441-b7ae-ebf21fe0402a","value":2,"text":"präziser als Menschen","comment":"kein Angst bei gefährliche Situationen","position":{"x":1044.4,"y":317.6},"isActive":true,"date":1702310013021,"kind":"Node","isSelected":false,"isConnectorSelected":false,"isDraggable":1,"isDeletable":1,"hasElementMoved":false,"eventLog":[{"time":1702310013021,"type":"create node","value":"0"},{"time":1702310013162,"type":"selected","value":"TRUE"},{"time":1702310014259,"type":"selected","value":"FALSE"},{"time":1702310251942,"type":"selected","value":"TRUE"},{"time":1702310444398,"type":"text","value":"präziser als Menschen"},{"time":1702310444398,"type":"value","value":"2"},{"time":1702310444398,"type":"comment","value":"kein Angst bei gefährliche Situationen"},{"time":1702310444398,"type":"selected","value":"FALSE"}],"isTextChangeable":1},{"id":"9f402e0c-b392-4c74-b30b-badd02d1eeee","value":10,"text":"Spezialisten zum Steuern","comment":"","position":{"x":1025.4,"y":417.6},"isActive":true,"date":1702310015182,"kind":"Node","isSelected":false,"isConnectorSelected":false,"isDraggable":1,"isDeletable":1,"hasElementMoved":false,"eventLog":[{"time":1702310015182,"type":"create node","value":"0"},{"time":1702310015296,"type":"selected","value":"TRUE"},{"time":1702310016309,"type":"selected","value":"FALSE"},{"time":1702310447713,"type":"selected","value":"TRUE"},{"time":1702310576817,"type":"selected","value":"FALSE"},{"time":1702310578027,"type":"selected","value":"TRUE"},{"time":1702310636607,"type":"text","value":"Spezialisten zum Steuern"},{"time":1702310636607,"type":"value","value":"10"},{"time":1702310636607,"type":"selected","value":"FALSE"}],"isTextChangeable":1},{"id":"a6410306-0ddc-4f67-9906-fefda260c227","value":10,"text":"noch nicht zuverlässig","comment":"","position":{"x":1013.4,"y":520.6},"isActive":true,"date":1702310016942,"kind":"Node","isSelected":false,"isConnectorSelected":false,"isDraggable":1,"isDeletable":1,"hasElementMoved":false,"eventLog":[{"time":1702310016942,"type":"create node","value":"0"},{"time":1702310017094,"type":"selected","value":"TRUE"},{"time":1702310018186,"type":"selected","value":"FALSE"},{"time":1702310641094,"type":"selected","value":"TRUE"},{"time":1702310709711,"type":"text","value":"noch nicht zuverlässig"},{"time":1702310709711,"type":"value","value":"10"},{"time":1702310709711,"type":"selected","value":"FALSE"}],"isTextChangeable":1},{"id":"0f8e7303-2ea1-425d-b3d6-94dcdc9716a1","value":-2,"text":"Teuer","comment":"","position":{"x":863.4,"y":570.6},"isActive":true,"date":1702310018863,"kind":"Node","isSelected":false,"isConnectorSelected":false,"isDraggable":1,"isDeletable":1,"hasElementMoved":false,"eventLog":[{"time":1702310018863,"type":"create node","value":"0"},{"time":1702310712295,"type":"selected","value":"TRUE"},{"time":1702310735534,"type":"text","value":"Teuer"},{"time":1702310735534,"type":"value","value":"2"},{"time":1702310735534,"type":"selected","value":"FALSE"},{"time":1702310744813,"type":"selected","value":"TRUE"},{"time":1702310747985,"type":"value","value":"-2"},{"time":1702310747985,"type":"selected","value":"FALSE"}],"isTextChangeable":1},{"id":"073f4c09-f69b-4d66-8156-70dbe0c2ee34","value":3,"text":"gegen Fachkräftemangel wirksam","comment":"nehmen die gefährliche Arbeit ab\n","position":{"x":926.4,"y":206.6},"isActive":true,"date":1702310021072,"kind":"Node","isSelected":false,"isConnectorSelected":false,"isDraggable":1,"isDeletable":1,"hasElementMoved":false,"eventLog":[{"time":1702310021072,"type":"create node","value":"0"},{"time":1702310025584,"type":"selected","value":"TRUE"},{"time":1702310071032,"type":"value","value":"2"},{"time":1702310071032,"type":"selected","value":"FALSE"},{"time":1702310077489,"type":"selected","value":"TRUE"},{"time":1702310244051,"type":"text","value":"gegen Fachkräftemangel wirksam"},{"time":1702310244051,"type":"value","value":"3"},{"time":1702310244051,"type":"comment","value":"nehmen die gefährliche Arbeit ab\n"},{"time":1702310244051,"type":"selected","value":"FALSE"},{"time":1702310245865,"type":"selected","value":"TRUE"},{"time":1702310247934,"type":"selected","value":"FALSE"}],"isTextChangeable":1},{"id":"596b0e8a-79b7-4c79-bafe-315d2929d64c","value":-2,"text":"nicht adaptierbar","comment":"","position":{"x":502.4,"y":552.6},"isActive":true,"date":1702310749245,"kind":"Node","isSelected":false,"isConnectorSelected":false,"isDraggable":1,"isDeletable":1,"hasElementMoved":false,"eventLog":[{"time":"1702310749245","type":"create node","value":[0]},{"time":"2023-12-11T16:05:52.277Z","type":"position","value":{"x":[440.4],"y":[437.6]}},{"time":"1702310766258","type":"selected","value":[true]},{"time":"1702310768474","type":"selected","value":[false]},{"time":"2023-12-11T16:06:15.447Z","type":"position","value":{"x":[514.4],"y":[537.6]}},{"time":"1702310776637","type":"selected","value":[true]},{"time":"1702310794727","type":"text","value":["nicht adaptierbar"]},{"time":"1702310794727","type":"value","value":[-2]},{"time":"1702310794727","type":"selected","value":[false]}],"isTextChangeable":1},{"id":"e358c961-00c3-4275-afea-4b54d1e14586","value":2,"text":"wiederholgenauigkeit","comment":"","position":{"x":500.4,"y":255.6},"isActive":true,"date":1702310817595,"kind":"Node","isSelected":false,"isConnectorSelected":false,"isDraggable":1,"isDeletable":1,"hasElementMoved":false,"eventLog":[{"time":1702310817595,"type":"create node","value":"0"},{"time":1702310817749,"type":"selected","value":"TRUE"},{"time":1702310887807,"type":"text","value":"wiederholgenauigkeit"},{"time":1702310887807,"type":"value","value":"2"},{"time":1702310887807,"type":"selected","value":"FALSE"}],"isTextChangeable":1}],"connectors":[{"id":"0eee581c-d8c3-404e-9c5f-e06a04e4c197","source":"9a86f1a5-ac53-4373-90bb-951ff08d35c8","target":"4f1682ab-f5a0-4a12-901c-7f2438d89213","agreement":true,"isActive":true,"date":1702310004343,"kind":"Connector","isSelected":false,"intensity":3,"isDeletable":false,"isOver":false,"isBidirectional":false,"eventLog":[{"time":1702310004343,"type":"create connection"}]},{"id":"dd1bde9a-beb0-4692-b1e9-640c26cf6820","source":"9a86f1a5-ac53-4373-90bb-951ff08d35c8","target":"36bd97a1-22cc-4022-abfd-20dbae7d18ff","agreement":true,"isActive":true,"date":1702310004344,"kind":"Connector","isSelected":false,"intensity":3,"isDeletable":true,"isOver":false,"isBidirectional":false,"eventLog":[{"time":1702310004344,"type":"create connection"}]},{"id":"89f48b13-136d-4381-b034-bc3763773645","source":"36bd97a1-22cc-4022-abfd-20dbae7d18ff","target":"a2480795-376b-4441-b7ae-ebf21fe0402a","agreement":true,"isActive":true,"date":1702310738919,"kind":"Connector","isSelected":false,"intensity":3,"isDeletable":true,"isOver":false,"isBidirectional":false,"eventLog":[{"time":1702310738919,"type":"create connection"}]},{"id":"c3fc773d-1719-4808-adf3-bdcb3c2fa1a7","source":"36bd97a1-22cc-4022-abfd-20dbae7d18ff","target":"073f4c09-f69b-4d66-8156-70dbe0c2ee34","agreement":true,"isActive":true,"date":1702310741058,"kind":"Connector","isSelected":false,"intensity":3,"isDeletable":true,"isOver":false,"isBidirectional":false,"eventLog":[{"time":1702310741058,"type":"create connection"}]},{"id":"83735248-34a0-4de4-860e-d4cd5620d3eb","source":"0f8e7303-2ea1-425d-b3d6-94dcdc9716a1","target":"4f1682ab-f5a0-4a12-901c-7f2438d89213","agreement":true,"isActive":true,"date":1702310771267,"kind":"Connector","isSelected":false,"intensity":3,"isDeletable":true,"isOver":false,"isBidirectional":false,"eventLog":[{"time":1702310771267,"type":"create connection"}]},{"id":"581a3e59-6971-4958-957e-85e53952b619","source":"596b0e8a-79b7-4c79-bafe-315d2929d64c","target":"4f1682ab-f5a0-4a12-901c-7f2438d89213","agreement":true,"isActive":true,"date":1702310802526,"kind":"Connector","isSelected":false,"intensity":3,"isDeletable":true,"isOver":false,"isBidirectional":false,"eventLog":[{"time":1702310802526,"type":"create connection"}]},{"id":"0a5c61fc-428b-4d16-a1db-3767656cf25e","source":"a6410306-0ddc-4f67-9906-fefda260c227","target":"4f1682ab-f5a0-4a12-901c-7f2438d89213","agreement":true,"isActive":true,"date":1702310807871,"kind":"Connector","isSelected":false,"intensity":3,"isDeletable":true,"isOver":false,"isBidirectional":false,"eventLog":[{"time":1702310807871,"type":"create connection"}]},{"id":"45409ada-a6fa-4169-ab8c-469b62c1f90a","source":"36bd97a1-22cc-4022-abfd-20dbae7d18ff","target":"e358c961-00c3-4275-afea-4b54d1e14586","agreement":true,"isActive":true,"date":1702310890804,"kind":"Connector","isSelected":false,"intensity":3,"isDeletable":true,"isOver":false,"isBidirectional":false,"eventLog":[{"time":1702310890804,"type":"create connection"}]},{"id":"46f89100-9405-45a3-8335-746cf9295e3a","source":"36bd97a1-22cc-4022-abfd-20dbae7d18ff","target":"9f402e0c-b392-4c74-b30b-badd02d1eeee","agreement":true,"isActive":true,"date":1702310901485,"kind":"Connector","isSelected":false,"intensity":3,"isDeletable":true,"isOver":false,"isBidirectional":false,"eventLog":[{"time":1702310901485,"type":"create connection"}]}],"currentID":{},"currentNode":{},"hasSelectedNode":[false],"currentConnector":{},"hasSelectedConnector":[false],"readyToMove":[false],"isIncoming":[false],"hasElementMoved":[false]}
