{"idCAM":["be9754cd-104b-403a-90e3-84196b613523"],"creator":["651ec655d2ef1a3ba8e64470_pre"],"projectCAM":["S2_CAM part 1"],"defocusCAM":[null],"date":[1702314336694],"nodes":[{"id":"d2e6eebb-de9c-4334-9574-48c337c346ca","value":0,"text":"social assistance robot","comment":"","position":{"x":650,"y":400},"isActive":true,"date":1702314337585,"kind":"Node","isSelected":false,"isConnectorSelected":false,"isDraggable":0,"isDeletable":0,"hasElementMoved":false,"eventLog":[{"time":1702314337585,"type":"create node","value":0}],"isTextChangeable":0},{"id":"dc7f83b8-1b50-4d0f-b127-c454488b1d62","value":0,"text":"disadvantages","comment":"","position":{"x":450,"y":400},"isActive":true,"date":1702314337585,"kind":"Node","isSelected":false,"isConnectorSelected":false,"isDraggable":0,"isDeletable":0,"hasElementMoved":false,"eventLog":[{"time":1702314337585,"type":"create node","value":0}],"isTextChangeable":0},{"id":"d30fe276-8b1f-423a-a811-a5d1738493b8","value":0,"text":"advantages","comment":"","position":{"x":850,"y":400},"isActive":true,"date":1702314337585,"kind":"Node","isSelected":false,"isConnectorSelected":false,"isDraggable":0,"isDeletable":0,"hasElementMoved":false,"eventLog":[{"time":1702314337585,"type":"create node","value":0}],"isTextChangeable":0},{"id":"8f65a976-4a1d-47b2-9025-b0204120a30e","value":0,"text":"available 0-24","comment":"","position":{"x":974,"y":487},"isActive":true,"date":1702314389408,"kind":"Node","isSelected":false,"isConnectorSelected":false,"isDraggable":1,"isDeletable":1,"hasElementMoved":false,"eventLog":[{"time":"1702314389408","type":"create node","value":[0]},{"time":"1702314391585","type":"selected","value":[true]},{"time":"1702314399543","type":"text","value":["Verfügbar 0-24"]},{"time":"1702314399543","type":"selected","value":[false]},{"time":"2023-12-11T17:06:39.912Z","type":"position","value":{"x":[942],"y":[227]}},{"time":"2023-12-11T17:06:41.162Z","type":"position","value":{"x":[920],"y":[312]}},{"time":"2023-12-11T17:06:42.954Z","type":"position","value":{"x":[916],"y":[306]}},{"time":"2023-12-11T17:16:49.360Z","type":"position","value":{"x":[945],"y":[294]}},{"time":"2023-12-11T17:16:49.588Z","type":"position","value":{"x":[975],"y":[446]}}],"isTextChangeable":1},{"id":"ac9817dc-f53c-44a8-9021-de5d33d17f85","value":0,"text":"conversation partner for lonely","comment":"","position":{"x":961,"y":277},"isActive":true,"date":1702314403711,"kind":"Node","isSelected":false,"isConnectorSelected":false,"isDraggable":1,"isDeletable":1,"hasElementMoved":false,"eventLog":[{"time":"1702314403711","type":"create node","value":[0]},{"time":"2023-12-11T17:06:44.436Z","type":"position","value":{"x":[995],"y":[401]}},{"time":"2023-12-11T17:07:11.641Z","type":"position","value":{"x":[991],"y":[425]}},{"time":"2023-12-11T17:07:17.570Z","type":"position","value":{"x":[986],"y":[466]}},{"time":"1702314441293","type":"selected","value":[true]},{"time":"1702314462698","type":"selected","value":[false]},{"time":"2023-12-11T17:07:45.047Z","type":"position","value":{"x":[979],"y":[496]}},{"time":"1702314593718","type":"selected","value":[true]},{"time":"1702314594891","type":"selected","value":[false]},{"time":"2023-12-11T17:10:24.669Z","type":"position","value":{"x":[963],"y":[499]}},{"time":"2023-12-11T17:14:55.199Z","type":"position","value":{"x":[946],"y":[496]}},{"time":"2023-12-11T17:15:04.173Z","type":"position","value":{"x":[959],"y":[508]}},{"time":"1702314906181","type":"selected","value":[true]},{"time":"1702314952518","type":"selected","value":[false]},{"time":"2023-12-11T17:16:21.285Z","type":"position","value":{"x":[971],"y":[512]}},{"time":"1702314988927","type":"selected","value":[true]},{"time":"1702315006561","type":"text","value":["Gesprächspartner"]},{"time":"1702315006561","type":"selected","value":[false]},{"time":"2023-12-11T17:16:47.586Z","type":"position","value":{"x":[963],"y":[513]}},{"time":"2023-12-11T17:16:48.542Z","type":"position","value":{"x":[971],"y":[514]}},{"time":"2023-12-11T17:16:48.626Z","type":"position","value":{"x":[924],"y":[332]}},{"time":"2023-12-11T17:16:48.973Z","type":"position","value":{"x":[820],"y":[235]}},{"time":"2023-12-11T17:16:52.329Z","type":"position","value":{"x":[840],"y":[229]}},{"time":"2023-12-11T17:18:05.596Z","type":"position","value":{"x":[985],"y":[277]}},{"time":"2023-12-11T17:18:10.597Z","type":"position","value":{"x":[936],"y":[268]}},{"time":"2023-12-11T17:18:12.896Z","type":"position","value":{"x":[960],"y":[282]}},{"time":"1702315120733","type":"selected","value":[true]},{"time":"1702315125935","type":"text","value":["Gesprächspartner für einsame"]},{"time":"1702315125935","type":"selected","value":[false]}],"isTextChangeable":1},{"id":"7d9e9fe9-4990-4917-a987-1ba12a5df9d1","value":0,"text":"technological limits","comment":"","position":{"x":321,"y":281},"isActive":true,"date":1702314468552,"kind":"Node","isSelected":false,"isConnectorSelected":false,"isDraggable":1,"isDeletable":1,"hasElementMoved":false,"eventLog":[{"time":"1702314468552","type":"create node","value":[0]},{"time":"2023-12-11T17:07:48.969Z","type":"position","value":{"x":[380],"y":[306]}},{"time":"2023-12-11T17:07:49.736Z","type":"position","value":{"x":[347],"y":[290]}},{"time":"1702314471475","type":"selected","value":[true]},{"time":"1702314499850","type":"text","value":["Technologische Grenzen"]},{"time":"1702314499850","type":"selected","value":[false]},{"time":"2023-12-11T17:18:01.168Z","type":"position","value":{"x":[310],"y":[283]}}],"isTextChangeable":1},{"id":"f35b46c0-7d50-40f7-9882-488a3d1ea70d","value":0,"text":"negative notions","comment":"opposite robots","position":{"x":319,"y":497},"isActive":true,"date":1702314501315,"kind":"Node","isSelected":false,"isConnectorSelected":false,"isDraggable":1,"isDeletable":1,"hasElementMoved":false,"eventLog":[{"time":"1702314501315","type":"create node","value":[0]},{"time":"2023-12-11T17:08:21.825Z","type":"position","value":{"x":[340],"y":[487]}},{"time":"1702314533871","type":"selected","value":[true]},{"time":"1702314585189","type":"text","value":["Negative Vorstellungen "]},{"time":"1702314585189","type":"selected","value":[false]},{"time":"1702314953579","type":"selected","value":[true]},{"time":"1702314953986","type":"selected","value":[false]},{"time":"1702314956015","type":"selected","value":[true]},{"time":"1702314971510","type":"comment","value":["gegenüber Roboter"]},{"time":"1702314971510","type":"selected","value":[false]},{"time":"2023-12-11T17:16:12.986Z","type":"position","value":{"x":[324],"y":[503]}},{"time":"2023-12-11T17:18:14.386Z","type":"position","value":{"x":[306],"y":[501]}},{"time":"1702315095320","type":"selected","value":[true]},{"time":"1702315097699","type":"selected","value":[false]},{"time":"2023-12-11T17:18:57.657Z","type":"position","value":{"x":[317],"y":[508]}},{"time":"2023-12-11T17:18:59.392Z","type":"position","value":{"x":[306],"y":[433]}},{"time":"2023-12-11T17:19:01.301Z","type":"position","value":{"x":[340],"y":[489]}}],"isTextChangeable":1},{"id":"894e9c63-dd29-4454-90bd-0d174f6137f8","value":0,"text":"uninterrupted care","comment":"","position":{"x":1109,"y":381},"isActive":true,"date":1702314698537,"kind":"Node","isSelected":false,"isConnectorSelected":false,"isDraggable":1,"isDeletable":1,"hasElementMoved":false,"eventLog":[{"time":"1702314698537","type":"create node","value":[0]},{"time":"2023-12-11T17:11:38.926Z","type":"position","value":{"x":[1054],"y":[214]}},{"time":"1702314699612","type":"selected","value":[true]},{"time":"1702314740027","type":"text","value":["ununterbrochene Betreuung"]},{"time":"1702314740027","type":"selected","value":[false]},{"time":"2023-12-11T17:14:50.916Z","type":"position","value":{"x":[1058],"y":[197]}},{"time":"2023-12-11T17:16:51.256Z","type":"position","value":{"x":[1077],"y":[198]}},{"time":"2023-12-11T17:16:51.537Z","type":"position","value":{"x":[1118],"y":[351]}}],"isTextChangeable":1},{"id":"66ea7b34-89a5-4aa8-bb33-cd11024577de","value":0,"text":"continuous monitoring","comment":"in unstable patients","position":{"x":1112,"y":550},"isActive":true,"date":1702314742734,"kind":"Node","isSelected":false,"isConnectorSelected":false,"isDraggable":1,"isDeletable":1,"hasElementMoved":false,"eventLog":[{"time":"1702314742734","type":"create node","value":[0]},{"time":"2023-12-11T17:12:23.207Z","type":"position","value":{"x":[1082],"y":[322]}},{"time":"2023-12-11T17:13:49.598Z","type":"position","value":{"x":[1038],"y":[336]}},{"time":"2023-12-11T17:13:52.768Z","type":"position","value":{"x":[1062],"y":[343]}},{"time":"1702314833773","type":"selected","value":[true]},{"time":"1702314889542","type":"text","value":["ununterbrochene Überwachung"]},{"time":"1702314889542","type":"comment","value":["bei instabilen Patienten"]},{"time":"1702314889542","type":"selected","value":[false]},{"time":"2023-12-11T17:14:50.207Z","type":"position","value":{"x":[1072],"y":[352]}},{"time":"2023-12-11T17:16:50.268Z","type":"position","value":{"x":[1105],"y":[364]}},{"time":"2023-12-11T17:16:50.508Z","type":"position","value":{"x":[1120],"y":[518]}}],"isTextChangeable":1},{"id":"4b315061-3e78-4ad1-a969-0fb2faf56498","value":0,"text":"perhaps limited adjustment possibilities","comment":"lower adaptability","position":{"x":183,"y":194},"isActive":true,"date":1702314758846,"kind":"Node","isSelected":false,"isConnectorSelected":false,"isDraggable":1,"isDeletable":1,"hasElementMoved":false,"eventLog":[{"time":"1702314758846","type":"create node","value":[0]},{"time":"1702314758917","type":"selected","value":[true]},{"time":"1702314817063","type":"text","value":["ggf. begrenzte Anpassungsmöglichkeiten"]},{"time":"1702314817063","type":"selected","value":[false]},{"time":"2023-12-11T17:17:04.681Z","type":"position","value":{"x":[195],"y":[206]}},{"time":"1702315027772","type":"selected","value":[true]},{"time":"1702315075332","type":"comment","value":["geringere Adaptibilität"]},{"time":"1702315075332","type":"selected","value":[false]}],"isTextChangeable":1},{"id":"e7923dfd-7ea7-4812-84a3-199726eb7a12","value":0,"text":"","comment":"","position":{"x":200,"y":597},"isActive":false,"date":1702314818704,"kind":"Node","isSelected":false,"isConnectorSelected":false,"isDraggable":1,"isDeletable":1,"hasElementMoved":false,"eventLog":[{"time":"1702314818704","type":"create node","value":[0]},{"time":"2023-12-11T17:13:39.401Z","type":"position","value":{"x":[199],"y":[480]}},{"time":"2023-12-11T17:13:43.844Z","type":"position","value":{"x":[199],"y":[560]}},{"time":"2023-12-11T17:16:16.070Z","type":"position","value":{"x":[230],"y":[634]}},{"time":"2023-12-11T17:16:16.132Z","type":"position","value":{"x":[398],"y":[646]}},{"time":"2023-12-11T17:16:16.171Z","type":"position","value":{"x":[582],"y":[648]}},{"time":"2023-12-11T17:16:26.452Z","type":"position","value":{"x":[627],"y":[636]}},{"time":"2023-12-11T17:16:26.545Z","type":"position","value":{"x":[453],"y":[635]}},{"time":"2023-12-11T17:16:26.758Z","type":"position","value":{"x":[291],"y":[636]}},{"time":"2023-12-11T17:17:55.921Z","type":"position","value":{"x":[173],"y":[573]}},{"time":"1702315077623","type":"node was deleted","value":[-77]}],"isTextChangeable":1},{"id":"efd2bb2f-c109-43dd-8fda-589c1a2629a0","value":0,"text":"","comment":"","position":{"x":177,"y":480},"isActive":false,"date":1702315147357,"kind":"Node","isSelected":false,"isConnectorSelected":false,"isDraggable":1,"isDeletable":1,"hasElementMoved":false,"eventLog":[{"time":"1702315147357","type":"create node","value":[0]},{"time":"1702315148506","type":"selected","value":[true]},{"time":"1702315148653","type":"selected","value":[true]},{"time":"1702315148912","type":"selected","value":[false]},{"time":"2023-12-11T17:19:45.751Z","type":"position","value":{"x":[163],"y":[490]}},{"time":"2023-12-11T17:19:46.967Z","type":"position","value":{"x":[169],"y":[487]}},{"time":"1702315188281","type":"node was deleted","value":[-77]}],"isTextChangeable":1},{"id":"b38ae37e-57cb-4594-8a97-1a4c630c7ae1","value":0,"text":"","comment":"","position":{"x":160,"y":466},"isActive":false,"date":1702315184100,"kind":"Node","isSelected":false,"isConnectorSelected":false,"isDraggable":1,"isDeletable":1,"hasElementMoved":false,"eventLog":[{"time":1702315184100,"type":"create node","value":0},{"time":1702315185278,"type":"node was deleted","value":-77}],"isTextChangeable":1}],"connectors":[{"id":"b9771fd4-87eb-42d9-9258-d3fa6a44a325","source":"d2e6eebb-de9c-4334-9574-48c337c346ca","target":"dc7f83b8-1b50-4d0f-b127-c454488b1d62","agreement":true,"isActive":true,"date":1702314337585,"kind":"Connector","isSelected":false,"intensity":3,"isDeletable":false,"isOver":false,"isBidirectional":false,"eventLog":[{"time":1702314337585,"type":"create connection"}]},{"id":"3cf110c9-d17d-4af7-906a-7c7b53439ec1","source":"d2e6eebb-de9c-4334-9574-48c337c346ca","target":"d30fe276-8b1f-423a-a811-a5d1738493b8","agreement":true,"isActive":true,"date":1702314337586,"kind":"Connector","isSelected":false,"intensity":3,"isDeletable":true,"isOver":false,"isBidirectional":false,"eventLog":[{"time":1702314337586,"type":"create connection"}]},{"id":"418d2224-e14d-4c28-8763-82a17da2a43b","source":"d30fe276-8b1f-423a-a811-a5d1738493b8","target":"8f65a976-4a1d-47b2-9025-b0204120a30e","agreement":true,"isActive":true,"date":1702314402148,"kind":"Connector","isSelected":false,"intensity":3,"isDeletable":true,"isOver":false,"isBidirectional":false,"eventLog":[{"time":1702314402148,"type":"create connection"}]},{"id":"cca2a75f-e120-4054-a463-8a266f3aa168","source":"7d9e9fe9-4990-4917-a987-1ba12a5df9d1","target":"dc7f83b8-1b50-4d0f-b127-c454488b1d62","agreement":true,"isActive":true,"date":1702314500712,"kind":"Connector","isSelected":false,"intensity":3,"isDeletable":true,"isOver":false,"isBidirectional":false,"eventLog":[{"time":1702314500712,"type":"create connection"}]},{"id":"1261f621-a1d7-4684-8b69-ef77c66a814a","source":"f35b46c0-7d50-40f7-9882-488a3d1ea70d","target":"dc7f83b8-1b50-4d0f-b127-c454488b1d62","agreement":true,"isActive":true,"date":1702314586487,"kind":"Connector","isSelected":false,"intensity":3,"isDeletable":true,"isOver":false,"isBidirectional":false,"eventLog":[{"time":1702314586487,"type":"create connection"}]},{"id":"a9f39ed0-3bf2-4940-96e0-4d1d3a2e03ed","source":"ac9817dc-f53c-44a8-9021-de5d33d17f85","target":"f35b46c0-7d50-40f7-9882-488a3d1ea70d","agreement":true,"isActive":false,"date":1702314618487,"kind":"Connector","isSelected":false,"intensity":3,"isDeletable":true,"isOver":false,"isBidirectional":false,"eventLog":[{"time":1702314618487,"type":"create connection"},{"time":1702314622801,"type":"selected","value":1},{"time":1702314624015,"type":"connector was deleted","value":-99},{"time":1702314624016,"type":"active","value":0}]},{"id":"828b668d-4b36-4fc2-9fa7-3fddf70c4447","source":"894e9c63-dd29-4454-90bd-0d174f6137f8","target":"8f65a976-4a1d-47b2-9025-b0204120a30e","agreement":true,"isActive":true,"date":1702314742000,"kind":"Connector","isSelected":false,"intensity":3,"isDeletable":true,"isOver":false,"isBidirectional":false,"eventLog":[{"time":1702314742000,"type":"create connection"}]},{"id":"662070ab-4f56-4e95-83a6-e749f623bf6a","source":"7d9e9fe9-4990-4917-a987-1ba12a5df9d1","target":"4b315061-3e78-4ad1-a969-0fb2faf56498","agreement":true,"isActive":true,"date":1702314817988,"kind":"Connector","isSelected":false,"intensity":3,"isDeletable":true,"isOver":false,"isBidirectional":false,"eventLog":[{"time":1702314817988,"type":"create connection"}]},{"id":"09a54e7a-04b4-4223-b50f-00b062478f49","source":"66ea7b34-89a5-4aa8-bb33-cd11024577de","target":"8f65a976-4a1d-47b2-9025-b0204120a30e","agreement":true,"isActive":true,"date":1702314832135,"kind":"Connector","isSelected":false,"intensity":3,"isDeletable":true,"isOver":false,"isBidirectional":false,"eventLog":[{"time":1702314832135,"type":"create connection"}]},{"id":"dedb4251-a621-449f-a487-a94960561fc0","source":"d30fe276-8b1f-423a-a811-a5d1738493b8","target":"ac9817dc-f53c-44a8-9021-de5d33d17f85","agreement":true,"isActive":true,"date":1702314903672,"kind":"Connector","isSelected":false,"intensity":3,"isDeletable":true,"isOver":false,"isBidirectional":false,"eventLog":[{"time":1702314903672,"type":"create connection"}]},{"id":"02ae792c-9161-4616-8be0-1b5182edd7c8","source":"ac9817dc-f53c-44a8-9021-de5d33d17f85","target":"7d9e9fe9-4990-4917-a987-1ba12a5df9d1","agreement":false,"isActive":true,"date":1702315016253,"kind":"Connector","isSelected":false,"intensity":6,"isDeletable":true,"isOver":false,"isBidirectional":false,"eventLog":[{"time":1702315016253,"type":"create connection"},{"time":1702315016969,"type":"selected","value":1},{"time":1702315021014,"type":"change intensity of connector","value":-6},{"time":1702315021014,"type":"selected","value":0}]}],"currentID":{},"currentNode":{},"hasSelectedNode":[false],"currentConnector":{},"hasSelectedConnector":[false],"readyToMove":[false],"isIncoming":[false],"hasElementMoved":[false]}
