{"idCAM":["7e7c2213-3385-451d-84bb-3094ddd197a4"],"creator":["651ec655d2ef1a3ba8e64470_post"],"projectCAM":["S2_CAM part 2"],"defocusCAM":[null],"date":[1702315363348],"nodes":[{"id":"7dd2bebd-d910-44ec-bbd3-42098ba7ef2d","value":0,"text":"social assistance robot","comment":"","position":{"x":650,"y":400},"isActive":true,"date":1702315364237,"kind":"Node","isSelected":false,"isConnectorSelected":false,"isDraggable":0,"isDeletable":0,"hasElementMoved":false,"eventLog":[{"time":1702315364237,"type":"create node","value":0}],"isTextChangeable":0},{"id":"a69a01a4-3d8d-455d-b48a-13f9d97c06cd","value":-1,"text":"disadvantages","comment":"","position":{"x":450,"y":400},"isActive":true,"date":1702315364237,"kind":"Node","isSelected":false,"isConnectorSelected":false,"isDraggable":0,"isDeletable":0,"hasElementMoved":false,"eventLog":[{"time":1702315364237,"type":"create node","value":0},{"time":1702315520720,"type":"selected","value":1},{"time":1702315523379,"type":"value","value":-1},{"time":1702315523379,"type":"selected","value":0}],"isTextChangeable":0},{"id":"3fdfc9e7-7df2-4179-82cf-796605ca7d0f","value":1,"text":"advantages","comment":"","position":{"x":850,"y":400},"isActive":true,"date":1702315364237,"kind":"Node","isSelected":false,"isConnectorSelected":false,"isDraggable":0,"isDeletable":0,"hasElementMoved":false,"eventLog":[{"time":1702315364237,"type":"create node","value":0},{"time":1702315524265,"type":"selected","value":1},{"time":1702315526094,"type":"value","value":1},{"time":1702315526094,"type":"selected","value":0}],"isTextChangeable":0},{"id":"553b7a7a-f2da-4792-99e3-7d00213a3725","value":3,"text":"available 0-24","comment":"","position":{"x":1005,"y":408},"isActive":true,"date":1702315364237,"kind":"Node","isSelected":false,"isConnectorSelected":false,"isDraggable":1,"isDeletable":1,"hasElementMoved":false,"eventLog":[{"time":"1702315364237","type":"create node","value":[0]},{"time":"2023-12-11T17:24:30.182Z","type":"position","value":{"x":[985],"y":[483]}},{"time":"2023-12-11T17:24:31.548Z","type":"position","value":{"x":[1002],"y":[445]}},{"time":"1702315551378","type":"selected","value":[true]},{"time":"1702315556369","type":"value","value":[3]},{"time":"1702315556369","type":"selected","value":[false]}],"isTextChangeable":1},{"id":"b4bc8b6d-fbd4-426e-ba9c-47da9b3a8d5c","value":2,"text":"conversation partner for lonely","comment":"","position":{"x":902,"y":281},"isActive":true,"date":1702315364237,"kind":"Node","isSelected":false,"isConnectorSelected":false,"isDraggable":1,"isDeletable":1,"hasElementMoved":false,"eventLog":[{"time":"1702315364237","type":"create node","value":[0]},{"time":"2023-12-11T17:24:27.962Z","type":"position","value":{"x":[972],"y":[269]}},{"time":"1702315540897","type":"selected","value":[true]},{"time":"1702315544906","type":"value","value":[2]},{"time":"1702315544906","type":"selected","value":[false]}],"isTextChangeable":1},{"id":"fd2b1d32-06f3-4be0-9424-b559e82fbec6","value":-1,"text":"technological limits","comment":"","position":{"x":308,"y":291},"isActive":true,"date":1702315364237,"kind":"Node","isSelected":false,"isConnectorSelected":false,"isDraggable":1,"isDeletable":1,"hasElementMoved":false,"eventLog":[{"time":1702315364237,"type":"create node","value":0},{"time":1702315526985,"type":"selected","value":1},{"time":1702315530779,"type":"value","value":-1},{"time":1702315530779,"type":"selected","value":0}],"isTextChangeable":1},{"id":"fe04cc2f-efd7-47ee-841b-a75ec5975c81","value":-1,"text":"negative notions","comment":"","position":{"x":343,"y":528},"isActive":true,"date":1702315364237,"kind":"Node","isSelected":false,"isConnectorSelected":false,"isDraggable":1,"isDeletable":1,"hasElementMoved":false,"eventLog":[{"time":"1702315364237","type":"create node","value":[0]},{"time":"2023-12-11T17:25:02.468Z","type":"position","value":{"x":[325],"y":[493]}},{"time":"1702315537341","type":"selected","value":[true]},{"time":"1702315539030","type":"value","value":[-1]},{"time":"1702315539030","type":"selected","value":[false]}],"isTextChangeable":1},{"id":"769fc1a6-15fe-43d3-938c-c3e199c90414","value":3,"text":"uninterrupted care","comment":"","position":{"x":1126,"y":310},"isActive":true,"date":1702315364237,"kind":"Node","isSelected":false,"isConnectorSelected":false,"isDraggable":1,"isDeletable":1,"hasElementMoved":false,"eventLog":[{"time":"1702315364237","type":"create node","value":[0]},{"time":"2023-12-11T17:24:30.880Z","type":"position","value":{"x":[1082],"y":[398]}},{"time":"2023-12-11T17:24:32.989Z","type":"position","value":{"x":[1122],"y":[339]}},{"time":"1702315545817","type":"selected","value":[true]},{"time":"1702315547760","type":"value","value":[3]},{"time":"1702315547760","type":"selected","value":[false]}],"isTextChangeable":1},{"id":"1f560e53-5987-4017-8b32-3720eae61398","value":3,"text":"continuous monitoring","comment":"","position":{"x":1115,"y":506},"isActive":true,"date":1702315364237,"kind":"Node","isSelected":false,"isConnectorSelected":false,"isDraggable":1,"isDeletable":1,"hasElementMoved":false,"eventLog":[{"time":"1702315364237","type":"create node","value":[0]},{"time":"2023-12-11T17:24:32.283Z","type":"position","value":{"x":[1101],"y":[541]}},{"time":"1702315548580","type":"selected","value":[true]},{"time":"1702315548996","type":"selected","value":[false]},{"time":"1702315549853","type":"selected","value":[true]},{"time":"1702315550999","type":"value","value":[3]},{"time":"1702315550999","type":"selected","value":[false]}],"isTextChangeable":1},{"id":"34be5462-e53b-4338-871f-2de720927716","value":-1,"text":"perhaps limited adjustment possibilities","comment":"","position":{"x":165,"y":216},"isActive":true,"date":1702315364237,"kind":"Node","isSelected":false,"isConnectorSelected":false,"isDraggable":1,"isDeletable":1,"hasElementMoved":false,"eventLog":[{"time":"1702315364237","type":"create node","value":[0]},{"time":"2023-12-11T17:24:37.829Z","type":"position","value":{"x":[168],"y":[208]}},{"time":"2023-12-11T17:25:34.308Z","type":"position","value":{"x":[184],"y":[225]}},{"time":"1702315534795","type":"selected","value":[true]},{"time":"1702315536745","type":"value","value":[-1]},{"time":"1702315536745","type":"selected","value":[false]}],"isTextChangeable":1},{"id":"fb2d839e-1397-4e00-a280-299ba2587b04","value":1,"text":"lower injury risk","comment":"","position":{"x":824,"y":519},"isActive":true,"date":1702315373549,"kind":"Node","isSelected":false,"isConnectorSelected":true,"isDraggable":1,"isDeletable":1,"hasElementMoved":false,"eventLog":[{"time":"1702315373549","type":"create node","value":[0]},{"time":"2023-12-11T17:22:53.957Z","type":"position","value":{"x":[833],"y":[508]}},{"time":"1702315374542","type":"selected","value":[true]},{"time":"1702315406046","type":"text","value":["Geringeres Verletzungsrisiko"]},{"time":"1702315406046","type":"selected","value":[false]},{"time":"2023-12-11T17:23:26.574Z","type":"position","value":{"x":[817],"y":[536]}},{"time":"2023-12-11T17:23:29.361Z","type":"position","value":{"x":[808],"y":[546]}},{"time":"2023-12-11T17:23:30.617Z","type":"position","value":{"x":[854],"y":[562]}},{"time":"2023-12-11T17:24:23.137Z","type":"position","value":{"x":[837],"y":[540]}},{"time":"2023-12-11T17:24:26.663Z","type":"position","value":{"x":[850],"y":[522]}},{"time":"1702315556898","type":"selected","value":[true]},{"time":"1702315559365","type":"value","value":[1]},{"time":"1702315559365","type":"selected","value":[false]}],"isTextChangeable":1},{"id":"949fd03e-9c84-4a96-96de-7e912e2b1af3","value":0,"text":"soft robot","comment":"","position":{"x":647,"y":514},"isActive":true,"date":1702315413445,"kind":"Node","isSelected":false,"isConnectorSelected":false,"isDraggable":1,"isDeletable":1,"hasElementMoved":false,"eventLog":[{"time":"1702315413445","type":"create node","value":[0]},{"time":"1702315414214","type":"selected","value":[true]},{"time":"1702315420319","type":"text","value":["soft Roboter"]},{"time":"1702315420319","type":"selected","value":[false]},{"time":"2023-12-11T17:24:15.771Z","type":"position","value":{"x":[627],"y":[494]}},{"time":"2023-12-11T17:24:25.341Z","type":"position","value":{"x":[649],"y":[495]}}],"isTextChangeable":1},{"id":"4f467926-73cc-444a-828e-58019094b640","value":0,"text":"soft structure","comment":"","position":{"x":682,"y":639},"isActive":true,"date":1702315421462,"kind":"Node","isSelected":false,"isConnectorSelected":true,"isDraggable":1,"isDeletable":1,"hasElementMoved":false,"eventLog":[{"time":"1702315421462","type":"create node","value":[0]},{"time":"1702315423844","type":"selected","value":[true]},{"time":"1702315454422","type":"text","value":["weiche Struktur"]},{"time":"1702315454422","type":"selected","value":[false]},{"time":"2023-12-11T17:24:15.047Z","type":"position","value":{"x":[608],"y":[627]}},{"time":"2023-12-11T17:24:17.707Z","type":"position","value":{"x":[625],"y":[622]}},{"time":"2023-12-11T17:24:19.426Z","type":"position","value":{"x":[637],"y":[600]}},{"time":"2023-12-11T17:24:21.042Z","type":"position","value":{"x":[682],"y":[630]}},{"time":"2023-12-11T17:24:24.416Z","type":"position","value":{"x":[667],"y":[633]}}],"isTextChangeable":1},{"id":"3d8e32a8-2213-4cba-a1d9-c9837893dd79","value":0,"text":"","comment":"","position":{"x":918,"y":691},"isActive":false,"date":1702315421997,"kind":"Node","isSelected":false,"isConnectorSelected":false,"isDraggable":1,"isDeletable":1,"hasElementMoved":false,"eventLog":[{"time":"1702315421997","type":"create node","value":[0]},{"time":"1702315422759","type":"selected","value":[true]},{"time":"1702315423730","type":"selected","value":[false]},{"time":"2023-12-11T17:24:18.519Z","type":"position","value":{"x":[742],"y":[627]}},{"time":"2023-12-11T17:24:18.758Z","type":"position","value":{"x":[892],"y":[680]}},{"time":"1702315562950","type":"selected","value":[true]},{"time":"1702315564045","type":"node was deleted","value":[-99]}],"isTextChangeable":1},{"id":"cdc729ff-1f1a-4b9a-9e93-daad41462196","value":-2,"text":"emotional dependence","comment":"","position":{"x":240,"y":410},"isActive":true,"date":1702315504538,"kind":"Node","isSelected":false,"isConnectorSelected":false,"isDraggable":1,"isDeletable":1,"hasElementMoved":false,"eventLog":[{"time":"1702315504538","type":"create node","value":[0]},{"time":"2023-12-11T17:25:04.938Z","type":"position","value":{"x":[238],"y":[381]}},{"time":"1702315505967","type":"selected","value":[true]},{"time":"1702315518046","type":"text","value":["emotionale Abhängigkeit"]},{"time":"1702315518046","type":"value","value":[-1]},{"time":"1702315518046","type":"selected","value":[false]},{"time":"1702315531254","type":"selected","value":[true]},{"time":"1702315532869","type":"value","value":[-2]},{"time":"1702315532869","type":"selected","value":[false]}],"isTextChangeable":1},{"id":"99bcef86-d4aa-48ed-9c8f-29f31bed1f26","value":0,"text":"","comment":"","position":{"x":522,"y":584},"isActive":false,"date":1702315560083,"kind":"Node","isSelected":false,"isConnectorSelected":false,"isDraggable":1,"isDeletable":1,"hasElementMoved":false,"eventLog":[{"time":1702315560083,"type":"create node","value":0},{"time":1702315560824,"type":"selected","value":1},{"time":1702315562129,"type":"node was deleted","value":-99}],"isTextChangeable":1}],"connectors":[{"id":"57d2f867-8bbe-4967-b0e5-b16f1d31ae37","source":"7dd2bebd-d910-44ec-bbd3-42098ba7ef2d","target":"a69a01a4-3d8d-455d-b48a-13f9d97c06cd","agreement":true,"isActive":true,"date":1702315364238,"kind":"Connector","isSelected":false,"intensity":3,"isDeletable":false,"isOver":false,"isBidirectional":false,"eventLog":[{"time":1702315364238,"type":"create connection"}]},{"id":"53cb161f-daff-41fb-9660-d8ce547e8397","source":"7dd2bebd-d910-44ec-bbd3-42098ba7ef2d","target":"3fdfc9e7-7df2-4179-82cf-796605ca7d0f","agreement":true,"isActive":true,"date":1702315364238,"kind":"Connector","isSelected":false,"intensity":3,"isDeletable":true,"isOver":false,"isBidirectional":false,"eventLog":[{"time":1702315364238,"type":"create connection"}]},{"id":"9c6c8cfc-d33b-449f-bcf6-d2b2154bafdc","source":"3fdfc9e7-7df2-4179-82cf-796605ca7d0f","target":"553b7a7a-f2da-4792-99e3-7d00213a3725","agreement":true,"isActive":true,"date":1702315364238,"kind":"Connector","isSelected":false,"intensity":3,"isDeletable":true,"isOver":false,"isBidirectional":false,"eventLog":[{"time":1702315364238,"type":"create connection"}]},{"id":"3c7a98b0-1877-4a65-959b-597232924654","source":"fd2b1d32-06f3-4be0-9424-b559e82fbec6","target":"a69a01a4-3d8d-455d-b48a-13f9d97c06cd","agreement":true,"isActive":true,"date":1702315364238,"kind":"Connector","isSelected":false,"intensity":3,"isDeletable":true,"isOver":false,"isBidirectional":false,"eventLog":[{"time":1702315364238,"type":"create connection"}]},{"id":"30f4c687-19f1-41c8-b966-461866f40153","source":"fe04cc2f-efd7-47ee-841b-a75ec5975c81","target":"a69a01a4-3d8d-455d-b48a-13f9d97c06cd","agreement":true,"isActive":true,"date":1702315364238,"kind":"Connector","isSelected":false,"intensity":3,"isDeletable":true,"isOver":false,"isBidirectional":false,"eventLog":[{"time":1702315364238,"type":"create connection"}]},{"id":"d5b55038-b77e-4c4a-be12-0fa76f0a9813","source":"769fc1a6-15fe-43d3-938c-c3e199c90414","target":"553b7a7a-f2da-4792-99e3-7d00213a3725","agreement":true,"isActive":true,"date":1702315364238,"kind":"Connector","isSelected":false,"intensity":3,"isDeletable":true,"isOver":false,"isBidirectional":false,"eventLog":[{"time":1702315364238,"type":"create connection"}]},{"id":"5374e833-3e73-4073-9d3e-9bf629840da7","source":"fd2b1d32-06f3-4be0-9424-b559e82fbec6","target":"34be5462-e53b-4338-871f-2de720927716","agreement":true,"isActive":true,"date":1702315364238,"kind":"Connector","isSelected":false,"intensity":3,"isDeletable":true,"isOver":false,"isBidirectional":false,"eventLog":[{"time":1702315364238,"type":"create connection"}]},{"id":"7d7fa5f1-d866-4656-85c6-b886443be70b","source":"1f560e53-5987-4017-8b32-3720eae61398","target":"553b7a7a-f2da-4792-99e3-7d00213a3725","agreement":true,"isActive":true,"date":1702315364238,"kind":"Connector","isSelected":false,"intensity":3,"isDeletable":true,"isOver":false,"isBidirectional":false,"eventLog":[{"time":1702315364238,"type":"create connection"}]},{"id":"0bf1afb4-0a50-4d2f-a0dd-2ef33d257cdc","source":"3fdfc9e7-7df2-4179-82cf-796605ca7d0f","target":"b4bc8b6d-fbd4-426e-ba9c-47da9b3a8d5c","agreement":true,"isActive":true,"date":1702315364238,"kind":"Connector","isSelected":false,"intensity":3,"isDeletable":true,"isOver":false,"isBidirectional":false,"eventLog":[{"time":1702315364238,"type":"create connection"}]},{"id":"1f5b63a3-28fa-4ab9-b10d-da95ec35c6c9","source":"b4bc8b6d-fbd4-426e-ba9c-47da9b3a8d5c","target":"fd2b1d32-06f3-4be0-9424-b559e82fbec6","agreement":false,"isActive":true,"date":1702315364238,"kind":"Connector","isSelected":false,"intensity":6,"isDeletable":true,"isOver":false,"isBidirectional":false,"eventLog":[{"time":1702315364238,"type":"create connection"}]},{"id":"693bc05f-4c09-49ee-ab0c-f334f00d4fbc","source":"3fdfc9e7-7df2-4179-82cf-796605ca7d0f","target":"fb2d839e-1397-4e00-a280-299ba2587b04","agreement":true,"isActive":true,"date":1702315407993,"kind":"Connector","isSelected":false,"intensity":3,"isDeletable":true,"isOver":false,"isBidirectional":false,"eventLog":[{"time":1702315407993,"type":"create connection"}]},{"id":"209408f8-2458-44bb-9e80-898a5db6f868","source":"7dd2bebd-d910-44ec-bbd3-42098ba7ef2d","target":"949fd03e-9c84-4a96-96de-7e912e2b1af3","agreement":true,"isActive":true,"date":1702315456973,"kind":"Connector","isSelected":false,"intensity":3,"isDeletable":true,"isOver":false,"isBidirectional":false,"eventLog":[{"time":1702315456973,"type":"create connection"}]},{"id":"58b53e04-45d2-4dbc-b7a2-811786206fa0","source":"949fd03e-9c84-4a96-96de-7e912e2b1af3","target":"4f467926-73cc-444a-828e-58019094b640","agreement":true,"isActive":true,"date":1702315460630,"kind":"Connector","isSelected":false,"intensity":3,"isDeletable":true,"isOver":false,"isBidirectional":false,"eventLog":[{"time":1702315460630,"type":"create connection"}]},{"id":"d9fe1d09-f3fa-4e21-bb3d-d9d8bd9d915f","source":"fb2d839e-1397-4e00-a280-299ba2587b04","target":"4f467926-73cc-444a-828e-58019094b640","agreement":true,"isActive":true,"date":1702315462463,"kind":"Connector","isSelected":false,"intensity":6,"isDeletable":true,"isOver":false,"isBidirectional":false,"eventLog":[{"time":1702315462463,"type":"create connection"},{"time":1702315585397,"type":"selected","value":1},{"time":1702315590353,"type":"change intensity of connector","value":6},{"time":1702315590353,"type":"selected","value":0}]},{"id":"6fca0162-5250-4260-81b7-b2c09decdeaf","source":"cdc729ff-1f1a-4b9a-9e93-daad41462196","target":"a69a01a4-3d8d-455d-b48a-13f9d97c06cd","agreement":true,"isActive":true,"date":1702315519114,"kind":"Connector","isSelected":false,"intensity":3,"isDeletable":true,"isOver":false,"isBidirectional":false,"eventLog":[{"time":1702315519114,"type":"create connection"}]}],"currentID":["d9fe1d09-f3fa-4e21-bb3d-d9d8bd9d915f"],"currentNode":{},"hasSelectedNode":[false],"currentConnector":{"id":["d9fe1d09-f3fa-4e21-bb3d-d9d8bd9d915f"],"value":{},"source":["fb2d839e-1397-4e00-a280-299ba2587b04"],"target":["4f467926-73cc-444a-828e-58019094b640"],"agreement":[true],"isActive":[true],"date":[1702315462463],"kind":["Connector"],"isSelected":[false],"intensity":[6],"isDeletable":[true],"isOver":[false],"isBidirectional":[false],"eventLog":[{"time":1702315462463,"type":"create connection"},{"time":1702315585397,"type":"selected","value":1},{"time":1702315590353,"type":"change intensity of connector","value":6},{"time":1702315590353,"type":"selected","value":0}]},"hasSelectedConnector":[true],"readyToMove":[false],"isIncoming":[false],"hasElementMoved":[false]}
