{"idCAM":["c331afea-cac2-49f5-99c2-14e7898f5c2d"],"creator":["651f003609736cc7a85d4328_pre"],"projectCAM":["S2_CAM part 1"],"defocusCAM":["NA",2133],"date":[1702310004028],"nodes":[{"id":"e30622db-866f-4c81-8ebe-3aa1368276b1","value":1,"text":"social assistance robot","comment":"","position":{"x":650,"y":400},"isActive":true,"date":1702310004896,"kind":"Node","isSelected":false,"isConnectorSelected":false,"isDraggable":0,"isDeletable":0,"hasElementMoved":false,"eventLog":[{"time":1702310004896,"type":"create node","value":0},{"time":1702310038155,"type":"selected","value":1},{"time":1702310038559,"type":"selected","value":0},{"time":1702310039159,"type":"selected","value":1},{"time":1702310049883,"type":"value","value":1},{"time":1702310049883,"type":"selected","value":0}],"isTextChangeable":0},{"id":"8c3758a6-7bea-4936-b40f-1b0458ea0c6f","value":0,"text":"disadvantages","comment":"","position":{"x":450,"y":400},"isActive":true,"date":1702310004896,"kind":"Node","isSelected":false,"isConnectorSelected":false,"isDraggable":0,"isDeletable":0,"hasElementMoved":false,"eventLog":[{"time":1702310004896,"type":"create node","value":0},{"time":1702310371134,"type":"selected","value":1},{"time":1702310376440,"type":"selected","value":0}],"isTextChangeable":0},{"id":"28baac67-2230-44d3-9c44-45c1d12acc26","value":0,"text":"advantages","comment":"","position":{"x":850,"y":400},"isActive":true,"date":1702310004896,"kind":"Node","isSelected":false,"isConnectorSelected":false,"isDraggable":0,"isDeletable":0,"hasElementMoved":false,"eventLog":[{"time":1702310004896,"type":"create node","value":0}],"isTextChangeable":0},{"id":"07d4079f-51c6-4582-9894-ebf044604fcd","value":3,"text":"treat more patients","comment":"one can help a lot more people with the help of robots than with the employees in the professions alone","position":{"x":783.0833,"y":139.3167},"isActive":true,"date":1702310053026,"kind":"Node","isSelected":false,"isConnectorSelected":false,"isDraggable":1,"isDeletable":1,"hasElementMoved":false,"eventLog":[{"time":"1702310053026","type":"create node","value":[0]},{"time":"2023-12-11T15:54:14.513Z","type":"position","value":{"x":[873.0833],"y":[257.3167]}},{"time":"1702310056261","type":"selected","value":[true]},{"time":"1702310123920","type":"text","value":["mehr Patienten behandeln"]},{"time":"1702310123920","type":"value","value":[3]},{"time":"1702310123920","type":"comment","value":["man kann mithilfe von Robotern viel mehr leuten helfen als mit den Angestellten in den Berufen alleine"]},{"time":"1702310123920","type":"selected","value":[false]},{"time":"2023-12-11T15:56:57.696Z","type":"position","value":{"x":[852.0833],"y":[255.3167]}},{"time":"2023-12-11T15:59:50.155Z","type":"position","value":{"x":[821.0833],"y":[225.3167]}}],"isTextChangeable":1},{"id":"ff6d5c95-007c-4c37-98ca-a559636e1ec4","value":2,"text":"more interaction","comment":"More social interactions with more isolated groups of people such as retirees","position":{"x":1136.0833,"y":201.3167},"isActive":true,"date":1702310151166,"kind":"Node","isSelected":false,"isConnectorSelected":false,"isDraggable":1,"isDeletable":1,"hasElementMoved":false,"eventLog":[{"time":"1702310151166","type":"create node","value":[0]},{"time":"1702310152419","type":"selected","value":[true]},{"time":"1702310206259","type":"text","value":["mehr Interaktion"]},{"time":"1702310206259","type":"value","value":[2]},{"time":"1702310206259","type":"comment","value":["Mehr Soziale Interaktionen mit eher isolierten Menschengruppen wie Rentner"]},{"time":"1702310206259","type":"selected","value":[false]},{"time":"2023-12-11T15:56:55.649Z","type":"position","value":{"x":[1000.0833],"y":[328.3167]}},{"time":"2023-12-11T15:56:58.956Z","type":"position","value":{"x":[1037.0833],"y":[251.3167]}},{"time":"2023-12-11T15:59:50.993Z","type":"position","value":{"x":[1055.0833],"y":[264.3167]}}],"isTextChangeable":1},{"id":"8727f176-a99a-498a-a494-3b0facb810ee","value":2,"text":"continuous support","comment":"People can be continuously supported and not only when they are in an institution for the respective problem.","position":{"x":1171.0833,"y":401.3167},"isActive":true,"date":1702310242449,"kind":"Node","isSelected":false,"isConnectorSelected":false,"isDraggable":1,"isDeletable":1,"hasElementMoved":false,"eventLog":[{"time":"1702310242449","type":"create node","value":[0]},{"time":"1702310243518","type":"selected","value":[true]},{"time":"1702310304027","type":"text","value":["Durchgängige Unterstützung"]},{"time":"1702310304027","type":"value","value":[2]},{"time":"1702310304027","type":"comment","value":["Menschen können durchgängig unterstütz werden und nicht nur wenn man in einer Einrichtung für das jeweilige Problem ist"]},{"time":"1702310304027","type":"selected","value":[false]},{"time":"2023-12-11T15:59:51.899Z","type":"position","value":{"x":[1088.0833],"y":[381.3167]}},{"time":"2023-12-11T15:59:52.416Z","type":"position","value":{"x":[1221.0833],"y":[479.3167]}},{"time":"2023-12-11T16:04:41.230Z","type":"position","value":{"x":[1199.0833],"y":[445.3167]}}],"isTextChangeable":1},{"id":"f56360f9-7401-4ab2-a1d6-59da63ed9946","value":-3,"text":"job loss","comment":"Jobs are being replaced by cheaper robots and as a result, many people are losing their jobs","position":{"x":566.0833,"y":292.3167},"isActive":true,"date":1702310322197,"kind":"Node","isSelected":false,"isConnectorSelected":false,"isDraggable":1,"isDeletable":1,"hasElementMoved":false,"eventLog":[{"time":"1702310322197","type":"create node","value":[0]},{"time":"1702310322351","type":"selected","value":[true]},{"time":"1702310367569","type":"text","value":["Job verlust"]},{"time":"1702310367569","type":"value","value":[-3]},{"time":"1702310367569","type":"comment","value":["Jobs werden durch die billigeren Roboter ersetzt und dadurch verlieren viele Menschen ihren Job"]},{"time":"1702310367569","type":"selected","value":[false]},{"time":"2023-12-11T15:59:38.453Z","type":"position","value":{"x":[438.0833],"y":[289.3167]}},{"time":"1702310386260","type":"selected","value":[true]},{"time":"1702310386943","type":"selected","value":[false]},{"time":"2023-12-11T15:59:48.765Z","type":"position","value":{"x":[454.0833],"y":[220.3167]}},{"time":"2023-12-11T16:04:24.933Z","type":"position","value":{"x":[411.0833],"y":[204.3167]}},{"time":"2023-12-11T16:04:31.015Z","type":"position","value":{"x":[387.0833],"y":[206.3167]}},{"time":"2023-12-11T16:05:17.294Z","type":"position","value":{"x":[361.0833],"y":[193.3167]}},{"time":"2023-12-11T16:05:17.604Z","type":"position","value":{"x":[515.0833],"y":[199.3167]}},{"time":"2023-12-11T16:05:20.067Z","type":"position","value":{"x":[589.0833],"y":[222.3167]}}],"isTextChangeable":1},{"id":"9c7da161-4b5b-4adb-ab4e-a101113ae7d7","value":-2,"text":"dependence","comment":"Complete dependence on machines could be developed","position":{"x":320.0833,"y":557.3167},"isActive":true,"date":1702310393319,"kind":"Node","isSelected":false,"isConnectorSelected":false,"isDraggable":1,"isDeletable":1,"hasElementMoved":false,"eventLog":[{"time":"1702310393320","type":"create node","value":[0]},{"time":"2023-12-11T15:59:58.205Z","type":"position","value":{"x":[1069.0833],"y":[294.3167]}},{"time":"2023-12-11T15:59:58.450Z","type":"position","value":{"x":[926.0833],"y":[447.3167]}},{"time":"2023-12-11T15:59:58.466Z","type":"position","value":{"x":[906.0833],"y":[460.3167]}},{"time":"2023-12-11T15:59:58.533Z","type":"position","value":{"x":[729.0833],"y":[525.3167]}},{"time":"2023-12-11T15:59:58.600Z","type":"position","value":{"x":[571.0833],"y":[556.3167]}},{"time":"2023-12-11T15:59:58.750Z","type":"position","value":{"x":[416.0833],"y":[593.3167]}},{"time":"1702310402708","type":"selected","value":[true]},{"time":"1702310441062","type":"text","value":["Abhängigkeit"]},{"time":"1702310441062","type":"value","value":[-2]},{"time":"1702310441062","type":"comment","value":["Kommplette abhängigkeit durch Maschinen könnte entwickelt werden"]},{"time":"1702310441062","type":"selected","value":[false]}],"isTextChangeable":1},{"id":"278b58be-4c6e-460c-999a-b1fd13084253","value":-1,"text":"opacity of AI","comment":"You can't necessarily see how the robots decide/ it's not exactly clear why they decide as they do.","position":{"x":158.0833,"y":395.3167},"isActive":true,"date":1702310491560,"kind":"Node","isSelected":false,"isConnectorSelected":false,"isDraggable":1,"isDeletable":1,"hasElementMoved":false,"eventLog":[{"time":"1702310491560","type":"create node","value":[0]},{"time":"1702310492461","type":"selected","value":[true]},{"time":"1702310492863","type":"selected","value":[false]},{"time":"1702310493774","type":"selected","value":[true]},{"time":"1702310549027","type":"text","value":["Undurchsichtbarheit von KI"]},{"time":"1702310549027","type":"value","value":[-1]},{"time":"1702310549027","type":"comment","value":["Man kann nicht umbedingt sehen wie die Roboter entscheiden/ es ist nicht genau zu erkennen warum die sich wie entscheiden"]},{"time":"1702310549027","type":"selected","value":[false]},{"time":"1702310555976","type":"selected","value":[true]},{"time":"1702310563736","type":"text","value":["Undurchsichtbarkeit von KI"]},{"time":"1702310563736","type":"selected","value":[false]},{"time":"2023-12-11T16:04:26.485Z","type":"position","value":{"x":[180.0833],"y":[241.3167]}},{"time":"2023-12-11T16:04:27.515Z","type":"position","value":{"x":[157.0833],"y":[392.3167]}}],"isTextChangeable":1},{"id":"f2402962-a3cd-4d93-9735-3e004f8a1aef","value":-2,"text":"less wage","comment":"if jobs are partially replaced by robots, it is possible that these people, who anyway earn so little, may get even less salary","position":{"x":375.0833,"y":290.3167},"isActive":true,"date":1702310581578,"kind":"Node","isSelected":false,"isConnectorSelected":false,"isDraggable":1,"isDeletable":1,"hasElementMoved":false,"eventLog":[{"time":"1702310581578","type":"create node","value":[0]},{"time":"1702310582855","type":"selected","value":[true]},{"time":"1702310655395","type":"text","value":["weniger Lohn"]},{"time":"1702310655395","type":"value","value":[-2]},{"time":"1702310655395","type":"comment","value":["wenn Jobs teilweise durch Roboter ersetzt werden kann es sein, dass diese Leute, die sowieso so wenig verdienen, noch weniger gehalt bekommen"]},{"time":"1702310655395","type":"selected","value":[false]},{"time":"2023-12-11T16:04:16.610Z","type":"position","value":{"x":[231.0833],"y":[413.3167]}},{"time":"2023-12-11T16:04:16.797Z","type":"position","value":{"x":[396.0833],"y":[338.3167]}},{"time":"2023-12-11T16:04:16.930Z","type":"position","value":{"x":[513.0833],"y":[263.3167]}},{"time":"2023-12-11T16:04:17.014Z","type":"position","value":{"x":[551.0833],"y":[244.3167]}},{"time":"2023-12-11T16:05:15.921Z","type":"position","value":{"x":[580.0833],"y":[235.3167]}},{"time":"2023-12-11T16:05:18.376Z","type":"position","value":{"x":[503.0833],"y":[263.3167]}},{"time":"2023-12-11T16:05:22.171Z","type":"position","value":{"x":[390.0833],"y":[224.3167]}}],"isTextChangeable":1},{"id":"a6157a26-c2ab-443e-9432-405fb6987c31","value":2,"text":"cheaper labor force","comment":"Robots are cheaper than human workers","position":{"x":645.0833,"y":187.3167},"isActive":true,"date":1702310683992,"kind":"Node","isSelected":false,"isConnectorSelected":false,"isDraggable":1,"isDeletable":1,"hasElementMoved":false,"eventLog":[{"time":"1702310683992","type":"create node","value":[0]},{"time":"1702310684691","type":"selected","value":[true]},{"time":"1702310711764","type":"text","value":["billigere Arbeitskräfte"]},{"time":"1702310711764","type":"value","value":[2]},{"time":"1702310711764","type":"comment","value":["Roboter sind billiger als Menschliche Arbeiter"]},{"time":"1702310711764","type":"selected","value":[false]},{"time":"2023-12-11T16:05:13.838Z","type":"position","value":{"x":[931.0833],"y":[488.3167]}},{"time":"2023-12-11T16:05:14.121Z","type":"position","value":{"x":[775.0833],"y":[478.3167]}},{"time":"2023-12-11T16:05:14.221Z","type":"position","value":{"x":[682.0833],"y":[332.3167]}},{"time":"2023-12-11T16:05:32.185Z","type":"position","value":{"x":[666.0833],"y":[528.3167]}},{"time":"2023-12-11T16:05:32.540Z","type":"position","value":{"x":[700.0833],"y":[373.3167]}},{"time":"2023-12-11T16:05:32.723Z","type":"position","value":{"x":[660.0833],"y":[221.3167]}}],"isTextChangeable":1},{"id":"6f87f8e8-7938-47a2-bf5e-7777d30f8b05","value":1,"text":"faster treatments","comment":"Optimal ways to treatment","position":{"x":947.0833,"y":563.3167},"isActive":true,"date":1702310761094,"kind":"Node","isSelected":false,"isConnectorSelected":false,"isDraggable":1,"isDeletable":1,"hasElementMoved":false,"eventLog":[{"time":1702310761094,"type":"create node","value":"0"},{"time":1702310761897,"type":"selected","value":"TRUE"},{"time":1702310777969,"type":"text","value":"Schnellere Behandlungen"},{"time":1702310777969,"type":"value","value":"1"},{"time":1702310777969,"type":"selected","value":"FALSE"},{"time":1702310836516,"type":"selected","value":"TRUE"},{"time":1702310848623,"type":"comment","value":"Optimale wege zur Behandlung\n"},{"time":1702310848623,"type":"selected","value":"FALSE"}],"isTextChangeable":1},{"id":"a6b6eb87-4f39-48e1-a349-5939d0968550","value":2,"text":"determination problems","comment":"faster determination through AI","position":{"x":793.0833,"y":563.3167},"isActive":true,"date":1702310779816,"kind":"Node","isSelected":false,"isConnectorSelected":false,"isDraggable":1,"isDeletable":1,"hasElementMoved":false,"eventLog":[{"time":1702310779816,"type":"create node","value":"0"},{"time":1702310780482,"type":"selected","value":"TRUE"},{"time":1702310811412,"type":"text","value":"Festellung Probleme"},{"time":1702310811412,"type":"value","value":"2"},{"time":1702310811412,"type":"comment","value":"schnellere Feststellung durch KI"},{"time":1702310811412,"type":"selected","value":"FALSE"}],"isTextChangeable":1},{"id":"37d3767d-85cb-440b-b988-6164afd98bb9","value":-1,"text":"inhumanity","comment":"Robots are not yet exactly like humans","position":{"x":517.0833,"y":546.3167},"isActive":true,"date":1702310855193,"kind":"Node","isSelected":false,"isConnectorSelected":false,"isDraggable":1,"isDeletable":1,"hasElementMoved":false,"eventLog":[{"time":1702310855193,"type":"create node","value":"0"},{"time":1702310856318,"type":"selected","value":"TRUE"},{"time":1702310882086,"type":"text","value":"Unmenschlichkeit"},{"time":1702310882086,"type":"value","value":"-1"},{"time":1702310882086,"type":"comment","value":"Roboter noch nicht genau so wie Menschen"},{"time":1702310882086,"type":"selected","value":"FALSE"}],"isTextChangeable":1}],"connectors":[{"id":"caa6273d-28ff-46a9-9544-b2c8dcd08b14","source":"e30622db-866f-4c81-8ebe-3aa1368276b1","target":"8c3758a6-7bea-4936-b40f-1b0458ea0c6f","agreement":true,"isActive":true,"date":1702310004896,"kind":"Connector","isSelected":false,"intensity":3,"isDeletable":false,"isOver":false,"isBidirectional":false,"eventLog":[{"time":1702310004896,"type":"create connection"}]},{"id":"7333bbfb-2dc5-4063-ae35-fbb72e1bc0d4","source":"e30622db-866f-4c81-8ebe-3aa1368276b1","target":"28baac67-2230-44d3-9c44-45c1d12acc26","agreement":true,"isActive":true,"date":1702310004897,"kind":"Connector","isSelected":false,"intensity":3,"isDeletable":true,"isOver":false,"isBidirectional":false,"eventLog":[{"time":1702310004897,"type":"create connection"}]},{"id":"e48d0a17-67e6-4b95-b410-46d9e5281954","source":"28baac67-2230-44d3-9c44-45c1d12acc26","target":"07d4079f-51c6-4582-9894-ebf044604fcd","agreement":true,"isActive":true,"date":1702310125392,"kind":"Connector","isSelected":false,"intensity":6,"isDeletable":true,"isOver":false,"isBidirectional":false,"eventLog":[{"time":1702310125392,"type":"create connection"},{"time":1702310127486,"type":"selected","value":1},{"time":1702310127886,"type":"change intensity of connector","value":3},{"time":1702310127886,"type":"selected","value":0},{"time":1702310128913,"type":"selected","value":1},{"time":1702310135030,"type":"change intensity of connector","value":6},{"time":1702310135030,"type":"selected","value":0}]},{"id":"46fe4ef6-644a-45cb-bf1c-7d4cb2170884","source":"07d4079f-51c6-4582-9894-ebf044604fcd","target":"ff6d5c95-007c-4c37-98ca-a559636e1ec4","agreement":true,"isActive":true,"date":1702310208668,"kind":"Connector","isSelected":false,"intensity":9,"isDeletable":true,"isOver":false,"isBidirectional":false,"eventLog":[{"time":1702310208668,"type":"create connection"},{"time":1702310212746,"type":"selected","value":1},{"time":1702310214457,"type":"change intensity of connector","value":9},{"time":1702310214457,"type":"selected","value":0}]},{"id":"64095fc9-1ea3-4a5a-b408-0a75d67f0317","source":"28baac67-2230-44d3-9c44-45c1d12acc26","target":"ff6d5c95-007c-4c37-98ca-a559636e1ec4","agreement":true,"isActive":true,"date":1702310209958,"kind":"Connector","isSelected":false,"intensity":6,"isDeletable":true,"isOver":false,"isBidirectional":false,"eventLog":[{"time":1702310209958,"type":"create connection"},{"time":1702310220868,"type":"selected","value":1},{"time":1702310222881,"type":"change intensity of connector","value":6},{"time":1702310222881,"type":"selected","value":0}]},{"id":"13255d10-0a19-4caf-ae57-78270bfe1412","source":"28baac67-2230-44d3-9c44-45c1d12acc26","target":"8727f176-a99a-498a-a494-3b0facb810ee","agreement":true,"isActive":true,"date":1702310305974,"kind":"Connector","isSelected":false,"intensity":6,"isDeletable":true,"isOver":false,"isBidirectional":false,"eventLog":[{"time":1702310305974,"type":"create connection"},{"time":1702310307912,"type":"selected","value":1},{"time":1702310309842,"type":"change intensity of connector","value":6},{"time":1702310309842,"type":"selected","value":0}]},{"id":"21daeb9e-201d-40ae-b2a6-89d870034b6e","source":"8c3758a6-7bea-4936-b40f-1b0458ea0c6f","target":"f56360f9-7401-4ab2-a1d6-59da63ed9946","agreement":true,"isActive":true,"date":1702310369053,"kind":"Connector","isSelected":false,"intensity":9,"isDeletable":true,"isOver":false,"isBidirectional":false,"eventLog":[{"time":1702310369053,"type":"create connection"},{"time":1702310381586,"type":"selected","value":1},{"time":1702310385337,"type":"change intensity of connector","value":9},{"time":1702310385337,"type":"selected","value":0}]},{"id":"a9a14bf9-76d4-4a77-a41a-b71694b5ef1c","source":"8c3758a6-7bea-4936-b40f-1b0458ea0c6f","target":"9c7da161-4b5b-4adb-ab4e-a101113ae7d7","agreement":true,"isActive":true,"date":1702310442281,"kind":"Connector","isSelected":false,"intensity":6,"isDeletable":true,"isOver":false,"isBidirectional":false,"eventLog":[{"time":1702310442281,"type":"create connection"},{"time":1702310443738,"type":"selected","value":1},{"time":1702310445801,"type":"change intensity of connector","value":6},{"time":1702310445801,"type":"selected","value":0}]},{"id":"7663e097-2c92-440e-9155-c59cdb444caa","source":"278b58be-4c6e-460c-999a-b1fd13084253","target":"8c3758a6-7bea-4936-b40f-1b0458ea0c6f","agreement":true,"isActive":true,"date":1702310550533,"kind":"Connector","isSelected":false,"intensity":3,"isDeletable":true,"isOver":false,"isBidirectional":false,"eventLog":[{"time":1702310550533,"type":"create connection"}]},{"id":"acd9d149-3a28-4b2a-b70e-7a8db1ce9396","source":"8c3758a6-7bea-4936-b40f-1b0458ea0c6f","target":"f2402962-a3cd-4d93-9735-3e004f8a1aef","agreement":true,"isActive":true,"date":1702310658810,"kind":"Connector","isSelected":false,"intensity":3,"isDeletable":true,"isOver":false,"isBidirectional":false,"eventLog":[{"time":1702310658810,"type":"create connection"}]},{"id":"a9748fac-26d4-4adc-9d82-361a9fb61008","source":"f56360f9-7401-4ab2-a1d6-59da63ed9946","target":"f2402962-a3cd-4d93-9735-3e004f8a1aef","agreement":true,"isActive":true,"date":1702310660511,"kind":"Connector","isSelected":false,"intensity":3,"isDeletable":true,"isOver":false,"isBidirectional":false,"eventLog":[{"time":1702310660511,"type":"create connection"}]},{"id":"3a1bb002-6209-4089-a022-5d16ea7daf1d","source":"28baac67-2230-44d3-9c44-45c1d12acc26","target":"a6157a26-c2ab-443e-9432-405fb6987c31","agreement":true,"isActive":true,"date":1702310712936,"kind":"Connector","isSelected":false,"intensity":3,"isDeletable":true,"isOver":false,"isBidirectional":false,"eventLog":[{"time":1702310712936,"type":"create connection"}]},{"id":"6d7fb7c4-f239-43ce-a2f9-9807d1eafdb2","source":"f56360f9-7401-4ab2-a1d6-59da63ed9946","target":"a6157a26-c2ab-443e-9432-405fb6987c31","agreement":true,"isActive":true,"date":1702310741592,"kind":"Connector","isSelected":false,"intensity":9,"isDeletable":true,"isOver":false,"isBidirectional":false,"eventLog":[{"time":1702310741592,"type":"create connection"},{"time":1702310743043,"type":"selected","value":1},{"time":1702310747531,"type":"change intensity of connector","value":9},{"time":1702310747531,"type":"selected","value":0}]},{"id":"cb49f5ee-991e-4f03-abb5-4e9966d3caaf","source":"f2402962-a3cd-4d93-9735-3e004f8a1aef","target":"a6157a26-c2ab-443e-9432-405fb6987c31","agreement":true,"isActive":true,"date":1702310749103,"kind":"Connector","isSelected":false,"intensity":6,"isDeletable":true,"isOver":false,"isBidirectional":false,"eventLog":[{"time":1702310749103,"type":"create connection"},{"time":1702310749894,"type":"selected","value":1},{"time":1702310752448,"type":"change intensity of connector","value":6},{"time":1702310752448,"type":"selected","value":0}]},{"id":"b127d786-0048-466f-a736-5e67aa67145c","source":"a6b6eb87-4f39-48e1-a349-5939d0968550","target":"28baac67-2230-44d3-9c44-45c1d12acc26","agreement":true,"isActive":true,"date":1702310812459,"kind":"Connector","isSelected":false,"intensity":6,"isDeletable":true,"isOver":false,"isBidirectional":false,"eventLog":[{"time":1702310812459,"type":"create connection"},{"time":1702310822546,"type":"selected","value":1},{"time":1702310824474,"type":"change intensity of connector","value":6},{"time":1702310824474,"type":"selected","value":0}]},{"id":"7eb9b3fb-22b3-42e2-acff-66600d5fb5c1","source":"6f87f8e8-7938-47a2-bf5e-7777d30f8b05","target":"28baac67-2230-44d3-9c44-45c1d12acc26","agreement":true,"isActive":true,"date":1702310813783,"kind":"Connector","isSelected":false,"intensity":6,"isDeletable":true,"isOver":false,"isBidirectional":false,"eventLog":[{"time":1702310813783,"type":"create connection"},{"time":1702310819510,"type":"selected","value":1},{"time":1702310821953,"type":"change intensity of connector","value":6},{"time":1702310821953,"type":"selected","value":0}]},{"id":"02ec7ca6-7b0d-4bb0-96a6-3c8fae179a79","source":"a6b6eb87-4f39-48e1-a349-5939d0968550","target":"6f87f8e8-7938-47a2-bf5e-7777d30f8b05","agreement":true,"isActive":true,"date":1702310816344,"kind":"Connector","isSelected":false,"intensity":9,"isDeletable":true,"isOver":false,"isBidirectional":false,"eventLog":[{"time":1702310816344,"type":"create connection"},{"time":1702310817095,"type":"selected","value":1},{"time":1702310818781,"type":"change intensity of connector","value":9},{"time":1702310818781,"type":"selected","value":0}]},{"id":"a45980aa-2a43-4fd5-8a8e-e413d14aca8b","source":"37d3767d-85cb-440b-b988-6164afd98bb9","target":"8c3758a6-7bea-4936-b40f-1b0458ea0c6f","agreement":true,"isActive":true,"date":1702310883314,"kind":"Connector","isSelected":false,"intensity":3,"isDeletable":true,"isOver":false,"isBidirectional":false,"eventLog":[{"time":1702310883314,"type":"create connection"}]}],"currentID":{},"currentNode":{},"hasSelectedNode":[false],"currentConnector":{},"hasSelectedConnector":[false],"readyToMove":[false],"isIncoming":[false],"hasElementMoved":[false]}
