{"idCAM":["7f00077a-e532-4562-a571-43d3e2877715"],"creator":["652156df21a8be7bb4c6f4e7_post"],"projectCAM":["S2_CAM part 2"],"defocusCAM":[null],"date":[1702380767041],"nodes":[{"id":"4a7cc331-9463-4231-80b4-69a201a05d2e","value":10,"text":"rescue robot","comment":"","position":{"x":650,"y":400},"isActive":true,"date":1702380767874,"kind":"Node","isSelected":false,"isConnectorSelected":false,"isDraggable":0,"isDeletable":0,"hasElementMoved":false,"eventLog":[{"time":1702380767874,"type":"create node","value":10},{"time":1702380769409,"type":"selected","value":1},{"time":1702380774264,"type":"selected","value":0}],"isTextChangeable":0},{"id":"33d1db98-74a2-4e2c-874d-783f0d89d362","value":-3,"text":"disadvantages","comment":"","position":{"x":450,"y":400},"isActive":true,"date":1702380767875,"kind":"Node","isSelected":false,"isConnectorSelected":false,"isDraggable":0,"isDeletable":0,"hasElementMoved":false,"eventLog":[{"time":1702380767875,"type":"create node","value":-3}],"isTextChangeable":0},{"id":"cb7bcf86-774e-4f63-b406-f3c9a499eead","value":3,"text":"advantages","comment":"","position":{"x":850,"y":400},"isActive":true,"date":1702380767875,"kind":"Node","isSelected":false,"isConnectorSelected":false,"isDraggable":0,"isDeletable":0,"hasElementMoved":false,"eventLog":[{"time":1702380767875,"type":"create node","value":3}],"isTextChangeable":0},{"id":"d18475c2-f06d-4f5f-9806-f8389f3d6910","value":2,"text":"risk minimization","comment":"","position":{"x":961,"y":510.3333},"isActive":true,"date":1702380767875,"kind":"Node","isSelected":false,"isConnectorSelected":false,"isDraggable":1,"isDeletable":1,"hasElementMoved":false,"eventLog":[{"time":1702380767875,"type":"create node","value":2}],"isTextChangeable":1},{"id":"3f0f0ae8-04ab-43bf-8e72-c91d2963b805","value":2,"text":"technical search tools","comment":"","position":{"x":930,"y":296.3333},"isActive":true,"date":1702380767875,"kind":"Node","isSelected":false,"isConnectorSelected":false,"isDraggable":1,"isDeletable":1,"hasElementMoved":false,"eventLog":[{"time":1702380767875,"type":"create node","value":2}],"isTextChangeable":1},{"id":"2d0d7f3a-ecd2-487f-bf4c-bfe5b65ddfe1","value":10,"text":"autonomy","comment":"","position":{"x":653,"y":251.3333},"isActive":true,"date":1702380767875,"kind":"Node","isSelected":false,"isConnectorSelected":false,"isDraggable":1,"isDeletable":1,"hasElementMoved":false,"eventLog":[{"time":1702380767875,"type":"create node","value":10}],"isTextChangeable":1},{"id":"aacaeb22-aa2b-47e4-9793-9279400bad78","value":-2,"text":"susceptibility to defects","comment":"","position":{"x":293,"y":495.3333},"isActive":true,"date":1702380767875,"kind":"Node","isSelected":false,"isConnectorSelected":false,"isDraggable":1,"isDeletable":1,"hasElementMoved":false,"eventLog":[{"time":1702380767875,"type":"create node","value":-2}],"isTextChangeable":1},{"id":"5e0f5fd9-a75a-4c26-bc3e-9c1bc63b7d1d","value":-2,"text":"role of the controller","comment":"","position":{"x":323,"y":321.3333},"isActive":true,"date":1702380767875,"kind":"Node","isSelected":false,"isConnectorSelected":false,"isDraggable":1,"isDeletable":1,"hasElementMoved":false,"eventLog":[{"time":1702380767875,"type":"create node","value":-2}],"isTextChangeable":1},{"id":"40394c0a-1d95-449b-9571-9147a6a74154","value":-2,"text":"financing & price","comment":"","position":{"x":440,"y":273.3333},"isActive":true,"date":1702380767876,"kind":"Node","isSelected":false,"isConnectorSelected":false,"isDraggable":1,"isDeletable":1,"hasElementMoved":false,"eventLog":[{"time":1702380767876,"type":"create node","value":-2}],"isTextChangeable":1},{"id":"e9a45c3b-f3a2-412e-a68b-3cd5a5527f79","value":-2,"text":"fewer people","comment":"","position":{"x":473,"y":487.3333},"isActive":true,"date":1702380767876,"kind":"Node","isSelected":false,"isConnectorSelected":false,"isDraggable":1,"isDeletable":1,"hasElementMoved":false,"eventLog":[{"time":1702380767876,"type":"create node","value":-2}],"isTextChangeable":1},{"id":"ac910026-ffa7-45ef-8816-cb4d7979aaa8","value":1,"text":"precision in search","comment":"","position":{"x":803,"y":512.3333},"isActive":true,"date":1702380767876,"kind":"Node","isSelected":false,"isConnectorSelected":false,"isDraggable":1,"isDeletable":1,"hasElementMoved":false,"eventLog":[{"time":1702380767876,"type":"create node","value":1}],"isTextChangeable":1},{"id":"b5df1ebc-bbb1-49ab-b142-bc077ee04363","value":2,"text":"new jobs","comment":"","position":{"x":1058,"y":388.3333},"isActive":true,"date":1702380767876,"kind":"Node","isSelected":false,"isConnectorSelected":false,"isDraggable":1,"isDeletable":1,"hasElementMoved":false,"eventLog":[{"time":1702380767876,"type":"create node","value":2}],"isTextChangeable":1},{"id":"d5353819-5037-44d2-a3d4-6602fff41b1c","value":-2,"text":"readiness for action","comment":"","position":{"x":241,"y":390.3333},"isActive":true,"date":1702380767876,"kind":"Node","isSelected":false,"isConnectorSelected":false,"isDraggable":1,"isDeletable":1,"hasElementMoved":false,"eventLog":[{"time":1702380767876,"type":"create node","value":-2}],"isTextChangeable":1},{"id":"f87627e2-d334-43a8-9d5e-ee733f426e09","value":2,"text":"remote control","comment":"","position":{"x":828,"y":236.3333},"isActive":true,"date":1702380767876,"kind":"Node","isSelected":false,"isConnectorSelected":false,"isDraggable":1,"isDeletable":1,"hasElementMoved":false,"eventLog":[{"time":1702380767876,"type":"create node","value":2}],"isTextChangeable":1},{"id":"7db92661-3360-4a75-93dd-3ffdcd1b30c2","value":10,"text":"robustness","comment":"Damage susceptibility vs. flexibility","position":{"x":653,"y":165.3333},"isActive":true,"date":1702380794493,"kind":"Node","isSelected":false,"isConnectorSelected":false,"isDraggable":1,"isDeletable":1,"hasElementMoved":false,"eventLog":[{"time":"1702380794493","type":"create node","value":[0]},{"time":"1702380817967","type":"selected","value":[true]},{"time":"1702380825178","type":"selected","value":[false]},{"time":"2023-12-12T11:33:47.373Z","type":"position","value":{"x":[1047],"y":[148.3333]}},{"time":"2023-12-12T11:33:47.541Z","type":"position","value":{"x":[885],"y":[125.3333]}},{"time":"2023-12-12T11:33:47.763Z","type":"position","value":{"x":[722],"y":[150.3333]}},{"time":"1702380829951","type":"selected","value":[true]},{"time":"1702380849047","type":"text","value":["Robustheit"]},{"time":"1702380849047","type":"value","value":[10]},{"time":"1702380849047","type":"comment","value":["Beschädigungsanfällig vs. Flexibilität"]},{"time":"1702380849047","type":"selected","value":[false]}],"isTextChangeable":1},{"id":"91a9d00b-97af-4adb-bb95-837019b3f253","value":-1,"text":"bias","comment":"","position":{"x":381,"y":583.3333},"isActive":true,"date":1702380794698,"kind":"Node","isSelected":false,"isConnectorSelected":false,"isDraggable":1,"isDeletable":1,"hasElementMoved":false,"eventLog":[{"time":1702380794698,"type":"create node","value":"0"},{"time":1702380795844,"type":"selected","value":"TRUE"},{"time":1702380804139,"type":"text","value":"Voreingenommenheit"},{"time":1702380804139,"type":"value","value":"-1"},{"time":1702380804139,"type":"selected","value":"FALSE"}],"isTextChangeable":1},{"id":"226915ae-8d10-49f5-a5ba-b9c68377627c","value":0,"text":"","comment":"","position":{"x":1037,"y":176.3333},"isActive":false,"date":1702380862357,"kind":"Node","isSelected":false,"isConnectorSelected":false,"isDraggable":1,"isDeletable":1,"hasElementMoved":false,"eventLog":[{"time":1702380862357,"type":"create node","value":0},{"time":1702380881768,"type":"selected","value":1},{"time":1702380883165,"type":"node was deleted","value":-99}],"isTextChangeable":1},{"id":"6a804582-b205-400d-826b-26a1bdc42eef","value":0,"text":"","comment":"","position":{"x":1037,"y":176.3333},"isActive":false,"date":1702380862566,"kind":"Node","isSelected":false,"isConnectorSelected":false,"isDraggable":1,"isDeletable":1,"hasElementMoved":false,"eventLog":[{"time":1702380862566,"type":"create node","value":0},{"time":1702380863507,"type":"selected","value":1},{"time":1702380876616,"type":"selected","value":0},{"time":1702380878764,"type":"selected","value":1},{"time":1702380880294,"type":"node was deleted","value":-99}],"isTextChangeable":1}],"connectors":[{"id":"15ccfddc-6c67-4540-b292-45a4de41a32e","source":"4a7cc331-9463-4231-80b4-69a201a05d2e","target":"33d1db98-74a2-4e2c-874d-783f0d89d362","agreement":true,"isActive":true,"date":1702380767876,"kind":"Connector","isSelected":false,"intensity":3,"isDeletable":false,"isOver":false,"isBidirectional":false,"eventLog":[{"time":1702380767876,"type":"create connection"}]},{"id":"80aceee6-ddd2-4b1d-8dd1-d4e8bd5a8aad","source":"4a7cc331-9463-4231-80b4-69a201a05d2e","target":"cb7bcf86-774e-4f63-b406-f3c9a499eead","agreement":true,"isActive":true,"date":1702380767877,"kind":"Connector","isSelected":false,"intensity":3,"isDeletable":true,"isOver":false,"isBidirectional":false,"eventLog":[{"time":1702380767877,"type":"create connection"}]},{"id":"e2940f84-b36a-45c3-9d0b-e2f4e7adc964","source":"2d0d7f3a-ecd2-487f-bf4c-bfe5b65ddfe1","target":"33d1db98-74a2-4e2c-874d-783f0d89d362","agreement":true,"isActive":true,"date":1702380767877,"kind":"Connector","isSelected":false,"intensity":3,"isDeletable":true,"isOver":false,"isBidirectional":false,"eventLog":[{"time":1702380767877,"type":"create connection"}]},{"id":"28eb843c-6b28-418f-b810-b19530162169","source":"2d0d7f3a-ecd2-487f-bf4c-bfe5b65ddfe1","target":"cb7bcf86-774e-4f63-b406-f3c9a499eead","agreement":true,"isActive":true,"date":1702380767877,"kind":"Connector","isSelected":false,"intensity":3,"isDeletable":true,"isOver":false,"isBidirectional":false,"eventLog":[{"time":1702380767877,"type":"create connection"}]},{"id":"a0a395da-bfed-4df9-9e25-cb0c91bd171b","source":"3f0f0ae8-04ab-43bf-8e72-c91d2963b805","target":"cb7bcf86-774e-4f63-b406-f3c9a499eead","agreement":true,"isActive":true,"date":1702380767877,"kind":"Connector","isSelected":false,"intensity":6,"isDeletable":true,"isOver":false,"isBidirectional":false,"eventLog":[{"time":1702380767877,"type":"create connection"}]},{"id":"38c1ba1a-1dd1-4dea-9aad-eba9f1f68731","source":"cb7bcf86-774e-4f63-b406-f3c9a499eead","target":"d18475c2-f06d-4f5f-9806-f8389f3d6910","agreement":true,"isActive":true,"date":1702380767877,"kind":"Connector","isSelected":false,"intensity":6,"isDeletable":true,"isOver":false,"isBidirectional":false,"eventLog":[{"time":1702380767877,"type":"create connection"}]},{"id":"bafaa696-fc98-4358-8962-c71cdb3dbce6","source":"aacaeb22-aa2b-47e4-9793-9279400bad78","target":"33d1db98-74a2-4e2c-874d-783f0d89d362","agreement":true,"isActive":true,"date":1702380767878,"kind":"Connector","isSelected":false,"intensity":6,"isDeletable":true,"isOver":false,"isBidirectional":false,"eventLog":[{"time":1702380767878,"type":"create connection"}]},{"id":"10bc71f5-981b-411a-be0b-0a9e1a5abe83","source":"33d1db98-74a2-4e2c-874d-783f0d89d362","target":"5e0f5fd9-a75a-4c26-bc3e-9c1bc63b7d1d","agreement":true,"isActive":true,"date":1702380767878,"kind":"Connector","isSelected":false,"intensity":3,"isDeletable":true,"isOver":false,"isBidirectional":false,"eventLog":[{"time":1702380767878,"type":"create connection"}]},{"id":"3c9d35d2-ce65-43a6-8e9e-3fe31741d579","source":"33d1db98-74a2-4e2c-874d-783f0d89d362","target":"40394c0a-1d95-449b-9571-9147a6a74154","agreement":true,"isActive":true,"date":1702380767878,"kind":"Connector","isSelected":false,"intensity":3,"isDeletable":true,"isOver":false,"isBidirectional":false,"eventLog":[{"time":1702380767878,"type":"create connection"}]},{"id":"d6d3bd87-626e-4f84-9f02-9c0bc94a8227","source":"33d1db98-74a2-4e2c-874d-783f0d89d362","target":"e9a45c3b-f3a2-412e-a68b-3cd5a5527f79","agreement":true,"isActive":true,"date":1702380767878,"kind":"Connector","isSelected":false,"intensity":3,"isDeletable":true,"isOver":false,"isBidirectional":false,"eventLog":[{"time":1702380767878,"type":"create connection"}]},{"id":"0fca3e68-dc6a-4fb7-ab70-2ce51ac9a461","source":"ac910026-ffa7-45ef-8816-cb4d7979aaa8","target":"cb7bcf86-774e-4f63-b406-f3c9a499eead","agreement":true,"isActive":true,"date":1702380767878,"kind":"Connector","isSelected":false,"intensity":3,"isDeletable":true,"isOver":false,"isBidirectional":false,"eventLog":[{"time":1702380767878,"type":"create connection"}]},{"id":"f39f7523-7f8d-4eb5-a99a-63f1788dd7c4","source":"33d1db98-74a2-4e2c-874d-783f0d89d362","target":"d5353819-5037-44d2-a3d4-6602fff41b1c","agreement":true,"isActive":true,"date":1702380767878,"kind":"Connector","isSelected":false,"intensity":3,"isDeletable":true,"isOver":false,"isBidirectional":false,"eventLog":[{"time":1702380767878,"type":"create connection"}]},{"id":"96ade565-d1a4-4bfb-9082-233238543fc2","source":"b5df1ebc-bbb1-49ab-b142-bc077ee04363","target":"cb7bcf86-774e-4f63-b406-f3c9a499eead","agreement":true,"isActive":true,"date":1702380767878,"kind":"Connector","isSelected":false,"intensity":3,"isDeletable":true,"isOver":false,"isBidirectional":false,"eventLog":[{"time":1702380767878,"type":"create connection"}]},{"id":"9de909f4-ed15-4e13-808a-13e4aab78271","source":"cb7bcf86-774e-4f63-b406-f3c9a499eead","target":"f87627e2-d334-43a8-9d5e-ee733f426e09","agreement":true,"isActive":true,"date":1702380767878,"kind":"Connector","isSelected":false,"intensity":3,"isDeletable":true,"isOver":false,"isBidirectional":false,"eventLog":[{"time":1702380767878,"type":"create connection"}]},{"id":"b4d160c2-e831-4bd4-9050-4e6e288b9ea3","source":"33d1db98-74a2-4e2c-874d-783f0d89d362","target":"91a9d00b-97af-4adb-bb95-837019b3f253","agreement":true,"isActive":true,"date":1702380811038,"kind":"Connector","isSelected":false,"intensity":3,"isDeletable":true,"isOver":false,"isBidirectional":false,"eventLog":[{"time":1702380811038,"type":"create connection"}]},{"id":"d48e6e4b-1f9d-4a96-89a5-acb613c601b8","source":"7db92661-3360-4a75-93dd-3ffdcd1b30c2","target":"33d1db98-74a2-4e2c-874d-783f0d89d362","agreement":true,"isActive":true,"date":1702380851479,"kind":"Connector","isSelected":false,"intensity":3,"isDeletable":true,"isOver":false,"isBidirectional":false,"eventLog":[{"time":1702380851479,"type":"create connection"}]},{"id":"968bb7ff-28c2-4184-aa43-af940aa22a95","source":"7db92661-3360-4a75-93dd-3ffdcd1b30c2","target":"cb7bcf86-774e-4f63-b406-f3c9a499eead","agreement":true,"isActive":true,"date":1702380853822,"kind":"Connector","isSelected":false,"intensity":3,"isDeletable":true,"isOver":false,"isBidirectional":false,"eventLog":[{"time":1702380853822,"type":"create connection"}]}],"currentID":{},"currentNode":{},"hasSelectedNode":[false],"currentConnector":{},"hasSelectedConnector":[false],"readyToMove":[false],"isIncoming":[false],"hasElementMoved":[false]}
