{"idCAM":["3ddbee71-22a5-433e-820d-3d5d6065097f"],"creator":["6521569041baced19add37bc_pre"],"projectCAM":["S2_CAM part 1"],"defocusCAM":[],"date":[1702310814992],"nodes":[{"id":"5c57bacb-42ad-41b2-ba15-1832f64079b4","value":0,"text":"rescue robot","comment":"","position":{"x":650,"y":400},"isActive":true,"date":1702310815998,"kind":"Node","isSelected":false,"isConnectorSelected":false,"isDraggable":0,"isDeletable":0,"hasElementMoved":false,"eventLog":[{"time":1702310815998,"type":"create node","value":0}],"isTextChangeable":0},{"id":"5b2e3b1c-428f-4b85-bdc5-1ad2e655b3b9","value":0,"text":"disadvantages","comment":"","position":{"x":450,"y":400},"isActive":true,"date":1702310815999,"kind":"Node","isSelected":false,"isConnectorSelected":true,"isDraggable":0,"isDeletable":0,"hasElementMoved":false,"eventLog":[{"time":1702310815999,"type":"create node","value":0}],"isTextChangeable":0},{"id":"f7f01486-130e-4062-96a5-7cb3bdbfd574","value":0,"text":"advantages","comment":"","position":{"x":850,"y":400},"isActive":true,"date":1702310815999,"kind":"Node","isSelected":false,"isConnectorSelected":false,"isDraggable":0,"isDeletable":0,"hasElementMoved":false,"eventLog":[{"time":1702310815999,"type":"create node","value":0}],"isTextChangeable":0},{"id":"45ddf06c-fb63-4af9-aa7f-c231dbe43830","value":10,"text":"work automatically","comment":"","position":{"x":668,"y":260},"isActive":true,"date":1702310825185,"kind":"Node","isSelected":false,"isConnectorSelected":false,"isDraggable":1,"isDeletable":1,"hasElementMoved":false,"eventLog":[{"time":"1702310825185","type":"create node","value":[0]},{"time":"1702310831360","type":"selected","value":[true]},{"time":"1702310860808","type":"text","value":["arbeiten automatisch"]},{"time":"1702310860808","type":"value","value":[10]},{"time":"1702310860808","type":"selected","value":[false]},{"time":"2023-12-11T16:07:42.097Z","type":"position","value":{"x":[889],"y":[268]}},{"time":"2023-12-11T16:07:42.485Z","type":"position","value":{"x":[732],"y":[269]}}],"isTextChangeable":1},{"id":"d6975ad0-5de6-438a-bc39-ef4feb84ce26","value":3,"text":"no life endangered","comment":"","position":{"x":970,"y":251},"isActive":true,"date":1702310868479,"kind":"Node","isSelected":false,"isConnectorSelected":false,"isDraggable":1,"isDeletable":1,"hasElementMoved":false,"eventLog":[{"time":1702310868479,"type":"create node","value":"0"},{"time":1702310871999,"type":"selected","value":"TRUE"},{"time":1702310895271,"type":"text","value":"kein Leben gefährdet"},{"time":1702310895271,"type":"value","value":"3"},{"time":1702310895271,"type":"selected","value":"FALSE"},{"time":1702311099680,"type":"selected","value":"TRUE"},{"time":1702311100101,"type":"selected","value":"FALSE"}],"isTextChangeable":1},{"id":"523dae95-d79b-4d13-bfbb-f5c8fe7668a4","value":-2,"text":"malfunctions","comment":"","position":{"x":512,"y":159},"isActive":true,"date":1702310921030,"kind":"Node","isSelected":false,"isConnectorSelected":false,"isDraggable":1,"isDeletable":1,"hasElementMoved":false,"eventLog":[{"time":1702310921030,"type":"create node","value":"0"},{"time":1702310922382,"type":"selected","value":"TRUE"},{"time":1702310932224,"type":"text","value":"Fehlfunktionen"},{"time":1702310932224,"type":"value","value":"-2"},{"time":1702310932224,"type":"selected","value":"FALSE"}],"isTextChangeable":1},{"id":"96d41f4f-b836-4446-a5af-cb5dea667f84","value":-2,"text":"algorithms","comment":"","position":{"x":587,"y":69},"isActive":true,"date":1702310952477,"kind":"Node","isSelected":false,"isConnectorSelected":false,"isDraggable":1,"isDeletable":1,"hasElementMoved":false,"eventLog":[{"time":1702310952477,"type":"create node","value":"0"},{"time":1702310952597,"type":"selected","value":"TRUE"},{"time":1702310959899,"type":"text","value":"Algorithmen"},{"time":1702310959899,"type":"value","value":"-2"},{"time":1702310959899,"type":"selected","value":"FALSE"}],"isTextChangeable":1},{"id":"2af10e56-16b9-4bc8-ba6e-ebc58194084d","value":2,"text":"arrive at places","comment":"where people can't go","position":{"x":1048,"y":403},"isActive":true,"date":1702310974331,"kind":"Node","isSelected":false,"isConnectorSelected":false,"isDraggable":1,"isDeletable":1,"hasElementMoved":false,"eventLog":[{"time":1702310974331,"type":"create node","value":"0"},{"time":1702310974422,"type":"selected","value":"TRUE"},{"time":1702310996708,"type":"text","value":"Kommen an Orte"},{"time":1702310996708,"type":"value","value":"2"},{"time":1702310996708,"type":"comment","value":"wo Leute nicht hinkönnen"},{"time":1702310996708,"type":"selected","value":"FALSE"}],"isTextChangeable":1},{"id":"5cebd19e-8273-4304-87cb-93eb5548055c","value":3,"text":"can save lives","comment":"","position":{"x":1117,"y":517},"isActive":true,"date":1702311002437,"kind":"Node","isSelected":false,"isConnectorSelected":false,"isDraggable":1,"isDeletable":1,"hasElementMoved":false,"eventLog":[{"time":1702311002437,"type":"create node","value":"0"},{"time":1702311003663,"type":"selected","value":"TRUE"},{"time":1702311014408,"type":"text","value":"Können Leben retten"},{"time":1702311014408,"type":"value","value":"3"},{"time":1702311014408,"type":"selected","value":"FALSE"}],"isTextChangeable":1},{"id":"89470670-6bc7-4604-b482-5a46a721b4ba","value":-2,"text":"are expensive","comment":"","position":{"x":213,"y":401},"isActive":true,"date":1702311039029,"kind":"Node","isSelected":false,"isConnectorSelected":false,"isDraggable":1,"isDeletable":1,"hasElementMoved":false,"eventLog":[{"time":1702311039029,"type":"create node","value":"0"},{"time":1702311041796,"type":"selected","value":"TRUE"},{"time":1702311051135,"type":"text","value":"sind teuer"},{"time":1702311051135,"type":"value","value":"-2"},{"time":1702311051135,"type":"selected","value":"FALSE"}],"isTextChangeable":1},{"id":"761c0792-9948-4887-8e55-b49091df591e","value":2,"text":"not emotionally driven","comment":"","position":{"x":847,"y":94},"isActive":true,"date":1702311108587,"kind":"Node","isSelected":false,"isConnectorSelected":false,"isDraggable":1,"isDeletable":1,"hasElementMoved":false,"eventLog":[{"time":1702311108587,"type":"create node","value":"0"},{"time":1702311108739,"type":"selected","value":"TRUE"},{"time":1702311117716,"type":"text","value":"nicht emotionsgesteuert"},{"time":1702311117716,"type":"value","value":"1"},{"time":1702311117716,"type":"selected","value":"FALSE"},{"time":1702311119677,"type":"selected","value":"TRUE"},{"time":1702311122323,"type":"value","value":"2"},{"time":1702311122323,"type":"selected","value":"FALSE"}],"isTextChangeable":1},{"id":"1be29996-5732-4adf-8f50-a42362e85ac6","value":1,"text":"concentrated","comment":"","position":{"x":1051,"y":96},"isActive":true,"date":1702311131480,"kind":"Node","isSelected":false,"isConnectorSelected":false,"isDraggable":1,"isDeletable":1,"hasElementMoved":false,"eventLog":[{"time":1702311131480,"type":"create node","value":"0"},{"time":1702311132113,"type":"selected","value":"TRUE"},{"time":1702311140377,"type":"text","value":"konzentriert"},{"time":1702311140377,"type":"value","value":"1"},{"time":1702311140377,"type":"selected","value":"FALSE"}],"isTextChangeable":1},{"id":"b2246543-442b-432c-a076-f4408d060a4e","value":-3,"text":"can be abused","comment":"","position":{"x":475,"y":542},"isActive":true,"date":1702311149229,"kind":"Node","isSelected":false,"isConnectorSelected":true,"isDraggable":1,"isDeletable":1,"hasElementMoved":false,"eventLog":[{"time":1702311149229,"type":"create node","value":"0"},{"time":1702311150178,"type":"selected","value":"TRUE"},{"time":1702311162658,"type":"text","value":"Können missbraucht werden"},{"time":1702311162658,"type":"value","value":"-3"},{"time":1702311162658,"type":"selected","value":"FALSE"}],"isTextChangeable":1}],"connectors":[{"id":"4665f8be-94e7-4dd6-b89a-d474fc2fb1a9","source":"5c57bacb-42ad-41b2-ba15-1832f64079b4","target":"5b2e3b1c-428f-4b85-bdc5-1ad2e655b3b9","agreement":true,"isActive":true,"date":1702310815999,"kind":"Connector","isSelected":false,"intensity":3,"isDeletable":false,"isOver":false,"isBidirectional":false,"eventLog":[{"time":1702310815999,"type":"create connection"}]},{"id":"a4a73dcd-e03d-4d75-9636-5aa01a4e8efa","source":"5c57bacb-42ad-41b2-ba15-1832f64079b4","target":"f7f01486-130e-4062-96a5-7cb3bdbfd574","agreement":true,"isActive":true,"date":1702310815999,"kind":"Connector","isSelected":false,"intensity":3,"isDeletable":true,"isOver":false,"isBidirectional":false,"eventLog":[{"time":1702310815999,"type":"create connection"}]},{"id":"99d68411-b07e-4f31-8aa7-68e61ff75aa2","source":"5b2e3b1c-428f-4b85-bdc5-1ad2e655b3b9","target":"45ddf06c-fb63-4af9-aa7f-c231dbe43830","agreement":true,"isActive":true,"date":1702310864834,"kind":"Connector","isSelected":false,"intensity":3,"isDeletable":true,"isOver":false,"isBidirectional":false,"eventLog":[{"time":1702310864834,"type":"create connection"}]},{"id":"075a4320-646e-4bfd-b195-eb604d25a999","source":"f7f01486-130e-4062-96a5-7cb3bdbfd574","target":"45ddf06c-fb63-4af9-aa7f-c231dbe43830","agreement":true,"isActive":true,"date":1702310866712,"kind":"Connector","isSelected":false,"intensity":3,"isDeletable":true,"isOver":false,"isBidirectional":false,"eventLog":[{"time":1702310866712,"type":"create connection"}]},{"id":"3ff757fa-2e98-4718-9d70-f0408ab03b43","source":"f7f01486-130e-4062-96a5-7cb3bdbfd574","target":"d6975ad0-5de6-438a-bc39-ef4feb84ce26","agreement":true,"isActive":true,"date":1702310896492,"kind":"Connector","isSelected":false,"intensity":9,"isDeletable":true,"isOver":false,"isBidirectional":false,"eventLog":[{"time":1702310896492,"type":"create connection"},{"time":1702310903029,"type":"selected","value":1},{"time":1702310906736,"type":"change intensity of connector","value":9},{"time":1702310906736,"type":"selected","value":0},{"time":1702310910354,"type":"selected","value":1},{"time":1702310911140,"type":"change intensity of connector","value":9},{"time":1702310911140,"type":"selected","value":0}]},{"id":"8a9e58dc-2546-48f9-9aac-da0d1b789971","source":"45ddf06c-fb63-4af9-aa7f-c231dbe43830","target":"d6975ad0-5de6-438a-bc39-ef4feb84ce26","agreement":true,"isActive":true,"date":1702310898024,"kind":"Connector","isSelected":false,"intensity":6,"isDeletable":true,"isOver":false,"isBidirectional":false,"eventLog":[{"time":1702310898024,"type":"create connection"},{"time":1702310913296,"type":"selected","value":1},{"time":1702310916298,"type":"change intensity of connector","value":6},{"time":1702310916298,"type":"selected","value":0}]},{"id":"5d2f36e5-0edb-45fa-b753-4e2586f68ddf","source":"523dae95-d79b-4d13-bfbb-f5c8fe7668a4","target":"45ddf06c-fb63-4af9-aa7f-c231dbe43830","agreement":false,"isActive":true,"date":1702310933597,"kind":"Connector","isSelected":false,"intensity":6,"isDeletable":true,"isOver":false,"isBidirectional":false,"eventLog":[{"time":1702310933597,"type":"create connection"},{"time":1702310943246,"type":"selected","value":1},{"time":1702310948201,"type":"change intensity of connector","value":-6},{"time":1702310948201,"type":"selected","value":0}]},{"id":"af3a98c5-9df7-4ba8-9cb6-bc02f11db8c8","source":"523dae95-d79b-4d13-bfbb-f5c8fe7668a4","target":"96d41f4f-b836-4446-a5af-cb5dea667f84","agreement":true,"isActive":true,"date":1702310961084,"kind":"Connector","isSelected":false,"intensity":6,"isDeletable":true,"isOver":false,"isBidirectional":false,"eventLog":[{"time":1702310961084,"type":"create connection"},{"time":1702310962918,"type":"selected","value":1},{"time":1702310966007,"type":"change intensity of connector","value":6},{"time":1702310966007,"type":"selected","value":0}]},{"id":"c4b78b92-8247-4165-9261-c4f5ee515214","source":"f7f01486-130e-4062-96a5-7cb3bdbfd574","target":"2af10e56-16b9-4bc8-ba6e-ebc58194084d","agreement":true,"isActive":true,"date":1702310999587,"kind":"Connector","isSelected":false,"intensity":3,"isDeletable":true,"isOver":false,"isBidirectional":false,"eventLog":[{"time":1702310999587,"type":"create connection"}]},{"id":"043ea723-466f-4b57-894d-49a40d41f3e6","source":"2af10e56-16b9-4bc8-ba6e-ebc58194084d","target":"5cebd19e-8273-4304-87cb-93eb5548055c","agreement":true,"isActive":true,"date":1702311015643,"kind":"Connector","isSelected":false,"intensity":9,"isDeletable":true,"isOver":false,"isBidirectional":false,"eventLog":[{"time":1702311015643,"type":"create connection"},{"time":1702311018106,"type":"selected","value":1},{"time":1702311020709,"type":"change intensity of connector","value":9},{"time":1702311020709,"type":"selected","value":0}]},{"id":"58c02439-b004-436a-bc5d-cfb45b6d705a","source":"5b2e3b1c-428f-4b85-bdc5-1ad2e655b3b9","target":"89470670-6bc7-4604-b482-5a46a721b4ba","agreement":true,"isActive":true,"date":1702311052643,"kind":"Connector","isSelected":false,"intensity":3,"isDeletable":true,"isOver":false,"isBidirectional":false,"eventLog":[{"time":1702311052643,"type":"create connection"}]},{"id":"c348c8b7-1116-47e2-99e0-b1c63ba56761","source":"45ddf06c-fb63-4af9-aa7f-c231dbe43830","target":"761c0792-9948-4887-8e55-b49091df591e","agreement":true,"isActive":true,"date":1702311119298,"kind":"Connector","isSelected":false,"intensity":3,"isDeletable":true,"isOver":false,"isBidirectional":false,"eventLog":[{"time":1702311119298,"type":"create connection"}]},{"id":"60d9d6a6-3893-4b02-9214-456b1efe6bd0","source":"761c0792-9948-4887-8e55-b49091df591e","target":"1be29996-5732-4adf-8f50-a42362e85ac6","agreement":true,"isActive":true,"date":1702311141854,"kind":"Connector","isSelected":false,"intensity":3,"isDeletable":true,"isOver":false,"isBidirectional":false,"eventLog":[{"time":1702311141854,"type":"create connection"}]},{"id":"236a99a1-aacb-4e4c-a2df-3c9828cebe32","source":"d6975ad0-5de6-438a-bc39-ef4feb84ce26","target":"1be29996-5732-4adf-8f50-a42362e85ac6","agreement":true,"isActive":true,"date":1702311143905,"kind":"Connector","isSelected":false,"intensity":3,"isDeletable":true,"isOver":false,"isBidirectional":false,"eventLog":[{"time":1702311143905,"type":"create connection"}]},{"id":"181d87c3-edd9-4d5c-bb8f-313d4a5d9eb0","source":"5b2e3b1c-428f-4b85-bdc5-1ad2e655b3b9","target":"b2246543-442b-432c-a076-f4408d060a4e","agreement":true,"isActive":true,"date":1702311164088,"kind":"Connector","isSelected":false,"intensity":9,"isDeletable":true,"isOver":false,"isBidirectional":false,"eventLog":[{"time":1702311164088,"type":"create connection"},{"time":1702311168096,"type":"selected","value":1},{"time":1702311170762,"type":"change intensity of connector","value":9},{"time":1702311170762,"type":"selected","value":0}]}],"currentID":["181d87c3-edd9-4d5c-bb8f-313d4a5d9eb0"],"currentNode":{},"hasSelectedNode":[false],"currentConnector":{"id":["181d87c3-edd9-4d5c-bb8f-313d4a5d9eb0"],"value":{},"source":["5b2e3b1c-428f-4b85-bdc5-1ad2e655b3b9"],"target":["b2246543-442b-432c-a076-f4408d060a4e"],"agreement":[true],"isActive":[true],"date":[1702311164088],"kind":["Connector"],"isSelected":[false],"intensity":[9],"isDeletable":[true],"isOver":[false],"isBidirectional":[false],"eventLog":[{"time":1702311164088,"type":"create connection"},{"time":1702311168096,"type":"selected","value":1},{"time":1702311170762,"type":"change intensity of connector","value":9},{"time":1702311170762,"type":"selected","value":0}]},"hasSelectedConnector":[true],"readyToMove":[false],"isIncoming":[false],"hasElementMoved":[false]}
