{"idCAM":["ec191fe0-d1f9-4541-a8db-f216feb91c97"],"creator":["6521ac4e830108f7281e8644_post"],"projectCAM":["S2_CAM part 2"],"defocusCAM":[],"date":[1702317888222],"nodes":[{"id":"b9625ea2-4557-4495-b754-0c903e976e6d","value":0,"text":"social assistance robot","comment":"","position":{"x":650,"y":400},"isActive":true,"date":1702317889117,"kind":"Node","isSelected":false,"isConnectorSelected":false,"isDraggable":0,"isDeletable":0,"hasElementMoved":false,"eventLog":[{"time":1702317889117,"type":"create node","value":0}],"isTextChangeable":0},{"id":"0d0ab2b7-c3a3-4d5d-9567-89de769d79e9","value":0,"text":"disadvantages","comment":"","position":{"x":450,"y":400},"isActive":true,"date":1702317889117,"kind":"Node","isSelected":false,"isConnectorSelected":false,"isDraggable":0,"isDeletable":0,"hasElementMoved":false,"eventLog":[{"time":1702317889117,"type":"create node","value":0}],"isTextChangeable":0},{"id":"8006a238-f7bf-4b68-8779-43eb36c1338c","value":0,"text":"advantages","comment":"","position":{"x":850,"y":400},"isActive":true,"date":1702317889117,"kind":"Node","isSelected":false,"isConnectorSelected":false,"isDraggable":0,"isDeletable":0,"hasElementMoved":false,"eventLog":[{"time":1702317889117,"type":"create node","value":0}],"isTextChangeable":0},{"id":"a3851e48-6a4b-460d-9bf1-1a2581e866e0","value":-2,"text":"Lonely old people","comment":"","position":{"x":174.6667,"y":153.3333},"isActive":true,"date":1702317889117,"kind":"Node","isSelected":false,"isConnectorSelected":false,"isDraggable":1,"isDeletable":1,"hasElementMoved":false,"eventLog":[{"time":1702317889117,"type":"create node","value":-2}],"isTextChangeable":1},{"id":"f3499c8c-82af-4845-b6c5-2fcd0bba3b8f","value":-3,"text":"malfunctions & disturbances","comment":"","position":{"x":101.6667,"y":239.3333},"isActive":true,"date":1702317889117,"kind":"Node","isSelected":false,"isConnectorSelected":false,"isDraggable":1,"isDeletable":1,"hasElementMoved":false,"eventLog":[{"time":1702317889117,"type":"create node","value":-3}],"isTextChangeable":1},{"id":"3dcc0bc9-e9c6-4c46-8776-51abe1f3448a","value":-1,"text":"communication difficulties","comment":"","position":{"x":81.6667,"y":331.3333},"isActive":true,"date":1702317889117,"kind":"Node","isSelected":false,"isConnectorSelected":false,"isDraggable":1,"isDeletable":1,"hasElementMoved":false,"eventLog":[{"time":1702317889117,"type":"create node","value":-1}],"isTextChangeable":1},{"id":"00a502db-debd-4636-a7cb-6bab9fc1eb84","value":1,"text":"cheaper to maintain","comment":"","position":{"x":944.6667,"y":241.3333},"isActive":true,"date":1702317889117,"kind":"Node","isSelected":false,"isConnectorSelected":false,"isDraggable":1,"isDeletable":1,"hasElementMoved":false,"eventLog":[{"time":1702317889117,"type":"create node","value":1}],"isTextChangeable":1},{"id":"aa2a0773-9191-43e4-bd7e-8cdc808e12e7","value":3,"text":"higher utilization","comment":"","position":{"x":1029.6667,"y":305.3333},"isActive":true,"date":1702317889117,"kind":"Node","isSelected":false,"isConnectorSelected":false,"isDraggable":1,"isDeletable":1,"hasElementMoved":false,"eventLog":[{"time":1702317889117,"type":"create node","value":3}],"isTextChangeable":1},{"id":"87cf9823-b8c5-4f1d-8442-a92a0cbc5847","value":3,"text":"workplace expansion specialists","comment":"","position":{"x":1089.6667,"y":396.3333},"isActive":true,"date":1702317889117,"kind":"Node","isSelected":false,"isConnectorSelected":false,"isDraggable":1,"isDeletable":1,"hasElementMoved":false,"eventLog":[{"time":1702317889117,"type":"create node","value":3}],"isTextChangeable":1},{"id":"152518c3-3096-47fa-b0e8-56645c371f9c","value":3,"text":"broader qualification","comment":"","position":{"x":1074.6667,"y":499.3333},"isActive":true,"date":1702317889117,"kind":"Node","isSelected":false,"isConnectorSelected":false,"isDraggable":1,"isDeletable":1,"hasElementMoved":false,"eventLog":[{"time":1702317889117,"type":"create node","value":3}],"isTextChangeable":1},{"id":"a6309557-73e1-409e-afc7-f9d76becf539","value":-2,"text":"ethically questionable","comment":"","position":{"x":67.6667,"y":425.3333},"isActive":true,"date":1702317889117,"kind":"Node","isSelected":false,"isConnectorSelected":false,"isDraggable":1,"isDeletable":1,"hasElementMoved":false,"eventLog":[{"time":1702317889117,"type":"create node","value":-2}],"isTextChangeable":1},{"id":"76dca346-aac9-41fd-bec2-78dc7560497d","value":-3,"text":"no spontaneity","comment":"","position":{"x":132.6667,"y":513.3333},"isActive":true,"date":1702317889117,"kind":"Node","isSelected":false,"isConnectorSelected":false,"isDraggable":1,"isDeletable":1,"hasElementMoved":false,"eventLog":[{"time":1702317889117,"type":"create node","value":-3}],"isTextChangeable":1},{"id":"7a393062-bfbc-4305-ae91-acd50897a823","value":2,"text":"social assistance","comment":"Can help bring some closeness to lonely people who otherwise have no contact","position":{"x":988.6667,"y":587.3333},"isActive":true,"date":1702317890930,"kind":"Node","isSelected":false,"isConnectorSelected":false,"isDraggable":1,"isDeletable":1,"hasElementMoved":false,"eventLog":[{"time":1702317890930,"type":"create node","value":"0"},{"time":1702317891772,"type":"selected","value":"TRUE"},{"time":1702317935620,"type":"text","value":"Sozialer Beistand"},{"time":1702317935620,"type":"value","value":"2"},{"time":1702317935620,"type":"comment","value":"Kann helfen einsamen Menschen die sonst keinen Kontakt haben etwas nähe zu bringen"},{"time":1702317935620,"type":"selected","value":"FALSE"}],"isTextChangeable":1}],"connectors":[{"id":"94078dc1-bc95-43e8-a82c-3421e91b5944","source":"b9625ea2-4557-4495-b754-0c903e976e6d","target":"0d0ab2b7-c3a3-4d5d-9567-89de769d79e9","agreement":true,"isActive":true,"date":1702317889117,"kind":"Connector","isSelected":false,"intensity":3,"isDeletable":false,"isOver":false,"isBidirectional":false,"eventLog":[{"time":1702317889117,"type":"create connection"}]},{"id":"ae8b0267-59ac-4373-bdd3-0aae6c092392","source":"b9625ea2-4557-4495-b754-0c903e976e6d","target":"8006a238-f7bf-4b68-8779-43eb36c1338c","agreement":true,"isActive":true,"date":1702317889118,"kind":"Connector","isSelected":false,"intensity":3,"isDeletable":true,"isOver":false,"isBidirectional":false,"eventLog":[{"time":1702317889118,"type":"create connection"}]},{"id":"bae48620-c90d-4c3a-b89b-d2e3221304bd","source":"a3851e48-6a4b-460d-9bf1-1a2581e866e0","target":"0d0ab2b7-c3a3-4d5d-9567-89de769d79e9","agreement":true,"isActive":true,"date":1702317889118,"kind":"Connector","isSelected":false,"intensity":3,"isDeletable":true,"isOver":false,"isBidirectional":false,"eventLog":[{"time":1702317889118,"type":"create connection"}]},{"id":"c52910d0-0ddc-449e-a414-10f3b90f64c2","source":"f3499c8c-82af-4845-b6c5-2fcd0bba3b8f","target":"0d0ab2b7-c3a3-4d5d-9567-89de769d79e9","agreement":true,"isActive":true,"date":1702317889118,"kind":"Connector","isSelected":false,"intensity":3,"isDeletable":true,"isOver":false,"isBidirectional":false,"eventLog":[{"time":1702317889118,"type":"create connection"}]},{"id":"99a0f6a2-5eaa-4106-b2ca-69cf80966f31","source":"3dcc0bc9-e9c6-4c46-8776-51abe1f3448a","target":"0d0ab2b7-c3a3-4d5d-9567-89de769d79e9","agreement":true,"isActive":true,"date":1702317889118,"kind":"Connector","isSelected":false,"intensity":3,"isDeletable":true,"isOver":false,"isBidirectional":false,"eventLog":[{"time":1702317889118,"type":"create connection"}]},{"id":"2d650c6b-0f9c-401a-bdb3-0b972b82222d","source":"00a502db-debd-4636-a7cb-6bab9fc1eb84","target":"8006a238-f7bf-4b68-8779-43eb36c1338c","agreement":true,"isActive":true,"date":1702317889118,"kind":"Connector","isSelected":false,"intensity":3,"isDeletable":true,"isOver":false,"isBidirectional":false,"eventLog":[{"time":1702317889118,"type":"create connection"}]},{"id":"f55cfd7b-1375-4a87-82f3-6263ba8c5174","source":"aa2a0773-9191-43e4-bd7e-8cdc808e12e7","target":"8006a238-f7bf-4b68-8779-43eb36c1338c","agreement":true,"isActive":true,"date":1702317889118,"kind":"Connector","isSelected":false,"intensity":3,"isDeletable":true,"isOver":false,"isBidirectional":false,"eventLog":[{"time":1702317889118,"type":"create connection"}]},{"id":"71eae0ee-0dec-4762-afcf-4ecaf8935e70","source":"87cf9823-b8c5-4f1d-8442-a92a0cbc5847","target":"8006a238-f7bf-4b68-8779-43eb36c1338c","agreement":true,"isActive":true,"date":1702317889118,"kind":"Connector","isSelected":false,"intensity":3,"isDeletable":true,"isOver":false,"isBidirectional":false,"eventLog":[{"time":1702317889118,"type":"create connection"}]},{"id":"401d2947-2a37-4403-b9b1-60b5878e2c2d","source":"152518c3-3096-47fa-b0e8-56645c371f9c","target":"8006a238-f7bf-4b68-8779-43eb36c1338c","agreement":true,"isActive":true,"date":1702317889118,"kind":"Connector","isSelected":false,"intensity":3,"isDeletable":true,"isOver":false,"isBidirectional":false,"eventLog":[{"time":1702317889118,"type":"create connection"}]},{"id":"26925179-b708-470e-8091-84f32d669a56","source":"0d0ab2b7-c3a3-4d5d-9567-89de769d79e9","target":"a6309557-73e1-409e-afc7-f9d76becf539","agreement":true,"isActive":true,"date":1702317889118,"kind":"Connector","isSelected":false,"intensity":3,"isDeletable":true,"isOver":false,"isBidirectional":false,"eventLog":[{"time":1702317889118,"type":"create connection"}]},{"id":"95ff64f7-4813-4dcd-993f-b42578b21a23","source":"0d0ab2b7-c3a3-4d5d-9567-89de769d79e9","target":"76dca346-aac9-41fd-bec2-78dc7560497d","agreement":true,"isActive":true,"date":1702317889118,"kind":"Connector","isSelected":false,"intensity":3,"isDeletable":true,"isOver":false,"isBidirectional":false,"eventLog":[{"time":1702317889118,"type":"create connection"}]},{"id":"8fb2adb8-773b-4429-845b-43148d1f5260","source":"152518c3-3096-47fa-b0e8-56645c371f9c","target":"7a393062-bfbc-4305-ae91-acd50897a823","agreement":true,"isActive":false,"date":1702317937804,"kind":"Connector","isSelected":false,"intensity":3,"isDeletable":true,"isOver":false,"isBidirectional":false,"eventLog":[{"time":1702317937804,"type":"create connection"},{"time":1702317940539,"type":"selected","value":1},{"time":1702317941820,"type":"connector was deleted","value":-99},{"time":1702317941820,"type":"active","value":0}]},{"id":"874027f7-c8c7-40b7-924a-1cf5538650d8","source":"7a393062-bfbc-4305-ae91-acd50897a823","target":"8006a238-f7bf-4b68-8779-43eb36c1338c","agreement":true,"isActive":true,"date":1702317939006,"kind":"Connector","isSelected":false,"intensity":3,"isDeletable":true,"isOver":false,"isBidirectional":false,"eventLog":[{"time":1702317939006,"type":"create connection"}]}],"currentID":{},"currentNode":{},"hasSelectedNode":[false],"currentConnector":{},"hasSelectedConnector":[false],"readyToMove":[false],"isIncoming":[false]}
