{"idCAM":["2931920e-a0e5-4b84-bed7-82bdb4de6121"],"creator":["652156df21a8be7bb4c6f4e7_pre"],"projectCAM":["S2_CAM part 1"],"defocusCAM":[null],"date":[1702380037273],"nodes":[{"id":"eb23ad32-975a-45d8-a8fb-3a4e315a6d44","value":10,"text":"rescue robot","comment":"","position":{"x":650,"y":400},"isActive":true,"date":1702380038131,"kind":"Node","isSelected":false,"isConnectorSelected":false,"isDraggable":0,"isDeletable":0,"hasElementMoved":false,"eventLog":[{"time":1702380038131,"type":"create node","value":0},{"time":1702380043546,"type":"selected","value":1},{"time":1702380052589,"type":"value","value":10},{"time":1702380052589,"type":"selected","value":0}],"isTextChangeable":0},{"id":"503b2a04-e4b0-4e5e-b63f-4e9d729aaf94","value":-3,"text":"disadvantages","comment":"","position":{"x":450,"y":400},"isActive":true,"date":1702380038131,"kind":"Node","isSelected":false,"isConnectorSelected":false,"isDraggable":0,"isDeletable":0,"hasElementMoved":false,"eventLog":[{"time":1702380038131,"type":"create node","value":0},{"time":1702380055761,"type":"selected","value":1},{"time":1702380060314,"type":"value","value":-3},{"time":1702380060314,"type":"selected","value":0}],"isTextChangeable":0},{"id":"0ed8b2d2-47ae-43db-a938-9b2e2136f6a4","value":3,"text":"advantages","comment":"","position":{"x":850,"y":400},"isActive":true,"date":1702380038131,"kind":"Node","isSelected":false,"isConnectorSelected":false,"isDraggable":0,"isDeletable":0,"hasElementMoved":false,"eventLog":[{"time":1702380038131,"type":"create node","value":0},{"time":1702380052604,"type":"selected","value":1},{"time":1702380055747,"type":"value","value":3},{"time":1702380055747,"type":"selected","value":0},{"time":1702380060328,"type":"selected","value":1},{"time":1702380061715,"type":"selected","value":0}],"isTextChangeable":0},{"id":"3578dde0-db13-4951-88e3-8c3a001b3f38","value":2,"text":"risk minimization","comment":"Approximately during search operations in risky areas","position":{"x":961,"y":510.3333},"isActive":true,"date":1702380062430,"kind":"Node","isSelected":false,"isConnectorSelected":false,"isDraggable":1,"isDeletable":1,"hasElementMoved":false,"eventLog":[{"time":"1702380062430","type":"create node","value":[0]},{"time":"1702380062443","type":"selected","value":[true]},{"time":"1702380096026","type":"text","value":["Risikominimierung "]},{"time":"1702380096026","type":"value","value":[2]},{"time":"1702380096026","type":"comment","value":["Etwa bei Suchaktionen in riskanten Gebieten"]},{"time":"1702380096026","type":"selected","value":[false]},{"time":"2023-12-12T11:21:37.292Z","type":"position","value":{"x":[891],"y":[478.3333]}}],"isTextChangeable":1},{"id":"c7f1458a-2851-4e8a-a978-1309681065b1","value":2,"text":"technical search tools","comment":"Simple deployment through robots that can bundle technical auxiliary devices","position":{"x":930,"y":296.3333},"isActive":true,"date":1702380103141,"kind":"Node","isSelected":false,"isConnectorSelected":false,"isDraggable":1,"isDeletable":1,"hasElementMoved":false,"eventLog":[{"time":1702380103141,"type":"create node","value":"0"},{"time":1702380103157,"type":"selected","value":"TRUE"},{"time":1702380148635,"type":"text","value":"Technische Suchmittel"},{"time":1702380148635,"type":"comment","value":"Einfacher Einsatz durch Roboter, der technische Hilfsgeräte bündeln kann"},{"time":1702380148635,"type":"selected","value":"FALSE"},{"time":1702380151722,"type":"selected","value":"TRUE"},{"time":1702380155376,"type":"value","value":"2"},{"time":1702380155376,"type":"selected","value":"FALSE"}],"isTextChangeable":1},{"id":"86a43162-67af-4008-864f-ae075a3f4500","value":10,"text":"autonomy","comment":"","position":{"x":653,"y":251.3333},"isActive":true,"date":1702380155580,"kind":"Node","isSelected":false,"isConnectorSelected":false,"isDraggable":1,"isDeletable":1,"hasElementMoved":false,"eventLog":[{"time":"1702380155580","type":"create node","value":[0]},{"time":"1702380156704","type":"selected","value":[true]},{"time":"1702380164908","type":"text","value":["Autonomie"]},{"time":"1702380164908","type":"value","value":[-2]},{"time":"1702380164908","type":"selected","value":[false]},{"time":"2023-12-12T11:22:45.831Z","type":"position","value":{"x":[449],"y":[330.3333]}},{"time":"2023-12-12T11:22:48.778Z","type":"position","value":{"x":[370],"y":[330.3333]}},{"time":"2023-12-12T11:22:48.940Z","type":"position","value":{"x":[523],"y":[283.3333]}},{"time":"2023-12-12T11:22:49.240Z","type":"position","value":{"x":[675],"y":[252.3333]}},{"time":"1702380172417","type":"selected","value":[true]},{"time":"1702380175480","type":"value","value":[10]},{"time":"1702380175480","type":"selected","value":[false]}],"isTextChangeable":1},{"id":"4031f8ad-fe7f-403d-9048-62b2122feb89","value":-2,"text":"susceptibility to defects","comment":"also hacker attacks","position":{"x":293,"y":495.3333},"isActive":true,"date":1702380185478,"kind":"Node","isSelected":false,"isConnectorSelected":false,"isDraggable":1,"isDeletable":1,"hasElementMoved":false,"eventLog":[{"time":"1702380185478","type":"create node","value":[0]},{"time":"1702380185498","type":"selected","value":[true]},{"time":"1702380197765","type":"text","value":["Anfälligkeit für Defekte"]},{"time":"1702380197765","type":"value","value":[-3]},{"time":"1702380197765","type":"selected","value":[false]},{"time":"1702380199477","type":"selected","value":[true]},{"time":"1702380202963","type":"value","value":[-2]},{"time":"1702380202963","type":"selected","value":[false]},{"time":"2023-12-12T11:23:24.201Z","type":"position","value":{"x":[353],"y":[481.3333]}},{"time":"1702380339396","type":"selected","value":[true]},{"time":"1702380347711","type":"comment","value":["auch Hacker-Angriffe"]},{"time":"1702380347711","type":"selected","value":[false]}],"isTextChangeable":1},{"id":"0daedea4-5337-4ba3-9500-b66c83d9ab41","value":-2,"text":"role of the controller","comment":"With remote-controlled robots, the controlling person has a high responsibility, which could also be abused","position":{"x":323,"y":321.3333},"isActive":true,"date":1702380234888,"kind":"Node","isSelected":false,"isConnectorSelected":false,"isDraggable":1,"isDeletable":1,"hasElementMoved":false,"eventLog":[{"time":1702380234888,"type":"create node","value":"0"},{"time":1702380234911,"type":"selected","value":"TRUE"},{"time":1702380281153,"type":"text","value":"Rolle des Steuernden"},{"time":1702380281153,"type":"value","value":"-2"},{"time":1702380281153,"type":"comment","value":"Bei ferngesteuerten Robotern hat die steurnde Person eine hohe verantwortung, die auch missbraucht werden könnte"},{"time":1702380281153,"type":"selected","value":"FALSE"}],"isTextChangeable":1},{"id":"fa593cb1-28fa-4786-bfe2-f8daee515bac","value":-2,"text":"financing & price","comment":"Development, but above all production","position":{"x":440,"y":273.3333},"isActive":true,"date":1702380295081,"kind":"Node","isSelected":false,"isConnectorSelected":false,"isDraggable":1,"isDeletable":1,"hasElementMoved":false,"eventLog":[{"time":1702380295081,"type":"create node","value":"0"},{"time":1702380295108,"type":"selected","value":"TRUE"},{"time":1702380311702,"type":"text","value":"Finanzierung"},{"time":1702380311702,"type":"comment","value":"ENtwicklung, aber vor Allem Instandhaltung"},{"time":1702380311702,"type":"selected","value":"FALSE"},{"time":1702380313028,"type":"selected","value":"TRUE"},{"time":1702380325225,"type":"comment","value":"ENtwicklung, aber vor Allem Produktion"},{"time":1702380325225,"type":"selected","value":"FALSE"},{"time":1702380326497,"type":"selected","value":"TRUE"},{"time":1702380338104,"type":"text","value":"Finanzierung & Preis"},{"time":1702380338104,"type":"selected","value":"FALSE"},{"time":1702380348860,"type":"selected","value":"TRUE"},{"time":1702380356446,"type":"value","value":"-2"},{"time":1702380356446,"type":"selected","value":"FALSE"}],"isTextChangeable":1},{"id":"17cd893b-8f0d-4ae7-a2fc-3a5baca0dbdc","value":-2,"text":"fewer people","comment":"The emotional component must not be forgotten. The victims need support.","position":{"x":473,"y":487.3333},"isActive":true,"date":1702380360196,"kind":"Node","isSelected":false,"isConnectorSelected":false,"isDraggable":1,"isDeletable":1,"hasElementMoved":false,"eventLog":[{"time":1702380360196,"type":"create node","value":"0"},{"time":1702380360219,"type":"selected","value":"TRUE"},{"time":1702380395525,"type":"text","value":"weniger Menschen"},{"time":1702380395525,"type":"comment","value":"EMotionale Komponete darf nicht vergessen werden. Die Opfer brauchen Support "},{"time":1702380395525,"type":"selected","value":"FALSE"},{"time":1702380396934,"type":"selected","value":"TRUE"},{"time":1702380400619,"type":"value","value":"-2"},{"time":1702380400619,"type":"selected","value":"FALSE"}],"isTextChangeable":1},{"id":"3d363025-a7ab-4b21-a1df-7eeee7a14c0a","value":1,"text":"precision in search","comment":"","position":{"x":803,"y":512.3333},"isActive":true,"date":1702380405027,"kind":"Node","isSelected":false,"isConnectorSelected":false,"isDraggable":1,"isDeletable":1,"hasElementMoved":false,"eventLog":[{"time":"1702380405027","type":"create node","value":[0]},{"time":"1702380406106","type":"selected","value":[true]},{"time":"1702380446343","type":"text","value":["Präzision bei Suche"]},{"time":"1702380446343","type":"value","value":[1]},{"time":"1702380446343","type":"selected","value":[false]},{"time":"2023-12-12T11:27:27.082Z","type":"position","value":{"x":[811],"y":[484.3333]}}],"isTextChangeable":1},{"id":"0dcb4e60-6562-4712-9582-e05f6a3447b9","value":2,"text":"new jobs","comment":"Development & control","position":{"x":1058,"y":388.3333},"isActive":true,"date":1702380457148,"kind":"Node","isSelected":false,"isConnectorSelected":false,"isDraggable":1,"isDeletable":1,"hasElementMoved":false,"eventLog":[{"time":"1702380457148","type":"create node","value":[0]},{"time":"1702380457167","type":"selected","value":[true]},{"time":"1702380465750","type":"selected","value":[false]},{"time":"1702380538977","type":"selected","value":[true]},{"time":"1702380564151","type":"text","value":["neue Arbeitsplätze "]},{"time":"1702380564151","type":"comment","value":["Entwicklung & Steuerung"]},{"time":"1702380564151","type":"selected","value":[false]},{"time":"2023-12-12T11:29:25.183Z","type":"position","value":{"x":[1059],"y":[396.3333]}},{"time":"1702380566053","type":"selected","value":[true]},{"time":"1702380569243","type":"value","value":[2]},{"time":"1702380569243","type":"selected","value":[false]}],"isTextChangeable":1},{"id":"3097a689-a566-46b9-bccb-2959b66f66f0","value":-2,"text":"readiness for action","comment":"probably longer than assistants, since the robots have to be transported first and all the technical equipment needs to be set up","position":{"x":241,"y":390.3333},"isActive":true,"date":1702380467392,"kind":"Node","isSelected":false,"isConnectorSelected":false,"isDraggable":1,"isDeletable":1,"hasElementMoved":false,"eventLog":[{"time":1702380467392,"type":"create node","value":"0"},{"time":1702380467415,"type":"selected","value":"TRUE"},{"time":1702380535651,"type":"text","value":"Einsatzbereitschaft"},{"time":1702380535651,"type":"value","value":"-2"},{"time":1702380535651,"type":"comment","value":"vermutlich länger als Hilfskräfte, da die Roboter erst antransportiert werden müssen und das ganze technische Equipment aufgebaut werden muss"},{"time":1702380535651,"type":"selected","value":"FALSE"}],"isTextChangeable":1},{"id":"7172fd28-40a0-4e0f-b564-8ba62759e6e0","value":2,"text":"remote control","comment":"Minimizes risks associated with autonomy","position":{"x":828,"y":236.3333},"isActive":true,"date":1702380572920,"kind":"Node","isSelected":false,"isConnectorSelected":false,"isDraggable":1,"isDeletable":1,"hasElementMoved":false,"eventLog":[{"time":1702380572920,"type":"create node","value":"0"},{"time":1702380572936,"type":"selected","value":"TRUE"},{"time":1702380639870,"type":"text","value":"Fernsteuerung"},{"time":1702380639870,"type":"value","value":"2"},{"time":1702380639870,"type":"comment","value":"Minimiert Risiken, die mit der Autonomie einhergehen"},{"time":1702380639870,"type":"selected","value":"FALSE"}],"isTextChangeable":1}],"connectors":[{"id":"077fd14f-19fb-4fa5-83ec-1f886e08f805","source":"eb23ad32-975a-45d8-a8fb-3a4e315a6d44","target":"503b2a04-e4b0-4e5e-b63f-4e9d729aaf94","agreement":true,"isActive":true,"date":1702380038132,"kind":"Connector","isSelected":false,"intensity":3,"isDeletable":false,"isOver":false,"isBidirectional":false,"eventLog":[{"time":1702380038132,"type":"create connection"}]},{"id":"c348725e-babb-4892-bf64-577530b7f969","source":"eb23ad32-975a-45d8-a8fb-3a4e315a6d44","target":"0ed8b2d2-47ae-43db-a938-9b2e2136f6a4","agreement":true,"isActive":true,"date":1702380038133,"kind":"Connector","isSelected":false,"intensity":3,"isDeletable":true,"isOver":false,"isBidirectional":false,"eventLog":[{"time":1702380038133,"type":"create connection"}]},{"id":"385e0d92-514e-4217-a259-502dd973c834","source":"86a43162-67af-4008-864f-ae075a3f4500","target":"503b2a04-e4b0-4e5e-b63f-4e9d729aaf94","agreement":true,"isActive":true,"date":1702380177750,"kind":"Connector","isSelected":false,"intensity":3,"isDeletable":true,"isOver":false,"isBidirectional":false,"eventLog":[{"time":1702380177750,"type":"create connection"}]},{"id":"74831071-7c2e-46ae-96dd-b3ae203051ee","source":"86a43162-67af-4008-864f-ae075a3f4500","target":"0ed8b2d2-47ae-43db-a938-9b2e2136f6a4","agreement":true,"isActive":true,"date":1702380179906,"kind":"Connector","isSelected":false,"intensity":3,"isDeletable":true,"isOver":false,"isBidirectional":false,"eventLog":[{"time":1702380179906,"type":"create connection"}]},{"id":"77412b59-d5b0-4b3e-97f8-694bf5560591","source":"c7f1458a-2851-4e8a-a978-1309681065b1","target":"0ed8b2d2-47ae-43db-a938-9b2e2136f6a4","agreement":true,"isActive":true,"date":1702380181857,"kind":"Connector","isSelected":false,"intensity":6,"isDeletable":true,"isOver":false,"isBidirectional":false,"eventLog":[{"time":1702380181857,"type":"create connection"},{"time":1702380225657,"type":"selected","value":1},{"time":1702380228952,"type":"change intensity of connector","value":6},{"time":1702380228952,"type":"selected","value":0}]},{"id":"437e5175-0f74-4a80-931a-16b04e5b3dcd","source":"0ed8b2d2-47ae-43db-a938-9b2e2136f6a4","target":"3578dde0-db13-4951-88e3-8c3a001b3f38","agreement":true,"isActive":true,"date":1702380183482,"kind":"Connector","isSelected":false,"intensity":6,"isDeletable":true,"isOver":false,"isBidirectional":false,"eventLog":[{"time":1702380183482,"type":"create connection"},{"time":1702380213397,"type":"selected","value":1},{"time":1702380217105,"type":"change intensity of connector","value":3},{"time":1702380217105,"type":"selected","value":0},{"time":1702380228969,"type":"selected","value":1},{"time":1702380233360,"type":"change intensity of connector","value":6},{"time":1702380233360,"type":"selected","value":0}]},{"id":"e8a568bb-fc6c-4b2b-944a-17cdf5bb322e","source":"4031f8ad-fe7f-403d-9048-62b2122feb89","target":"503b2a04-e4b0-4e5e-b63f-4e9d729aaf94","agreement":true,"isActive":true,"date":1702380206864,"kind":"Connector","isSelected":false,"intensity":6,"isDeletable":true,"isOver":false,"isBidirectional":false,"eventLog":[{"time":1702380206864,"type":"create connection"},{"time":1702380208183,"type":"selected","value":1},{"time":1702380212797,"type":"change intensity of connector","value":6},{"time":1702380212797,"type":"selected","value":0}]},{"id":"ac7c60de-2d6a-489e-bdd0-fecb420b3d89","source":"503b2a04-e4b0-4e5e-b63f-4e9d729aaf94","target":"0daedea4-5337-4ba3-9500-b66c83d9ab41","agreement":true,"isActive":true,"date":1702380282810,"kind":"Connector","isSelected":false,"intensity":3,"isDeletable":true,"isOver":false,"isBidirectional":false,"eventLog":[{"time":1702380282810,"type":"create connection"}]},{"id":"135e2f87-2a89-4a9a-afb5-f237c9616797","source":"503b2a04-e4b0-4e5e-b63f-4e9d729aaf94","target":"fa593cb1-28fa-4786-bfe2-f8daee515bac","agreement":true,"isActive":true,"date":1702380358834,"kind":"Connector","isSelected":false,"intensity":3,"isDeletable":true,"isOver":false,"isBidirectional":false,"eventLog":[{"time":1702380358834,"type":"create connection"}]},{"id":"0f7b275e-4f6e-463c-abda-d2ff6d455841","source":"503b2a04-e4b0-4e5e-b63f-4e9d729aaf94","target":"17cd893b-8f0d-4ae7-a2fc-3a5baca0dbdc","agreement":true,"isActive":true,"date":1702380402028,"kind":"Connector","isSelected":false,"intensity":3,"isDeletable":true,"isOver":false,"isBidirectional":false,"eventLog":[{"time":1702380402028,"type":"create connection"}]},{"id":"d0d0132f-bf9c-43dd-944d-9572758b9c04","source":"3d363025-a7ab-4b21-a1df-7eeee7a14c0a","target":"0ed8b2d2-47ae-43db-a938-9b2e2136f6a4","agreement":true,"isActive":true,"date":1702380449305,"kind":"Connector","isSelected":false,"intensity":3,"isDeletable":true,"isOver":false,"isBidirectional":false,"eventLog":[{"time":1702380449305,"type":"create connection"}]},{"id":"23281052-d929-4f70-887f-5e21bd945d7a","source":"503b2a04-e4b0-4e5e-b63f-4e9d729aaf94","target":"3097a689-a566-46b9-bccb-2959b66f66f0","agreement":true,"isActive":true,"date":1702380537078,"kind":"Connector","isSelected":false,"intensity":3,"isDeletable":true,"isOver":false,"isBidirectional":false,"eventLog":[{"time":1702380537078,"type":"create connection"}]},{"id":"63c13e2c-28f6-4148-a813-6fea10158b7b","source":"0dcb4e60-6562-4712-9582-e05f6a3447b9","target":"0ed8b2d2-47ae-43db-a938-9b2e2136f6a4","agreement":true,"isActive":true,"date":1702380570795,"kind":"Connector","isSelected":false,"intensity":3,"isDeletable":true,"isOver":false,"isBidirectional":false,"eventLog":[{"time":1702380570795,"type":"create connection"}]},{"id":"0600f605-7ea9-4fdb-a9dd-e265002571c0","source":"0ed8b2d2-47ae-43db-a938-9b2e2136f6a4","target":"7172fd28-40a0-4e0f-b564-8ba62759e6e0","agreement":true,"isActive":true,"date":1702380641155,"kind":"Connector","isSelected":false,"intensity":3,"isDeletable":true,"isOver":false,"isBidirectional":false,"eventLog":[{"time":1702380641155,"type":"create connection"}]}],"currentID":{},"currentNode":{},"hasSelectedNode":[false],"currentConnector":{},"hasSelectedConnector":[false],"readyToMove":[false],"isIncoming":[false],"hasElementMoved":[false]}
