{"idCAM":["1a106295-c52d-448c-87ee-900913fa3118"],"creator":["65216081309ddac9a26e5d3a_post"],"projectCAM":["S2_CAM part 2"],"defocusCAM":[],"date":[1702291809797],"nodes":[{"id":"5207a799-93c8-41ae-9d4a-ec721788db19","value":0,"text":"social assistance robot","comment":"","position":{"x":650,"y":400},"isActive":true,"date":1702291810691,"kind":"Node","isSelected":false,"isConnectorSelected":false,"isDraggable":0,"isDeletable":0,"hasElementMoved":false,"eventLog":[{"time":1702291810691,"type":"create node","value":0}],"isTextChangeable":0},{"id":"7fe5184f-f377-472f-b0bb-120a1347dcc1","value":0,"text":"disadvantages","comment":"","position":{"x":450,"y":400},"isActive":true,"date":1702291810691,"kind":"Node","isSelected":false,"isConnectorSelected":false,"isDraggable":0,"isDeletable":0,"hasElementMoved":false,"eventLog":[{"time":1702291810691,"type":"create node","value":0}],"isTextChangeable":0},{"id":"6c61b98d-6550-4714-ac5a-524cb18e3663","value":0,"text":"advantages","comment":"","position":{"x":850,"y":400},"isActive":true,"date":1702291810691,"kind":"Node","isSelected":false,"isConnectorSelected":false,"isDraggable":0,"isDeletable":0,"hasElementMoved":false,"eventLog":[{"time":1702291810691,"type":"create node","value":0}],"isTextChangeable":0},{"id":"d9c4ceec-5edf-4d94-93f0-55d0d13658e7","value":3,"text":"supporting educational activities","comment":"","position":{"x":901.3333,"y":212.5},"isActive":true,"date":1702291810691,"kind":"Node","isSelected":false,"isConnectorSelected":false,"isDraggable":1,"isDeletable":1,"hasElementMoved":false,"eventLog":[{"time":1702291810691,"type":"create node","value":3}],"isTextChangeable":1},{"id":"27353052-8d70-48d7-b3b3-2d0b7e218f86","value":-3,"text":"no emotions/feelings","comment":"","position":{"x":402.3333,"y":227.5},"isActive":true,"date":1702291810692,"kind":"Node","isSelected":false,"isConnectorSelected":false,"isDraggable":1,"isDeletable":1,"hasElementMoved":false,"eventLog":[{"time":1702291810692,"type":"create node","value":-3}],"isTextChangeable":1},{"id":"c19a776e-91cb-4e00-9cbe-853aac5c16d2","value":2,"text":"interactions with people","comment":"","position":{"x":804.3333,"y":597.5},"isActive":true,"date":1702291810692,"kind":"Node","isSelected":false,"isConnectorSelected":false,"isDraggable":1,"isDeletable":1,"hasElementMoved":false,"eventLog":[{"time":"1702291810692","type":"create node","value":[2]},{"time":"2023-12-11T10:53:51.911Z","type":"position","value":{"x":[908.3333],"y":[564.5]}}],"isTextChangeable":1},{"id":"06d63949-32f5-4b18-8ab9-edcd9b7fcc0b","value":2,"text":"promotion of interactions","comment":"","position":{"x":915.3333,"y":321.5},"isActive":true,"date":1702291810692,"kind":"Node","isSelected":false,"isConnectorSelected":false,"isDraggable":1,"isDeletable":1,"hasElementMoved":false,"eventLog":[{"time":1702291810692,"type":"create node","value":2}],"isTextChangeable":1},{"id":"bf67dc7b-adb2-473f-9939-a73c4f11fdf5","value":-3,"text":"dependence","comment":"","position":{"x":389.3333,"y":500.5},"isActive":true,"date":1702291810692,"kind":"Node","isSelected":false,"isConnectorSelected":false,"isDraggable":1,"isDeletable":1,"hasElementMoved":false,"eventLog":[{"time":1702291810692,"type":"create node","value":-3}],"isTextChangeable":1},{"id":"229f4d3c-4771-49a2-84db-3fe44ebcb8f2","value":-3,"text":"possible unemployment","comment":"","position":{"x":523.3333,"y":559.5},"isActive":true,"date":1702291810692,"kind":"Node","isSelected":false,"isConnectorSelected":false,"isDraggable":1,"isDeletable":1,"hasElementMoved":false,"eventLog":[{"time":1702291810692,"type":"create node","value":-3}],"isTextChangeable":1},{"id":"79a6d638-a063-4239-90bf-517c3e888ebd","value":-2,"text":"influence of perceptions","comment":"","position":{"x":322.3333,"y":332.5},"isActive":true,"date":1702291810692,"kind":"Node","isSelected":false,"isConnectorSelected":false,"isDraggable":1,"isDeletable":1,"hasElementMoved":false,"eventLog":[{"time":1702291810692,"type":"create node","value":-2}],"isTextChangeable":1},{"id":"c332326d-9788-4b66-88d0-3fb78081f83e","value":2,"text":"low risk of injury","comment":"","position":{"x":654.3333,"y":637.5},"isActive":true,"date":1702291935742,"kind":"Node","isSelected":false,"isConnectorSelected":false,"isDraggable":1,"isDeletable":1,"hasElementMoved":false,"eventLog":[{"time":"1702291935742","type":"create node","value":[0]},{"time":"1702291935761","type":"selected","value":[true]},{"time":"1702291960648","type":"text","value":["Geringes Verletzungsrisiko"]},{"time":"1702291960648","type":"value","value":[2]},{"time":"1702291960648","type":"selected","value":[false]},{"time":"2023-12-11T10:52:42.198Z","type":"position","value":{"x":[734.3333],"y":[218.5]}},{"time":"2023-12-11T10:52:42.321Z","type":"position","value":{"x":[730.3333],"y":[438.5]}},{"time":"2023-12-11T10:53:50.282Z","type":"position","value":{"x":[738.3333],"y":[583.5]}}],"isTextChangeable":1},{"id":"50b7adc4-31f4-4e76-9d28-158c6661e1ac","value":3,"text":"companion","comment":"","position":{"x":927.3333,"y":477.5},"isActive":true,"date":1702291984335,"kind":"Node","isSelected":false,"isConnectorSelected":false,"isDraggable":1,"isDeletable":1,"hasElementMoved":false,"eventLog":[{"time":"1702291984335","type":"create node","value":[0]},{"time":"1702291985568","type":"selected","value":[true]},{"time":"1702291996375","type":"text","value":["Begleiter"]},{"time":"1702291996375","type":"value","value":[3]},{"time":"1702291996375","type":"selected","value":[false]},{"time":"2023-12-11T10:53:23.826Z","type":"position","value":{"x":[980.3333],"y":[393.5]}},{"time":"2023-12-11T10:53:56.915Z","type":"position","value":{"x":[1012.3333],"y":[437.5]}}],"isTextChangeable":1},{"id":"b6082a01-76a1-4931-a3bc-23d8663f3104","value":2,"text":"natural interactions","comment":"","position":{"x":1060.3333,"y":272.5},"isActive":true,"date":1702292002657,"kind":"Node","isSelected":false,"isConnectorSelected":false,"isDraggable":1,"isDeletable":1,"hasElementMoved":false,"eventLog":[{"time":"1702292002657","type":"create node","value":[0]},{"time":"2023-12-11T10:53:59.020Z","type":"position","value":{"x":[1003.3333],"y":[507.5]}},{"time":"2023-12-11T10:54:07.726Z","type":"position","value":{"x":[995.3333],"y":[581.5]}},{"time":"2023-12-11T10:54:07.830Z","type":"position","value":{"x":[1038.3333],"y":[417.5]}},{"time":"1702292048546","type":"selected","value":[true]},{"time":"1702292056260","type":"text","value":["Natürliche Interaktionen"]},{"time":"1702292056260","type":"value","value":[2]},{"time":"1702292056260","type":"selected","value":[false]},{"time":"2023-12-11T10:54:17.505Z","type":"position","value":{"x":[1043.3333],"y":[349.5]}},{"time":"1702292065702","type":"selected","value":[true]},{"time":"1702292067540","type":"selected","value":[false]}],"isTextChangeable":1},{"id":"7ed761f5-a05a-400e-9bf5-66a03f661656","value":-2,"text":"life-like properties","comment":"","position":{"x":253.3333,"y":457.5},"isActive":true,"date":1702292079637,"kind":"Node","isSelected":false,"isConnectorSelected":false,"isDraggable":1,"isDeletable":1,"hasElementMoved":false,"eventLog":[{"time":1702292079637,"type":"create node","value":"0"},{"time":1702292079654,"type":"selected","value":"TRUE"},{"time":1702292090331,"type":"text","value":"Lebensähnliche Eigenschaften"},{"time":1702292090331,"type":"value","value":"-2"},{"time":1702292090331,"type":"selected","value":"FALSE"}],"isTextChangeable":1},{"id":"b212edca-a0a3-471b-9813-9cb701da9611","value":0,"text":"Verhalten","comment":"","position":{"x":182.3333,"y":344.5},"isActive":false,"date":1702292116592,"kind":"Node","isSelected":false,"isConnectorSelected":false,"isDraggable":1,"isDeletable":1,"hasElementMoved":false,"eventLog":[{"time":1702292116592,"type":"create node","value":0},{"time":1702292116613,"type":"selected","value":1},{"time":1702292134480,"type":"node was deleted","value":-77}],"isTextChangeable":1},{"id":"ed12c5de-b80f-44a2-ae79-a6095d05c128","value":-2,"text":"behavior","comment":"","position":{"x":178.3333,"y":339.5},"isActive":true,"date":1702292136029,"kind":"Node","isSelected":false,"isConnectorSelected":false,"isDraggable":1,"isDeletable":1,"hasElementMoved":false,"eventLog":[{"time":"1702292136029","type":"create node","value":[0]},{"time":"1702292136045","type":"selected","value":[true]},{"time":"1702292142115","type":"text","value":["Verhalten"]},{"time":"1702292142115","type":"value","value":[-2]},{"time":"1702292142115","type":"selected","value":[false]},{"time":"2023-12-11T10:55:43.435Z","type":"position","value":{"x":[203.3333],"y":[347.5]}}],"isTextChangeable":1},{"id":"9fbcd47d-3235-4e49-bcbc-fa19cd7b5d53","value":-3,"text":"influence of decisions","comment":"","position":{"x":263.3333,"y":182.5},"isActive":true,"date":1702292195502,"kind":"Node","isSelected":false,"isConnectorSelected":false,"isDraggable":1,"isDeletable":1,"hasElementMoved":false,"eventLog":[{"time":1702292195502,"type":"create node","value":"0"},{"time":1702292195522,"type":"selected","value":"TRUE"},{"time":1702292209768,"type":"text","value":"Beeinflussung der Entscheidungen"},{"time":1702292209768,"type":"value","value":"-3"},{"time":1702292209768,"type":"selected","value":"FALSE"}],"isTextChangeable":1}],"connectors":[{"id":"776052cc-64af-4120-bddc-da85e0a1aa47","source":"5207a799-93c8-41ae-9d4a-ec721788db19","target":"7fe5184f-f377-472f-b0bb-120a1347dcc1","agreement":true,"isActive":true,"date":1702291810693,"kind":"Connector","isSelected":false,"intensity":3,"isDeletable":false,"isOver":false,"isBidirectional":false,"eventLog":[{"time":1702291810693,"type":"create connection"}]},{"id":"fd87f1c5-e524-4791-86a4-20bad9df591d","source":"5207a799-93c8-41ae-9d4a-ec721788db19","target":"6c61b98d-6550-4714-ac5a-524cb18e3663","agreement":true,"isActive":true,"date":1702291810693,"kind":"Connector","isSelected":false,"intensity":3,"isDeletable":true,"isOver":false,"isBidirectional":false,"eventLog":[{"time":1702291810693,"type":"create connection"}]},{"id":"97886f85-319e-4f9e-85d7-fc4f2bcf42eb","source":"5207a799-93c8-41ae-9d4a-ec721788db19","target":"d9c4ceec-5edf-4d94-93f0-55d0d13658e7","agreement":true,"isActive":true,"date":1702291810693,"kind":"Connector","isSelected":false,"intensity":3,"isDeletable":true,"isOver":false,"isBidirectional":false,"eventLog":[{"time":1702291810693,"type":"create connection"}]},{"id":"e91f254e-9599-419e-9196-b2c2328f767c","source":"6c61b98d-6550-4714-ac5a-524cb18e3663","target":"7fe5184f-f377-472f-b0bb-120a1347dcc1","agreement":true,"isActive":true,"date":1702291810693,"kind":"Connector","isSelected":false,"intensity":3,"isDeletable":true,"isOver":false,"isBidirectional":false,"eventLog":[{"time":1702291810693,"type":"create connection"}]},{"id":"556b1a19-f99c-42d9-9adb-03f7a24db7a1","source":"27353052-8d70-48d7-b3b3-2d0b7e218f86","target":"5207a799-93c8-41ae-9d4a-ec721788db19","agreement":true,"isActive":true,"date":1702291810693,"kind":"Connector","isSelected":false,"intensity":3,"isDeletable":true,"isOver":false,"isBidirectional":false,"eventLog":[{"time":1702291810693,"type":"create connection"}]},{"id":"022249b4-61d4-4892-aa02-605e4d3a412f","source":"5207a799-93c8-41ae-9d4a-ec721788db19","target":"c19a776e-91cb-4e00-9cbe-853aac5c16d2","agreement":true,"isActive":true,"date":1702291810694,"kind":"Connector","isSelected":false,"intensity":3,"isDeletable":true,"isOver":false,"isBidirectional":false,"eventLog":[{"time":1702291810694,"type":"create connection"}]},{"id":"4eaacc45-c992-41db-9be2-c19a130b245d","source":"5207a799-93c8-41ae-9d4a-ec721788db19","target":"06d63949-32f5-4b18-8ab9-edcd9b7fcc0b","agreement":true,"isActive":true,"date":1702291810694,"kind":"Connector","isSelected":false,"intensity":3,"isDeletable":true,"isOver":false,"isBidirectional":false,"eventLog":[{"time":1702291810694,"type":"create connection"}]},{"id":"38b0d61b-fa1a-4f5c-b5a7-ac99d41709a7","source":"bf67dc7b-adb2-473f-9939-a73c4f11fdf5","target":"5207a799-93c8-41ae-9d4a-ec721788db19","agreement":true,"isActive":true,"date":1702291810694,"kind":"Connector","isSelected":false,"intensity":3,"isDeletable":true,"isOver":false,"isBidirectional":false,"eventLog":[{"time":1702291810694,"type":"create connection"}]},{"id":"0af429d9-8f26-4544-bc9f-c6ed96edb7f9","source":"5207a799-93c8-41ae-9d4a-ec721788db19","target":"229f4d3c-4771-49a2-84db-3fe44ebcb8f2","agreement":true,"isActive":true,"date":1702291810694,"kind":"Connector","isSelected":false,"intensity":3,"isDeletable":true,"isOver":false,"isBidirectional":false,"eventLog":[{"time":1702291810694,"type":"create connection"}]},{"id":"23793616-1ba8-4c4b-8269-53a3a3807f9e","source":"5207a799-93c8-41ae-9d4a-ec721788db19","target":"79a6d638-a063-4239-90bf-517c3e888ebd","agreement":true,"isActive":true,"date":1702291810694,"kind":"Connector","isSelected":false,"intensity":3,"isDeletable":true,"isOver":false,"isBidirectional":false,"eventLog":[{"time":1702291810694,"type":"create connection"}]},{"id":"f67f0c1a-f9b9-414d-b4ac-4d9e61a0ef43","source":"c332326d-9788-4b66-88d0-3fb78081f83e","target":"c19a776e-91cb-4e00-9cbe-853aac5c16d2","agreement":true,"isActive":true,"date":1702291965564,"kind":"Connector","isSelected":false,"intensity":6,"isDeletable":true,"isOver":false,"isBidirectional":false,"eventLog":[{"time":1702291965564,"type":"create connection"},{"time":1702292021807,"type":"selected","value":1},{"time":1702292024503,"type":"change intensity of connector","value":6},{"time":1702292024503,"type":"selected","value":0}]},{"id":"25488d22-6553-4021-a3c8-aeea34158879","source":"c332326d-9788-4b66-88d0-3fb78081f83e","target":"5207a799-93c8-41ae-9d4a-ec721788db19","agreement":true,"isActive":true,"date":1702291968068,"kind":"Connector","isSelected":false,"intensity":3,"isDeletable":true,"isOver":false,"isBidirectional":false,"eventLog":[{"time":1702291968068,"type":"create connection"}]},{"id":"542eccdc-0f82-417f-b24d-5c07b763f58b","source":"50b7adc4-31f4-4e76-9d28-158c6661e1ac","target":"06d63949-32f5-4b18-8ab9-edcd9b7fcc0b","agreement":true,"isActive":true,"date":1702291997706,"kind":"Connector","isSelected":false,"intensity":9,"isDeletable":true,"isOver":false,"isBidirectional":false,"eventLog":[{"time":1702291997706,"type":"create connection"},{"time":1702292016476,"type":"selected","value":1},{"time":1702292020846,"type":"change intensity of connector","value":9},{"time":1702292020846,"type":"selected","value":0}]},{"id":"4763f854-1d52-4dc1-9947-873c3571a8fb","source":"50b7adc4-31f4-4e76-9d28-158c6661e1ac","target":"5207a799-93c8-41ae-9d4a-ec721788db19","agreement":true,"isActive":true,"date":1702292009290,"kind":"Connector","isSelected":false,"intensity":3,"isDeletable":true,"isOver":false,"isBidirectional":false,"eventLog":[{"time":1702292009290,"type":"create connection"}]},{"id":"ebeb52ba-9637-40a6-97c9-42c436b8b762","source":"b6082a01-76a1-4931-a3bc-23d8663f3104","target":"06d63949-32f5-4b18-8ab9-edcd9b7fcc0b","agreement":true,"isActive":true,"date":1702292061249,"kind":"Connector","isSelected":false,"intensity":3,"isDeletable":true,"isOver":false,"isBidirectional":false,"eventLog":[{"time":1702292061249,"type":"create connection"}]},{"id":"b08c001f-f172-4319-a8d0-bcff556f9f60","source":"b6082a01-76a1-4931-a3bc-23d8663f3104","target":"50b7adc4-31f4-4e76-9d28-158c6661e1ac","agreement":true,"isActive":true,"date":1702292063179,"kind":"Connector","isSelected":false,"intensity":3,"isDeletable":true,"isOver":false,"isBidirectional":false,"eventLog":[{"time":1702292063179,"type":"create connection"}]},{"id":"6dd6b698-419d-473d-899d-d4f878db7fd6","source":"7ed761f5-a05a-400e-9bf5-66a03f661656","target":"bf67dc7b-adb2-473f-9939-a73c4f11fdf5","agreement":false,"isActive":true,"date":1702292095103,"kind":"Connector","isSelected":false,"intensity":6,"isDeletable":true,"isOver":false,"isBidirectional":false,"eventLog":[{"time":1702292095103,"type":"create connection"},{"time":1702292098389,"type":"selected","value":1},{"time":1702292102315,"type":"change intensity of connector","value":-6},{"time":1702292102315,"type":"selected","value":0}]},{"id":"6b5972c2-563a-46de-9388-bf4ea3d65f3b","source":"79a6d638-a063-4239-90bf-517c3e888ebd","target":"ed12c5de-b80f-44a2-ae79-a6095d05c128","agreement":false,"isActive":true,"date":1702292146080,"kind":"Connector","isSelected":false,"intensity":6,"isDeletable":true,"isOver":false,"isBidirectional":false,"eventLog":[{"time":1702292146080,"type":"create connection"},{"time":1702292149458,"type":"selected","value":1},{"time":1702292160456,"type":"change intensity of connector","value":-6},{"time":1702292160456,"type":"selected","value":0}]},{"id":"622a59bf-5e6f-4d74-adc7-4e9687b11e79","source":"ed12c5de-b80f-44a2-ae79-a6095d05c128","target":"27353052-8d70-48d7-b3b3-2d0b7e218f86","agreement":true,"isActive":true,"date":1702292163572,"kind":"Connector","isSelected":false,"intensity":3,"isDeletable":true,"isOver":false,"isBidirectional":false,"eventLog":[{"time":1702292163572,"type":"create connection"}]},{"id":"4e1167ec-8384-4984-8ddf-702dd7140c21","source":"ed12c5de-b80f-44a2-ae79-a6095d05c128","target":"7ed761f5-a05a-400e-9bf5-66a03f661656","agreement":true,"isActive":true,"date":1702292165468,"kind":"Connector","isSelected":false,"intensity":3,"isDeletable":true,"isOver":false,"isBidirectional":false,"eventLog":[{"time":1702292165468,"type":"create connection"}]},{"id":"32a57e43-e57f-41d8-a243-468f6dde3f99","source":"27353052-8d70-48d7-b3b3-2d0b7e218f86","target":"9fbcd47d-3235-4e49-bcbc-fa19cd7b5d53","agreement":false,"isActive":true,"date":1702292211556,"kind":"Connector","isSelected":false,"intensity":9,"isDeletable":true,"isOver":false,"isBidirectional":false,"eventLog":[{"time":1702292211556,"type":"create connection"},{"time":1702292214385,"type":"selected","value":1},{"time":1702292216974,"type":"change intensity of connector","value":-9},{"time":1702292216974,"type":"selected","value":0}]},{"id":"f5bc8766-10c2-4d61-8caf-9a8e8026bc60","source":"9fbcd47d-3235-4e49-bcbc-fa19cd7b5d53","target":"79a6d638-a063-4239-90bf-517c3e888ebd","agreement":true,"isActive":true,"date":1702292221239,"kind":"Connector","isSelected":false,"intensity":3,"isDeletable":true,"isOver":false,"isBidirectional":false,"eventLog":[{"time":1702292221239,"type":"create connection"}]}],"currentID":{},"currentNode":{},"hasSelectedNode":[false],"currentConnector":{},"hasSelectedConnector":[false],"readyToMove":[false],"isIncoming":[false],"hasElementMoved":[false]}
