{"idCAM":["b6b4e386-7c68-410c-8f1e-d26fe6de228b"],"creator":["65216081309ddac9a26e5d3a_pre"],"projectCAM":["S2_CAM part 1"],"defocusCAM":[],"date":[1702291012305],"nodes":[{"id":"a2a5b998-174d-42d0-aa73-d3905cf9904d","value":0,"text":"social assistance robot","comment":"","position":{"x":650,"y":400},"isActive":true,"date":1702291013150,"kind":"Node","isSelected":false,"isConnectorSelected":false,"isDraggable":0,"isDeletable":0,"hasElementMoved":false,"eventLog":[{"time":1702291013150,"type":"create node","value":0},{"time":1702291474267,"type":"selected","value":1},{"time":1702291475958,"type":"selected","value":0}],"isTextChangeable":0},{"id":"6ce7cc8c-6b27-44ca-b16e-88173e71dd07","value":0,"text":"disadvantages","comment":"","position":{"x":450,"y":400},"isActive":true,"date":1702291013150,"kind":"Node","isSelected":false,"isConnectorSelected":false,"isDraggable":0,"isDeletable":0,"hasElementMoved":false,"eventLog":[{"time":1702291013150,"type":"create node","value":0}],"isTextChangeable":0},{"id":"00a7fce8-a1ea-426d-9e7f-cfff271d4022","value":0,"text":"advantages","comment":"","position":{"x":850,"y":400},"isActive":true,"date":1702291013150,"kind":"Node","isSelected":false,"isConnectorSelected":false,"isDraggable":0,"isDeletable":0,"hasElementMoved":false,"eventLog":[{"time":1702291013150,"type":"create node","value":0},{"time":1702291138770,"type":"selected","value":1},{"time":1702291153622,"type":"selected","value":0}],"isTextChangeable":0},{"id":"046f8dff-f769-4b34-b5e7-09b71ea3d5ab","value":3,"text":"supporting educational activities","comment":"for special needs and learning difficulties","position":{"x":901.3333,"y":212.5},"isActive":true,"date":1702291056867,"kind":"Node","isSelected":false,"isConnectorSelected":false,"isDraggable":1,"isDeletable":1,"hasElementMoved":false,"eventLog":[{"time":"1702291056868","type":"create node","value":[0]},{"time":"1702291056882","type":"selected","value":[true]},{"time":"1702291080885","type":"text","value":["Unterstützend"]},{"time":"1702291080885","type":"value","value":[3]},{"time":"1702291080885","type":"selected","value":[false]},{"time":"2023-12-11T10:39:27.070Z","type":"position","value":{"x":[844.3333],"y":[326.5]}},{"time":"1702291260627","type":"selected","value":[true]},{"time":"1702291293158","type":"text","value":["Unterstützen von Bildungsaktivitäten"]},{"time":"1702291293158","type":"comment","value":["bei besonderen Bedürfnissen und Lernschwierigkeiten"]},{"time":"1702291293158","type":"selected","value":[false]}],"isTextChangeable":1},{"id":"ab30cc4f-62cb-4652-ac9e-6b0876ec4f16","value":-3,"text":"no emotions/feelings","comment":"Emotions/feelings are not available for automation","position":{"x":402.3333,"y":227.5},"isActive":true,"date":1702291091608,"kind":"Node","isSelected":false,"isConnectorSelected":false,"isDraggable":1,"isDeletable":1,"hasElementMoved":false,"eventLog":[{"time":"1702291091608","type":"create node","value":[0]},{"time":"1702291091622","type":"selected","value":[true]},{"time":"1702291137393","type":"text","value":["Keine Emotionen/Gefühle"]},{"time":"1702291137393","type":"value","value":[-3]},{"time":"1702291137393","type":"comment","value":["Emotionen/Gefühle sind nicht für die Automationen verfügbar"]},{"time":"1702291137393","type":"selected","value":[false]},{"time":"2023-12-11T10:39:22.023Z","type":"position","value":{"x":[462.3333],"y":[311.5]}}],"isTextChangeable":1},{"id":"81752b6a-662b-43aa-bf10-8cfff509ddcc","value":2,"text":"interactions with people","comment":"People who are isolated or have little social networking.","position":{"x":901.3333,"y":542.5},"isActive":true,"date":1702291170086,"kind":"Node","isSelected":false,"isConnectorSelected":false,"isDraggable":1,"isDeletable":1,"hasElementMoved":false,"eventLog":[{"time":"1702291170086","type":"create node","value":[0]},{"time":"1702291170102","type":"selected","value":[true]},{"time":"1702291249066","type":"text","value":["Interaktionen mit Personen"]},{"time":"1702291249066","type":"value","value":[2]},{"time":"1702291249066","type":"comment","value":["Personen die Isoliert sind oder wenig Sozial vernetzt sind."]},{"time":"1702291249066","type":"selected","value":[false]},{"time":"2023-12-11T10:40:52.124Z","type":"position","value":{"x":[823.3333],"y":[504.5]}}],"isTextChangeable":1},{"id":"47c6e083-d1d1-49d9-aa53-20d4adfd7b82","value":2,"text":"promotion of interactions","comment":"To improve communication skills","position":{"x":915.3333,"y":321.5},"isActive":true,"date":1702291302904,"kind":"Node","isSelected":false,"isConnectorSelected":false,"isDraggable":1,"isDeletable":1,"hasElementMoved":false,"eventLog":[{"time":1702291302904,"type":"create node","value":"0"},{"time":1702291302925,"type":"selected","value":"TRUE"},{"time":1702291345941,"type":"text","value":"Förderung der Interaktionen"},{"time":1702291345941,"type":"value","value":"2"},{"time":1702291345941,"type":"comment","value":"Zur Verbesserung der Kommunikationsfähigkeiten"},{"time":1702291345941,"type":"selected","value":"FALSE"}],"isTextChangeable":1},{"id":"4a018082-97be-4aec-8eda-96348d3ca610","value":-3,"text":"dependence","comment":"","position":{"x":389.3333,"y":500.5},"isActive":true,"date":1702291359773,"kind":"Node","isSelected":false,"isConnectorSelected":false,"isDraggable":1,"isDeletable":1,"hasElementMoved":false,"eventLog":[{"time":1702291359773,"type":"create node","value":"0"},{"time":1702291359790,"type":"selected","value":"TRUE"},{"time":1702291370988,"type":"text","value":"Abhängigkeit"},{"time":1702291370988,"type":"value","value":"-3"},{"time":1702291370988,"type":"selected","value":"FALSE"},{"time":1702291406917,"type":"selected","value":"TRUE"},{"time":1702291442125,"type":"selected","value":"FALSE"}],"isTextChangeable":1},{"id":"355555ed-1222-409d-8ed4-6a9b7464112b","value":-3,"text":"possible unemployment","comment":"Can lead to unemployment","position":{"x":523.3333,"y":559.5},"isActive":true,"date":1702291443302,"kind":"Node","isSelected":false,"isConnectorSelected":false,"isDraggable":1,"isDeletable":1,"hasElementMoved":false,"eventLog":[{"time":"1702291443302","type":"create node","value":[0]},{"time":"1702291443314","type":"selected","value":[true]},{"time":"1702291474254","type":"text","value":["Mögliche Arbeitslosigkeit"]},{"time":"1702291474254","type":"value","value":[-3]},{"time":"1702291474254","type":"comment","value":["Kann für die Arbeitslosigkeit führen"]},{"time":"1702291474254","type":"selected","value":[false]},{"time":"2023-12-11T10:44:37.180Z","type":"position","value":{"x":[525.3333],"y":[540.5]}}],"isTextChangeable":1},{"id":"8b7fc08a-7d4a-46cc-bc69-f100b883bea0","value":-2,"text":"influence of perceptions","comment":"","position":{"x":322.3333,"y":332.5},"isActive":true,"date":1702291489683,"kind":"Node","isSelected":false,"isConnectorSelected":false,"isDraggable":1,"isDeletable":1,"hasElementMoved":false,"eventLog":[{"time":1702291489683,"type":"create node","value":"0"},{"time":1702291489709,"type":"selected","value":"TRUE"},{"time":1702291498801,"type":"selected","value":"FALSE"},{"time":1702291501719,"type":"selected","value":"TRUE"},{"time":1702291533414,"type":"text","value":"Beeinflussung der Wahrnehmungen"},{"time":1702291533414,"type":"value","value":"-2"},{"time":1702291533414,"type":"selected","value":"FALSE"}],"isTextChangeable":1}],"connectors":[{"id":"b0c0b9ff-54b5-4ce5-a5ad-2e936295ebc2","source":"a2a5b998-174d-42d0-aa73-d3905cf9904d","target":"6ce7cc8c-6b27-44ca-b16e-88173e71dd07","agreement":true,"isActive":true,"date":1702291013150,"kind":"Connector","isSelected":false,"intensity":3,"isDeletable":false,"isOver":false,"isBidirectional":false,"eventLog":[{"time":1702291013150,"type":"create connection"}]},{"id":"c131bf5d-6eb7-441c-8c14-b5a3d524d663","source":"a2a5b998-174d-42d0-aa73-d3905cf9904d","target":"00a7fce8-a1ea-426d-9e7f-cfff271d4022","agreement":true,"isActive":true,"date":1702291013151,"kind":"Connector","isSelected":false,"intensity":3,"isDeletable":true,"isOver":false,"isBidirectional":false,"eventLog":[{"time":1702291013151,"type":"create connection"}]},{"id":"47e36630-01b9-4701-9d09-5766c0553304","source":"a2a5b998-174d-42d0-aa73-d3905cf9904d","target":"046f8dff-f769-4b34-b5e7-09b71ea3d5ab","agreement":true,"isActive":true,"date":1702291084765,"kind":"Connector","isSelected":false,"intensity":3,"isDeletable":true,"isOver":false,"isBidirectional":false,"eventLog":[{"time":1702291084765,"type":"create connection"}]},{"id":"1d703058-b08a-4175-878c-d0b77508dd40","source":"00a7fce8-a1ea-426d-9e7f-cfff271d4022","target":"6ce7cc8c-6b27-44ca-b16e-88173e71dd07","agreement":true,"isActive":true,"date":1702291089277,"kind":"Connector","isSelected":false,"intensity":3,"isDeletable":true,"isOver":false,"isBidirectional":false,"eventLog":[{"time":1702291089277,"type":"create connection"}]},{"id":"3d41bdae-43ad-408f-965d-5c058e40e947","source":"ab30cc4f-62cb-4652-ac9e-6b0876ec4f16","target":"a2a5b998-174d-42d0-aa73-d3905cf9904d","agreement":true,"isActive":true,"date":1702291160290,"kind":"Connector","isSelected":false,"intensity":3,"isDeletable":true,"isOver":false,"isBidirectional":false,"eventLog":[{"time":1702291160290,"type":"create connection"}]},{"id":"614b02be-07ee-40b3-b011-a6db83667df1","source":"a2a5b998-174d-42d0-aa73-d3905cf9904d","target":"81752b6a-662b-43aa-bf10-8cfff509ddcc","agreement":true,"isActive":true,"date":1702291250568,"kind":"Connector","isSelected":false,"intensity":3,"isDeletable":true,"isOver":false,"isBidirectional":false,"eventLog":[{"time":1702291250568,"type":"create connection"}]},{"id":"ce92a58d-0b80-4a94-8ac4-9efc0e14be83","source":"a2a5b998-174d-42d0-aa73-d3905cf9904d","target":"47c6e083-d1d1-49d9-aa53-20d4adfd7b82","agreement":true,"isActive":true,"date":1702291348215,"kind":"Connector","isSelected":false,"intensity":3,"isDeletable":true,"isOver":false,"isBidirectional":false,"eventLog":[{"time":1702291348215,"type":"create connection"}]},{"id":"3aa9825f-eabc-4667-9399-15a3b28c629f","source":"4a018082-97be-4aec-8eda-96348d3ca610","target":"a2a5b998-174d-42d0-aa73-d3905cf9904d","agreement":true,"isActive":true,"date":1702291376606,"kind":"Connector","isSelected":false,"intensity":3,"isDeletable":true,"isOver":false,"isBidirectional":false,"eventLog":[{"time":1702291376606,"type":"create connection"}]},{"id":"b10d7e75-695a-4770-8e94-0b9d97680857","source":"a2a5b998-174d-42d0-aa73-d3905cf9904d","target":"355555ed-1222-409d-8ed4-6a9b7464112b","agreement":true,"isActive":true,"date":1702291480608,"kind":"Connector","isSelected":false,"intensity":3,"isDeletable":true,"isOver":false,"isBidirectional":false,"eventLog":[{"time":1702291480608,"type":"create connection"}]},{"id":"0689b314-0b8f-4b31-83ac-31fe325f366e","source":"a2a5b998-174d-42d0-aa73-d3905cf9904d","target":"8b7fc08a-7d4a-46cc-bc69-f100b883bea0","agreement":true,"isActive":true,"date":1702291500452,"kind":"Connector","isSelected":false,"intensity":3,"isDeletable":true,"isOver":false,"isBidirectional":false,"eventLog":[{"time":1702291500452,"type":"create connection"}]}],"currentID":{},"currentNode":{},"hasSelectedNode":[false],"currentConnector":{},"hasSelectedConnector":[false],"readyToMove":[false],"isIncoming":[false],"hasElementMoved":[false]}
