{"idCAM":["353a2754-a2cc-4dcf-a1cd-725ed219b0eb"],"creator":["6524e0ef44178670528207b7_post"],"projectCAM":["S2_CAM part 2"],"defocusCAM":[],"date":[1702310088928],"nodes":[{"id":"89c21468-318c-4f53-953f-2aa1d923f0e9","value":0,"text":"rescue robot","comment":"","position":{"x":650,"y":400},"isActive":true,"date":1702310089842,"kind":"Node","isSelected":false,"isConnectorSelected":false,"isDraggable":0,"isDeletable":0,"hasElementMoved":false,"eventLog":[{"time":1702310089842,"type":"create node","value":0}],"isTextChangeable":0},{"id":"9847cbbc-e398-46b8-a294-567c98413665","value":0,"text":"disadvantages","comment":"","position":{"x":450,"y":400},"isActive":true,"date":1702310089842,"kind":"Node","isSelected":false,"isConnectorSelected":false,"isDraggable":0,"isDeletable":0,"hasElementMoved":false,"eventLog":[{"time":1702310089842,"type":"create node","value":0}],"isTextChangeable":0},{"id":"62e368f3-0cb1-4d12-9c12-9757bc6d9044","value":0,"text":"advantages","comment":"","position":{"x":850,"y":400},"isActive":true,"date":1702310089842,"kind":"Node","isSelected":false,"isConnectorSelected":false,"isDraggable":0,"isDeletable":0,"hasElementMoved":false,"eventLog":[{"time":1702310089842,"type":"create node","value":0}],"isTextChangeable":0},{"id":"9d27e60c-68bc-4865-a006-474cbe83eb98","value":3,"text":"fast","comment":"","position":{"x":917,"y":209},"isActive":true,"date":1702310089842,"kind":"Node","isSelected":false,"isConnectorSelected":false,"isDraggable":1,"isDeletable":1,"hasElementMoved":false,"eventLog":[{"time":1702310089842,"type":"create node","value":3}],"isTextChangeable":1},{"id":"b4e94feb-dac6-4488-b37f-d7a17960f888","value":3,"text":"more strong","comment":"","position":{"x":1035,"y":351},"isActive":true,"date":1702310089842,"kind":"Node","isSelected":false,"isConnectorSelected":false,"isDraggable":1,"isDeletable":1,"hasElementMoved":false,"eventLog":[{"time":1702310089842,"type":"create node","value":3}],"isTextChangeable":1},{"id":"e15843b2-2b46-4424-a337-09c4e1159fd1","value":3,"text":"without basic need","comment":"","position":{"x":1014,"y":523},"isActive":true,"date":1702310089842,"kind":"Node","isSelected":false,"isConnectorSelected":false,"isDraggable":1,"isDeletable":1,"hasElementMoved":false,"eventLog":[{"time":1702310089842,"type":"create node","value":3}],"isTextChangeable":1},{"id":"60092851-3b26-4522-9968-d46c5afd5784","value":-3,"text":"technical disruption","comment":"","position":{"x":340,"y":153},"isActive":true,"date":1702310089842,"kind":"Node","isSelected":false,"isConnectorSelected":false,"isDraggable":1,"isDeletable":1,"hasElementMoved":false,"eventLog":[{"time":1702310089842,"type":"create node","value":-3}],"isTextChangeable":1},{"id":"c1f73e84-a6c5-411e-8b2f-8e6ebf0e86b6","value":-2,"text":"false info","comment":"","position":{"x":165,"y":338},"isActive":true,"date":1702310089842,"kind":"Node","isSelected":false,"isConnectorSelected":false,"isDraggable":1,"isDeletable":1,"hasElementMoved":false,"eventLog":[{"time":1702310089842,"type":"create node","value":-2}],"isTextChangeable":1},{"id":"756ecad7-923f-48c0-962f-5e24610c274a","value":-3,"text":"disturbing bodies","comment":"","position":{"x":322,"y":500},"isActive":true,"date":1702310089842,"kind":"Node","isSelected":false,"isConnectorSelected":false,"isDraggable":1,"isDeletable":1,"hasElementMoved":false,"eventLog":[{"time":1702310089842,"type":"create node","value":-3}],"isTextChangeable":1},{"id":"e79ecf24-31e7-4f73-84a9-75655ca82735","value":-2,"text":"no emotion","comment":"","position":{"x":495,"y":548},"isActive":true,"date":1702310089842,"kind":"Node","isSelected":false,"isConnectorSelected":false,"isDraggable":1,"isDeletable":1,"hasElementMoved":false,"eventLog":[{"time":1702310089842,"type":"create node","value":-2}],"isTextChangeable":1},{"id":"3b2c5c69-3932-4191-9452-a47095a6016e","value":3,"text":"more source","comment":"","position":{"x":783,"y":232},"isActive":true,"date":1702310089842,"kind":"Node","isSelected":false,"isConnectorSelected":false,"isDraggable":1,"isDeletable":1,"hasElementMoved":false,"eventLog":[{"time":1702310089842,"type":"create node","value":3}],"isTextChangeable":1},{"id":"772bbf97-0992-4628-9bc5-c6100077fc3a","value":-3,"text":"bad communication","comment":"","position":{"x":517,"y":259},"isActive":true,"date":1702310089842,"kind":"Node","isSelected":false,"isConnectorSelected":false,"isDraggable":1,"isDeletable":1,"hasElementMoved":false,"eventLog":[{"time":1702310089842,"type":"create node","value":-3}],"isTextChangeable":1},{"id":"f2fcbffe-be1b-4ac7-a3f0-4f728dd5c3a0","value":3,"text":"rapid intervention","comment":"","position":{"x":821,"y":545},"isActive":true,"date":1702310089842,"kind":"Node","isSelected":false,"isConnectorSelected":false,"isDraggable":1,"isDeletable":1,"hasElementMoved":false,"eventLog":[{"time":1702310089842,"type":"create node","value":3}],"isTextChangeable":1},{"id":"ff16ce57-4a82-43cb-9a20-a9ba75ed399a","value":-3,"text":"lightly damaged","comment":"","position":{"x":410,"y":640},"isActive":true,"date":1702310092086,"kind":"Node","isSelected":false,"isConnectorSelected":false,"isDraggable":1,"isDeletable":1,"hasElementMoved":false,"eventLog":[{"time":"1702310092086","type":"create node","value":[0]},{"time":"2023-12-11T15:54:56.701Z","type":"position","value":{"x":[698],"y":[547]}},{"time":"2023-12-11T15:54:56.845Z","type":"position","value":{"x":[850],"y":[586]}},{"time":"2023-12-11T15:54:56.990Z","type":"position","value":{"x":[1000],"y":[606]}},{"time":"1702310098800","type":"selected","value":[true]},{"time":"1702310099232","type":"selected","value":[false]},{"time":"1702310099896","type":"selected","value":[true]},{"time":"1702310101965","type":"selected","value":[false]},{"time":"1702310108157","type":"selected","value":[true]},{"time":"1702310109329","type":"selected","value":[false]},{"time":"1702310109621","type":"selected","value":[true]},{"time":"1702310120690","type":"text","value":["leichter beschadigt"]},{"time":"1702310120690","type":"value","value":[-3]},{"time":"1702310120690","type":"selected","value":[false]},{"time":"2023-12-11T15:55:21.306Z","type":"position","value":{"x":[973],"y":[627]}},{"time":"2023-12-11T15:55:21.435Z","type":"position","value":{"x":[811],"y":[627]}},{"time":"2023-12-11T15:55:21.484Z","type":"position","value":{"x":[636],"y":[622]}},{"time":"2023-12-11T15:55:21.613Z","type":"position","value":{"x":[484],"y":[596]}}],"isTextChangeable":1}],"connectors":[{"id":"0adbaf61-91cb-4ff3-8561-1deef6be6dab","source":"89c21468-318c-4f53-953f-2aa1d923f0e9","target":"9847cbbc-e398-46b8-a294-567c98413665","agreement":true,"isActive":true,"date":1702310089843,"kind":"Connector","isSelected":false,"intensity":3,"isDeletable":false,"isOver":false,"isBidirectional":false,"eventLog":[{"time":1702310089843,"type":"create connection"}]},{"id":"766458e5-a7bb-4739-b7a3-873db23d933a","source":"89c21468-318c-4f53-953f-2aa1d923f0e9","target":"62e368f3-0cb1-4d12-9c12-9757bc6d9044","agreement":true,"isActive":true,"date":1702310089843,"kind":"Connector","isSelected":false,"intensity":3,"isDeletable":true,"isOver":false,"isBidirectional":false,"eventLog":[{"time":1702310089843,"type":"create connection"}]},{"id":"52a95a49-0cd0-4ebc-a40e-2f278f9849cb","source":"62e368f3-0cb1-4d12-9c12-9757bc6d9044","target":"9d27e60c-68bc-4865-a006-474cbe83eb98","agreement":true,"isActive":true,"date":1702310089843,"kind":"Connector","isSelected":false,"intensity":3,"isDeletable":true,"isOver":false,"isBidirectional":false,"eventLog":[{"time":1702310089843,"type":"create connection"}]},{"id":"402d7012-7375-4057-af6f-8dfde15ef664","source":"b4e94feb-dac6-4488-b37f-d7a17960f888","target":"62e368f3-0cb1-4d12-9c12-9757bc6d9044","agreement":true,"isActive":true,"date":1702310089843,"kind":"Connector","isSelected":false,"intensity":3,"isDeletable":true,"isOver":false,"isBidirectional":false,"eventLog":[{"time":1702310089843,"type":"create connection"}]},{"id":"e57585e5-7a53-4231-b837-0d706e98c6b5","source":"e15843b2-2b46-4424-a337-09c4e1159fd1","target":"62e368f3-0cb1-4d12-9c12-9757bc6d9044","agreement":true,"isActive":true,"date":1702310089843,"kind":"Connector","isSelected":false,"intensity":9,"isDeletable":true,"isOver":false,"isBidirectional":false,"eventLog":[{"time":1702310089843,"type":"create connection"}]},{"id":"574f61ab-88bb-4400-9a96-e6dc396396af","source":"60092851-3b26-4522-9968-d46c5afd5784","target":"9847cbbc-e398-46b8-a294-567c98413665","agreement":true,"isActive":true,"date":1702310089843,"kind":"Connector","isSelected":false,"intensity":9,"isDeletable":true,"isOver":false,"isBidirectional":false,"eventLog":[{"time":1702310089843,"type":"create connection"}]},{"id":"cd3864fe-f3a7-4cc1-bde2-1db3f825fc9c","source":"c1f73e84-a6c5-411e-8b2f-8e6ebf0e86b6","target":"9847cbbc-e398-46b8-a294-567c98413665","agreement":true,"isActive":true,"date":1702310089843,"kind":"Connector","isSelected":false,"intensity":3,"isDeletable":true,"isOver":false,"isBidirectional":false,"eventLog":[{"time":1702310089843,"type":"create connection"}]},{"id":"8f5e156a-e0c1-4d54-a143-825493c3057d","source":"756ecad7-923f-48c0-962f-5e24610c274a","target":"9847cbbc-e398-46b8-a294-567c98413665","agreement":true,"isActive":true,"date":1702310089843,"kind":"Connector","isSelected":false,"intensity":3,"isDeletable":true,"isOver":false,"isBidirectional":false,"eventLog":[{"time":1702310089843,"type":"create connection"}]},{"id":"7a8b9fc2-ed0f-4fcc-b1dc-59db840b6eea","source":"3b2c5c69-3932-4191-9452-a47095a6016e","target":"62e368f3-0cb1-4d12-9c12-9757bc6d9044","agreement":true,"isActive":true,"date":1702310089843,"kind":"Connector","isSelected":false,"intensity":9,"isDeletable":true,"isOver":false,"isBidirectional":false,"eventLog":[{"time":1702310089843,"type":"create connection"}]},{"id":"50f7e6f4-dcf2-4f87-a45e-8d58304f2165","source":"e79ecf24-31e7-4f73-84a9-75655ca82735","target":"9847cbbc-e398-46b8-a294-567c98413665","agreement":true,"isActive":true,"date":1702310089843,"kind":"Connector","isSelected":false,"intensity":3,"isDeletable":true,"isOver":false,"isBidirectional":false,"eventLog":[{"time":1702310089843,"type":"create connection"}]},{"id":"e8740694-250d-424a-b57c-6f5b0124bd26","source":"772bbf97-0992-4628-9bc5-c6100077fc3a","target":"9847cbbc-e398-46b8-a294-567c98413665","agreement":true,"isActive":true,"date":1702310089843,"kind":"Connector","isSelected":false,"intensity":3,"isDeletable":true,"isOver":false,"isBidirectional":false,"eventLog":[{"time":1702310089843,"type":"create connection"}]},{"id":"55974515-09be-4493-8daf-7dfc8c2fd6f4","source":"f2fcbffe-be1b-4ac7-a3f0-4f728dd5c3a0","target":"62e368f3-0cb1-4d12-9c12-9757bc6d9044","agreement":true,"isActive":true,"date":1702310089843,"kind":"Connector","isSelected":false,"intensity":3,"isDeletable":true,"isOver":false,"isBidirectional":false,"eventLog":[{"time":1702310089843,"type":"create connection"}]},{"id":"cf66e270-2998-484c-a5b2-d3221ab30ba2","source":"ff16ce57-4a82-43cb-9a20-a9ba75ed399a","target":"9847cbbc-e398-46b8-a294-567c98413665","agreement":true,"isActive":true,"date":1702310123910,"kind":"Connector","isSelected":false,"intensity":3,"isDeletable":true,"isOver":false,"isBidirectional":false,"eventLog":[{"time":1702310123910,"type":"create connection"}]}],"currentID":{},"currentNode":{},"hasSelectedNode":[false],"currentConnector":{},"hasSelectedConnector":[false],"readyToMove":[false],"isIncoming":[false],"hasElementMoved":[false]}
