{"idCAM":["2ff84679-c0d5-4155-bd6c-1dfe8df3c930"],"creator":["6524e0ef44178670528207b7_pre"],"projectCAM":["S2_CAM part 1"],"defocusCAM":[],"date":[1702309650017],"nodes":[{"id":"966707e5-1220-49cd-a36b-a2f1714d766f","value":0,"text":"rescue robot","comment":"","position":{"x":650,"y":400},"isActive":true,"date":1702309650839,"kind":"Node","isSelected":false,"isConnectorSelected":false,"isDraggable":0,"isDeletable":0,"hasElementMoved":false,"eventLog":[{"time":1702309650839,"type":"create node","value":0}],"isTextChangeable":0},{"id":"f10e7445-bef6-460d-a53b-51be3f076a5d","value":0,"text":"disadvantages","comment":"","position":{"x":450,"y":400},"isActive":true,"date":1702309650839,"kind":"Node","isSelected":false,"isConnectorSelected":false,"isDraggable":0,"isDeletable":0,"hasElementMoved":false,"eventLog":[{"time":1702309650839,"type":"create node","value":0},{"time":1702309823452,"type":"selected","value":1},{"time":1702309826286,"type":"selected","value":0}],"isTextChangeable":0},{"id":"2b34e985-c8a8-47e0-803d-a0d9cee1e467","value":0,"text":"advantages","comment":"","position":{"x":850,"y":400},"isActive":true,"date":1702309650839,"kind":"Node","isSelected":false,"isConnectorSelected":false,"isDraggable":0,"isDeletable":0,"hasElementMoved":false,"eventLog":[{"time":1702309650839,"type":"create node","value":0}],"isTextChangeable":0},{"id":"f82c9a2b-c5e1-4da0-a859-ae951075f581","value":3,"text":"fast","comment":"","position":{"x":917,"y":209},"isActive":true,"date":1702309659826,"kind":"Node","isSelected":false,"isConnectorSelected":false,"isDraggable":1,"isDeletable":1,"hasElementMoved":false,"eventLog":[{"time":"1702309659826","type":"create node","value":[0]},{"time":"1702309660615","type":"selected","value":[true]},{"time":"1702309670529","type":"text","value":["schnell "]},{"time":"1702309670529","type":"value","value":[3]},{"time":"1702309670529","type":"selected","value":[false]},{"time":"2023-12-11T15:48:56.016Z","type":"position","value":{"x":[908],"y":[303]}}],"isTextChangeable":1},{"id":"8ab19747-2309-48cf-8113-5d254761dc02","value":3,"text":"more strong","comment":"","position":{"x":1035,"y":351},"isActive":true,"date":1702309672705,"kind":"Node","isSelected":false,"isConnectorSelected":false,"isDraggable":1,"isDeletable":1,"hasElementMoved":false,"eventLog":[{"time":1702309672705,"type":"create node","value":"0"},{"time":1702309672835,"type":"selected","value":"TRUE"},{"time":1702309684375,"type":"text","value":"mehr stark"},{"time":1702309684375,"type":"value","value":"3"},{"time":1702309684375,"type":"selected","value":"FALSE"}],"isTextChangeable":1},{"id":"3e79760f-22b1-43ef-b190-9a1dfc35137b","value":3,"text":"without basic need","comment":"Water, sleep, food etc.","position":{"x":1014,"y":523},"isActive":true,"date":1702309686051,"kind":"Node","isSelected":false,"isConnectorSelected":false,"isDraggable":1,"isDeletable":1,"hasElementMoved":false,"eventLog":[{"time":1702309686051,"type":"create node","value":"0"},{"time":1702309687454,"type":"selected","value":"TRUE"},{"time":1702309724541,"type":"text","value":"ohne Grundbedürfnis"},{"time":1702309724541,"type":"value","value":"3"},{"time":1702309724541,"type":"comment","value":"Wasser, Schlaf Essen usw."},{"time":1702309724541,"type":"selected","value":"FALSE"}],"isTextChangeable":1},{"id":"4f68b9cf-08b7-49a5-95af-e8e989b81d47","value":-3,"text":"technical disruption","comment":"","position":{"x":340,"y":153},"isActive":true,"date":1702309744687,"kind":"Node","isSelected":false,"isConnectorSelected":false,"isDraggable":1,"isDeletable":1,"hasElementMoved":false,"eventLog":[{"time":"1702309744687","type":"create node","value":[0]},{"time":"1702309746119","type":"selected","value":[true]},{"time":"1702309754072","type":"text","value":["technische Störung"]},{"time":"1702309754072","type":"value","value":[3]},{"time":"1702309754072","type":"selected","value":[false]},{"time":"1702309773788","type":"selected","value":[true]},{"time":"1702309776086","type":"value","value":[-3]},{"time":"1702309776086","type":"selected","value":[false]},{"time":"2023-12-11T15:50:12.745Z","type":"position","value":{"x":[345],"y":[324]}},{"time":"2023-12-11T15:50:12.906Z","type":"position","value":{"x":[343],"y":[174]}}],"isTextChangeable":1},{"id":"aaf2da36-a665-4c75-b405-687adcd65d6f","value":-2,"text":"false info","comment":"","position":{"x":165,"y":338},"isActive":true,"date":1702309755171,"kind":"Node","isSelected":false,"isConnectorSelected":false,"isDraggable":1,"isDeletable":1,"hasElementMoved":false,"eventLog":[{"time":"1702309755171","type":"create node","value":[0]},{"time":"1702309755322","type":"selected","value":[true]},{"time":"1702309773058","type":"text","value":["falsche Info"]},{"time":"1702309773058","type":"value","value":[-2]},{"time":"1702309773058","type":"selected","value":[false]},{"time":"2023-12-11T15:50:18.212Z","type":"position","value":{"x":[257],"y":[385]}}],"isTextChangeable":1},{"id":"5fbb109e-4f00-4338-8540-97b22238e299","value":-3,"text":"disturbing bodies","comment":"","position":{"x":322,"y":500},"isActive":true,"date":1702309777046,"kind":"Node","isSelected":false,"isConnectorSelected":false,"isDraggable":1,"isDeletable":1,"hasElementMoved":false,"eventLog":[{"time":1702309777046,"type":"create node","value":"0"},{"time":1702309777196,"type":"selected","value":"TRUE"},{"time":1702309800693,"type":"text","value":"störende Körper"},{"time":1702309800693,"type":"value","value":"-3"},{"time":1702309800693,"type":"selected","value":"FALSE"}],"isTextChangeable":1},{"id":"2e51381f-b941-4b4e-97a4-56f522cbc350","value":-2,"text":"no emotion","comment":"","position":{"x":495,"y":548},"isActive":true,"date":1702309826712,"kind":"Node","isSelected":false,"isConnectorSelected":false,"isDraggable":1,"isDeletable":1,"hasElementMoved":false,"eventLog":[{"time":1702309826712,"type":"create node","value":"0"},{"time":1702309826897,"type":"selected","value":"TRUE"},{"time":1702309837080,"type":"text","value":"keine Emotion"},{"time":1702309837080,"type":"value","value":"-2"},{"time":1702309837080,"type":"selected","value":"FALSE"}],"isTextChangeable":1},{"id":"b2714468-00cc-47d0-bb76-12ef413c5835","value":3,"text":"more source","comment":"to reach a living person","position":{"x":783,"y":232},"isActive":true,"date":1702309838241,"kind":"Node","isSelected":false,"isConnectorSelected":false,"isDraggable":1,"isDeletable":1,"hasElementMoved":false,"eventLog":[{"time":1702309838241,"type":"create node","value":"0"},{"time":1702309838480,"type":"selected","value":"TRUE"},{"time":1702309877743,"type":"text","value":"mehr Quelle"},{"time":1702309877743,"type":"value","value":"3"},{"time":1702309877743,"type":"comment","value":"zu erreichen eine lebende Person"},{"time":1702309877743,"type":"selected","value":"FALSE"}],"isTextChangeable":1},{"id":"7c97e924-d0ed-4998-bd53-1d45f1fab903","value":-3,"text":"bad communication","comment":"","position":{"x":517,"y":259},"isActive":true,"date":1702309888174,"kind":"Node","isSelected":false,"isConnectorSelected":false,"isDraggable":1,"isDeletable":1,"hasElementMoved":false,"eventLog":[{"time":1702309888174,"type":"create node","value":"0"},{"time":1702309890037,"type":"selected","value":"TRUE"},{"time":1702309929915,"type":"text","value":"schlechte Kommunikation"},{"time":1702309929915,"type":"value","value":"-3"},{"time":1702309929915,"type":"selected","value":"FALSE"},{"time":1702309931509,"type":"selected","value":"TRUE"},{"time":1702309932590,"type":"selected","value":"FALSE"}],"isTextChangeable":1},{"id":"3970f23a-e3b9-4f4d-b2f6-295d3dd27992","value":3,"text":"rapid intervention","comment":"","position":{"x":821,"y":545},"isActive":true,"date":1702309935662,"kind":"Node","isSelected":false,"isConnectorSelected":false,"isDraggable":1,"isDeletable":1,"hasElementMoved":false,"eventLog":[{"time":1702309935662,"type":"create node","value":"0"},{"time":1702309935809,"type":"selected","value":"TRUE"},{"time":1702309958349,"type":"text","value":"schneller Intervention"},{"time":1702309958349,"type":"value","value":"3"},{"time":1702309958349,"type":"selected","value":"FALSE"}],"isTextChangeable":1}],"connectors":[{"id":"3ed12caf-c429-4196-b50e-0bb90109fd59","source":"966707e5-1220-49cd-a36b-a2f1714d766f","target":"f10e7445-bef6-460d-a53b-51be3f076a5d","agreement":true,"isActive":true,"date":1702309650839,"kind":"Connector","isSelected":false,"intensity":3,"isDeletable":false,"isOver":false,"isBidirectional":false,"eventLog":[{"time":1702309650839,"type":"create connection"}]},{"id":"47bb40bf-9328-4932-8271-8776fb627faa","source":"966707e5-1220-49cd-a36b-a2f1714d766f","target":"2b34e985-c8a8-47e0-803d-a0d9cee1e467","agreement":true,"isActive":true,"date":1702309650839,"kind":"Connector","isSelected":false,"intensity":3,"isDeletable":true,"isOver":false,"isBidirectional":false,"eventLog":[{"time":1702309650839,"type":"create connection"}]},{"id":"d7e484cf-2e48-4bbb-ba36-11f20994c87b","source":"2b34e985-c8a8-47e0-803d-a0d9cee1e467","target":"f82c9a2b-c5e1-4da0-a859-ae951075f581","agreement":true,"isActive":true,"date":1702309731332,"kind":"Connector","isSelected":false,"intensity":3,"isDeletable":true,"isOver":false,"isBidirectional":false,"eventLog":[{"time":1702309731332,"type":"create connection"}]},{"id":"763d50be-0761-4124-a0ec-7b93782c2f39","source":"8ab19747-2309-48cf-8113-5d254761dc02","target":"2b34e985-c8a8-47e0-803d-a0d9cee1e467","agreement":true,"isActive":true,"date":1702309732943,"kind":"Connector","isSelected":false,"intensity":3,"isDeletable":true,"isOver":false,"isBidirectional":false,"eventLog":[{"time":1702309732943,"type":"create connection"}]},{"id":"265fd887-c166-4c1e-a179-f0f747cc86d6","source":"3e79760f-22b1-43ef-b190-9a1dfc35137b","target":"2b34e985-c8a8-47e0-803d-a0d9cee1e467","agreement":true,"isActive":true,"date":1702309734447,"kind":"Connector","isSelected":false,"intensity":9,"isDeletable":true,"isOver":false,"isBidirectional":false,"eventLog":[{"time":1702309734447,"type":"create connection"},{"time":1702309737786,"type":"selected","value":1},{"time":1702309738207,"type":"change intensity of connector","value":3},{"time":1702309738207,"type":"selected","value":0},{"time":1702309739575,"type":"selected","value":1},{"time":1702309741675,"type":"change intensity of connector","value":9},{"time":1702309741675,"type":"selected","value":0}]},{"id":"fe83caa0-db94-4a46-94e6-a214e588779c","source":"4f68b9cf-08b7-49a5-95af-e8e989b81d47","target":"f10e7445-bef6-460d-a53b-51be3f076a5d","agreement":true,"isActive":true,"date":1702309806304,"kind":"Connector","isSelected":false,"intensity":9,"isDeletable":true,"isOver":false,"isBidirectional":false,"eventLog":[{"time":1702309806304,"type":"create connection"},{"time":1702309814329,"type":"selected","value":1},{"time":1702309817223,"type":"change intensity of connector","value":9},{"time":1702309817223,"type":"selected","value":0}]},{"id":"63858e27-b994-40f4-a942-8205b27d9960","source":"aaf2da36-a665-4c75-b405-687adcd65d6f","target":"f10e7445-bef6-460d-a53b-51be3f076a5d","agreement":true,"isActive":true,"date":1702309809619,"kind":"Connector","isSelected":false,"intensity":3,"isDeletable":true,"isOver":false,"isBidirectional":false,"eventLog":[{"time":1702309809619,"type":"create connection"}]},{"id":"ab17554d-dcf1-485a-a9cc-300a31e5b4a7","source":"5fbb109e-4f00-4338-8540-97b22238e299","target":"f10e7445-bef6-460d-a53b-51be3f076a5d","agreement":true,"isActive":true,"date":1702309811474,"kind":"Connector","isSelected":false,"intensity":3,"isDeletable":true,"isOver":false,"isBidirectional":false,"eventLog":[{"time":1702309811474,"type":"create connection"}]},{"id":"6081f124-27ce-4e17-99d3-5cafd7650dbb","source":"b2714468-00cc-47d0-bb76-12ef413c5835","target":"2b34e985-c8a8-47e0-803d-a0d9cee1e467","agreement":true,"isActive":true,"date":1702309880808,"kind":"Connector","isSelected":false,"intensity":9,"isDeletable":true,"isOver":false,"isBidirectional":false,"eventLog":[{"time":1702309880808,"type":"create connection"},{"time":1702309882013,"type":"selected","value":1},{"time":1702309883437,"type":"change intensity of connector","value":9},{"time":1702309883437,"type":"selected","value":0}]},{"id":"df140f16-2702-4c9a-8c66-22e76e9c1333","source":"2e51381f-b941-4b4e-97a4-56f522cbc350","target":"f10e7445-bef6-460d-a53b-51be3f076a5d","agreement":true,"isActive":true,"date":1702309886737,"kind":"Connector","isSelected":false,"intensity":3,"isDeletable":true,"isOver":false,"isBidirectional":false,"eventLog":[{"time":1702309886737,"type":"create connection"}]},{"id":"8d666425-baf5-4b5c-a07a-73965a451e26","source":"7c97e924-d0ed-4998-bd53-1d45f1fab903","target":"f10e7445-bef6-460d-a53b-51be3f076a5d","agreement":true,"isActive":true,"date":1702309934323,"kind":"Connector","isSelected":false,"intensity":3,"isDeletable":true,"isOver":false,"isBidirectional":false,"eventLog":[{"time":1702309934323,"type":"create connection"}]},{"id":"e3641cdf-8fe4-464c-ada9-2ca7c458fc48","source":"3970f23a-e3b9-4f4d-b2f6-295d3dd27992","target":"2b34e985-c8a8-47e0-803d-a0d9cee1e467","agreement":true,"isActive":true,"date":1702309960192,"kind":"Connector","isSelected":false,"intensity":3,"isDeletable":true,"isOver":false,"isBidirectional":false,"eventLog":[{"time":1702309960192,"type":"create connection"}]}],"currentID":{},"currentNode":{},"hasSelectedNode":[false],"currentConnector":{},"hasSelectedConnector":[false],"readyToMove":[false],"isIncoming":[false],"hasElementMoved":[false]}
