{"idCAM":["dc7f6055-bc76-40b4-8827-5fc0873d0af3"],"creator":["652680aaf06124cc46807a30_post"],"projectCAM":["S2_CAM part 2"],"defocusCAM":[],"date":[1702313134408],"nodes":[{"id":"b5bba789-934d-4c0b-8606-b94f4405b9ca","value":3,"text":"social assistance robot","comment":"","position":{"x":650,"y":400},"isActive":true,"date":1702313135308,"kind":"Node","isSelected":false,"isConnectorSelected":true,"isDraggable":0,"isDeletable":0,"hasElementMoved":false,"eventLog":[{"time":1702313135308,"type":"create node","value":2},{"time":1702313183896,"type":"selected","value":1},{"time":1702313187547,"type":"value","value":3},{"time":1702313187547,"type":"selected","value":0}],"isTextChangeable":0},{"id":"6fa8716c-0f2d-4adb-9ee0-d8535310a803","value":-3,"text":"disadvantages","comment":"","position":{"x":450,"y":400},"isActive":true,"date":1702313135308,"kind":"Node","isSelected":false,"isConnectorSelected":false,"isDraggable":0,"isDeletable":0,"hasElementMoved":false,"eventLog":[{"time":1702313135308,"type":"create node","value":-3}],"isTextChangeable":0},{"id":"cd887d8e-c83d-4344-a229-45c1325894ba","value":3,"text":"advantages","comment":"","position":{"x":850,"y":400},"isActive":true,"date":1702313135308,"kind":"Node","isSelected":false,"isConnectorSelected":false,"isDraggable":0,"isDeletable":0,"hasElementMoved":false,"eventLog":[{"time":1702313135308,"type":"create node","value":3}],"isTextChangeable":0},{"id":"48c8c8fc-5190-4db4-932f-0c669f66269b","value":2,"text":"scalability","comment":"","position":{"x":862.3486,"y":519.0642},"isActive":true,"date":1702313135308,"kind":"Node","isSelected":false,"isConnectorSelected":false,"isDraggable":1,"isDeletable":1,"hasElementMoved":false,"eventLog":[{"time":1702313135308,"type":"create node","value":2}],"isTextChangeable":1},{"id":"1e84f14e-26f0-4b1e-97bc-fb9a5277d9e1","value":-1,"text":"competition for people","comment":"","position":{"x":446.3486,"y":290.0642},"isActive":true,"date":1702313135308,"kind":"Node","isSelected":false,"isConnectorSelected":false,"isDraggable":1,"isDeletable":1,"hasElementMoved":false,"eventLog":[{"time":1702313135308,"type":"create node","value":-1}],"isTextChangeable":1},{"id":"ac6e3f29-34c3-4195-8caf-9c5b40132560","value":3,"text":"available 24/7","comment":"","position":{"x":864.3486,"y":282.0642},"isActive":true,"date":1702313135308,"kind":"Node","isSelected":false,"isConnectorSelected":false,"isDraggable":1,"isDeletable":1,"hasElementMoved":false,"eventLog":[{"time":1702313135308,"type":"create node","value":3}],"isTextChangeable":1},{"id":"5b8747b0-beae-44cc-bf4f-c90cce1b5b4d","value":3,"text":"patience","comment":"","position":{"x":875.3486,"y":164.0642},"isActive":true,"date":1702313135308,"kind":"Node","isSelected":false,"isConnectorSelected":false,"isDraggable":1,"isDeletable":1,"hasElementMoved":false,"eventLog":[{"time":1702313135308,"type":"create node","value":3}],"isTextChangeable":1},{"id":"c249900c-9c89-4820-aef4-a58ad77bcfba","value":3,"text":"not infectable","comment":"","position":{"x":857.3486,"y":81.0642},"isActive":true,"date":1702313135308,"kind":"Node","isSelected":false,"isConnectorSelected":false,"isDraggable":1,"isDeletable":1,"hasElementMoved":false,"eventLog":[{"time":1702313135308,"type":"create node","value":3}],"isTextChangeable":1},{"id":"82a792f8-de45-43be-ba08-fb79f149f1fa","value":2,"text":"multilingual","comment":"","position":{"x":823.3486,"y":598.0642},"isActive":true,"date":1702313135308,"kind":"Node","isSelected":false,"isConnectorSelected":false,"isDraggable":1,"isDeletable":1,"hasElementMoved":false,"eventLog":[{"time":1702313135308,"type":"create node","value":2}],"isTextChangeable":1},{"id":"e876fbf8-2b71-4647-b768-0495fb06e358","value":10,"text":"emotionless","comment":"","position":{"x":437.3486,"y":492.0642},"isActive":true,"date":1702313135308,"kind":"Node","isSelected":false,"isConnectorSelected":false,"isDraggable":1,"isDeletable":1,"hasElementMoved":false,"eventLog":[{"time":1702313135308,"type":"create node","value":10}],"isTextChangeable":1},{"id":"b5b64252-f6ad-4bab-9b7d-723ccc225be1","value":2,"text":"no disgust","comment":"","position":{"x":798.3486,"y":679.0642},"isActive":true,"date":1702313135308,"kind":"Node","isSelected":false,"isConnectorSelected":false,"isDraggable":1,"isDeletable":1,"hasElementMoved":false,"eventLog":[{"time":1702313135308,"type":"create node","value":2}],"isTextChangeable":1},{"id":"a934b4f0-c780-4317-924d-f9a5e16a0fe2","value":2,"text":"does not rate","comment":"","position":{"x":737.3486,"y":101.0642},"isActive":true,"date":1702313135308,"kind":"Node","isSelected":false,"isConnectorSelected":false,"isDraggable":1,"isDeletable":1,"hasElementMoved":false,"eventLog":[{"time":1702313135308,"type":"create node","value":2}],"isTextChangeable":1},{"id":"804508c6-663b-42dd-abb6-b0f6417e5f04","value":-1,"text":"acceptance by observers","comment":"If soft robots were to appear like toys, they could be taken less seriously as tools.","position":{"x":440.8703,"y":206.4836},"isActive":true,"date":1702313220259,"kind":"Node","isSelected":false,"isConnectorSelected":true,"isDraggable":1,"isDeletable":1,"hasElementMoved":false,"eventLog":[{"time":1702313220259,"type":"create node","value":"0"},{"time":1702313221939,"type":"selected","value":"TRUE"},{"time":1702313307080,"type":"text","value":"Akzeptanz bei Beobachtern"},{"time":1702313307080,"type":"comment","value":"Sollten softe Roboter wie Spielzeug erscheinen, könnte Sie als Hilfmittel weniger ernstgenommen werde.\n"},{"time":1702313307080,"type":"selected","value":"FALSE"},{"time":1702313309381,"type":"selected","value":"TRUE"},{"time":1702313316145,"type":"value","value":"-1"},{"time":1702313316145,"type":"selected","value":"FALSE"},{"time":1702313318072,"type":"selected","value":"TRUE"},{"time":1702313319829,"type":"selected","value":"FALSE"}],"isTextChangeable":1}],"connectors":[{"id":"67072778-a0c9-4e95-98ab-c09bf3aad9a7","source":"b5bba789-934d-4c0b-8606-b94f4405b9ca","target":"6fa8716c-0f2d-4adb-9ee0-d8535310a803","agreement":false,"isActive":true,"date":1702313135309,"kind":"Connector","isSelected":false,"intensity":3,"isDeletable":false,"isOver":false,"isBidirectional":false,"eventLog":[{"time":1702313135309,"type":"create connection"}]},{"id":"b9552cda-c22c-4847-97a6-f779fad300a9","source":"b5bba789-934d-4c0b-8606-b94f4405b9ca","target":"cd887d8e-c83d-4344-a229-45c1325894ba","agreement":true,"isActive":true,"date":1702313135309,"kind":"Connector","isSelected":false,"intensity":6,"isDeletable":true,"isOver":false,"isBidirectional":false,"eventLog":[{"time":1702313135309,"type":"create connection"}]},{"id":"a668a92f-7491-4d7a-a0ed-4d919b8bab46","source":"48c8c8fc-5190-4db4-932f-0c669f66269b","target":"b5bba789-934d-4c0b-8606-b94f4405b9ca","agreement":true,"isActive":true,"date":1702313135309,"kind":"Connector","isSelected":false,"intensity":3,"isDeletable":true,"isOver":false,"isBidirectional":false,"eventLog":[{"time":1702313135309,"type":"create connection"}]},{"id":"4785bb8a-60c5-4fbe-9003-8b01316ace7e","source":"1e84f14e-26f0-4b1e-97bc-fb9a5277d9e1","target":"b5bba789-934d-4c0b-8606-b94f4405b9ca","agreement":false,"isActive":true,"date":1702313135309,"kind":"Connector","isSelected":false,"intensity":3,"isDeletable":true,"isOver":false,"isBidirectional":false,"eventLog":[{"time":1702313135309,"type":"create connection"}]},{"id":"f4d3ef37-65ed-4e91-9ff0-e37bbd23a617","source":"ac6e3f29-34c3-4195-8caf-9c5b40132560","target":"b5bba789-934d-4c0b-8606-b94f4405b9ca","agreement":true,"isActive":true,"date":1702313135309,"kind":"Connector","isSelected":false,"intensity":9,"isDeletable":true,"isOver":false,"isBidirectional":false,"eventLog":[{"time":1702313135309,"type":"create connection"}]},{"id":"6e56cfc5-7756-49c8-b7c9-39388d998f2b","source":"5b8747b0-beae-44cc-bf4f-c90cce1b5b4d","target":"b5bba789-934d-4c0b-8606-b94f4405b9ca","agreement":true,"isActive":true,"date":1702313135310,"kind":"Connector","isSelected":false,"intensity":9,"isDeletable":true,"isOver":false,"isBidirectional":false,"eventLog":[{"time":1702313135310,"type":"create connection"}]},{"id":"2e5c9387-35ae-4b61-a27a-a0f9a241156b","source":"c249900c-9c89-4820-aef4-a58ad77bcfba","target":"b5bba789-934d-4c0b-8606-b94f4405b9ca","agreement":true,"isActive":true,"date":1702313135310,"kind":"Connector","isSelected":false,"intensity":6,"isDeletable":true,"isOver":false,"isBidirectional":false,"eventLog":[{"time":1702313135310,"type":"create connection"}]},{"id":"d1fb78d1-da6b-4d4c-b099-b28dcfab5c22","source":"82a792f8-de45-43be-ba08-fb79f149f1fa","target":"b5bba789-934d-4c0b-8606-b94f4405b9ca","agreement":true,"isActive":true,"date":1702313135310,"kind":"Connector","isSelected":false,"intensity":6,"isDeletable":true,"isOver":false,"isBidirectional":false,"eventLog":[{"time":1702313135310,"type":"create connection"}]},{"id":"f32e92a2-314a-4ecf-822d-5a351a794268","source":"e876fbf8-2b71-4647-b768-0495fb06e358","target":"b5bba789-934d-4c0b-8606-b94f4405b9ca","agreement":true,"isActive":true,"date":1702313135310,"kind":"Connector","isSelected":false,"intensity":3,"isDeletable":true,"isOver":false,"isBidirectional":false,"eventLog":[{"time":1702313135310,"type":"create connection"}]},{"id":"0b1d45cd-d521-456f-8476-3995147023c7","source":"b5b64252-f6ad-4bab-9b7d-723ccc225be1","target":"b5bba789-934d-4c0b-8606-b94f4405b9ca","agreement":true,"isActive":true,"date":1702313135310,"kind":"Connector","isSelected":false,"intensity":6,"isDeletable":true,"isOver":false,"isBidirectional":false,"eventLog":[{"time":1702313135310,"type":"create connection"}]},{"id":"a9fb4642-39b2-4209-bd4f-038cd40aa95b","source":"a934b4f0-c780-4317-924d-f9a5e16a0fe2","target":"b5bba789-934d-4c0b-8606-b94f4405b9ca","agreement":true,"isActive":true,"date":1702313135310,"kind":"Connector","isSelected":false,"intensity":6,"isDeletable":true,"isOver":false,"isBidirectional":false,"eventLog":[{"time":1702313135310,"type":"create connection"}]},{"id":"e5dd3967-216f-424f-bafa-219011a49aa0","source":"804508c6-663b-42dd-abb6-b0f6417e5f04","target":"b5bba789-934d-4c0b-8606-b94f4405b9ca","agreement":true,"isActive":true,"date":1702313321412,"kind":"Connector","isSelected":false,"intensity":3,"isDeletable":true,"isOver":false,"isBidirectional":false,"eventLog":[{"time":1702313321412,"type":"create connection"},{"time":1702313324193,"type":"selected","value":1},{"time":1702313326232,"type":"change intensity of connector","value":3},{"time":1702313326232,"type":"selected","value":0}]}],"currentID":["e5dd3967-216f-424f-bafa-219011a49aa0"],"currentNode":{},"hasSelectedNode":[false],"currentConnector":{"id":["e5dd3967-216f-424f-bafa-219011a49aa0"],"value":{},"source":["804508c6-663b-42dd-abb6-b0f6417e5f04"],"target":["b5bba789-934d-4c0b-8606-b94f4405b9ca"],"agreement":[true],"isActive":[true],"date":[1702313321412],"kind":["Connector"],"isSelected":[false],"intensity":[3],"isDeletable":[true],"isOver":[false],"isBidirectional":[false],"eventLog":[{"time":1702313321412,"type":"create connection"},{"time":1702313324193,"type":"selected","value":1},{"time":1702313326232,"type":"change intensity of connector","value":3},{"time":1702313326232,"type":"selected","value":0}]},"hasSelectedConnector":[true],"readyToMove":[false],"isIncoming":[false],"hasElementMoved":[false]}
