{"idCAM":["5353f2c7-ca4c-4f7d-9c9d-d11d44da5777"],"creator":["6526a2a40ce1608344c552bc_post"],"projectCAM":["S2_CAM part 2"],"defocusCAM":[],"date":[1702314381581],"nodes":[{"id":"3350ef24-66e6-486a-b548-c65b079bc531","value":0,"text":"rescue robot","comment":"","position":{"x":650,"y":400},"isActive":true,"date":1702314382508,"kind":"Node","isSelected":false,"isConnectorSelected":false,"isDraggable":0,"isDeletable":0,"hasElementMoved":false,"eventLog":[{"time":1702314382508,"type":"create node","value":0}],"isTextChangeable":0},{"id":"dc5f9191-6844-4960-84bb-f3e4a50603f9","value":-3,"text":"disadvantages","comment":"","position":{"x":450,"y":400},"isActive":true,"date":1702314382508,"kind":"Node","isSelected":false,"isConnectorSelected":false,"isDraggable":0,"isDeletable":0,"hasElementMoved":false,"eventLog":[{"time":1702314382508,"type":"create node","value":-3}],"isTextChangeable":0},{"id":"7bf85729-a483-4a55-b7fb-6bc41ce4a077","value":3,"text":"advantages","comment":"","position":{"x":850,"y":400},"isActive":true,"date":1702314382508,"kind":"Node","isSelected":false,"isConnectorSelected":false,"isDraggable":0,"isDeletable":0,"hasElementMoved":false,"eventLog":[{"time":1702314382508,"type":"create node","value":3}],"isTextChangeable":0},{"id":"351b3de1-c121-4ebc-9e76-0481036500e4","value":-3,"text":"war","comment":"","position":{"x":274,"y":381.3333},"isActive":true,"date":1702314382508,"kind":"Node","isSelected":false,"isConnectorSelected":false,"isDraggable":1,"isDeletable":1,"hasElementMoved":false,"eventLog":[{"time":1702314382508,"type":"create node","value":-3}],"isTextChangeable":1},{"id":"152d7619-d3b6-403c-bebf-edc6f68c6cf4","value":-3,"text":"weapon","comment":"","position":{"x":198,"y":266.3333},"isActive":true,"date":1702314382508,"kind":"Node","isSelected":false,"isConnectorSelected":false,"isDraggable":1,"isDeletable":1,"hasElementMoved":false,"eventLog":[{"time":1702314382508,"type":"create node","value":-3}],"isTextChangeable":1},{"id":"bf74fe6c-bb43-407a-9cb3-c583ea0ad683","value":-3,"text":"cyber attacks","comment":"","position":{"x":340,"y":268.3333},"isActive":true,"date":1702314382508,"kind":"Node","isSelected":false,"isConnectorSelected":false,"isDraggable":1,"isDeletable":1,"hasElementMoved":false,"eventLog":[{"time":1702314382508,"type":"create node","value":-3}],"isTextChangeable":1},{"id":"10c3b6c9-7245-4814-88f8-07cbf87e6982","value":3,"text":"rescue of injured","comment":"","position":{"x":912,"y":288.3333},"isActive":true,"date":1702314382508,"kind":"Node","isSelected":false,"isConnectorSelected":false,"isDraggable":1,"isDeletable":1,"hasElementMoved":false,"eventLog":[{"time":1702314382508,"type":"create node","value":3}],"isTextChangeable":1},{"id":"07769bc9-06d3-467f-a1bf-48fe53b12a73","value":3,"text":"perform operations","comment":"","position":{"x":818,"y":532.3333},"isActive":true,"date":1702314382508,"kind":"Node","isSelected":false,"isConnectorSelected":false,"isDraggable":1,"isDeletable":1,"hasElementMoved":false,"eventLog":[{"time":"1702314382508","type":"create node","value":[3]},{"time":"2023-12-11T17:07:24.392Z","type":"position","value":{"x":[771],"y":[269.3333]}},{"time":"2023-12-11T17:07:25.592Z","type":"position","value":{"x":[744],"y":[443.3333]}}],"isTextChangeable":1},{"id":"ba694817-a14a-4d1e-b9b7-a144c663e4eb","value":10,"text":"make decisions","comment":"","position":{"x":648,"y":547.3333},"isActive":true,"date":1702314382508,"kind":"Node","isSelected":false,"isConnectorSelected":false,"isDraggable":1,"isDeletable":1,"hasElementMoved":false,"eventLog":[{"time":1702314382508,"type":"create node","value":10}],"isTextChangeable":1},{"id":"8e46bdd6-8593-468c-a2b1-76f7e7314e00","value":2,"text":"penetrate dangerous situation","comment":"","position":{"x":997,"y":433.3333},"isActive":true,"date":1702314382508,"kind":"Node","isSelected":false,"isConnectorSelected":false,"isDraggable":1,"isDeletable":1,"hasElementMoved":false,"eventLog":[{"time":1702314382508,"type":"create node","value":2}],"isTextChangeable":1},{"id":"bf7972ec-22aa-4701-bdda-36e8a3aae422","value":0,"text":"precise","comment":"","position":{"x":479,"y":125.3333},"isActive":true,"date":1702314382509,"kind":"Node","isSelected":false,"isConnectorSelected":false,"isDraggable":1,"isDeletable":1,"hasElementMoved":false,"eventLog":[{"time":1702314382509,"type":"create node","value":0}],"isTextChangeable":1},{"id":"b752cfa5-7bbc-4f88-8009-67ace8a16676","value":0,"text":"life/death","comment":"","position":{"x":278,"y":531.3333},"isActive":true,"date":1702314382509,"kind":"Node","isSelected":false,"isConnectorSelected":false,"isDraggable":1,"isDeletable":1,"hasElementMoved":false,"eventLog":[{"time":1702314382509,"type":"create node","value":0}],"isTextChangeable":1},{"id":"8a3e5d61-836d-4437-b070-fb954e0d6493","value":2,"text":"draw/ show cards","comment":"","position":{"x":821,"y":156.3333},"isActive":true,"date":1702314382509,"kind":"Node","isSelected":false,"isConnectorSelected":false,"isDraggable":1,"isDeletable":1,"hasElementMoved":false,"eventLog":[{"time":"1702314382509","type":"create node","value":[2]},{"time":"2023-12-11T17:07:22.970Z","type":"position","value":{"x":[919],"y":[553.3333]}},{"time":"2023-12-11T17:07:23.059Z","type":"position","value":{"x":[905],"y":[401.3333]}},{"time":"2023-12-11T17:07:23.192Z","type":"position","value":{"x":[868],"y":[251.3333]}},{"time":"2023-12-11T17:07:27.102Z","type":"position","value":{"x":[841],"y":[157.3333]}}],"isTextChangeable":1},{"id":"89666d05-e424-4b62-bb2e-f6488a3ba506","value":2,"text":"find way","comment":"","position":{"x":679,"y":97.3333},"isActive":true,"date":1702314382509,"kind":"Node","isSelected":false,"isConnectorSelected":false,"isDraggable":1,"isDeletable":1,"hasElementMoved":false,"eventLog":[{"time":1702314382509,"type":"create node","value":2}],"isTextChangeable":1},{"id":"efbce3f3-7614-4e77-9f73-db6749ce0934","value":3,"text":"vital supply","comment":"","position":{"x":983,"y":145.3333},"isActive":true,"date":1702314382509,"kind":"Node","isSelected":false,"isConnectorSelected":false,"isDraggable":1,"isDeletable":1,"hasElementMoved":false,"eventLog":[{"time":"1702314382509","type":"create node","value":[0]},{"time":"2023-12-11T17:06:54.359Z","type":"position","value":{"x":[1125],"y":[378.3333]}},{"time":"2023-12-11T17:06:54.558Z","type":"position","value":{"x":[1035],"y":[228.3333]}},{"time":"1702314415142","type":"selected","value":[true]},{"time":"1702314425676","type":"text","value":["Lebenswichtige Versorgung"]},{"time":"1702314425676","type":"selected","value":[false]},{"time":"1702314437598","type":"selected","value":[true]},{"time":"1702314439373","type":"value","value":[3]},{"time":"1702314439373","type":"selected","value":[false]}],"isTextChangeable":1},{"id":"a33fcfd5-c980-4494-b471-a0c01dda9ab3","value":-1,"text":"suffer damage","comment":"","position":{"x":534,"y":473.3333},"isActive":true,"date":1702314453938,"kind":"Node","isSelected":false,"isConnectorSelected":false,"isDraggable":1,"isDeletable":1,"hasElementMoved":false,"eventLog":[{"time":"1702314453938","type":"create node","value":[0]},{"time":"1702314454033","type":"selected","value":[true]},{"time":"1702314461771","type":"text","value":["Schaden nehmen"]},{"time":"1702314461771","type":"value","value":[-1]},{"time":"1702314461771","type":"selected","value":[false]},{"time":"2023-12-11T17:07:43.509Z","type":"position","value":{"x":[368],"y":[597.3333]}},{"time":"2023-12-11T17:07:43.709Z","type":"position","value":{"x":[423],"y":[446.3333]}},{"time":"2023-12-11T17:07:43.926Z","type":"position","value":{"x":[440],"y":[296.3333]}},{"time":"2023-12-11T17:07:44.509Z","type":"position","value":{"x":[501],"y":[451.3333]}},{"time":"2023-12-11T17:07:44.543Z","type":"position","value":{"x":[519],"y":[491.3333]}},{"time":"2023-12-11T17:07:44.643Z","type":"position","value":{"x":[576],"y":[603.3333]}}],"isTextChangeable":1}],"connectors":[{"id":"0f81dc10-7708-4b12-a8a2-f14f7095ec03","source":"3350ef24-66e6-486a-b548-c65b079bc531","target":"dc5f9191-6844-4960-84bb-f3e4a50603f9","agreement":true,"isActive":true,"date":1702314382509,"kind":"Connector","isSelected":false,"intensity":3,"isDeletable":false,"isOver":false,"isBidirectional":false,"eventLog":[{"time":1702314382509,"type":"create connection"}]},{"id":"c8877ace-d6fe-4203-acf1-266d77b8566a","source":"3350ef24-66e6-486a-b548-c65b079bc531","target":"7bf85729-a483-4a55-b7fb-6bc41ce4a077","agreement":true,"isActive":true,"date":1702314382509,"kind":"Connector","isSelected":false,"intensity":3,"isDeletable":true,"isOver":false,"isBidirectional":false,"eventLog":[{"time":1702314382509,"type":"create connection"}]},{"id":"4caa29bc-c929-4139-bda2-83ae2728e100","source":"8e46bdd6-8593-468c-a2b1-76f7e7314e00","target":"7bf85729-a483-4a55-b7fb-6bc41ce4a077","agreement":true,"isActive":true,"date":1702314382509,"kind":"Connector","isSelected":false,"intensity":3,"isDeletable":true,"isOver":false,"isBidirectional":false,"eventLog":[{"time":1702314382509,"type":"create connection"}]},{"id":"b34d143d-e41b-4376-b8b8-8f87ece03913","source":"351b3de1-c121-4ebc-9e76-0481036500e4","target":"dc5f9191-6844-4960-84bb-f3e4a50603f9","agreement":true,"isActive":true,"date":1702314382509,"kind":"Connector","isSelected":false,"intensity":3,"isDeletable":true,"isOver":false,"isBidirectional":false,"eventLog":[{"time":1702314382509,"type":"create connection"}]},{"id":"732e0e0c-ec83-40b2-b24a-4254fb3e0104","source":"152d7619-d3b6-403c-bebf-edc6f68c6cf4","target":"351b3de1-c121-4ebc-9e76-0481036500e4","agreement":true,"isActive":true,"date":1702314382509,"kind":"Connector","isSelected":false,"intensity":3,"isDeletable":true,"isOver":false,"isBidirectional":false,"eventLog":[{"time":1702314382509,"type":"create connection"}]},{"id":"5b78958d-b4ff-449b-bbb7-8aaceaf7fa0e","source":"bf74fe6c-bb43-407a-9cb3-c583ea0ad683","target":"351b3de1-c121-4ebc-9e76-0481036500e4","agreement":true,"isActive":true,"date":1702314382509,"kind":"Connector","isSelected":false,"intensity":3,"isDeletable":true,"isOver":false,"isBidirectional":false,"eventLog":[{"time":1702314382509,"type":"create connection"}]},{"id":"58de78bc-075f-4017-b9a2-7bd8b3f6c748","source":"7bf85729-a483-4a55-b7fb-6bc41ce4a077","target":"10c3b6c9-7245-4814-88f8-07cbf87e6982","agreement":true,"isActive":true,"date":1702314382509,"kind":"Connector","isSelected":false,"intensity":3,"isDeletable":true,"isOver":false,"isBidirectional":false,"eventLog":[{"time":1702314382509,"type":"create connection"}]},{"id":"ab7f52dc-8d90-4702-b6a4-0c0cb6e2ab4e","source":"07769bc9-06d3-467f-a1bf-48fe53b12a73","target":"7bf85729-a483-4a55-b7fb-6bc41ce4a077","agreement":true,"isActive":true,"date":1702314382509,"kind":"Connector","isSelected":false,"intensity":3,"isDeletable":true,"isOver":false,"isBidirectional":false,"eventLog":[{"time":1702314382509,"type":"create connection"}]},{"id":"0f121cc5-68e9-4a6b-99ba-6a9f4e848bdf","source":"3350ef24-66e6-486a-b548-c65b079bc531","target":"bf7972ec-22aa-4701-bdda-36e8a3aae422","agreement":true,"isActive":true,"date":1702314382509,"kind":"Connector","isSelected":false,"intensity":3,"isDeletable":true,"isOver":false,"isBidirectional":false,"eventLog":[{"time":1702314382509,"type":"create connection"}]},{"id":"84475859-1123-4fa2-b6bf-409d4ae53e19","source":"351b3de1-c121-4ebc-9e76-0481036500e4","target":"bf7972ec-22aa-4701-bdda-36e8a3aae422","agreement":true,"isActive":true,"date":1702314382509,"kind":"Connector","isSelected":false,"intensity":3,"isDeletable":true,"isOver":false,"isBidirectional":false,"eventLog":[{"time":1702314382509,"type":"create connection"}]},{"id":"dd470f89-5574-4df4-888c-a65d133c58dc","source":"7bf85729-a483-4a55-b7fb-6bc41ce4a077","target":"bf7972ec-22aa-4701-bdda-36e8a3aae422","agreement":true,"isActive":true,"date":1702314382509,"kind":"Connector","isSelected":false,"intensity":3,"isDeletable":true,"isOver":false,"isBidirectional":false,"eventLog":[{"time":1702314382509,"type":"create connection"}]},{"id":"eac8919d-552a-4e60-86d0-96c663661740","source":"3350ef24-66e6-486a-b548-c65b079bc531","target":"ba694817-a14a-4d1e-b9b7-a144c663e4eb","agreement":true,"isActive":true,"date":1702314382510,"kind":"Connector","isSelected":false,"intensity":3,"isDeletable":true,"isOver":false,"isBidirectional":false,"eventLog":[{"time":1702314382510,"type":"create connection"}]},{"id":"9d8007ee-0519-4ae6-87f2-0e98c0a2b4d1","source":"ba694817-a14a-4d1e-b9b7-a144c663e4eb","target":"b752cfa5-7bbc-4f88-8009-67ace8a16676","agreement":true,"isActive":true,"date":1702314382510,"kind":"Connector","isSelected":false,"intensity":3,"isDeletable":true,"isOver":false,"isBidirectional":false,"eventLog":[{"time":1702314382510,"type":"create connection"}]},{"id":"9a56d050-5b64-458f-9dc1-a542526048a1","source":"8a3e5d61-836d-4437-b070-fb954e0d6493","target":"7bf85729-a483-4a55-b7fb-6bc41ce4a077","agreement":true,"isActive":true,"date":1702314382510,"kind":"Connector","isSelected":false,"intensity":3,"isDeletable":true,"isOver":false,"isBidirectional":false,"eventLog":[{"time":1702314382510,"type":"create connection"}]},{"id":"3b22cf3f-de37-43cb-9408-5a074ecede8d","source":"bf7972ec-22aa-4701-bdda-36e8a3aae422","target":"89666d05-e424-4b62-bb2e-f6488a3ba506","agreement":true,"isActive":true,"date":1702314382510,"kind":"Connector","isSelected":false,"intensity":3,"isDeletable":true,"isOver":false,"isBidirectional":false,"eventLog":[{"time":1702314382510,"type":"create connection"}]},{"id":"71bb1e0f-1cb1-45b5-a82b-5d965d284d00","source":"7bf85729-a483-4a55-b7fb-6bc41ce4a077","target":"89666d05-e424-4b62-bb2e-f6488a3ba506","agreement":true,"isActive":true,"date":1702314382510,"kind":"Connector","isSelected":false,"intensity":3,"isDeletable":true,"isOver":false,"isBidirectional":false,"eventLog":[{"time":1702314382510,"type":"create connection"}]},{"id":"5250aff2-3169-41ba-8f19-34218a240662","source":"10c3b6c9-7245-4814-88f8-07cbf87e6982","target":"efbce3f3-7614-4e77-9f73-db6749ce0934","agreement":true,"isActive":true,"date":1702314427311,"kind":"Connector","isSelected":false,"intensity":3,"isDeletable":true,"isOver":false,"isBidirectional":false,"eventLog":[{"time":1702314427311,"type":"create connection"}]},{"id":"3a3c20e8-a84c-4af8-ac5f-158d4cea8346","source":"89666d05-e424-4b62-bb2e-f6488a3ba506","target":"8a3e5d61-836d-4437-b070-fb954e0d6493","agreement":true,"isActive":true,"date":1702314448415,"kind":"Connector","isSelected":false,"intensity":3,"isDeletable":true,"isOver":false,"isBidirectional":false,"eventLog":[{"time":1702314448415,"type":"create connection"}]},{"id":"8724ba8b-9c9a-4f42-ab90-7203fe39e9bc","source":"dc5f9191-6844-4960-84bb-f3e4a50603f9","target":"a33fcfd5-c980-4494-b471-a0c01dda9ab3","agreement":true,"isActive":true,"date":1702314462900,"kind":"Connector","isSelected":false,"intensity":3,"isDeletable":true,"isOver":false,"isBidirectional":false,"eventLog":[{"time":1702314462900,"type":"create connection"}]},{"id":"b3c2652d-e67f-47fb-8802-fd4bc1eedbfb","source":"8e46bdd6-8593-468c-a2b1-76f7e7314e00","target":"a33fcfd5-c980-4494-b471-a0c01dda9ab3","agreement":true,"isActive":true,"date":1702314468677,"kind":"Connector","isSelected":false,"intensity":3,"isDeletable":true,"isOver":false,"isBidirectional":false,"eventLog":[{"time":1702314468677,"type":"create connection"}]}],"currentID":{},"currentNode":{},"hasSelectedNode":[false],"currentConnector":{},"hasSelectedConnector":[false],"readyToMove":[false],"isIncoming":[false],"hasElementMoved":[false]}
