{"idCAM":["d2ab0d7c-b316-4c79-8cbd-8de0f57fb9f9"],"creator":["6526b4db08c36959a00e69c4_pre"],"projectCAM":["S2_CAM part 1"],"defocusCAM":[],"date":[1702377368329],"nodes":[{"id":"aeb0c02f-b49b-4648-bbb2-8b3ccaa44bd7","value":0,"text":"rescue robot","comment":"","position":{"x":650,"y":400},"isActive":true,"date":1702377369173,"kind":"Node","isSelected":false,"isConnectorSelected":false,"isDraggable":0,"isDeletable":0,"hasElementMoved":false,"eventLog":[{"time":1702377369173,"type":"create node","value":0}],"isTextChangeable":0},{"id":"9d4a4817-57db-47e3-afe0-c38422a88161","value":0,"text":"disadvantages","comment":"","position":{"x":450,"y":400},"isActive":true,"date":1702377369173,"kind":"Node","isSelected":false,"isConnectorSelected":true,"isDraggable":0,"isDeletable":0,"hasElementMoved":false,"eventLog":[{"time":1702377369173,"type":"create node","value":0}],"isTextChangeable":0},{"id":"b4564dd3-09fa-4668-8bbc-9991536f81df","value":0,"text":"advantages","comment":"","position":{"x":850,"y":400},"isActive":true,"date":1702377369174,"kind":"Node","isSelected":false,"isConnectorSelected":false,"isDraggable":0,"isDeletable":0,"hasElementMoved":false,"eventLog":[{"time":1702377369174,"type":"create node","value":0}],"isTextChangeable":0},{"id":"d0ff5e81-6fe5-4583-9003-f899ad5733a2","value":3,"text":"access unreachable area","comment":"","position":{"x":839,"y":672},"isActive":true,"date":1702377430108,"kind":"Node","isSelected":false,"isConnectorSelected":false,"isDraggable":1,"isDeletable":1,"hasElementMoved":false,"eventLog":[{"time":"1702377430108","type":"create node","value":[0]},{"time":"2023-12-12T10:37:11.366Z","type":"position","value":{"x":[842],"y":[463]}},{"time":"1702377434281","type":"selected","value":[true]},{"time":"1702377492201","type":"text","value":["Zugang Unerreichbar Bereich"]},{"time":"1702377492201","type":"value","value":[3]},{"time":"1702377492201","type":"selected","value":[false]},{"time":"2023-12-12T10:38:22.008Z","type":"position","value":{"x":[867],"y":[461]}},{"time":"2023-12-12T10:38:22.510Z","type":"position","value":{"x":[844],"y":[618]}},{"time":"1702377617991","type":"selected","value":[true]},{"time":"1702377622022","type":"selected","value":[false]}],"isTextChangeable":1},{"id":"30696c6c-b694-4873-99d8-eee1db892b12","value":3,"text":"reliable performance","comment":"","position":{"x":1092,"y":526},"isActive":true,"date":1702377505031,"kind":"Node","isSelected":false,"isConnectorSelected":false,"isDraggable":1,"isDeletable":1,"hasElementMoved":false,"eventLog":[{"time":"1702377505031","type":"create node","value":[0]},{"time":"2023-12-12T10:38:25.901Z","type":"position","value":{"x":[1105],"y":[414]}},{"time":"1702377517497","type":"selected","value":[true]},{"time":"1702377549659","type":"text","value":["Zuverlaessige Leistung"]},{"time":"1702377549659","type":"value","value":[3]},{"time":"1702377549659","type":"selected","value":[false]},{"time":"2023-12-12T10:39:10.913Z","type":"position","value":{"x":[1121],"y":[379]}}],"isTextChangeable":1},{"id":"bfd83805-b576-49b2-990d-2775b501c785","value":3,"text":"autonomous rescue capabilities","comment":"","position":{"x":1037,"y":289},"isActive":true,"date":1702377561859,"kind":"Node","isSelected":false,"isConnectorSelected":false,"isDraggable":1,"isDeletable":1,"hasElementMoved":false,"eventLog":[{"time":1702377561859,"type":"create node","value":"0"},{"time":1702377575532,"type":"selected","value":"TRUE"},{"time":1702377595718,"type":"text","value":"Autonome Rettungsfaehigkeiten"},{"time":1702377595718,"type":"value","value":"3"},{"time":1702377595718,"type":"selected","value":"FALSE"}],"isTextChangeable":1},{"id":"43a0b6a4-54a4-45fe-816c-576fe0f545da","value":3,"text":"access dangerous area","comment":"","position":{"x":974,"y":622},"isActive":true,"date":1702377616553,"kind":"Node","isSelected":false,"isConnectorSelected":false,"isDraggable":1,"isDeletable":1,"hasElementMoved":false,"eventLog":[{"time":1702377616553,"type":"create node","value":"0"},{"time":1702377622626,"type":"selected","value":"TRUE"},{"time":1702377638344,"type":"text","value":"Zugang Gefahrlich Bereich"},{"time":1702377638344,"type":"value","value":"3"},{"time":1702377638344,"type":"selected","value":"FALSE"}],"isTextChangeable":1},{"id":"cb2443de-f18a-4c38-936d-42a5dec98bb8","value":3,"text":"safety","comment":"","position":{"x":918,"y":191},"isActive":true,"date":1702377657527,"kind":"Node","isSelected":false,"isConnectorSelected":false,"isDraggable":1,"isDeletable":1,"hasElementMoved":false,"eventLog":[{"time":1702377657527,"type":"create node","value":"0"},{"time":1702377659286,"type":"selected","value":"TRUE"},{"time":1702377659704,"type":"selected","value":"FALSE"},{"time":1702377661154,"type":"selected","value":"TRUE"},{"time":1702377671905,"type":"text","value":"Sicherheit"},{"time":1702377671905,"type":"value","value":"2"},{"time":1702377671905,"type":"selected","value":"FALSE"},{"time":1702377685615,"type":"selected","value":"TRUE"},{"time":1702377689542,"type":"value","value":"3"},{"time":1702377689542,"type":"selected","value":"FALSE"}],"isTextChangeable":1},{"id":"25a045e8-689f-41c6-a67a-04baa7075e50","value":10,"text":"discriminatory results","comment":"","position":{"x":449,"y":179},"isActive":true,"date":1702377695381,"kind":"Node","isSelected":false,"isConnectorSelected":false,"isDraggable":1,"isDeletable":1,"hasElementMoved":false,"eventLog":[{"time":1702377695381,"type":"create node","value":"0"},{"time":1702377696213,"type":"selected","value":"TRUE"},{"time":1702377747457,"type":"text","value":"Diskriminierenden Ergebnissen"},{"time":1702377747457,"type":"value","value":"10"},{"time":1702377747457,"type":"selected","value":"FALSE"}],"isTextChangeable":1},{"id":"dd016812-6950-4632-ac29-2911904906e9","value":-2,"text":"unfair results","comment":"","position":{"x":185,"y":221},"isActive":true,"date":1702377757768,"kind":"Node","isSelected":false,"isConnectorSelected":false,"isDraggable":1,"isDeletable":1,"hasElementMoved":false,"eventLog":[{"time":1702377757768,"type":"create node","value":"0"},{"time":1702377757864,"type":"selected","value":"TRUE"},{"time":1702377774851,"type":"text","value":"Ungerechten Ergebnisse"},{"time":1702377774851,"type":"value","value":"-2"},{"time":1702377774851,"type":"selected","value":"FALSE"}],"isTextChangeable":1},{"id":"7a9d93a0-d91c-46aa-8700-5cd172febc61","value":-3,"text":"be abused","comment":"","position":{"x":180,"y":393},"isActive":true,"date":1702377813278,"kind":"Node","isSelected":false,"isConnectorSelected":true,"isDraggable":1,"isDeletable":1,"hasElementMoved":false,"eventLog":[{"time":1702377813278,"type":"create node","value":"0"},{"time":1702377815375,"type":"selected","value":"TRUE"},{"time":1702377815792,"type":"selected","value":"FALSE"},{"time":1702377817437,"type":"selected","value":"TRUE"},{"time":1702377852507,"type":"text","value":"Missbraucht werden"},{"time":1702377852507,"type":"selected","value":"FALSE"},{"time":1702377856758,"type":"selected","value":"TRUE"},{"time":1702377861836,"type":"value","value":"-3"},{"time":1702377861836,"type":"selected","value":"FALSE"}],"isTextChangeable":1}],"connectors":[{"id":"10dff1b9-0ff5-430c-b173-36002852991c","source":"aeb0c02f-b49b-4648-bbb2-8b3ccaa44bd7","target":"9d4a4817-57db-47e3-afe0-c38422a88161","agreement":true,"isActive":true,"date":1702377369174,"kind":"Connector","isSelected":false,"intensity":3,"isDeletable":false,"isOver":false,"isBidirectional":false,"eventLog":[{"time":1702377369174,"type":"create connection"}]},{"id":"15ce7e89-209b-45fd-ad53-e38a99a4bbb9","source":"aeb0c02f-b49b-4648-bbb2-8b3ccaa44bd7","target":"b4564dd3-09fa-4668-8bbc-9991536f81df","agreement":true,"isActive":true,"date":1702377369175,"kind":"Connector","isSelected":false,"intensity":3,"isDeletable":true,"isOver":false,"isBidirectional":false,"eventLog":[{"time":1702377369175,"type":"create connection"}]},{"id":"1a386c71-013e-4c46-bd41-04c3530c0424","source":"b4564dd3-09fa-4668-8bbc-9991536f81df","target":"d0ff5e81-6fe5-4583-9003-f899ad5733a2","agreement":true,"isActive":true,"date":1702377494865,"kind":"Connector","isSelected":false,"intensity":9,"isDeletable":true,"isOver":false,"isBidirectional":false,"eventLog":[{"time":1702377494865,"type":"create connection"},{"time":1702377496621,"type":"selected","value":1},{"time":1702377500869,"type":"change intensity of connector","value":9},{"time":1702377500869,"type":"selected","value":0}]},{"id":"5eb3f9dc-e95b-4d13-8f5d-0c1c91e5505d","source":"b4564dd3-09fa-4668-8bbc-9991536f81df","target":"30696c6c-b694-4873-99d8-eee1db892b12","agreement":true,"isActive":true,"date":1702377553985,"kind":"Connector","isSelected":false,"intensity":9,"isDeletable":true,"isOver":false,"isBidirectional":false,"eventLog":[{"time":1702377553985,"type":"create connection"},{"time":1702377555820,"type":"selected","value":1},{"time":1702377556227,"type":"change intensity of connector","value":3},{"time":1702377556227,"type":"selected","value":0},{"time":1702377557596,"type":"selected","value":1},{"time":1702377560830,"type":"change intensity of connector","value":9},{"time":1702377560830,"type":"selected","value":0}]},{"id":"2f24eee2-8fa2-480c-aa5e-ddac2a797142","source":"b4564dd3-09fa-4668-8bbc-9991536f81df","target":"bfd83805-b576-49b2-990d-2775b501c785","agreement":true,"isActive":true,"date":1702377597838,"kind":"Connector","isSelected":false,"intensity":9,"isDeletable":true,"isOver":false,"isBidirectional":false,"eventLog":[{"time":1702377597838,"type":"create connection"},{"time":1702377599286,"type":"selected","value":1},{"time":1702377601793,"type":"change intensity of connector","value":9},{"time":1702377601793,"type":"selected","value":0}]},{"id":"130b26d8-6ca8-446a-982e-d5a48a759f9a","source":"43a0b6a4-54a4-45fe-816c-576fe0f545da","target":"b4564dd3-09fa-4668-8bbc-9991536f81df","agreement":true,"isActive":true,"date":1702377640660,"kind":"Connector","isSelected":false,"intensity":9,"isDeletable":true,"isOver":false,"isBidirectional":false,"eventLog":[{"time":1702377640660,"type":"create connection"},{"time":1702377642280,"type":"selected","value":1},{"time":1702377644718,"type":"change intensity of connector","value":9},{"time":1702377644718,"type":"selected","value":0}]},{"id":"b2e2a3eb-70a8-4583-8929-8bbd173cab75","source":"cb2443de-f18a-4c38-936d-42a5dec98bb8","target":"b4564dd3-09fa-4668-8bbc-9991536f81df","agreement":true,"isActive":true,"date":1702377673014,"kind":"Connector","isSelected":false,"intensity":6,"isDeletable":true,"isOver":false,"isBidirectional":false,"eventLog":[{"time":1702377673014,"type":"create connection"},{"time":1702377673926,"type":"selected","value":1},{"time":1702377679395,"type":"change intensity of connector","value":6},{"time":1702377679395,"type":"selected","value":0}]},{"id":"e013bc86-d479-4047-8157-da08cc4bc2cb","source":"25a045e8-689f-41c6-a67a-04baa7075e50","target":"9d4a4817-57db-47e3-afe0-c38422a88161","agreement":true,"isActive":true,"date":1702377748970,"kind":"Connector","isSelected":false,"intensity":3,"isDeletable":true,"isOver":false,"isBidirectional":false,"eventLog":[{"time":1702377748970,"type":"create connection"}]},{"id":"34dde3dd-0249-4b73-8cd9-0c8ad6c673c0","source":"dd016812-6950-4632-ac29-2911904906e9","target":"9d4a4817-57db-47e3-afe0-c38422a88161","agreement":true,"isActive":true,"date":1702377777268,"kind":"Connector","isSelected":false,"intensity":6,"isDeletable":true,"isOver":false,"isBidirectional":false,"eventLog":[{"time":1702377777269,"type":"create connection"},{"time":1702377783865,"type":"selected","value":1},{"time":1702377786518,"type":"change intensity of connector","value":6},{"time":1702377786518,"type":"selected","value":0}]},{"id":"0bd68d64-334e-4c79-8b9a-d456890ec587","source":"dd016812-6950-4632-ac29-2911904906e9","target":"25a045e8-689f-41c6-a67a-04baa7075e50","agreement":true,"isActive":true,"date":1702377779137,"kind":"Connector","isSelected":false,"intensity":9,"isDeletable":true,"isOver":false,"isBidirectional":false,"eventLog":[{"time":1702377779137,"type":"create connection"},{"time":1702377780662,"type":"selected","value":1},{"time":1702377782941,"type":"change intensity of connector","value":9},{"time":1702377782941,"type":"selected","value":0}]},{"id":"81a885ce-a430-424d-a836-63d4a7cc5c50","source":"7a9d93a0-d91c-46aa-8700-5cd172febc61","target":"9d4a4817-57db-47e3-afe0-c38422a88161","agreement":true,"isActive":true,"date":1702377855180,"kind":"Connector","isSelected":false,"intensity":9,"isDeletable":true,"isOver":false,"isBidirectional":false,"eventLog":[{"time":1702377855180,"type":"create connection"},{"time":1702377863221,"type":"selected","value":1},{"time":1702377868175,"type":"change intensity of connector","value":9},{"time":1702377868175,"type":"selected","value":0}]}],"currentID":["81a885ce-a430-424d-a836-63d4a7cc5c50"],"currentNode":{},"hasSelectedNode":[false],"currentConnector":{"id":["81a885ce-a430-424d-a836-63d4a7cc5c50"],"value":{},"source":["7a9d93a0-d91c-46aa-8700-5cd172febc61"],"target":["9d4a4817-57db-47e3-afe0-c38422a88161"],"agreement":[true],"isActive":[true],"date":[1702377855180],"kind":["Connector"],"isSelected":[false],"intensity":[9],"isDeletable":[true],"isOver":[false],"isBidirectional":[false],"eventLog":[{"time":1702377855180,"type":"create connection"},{"time":1702377863221,"type":"selected","value":1},{"time":1702377868175,"type":"change intensity of connector","value":9},{"time":1702377868175,"type":"selected","value":0}]},"hasSelectedConnector":[true],"readyToMove":[false],"isIncoming":[false],"hasElementMoved":[false]}
