{"idCAM":["686eb427-5afa-40f8-a326-bf7f888c817c"],"creator":["65270eab7c3eeb6fda130ee8_pre"],"projectCAM":["S2_CAM part 1"],"defocusCAM":[],"date":[1702290138262],"nodes":[{"id":"5f5daf59-624a-431e-af72-ebc9d27c2656","value":0,"text":"rescue robot","comment":"","position":{"x":650,"y":400},"isActive":true,"date":1702290139160,"kind":"Node","isSelected":false,"isConnectorSelected":false,"isDraggable":0,"isDeletable":0,"hasElementMoved":false,"eventLog":[{"time":1702290139160,"type":"create node","value":0}],"isTextChangeable":0},{"id":"6d215703-ba8d-4c80-a4c5-15923de4ab49","value":0,"text":"disadvantages","comment":"","position":{"x":450,"y":400},"isActive":true,"date":1702290139161,"kind":"Node","isSelected":false,"isConnectorSelected":false,"isDraggable":0,"isDeletable":0,"hasElementMoved":false,"eventLog":[{"time":1702290139161,"type":"create node","value":0}],"isTextChangeable":0},{"id":"5d31424e-1cb6-4b63-9b4c-d84d191631ac","value":0,"text":"advantages","comment":"","position":{"x":850,"y":400},"isActive":true,"date":1702290139161,"kind":"Node","isSelected":false,"isConnectorSelected":false,"isDraggable":0,"isDeletable":0,"hasElementMoved":false,"eventLog":[{"time":1702290139161,"type":"create node","value":0}],"isTextChangeable":0},{"id":"a1510cb4-45a7-48df-8b58-0e70547a8d40","value":2,"text":"safety","comment":"Prevents people from having to work under difficult or dangerous conditions to increase safety.","position":{"x":967,"y":293},"isActive":true,"date":1702290417298,"kind":"Node","isSelected":false,"isConnectorSelected":false,"isDraggable":1,"isDeletable":1,"hasElementMoved":false,"eventLog":[{"time":1702290417298,"type":"create node","value":"0"},{"time":1702290418346,"type":"selected","value":"TRUE"},{"time":1702290593189,"type":"text","value":"Sicherheit"},{"time":1702290593189,"type":"value","value":"2"},{"time":1702290593189,"type":"comment","value":"Verhindert, dass MEnsche unter schwierigen oder gefãhrlichen Bedingungen arbeiten müssen, um die Sicherheit zu erhöhen."},{"time":1702290593189,"type":"selected","value":"FALSE"}],"isTextChangeable":1},{"id":"3dcb48ed-8a2b-4fa6-a5f3-7e3cdb1602a2","value":1,"text":"remote control","comment":"Can be operated by experts via remote control or autonomously controlled systems to carry out operations from a safe distance.","position":{"x":1159,"y":329},"isActive":true,"date":1702290613942,"kind":"Node","isSelected":false,"isConnectorSelected":false,"isDraggable":1,"isDeletable":1,"hasElementMoved":false,"eventLog":[{"time":"1702290613942","type":"create node","value":[0]},{"time":"1702290614895","type":"selected","value":[true]},{"time":"1702290671012","type":"text","value":["Fernsteuerung"]},{"time":"1702290671012","type":"value","value":[1]},{"time":"1702290671012","type":"comment","value":["Kann von Experten über Fernsteuerung oder autonom gesteuerte Systeme bedient werden, um Operationen asus sicherer Entfernung durchzuführen."]},{"time":"1702290671012","type":"selected","value":[false]},{"time":"2023-12-11T10:31:20.568Z","type":"position","value":{"x":[1045],"y":[409]}}],"isTextChangeable":1},{"id":"900d4296-1567-49cc-8c30-3dfee6fdde83","value":1,"text":"speed and efficiency","comment":"Robots can often act faster than humans and increase the speed of emergency interventions.","position":{"x":1088,"y":468},"isActive":true,"date":1702290684677,"kind":"Node","isSelected":false,"isConnectorSelected":false,"isDraggable":1,"isDeletable":1,"hasElementMoved":false,"eventLog":[{"time":1702290684677,"type":"create node","value":"0"},{"time":1702290686947,"type":"selected","value":"TRUE"},{"time":1702290735178,"type":"text","value":"Geschwindigkeit und Effizienz"},{"time":1702290735178,"type":"value","value":"1"},{"time":1702290735178,"type":"comment","value":"Roboter können oft schneller agieren als Menschen und die geschwindigkeit von Notfallinterventionen erhöhen"},{"time":1702290735178,"type":"selected","value":"FALSE"}],"isTextChangeable":1},{"id":"2e81d445-ee7e-40e5-be49-2ac9e4605914","value":0,"text":"resilience","comment":"Can withstand adverse conditions, which makes it more effective in disaster areas","position":{"x":1058,"y":581},"isActive":true,"date":1702290736628,"kind":"Node","isSelected":false,"isConnectorSelected":false,"isDraggable":1,"isDeletable":1,"hasElementMoved":false,"eventLog":[{"time":1702290736628,"type":"create node","value":"0"},{"time":1702290740767,"type":"selected","value":"TRUE"},{"time":1702290790027,"type":"text","value":"Widerstandsfähigkeit"},{"time":1702290790027,"type":"comment","value":"Kann widrigen Bedingungen standhalten, was sie in Katastrophengebietn effektiver macht"},{"time":1702290790027,"type":"selected","value":"FALSE"},{"time":1702290798479,"type":"selected","value":"TRUE"},{"time":1702290806523,"type":"selected","value":"FALSE"},{"time":1702290810349,"type":"selected","value":"TRUE"},{"time":1702290813409,"type":"selected","value":"FALSE"}],"isTextChangeable":1},{"id":"8c16ad23-3e6c-44a2-8481-67d08c79943a","value":0,"text":"costs","comment":"These types of technology can be expensive","position":{"x":388,"y":544},"isActive":true,"date":1702290737148,"kind":"Node","isSelected":false,"isConnectorSelected":false,"isDraggable":1,"isDeletable":1,"hasElementMoved":false,"eventLog":[{"time":"1702290737148","type":"create node","value":[0]},{"time":"2023-12-11T10:32:19.282Z","type":"position","value":{"x":[888],"y":[584]}},{"time":"2023-12-11T10:32:19.416Z","type":"position","value":{"x":[734],"y":[566]}},{"time":"2023-12-11T10:32:19.499Z","type":"position","value":{"x":[576],"y":[539]}},{"time":"2023-12-11T10:32:19.918Z","type":"position","value":{"x":[424],"y":[552]}},{"time":"1702290819897","type":"selected","value":[true]},{"time":"1702290855191","type":"text","value":["Kosten"]},{"time":"1702290855191","type":"comment","value":["Diese Arten von Technologie können teuer sein"]},{"time":"1702290855191","type":"selected","value":[false]}],"isTextChangeable":1},{"id":"b27d8be6-cb5a-4e0e-9feb-b93bf9f0e30c","value":1,"text":"technology dependence","comment":"","position":{"x":257,"y":399},"isActive":true,"date":1702290857836,"kind":"Node","isSelected":false,"isConnectorSelected":false,"isDraggable":1,"isDeletable":1,"hasElementMoved":false,"eventLog":[{"time":1702290857836,"type":"create node","value":"0"},{"time":1702290861138,"type":"selected","value":"TRUE"},{"time":1702290875242,"type":"text","value":"Technologieabhängigkeit"},{"time":1702290875242,"type":"value","value":"1"},{"time":1702290875242,"type":"selected","value":"FALSE"}],"isTextChangeable":1},{"id":"47795a0b-20d7-4e7b-9ec9-8a6fca3f97c6","value":0,"text":"complexity","comment":"In some cases, managing complex operations may require expertise and training.","position":{"x":302,"y":271},"isActive":true,"date":1702290876375,"kind":"Node","isSelected":false,"isConnectorSelected":false,"isDraggable":1,"isDeletable":1,"hasElementMoved":false,"eventLog":[{"time":1702290876375,"type":"create node","value":"0"},{"time":1702290878383,"type":"selected","value":"TRUE"},{"time":1702290886911,"type":"text","value":"Komplexität"},{"time":1702290886911,"type":"selected","value":"FALSE"},{"time":1702290914842,"type":"selected","value":"TRUE"},{"time":1702290947944,"type":"comment","value":"In einigen Fällen kann die Bewältigung komplexer Operationen Fachkenntnisse und Schulung erfordern."},{"time":1702290947944,"type":"selected","value":"FALSE"}],"isTextChangeable":1},{"id":"3f494061-e4c7-410f-9863-b0b37df540ae","value":0,"text":"human touch","comment":"","position":{"x":441,"y":171},"isActive":true,"date":1702290888063,"kind":"Node","isSelected":false,"isConnectorSelected":false,"isDraggable":1,"isDeletable":1,"hasElementMoved":false,"eventLog":[{"time":"1702290888063","type":"create node","value":[0]},{"time":"1702290890995","type":"selected","value":[true]},{"time":"1702290904052","type":"text","value":["Menschliche Berührung"]},{"time":"1702290904052","type":"selected","value":[false]},{"time":"2023-12-11T10:35:04.500Z","type":"position","value":{"x":[384],"y":[219]}}],"isTextChangeable":1}],"connectors":[{"id":"19eb9137-c532-4f60-80cc-02f275e1a036","source":"5f5daf59-624a-431e-af72-ebc9d27c2656","target":"6d215703-ba8d-4c80-a4c5-15923de4ab49","agreement":true,"isActive":true,"date":1702290139161,"kind":"Connector","isSelected":false,"intensity":3,"isDeletable":false,"isOver":false,"isBidirectional":false,"eventLog":[{"time":1702290139161,"type":"create connection"}]},{"id":"72c67e79-5137-4cf3-b738-418b6078c613","source":"5f5daf59-624a-431e-af72-ebc9d27c2656","target":"5d31424e-1cb6-4b63-9b4c-d84d191631ac","agreement":true,"isActive":true,"date":1702290139161,"kind":"Connector","isSelected":false,"intensity":3,"isDeletable":true,"isOver":false,"isBidirectional":false,"eventLog":[{"time":1702290139161,"type":"create connection"}]},{"id":"cdddf223-4d03-40c9-93ac-022968a47b2c","source":"5d31424e-1cb6-4b63-9b4c-d84d191631ac","target":"a1510cb4-45a7-48df-8b58-0e70547a8d40","agreement":true,"isActive":true,"date":1702290594538,"kind":"Connector","isSelected":false,"intensity":6,"isDeletable":true,"isOver":false,"isBidirectional":false,"eventLog":[{"time":1702290594538,"type":"create connection"},{"time":1702290595601,"type":"selected","value":1},{"time":1702290600856,"type":"change intensity of connector","value":6},{"time":1702290600856,"type":"selected","value":0}]},{"id":"d41ffea6-3b42-4e77-aa2c-d620ab3c3711","source":"5d31424e-1cb6-4b63-9b4c-d84d191631ac","target":"3dcb48ed-8a2b-4fa6-a5f3-7e3cdb1602a2","agreement":true,"isActive":true,"date":1702290672236,"kind":"Connector","isSelected":false,"intensity":6,"isDeletable":true,"isOver":false,"isBidirectional":false,"eventLog":[{"time":1702290672236,"type":"create connection"},{"time":1702290675775,"type":"selected","value":1},{"time":1702290677903,"type":"change intensity of connector","value":6},{"time":1702290677903,"type":"selected","value":0}]},{"id":"8d1c6554-f837-4a50-8dbd-bdc5f4141535","source":"5d31424e-1cb6-4b63-9b4c-d84d191631ac","target":"900d4296-1567-49cc-8c30-3dfee6fdde83","agreement":true,"isActive":true,"date":1702290736128,"kind":"Connector","isSelected":false,"intensity":3,"isDeletable":true,"isOver":false,"isBidirectional":false,"eventLog":[{"time":1702290736128,"type":"create connection"}]},{"id":"9e7812db-ba41-4a69-85aa-cb6c526e06ce","source":"2e81d445-ee7e-40e5-be49-2ac9e4605914","target":"5d31424e-1cb6-4b63-9b4c-d84d191631ac","agreement":true,"isActive":true,"date":1702290792501,"kind":"Connector","isSelected":false,"intensity":3,"isDeletable":true,"isOver":false,"isBidirectional":false,"eventLog":[{"time":1702290792501,"type":"create connection"}]},{"id":"e5e066c9-46d4-4d3e-8e61-a1ef13f5d5bc","source":"8c16ad23-3e6c-44a2-8481-67d08c79943a","target":"6d215703-ba8d-4c80-a4c5-15923de4ab49","agreement":true,"isActive":true,"date":1702290856313,"kind":"Connector","isSelected":false,"intensity":3,"isDeletable":true,"isOver":false,"isBidirectional":false,"eventLog":[{"time":1702290856313,"type":"create connection"}]},{"id":"df3cb1ba-e811-4775-b2ab-19b72d8a0380","source":"b27d8be6-cb5a-4e0e-9feb-b93bf9f0e30c","target":"6d215703-ba8d-4c80-a4c5-15923de4ab49","agreement":true,"isActive":true,"date":1702290875975,"kind":"Connector","isSelected":false,"intensity":3,"isDeletable":true,"isOver":false,"isBidirectional":false,"eventLog":[{"time":1702290875975,"type":"create connection"}]},{"id":"96dd7d0c-4d3e-4b46-b6c0-7f56921b2d5e","source":"47795a0b-20d7-4e7b-9ec9-8a6fca3f97c6","target":"6d215703-ba8d-4c80-a4c5-15923de4ab49","agreement":true,"isActive":true,"date":1702290887591,"kind":"Connector","isSelected":false,"intensity":3,"isDeletable":true,"isOver":false,"isBidirectional":false,"eventLog":[{"time":1702290887591,"type":"create connection"}]},{"id":"06fa0589-622a-4435-b724-1eb1b2ce3ed3","source":"3f494061-e4c7-410f-9863-b0b37df540ae","target":"6d215703-ba8d-4c80-a4c5-15923de4ab49","agreement":true,"isActive":true,"date":1702290906090,"kind":"Connector","isSelected":false,"intensity":3,"isDeletable":true,"isOver":false,"isBidirectional":false,"eventLog":[{"time":1702290906090,"type":"create connection"}]}],"currentID":{},"currentNode":{},"hasSelectedNode":[false],"currentConnector":{},"hasSelectedConnector":[false],"readyToMove":[false],"isIncoming":[false],"hasElementMoved":[false]}
