{"idCAM":["f7c0ffb8-8e24-4f0e-91e6-bab4aacc25a5"],"creator":["65270eab7c3eeb6fda130ee8_post"],"projectCAM":["S2_CAM part 2"],"defocusCAM":[959],"date":[1702293629967],"nodes":[{"id":"dff517f8-6093-468d-a612-457330d57645","value":0,"text":"rescue robot","comment":"","position":{"x":650,"y":400},"isActive":true,"date":1702293630865,"kind":"Node","isSelected":false,"isConnectorSelected":false,"isDraggable":0,"isDeletable":0,"hasElementMoved":false,"eventLog":[{"time":1702293630865,"type":"create node","value":0}],"isTextChangeable":0},{"id":"2e4086c6-7131-4638-ad54-d54ad086bee5","value":0,"text":"disadvantages","comment":"","position":{"x":450,"y":400},"isActive":true,"date":1702293630866,"kind":"Node","isSelected":false,"isConnectorSelected":false,"isDraggable":0,"isDeletable":0,"hasElementMoved":false,"eventLog":[{"time":1702293630866,"type":"create node","value":0}],"isTextChangeable":0},{"id":"c1ab32de-ddb3-47ee-ba65-8ee33ccf4df7","value":0,"text":"advantages","comment":"","position":{"x":850,"y":400},"isActive":true,"date":1702293630866,"kind":"Node","isSelected":false,"isConnectorSelected":false,"isDraggable":0,"isDeletable":0,"hasElementMoved":false,"eventLog":[{"time":1702293630866,"type":"create node","value":0}],"isTextChangeable":0},{"id":"65d03c68-5608-46e1-97b7-395d0f871c39","value":2,"text":"safety","comment":"","position":{"x":977,"y":118},"isActive":true,"date":1702293630866,"kind":"Node","isSelected":false,"isConnectorSelected":false,"isDraggable":1,"isDeletable":1,"hasElementMoved":false,"eventLog":[{"time":"1702293630866","type":"create node","value":[2]},{"time":"2023-12-11T11:21:57.809Z","type":"position","value":{"x":[999],"y":[285]}},{"time":"2023-12-11T11:21:58.076Z","type":"position","value":{"x":[977],"y":[132]}}],"isTextChangeable":1},{"id":"ff49f40c-eca6-4194-938d-b8be65b38307","value":1,"text":"remote control","comment":"","position":{"x":1159,"y":329},"isActive":true,"date":1702293630866,"kind":"Node","isSelected":false,"isConnectorSelected":false,"isDraggable":1,"isDeletable":1,"hasElementMoved":false,"eventLog":[{"time":1702293630866,"type":"create node","value":1}],"isTextChangeable":1},{"id":"95c84486-8fb3-4441-a1b9-ecf3ac912a6d","value":1,"text":"speed and efficiency","comment":"","position":{"x":1088,"y":468},"isActive":true,"date":1702293630866,"kind":"Node","isSelected":false,"isConnectorSelected":false,"isDraggable":1,"isDeletable":1,"hasElementMoved":false,"eventLog":[{"time":1702293630866,"type":"create node","value":1}],"isTextChangeable":1},{"id":"81336874-a8ec-4f13-9c2f-5831c4f7670e","value":0,"text":"resilience","comment":"","position":{"x":1058,"y":581},"isActive":true,"date":1702293630866,"kind":"Node","isSelected":false,"isConnectorSelected":false,"isDraggable":1,"isDeletable":1,"hasElementMoved":false,"eventLog":[{"time":1702293630866,"type":"create node","value":0}],"isTextChangeable":1},{"id":"d8aefa7c-583a-40dd-b1b3-1ce88da876d2","value":0,"text":"costs","comment":"","position":{"x":425,"y":589},"isActive":true,"date":1702293630866,"kind":"Node","isSelected":false,"isConnectorSelected":false,"isDraggable":1,"isDeletable":1,"hasElementMoved":false,"eventLog":[{"time":"1702293630866","type":"create node","value":[0]},{"time":"2023-12-11T11:22:13.765Z","type":"position","value":{"x":[415],"y":[529]}},{"time":"2023-12-11T11:22:13.951Z","type":"position","value":{"x":[264],"y":[564]}},{"time":"2023-12-11T11:22:15.200Z","type":"position","value":{"x":[415],"y":[610]}}],"isTextChangeable":1},{"id":"85421284-deb4-4a0d-a4ce-69f629ec68ee","value":1,"text":"technology dependence","comment":"","position":{"x":257,"y":399},"isActive":true,"date":1702293630866,"kind":"Node","isSelected":false,"isConnectorSelected":false,"isDraggable":1,"isDeletable":1,"hasElementMoved":false,"eventLog":[{"time":1702293630866,"type":"create node","value":1}],"isTextChangeable":1},{"id":"862e4bfb-48f8-4fb2-9079-c5616c0b698f","value":0,"text":"complexity","comment":"","position":{"x":314,"y":147},"isActive":true,"date":1702293630866,"kind":"Node","isSelected":false,"isConnectorSelected":false,"isDraggable":1,"isDeletable":1,"hasElementMoved":false,"eventLog":[{"time":"1702293630866","type":"create node","value":[0]},{"time":"2023-12-11T11:22:58.788Z","type":"position","value":{"x":[287],"y":[250]}}],"isTextChangeable":1},{"id":"369bd214-b610-474b-8905-d413aec77021","value":0,"text":"human touch","comment":"","position":{"x":441,"y":171},"isActive":true,"date":1702293630866,"kind":"Node","isSelected":false,"isConnectorSelected":false,"isDraggable":1,"isDeletable":1,"hasElementMoved":false,"eventLog":[{"time":1702293630866,"type":"create node","value":0}],"isTextChangeable":1},{"id":"c41a9dcc-8268-4a32-934f-93aaa476a0ad","value":1,"text":"lightweight","comment":"","position":{"x":857,"y":222},"isActive":true,"date":1702293676564,"kind":"Node","isSelected":false,"isConnectorSelected":false,"isDraggable":1,"isDeletable":1,"hasElementMoved":false,"eventLog":[{"time":1702293676564,"type":"create node","value":"0"},{"time":1702293677359,"type":"selected","value":"TRUE"},{"time":1702293677765,"type":"selected","value":"FALSE"},{"time":1702293678648,"type":"selected","value":"TRUE"},{"time":1702293687785,"type":"text","value":"Leichtgewicht"},{"time":1702293687785,"type":"value","value":"1"},{"time":1702293687785,"type":"selected","value":"FALSE"}],"isTextChangeable":1},{"id":"1aa80c0d-e9e2-45bd-a64c-536d2fc5f66e","value":0,"text":"biocompatibility","comment":"","position":{"x":893,"y":585},"isActive":true,"date":1702293693402,"kind":"Node","isSelected":false,"isConnectorSelected":false,"isDraggable":1,"isDeletable":1,"hasElementMoved":false,"eventLog":[{"time":1702293693402,"type":"create node","value":"0"},{"time":1702293694089,"type":"selected","value":"TRUE"},{"time":1702293708429,"type":"text","value":"Biokompatibilität"},{"time":1702293708429,"type":"selected","value":"FALSE"}],"isTextChangeable":1},{"id":"3817f07b-dd74-4900-851a-9c202220cd94","value":1,"text":"low noise","comment":"","position":{"x":1077,"y":242},"isActive":true,"date":1702293718860,"kind":"Node","isSelected":false,"isConnectorSelected":false,"isDraggable":1,"isDeletable":1,"hasElementMoved":false,"eventLog":[{"time":1702293718860,"type":"create node","value":"0"},{"time":1702293719570,"type":"selected","value":"TRUE"},{"time":1702293729649,"type":"text","value":"Geräuscharm"},{"time":1702293729649,"type":"value","value":"1"},{"time":1702293729649,"type":"selected","value":"FALSE"}],"isTextChangeable":1},{"id":"9e12bbe6-3363-4e32-839b-18b592ce87a9","value":0,"text":"material degradation","comment":"","position":{"x":126,"y":584},"isActive":true,"date":1702293744001,"kind":"Node","isSelected":false,"isConnectorSelected":false,"isDraggable":1,"isDeletable":1,"hasElementMoved":false,"eventLog":[{"time":1702293744001,"type":"create node","value":"0"},{"time":1702293744567,"type":"selected","value":"TRUE"},{"time":1702293755016,"type":"text","value":"Materialdegradation"},{"time":1702293755016,"type":"selected","value":"FALSE"}],"isTextChangeable":1},{"id":"7e0fe5ea-2101-4153-8c56-db9dd8e818d8","value":1,"text":"energy throughput","comment":"","position":{"x":274,"y":633},"isActive":true,"date":1702293760398,"kind":"Node","isSelected":false,"isConnectorSelected":false,"isDraggable":1,"isDeletable":1,"hasElementMoved":false,"eventLog":[{"time":1702293760398,"type":"create node","value":"0"},{"time":1702293764238,"type":"selected","value":"TRUE"},{"time":1702293773418,"type":"text","value":"Energiedurchsatz"},{"time":1702293773418,"type":"value","value":"1"},{"time":1702293773418,"type":"selected","value":"FALSE"}],"isTextChangeable":1},{"id":"f7cff4d7-2d94-4d00-8c3a-6add2ea98967","value":0,"text":"development complexity","comment":"","position":{"x":108,"y":214},"isActive":true,"date":1702293780125,"kind":"Node","isSelected":false,"isConnectorSelected":false,"isDraggable":1,"isDeletable":1,"hasElementMoved":false,"eventLog":[{"time":1702293780125,"type":"create node","value":"0"},{"time":1702293780598,"type":"selected","value":"TRUE"},{"time":1702293816254,"type":"text","value":"Entwicklungskomplexität"},{"time":1702293816254,"type":"selected","value":"FALSE"}],"isTextChangeable":1}],"connectors":[{"id":"a168e684-776a-4aee-9d05-ce745ac33d20","source":"dff517f8-6093-468d-a612-457330d57645","target":"2e4086c6-7131-4638-ad54-d54ad086bee5","agreement":true,"isActive":true,"date":1702293630867,"kind":"Connector","isSelected":false,"intensity":3,"isDeletable":false,"isOver":false,"isBidirectional":false,"eventLog":[{"time":1702293630867,"type":"create connection"}]},{"id":"1c47bf89-caa6-4b6f-9a63-107fc105f83c","source":"dff517f8-6093-468d-a612-457330d57645","target":"c1ab32de-ddb3-47ee-ba65-8ee33ccf4df7","agreement":true,"isActive":true,"date":1702293630867,"kind":"Connector","isSelected":false,"intensity":3,"isDeletable":true,"isOver":false,"isBidirectional":false,"eventLog":[{"time":1702293630867,"type":"create connection"}]},{"id":"5b6bd420-6a8a-42ce-a6ea-dbca3ff426aa","source":"c1ab32de-ddb3-47ee-ba65-8ee33ccf4df7","target":"65d03c68-5608-46e1-97b7-395d0f871c39","agreement":true,"isActive":true,"date":1702293630867,"kind":"Connector","isSelected":false,"intensity":6,"isDeletable":true,"isOver":false,"isBidirectional":false,"eventLog":[{"time":1702293630867,"type":"create connection"}]},{"id":"92d65d82-aa42-4e88-ae4b-909d65adf90c","source":"c1ab32de-ddb3-47ee-ba65-8ee33ccf4df7","target":"ff49f40c-eca6-4194-938d-b8be65b38307","agreement":true,"isActive":true,"date":1702293630867,"kind":"Connector","isSelected":false,"intensity":6,"isDeletable":true,"isOver":false,"isBidirectional":false,"eventLog":[{"time":1702293630867,"type":"create connection"}]},{"id":"b09f614e-0132-46a6-aaf4-c018237738b0","source":"c1ab32de-ddb3-47ee-ba65-8ee33ccf4df7","target":"95c84486-8fb3-4441-a1b9-ecf3ac912a6d","agreement":true,"isActive":true,"date":1702293630867,"kind":"Connector","isSelected":false,"intensity":3,"isDeletable":true,"isOver":false,"isBidirectional":false,"eventLog":[{"time":1702293630867,"type":"create connection"}]},{"id":"c0fe0717-08e6-47b8-b52e-1c8cd2937e74","source":"81336874-a8ec-4f13-9c2f-5831c4f7670e","target":"c1ab32de-ddb3-47ee-ba65-8ee33ccf4df7","agreement":true,"isActive":true,"date":1702293630867,"kind":"Connector","isSelected":false,"intensity":3,"isDeletable":true,"isOver":false,"isBidirectional":false,"eventLog":[{"time":1702293630867,"type":"create connection"}]},{"id":"3b24fa68-8ac9-4dfb-a44a-13ec3873fd92","source":"d8aefa7c-583a-40dd-b1b3-1ce88da876d2","target":"2e4086c6-7131-4638-ad54-d54ad086bee5","agreement":true,"isActive":true,"date":1702293630867,"kind":"Connector","isSelected":false,"intensity":3,"isDeletable":true,"isOver":false,"isBidirectional":false,"eventLog":[{"time":1702293630867,"type":"create connection"}]},{"id":"1f039ccb-0c5c-4ef5-b98e-1fe9f3a19c23","source":"85421284-deb4-4a0d-a4ce-69f629ec68ee","target":"2e4086c6-7131-4638-ad54-d54ad086bee5","agreement":true,"isActive":true,"date":1702293630868,"kind":"Connector","isSelected":false,"intensity":3,"isDeletable":true,"isOver":false,"isBidirectional":false,"eventLog":[{"time":1702293630868,"type":"create connection"}]},{"id":"fff4030b-7a22-4cce-a438-96b8b3d7c787","source":"862e4bfb-48f8-4fb2-9079-c5616c0b698f","target":"2e4086c6-7131-4638-ad54-d54ad086bee5","agreement":true,"isActive":true,"date":1702293630868,"kind":"Connector","isSelected":false,"intensity":3,"isDeletable":true,"isOver":false,"isBidirectional":false,"eventLog":[{"time":1702293630868,"type":"create connection"}]},{"id":"047ed744-29fb-4b88-8847-e7d6c9a7b0a9","source":"369bd214-b610-474b-8905-d413aec77021","target":"2e4086c6-7131-4638-ad54-d54ad086bee5","agreement":true,"isActive":true,"date":1702293630868,"kind":"Connector","isSelected":false,"intensity":3,"isDeletable":true,"isOver":false,"isBidirectional":false,"eventLog":[{"time":1702293630868,"type":"create connection"}]},{"id":"5a0825a5-f585-40f2-8f75-db9180d92a6c","source":"c41a9dcc-8268-4a32-934f-93aaa476a0ad","target":"c1ab32de-ddb3-47ee-ba65-8ee33ccf4df7","agreement":true,"isActive":true,"date":1702293688651,"kind":"Connector","isSelected":false,"intensity":3,"isDeletable":true,"isOver":false,"isBidirectional":false,"eventLog":[{"time":1702293688651,"type":"create connection"}]},{"id":"72418d0f-7c23-40c6-b3b3-2052d313d047","source":"c1ab32de-ddb3-47ee-ba65-8ee33ccf4df7","target":"1aa80c0d-e9e2-45bd-a64c-536d2fc5f66e","agreement":false,"isActive":true,"date":1702293709293,"kind":"Connector","isSelected":false,"intensity":3,"isDeletable":true,"isOver":false,"isBidirectional":false,"eventLog":[{"time":1702293709293,"type":"create connection"},{"time":1702293710310,"type":"selected","value":1},{"time":1702293712528,"type":"change intensity of connector","value":-3},{"time":1702293712528,"type":"selected","value":0}]},{"id":"e07e2a6b-e996-4c77-8782-c119deb027d5","source":"3817f07b-dd74-4900-851a-9c202220cd94","target":"c1ab32de-ddb3-47ee-ba65-8ee33ccf4df7","agreement":true,"isActive":true,"date":1702293730705,"kind":"Connector","isSelected":false,"intensity":3,"isDeletable":true,"isOver":false,"isBidirectional":false,"eventLog":[{"time":1702293730705,"type":"create connection"}]},{"id":"52b61bb5-2b4a-4ee2-b739-aa4828e2fcf1","source":"9e12bbe6-3363-4e32-839b-18b592ce87a9","target":"2e4086c6-7131-4638-ad54-d54ad086bee5","agreement":true,"isActive":true,"date":1702293755895,"kind":"Connector","isSelected":false,"intensity":3,"isDeletable":true,"isOver":false,"isBidirectional":false,"eventLog":[{"time":1702293755895,"type":"create connection"}]},{"id":"dea89bb6-4780-4dbf-88e7-cc6225ac5852","source":"7e0fe5ea-2101-4153-8c56-db9dd8e818d8","target":"2e4086c6-7131-4638-ad54-d54ad086bee5","agreement":true,"isActive":true,"date":1702293774400,"kind":"Connector","isSelected":false,"intensity":3,"isDeletable":true,"isOver":false,"isBidirectional":false,"eventLog":[{"time":1702293774400,"type":"create connection"}]},{"id":"4b18a640-7ec7-44e0-92bf-774bf92d8226","source":"f7cff4d7-2d94-4d00-8c3a-6add2ea98967","target":"85421284-deb4-4a0d-a4ce-69f629ec68ee","agreement":true,"isActive":true,"date":1702293817444,"kind":"Connector","isSelected":false,"intensity":3,"isDeletable":true,"isOver":false,"isBidirectional":false,"eventLog":[{"time":1702293817444,"type":"create connection"}]}],"currentID":{},"currentNode":{},"hasSelectedNode":[false],"currentConnector":{},"hasSelectedConnector":[false],"readyToMove":[false],"isIncoming":[false],"hasElementMoved":[false]}
