{"idCAM":["50f47fed-c265-404e-a2df-e73ff0b9df87"],"creator":["6529483ef2abe408d574860a_post"],"projectCAM":["S2_CAM part 2"],"defocusCAM":[],"date":[1702314432155],"nodes":[{"id":"436568d2-e601-428d-aace-ed6509e4328b","value":0,"text":"rescue robot","comment":"","position":{"x":650,"y":400},"isActive":true,"date":1702314433065,"kind":"Node","isSelected":false,"isConnectorSelected":false,"isDraggable":0,"isDeletable":0,"hasElementMoved":false,"eventLog":[{"time":1702314433065,"type":"create node","value":0}],"isTextChangeable":0},{"id":"3d11a0f2-a5c0-4835-83df-fcc31d83fa4b","value":-3,"text":"disadvantages","comment":"","position":{"x":450,"y":400},"isActive":true,"date":1702314433065,"kind":"Node","isSelected":false,"isConnectorSelected":false,"isDraggable":0,"isDeletable":0,"hasElementMoved":false,"eventLog":[{"time":1702314433065,"type":"create node","value":-3}],"isTextChangeable":0},{"id":"30b84e2f-628f-4738-9fcb-469ec1db0bec","value":3,"text":"advantages","comment":"","position":{"x":850,"y":400},"isActive":true,"date":1702314433065,"kind":"Node","isSelected":false,"isConnectorSelected":false,"isDraggable":0,"isDeletable":0,"hasElementMoved":false,"eventLog":[{"time":1702314433065,"type":"create node","value":3}],"isTextChangeable":0},{"id":"933af620-246f-4a9a-aeb8-3377e4d71735","value":0,"text":"decision","comment":"","position":{"x":562,"y":534},"isActive":true,"date":1702314433065,"kind":"Node","isSelected":false,"isConnectorSelected":false,"isDraggable":1,"isDeletable":1,"hasElementMoved":false,"eventLog":[{"time":1702314433065,"type":"create node","value":0}],"isTextChangeable":1},{"id":"5c93c49a-35ce-403e-8925-be22225d9659","value":2,"text":"hears different frequencies","comment":"","position":{"x":842,"y":501},"isActive":true,"date":1702314433065,"kind":"Node","isSelected":false,"isConnectorSelected":false,"isDraggable":1,"isDeletable":1,"hasElementMoved":false,"eventLog":[{"time":1702314433065,"type":"create node","value":2}],"isTextChangeable":1},{"id":"7247acb9-1ea1-4c2b-a10c-43eed512c92f","value":-3,"text":"weapon","comment":"","position":{"x":307,"y":347},"isActive":true,"date":1702314433065,"kind":"Node","isSelected":false,"isConnectorSelected":false,"isDraggable":1,"isDeletable":1,"hasElementMoved":false,"eventLog":[{"time":1702314433065,"type":"create node","value":-3}],"isTextChangeable":1},{"id":"f8522f1b-edd4-4e4f-9cc4-c291524cc8e0","value":0,"text":"operation","comment":"","position":{"x":976,"y":466},"isActive":true,"date":1702314433065,"kind":"Node","isSelected":false,"isConnectorSelected":false,"isDraggable":1,"isDeletable":1,"hasElementMoved":false,"eventLog":[{"time":1702314433065,"type":"create node","value":0}],"isTextChangeable":1},{"id":"1ab27955-61f0-43e7-b8f9-ea8f6bcc4133","value":-3,"text":"discrimination","comment":"","position":{"x":391,"y":542},"isActive":true,"date":1702314433065,"kind":"Node","isSelected":false,"isConnectorSelected":false,"isDraggable":1,"isDeletable":1,"hasElementMoved":false,"eventLog":[{"time":1702314433065,"type":"create node","value":-3}],"isTextChangeable":1},{"id":"a80c6812-0d01-469c-8c35-2ece02267d5b","value":3,"text":"salvage work","comment":"","position":{"x":846,"y":188},"isActive":true,"date":1702314433065,"kind":"Node","isSelected":false,"isConnectorSelected":false,"isDraggable":1,"isDeletable":1,"hasElementMoved":false,"eventLog":[{"time":1702314433065,"type":"create node","value":3}],"isTextChangeable":1},{"id":"46ddbc2f-be2f-4432-a6fa-8f6fd18275e3","value":0,"text":"excavation work","comment":"","position":{"x":1023,"y":202},"isActive":true,"date":1702314433066,"kind":"Node","isSelected":false,"isConnectorSelected":false,"isDraggable":1,"isDeletable":1,"hasElementMoved":false,"eventLog":[{"time":1702314433066,"type":"create node","value":0}],"isTextChangeable":1},{"id":"5bc55e03-2900-447e-84a5-6d578e159e79","value":0,"text":"conflict child/adult","comment":"","position":{"x":515,"y":677},"isActive":true,"date":1702314433066,"kind":"Node","isSelected":false,"isConnectorSelected":false,"isDraggable":1,"isDeletable":1,"hasElementMoved":false,"eventLog":[{"time":1702314433066,"type":"create node","value":0}],"isTextChangeable":1},{"id":"600846d9-83e4-4d21-b3ab-f4665dc22a04","value":-3,"text":"cyber weapon","comment":"","position":{"x":230,"y":192},"isActive":true,"date":1702314433066,"kind":"Node","isSelected":false,"isConnectorSelected":false,"isDraggable":1,"isDeletable":1,"hasElementMoved":false,"eventLog":[{"time":1702314433066,"type":"create node","value":-3}],"isTextChangeable":1},{"id":"aade8395-e7ee-4ba9-8ac9-0393d3a8fea3","value":-2,"text":"attacks","comment":"","position":{"x":430,"y":214},"isActive":true,"date":1702314433066,"kind":"Node","isSelected":false,"isConnectorSelected":false,"isDraggable":1,"isDeletable":1,"hasElementMoved":false,"eventLog":[{"time":1702314433066,"type":"create node","value":-2}],"isTextChangeable":1},{"id":"762a9b22-de3c-477b-8500-922fda6820d2","value":0,"text":"precise work","comment":"","position":{"x":685,"y":104},"isActive":true,"date":1702314437865,"kind":"Node","isSelected":false,"isConnectorSelected":false,"isDraggable":1,"isDeletable":1,"hasElementMoved":false,"eventLog":[{"time":"1702314437865","type":"create node","value":[0]},{"time":"1702314439797","type":"selected","value":[true]},{"time":"1702314449731","type":"text","value":["Praezise Arbeit"]},{"time":"1702314449731","type":"selected","value":[false]},{"time":"2023-12-11T17:07:31.703Z","type":"position","value":{"x":[619],"y":[204]}}],"isTextChangeable":1},{"id":"2568e71c-ab43-4b3a-93be-f08ad3030e6f","value":3,"text":"food/water transport","comment":"","position":{"x":982,"y":328},"isActive":true,"date":1702314456959,"kind":"Node","isSelected":false,"isConnectorSelected":false,"isDraggable":1,"isDeletable":1,"hasElementMoved":false,"eventLog":[{"time":1702314456959,"type":"create node","value":"0"},{"time":1702314457019,"type":"selected","value":"TRUE"},{"time":1702314469877,"type":"text","value":"Nahrung/Wasser Transport"},{"time":1702314469877,"type":"value","value":"3"},{"time":1702314469877,"type":"selected","value":"FALSE"}],"isTextChangeable":1},{"id":"a53a0f71-525b-40a9-8dc1-e9a2cdab1218","value":-1,"text":"damage occurrence","comment":"","position":{"x":585,"y":253},"isActive":true,"date":1702314482215,"kind":"Node","isSelected":false,"isConnectorSelected":false,"isDraggable":1,"isDeletable":1,"hasElementMoved":false,"eventLog":[{"time":1702314482215,"type":"create node","value":"0"},{"time":1702314482315,"type":"selected","value":"TRUE"},{"time":1702314493664,"type":"text","value":"Schaden Entstehung"},{"time":1702314493664,"type":"value","value":"-1"},{"time":1702314493664,"type":"selected","value":"FALSE"}],"isTextChangeable":1}],"connectors":[{"id":"aec8ab20-de86-4519-aeb8-67d536a7c2cd","source":"436568d2-e601-428d-aace-ed6509e4328b","target":"3d11a0f2-a5c0-4835-83df-fcc31d83fa4b","agreement":true,"isActive":true,"date":1702314433066,"kind":"Connector","isSelected":false,"intensity":3,"isDeletable":false,"isOver":false,"isBidirectional":false,"eventLog":[{"time":1702314433066,"type":"create connection"}]},{"id":"dde58b61-97cc-4bc1-b2ee-5891c9b80f8c","source":"436568d2-e601-428d-aace-ed6509e4328b","target":"30b84e2f-628f-4738-9fcb-469ec1db0bec","agreement":true,"isActive":true,"date":1702314433067,"kind":"Connector","isSelected":false,"intensity":3,"isDeletable":true,"isOver":false,"isBidirectional":false,"eventLog":[{"time":1702314433067,"type":"create connection"}]},{"id":"d71362c6-4ffb-4f76-852a-f7cffe095300","source":"933af620-246f-4a9a-aeb8-3377e4d71735","target":"436568d2-e601-428d-aace-ed6509e4328b","agreement":true,"isActive":true,"date":1702314433067,"kind":"Connector","isSelected":false,"intensity":3,"isDeletable":true,"isOver":false,"isBidirectional":false,"eventLog":[{"time":1702314433067,"type":"create connection"}]},{"id":"cad02593-2a29-4270-b66a-13db41cdcf19","source":"30b84e2f-628f-4738-9fcb-469ec1db0bec","target":"5c93c49a-35ce-403e-8925-be22225d9659","agreement":true,"isActive":true,"date":1702314433068,"kind":"Connector","isSelected":false,"intensity":3,"isDeletable":true,"isOver":false,"isBidirectional":false,"eventLog":[{"time":1702314433068,"type":"create connection"}]},{"id":"4497416a-5fb0-40d5-a6a4-a809f56a02e3","source":"30b84e2f-628f-4738-9fcb-469ec1db0bec","target":"f8522f1b-edd4-4e4f-9cc4-c291524cc8e0","agreement":true,"isActive":true,"date":1702314433068,"kind":"Connector","isSelected":false,"intensity":3,"isDeletable":true,"isOver":false,"isBidirectional":false,"eventLog":[{"time":1702314433068,"type":"create connection"}]},{"id":"3d7b2765-af21-4961-a70c-a8d6a2e8b5b0","source":"3d11a0f2-a5c0-4835-83df-fcc31d83fa4b","target":"7247acb9-1ea1-4c2b-a10c-43eed512c92f","agreement":true,"isActive":true,"date":1702314433068,"kind":"Connector","isSelected":false,"intensity":3,"isDeletable":true,"isOver":false,"isBidirectional":false,"eventLog":[{"time":1702314433068,"type":"create connection"}]},{"id":"0f9e0e16-c58c-498f-9a98-b55990621c69","source":"933af620-246f-4a9a-aeb8-3377e4d71735","target":"1ab27955-61f0-43e7-b8f9-ea8f6bcc4133","agreement":true,"isActive":true,"date":1702314433069,"kind":"Connector","isSelected":false,"intensity":3,"isDeletable":true,"isOver":false,"isBidirectional":false,"eventLog":[{"time":1702314433069,"type":"create connection"}]},{"id":"7215859a-c91c-4d1a-9731-2673514de636","source":"1ab27955-61f0-43e7-b8f9-ea8f6bcc4133","target":"3d11a0f2-a5c0-4835-83df-fcc31d83fa4b","agreement":true,"isActive":true,"date":1702314433069,"kind":"Connector","isSelected":false,"intensity":3,"isDeletable":true,"isOver":false,"isBidirectional":false,"eventLog":[{"time":1702314433069,"type":"create connection"}]},{"id":"b0d570de-dcdc-4245-8532-60783cf6051c","source":"a80c6812-0d01-469c-8c35-2ece02267d5b","target":"30b84e2f-628f-4738-9fcb-469ec1db0bec","agreement":true,"isActive":true,"date":1702314433069,"kind":"Connector","isSelected":false,"intensity":3,"isDeletable":true,"isOver":false,"isBidirectional":false,"eventLog":[{"time":1702314433069,"type":"create connection"}]},{"id":"8de15f09-12d4-4f33-8178-5081e7d093ab","source":"46ddbc2f-be2f-4432-a6fa-8f6fd18275e3","target":"a80c6812-0d01-469c-8c35-2ece02267d5b","agreement":true,"isActive":true,"date":1702314433069,"kind":"Connector","isSelected":false,"intensity":3,"isDeletable":true,"isOver":false,"isBidirectional":false,"eventLog":[{"time":1702314433069,"type":"create connection"}]},{"id":"b7845cdd-c09f-4408-84b8-f66aa11f78ca","source":"1ab27955-61f0-43e7-b8f9-ea8f6bcc4133","target":"5bc55e03-2900-447e-84a5-6d578e159e79","agreement":true,"isActive":true,"date":1702314433070,"kind":"Connector","isSelected":false,"intensity":3,"isDeletable":true,"isOver":false,"isBidirectional":false,"eventLog":[{"time":1702314433070,"type":"create connection"}]},{"id":"cf83f261-c376-4b8f-854e-bbc5b843dfc0","source":"933af620-246f-4a9a-aeb8-3377e4d71735","target":"5bc55e03-2900-447e-84a5-6d578e159e79","agreement":true,"isActive":true,"date":1702314433070,"kind":"Connector","isSelected":false,"intensity":3,"isDeletable":true,"isOver":false,"isBidirectional":false,"eventLog":[{"time":1702314433070,"type":"create connection"}]},{"id":"758fce57-bada-439b-aec4-c21edb33cda6","source":"7247acb9-1ea1-4c2b-a10c-43eed512c92f","target":"600846d9-83e4-4d21-b3ab-f4665dc22a04","agreement":true,"isActive":true,"date":1702314433070,"kind":"Connector","isSelected":false,"intensity":3,"isDeletable":true,"isOver":false,"isBidirectional":false,"eventLog":[{"time":1702314433070,"type":"create connection"}]},{"id":"4dd4dd2c-9d15-4c92-bd1a-eb116b40e037","source":"aade8395-e7ee-4ba9-8ac9-0393d3a8fea3","target":"7247acb9-1ea1-4c2b-a10c-43eed512c92f","agreement":true,"isActive":true,"date":1702314433070,"kind":"Connector","isSelected":false,"intensity":3,"isDeletable":true,"isOver":false,"isBidirectional":false,"eventLog":[{"time":1702314433070,"type":"create connection"}]},{"id":"02ea7f13-03a4-4135-a244-2cc6a1e711fb","source":"600846d9-83e4-4d21-b3ab-f4665dc22a04","target":"aade8395-e7ee-4ba9-8ac9-0393d3a8fea3","agreement":true,"isActive":true,"date":1702314433070,"kind":"Connector","isSelected":false,"intensity":3,"isDeletable":true,"isOver":false,"isBidirectional":false,"eventLog":[{"time":1702314433070,"type":"create connection"}]},{"id":"3ad2b5b1-4e2b-4d7f-8901-b93ee7b501d6","source":"a80c6812-0d01-469c-8c35-2ece02267d5b","target":"762a9b22-de3c-477b-8500-922fda6820d2","agreement":true,"isActive":true,"date":1702314451079,"kind":"Connector","isSelected":false,"intensity":3,"isDeletable":true,"isOver":false,"isBidirectional":false,"eventLog":[{"time":1702314451079,"type":"create connection"}]},{"id":"c09c53e6-5698-4485-9d38-8e965bf2b8f8","source":"30b84e2f-628f-4738-9fcb-469ec1db0bec","target":"2568e71c-ab43-4b3a-93be-f08ad3030e6f","agreement":true,"isActive":true,"date":1702314473540,"kind":"Connector","isSelected":false,"intensity":3,"isDeletable":true,"isOver":false,"isBidirectional":false,"eventLog":[{"time":1702314473540,"type":"create connection"}]},{"id":"97dfef3d-5ce5-4fa5-acf9-d1fb4c488048","source":"a80c6812-0d01-469c-8c35-2ece02267d5b","target":"2568e71c-ab43-4b3a-93be-f08ad3030e6f","agreement":true,"isActive":true,"date":1702314476018,"kind":"Connector","isSelected":false,"intensity":3,"isDeletable":true,"isOver":false,"isBidirectional":false,"eventLog":[{"time":1702314476018,"type":"create connection"}]},{"id":"94d16057-adf7-456c-b58d-ca1ac73f2867","source":"3d11a0f2-a5c0-4835-83df-fcc31d83fa4b","target":"a53a0f71-525b-40a9-8dc1-e9a2cdab1218","agreement":true,"isActive":true,"date":1702314494848,"kind":"Connector","isSelected":false,"intensity":3,"isDeletable":true,"isOver":false,"isBidirectional":false,"eventLog":[{"time":1702314494848,"type":"create connection"}]},{"id":"bf547341-934c-4b83-abb3-dd3086f43a6d","source":"a80c6812-0d01-469c-8c35-2ece02267d5b","target":"a53a0f71-525b-40a9-8dc1-e9a2cdab1218","agreement":true,"isActive":true,"date":1702314496538,"kind":"Connector","isSelected":false,"intensity":3,"isDeletable":true,"isOver":false,"isBidirectional":false,"eventLog":[{"time":1702314496538,"type":"create connection"}]}],"currentID":{},"currentNode":{},"hasSelectedNode":[false],"currentConnector":{},"hasSelectedConnector":[false],"readyToMove":[false],"isIncoming":[false],"hasElementMoved":[false]}
