{"idCAM":["04afdc38-29d5-48aa-9138-0f7735d9dc05"],"creator":["652d1a0830b934d1643b80c5_pre"],"projectCAM":["S2_CAM part 1"],"defocusCAM":[null],"date":[1702310547844],"nodes":[{"id":"fb9eae01-c536-48b8-b7cd-648e511202a3","value":2,"text":"social assistance robot","comment":"offers a lot of opportunities, especially considering that society is aging and there is a shortage of staff in nursing professions","position":{"x":650,"y":400},"isActive":true,"date":1702310548749,"kind":"Node","isSelected":false,"isConnectorSelected":false,"isDraggable":0,"isDeletable":0,"hasElementMoved":false,"eventLog":[{"time":1702310548749,"type":"create node","value":"0"},{"time":1702310561065,"type":"selected","value":"TRUE"},{"time":1702310607309,"type":"value","value":"2"},{"time":1702310607309,"type":"comment","value":"bietet eine Menge Chancen, inbesondere wenn man bedenkt, dass die Gesellschaft zunehmend altert und es einen Personalmangel in Pflegeberufen gibt"},{"time":1702310607309,"type":"selected","value":"FALSE"}],"isTextChangeable":0},{"id":"56cc3c1a-facc-4d57-8acd-6e430445259f","value":0,"text":"disadvantages","comment":"","position":{"x":450,"y":400},"isActive":true,"date":1702310548749,"kind":"Node","isSelected":false,"isConnectorSelected":false,"isDraggable":0,"isDeletable":0,"hasElementMoved":false,"eventLog":[{"time":1702310548749,"type":"create node","value":0}],"isTextChangeable":0},{"id":"419878d1-7d71-445b-87cf-25f69310e59c","value":0,"text":"advantages","comment":"","position":{"x":850,"y":400},"isActive":true,"date":1702310548749,"kind":"Node","isSelected":false,"isConnectorSelected":false,"isDraggable":0,"isDeletable":0,"hasElementMoved":false,"eventLog":[{"time":1702310548749,"type":"create node","value":0},{"time":1702310687533,"type":"selected","value":1},{"time":1702310689313,"type":"selected","value":0}],"isTextChangeable":0},{"id":"02bc7aaa-cfb0-4dd1-942c-869e55c3305a","value":2,"text":"availability","comment":"The construction of robots is easily scalable, recruiting staff is often more difficult.","position":{"x":1048,"y":452},"isActive":true,"date":1702310608649,"kind":"Node","isSelected":false,"isConnectorSelected":false,"isDraggable":1,"isDeletable":1,"hasElementMoved":false,"eventLog":[{"time":"1702310608649","type":"create node","value":[0]},{"time":"2023-12-11T16:03:29.322Z","type":"position","value":{"x":[1003],"y":[474]}},{"time":"1702310610259","type":"selected","value":[true]},{"time":"1702310626921","type":"text","value":["Verfügbarkeit"]},{"time":"1702310626921","type":"value","value":[2]},{"time":"1702310626921","type":"selected","value":[false]},{"time":"2023-12-11T16:05:27.197Z","type":"position","value":{"x":[1034],"y":[488]}},{"time":"1702310728143","type":"selected","value":[true]},{"time":"1702310753562","type":"comment","value":["Der Bau von Robotern ist einfach skalierbar, das Anwerben von Personal ist oft schwieriger"]},{"time":"1702310753562","type":"selected","value":[false]},{"time":"2023-12-11T16:05:55.279Z","type":"position","value":{"x":[1046],"y":[443]}},{"time":"2023-12-11T16:06:21.781Z","type":"position","value":{"x":[1027],"y":[440]}}],"isTextChangeable":1},{"id":"7328aac9-ecd0-4f71-8e42-ea4b25f0d225","value":2,"text":"cost saving","comment":"In the long run, a robot is probably cheaper than human labor","position":{"x":982,"y":546},"isActive":true,"date":1702310627466,"kind":"Node","isSelected":false,"isConnectorSelected":false,"isDraggable":1,"isDeletable":1,"hasElementMoved":false,"eventLog":[{"time":"1702310627466","type":"create node","value":[0]},{"time":"1702310627789","type":"selected","value":[true]},{"time":"1702310639512","type":"text","value":["Kostenersparnis"]},{"time":"1702310639512","type":"value","value":[2]},{"time":"1702310639512","type":"selected","value":[false]},{"time":"2023-12-11T16:05:56.591Z","type":"position","value":{"x":[1009],"y":[601]}},{"time":"1702310758411","type":"selected","value":[true]},{"time":"1702310775441","type":"comment","value":["Auf lange Sicht ist ein Roboter vermutlich günstiger als eine menschliche Arbeitskraft"]},{"time":"1702310775441","type":"selected","value":[false]},{"time":"2023-12-11T16:06:20.913Z","type":"position","value":{"x":[958],"y":[516]}}],"isTextChangeable":1},{"id":"91cf03fc-cedd-49af-81e7-b162b47a83dd","value":3,"text":"no staff shortage","comment":"Building or buying robots is probably easier than finding sufficiently good staff","position":{"x":981,"y":254},"isActive":true,"date":1702310640403,"kind":"Node","isSelected":false,"isConnectorSelected":false,"isDraggable":1,"isDeletable":1,"hasElementMoved":false,"eventLog":[{"time":"1702310640403","type":"create node","value":[0]},{"time":"1702310641050","type":"selected","value":[true]},{"time":"1702310650558","type":"text","value":["kein Personalmangel"]},{"time":"1702310650558","type":"value","value":[3]},{"time":"1702310650558","type":"selected","value":[false]},{"time":"2023-12-11T16:04:10.986Z","type":"position","value":{"x":[1091],"y":[358]}},{"time":"2023-12-11T16:04:12.033Z","type":"position","value":{"x":[971],"y":[247]}},{"time":"1702310656733","type":"selected","value":[true]},{"time":"1702310684525","type":"comment","value":["Roboter bauen bzw. kaufen ist vermutlich leichter als ausreichend gutes Personal zu finden"]},{"time":"1702310684525","type":"selected","value":[false]}],"isTextChangeable":1},{"id":"58890c9b-3fc8-493d-88eb-b140de5f45e7","value":3,"text":"no language barrier","comment":"nowadays a lot of staff come from Eastern Europe or even Asia, which often leads to language barriers","position":{"x":1046,"y":337},"isActive":true,"date":1702310689633,"kind":"Node","isSelected":false,"isConnectorSelected":false,"isDraggable":1,"isDeletable":1,"hasElementMoved":false,"eventLog":[{"time":"1702310689633","type":"create node","value":[0]},{"time":"1702310689923","type":"selected","value":[true]},{"time":"1702310720833","type":"text","value":["keine Sprachbarriere"]},{"time":"1702310720833","type":"value","value":[3]},{"time":"1702310720833","type":"comment","value":["heutzutage kommt viel Personal aus Osteuropa oder sogar aus Asien, was oft zu Sprachbarrieren führt"]},{"time":"1702310720833","type":"selected","value":[false]},{"time":"2023-12-11T16:05:22.051Z","type":"position","value":{"x":[1023],"y":[367]}}],"isTextChangeable":1},{"id":"859e5db2-9d18-44a2-8195-712a87dd5e27","value":-2,"text":"missing human warmth","comment":"the feeling of interacting with a real human is important","position":{"x":263,"y":268},"isActive":true,"date":1702310783258,"kind":"Node","isSelected":false,"isConnectorSelected":false,"isDraggable":1,"isDeletable":1,"hasElementMoved":false,"eventLog":[{"time":1702310783258,"type":"create node","value":"0"},{"time":1702310783335,"type":"selected","value":"TRUE"},{"time":1702310812897,"type":"text","value":"fehlende menschliche Wärme"},{"time":1702310812897,"type":"value","value":"-2"},{"time":1702310812897,"type":"selected","value":"FALSE"},{"time":1702310817157,"type":"selected","value":"TRUE"},{"time":1702310834338,"type":"comment","value":"das Gefühl mit einem echten Menschen zu interagieren ist wichtig"},{"time":1702310834338,"type":"selected","value":"FALSE"}],"isTextChangeable":1},{"id":"bee889e5-92c2-4dbf-8e6b-a6f06af6e660","value":-1,"text":"loss of jobs","comment":"Nursing staff could be made redundant if robots provide a good substitute","position":{"x":224,"y":426},"isActive":true,"date":1702310836391,"kind":"Node","isSelected":false,"isConnectorSelected":false,"isDraggable":1,"isDeletable":1,"hasElementMoved":false,"eventLog":[{"time":"1702310836391","type":"create node","value":[0]},{"time":"1702310836534","type":"selected","value":[true]},{"time":"1702310870455","type":"text","value":["Wegfall von Arbeitsplätzen"]},{"time":"1702310870455","type":"value","value":[-1]},{"time":"1702310870455","type":"comment","value":["Pflegekräfte könnten wegrationalisiert werden, falls Roboter einen guten Ersatz bieten"]},{"time":"1702310870455","type":"selected","value":[false]},{"time":"2023-12-11T16:07:51.606Z","type":"position","value":{"x":[298],"y":[493]}},{"time":"2023-12-11T16:07:53.489Z","type":"position","value":{"x":[266],"y":[427]}},{"time":"2023-12-11T16:07:58.778Z","type":"position","value":{"x":[245],"y":[426]}}],"isTextChangeable":1},{"id":"07937d33-af7f-476f-8cd3-8f332a42614d","value":2,"text":"specialized care","comment":"Some nursing professions probably could not be easily taken over by robots.","position":{"x":91,"y":530},"isActive":true,"date":1702310879530,"kind":"Node","isSelected":false,"isConnectorSelected":false,"isDraggable":1,"isDeletable":1,"hasElementMoved":false,"eventLog":[{"time":"1702310879530","type":"create node","value":[0]},{"time":"1702310880297","type":"selected","value":[true]},{"time":"1702310896171","type":"text","value":["Spezialisierte Pflege"]},{"time":"1702310896171","type":"value","value":[2]},{"time":"1702310896171","type":"selected","value":[false]},{"time":"1702310897451","type":"selected","value":[true]},{"time":"1702310919156","type":"comment","value":["Manche Pflegeberufe könnten vermutlich nicht so leicht von Robotern übernommen werden"]},{"time":"1702310919156","type":"selected","value":[false]},{"time":"2023-12-11T16:08:39.702Z","type":"position","value":{"x":[144],"y":[547]}},{"time":"2023-12-11T16:08:43.959Z","type":"position","value":{"x":[95],"y":[519]}}],"isTextChangeable":1},{"id":"739fd7ed-b452-48bc-83b7-704783a49002","value":2,"text":"humanity AI","comment":"Advanced AI are probably hardly distinguishable from real humans (in their language)","position":{"x":648,"y":559},"isActive":true,"date":1702310924697,"kind":"Node","isSelected":false,"isConnectorSelected":false,"isDraggable":1,"isDeletable":1,"hasElementMoved":false,"eventLog":[{"time":"1702310924697","type":"create node","value":[0]},{"time":"2023-12-11T16:08:46.359Z","type":"position","value":{"x":[316],"y":[558]}},{"time":"1702310928084","type":"selected","value":[true]},{"time":"1702310989803","type":"text","value":["Menchlichkeit KI"]},{"time":"1702310989803","type":"value","value":[2]},{"time":"1702310989803","type":"comment","value":["fortgeschrittene KI sind vermutlich von echten Menschen kaum zu unterscheiden (in ihrer Sprache)"]},{"time":"1702310989803","type":"selected","value":[false]},{"time":"2023-12-11T16:09:50.682Z","type":"position","value":{"x":[420],"y":[566]}},{"time":"2023-12-11T16:09:50.776Z","type":"position","value":{"x":[577],"y":[542]}},{"time":"2023-12-11T16:09:51.597Z","type":"position","value":{"x":[731],"y":[542]}},{"time":"2023-12-11T16:09:53.371Z","type":"position","value":{"x":[791],"y":[525]}},{"time":"2023-12-11T16:09:53.793Z","type":"position","value":{"x":[640],"y":[544]}},{"time":"2023-12-11T16:10:02.225Z","type":"position","value":{"x":[645],"y":[557]}}],"isTextChangeable":1},{"id":"afdcdc33-d25f-4ba0-b216-e26e69afab90","value":-2,"text":"F","comment":"","position":{"x":327,"y":541},"isActive":false,"date":1702311008488,"kind":"Node","isSelected":false,"isConnectorSelected":false,"isDraggable":1,"isDeletable":1,"hasElementMoved":false,"eventLog":[{"time":1702311008488,"type":"create node","value":0},{"time":1702311008547,"type":"selected","value":1},{"time":1702311017566,"type":"node was deleted","value":-99}],"isTextChangeable":1},{"id":"91d98f78-59e8-41ff-821b-6edb0eadfdb1","value":2,"text":"calm temperament","comment":"Robots do not have bad moods and do not get them when patients are uncomfortable.","position":{"x":819,"y":561},"isActive":true,"date":1702311018796,"kind":"Node","isSelected":false,"isConnectorSelected":false,"isDraggable":1,"isDeletable":1,"hasElementMoved":false,"eventLog":[{"time":"1702311018796","type":"create node","value":[0]},{"time":"1702311020807","type":"selected","value":[true]},{"time":"1702311055791","type":"text","value":["ruhiges Gemüt"]},{"time":"1702311055791","type":"value","value":[2]},{"time":"1702311055791","type":"comment","value":["Roboter haben keine schlechte Laune und kriegen sie nicht, wenn Patienten ungemützlich sind"]},{"time":"1702311055791","type":"selected","value":[false]},{"time":"2023-12-11T16:10:56.294Z","type":"position","value":{"x":[805],"y":[585]}}],"isTextChangeable":1},{"id":"dd3405be-33c6-44ac-8730-39cc942118de","value":0,"text":"","comment":"","position":{"x":881,"y":663},"isActive":false,"date":1702311060263,"kind":"Node","isSelected":false,"isConnectorSelected":false,"isDraggable":1,"isDeletable":1,"hasElementMoved":false,"eventLog":[{"time":1702311060263,"type":"create node","value":0},{"time":1702311061207,"type":"selected","value":1},{"time":1702311065053,"type":"node was deleted","value":-99}],"isTextChangeable":1},{"id":"4f374714-6135-4b27-b75c-dd1dd9112fb5","value":-1,"text":"accidents due to bugs","comment":"In the initial stages, certainly some unforeseen errors occur, which could lead to accidents","position":{"x":319,"y":545},"isActive":true,"date":1702311070195,"kind":"Node","isSelected":false,"isConnectorSelected":false,"isDraggable":1,"isDeletable":1,"hasElementMoved":false,"eventLog":[{"time":"1702311070195","type":"create node","value":[0]},{"time":"1702311071021","type":"selected","value":[true]},{"time":"1702311125947","type":"text","value":["Unfälle durch Bugs"]},{"time":"1702311125947","type":"value","value":[-1]},{"time":"1702311125947","type":"comment","value":["In den Anfangsstadien treten sicherlich einige ungeahnte Fehler auf, die zu Unfällen führen könnten"]},{"time":"1702311125947","type":"selected","value":[false]},{"time":"2023-12-11T16:12:08.320Z","type":"position","value":{"x":[334],"y":[566]}}],"isTextChangeable":1},{"id":"a62b01cf-2770-49b0-b841-c9be45b7fe9d","value":10,"text":"flexibility","comment":"Depending on the programming, a robot might not be able to react flexibly to all cases. However, through machine learning, that should be possible over time.","position":{"x":649,"y":263},"isActive":true,"date":1702311137117,"kind":"Node","isSelected":false,"isConnectorSelected":false,"isDraggable":1,"isDeletable":1,"hasElementMoved":false,"eventLog":[{"time":"1702311137117","type":"create node","value":[0]},{"time":"1702311137942","type":"selected","value":[true]},{"time":"1702311211097","type":"text","value":["Flexibilität"]},{"time":"1702311211097","type":"value","value":[10]},{"time":"1702311211097","type":"comment","value":["Je nach Programmierung kann ein Roboter möglicherweise nicht alle Fälle flexibel reagieren. Durch Machine Learning sollte das aber mit der Zeit möglich sein"]},{"time":"1702311211097","type":"selected","value":[false]},{"time":"2023-12-11T16:13:31.678Z","type":"position","value":{"x":[611],"y":[135]}}],"isTextChangeable":1},{"id":"cbf196d2-ddff-4ccf-b05d-b36d58c75004","value":0,"text":"","comment":"","position":{"x":760,"y":224},"isActive":false,"date":1702311214953,"kind":"Node","isSelected":false,"isConnectorSelected":false,"isDraggable":1,"isDeletable":1,"hasElementMoved":false,"eventLog":[{"time":1702311214953,"type":"create node","value":0},{"time":1702311215873,"type":"selected","value":1},{"time":1702311216815,"type":"node was deleted","value":-99}],"isTextChangeable":1},{"id":"2de73d85-7ca9-462b-b827-951aa48ce8b7","value":-3,"text":"acceptance","comment":"Many people would probably have difficulty accepting robots","position":{"x":379,"y":189},"isActive":true,"date":1702311219063,"kind":"Node","isSelected":false,"isConnectorSelected":false,"isDraggable":1,"isDeletable":1,"hasElementMoved":false,"eventLog":[{"time":"1702311219063","type":"create node","value":[0]},{"time":"1702311219226","type":"selected","value":[true]},{"time":"1702311255763","type":"text","value":["Akzeptanz"]},{"time":"1702311255763","type":"value","value":[-3]},{"time":"1702311255763","type":"comment","value":["Viele Menschen hätten vermutlich SChwierigkeiten Roboter zu akzeptieren"]},{"time":"1702311255763","type":"selected","value":[false]},{"time":"2023-12-11T16:14:21.483Z","type":"position","value":{"x":[486],"y":[155]}}],"isTextChangeable":1}],"connectors":[{"id":"05be4561-da58-459a-bd20-8cb9a4e9d606","source":"fb9eae01-c536-48b8-b7cd-648e511202a3","target":"56cc3c1a-facc-4d57-8acd-6e430445259f","agreement":true,"isActive":true,"date":1702310548749,"kind":"Connector","isSelected":false,"intensity":3,"isDeletable":false,"isOver":false,"isBidirectional":false,"eventLog":[{"time":1702310548749,"type":"create connection"}]},{"id":"8defdaf0-f5a6-4fa4-b960-14f1aedf82b1","source":"fb9eae01-c536-48b8-b7cd-648e511202a3","target":"419878d1-7d71-445b-87cf-25f69310e59c","agreement":true,"isActive":true,"date":1702310548749,"kind":"Connector","isSelected":false,"intensity":3,"isDeletable":true,"isOver":false,"isBidirectional":false,"eventLog":[{"time":1702310548749,"type":"create connection"}]},{"id":"7095ed59-8a53-4394-b5a5-0ee64b9fd847","source":"91cf03fc-cedd-49af-81e7-b162b47a83dd","target":"419878d1-7d71-445b-87cf-25f69310e59c","agreement":true,"isActive":true,"date":1702310653041,"kind":"Connector","isSelected":false,"intensity":9,"isDeletable":true,"isOver":false,"isBidirectional":false,"eventLog":[{"time":1702310653041,"type":"create connection"},{"time":1702310654462,"type":"selected","value":1},{"time":1702310656229,"type":"change intensity of connector","value":9},{"time":1702310656229,"type":"selected","value":0}]},{"id":"059695f7-d414-4dc7-bcf5-6e037d48a6f0","source":"58890c9b-3fc8-493d-88eb-b140de5f45e7","target":"419878d1-7d71-445b-87cf-25f69310e59c","agreement":true,"isActive":true,"date":1702310723629,"kind":"Connector","isSelected":false,"intensity":6,"isDeletable":true,"isOver":false,"isBidirectional":false,"eventLog":[{"time":1702310723629,"type":"create connection"},{"time":1702310724441,"type":"selected","value":1},{"time":1702310726175,"type":"change intensity of connector","value":6},{"time":1702310726175,"type":"selected","value":0}]},{"id":"14ad8c9f-c9fe-47be-8b15-627da5208f6d","source":"419878d1-7d71-445b-87cf-25f69310e59c","target":"02bc7aaa-cfb0-4dd1-942c-869e55c3305a","agreement":true,"isActive":true,"date":1702310754742,"kind":"Connector","isSelected":false,"intensity":3,"isDeletable":true,"isOver":false,"isBidirectional":false,"eventLog":[{"time":1702310754742,"type":"create connection"}]},{"id":"40e4230b-bf40-4ada-ad7a-450294a601d2","source":"7328aac9-ecd0-4f71-8e42-ea4b25f0d225","target":"419878d1-7d71-445b-87cf-25f69310e59c","agreement":true,"isActive":true,"date":1702310777687,"kind":"Connector","isSelected":false,"intensity":3,"isDeletable":true,"isOver":false,"isBidirectional":false,"eventLog":[{"time":1702310777687,"type":"create connection"},{"time":1702310779223,"type":"selected","value":1},{"time":1702310780396,"type":"change intensity of connector","value":3},{"time":1702310780396,"type":"selected","value":0}]},{"id":"77cc2859-f56f-43e9-8c6e-dfd55df43cff","source":"859e5db2-9d18-44a2-8195-712a87dd5e27","target":"56cc3c1a-facc-4d57-8acd-6e430445259f","agreement":true,"isActive":true,"date":1702310813939,"kind":"Connector","isSelected":false,"intensity":6,"isDeletable":true,"isOver":false,"isBidirectional":false,"eventLog":[{"time":1702310813939,"type":"create connection"},{"time":1702310814743,"type":"selected","value":1},{"time":1702310816243,"type":"change intensity of connector","value":6},{"time":1702310816243,"type":"selected","value":0}]},{"id":"524dfd91-1e32-4864-a9ea-0a1c9995213d","source":"bee889e5-92c2-4dbf-8e6b-a6f06af6e660","target":"56cc3c1a-facc-4d57-8acd-6e430445259f","agreement":true,"isActive":true,"date":1702310872768,"kind":"Connector","isSelected":false,"intensity":6,"isDeletable":true,"isOver":false,"isBidirectional":false,"eventLog":[{"time":1702310872768,"type":"create connection"},{"time":1702310874409,"type":"selected","value":1},{"time":1702310877782,"type":"change intensity of connector","value":6},{"time":1702310877782,"type":"selected","value":0}]},{"id":"4fa7b377-c84a-4833-9c22-c39ba88e2e02","source":"07937d33-af7f-476f-8cd3-8f332a42614d","target":"bee889e5-92c2-4dbf-8e6b-a6f06af6e660","agreement":false,"isActive":true,"date":1702310921143,"kind":"Connector","isSelected":false,"intensity":6,"isDeletable":true,"isOver":false,"isBidirectional":false,"eventLog":[{"time":1702310921143,"type":"create connection"},{"time":1702310921767,"type":"selected","value":1},{"time":1702310923373,"type":"change intensity of connector","value":-6},{"time":1702310923373,"type":"selected","value":0}]},{"id":"f070858c-942e-48a2-95a1-6dc1cbed1c5b","source":"739fd7ed-b452-48bc-83b7-704783a49002","target":"56cc3c1a-facc-4d57-8acd-6e430445259f","agreement":false,"isActive":true,"date":1702310995306,"kind":"Connector","isSelected":false,"intensity":6,"isDeletable":true,"isOver":false,"isBidirectional":false,"eventLog":[{"time":1702310995306,"type":"create connection"},{"time":1702310996842,"type":"selected","value":1},{"time":1702310998312,"type":"change intensity of connector","value":-6},{"time":1702310998312,"type":"selected","value":0}]},{"id":"d8aac0c0-dc13-4213-892d-f6a991985fb1","source":"739fd7ed-b452-48bc-83b7-704783a49002","target":"419878d1-7d71-445b-87cf-25f69310e59c","agreement":true,"isActive":true,"date":1702310999170,"kind":"Connector","isSelected":false,"intensity":6,"isDeletable":true,"isOver":false,"isBidirectional":false,"eventLog":[{"time":1702310999170,"type":"create connection"},{"time":1702310999936,"type":"selected","value":1},{"time":1702311001200,"type":"change intensity of connector","value":6},{"time":1702311001200,"type":"selected","value":0}]},{"id":"876508c7-1910-4df1-a1b3-5efa2a27a9eb","source":"91d98f78-59e8-41ff-821b-6edb0eadfdb1","target":"419878d1-7d71-445b-87cf-25f69310e59c","agreement":true,"isActive":true,"date":1702311057291,"kind":"Connector","isSelected":false,"intensity":6,"isDeletable":true,"isOver":false,"isBidirectional":false,"eventLog":[{"time":1702311057291,"type":"create connection"},{"time":1702311058203,"type":"selected","value":1},{"time":1702311059496,"type":"change intensity of connector","value":6},{"time":1702311059496,"type":"selected","value":0}]},{"id":"881f82a6-cda2-4c45-908b-78dbccf2656b","source":"4f374714-6135-4b27-b75c-dd1dd9112fb5","target":"56cc3c1a-facc-4d57-8acd-6e430445259f","agreement":true,"isActive":true,"date":1702311127326,"kind":"Connector","isSelected":false,"intensity":3,"isDeletable":true,"isOver":false,"isBidirectional":false,"eventLog":[{"time":1702311127326,"type":"create connection"},{"time":1702311129522,"type":"selected","value":1},{"time":1702311135992,"type":"change intensity of connector","value":3},{"time":1702311135992,"type":"selected","value":0}]},{"id":"8c2c5e0a-0035-46d1-9e4c-401714d803bf","source":"a62b01cf-2770-49b0-b841-c9be45b7fe9d","target":"56cc3c1a-facc-4d57-8acd-6e430445259f","agreement":true,"isActive":true,"date":1702311213162,"kind":"Connector","isSelected":false,"intensity":3,"isDeletable":true,"isOver":false,"isBidirectional":false,"eventLog":[{"time":1702311213162,"type":"create connection"}]},{"id":"7cb3bd9e-9f41-4174-9f99-baaef36a6aff","source":"a62b01cf-2770-49b0-b841-c9be45b7fe9d","target":"419878d1-7d71-445b-87cf-25f69310e59c","agreement":true,"isActive":true,"date":1702311214492,"kind":"Connector","isSelected":false,"intensity":3,"isDeletable":true,"isOver":false,"isBidirectional":false,"eventLog":[{"time":1702311214492,"type":"create connection"}]},{"id":"67681437-f78d-47fb-ac87-98a38a9d9fdd","source":"2de73d85-7ca9-462b-b827-951aa48ce8b7","target":"56cc3c1a-facc-4d57-8acd-6e430445259f","agreement":true,"isActive":true,"date":1702311256841,"kind":"Connector","isSelected":false,"intensity":9,"isDeletable":true,"isOver":false,"isBidirectional":false,"eventLog":[{"time":1702311256841,"type":"create connection"},{"time":1702311257727,"type":"selected","value":1},{"time":1702311260997,"type":"change intensity of connector","value":9},{"time":1702311260997,"type":"selected","value":0}]}],"currentID":{},"currentNode":{},"hasSelectedNode":[false],"currentConnector":{},"hasSelectedConnector":[false],"readyToMove":[false],"isIncoming":[false],"hasElementMoved":[false]}
