{"idCAM":["78195f5a-759b-41ad-b5d7-2a4e588ede72"],"creator":["6532825749ca31d35c5cc482_pre"],"projectCAM":["S2_CAM part 1"],"defocusCAM":["NA",5048,2792],"date":[1702319927332],"nodes":[{"id":"d46dd072-fe15-42a7-847a-357db36192ff","value":0,"text":"rescue robot","comment":"","position":{"x":650,"y":400},"isActive":true,"date":1702319928221,"kind":"Node","isSelected":false,"isConnectorSelected":false,"isDraggable":0,"isDeletable":0,"hasElementMoved":false,"eventLog":[{"time":1702319928221,"type":"create node","value":0}],"isTextChangeable":0},{"id":"9331fa11-182e-4660-8636-b85e617836a5","value":0,"text":"disadvantages","comment":"","position":{"x":450,"y":400},"isActive":true,"date":1702319928224,"kind":"Node","isSelected":false,"isConnectorSelected":false,"isDraggable":0,"isDeletable":0,"hasElementMoved":false,"eventLog":[{"time":1702319928224,"type":"create node","value":0},{"time":1702320332490,"type":"selected","value":1},{"time":1702320342408,"type":"selected","value":0}],"isTextChangeable":0},{"id":"c481a32f-c48b-4fc7-a1f4-758516388d1b","value":0,"text":"advantages","comment":"","position":{"x":850,"y":400},"isActive":true,"date":1702319928224,"kind":"Node","isSelected":false,"isConnectorSelected":true,"isDraggable":0,"isDeletable":0,"hasElementMoved":false,"eventLog":[{"time":1702319928224,"type":"create node","value":0},{"time":1702320418078,"type":"selected","value":1},{"time":1702320419938,"type":"selected","value":0}],"isTextChangeable":0},{"id":"2f8f0965-1215-4b98-99c4-fecc7e77f850","value":3,"text":"no signs of fatigue","comment":"","position":{"x":1021.6,"y":176.6333},"isActive":true,"date":1702319947988,"kind":"Node","isSelected":false,"isConnectorSelected":false,"isDraggable":1,"isDeletable":1,"hasElementMoved":false,"eventLog":[{"time":"1702319947988","type":"create node","value":[0]},{"time":"2023-12-11T18:39:09.134Z","type":"position","value":{"x":[1010.6],"y":[239.6333]}},{"time":"1702319953521","type":"selected","value":[true]},{"time":"1702319970435","type":"text","value":["Keine Ermüdungscheinungen"]},{"time":"1702319970435","type":"value","value":[3]},{"time":"1702319970435","type":"selected","value":[false]},{"time":"2023-12-11T18:39:31.790Z","type":"position","value":{"x":[961.6],"y":[163.6333]}},{"time":"2023-12-11T18:39:59.384Z","type":"position","value":{"x":[1046.6],"y":[146.6333]}}],"isTextChangeable":1},{"id":"a988e2f7-a18b-41ef-bdf3-5e14a498411d","value":1,"text":"cost arm","comment":"No social contributions etc. Doesn't get sick.","position":{"x":1094.6,"y":286.6333},"isActive":true,"date":1702319972629,"kind":"Node","isSelected":false,"isConnectorSelected":false,"isDraggable":1,"isDeletable":1,"hasElementMoved":false,"eventLog":[{"time":"1702319972629","type":"create node","value":[0]},{"time":"2023-12-11T18:39:34.071Z","type":"position","value":{"x":[1007.6],"y":[272.6333]}},{"time":"2023-12-11T18:39:58.561Z","type":"position","value":{"x":[1053.6],"y":[272.6333]}},{"time":"1702320005239","type":"selected","value":[true]},{"time":"1702320023125","type":"text","value":["Kosten arm"]},{"time":"1702320023125","type":"value","value":[1]},{"time":"1702320023125","type":"selected","value":[false]},{"time":"2023-12-11T18:40:31.864Z","type":"position","value":{"x":[1029.6],"y":[310.6333]}},{"time":"1702320033832","type":"selected","value":[true]},{"time":"1702320035546","type":"selected","value":[false]},{"time":"1702320388670","type":"selected","value":[true]},{"time":"1702320413430","type":"comment","value":["Keine Sozialabgaben etc.\nWird nicht Krank."]},{"time":"1702320413430","type":"selected","value":[false]}],"isTextChangeable":1},{"id":"392708e8-e216-4431-8fc0-6226071c31e3","value":-3,"text":"Emotionslos","comment":"lässt sich nicht von gefühlen leiten was vielleicht bei einer Rettungsaktion wichtig sein könnte.","position":{"x":238.6,"y":171.6333},"isActive":false,"date":1702319978281,"kind":"Node","isSelected":false,"isConnectorSelected":false,"isDraggable":1,"isDeletable":1,"hasElementMoved":false,"eventLog":[{"time":"1702319978281","type":"create node","value":[0]},{"time":"1702319979944","type":"selected","value":[true]},{"time":"1702319988231","type":"text","value":["Keine Emotionen"]},{"time":"1702319988231","type":"value","value":[-3]},{"time":"1702319988231","type":"selected","value":[false]},{"time":"2023-12-11T18:39:49.204Z","type":"position","value":{"x":[348.6],"y":[165.6333]}},{"time":"2023-12-11T18:40:40.378Z","type":"position","value":{"x":[317.6],"y":[156.6333]}},{"time":"2023-12-11T18:45:29.179Z","type":"position","value":{"x":[312.6],"y":[177.6333]}},{"time":"2023-12-11T18:46:00.534Z","type":"position","value":{"x":[279.6],"y":[206.6333]}},{"time":"2023-12-11T18:47:31.436Z","type":"position","value":{"x":[182.6],"y":[114.6333]}},{"time":"1702320455482","type":"selected","value":[true]},{"time":"1702320487997","type":"text","value":["Emotionslos"]},{"time":"1702320487997","type":"comment","value":["lässt sich nicht von gefühlen leiten was vielleicht bei einer Rettungsaktion wichtig sein könnte."]},{"time":"1702320487997","type":"selected","value":[false]},{"time":"1702320545242","type":"selected","value":[true]},{"time":"1702320545659","type":"selected","value":[false]},{"time":"1702320546604","type":"selected","value":[true]},{"time":"1702320547743","type":"node was deleted","value":[-99]}],"isTextChangeable":1},{"id":"751127bc-e990-42fe-82a0-bbed5955f7ad","value":10,"text":"emotionless","comment":"No emotions involved in decisions when automated","position":{"x":647.6,"y":275.6333},"isActive":true,"date":1702320041535,"kind":"Node","isSelected":false,"isConnectorSelected":true,"isDraggable":1,"isDeletable":1,"hasElementMoved":false,"eventLog":[{"time":"1702320041535","type":"create node","value":[0]},{"time":"2023-12-11T18:40:44.634Z","type":"position","value":{"x":[391.6],"y":[252.6333]}},{"time":"2023-12-11T18:40:44.768Z","type":"position","value":{"x":[231.6],"y":[308.6333]}},{"time":"2023-12-11T18:40:51.729Z","type":"position","value":{"x":[252.6],"y":[275.6333]}},{"time":"2023-12-11T18:40:54.329Z","type":"position","value":{"x":[414.6],"y":[129.6333]}},{"time":"2023-12-11T18:40:54.359Z","type":"position","value":{"x":[439.6],"y":[124.6333]}},{"time":"1702320059839","type":"selected","value":[true]},{"time":"1702320094096","type":"text","value":["emotionslos"]},{"time":"1702320094096","type":"comment","value":["Keine Emotionen bei entscheidungen wenn automatisiert"]},{"time":"1702320094096","type":"selected","value":[false]},{"time":"2023-12-11T18:41:43.385Z","type":"position","value":{"x":[452.6],"y":[98.6333]}},{"time":"2023-12-11T18:41:43.550Z","type":"position","value":{"x":[606.6],"y":[105.6333]}},{"time":"2023-12-11T18:41:48.965Z","type":"position","value":{"x":[634.6],"y":[111.6333]}},{"time":"1702320111795","type":"selected","value":[true]},{"time":"1702320113976","type":"value","value":[10]},{"time":"1702320113976","type":"selected","value":[false]},{"time":"2023-12-11T18:48:13.348Z","type":"position","value":{"x":[662.6],"y":[126.6333]}},{"time":"2023-12-11T18:48:13.935Z","type":"position","value":{"x":[640.6],"y":[278.6333]}}],"isTextChangeable":1},{"id":"90a01d3e-7064-4932-aac6-df3f3e7b9467","value":0,"text":"","comment":"","position":{"x":758.6,"y":116.6333},"isActive":false,"date":1702320095471,"kind":"Node","isSelected":false,"isConnectorSelected":false,"isDraggable":1,"isDeletable":1,"hasElementMoved":false,"eventLog":[{"time":1702320095471,"type":"create node","value":0},{"time":1702320096639,"type":"selected","value":1},{"time":1702320099431,"type":"selected","value":0},{"time":1702320101791,"type":"selected","value":1},{"time":1702320102555,"type":"node was deleted","value":-99}],"isTextChangeable":1},{"id":"f056903e-133c-460a-ac4f-7c17f49f8842","value":-1,"text":"programmed","comment":"No deviations from programming","position":{"x":215.6,"y":318.6333},"isActive":true,"date":1702320156059,"kind":"Node","isSelected":false,"isConnectorSelected":false,"isDraggable":1,"isDeletable":1,"hasElementMoved":false,"eventLog":[{"time":"1702320156059","type":"create node","value":[0]},{"time":"2023-12-11T18:42:36.701Z","type":"position","value":{"x":[239.6],"y":[361.6333]}},{"time":"1702320158859","type":"selected","value":[true]},{"time":"1702320175208","type":"text","value":["Programmiert"]},{"time":"1702320175208","type":"selected","value":[false]},{"time":"1702320177913","type":"selected","value":[true]},{"time":"1702320197203","type":"comment","value":["Keinerlei abweichungen von Progrsammierung"]},{"time":"1702320197203","type":"selected","value":[false]},{"time":"1702320200784","type":"selected","value":[true]},{"time":"1702320205693","type":"value","value":[-1]},{"time":"1702320205693","type":"selected","value":[false]},{"time":"2023-12-11T18:45:28.464Z","type":"position","value":{"x":[235.6],"y":[306.6333]}}],"isTextChangeable":1},{"id":"81c89b91-975b-4748-879c-0bc1588f692c","value":3,"text":"comprehension","comment":"Can store events more like a 'human witness', for example, in accidents.","position":{"x":1099.6,"y":398.6333},"isActive":true,"date":1702320217887,"kind":"Node","isSelected":false,"isConnectorSelected":false,"isDraggable":1,"isDeletable":1,"hasElementMoved":false,"eventLog":[{"time":"1702320217887","type":"create node","value":[0]},{"time":"1702320218037","type":"selected","value":[true]},{"time":"1702320218729","type":"selected","value":[false]},{"time":"1702320219298","type":"selected","value":[true]},{"time":"1702320266708","type":"text","value":["Auffassungsgabe"]},{"time":"1702320266708","type":"comment","value":["Kann geschehnisse eher Speichern wie ein \"Menschlicher Zeuge\" z.B. bei unfällen."]},{"time":"1702320266708","type":"selected","value":[false]},{"time":"1702320267565","type":"selected","value":[true]},{"time":"1702320270812","type":"value","value":[3]},{"time":"1702320270812","type":"selected","value":[false]},{"time":"2023-12-11T18:44:31.257Z","type":"position","value":{"x":[1025.6],"y":[436.6333]}}],"isTextChangeable":1},{"id":"1704b8cb-086b-451a-a7d1-b398d90326e3","value":2,"text":"replaceable","comment":"Easy to replace in case of loss","position":{"x":880.6,"y":145.6333},"isActive":true,"date":1702320282661,"kind":"Node","isSelected":false,"isConnectorSelected":false,"isDraggable":1,"isDeletable":1,"hasElementMoved":false,"eventLog":[{"time":"1702320282661","type":"create node","value":[0]},{"time":"1702320283559","type":"selected","value":[true]},{"time":"1702320308394","type":"text","value":["Ersetzbar"]},{"time":"1702320308394","type":"value","value":[2]},{"time":"1702320308394","type":"comment","value":["Im verlustfall leicht zu ersetzen"]},{"time":"1702320308394","type":"selected","value":[false]},{"time":"2023-12-11T18:45:09.173Z","type":"position","value":{"x":[956.6],"y":[538.6333]}},{"time":"2023-12-11T18:45:13.624Z","type":"position","value":{"x":[1040.6],"y":[512.6333]}},{"time":"2023-12-11T18:45:13.759Z","type":"position","value":{"x":[909.6],"y":[282.6333]}},{"time":"2023-12-11T18:45:13.776Z","type":"position","value":{"x":[878.6],"y":[201.6333]}},{"time":"2023-12-11T18:45:13.809Z","type":"position","value":{"x":[867.6],"y":[132.6333]}},{"time":"1702320317911","type":"selected","value":[true]},{"time":"1702320322311","type":"text","value":["Ersetzlich"]},{"time":"1702320322311","type":"selected","value":[false]},{"time":"1702320385529","type":"selected","value":[true]},{"time":"1702320386866","type":"selected","value":[false]}],"isTextChangeable":1},{"id":"970c81b3-f70e-4ea3-a8e6-0c65376bb53e","value":1,"text":"expensive","comment":"The maintenance and upkeep is costly.","position":{"x":412.6,"y":150.6333},"isActive":true,"date":1702320342905,"kind":"Node","isSelected":false,"isConnectorSelected":false,"isDraggable":1,"isDeletable":1,"hasElementMoved":false,"eventLog":[{"time":1702320342905,"type":"create node","value":"0"},{"time":1702320343602,"type":"selected","value":"TRUE"},{"time":1702320352162,"type":"text","value":"Teuer"},{"time":1702320352162,"type":"value","value":"1"},{"time":1702320352162,"type":"selected","value":"FALSE"},{"time":1702320361950,"type":"selected","value":"TRUE"},{"time":1702320382872,"type":"comment","value":"Die Wartung und instandhaltung ist kostenaufwendig."},{"time":1702320382872,"type":"selected","value":"FALSE"}],"isTextChangeable":1},{"id":"62845059-2db6-4eb1-a9ff-328f04185368","value":3,"text":"versatile","comment":"","position":{"x":1012.6,"y":530.6333},"isActive":true,"date":1702320420141,"kind":"Node","isSelected":false,"isConnectorSelected":false,"isDraggable":1,"isDeletable":1,"hasElementMoved":false,"eventLog":[{"time":1702320420141,"type":"create node","value":"0"},{"time":1702320421436,"type":"selected","value":"TRUE"},{"time":1702320430482,"type":"text","value":"Vielseitig einsetzbar"},{"time":1702320430482,"type":"selected","value":"FALSE"},{"time":1702320433064,"type":"selected","value":"TRUE"},{"time":1702320435447,"type":"value","value":"3"},{"time":1702320435447,"type":"selected","value":"FALSE"}],"isTextChangeable":1},{"id":"9b6f716e-2a95-449e-9302-b2933e7c54be","value":-2,"text":"not flexible","comment":"Just executes commands.","position":{"x":193.6,"y":465.6333},"isActive":true,"date":1702320449085,"kind":"Node","isSelected":false,"isConnectorSelected":false,"isDraggable":1,"isDeletable":1,"hasElementMoved":false,"eventLog":[{"time":"1702320449085","type":"create node","value":[0]},{"time":"2023-12-11T18:47:29.845Z","type":"position","value":{"x":[376.6],"y":[508.6333]}},{"time":"2023-12-11T18:47:30.503Z","type":"position","value":{"x":[223.6],"y":[445.6333]}},{"time":"2023-12-11T18:48:09.357Z","type":"position","value":{"x":[219.6],"y":[449.6333]}},{"time":"2023-12-11T18:48:11.132Z","type":"position","value":{"x":[215.6],"y":[456.6333]}},{"time":"1702320518923","type":"selected","value":[true]},{"time":"1702320544338","type":"selected","value":[false]},{"time":"2023-12-11T18:49:10.079Z","type":"position","value":{"x":[242.6],"y":[469.6333]}},{"time":"1702320552671","type":"selected","value":[true]},{"time":"1702320570561","type":"text","value":["Nicht Flexibel"]},{"time":"1702320570561","type":"value","value":[-2]},{"time":"1702320570561","type":"selected","value":[false]},{"time":"1702320571383","type":"selected","value":[true]},{"time":"1702320589731","type":"comment","value":["Führt nur \"Befehle\" aus."]},{"time":"1702320589731","type":"selected","value":[false]},{"time":"2023-12-11T18:51:20.291Z","type":"position","value":{"x":[231.6],"y":[436.6333]}}],"isTextChangeable":1},{"id":"574fd3e1-33ea-40dd-97cf-fc06e4812b3c","value":2,"text":"malfunctions","comment":"Malfunctions due to external factors (weather, underground)","position":{"x":351.6,"y":559.6333},"isActive":true,"date":1702320548725,"kind":"Node","isSelected":false,"isConnectorSelected":false,"isDraggable":1,"isDeletable":1,"hasElementMoved":false,"eventLog":[{"time":"1702320548725","type":"create node","value":[0]},{"time":"1702320594134","type":"selected","value":[true]},{"time":"1702320670832","type":"text","value":["Fehlfunktionen"]},{"time":"1702320670832","type":"value","value":[1]},{"time":"1702320670832","type":"comment","value":["Fehlfunktionen durch externe Faktoren (wetter, untergrund g"]},{"time":"1702320670832","type":"selected","value":[false]},{"time":"2023-12-11T18:51:15.910Z","type":"position","value":{"x":[304.6],"y":[558.6333]}},{"time":"1702320676539","type":"selected","value":[true]},{"time":"1702320678648","type":"value","value":[2]},{"time":"1702320678648","type":"selected","value":[false]}],"isTextChangeable":1},{"id":"13e81a1b-98e9-4638-85e6-11dbfd6bf488","value":0,"text":"","comment":"","position":{"x":542.6,"y":533.6333},"isActive":false,"date":1702320681071,"kind":"Node","isSelected":false,"isConnectorSelected":false,"isDraggable":1,"isDeletable":1,"hasElementMoved":false,"eventLog":[{"time":1702320681071,"type":"create node","value":0},{"time":1702320682733,"type":"selected","value":1},{"time":1702320683146,"type":"selected","value":0},{"time":1702320684385,"type":"selected","value":1},{"time":1702320685321,"type":"node was deleted","value":-99}],"isTextChangeable":1}],"connectors":[{"id":"8d3df0b2-8af0-4a31-8879-fe074d78d7f1","source":"d46dd072-fe15-42a7-847a-357db36192ff","target":"9331fa11-182e-4660-8636-b85e617836a5","agreement":true,"isActive":true,"date":1702319928225,"kind":"Connector","isSelected":false,"intensity":3,"isDeletable":false,"isOver":false,"isBidirectional":false,"eventLog":[{"time":1702319928225,"type":"create connection"}]},{"id":"bed0fa27-e1fe-496d-a6ed-bd4eed03c90f","source":"d46dd072-fe15-42a7-847a-357db36192ff","target":"c481a32f-c48b-4fc7-a1f4-758516388d1b","agreement":true,"isActive":true,"date":1702319928226,"kind":"Connector","isSelected":false,"intensity":3,"isDeletable":true,"isOver":false,"isBidirectional":false,"eventLog":[{"time":1702319928226,"type":"create connection"}]},{"id":"ae61ace9-1275-4543-9237-3608e4c30df3","source":"2f8f0965-1215-4b98-99c4-fecc7e77f850","target":"c481a32f-c48b-4fc7-a1f4-758516388d1b","agreement":true,"isActive":true,"date":1702320025560,"kind":"Connector","isSelected":false,"intensity":9,"isDeletable":true,"isOver":false,"isBidirectional":false,"eventLog":[{"time":1702320025560,"type":"create connection"},{"time":1702320029246,"type":"selected","value":1},{"time":1702320031065,"type":"change intensity of connector","value":9},{"time":1702320031065,"type":"selected","value":0}]},{"id":"6be107f3-f6a7-44e8-ade9-60dd9505c4ac","source":"a988e2f7-a18b-41ef-bdf3-5e14a498411d","target":"c481a32f-c48b-4fc7-a1f4-758516388d1b","agreement":true,"isActive":true,"date":1702320036693,"kind":"Connector","isSelected":false,"intensity":6,"isDeletable":true,"isOver":false,"isBidirectional":false,"eventLog":[{"time":1702320036693,"type":"create connection"},{"time":1702320037726,"type":"selected","value":1},{"time":1702320039333,"type":"change intensity of connector","value":6},{"time":1702320039333,"type":"selected","value":0}]},{"id":"0e16df5a-d1eb-4925-b0d1-369047ae5ef9","source":"392708e8-e216-4431-8fc0-6226071c31e3","target":"751127bc-e990-42fe-82a0-bbed5955f7ad","agreement":true,"isActive":false,"date":1702320042799,"kind":"Connector","isSelected":false,"intensity":3,"isDeletable":true,"isOver":false,"isBidirectional":false,"eventLog":[{"time":1702320042799,"type":"create connection"},{"time":1702320106453,"type":"selected","value":1},{"time":1702320107609,"type":"connector was deleted","value":-99},{"time":1702320107609,"type":"active","value":0},{"time":1702320547743,"type":"active","value":0}]},{"id":"b21e08e8-9312-4cd9-ad1c-b2741bb28f1c","source":"392708e8-e216-4431-8fc0-6226071c31e3","target":"9331fa11-182e-4660-8636-b85e617836a5","agreement":true,"isActive":false,"date":1702320049545,"kind":"Connector","isSelected":false,"intensity":3,"isDeletable":true,"isOver":false,"isBidirectional":false,"eventLog":[{"time":1702320049545,"type":"create connection"},{"time":1702320547743,"type":"active","value":false}]},{"id":"3f5df600-3e55-4ed7-8f89-8797dc03750a","source":"751127bc-e990-42fe-82a0-bbed5955f7ad","target":"9331fa11-182e-4660-8636-b85e617836a5","agreement":false,"isActive":true,"date":1702320116470,"kind":"Connector","isSelected":false,"intensity":6,"isDeletable":true,"isOver":false,"isBidirectional":false,"eventLog":[{"time":1702320116470,"type":"create connection"},{"time":1702320118798,"type":"selected","value":1},{"time":1702320122632,"type":"change intensity of connector","value":-6},{"time":1702320122632,"type":"selected","value":0},{"time":1702320511307,"type":"selected","value":1},{"time":1702320511721,"type":"change intensity of connector","value":-6},{"time":1702320511721,"type":"selected","value":0},{"time":1702320512840,"type":"selected","value":1},{"time":1702320514987,"type":"change intensity of connector","value":3},{"time":1702320514987,"type":"selected","value":0},{"time":1702320710702,"type":"selected","value":1},{"time":1702320713993,"type":"change intensity of connector","value":-6},{"time":1702320713993,"type":"selected","value":0}]},{"id":"6a71bedf-9c3e-40fa-b864-80c6c13328c0","source":"751127bc-e990-42fe-82a0-bbed5955f7ad","target":"c481a32f-c48b-4fc7-a1f4-758516388d1b","agreement":false,"isActive":true,"date":1702320117696,"kind":"Connector","isSelected":false,"intensity":3,"isDeletable":true,"isOver":false,"isBidirectional":false,"eventLog":[{"time":1702320117696,"type":"create connection"},{"time":1702320123977,"type":"selected","value":1},{"time":1702320126926,"type":"change intensity of connector","value":-6},{"time":1702320126926,"type":"selected","value":0},{"time":1702320515077,"type":"selected","value":1},{"time":1702320518183,"type":"change intensity of connector","value":3},{"time":1702320518183,"type":"selected","value":0},{"time":1702320707743,"type":"selected","value":1},{"time":1702320710575,"type":"change intensity of connector","value":-6},{"time":1702320710575,"type":"selected","value":0},{"time":1702320714114,"type":"selected","value":1},{"time":1702320715923,"type":"change intensity of connector","value":-3},{"time":1702320715923,"type":"selected","value":0}]},{"id":"91474150-918e-4d0d-813f-c25376c7a3ed","source":"f056903e-133c-460a-ac4f-7c17f49f8842","target":"9331fa11-182e-4660-8636-b85e617836a5","agreement":true,"isActive":true,"date":1702320199802,"kind":"Connector","isSelected":false,"intensity":3,"isDeletable":true,"isOver":false,"isBidirectional":false,"eventLog":[{"time":1702320199802,"type":"create connection"}]},{"id":"7ee531d0-bc00-44de-bf30-7cb67a0d94a3","source":"81c89b91-975b-4748-879c-0bc1588f692c","target":"c481a32f-c48b-4fc7-a1f4-758516388d1b","agreement":true,"isActive":true,"date":1702320273106,"kind":"Connector","isSelected":false,"intensity":3,"isDeletable":true,"isOver":false,"isBidirectional":false,"eventLog":[{"time":1702320273106,"type":"create connection"}]},{"id":"5372a7fc-11ed-4ef6-8aaa-c44d81b008fe","source":"2f8f0965-1215-4b98-99c4-fecc7e77f850","target":"a988e2f7-a18b-41ef-bdf3-5e14a498411d","agreement":true,"isActive":true,"date":1702320275092,"kind":"Connector","isSelected":false,"intensity":3,"isDeletable":true,"isOver":false,"isBidirectional":false,"eventLog":[{"time":1702320275092,"type":"create connection"}]},{"id":"dc563546-83f6-491a-bad9-f4ca15bb3710","source":"a988e2f7-a18b-41ef-bdf3-5e14a498411d","target":"81c89b91-975b-4748-879c-0bc1588f692c","agreement":true,"isActive":true,"date":1702320276270,"kind":"Connector","isSelected":false,"intensity":3,"isDeletable":true,"isOver":false,"isBidirectional":false,"eventLog":[{"time":1702320276270,"type":"create connection"}]},{"id":"de2cdf12-25e5-42f5-97d2-899859299e77","source":"c481a32f-c48b-4fc7-a1f4-758516388d1b","target":"1704b8cb-086b-451a-a7d1-b398d90326e3","agreement":true,"isActive":true,"date":1702320311365,"kind":"Connector","isSelected":false,"intensity":3,"isDeletable":true,"isOver":false,"isBidirectional":false,"eventLog":[{"time":1702320311365,"type":"create connection"}]},{"id":"543d1104-6d6d-4736-be55-14d4f763cff8","source":"970c81b3-f70e-4ea3-a8e6-0c65376bb53e","target":"9331fa11-182e-4660-8636-b85e617836a5","agreement":true,"isActive":true,"date":1702320353610,"kind":"Connector","isSelected":false,"intensity":3,"isDeletable":true,"isOver":false,"isBidirectional":false,"eventLog":[{"time":1702320353610,"type":"create connection"}]},{"id":"467e45ad-92ed-4369-8397-4b32c2722bdf","source":"970c81b3-f70e-4ea3-a8e6-0c65376bb53e","target":"f056903e-133c-460a-ac4f-7c17f49f8842","agreement":true,"isActive":true,"date":1702320358844,"kind":"Connector","isSelected":false,"intensity":3,"isDeletable":true,"isOver":false,"isBidirectional":false,"eventLog":[{"time":1702320358844,"type":"create connection"},{"time":1702320696260,"type":"selected","value":1},{"time":1702320703491,"type":"change intensity of connector","value":3},{"time":1702320703491,"type":"selected","value":0}]},{"id":"70fd8822-527c-42e4-ad4e-e26254aacf70","source":"62845059-2db6-4eb1-a9ff-328f04185368","target":"c481a32f-c48b-4fc7-a1f4-758516388d1b","agreement":true,"isActive":true,"date":1702320436887,"kind":"Connector","isSelected":false,"intensity":3,"isDeletable":true,"isOver":false,"isBidirectional":false,"eventLog":[{"time":1702320436887,"type":"create connection"}]},{"id":"3288a09d-6fe7-4504-9ad1-024d37b3c627","source":"751127bc-e990-42fe-82a0-bbed5955f7ad","target":"d46dd072-fe15-42a7-847a-357db36192ff","agreement":false,"isActive":true,"date":1702320497307,"kind":"Connector","isSelected":false,"intensity":6,"isDeletable":true,"isOver":false,"isBidirectional":false,"eventLog":[{"time":1702320497307,"type":"create connection"},{"time":1702320498948,"type":"selected","value":1},{"time":1702320507422,"type":"change intensity of connector","value":3},{"time":1702320507422,"type":"selected","value":0},{"time":1702320704604,"type":"selected","value":1},{"time":1702320707631,"type":"change intensity of connector","value":-6},{"time":1702320707631,"type":"selected","value":0}]},{"id":"1c1b69f1-2880-42a7-a4d5-0ead6424f6a6","source":"9b6f716e-2a95-449e-9302-b2933e7c54be","target":"f056903e-133c-460a-ac4f-7c17f49f8842","agreement":true,"isActive":true,"date":1702320592124,"kind":"Connector","isSelected":false,"intensity":3,"isDeletable":true,"isOver":false,"isBidirectional":false,"eventLog":[{"time":1702320592124,"type":"create connection"}]},{"id":"314f6bec-62a8-4400-bdf7-6c16f4c4baa0","source":"574fd3e1-33ea-40dd-97cf-fc06e4812b3c","target":"f056903e-133c-460a-ac4f-7c17f49f8842","agreement":true,"isActive":true,"date":1702320673308,"kind":"Connector","isSelected":false,"intensity":3,"isDeletable":true,"isOver":false,"isBidirectional":false,"eventLog":[{"time":1702320673308,"type":"create connection"}]},{"id":"101e1723-1be9-446f-9592-40f59b6fe166","source":"574fd3e1-33ea-40dd-97cf-fc06e4812b3c","target":"9331fa11-182e-4660-8636-b85e617836a5","agreement":true,"isActive":true,"date":1702320674825,"kind":"Connector","isSelected":false,"intensity":3,"isDeletable":true,"isOver":false,"isBidirectional":false,"eventLog":[{"time":1702320674825,"type":"create connection"}]}],"currentID":["6a71bedf-9c3e-40fa-b864-80c6c13328c0"],"currentNode":{},"hasSelectedNode":[false],"currentConnector":{"id":["6a71bedf-9c3e-40fa-b864-80c6c13328c0"],"value":{},"source":["751127bc-e990-42fe-82a0-bbed5955f7ad"],"target":["c481a32f-c48b-4fc7-a1f4-758516388d1b"],"agreement":[false],"isActive":[true],"date":[1702320117696],"kind":["Connector"],"isSelected":[false],"intensity":[3],"isDeletable":[true],"isOver":[false],"isBidirectional":[false],"eventLog":[{"time":1702320117696,"type":"create connection"},{"time":1702320123977,"type":"selected","value":1},{"time":1702320126926,"type":"change intensity of connector","value":-6},{"time":1702320126926,"type":"selected","value":0},{"time":1702320515077,"type":"selected","value":1},{"time":1702320518183,"type":"change intensity of connector","value":3},{"time":1702320518183,"type":"selected","value":0},{"time":1702320707743,"type":"selected","value":1},{"time":1702320710575,"type":"change intensity of connector","value":-6},{"time":1702320710575,"type":"selected","value":0},{"time":1702320714114,"type":"selected","value":1},{"time":1702320715923,"type":"change intensity of connector","value":-3},{"time":1702320715923,"type":"selected","value":0}]},"hasSelectedConnector":[true],"readyToMove":[false],"isIncoming":[false],"hasElementMoved":[false]}
