{"idCAM":["53048963-b319-44e5-92a8-6a7d0451d672"],"creator":["6532825749ca31d35c5cc482_post"],"projectCAM":["S2_CAM part 2"],"defocusCAM":[null],"date":[1702320812986],"nodes":[{"id":"18ec730e-c745-41e6-ba2d-aaf2502627f6","value":0,"text":"rescue robot","comment":"","position":{"x":650,"y":400},"isActive":true,"date":1702320813907,"kind":"Node","isSelected":false,"isConnectorSelected":false,"isDraggable":0,"isDeletable":0,"hasElementMoved":false,"eventLog":[{"time":1702320813907,"type":"create node","value":0}],"isTextChangeable":0},{"id":"03593f4a-1f63-46c9-a086-32f1d1ca5b11","value":0,"text":"disadvantages","comment":"","position":{"x":450,"y":400},"isActive":true,"date":1702320813909,"kind":"Node","isSelected":false,"isConnectorSelected":false,"isDraggable":0,"isDeletable":0,"hasElementMoved":false,"eventLog":[{"time":1702320813909,"type":"create node","value":0}],"isTextChangeable":0},{"id":"a4856c98-e23d-42d3-897e-0bae5cfd730e","value":0,"text":"advantages","comment":"","position":{"x":850,"y":400},"isActive":true,"date":1702320813909,"kind":"Node","isSelected":false,"isConnectorSelected":false,"isDraggable":0,"isDeletable":0,"hasElementMoved":false,"eventLog":[{"time":1702320813909,"type":"create node","value":0}],"isTextChangeable":0},{"id":"63d36472-8b2f-4e83-9802-97007d09c780","value":3,"text":"no signs of fatigue","comment":"","position":{"x":1021.6,"y":176.6333},"isActive":true,"date":1702320813909,"kind":"Node","isSelected":false,"isConnectorSelected":false,"isDraggable":1,"isDeletable":1,"hasElementMoved":false,"eventLog":[{"time":1702320813909,"type":"create node","value":3}],"isTextChangeable":1},{"id":"c697670c-634f-48f9-822e-8fb451ed5f0d","value":1,"text":"cost arm","comment":"","position":{"x":1094.6,"y":286.6333},"isActive":true,"date":1702320813910,"kind":"Node","isSelected":false,"isConnectorSelected":false,"isDraggable":1,"isDeletable":1,"hasElementMoved":false,"eventLog":[{"time":1702320813910,"type":"create node","value":1}],"isTextChangeable":1},{"id":"c17a5c87-14a2-4e76-b936-76cd33ff6b56","value":10,"text":"emotionless","comment":"","position":{"x":647.6,"y":275.6333},"isActive":true,"date":1702320813910,"kind":"Node","isSelected":false,"isConnectorSelected":false,"isDraggable":1,"isDeletable":1,"hasElementMoved":false,"eventLog":[{"time":1702320813910,"type":"create node","value":10}],"isTextChangeable":1},{"id":"eca81e87-886c-4313-882d-5738cda7126c","value":-1,"text":"programmed","comment":"","position":{"x":215.6,"y":318.6333},"isActive":true,"date":1702320813910,"kind":"Node","isSelected":false,"isConnectorSelected":false,"isDraggable":1,"isDeletable":1,"hasElementMoved":false,"eventLog":[{"time":1702320813910,"type":"create node","value":-1}],"isTextChangeable":1},{"id":"d5dff376-1783-46f9-b84d-1bc939253a2a","value":3,"text":"comprehension","comment":"","position":{"x":1099.6,"y":398.6333},"isActive":true,"date":1702320813910,"kind":"Node","isSelected":false,"isConnectorSelected":false,"isDraggable":1,"isDeletable":1,"hasElementMoved":false,"eventLog":[{"time":1702320813910,"type":"create node","value":3}],"isTextChangeable":1},{"id":"d834397b-90a1-4f17-9d06-223ba20f3ad8","value":2,"text":"replaceable","comment":"","position":{"x":880.6,"y":145.6333},"isActive":true,"date":1702320813911,"kind":"Node","isSelected":false,"isConnectorSelected":false,"isDraggable":1,"isDeletable":1,"hasElementMoved":false,"eventLog":[{"time":1702320813911,"type":"create node","value":2}],"isTextChangeable":1},{"id":"40dcedc9-88dd-49fb-b29c-8aef9551f84c","value":1,"text":"expensive","comment":"","position":{"x":412.6,"y":150.6333},"isActive":true,"date":1702320813911,"kind":"Node","isSelected":false,"isConnectorSelected":false,"isDraggable":1,"isDeletable":1,"hasElementMoved":false,"eventLog":[{"time":1702320813911,"type":"create node","value":1}],"isTextChangeable":1},{"id":"756d69bb-390c-4bf8-a8e1-d1949420bdfe","value":3,"text":"versatile","comment":"","position":{"x":1012.6,"y":530.6333},"isActive":true,"date":1702320813911,"kind":"Node","isSelected":false,"isConnectorSelected":false,"isDraggable":1,"isDeletable":1,"hasElementMoved":false,"eventLog":[{"time":1702320813911,"type":"create node","value":3}],"isTextChangeable":1},{"id":"bc5d7b20-da15-49fa-87d6-b5de38f714a2","value":-2,"text":"not flexible","comment":"","position":{"x":193.6,"y":465.6333},"isActive":true,"date":1702320813912,"kind":"Node","isSelected":false,"isConnectorSelected":false,"isDraggable":1,"isDeletable":1,"hasElementMoved":false,"eventLog":[{"time":1702320813912,"type":"create node","value":-2}],"isTextChangeable":1},{"id":"74357232-da16-45ae-abf5-1ee3433846c8","value":2,"text":"malfunctions","comment":"","position":{"x":351.6,"y":559.6333},"isActive":true,"date":1702320813912,"kind":"Node","isSelected":false,"isConnectorSelected":false,"isDraggable":1,"isDeletable":1,"hasElementMoved":false,"eventLog":[{"time":1702320813912,"type":"create node","value":2}],"isTextChangeable":1}],"connectors":[{"id":"992d79ad-9f06-49cb-b658-f02c5c5c207f","source":"18ec730e-c745-41e6-ba2d-aaf2502627f6","target":"03593f4a-1f63-46c9-a086-32f1d1ca5b11","agreement":true,"isActive":true,"date":1702320813913,"kind":"Connector","isSelected":false,"intensity":3,"isDeletable":false,"isOver":false,"isBidirectional":false,"eventLog":[{"time":1702320813913,"type":"create connection"}]},{"id":"5ba8e05f-f229-4f43-87bc-3669ae7a7de4","source":"18ec730e-c745-41e6-ba2d-aaf2502627f6","target":"a4856c98-e23d-42d3-897e-0bae5cfd730e","agreement":true,"isActive":true,"date":1702320813913,"kind":"Connector","isSelected":false,"intensity":3,"isDeletable":true,"isOver":false,"isBidirectional":false,"eventLog":[{"time":1702320813914,"type":"create connection"}]},{"id":"320e3af4-e773-45c0-bb5f-e7a2da5be01c","source":"63d36472-8b2f-4e83-9802-97007d09c780","target":"a4856c98-e23d-42d3-897e-0bae5cfd730e","agreement":true,"isActive":true,"date":1702320813914,"kind":"Connector","isSelected":false,"intensity":9,"isDeletable":true,"isOver":false,"isBidirectional":false,"eventLog":[{"time":1702320813914,"type":"create connection"}]},{"id":"2bc5c6b8-0b04-403c-b6ad-38725ef56e25","source":"c697670c-634f-48f9-822e-8fb451ed5f0d","target":"a4856c98-e23d-42d3-897e-0bae5cfd730e","agreement":true,"isActive":true,"date":1702320813915,"kind":"Connector","isSelected":false,"intensity":6,"isDeletable":true,"isOver":false,"isBidirectional":false,"eventLog":[{"time":1702320813915,"type":"create connection"}]},{"id":"11ba2e6a-b97e-4b73-b65c-ade5124d409c","source":"c17a5c87-14a2-4e76-b936-76cd33ff6b56","target":"03593f4a-1f63-46c9-a086-32f1d1ca5b11","agreement":false,"isActive":true,"date":1702320813916,"kind":"Connector","isSelected":false,"intensity":6,"isDeletable":true,"isOver":false,"isBidirectional":false,"eventLog":[{"time":1702320813916,"type":"create connection"}]},{"id":"5ff09a9c-3dae-4323-a011-29da70a65b42","source":"c17a5c87-14a2-4e76-b936-76cd33ff6b56","target":"a4856c98-e23d-42d3-897e-0bae5cfd730e","agreement":false,"isActive":true,"date":1702320813917,"kind":"Connector","isSelected":false,"intensity":3,"isDeletable":true,"isOver":false,"isBidirectional":false,"eventLog":[{"time":1702320813917,"type":"create connection"}]},{"id":"0ede3bec-2e92-43c2-a7c0-477d66f0b53d","source":"eca81e87-886c-4313-882d-5738cda7126c","target":"03593f4a-1f63-46c9-a086-32f1d1ca5b11","agreement":true,"isActive":true,"date":1702320813918,"kind":"Connector","isSelected":false,"intensity":3,"isDeletable":true,"isOver":false,"isBidirectional":false,"eventLog":[{"time":1702320813918,"type":"create connection"}]},{"id":"e586da57-1c8a-464a-9100-f2fa5fb3809b","source":"d5dff376-1783-46f9-b84d-1bc939253a2a","target":"a4856c98-e23d-42d3-897e-0bae5cfd730e","agreement":true,"isActive":true,"date":1702320813918,"kind":"Connector","isSelected":false,"intensity":3,"isDeletable":true,"isOver":false,"isBidirectional":false,"eventLog":[{"time":1702320813918,"type":"create connection"}]},{"id":"be248daf-4107-4773-928b-ede37678df1e","source":"63d36472-8b2f-4e83-9802-97007d09c780","target":"c697670c-634f-48f9-822e-8fb451ed5f0d","agreement":true,"isActive":true,"date":1702320813918,"kind":"Connector","isSelected":false,"intensity":3,"isDeletable":true,"isOver":false,"isBidirectional":false,"eventLog":[{"time":1702320813918,"type":"create connection"}]},{"id":"d36e4d35-1cd3-41b1-bfd6-96427b597ffc","source":"c697670c-634f-48f9-822e-8fb451ed5f0d","target":"d5dff376-1783-46f9-b84d-1bc939253a2a","agreement":true,"isActive":true,"date":1702320813919,"kind":"Connector","isSelected":false,"intensity":3,"isDeletable":true,"isOver":false,"isBidirectional":false,"eventLog":[{"time":1702320813919,"type":"create connection"}]},{"id":"0d50df8c-3c6d-490c-adb7-c04051215251","source":"a4856c98-e23d-42d3-897e-0bae5cfd730e","target":"d834397b-90a1-4f17-9d06-223ba20f3ad8","agreement":true,"isActive":true,"date":1702320813919,"kind":"Connector","isSelected":false,"intensity":3,"isDeletable":true,"isOver":false,"isBidirectional":false,"eventLog":[{"time":1702320813919,"type":"create connection"}]},{"id":"d605a934-4bfb-4c8e-9d3a-77f43576b513","source":"40dcedc9-88dd-49fb-b29c-8aef9551f84c","target":"03593f4a-1f63-46c9-a086-32f1d1ca5b11","agreement":true,"isActive":true,"date":1702320813919,"kind":"Connector","isSelected":false,"intensity":3,"isDeletable":true,"isOver":false,"isBidirectional":false,"eventLog":[{"time":1702320813919,"type":"create connection"}]},{"id":"a5105ea4-707f-4c4e-8880-adb7e7ec66fa","source":"40dcedc9-88dd-49fb-b29c-8aef9551f84c","target":"eca81e87-886c-4313-882d-5738cda7126c","agreement":true,"isActive":true,"date":1702320813920,"kind":"Connector","isSelected":false,"intensity":3,"isDeletable":true,"isOver":false,"isBidirectional":false,"eventLog":[{"time":1702320813920,"type":"create connection"}]},{"id":"f0e45bb6-c436-4e92-9dad-da17d3162c9d","source":"756d69bb-390c-4bf8-a8e1-d1949420bdfe","target":"a4856c98-e23d-42d3-897e-0bae5cfd730e","agreement":true,"isActive":true,"date":1702320813920,"kind":"Connector","isSelected":false,"intensity":3,"isDeletable":true,"isOver":false,"isBidirectional":false,"eventLog":[{"time":1702320813920,"type":"create connection"}]},{"id":"8e1b2de0-3401-4ecb-b7d5-e24f3eef1607","source":"c17a5c87-14a2-4e76-b936-76cd33ff6b56","target":"18ec730e-c745-41e6-ba2d-aaf2502627f6","agreement":false,"isActive":true,"date":1702320813920,"kind":"Connector","isSelected":false,"intensity":6,"isDeletable":true,"isOver":false,"isBidirectional":false,"eventLog":[{"time":1702320813920,"type":"create connection"}]},{"id":"843044fa-27f8-4648-bbbf-39bdb56bc921","source":"bc5d7b20-da15-49fa-87d6-b5de38f714a2","target":"eca81e87-886c-4313-882d-5738cda7126c","agreement":true,"isActive":true,"date":1702320813920,"kind":"Connector","isSelected":false,"intensity":3,"isDeletable":true,"isOver":false,"isBidirectional":false,"eventLog":[{"time":1702320813920,"type":"create connection"}]},{"id":"5a4d9714-7a8f-4230-89c3-def5ab43db92","source":"74357232-da16-45ae-abf5-1ee3433846c8","target":"eca81e87-886c-4313-882d-5738cda7126c","agreement":true,"isActive":true,"date":1702320813920,"kind":"Connector","isSelected":false,"intensity":3,"isDeletable":true,"isOver":false,"isBidirectional":false,"eventLog":[{"time":1702320813920,"type":"create connection"}]},{"id":"170f363d-7d7a-4777-8d72-a456619d0cb8","source":"74357232-da16-45ae-abf5-1ee3433846c8","target":"03593f4a-1f63-46c9-a086-32f1d1ca5b11","agreement":true,"isActive":true,"date":1702320813920,"kind":"Connector","isSelected":false,"intensity":3,"isDeletable":true,"isOver":false,"isBidirectional":false,"eventLog":[{"time":1702320813920,"type":"create connection"}]}],"currentID":{},"currentNode":{},"hasSelectedNode":[false],"currentConnector":{},"hasSelectedConnector":[false],"readyToMove":[false],"isIncoming":[false]}
