{"idCAM":["cef58ca6-37aa-46f9-bdc1-e4029eb118f6"],"creator":["6533fca6a20c492a2baf878e_post"],"projectCAM":["S2_CAM part 2"],"defocusCAM":[],"date":[1702292037411],"nodes":[{"id":"7ac12a67-855a-4d29-997a-3f813379137b","value":0,"text":"social assistance robot","comment":"","position":{"x":650,"y":400},"isActive":true,"date":1702292038126,"kind":"Node","isSelected":false,"isConnectorSelected":false,"isDraggable":0,"isDeletable":0,"hasElementMoved":false,"eventLog":[{"time":1702292038126,"type":"create node","value":0}],"isTextChangeable":0},{"id":"bed13432-a520-4a8a-bcb1-4d20dd010b94","value":0,"text":"disadvantages","comment":"","position":{"x":450,"y":400},"isActive":true,"date":1702292038127,"kind":"Node","isSelected":false,"isConnectorSelected":false,"isDraggable":0,"isDeletable":0,"hasElementMoved":false,"eventLog":[{"time":1702292038127,"type":"create node","value":0}],"isTextChangeable":0},{"id":"74c5f55e-5f5d-4a66-875d-330dd5462a0d","value":0,"text":"advantages","comment":"","position":{"x":850,"y":400},"isActive":true,"date":1702292038127,"kind":"Node","isSelected":false,"isConnectorSelected":true,"isDraggable":0,"isDeletable":0,"hasElementMoved":false,"eventLog":[{"time":1702292038127,"type":"create node","value":0}],"isTextChangeable":0},{"id":"bc9f64bf-c176-430f-8e1e-34ce483f2232","value":-1,"text":"unemployment","comment":"","position":{"x":219,"y":247},"isActive":true,"date":1702292038127,"kind":"Node","isSelected":false,"isConnectorSelected":false,"isDraggable":1,"isDeletable":1,"hasElementMoved":false,"eventLog":[{"time":1702292038127,"type":"create node","value":-1}],"isTextChangeable":1},{"id":"1384bd56-dd76-459f-aab6-a8cae8f1bd42","value":-2,"text":"ignorance","comment":"","position":{"x":210,"y":395},"isActive":true,"date":1702292038127,"kind":"Node","isSelected":false,"isConnectorSelected":false,"isDraggable":1,"isDeletable":1,"hasElementMoved":false,"eventLog":[{"time":1702292038127,"type":"create node","value":-2}],"isTextChangeable":1},{"id":"435dcbfb-578d-427f-8894-ea723aaec634","value":-2,"text":"disconnectedness","comment":"","position":{"x":213,"y":551},"isActive":true,"date":1702292038127,"kind":"Node","isSelected":false,"isConnectorSelected":false,"isDraggable":1,"isDeletable":1,"hasElementMoved":false,"eventLog":[{"time":1702292038127,"type":"create node","value":-2}],"isTextChangeable":1},{"id":"bee78110-047c-4f11-a657-71e68a40553e","value":-2,"text":"ethics","comment":"","position":{"x":375,"y":623},"isActive":true,"date":1702292038127,"kind":"Node","isSelected":false,"isConnectorSelected":false,"isDraggable":1,"isDeletable":1,"hasElementMoved":false,"eventLog":[{"time":1702292038127,"type":"create node","value":2},{"time":1702292053662,"type":"selected","value":1},{"time":1702292059504,"type":"value","value":-2},{"time":1702292059504,"type":"selected","value":0}],"isTextChangeable":1},{"id":"319be88f-ce7e-4197-839b-750ad949fb5e","value":-2,"text":"dependence","comment":"","position":{"x":349,"y":126},"isActive":true,"date":1702292038128,"kind":"Node","isSelected":false,"isConnectorSelected":false,"isDraggable":1,"isDeletable":1,"hasElementMoved":false,"eventLog":[{"time":1702292038128,"type":"create node","value":-2}],"isTextChangeable":1},{"id":"2ce80aa8-d8be-47ba-905d-130faab2ad8f","value":2,"text":"cost efficient","comment":"","position":{"x":835,"y":123},"isActive":true,"date":1702292038128,"kind":"Node","isSelected":false,"isConnectorSelected":false,"isDraggable":1,"isDeletable":1,"hasElementMoved":false,"eventLog":[{"time":1702292038128,"type":"create node","value":2}],"isTextChangeable":1},{"id":"7e2b0933-63f0-4bec-ae15-ad71fe20b627","value":3,"text":"reporting","comment":"","position":{"x":984.5,"y":167},"isActive":true,"date":1702292038128,"kind":"Node","isSelected":false,"isConnectorSelected":false,"isDraggable":1,"isDeletable":1,"hasElementMoved":false,"eventLog":[{"time":1702292038128,"type":"create node","value":3}],"isTextChangeable":1},{"id":"0d37fa44-d12c-4fcc-b605-0f25ac4d9119","value":3,"text":"comfort","comment":"","position":{"x":1048,"y":338},"isActive":true,"date":1702292081677,"kind":"Node","isSelected":false,"isConnectorSelected":true,"isDraggable":1,"isDeletable":1,"hasElementMoved":false,"eventLog":[{"time":1702292081677,"type":"create node","value":"0"},{"time":1702292081724,"type":"selected","value":"TRUE"},{"time":1702292092766,"type":"text","value":"Komfort"},{"time":1702292092766,"type":"value","value":"3"},{"time":1702292092766,"type":"selected","value":"FALSE"}],"isTextChangeable":1}],"connectors":[{"id":"c851f7ff-1d30-4f0b-8ea0-1e7d1de078e1","source":"7ac12a67-855a-4d29-997a-3f813379137b","target":"bed13432-a520-4a8a-bcb1-4d20dd010b94","agreement":true,"isActive":true,"date":1702292038129,"kind":"Connector","isSelected":false,"intensity":3,"isDeletable":false,"isOver":false,"isBidirectional":false,"eventLog":[{"time":1702292038129,"type":"create connection"}]},{"id":"993f641e-a0a7-4895-8a8d-c5dbda775119","source":"7ac12a67-855a-4d29-997a-3f813379137b","target":"74c5f55e-5f5d-4a66-875d-330dd5462a0d","agreement":true,"isActive":true,"date":1702292038130,"kind":"Connector","isSelected":false,"intensity":3,"isDeletable":true,"isOver":false,"isBidirectional":false,"eventLog":[{"time":1702292038130,"type":"create connection"}]},{"id":"c5defdf0-9b14-4623-a227-00fb8375cc68","source":"bc9f64bf-c176-430f-8e1e-34ce483f2232","target":"bed13432-a520-4a8a-bcb1-4d20dd010b94","agreement":true,"isActive":true,"date":1702292038131,"kind":"Connector","isSelected":false,"intensity":6,"isDeletable":true,"isOver":false,"isBidirectional":false,"eventLog":[{"time":1702292038131,"type":"create connection"}]},{"id":"58df3900-f4bf-4234-bca1-692b79f7e172","source":"319be88f-ce7e-4197-839b-750ad949fb5e","target":"bed13432-a520-4a8a-bcb1-4d20dd010b94","agreement":true,"isActive":true,"date":1702292038131,"kind":"Connector","isSelected":false,"intensity":9,"isDeletable":true,"isOver":false,"isBidirectional":false,"eventLog":[{"time":1702292038131,"type":"create connection"}]},{"id":"8052112f-1b46-4429-bdc7-69155f3323e7","source":"1384bd56-dd76-459f-aab6-a8cae8f1bd42","target":"bed13432-a520-4a8a-bcb1-4d20dd010b94","agreement":true,"isActive":true,"date":1702292038132,"kind":"Connector","isSelected":false,"intensity":6,"isDeletable":true,"isOver":false,"isBidirectional":false,"eventLog":[{"time":1702292038132,"type":"create connection"}]},{"id":"156e0834-fbbd-4f03-93d2-368668708ec4","source":"bed13432-a520-4a8a-bcb1-4d20dd010b94","target":"435dcbfb-578d-427f-8894-ea723aaec634","agreement":true,"isActive":true,"date":1702292038133,"kind":"Connector","isSelected":false,"intensity":6,"isDeletable":true,"isOver":false,"isBidirectional":false,"eventLog":[{"time":1702292038133,"type":"create connection"}]},{"id":"dde5e2bd-0162-455e-a0ed-7d2c00076069","source":"74c5f55e-5f5d-4a66-875d-330dd5462a0d","target":"2ce80aa8-d8be-47ba-905d-130faab2ad8f","agreement":true,"isActive":true,"date":1702292038133,"kind":"Connector","isSelected":false,"intensity":9,"isDeletable":true,"isOver":false,"isBidirectional":false,"eventLog":[{"time":1702292038133,"type":"create connection"}]},{"id":"d0ec13c5-1480-461d-a37c-55ff7472d8df","source":"bee78110-047c-4f11-a657-71e68a40553e","target":"bed13432-a520-4a8a-bcb1-4d20dd010b94","agreement":true,"isActive":true,"date":1702292038134,"kind":"Connector","isSelected":false,"intensity":6,"isDeletable":true,"isOver":false,"isBidirectional":false,"eventLog":[{"time":1702292038134,"type":"create connection"}]},{"id":"5a182346-454e-4576-b0a4-07eda8ce4f60","source":"7e2b0933-63f0-4bec-ae15-ad71fe20b627","target":"74c5f55e-5f5d-4a66-875d-330dd5462a0d","agreement":true,"isActive":true,"date":1702292038134,"kind":"Connector","isSelected":false,"intensity":6,"isDeletable":true,"isOver":false,"isBidirectional":false,"eventLog":[{"time":1702292038134,"type":"create connection"}]},{"id":"ac9f062c-f267-4aee-8572-57785cf3fba5","source":"0d37fa44-d12c-4fcc-b605-0f25ac4d9119","target":"74c5f55e-5f5d-4a66-875d-330dd5462a0d","agreement":true,"isActive":true,"date":1702292094915,"kind":"Connector","isSelected":false,"intensity":6,"isDeletable":true,"isOver":false,"isBidirectional":false,"eventLog":[{"time":1702292094915,"type":"create connection"},{"time":1702292095928,"type":"selected","value":1},{"time":1702292098818,"type":"change intensity of connector","value":6},{"time":1702292098818,"type":"selected","value":0}]}],"currentID":["ac9f062c-f267-4aee-8572-57785cf3fba5"],"currentNode":{},"hasSelectedNode":[false],"currentConnector":{"id":["ac9f062c-f267-4aee-8572-57785cf3fba5"],"value":{},"source":["0d37fa44-d12c-4fcc-b605-0f25ac4d9119"],"target":["74c5f55e-5f5d-4a66-875d-330dd5462a0d"],"agreement":[true],"isActive":[true],"date":[1702292094915],"kind":["Connector"],"isSelected":[false],"intensity":[6],"isDeletable":[true],"isOver":[false],"isBidirectional":[false],"eventLog":[{"time":1702292094915,"type":"create connection"},{"time":1702292095928,"type":"selected","value":1},{"time":1702292098818,"type":"change intensity of connector","value":6},{"time":1702292098818,"type":"selected","value":0}]},"hasSelectedConnector":[true],"readyToMove":[false],"isIncoming":[false],"hasElementMoved":[false]}
