{"idCAM":["8ba5b5c3-cca9-4dc1-8299-f9d5a8d0f198"],"creator":["653671ae2ac8d502b52b1bb3_post"],"projectCAM":["S2_CAM part 2"],"defocusCAM":[],"date":[1702310732581],"nodes":[{"id":"4ccc2fdc-3199-4d3c-af29-59b86e709142","value":0,"text":"social assistance robot","comment":"","position":{"x":650,"y":400},"isActive":true,"date":1702310733668,"kind":"Node","isSelected":false,"isConnectorSelected":false,"isDraggable":0,"isDeletable":0,"hasElementMoved":false,"eventLog":[{"time":1702310733668,"type":"create node","value":0}],"isTextChangeable":0},{"id":"7eb4b233-3eb0-49c4-8b2e-33763d9c7e04","value":0,"text":"disadvantages","comment":"","position":{"x":450,"y":400},"isActive":true,"date":1702310733668,"kind":"Node","isSelected":false,"isConnectorSelected":false,"isDraggable":0,"isDeletable":0,"hasElementMoved":false,"eventLog":[{"time":1702310733668,"type":"create node","value":0}],"isTextChangeable":0},{"id":"f9f8611f-75ff-49ce-934b-0e84e84c45f2","value":0,"text":"advantages","comment":"","position":{"x":850,"y":400},"isActive":true,"date":1702310733668,"kind":"Node","isSelected":false,"isConnectorSelected":false,"isDraggable":0,"isDeletable":0,"hasElementMoved":false,"eventLog":[{"time":1702310733668,"type":"create node","value":0}],"isTextChangeable":0},{"id":"2926c96c-35bd-4c41-a036-a02eb31eb2f4","value":-2,"text":"substitution of social contacts","comment":"","position":{"x":440.4,"y":537.6},"isActive":true,"date":1702310733668,"kind":"Node","isSelected":false,"isConnectorSelected":false,"isDraggable":1,"isDeletable":1,"hasElementMoved":false,"eventLog":[{"time":1702310733668,"type":"create node","value":-2}],"isTextChangeable":1},{"id":"2f62ece1-0907-4eb8-98bb-719666f8ccca","value":-3,"text":"loneliness","comment":"","position":{"x":336.4,"y":635.6},"isActive":true,"date":1702310733668,"kind":"Node","isSelected":false,"isConnectorSelected":false,"isDraggable":1,"isDeletable":1,"hasElementMoved":false,"eventLog":[{"time":1702310733668,"type":"create node","value":-3}],"isTextChangeable":1},{"id":"71efff24-b37d-4c97-8e3c-bfe8400e89d7","value":-3,"text":"disappearance of social structures","comment":"","position":{"x":520.4,"y":660.6},"isActive":true,"date":1702310733668,"kind":"Node","isSelected":false,"isConnectorSelected":false,"isDraggable":1,"isDeletable":1,"hasElementMoved":false,"eventLog":[{"time":1702310733668,"type":"create node","value":-3}],"isTextChangeable":1},{"id":"4f674e39-8395-4a8f-8723-17cfc343fafd","value":-3,"text":"exclusion of vulnerable groups","comment":"","position":{"x":605.4,"y":588.6},"isActive":true,"date":1702310733668,"kind":"Node","isSelected":false,"isConnectorSelected":false,"isDraggable":1,"isDeletable":1,"hasElementMoved":false,"eventLog":[{"time":1702310733668,"type":"create node","value":-3}],"isTextChangeable":1},{"id":"af4c4e32-8fe6-46c6-b2b3-635089dd5131","value":-2,"text":"change in the care sector","comment":"","position":{"x":432.4,"y":291.6},"isActive":true,"date":1702310733668,"kind":"Node","isSelected":false,"isConnectorSelected":false,"isDraggable":1,"isDeletable":1,"hasElementMoved":false,"eventLog":[{"time":1702310733668,"type":"create node","value":-2}],"isTextChangeable":1},{"id":"d4e10fc3-cd9f-4713-b093-2bd32002adf2","value":-1,"text":"cost optimization in the care sector","comment":"","position":{"x":346.4,"y":176.6},"isActive":true,"date":1702310733668,"kind":"Node","isSelected":false,"isConnectorSelected":false,"isDraggable":1,"isDeletable":1,"hasElementMoved":false,"eventLog":[{"time":1702310733668,"type":"create node","value":-1}],"isTextChangeable":1},{"id":"3a24c8e9-4397-4313-9a1c-d6f778fa5cc0","value":-1,"text":"technization of care","comment":"","position":{"x":525.4,"y":189.6},"isActive":true,"date":1702310733668,"kind":"Node","isSelected":false,"isConnectorSelected":false,"isDraggable":1,"isDeletable":1,"hasElementMoved":false,"eventLog":[{"time":1702310733668,"type":"create node","value":-1}],"isTextChangeable":1},{"id":"9d66badd-92cc-430f-bee8-0a400e7dbe4c","value":10,"text":"Danger deterioration SoC","comment":"","position":{"x":295.4,"y":393.6},"isActive":true,"date":1702310733668,"kind":"Node","isSelected":false,"isConnectorSelected":false,"isDraggable":1,"isDeletable":1,"hasElementMoved":false,"eventLog":[{"time":1702310733668,"type":"create node","value":10}],"isTextChangeable":1},{"id":"9d57e4f8-591d-423c-b98c-91d139b8b8b0","value":3,"text":"assumption of degrading activities","comment":"","position":{"x":845.4,"y":237.6},"isActive":true,"date":1702310733668,"kind":"Node","isSelected":false,"isConnectorSelected":false,"isDraggable":1,"isDeletable":1,"hasElementMoved":false,"eventLog":[{"time":1702310733668,"type":"create node","value":3}],"isTextChangeable":1},{"id":"e6c6e20b-ab59-47c6-ab0a-39ef4e6e3724","value":2,"text":"skill shortage","comment":"","position":{"x":1096.4,"y":258.6},"isActive":true,"date":1702310733668,"kind":"Node","isSelected":false,"isConnectorSelected":false,"isDraggable":1,"isDeletable":1,"hasElementMoved":false,"eventLog":[{"time":1702310733668,"type":"create node","value":2}],"isTextChangeable":1},{"id":"a8f8dc4f-d0d4-4ef2-a798-307a625ca03b","value":1,"text":"scaling potential","comment":"","position":{"x":1069.4,"y":448.6},"isActive":true,"date":1702310733668,"kind":"Node","isSelected":false,"isConnectorSelected":false,"isDraggable":1,"isDeletable":1,"hasElementMoved":false,"eventLog":[{"time":1702310733668,"type":"create node","value":1}],"isTextChangeable":1},{"id":"ece933c3-2d29-4853-bc89-a55cf630004c","value":2,"text":"individual reference","comment":"","position":{"x":844.4,"y":537.6},"isActive":true,"date":1702310733668,"kind":"Node","isSelected":false,"isConnectorSelected":false,"isDraggable":1,"isDeletable":1,"hasElementMoved":false,"eventLog":[{"time":1702310733668,"type":"create node","value":2}],"isTextChangeable":1},{"id":"3357c3bc-f512-4593-8e04-437b3f100fe5","value":-1,"text":"exclusion of better solutions","comment":"Honestly, the exemplary robot Paro seems like a more expensive pet. Depending on the settings, one could also use cats or other animals from the shelter as emotional support.","position":{"x":552.4,"y":318.6},"isActive":true,"date":1702310739980,"kind":"Node","isSelected":false,"isConnectorSelected":false,"isDraggable":1,"isDeletable":1,"hasElementMoved":false,"eventLog":[{"time":1702310739980,"type":"create node","value":"0"},{"time":1702310740896,"type":"selected","value":"TRUE"},{"time":1702310819631,"type":"text","value":"Ausschluss besserer Lösungen"},{"time":1702310819631,"type":"value","value":"-1"},{"time":1702310819631,"type":"comment","value":"Ehrlicherweise wirkt der beispielhafte Roboter Paro wie ein teureres Haustier. Man könnte je nach Settings auch Katzen oder andere Tiere aus dem Tierheim als emotionalen Support nutzen."},{"time":1702310819631,"type":"selected","value":"FALSE"}],"isTextChangeable":1},{"id":"46fa1fac-50f7-4223-a7f5-a95cde7e72dd","value":-1,"text":"degradation of social skills","comment":"Possibly a decline in skills, because robots can be designed for pleasant interactions and therefore may not sufficiently impart relevant skills for social interaction.","position":{"x":570.4,"y":505.6},"isActive":true,"date":1702310824526,"kind":"Node","isSelected":false,"isConnectorSelected":false,"isDraggable":1,"isDeletable":1,"hasElementMoved":false,"eventLog":[{"time":1702310824526,"type":"create node","value":"0"},{"time":1702310824746,"type":"selected","value":"TRUE"},{"time":1702310874804,"type":"text","value":"Abbau sozialer Kompetenzen"},{"time":1702310874805,"type":"value","value":"-1"},{"time":1702310874805,"type":"comment","value":"Ggf. Abbau von Fähigkeiten, weil Roboter auf angenehme Interaktionen ausgelegt sein können und daher relevante Fähigkeiten für soziale Interaktionen nicht oder nur unzureichend vermitteln."},{"time":1702310874805,"type":"selected","value":"FALSE"}],"isTextChangeable":1},{"id":"4efe2d40-d4f6-4e1a-b732-6171970166ef","value":0,"text":"","comment":"","position":{"x":984.4,"y":250.6},"isActive":false,"date":1702310882993,"kind":"Node","isSelected":false,"isConnectorSelected":false,"isDraggable":1,"isDeletable":1,"hasElementMoved":false,"eventLog":[{"time":1702310882993,"type":"create node","value":0},{"time":1702310883292,"type":"selected","value":1},{"time":1702310900725,"type":"node was deleted","value":-99}],"isTextChangeable":1},{"id":"ecdd8e0e-749e-492c-bf5f-556771298b48","value":1,"text":"protection human animal","comment":"Skills such as empathy for animals can be taught through robots without putting a real animal in danger.","position":{"x":927.4,"y":145.6},"isActive":true,"date":1702310910748,"kind":"Node","isSelected":false,"isConnectorSelected":false,"isDraggable":1,"isDeletable":1,"hasElementMoved":false,"eventLog":[{"time":"1702310910748","type":"create node","value":[0]},{"time":"1702310913853","type":"selected","value":[true]},{"time":"1702310939950","type":"text","value":["Schutz Mensch Tier"]},{"time":"1702310939950","type":"value","value":[1]},{"time":"1702310939950","type":"comment","value":["Über Roboter können Fähigkeiten wie Empathie mit Tieren vermittelt werden, ohne dass hierfür ein echtes Tier in Gefahr gerät."]},{"time":"1702310939950","type":"selected","value":[false]},{"time":"2023-12-11T16:09:00.324Z","type":"position","value":{"x":[917.4],"y":[149.6]}}],"isTextChangeable":1}],"connectors":[{"id":"0345a5c8-a40c-42e7-ab5c-c40352042542","source":"4ccc2fdc-3199-4d3c-af29-59b86e709142","target":"7eb4b233-3eb0-49c4-8b2e-33763d9c7e04","agreement":true,"isActive":true,"date":1702310733668,"kind":"Connector","isSelected":false,"intensity":3,"isDeletable":false,"isOver":false,"isBidirectional":false,"eventLog":[{"time":1702310733668,"type":"create connection"}]},{"id":"79e3ae29-0230-44b0-8d40-eab32508811e","source":"4ccc2fdc-3199-4d3c-af29-59b86e709142","target":"f9f8611f-75ff-49ce-934b-0e84e84c45f2","agreement":true,"isActive":true,"date":1702310733668,"kind":"Connector","isSelected":false,"intensity":3,"isDeletable":true,"isOver":false,"isBidirectional":false,"eventLog":[{"time":1702310733668,"type":"create connection"}]},{"id":"a66f5377-1bf2-4e72-81ca-ac80e277a030","source":"7eb4b233-3eb0-49c4-8b2e-33763d9c7e04","target":"2926c96c-35bd-4c41-a036-a02eb31eb2f4","agreement":true,"isActive":true,"date":1702310733668,"kind":"Connector","isSelected":false,"intensity":6,"isDeletable":true,"isOver":false,"isBidirectional":false,"eventLog":[{"time":1702310733668,"type":"create connection"}]},{"id":"57e1e378-17d7-480a-90df-11cebeaad8ea","source":"2f62ece1-0907-4eb8-98bb-719666f8ccca","target":"2926c96c-35bd-4c41-a036-a02eb31eb2f4","agreement":true,"isActive":true,"date":1702310733669,"kind":"Connector","isSelected":false,"intensity":9,"isDeletable":true,"isOver":false,"isBidirectional":false,"eventLog":[{"time":1702310733669,"type":"create connection"}]},{"id":"69978439-0b25-476e-b177-0e67105ca858","source":"4f674e39-8395-4a8f-8723-17cfc343fafd","target":"71efff24-b37d-4c97-8e3c-bfe8400e89d7","agreement":true,"isActive":true,"date":1702310733669,"kind":"Connector","isSelected":false,"intensity":6,"isDeletable":true,"isOver":false,"isBidirectional":false,"eventLog":[{"time":1702310733669,"type":"create connection"}]},{"id":"82640ea9-cb84-4178-b8a6-ea2bfd5ff2ee","source":"2926c96c-35bd-4c41-a036-a02eb31eb2f4","target":"71efff24-b37d-4c97-8e3c-bfe8400e89d7","agreement":true,"isActive":true,"date":1702310733669,"kind":"Connector","isSelected":false,"intensity":6,"isDeletable":true,"isOver":false,"isBidirectional":false,"eventLog":[{"time":1702310733669,"type":"create connection"}]},{"id":"6d84c483-a29e-44e8-ba55-a4ac901dd49a","source":"d4e10fc3-cd9f-4713-b093-2bd32002adf2","target":"af4c4e32-8fe6-46c6-b2b3-635089dd5131","agreement":true,"isActive":true,"date":1702310733669,"kind":"Connector","isSelected":false,"intensity":3,"isDeletable":true,"isOver":false,"isBidirectional":false,"eventLog":[{"time":1702310733669,"type":"create connection"}]},{"id":"95c27c4b-4b37-4bdb-bd90-f08b95e544f6","source":"af4c4e32-8fe6-46c6-b2b3-635089dd5131","target":"7eb4b233-3eb0-49c4-8b2e-33763d9c7e04","agreement":true,"isActive":true,"date":1702310733669,"kind":"Connector","isSelected":false,"intensity":3,"isDeletable":true,"isOver":false,"isBidirectional":false,"eventLog":[{"time":1702310733669,"type":"create connection"}]},{"id":"62025903-bffa-4e8a-a604-e9e0c2bd4482","source":"9d66badd-92cc-430f-bee8-0a400e7dbe4c","target":"7eb4b233-3eb0-49c4-8b2e-33763d9c7e04","agreement":true,"isActive":true,"date":1702310733669,"kind":"Connector","isSelected":false,"intensity":3,"isDeletable":true,"isOver":false,"isBidirectional":false,"eventLog":[{"time":1702310733669,"type":"create connection"}]},{"id":"8861df1a-6355-4690-bee4-807938723295","source":"3a24c8e9-4397-4313-9a1c-d6f778fa5cc0","target":"af4c4e32-8fe6-46c6-b2b3-635089dd5131","agreement":true,"isActive":true,"date":1702310733669,"kind":"Connector","isSelected":false,"intensity":3,"isDeletable":true,"isOver":false,"isBidirectional":false,"eventLog":[{"time":1702310733669,"type":"create connection"}]},{"id":"66dc5457-a4b5-4667-8ccf-ea184cbc1751","source":"f9f8611f-75ff-49ce-934b-0e84e84c45f2","target":"9d57e4f8-591d-423c-b98c-91d139b8b8b0","agreement":true,"isActive":true,"date":1702310733669,"kind":"Connector","isSelected":false,"intensity":3,"isDeletable":true,"isOver":false,"isBidirectional":false,"eventLog":[{"time":1702310733669,"type":"create connection"}]},{"id":"cb5a7330-65ef-4558-915b-b604b5d07879","source":"9d57e4f8-591d-423c-b98c-91d139b8b8b0","target":"3a24c8e9-4397-4313-9a1c-d6f778fa5cc0","agreement":true,"isActive":true,"date":1702310733669,"kind":"Connector","isSelected":false,"intensity":3,"isDeletable":true,"isOver":false,"isBidirectional":false,"eventLog":[{"time":1702310733669,"type":"create connection"}]},{"id":"0b825ec4-c61d-4c81-92bf-a86a77be7f83","source":"e6c6e20b-ab59-47c6-ab0a-39ef4e6e3724","target":"f9f8611f-75ff-49ce-934b-0e84e84c45f2","agreement":true,"isActive":true,"date":1702310733669,"kind":"Connector","isSelected":false,"intensity":3,"isDeletable":true,"isOver":false,"isBidirectional":false,"eventLog":[{"time":1702310733669,"type":"create connection"}]},{"id":"a082057e-5f1e-4c9b-ae0f-5decc64af8a1","source":"a8f8dc4f-d0d4-4ef2-a798-307a625ca03b","target":"f9f8611f-75ff-49ce-934b-0e84e84c45f2","agreement":true,"isActive":true,"date":1702310733669,"kind":"Connector","isSelected":false,"intensity":3,"isDeletable":true,"isOver":false,"isBidirectional":false,"eventLog":[{"time":1702310733669,"type":"create connection"}]},{"id":"9980651e-53bf-45af-8a63-e5d97ae75275","source":"a8f8dc4f-d0d4-4ef2-a798-307a625ca03b","target":"ece933c3-2d29-4853-bc89-a55cf630004c","agreement":true,"isActive":true,"date":1702310733669,"kind":"Connector","isSelected":false,"intensity":9,"isDeletable":true,"isOver":false,"isBidirectional":false,"eventLog":[{"time":1702310733669,"type":"create connection"}]},{"id":"2c558a0c-7697-491b-8104-6eb8fb2bab51","source":"a8f8dc4f-d0d4-4ef2-a798-307a625ca03b","target":"e6c6e20b-ab59-47c6-ab0a-39ef4e6e3724","agreement":false,"isActive":true,"date":1702310733669,"kind":"Connector","isSelected":false,"intensity":3,"isDeletable":true,"isOver":false,"isBidirectional":false,"eventLog":[{"time":1702310733669,"type":"create connection"}]},{"id":"302bbe4c-b276-4e1c-9278-628896eebed2","source":"3357c3bc-f512-4593-8e04-437b3f100fe5","target":"7eb4b233-3eb0-49c4-8b2e-33763d9c7e04","agreement":true,"isActive":true,"date":1702310820942,"kind":"Connector","isSelected":false,"intensity":3,"isDeletable":true,"isOver":false,"isBidirectional":false,"eventLog":[{"time":1702310820942,"type":"create connection"}]},{"id":"af000148-05f1-4f32-b7c2-9cb92ab174bb","source":"46fa1fac-50f7-4223-a7f5-a95cde7e72dd","target":"2926c96c-35bd-4c41-a036-a02eb31eb2f4","agreement":true,"isActive":true,"date":1702310876128,"kind":"Connector","isSelected":false,"intensity":3,"isDeletable":true,"isOver":false,"isBidirectional":false,"eventLog":[{"time":1702310876128,"type":"create connection"}]},{"id":"de9bac7d-1059-48d2-8393-d0684a2a19a3","source":"a8f8dc4f-d0d4-4ef2-a798-307a625ca03b","target":"9d57e4f8-591d-423c-b98c-91d139b8b8b0","agreement":true,"isActive":true,"date":1702310910262,"kind":"Connector","isSelected":false,"intensity":3,"isDeletable":true,"isOver":false,"isBidirectional":false,"eventLog":[{"time":1702310910262,"type":"create connection"}]},{"id":"bd1acdbf-28b7-451f-ac69-a96011dbc3f3","source":"ecdd8e0e-749e-492c-bf5f-556771298b48","target":"9d57e4f8-591d-423c-b98c-91d139b8b8b0","agreement":true,"isActive":true,"date":1702310941387,"kind":"Connector","isSelected":false,"intensity":3,"isDeletable":true,"isOver":false,"isBidirectional":false,"eventLog":[{"time":1702310941387,"type":"create connection"}]}],"currentID":{},"currentNode":{},"hasSelectedNode":[false],"currentConnector":{},"hasSelectedConnector":[false],"readyToMove":[false],"isIncoming":[false],"hasElementMoved":[false]}
