{"idCAM":["a9d51335-b408-4695-969a-3e68f1703a84"],"creator":["6536b3467fc9c8f7dbabcf51_pre"],"projectCAM":["S2_CAM part 1"],"defocusCAM":[],"date":[1702312155091],"nodes":[{"id":"e9991841-780e-4c53-97fa-721c580a5344","value":0,"text":"rescue robot","comment":"","position":{"x":650,"y":400},"isActive":true,"date":1702312156009,"kind":"Node","isSelected":false,"isConnectorSelected":false,"isDraggable":0,"isDeletable":0,"hasElementMoved":false,"eventLog":[{"time":1702312156009,"type":"create node","value":0}],"isTextChangeable":0},{"id":"67e03482-9bfc-4c8a-938e-f66132dcbc44","value":0,"text":"disadvantages","comment":"","position":{"x":450,"y":400},"isActive":true,"date":1702312156010,"kind":"Node","isSelected":false,"isConnectorSelected":false,"isDraggable":0,"isDeletable":0,"hasElementMoved":false,"eventLog":[{"time":1702312156010,"type":"create node","value":0}],"isTextChangeable":0},{"id":"a1aff8a9-c5c3-4674-a91b-9f9629f5b538","value":0,"text":"advantages","comment":"","position":{"x":850,"y":400},"isActive":true,"date":1702312156010,"kind":"Node","isSelected":false,"isConnectorSelected":false,"isDraggable":0,"isDeletable":0,"hasElementMoved":false,"eventLog":[{"time":1702312156010,"type":"create node","value":0}],"isTextChangeable":0},{"id":"121973b9-ebc2-499a-9977-1bc1ea86165a","value":3,"text":"accessibility","comment":"","position":{"x":938.3333,"y":262.5},"isActive":true,"date":1702312286576,"kind":"Node","isSelected":false,"isConnectorSelected":false,"isDraggable":1,"isDeletable":1,"hasElementMoved":false,"eventLog":[{"time":1702312286576,"type":"create node","value":"0"},{"time":1702312286598,"type":"selected","value":"TRUE"},{"time":1702312305867,"type":"text","value":"Zugänglichkeit"},{"time":1702312305867,"type":"value","value":"3"},{"time":1702312305867,"type":"selected","value":"FALSE"}],"isTextChangeable":1},{"id":"3387893d-9399-4172-a32c-af3e5b0748a9","value":3,"text":"performance","comment":"","position":{"x":977.3333,"y":485.5},"isActive":true,"date":1702312307180,"kind":"Node","isSelected":false,"isConnectorSelected":false,"isDraggable":1,"isDeletable":1,"hasElementMoved":false,"eventLog":[{"time":"1702312307180","type":"create node","value":[0]},{"time":"1702312307200","type":"selected","value":[true]},{"time":"1702312329164","type":"text","value":["Performance"]},{"time":"1702312329164","type":"value","value":[3]},{"time":"1702312329164","type":"selected","value":[false]},{"time":"2023-12-11T16:33:18.170Z","type":"position","value":{"x":[975.3333],"y":[449.5]}}],"isTextChangeable":1},{"id":"fb7be0dd-2f65-4d79-806c-f6488c31be89","value":3,"text":"recovery and security","comment":"","position":{"x":903.3333,"y":575.5},"isActive":true,"date":1702312333871,"kind":"Node","isSelected":false,"isConnectorSelected":false,"isDraggable":1,"isDeletable":1,"hasElementMoved":false,"eventLog":[{"time":1702312333871,"type":"create node","value":"0"},{"time":1702312333891,"type":"selected","value":"TRUE"},{"time":1702312386903,"type":"text","value":"Bergung und Sicherheit"},{"time":1702312386903,"type":"value","value":"3"},{"time":1702312386903,"type":"selected","value":"FALSE"}],"isTextChangeable":1},{"id":"e0bc4658-5f3c-419b-aad2-189001fdada4","value":-3,"text":"bias","comment":"","position":{"x":317.3333,"y":247.5},"isActive":true,"date":1702312400792,"kind":"Node","isSelected":false,"isConnectorSelected":false,"isDraggable":1,"isDeletable":1,"hasElementMoved":false,"eventLog":[{"time":1702312400792,"type":"create node","value":"0"},{"time":1702312400822,"type":"selected","value":"TRUE"},{"time":1702312467224,"type":"selected","value":"FALSE"},{"time":1702312467242,"type":"selected","value":"TRUE"},{"time":1702312467656,"type":"selected","value":"FALSE"},{"time":1702312468469,"type":"selected","value":"TRUE"},{"time":1702312478219,"type":"text","value":"Vorangenommenheit"},{"time":1702312478219,"type":"value","value":"-3"},{"time":1702312478219,"type":"selected","value":"FALSE"}],"isTextChangeable":1},{"id":"80b7cde1-9985-4f40-bf64-1e6392ad785f","value":-3,"text":"problems with remote control","comment":"","position":{"x":335.3333,"y":508.5},"isActive":true,"date":1702312478898,"kind":"Node","isSelected":false,"isConnectorSelected":false,"isDraggable":1,"isDeletable":1,"hasElementMoved":false,"eventLog":[{"time":"1702312478898","type":"create node","value":[0]},{"time":"1702312478918","type":"selected","value":[true]},{"time":"1702312578670","type":"text","value":["Probleme mit Fernsteuerung"]},{"time":"1702312578670","type":"value","value":[-3]},{"time":"1702312578670","type":"selected","value":[false]},{"time":"2023-12-11T16:36:42.678Z","type":"position","value":{"x":[245.3333],"y":[372.5]}}],"isTextChangeable":1},{"id":"da266048-0e15-4f54-84dd-2f642697c196","value":-3,"text":"abuse in war","comment":"","position":{"x":388.3333,"y":617.5},"isActive":true,"date":1702312579400,"kind":"Node","isSelected":false,"isConnectorSelected":false,"isDraggable":1,"isDeletable":1,"hasElementMoved":false,"eventLog":[{"time":"1702312579400","type":"create node","value":[0]},{"time":"1702312579419","type":"selected","value":[true]},{"time":"1702312589620","type":"text","value":["Missbrauch im Krieg"]},{"time":"1702312589620","type":"value","value":[-3]},{"time":"1702312589620","type":"selected","value":[false]},{"time":"1702312589638","type":"selected","value":[true]},{"time":"1702312590917","type":"selected","value":[false]},{"time":"2023-12-11T16:36:41.045Z","type":"position","value":{"x":[271.3333],"y":[513.5]}}],"isTextChangeable":1},{"id":"ee2ea04b-263f-45f5-a82e-04000d42ce9c","value":3,"text":"helping hand","comment":"","position":{"x":847.3333,"y":126.5},"isActive":true,"date":1702312608054,"kind":"Node","isSelected":false,"isConnectorSelected":false,"isDraggable":1,"isDeletable":1,"hasElementMoved":false,"eventLog":[{"time":"1702312608054","type":"create node","value":[0]},{"time":"2023-12-11T16:36:49.546Z","type":"position","value":{"x":[636.3333],"y":[253.5]}},{"time":"2023-12-11T16:36:51.801Z","type":"position","value":{"x":[648.3333],"y":[179.5]}},{"time":"2023-12-11T16:36:52.166Z","type":"position","value":{"x":[800.3333],"y":[129.5]}},{"time":"1702312612799","type":"selected","value":[true]},{"time":"1702312631479","type":"text","value":["Helfende Hand"]},{"time":"1702312631479","type":"value","value":[3]},{"time":"1702312631479","type":"selected","value":[false]}],"isTextChangeable":1}],"connectors":[{"id":"5fe67a27-1cf8-4899-b663-b499b993b5d8","source":"e9991841-780e-4c53-97fa-721c580a5344","target":"67e03482-9bfc-4c8a-938e-f66132dcbc44","agreement":true,"isActive":true,"date":1702312156010,"kind":"Connector","isSelected":false,"intensity":3,"isDeletable":false,"isOver":false,"isBidirectional":false,"eventLog":[{"time":1702312156010,"type":"create connection"}]},{"id":"cb6dc78f-aa2b-4224-b4c8-f6924eb69e02","source":"e9991841-780e-4c53-97fa-721c580a5344","target":"a1aff8a9-c5c3-4674-a91b-9f9629f5b538","agreement":true,"isActive":true,"date":1702312156010,"kind":"Connector","isSelected":false,"intensity":3,"isDeletable":true,"isOver":false,"isBidirectional":false,"eventLog":[{"time":1702312156010,"type":"create connection"}]},{"id":"14879866-3776-4bfb-a540-60422af8624a","source":"e9991841-780e-4c53-97fa-721c580a5344","target":"fb7be0dd-2f65-4d79-806c-f6488c31be89","agreement":true,"isActive":true,"date":1702312389118,"kind":"Connector","isSelected":false,"intensity":3,"isDeletable":true,"isOver":false,"isBidirectional":false,"eventLog":[{"time":1702312389118,"type":"create connection"}]},{"id":"3fe0e4e5-2a86-4b0d-ac8b-6a8bd16d5f1c","source":"e9991841-780e-4c53-97fa-721c580a5344","target":"121973b9-ebc2-499a-9977-1bc1ea86165a","agreement":true,"isActive":true,"date":1702312390949,"kind":"Connector","isSelected":false,"intensity":3,"isDeletable":true,"isOver":false,"isBidirectional":false,"eventLog":[{"time":1702312390949,"type":"create connection"}]},{"id":"c9c44ad7-a1c2-4f05-b542-8d39a6361b3f","source":"e9991841-780e-4c53-97fa-721c580a5344","target":"3387893d-9399-4172-a32c-af3e5b0748a9","agreement":true,"isActive":true,"date":1702312392917,"kind":"Connector","isSelected":false,"intensity":3,"isDeletable":true,"isOver":false,"isBidirectional":false,"eventLog":[{"time":1702312392917,"type":"create connection"}]},{"id":"543006cc-4745-4849-9435-f32aaa2b8685","source":"121973b9-ebc2-499a-9977-1bc1ea86165a","target":"3387893d-9399-4172-a32c-af3e5b0748a9","agreement":true,"isActive":true,"date":1702312394480,"kind":"Connector","isSelected":false,"intensity":3,"isDeletable":true,"isOver":false,"isBidirectional":false,"eventLog":[{"time":1702312394480,"type":"create connection"}]},{"id":"57c1c4d0-51b4-4eee-9720-9621c20a62af","source":"3387893d-9399-4172-a32c-af3e5b0748a9","target":"fb7be0dd-2f65-4d79-806c-f6488c31be89","agreement":true,"isActive":true,"date":1702312396578,"kind":"Connector","isSelected":false,"intensity":3,"isDeletable":true,"isOver":false,"isBidirectional":false,"eventLog":[{"time":1702312396578,"type":"create connection"}]},{"id":"0495139b-6f0a-455f-8c6a-695473b40793","source":"80b7cde1-9985-4f40-bf64-1e6392ad785f","target":"da266048-0e15-4f54-84dd-2f642697c196","agreement":true,"isActive":true,"date":1702312592130,"kind":"Connector","isSelected":false,"intensity":3,"isDeletable":true,"isOver":false,"isBidirectional":false,"eventLog":[{"time":1702312592130,"type":"create connection"}]},{"id":"c1754418-2ed3-484f-9788-e4ff3d23e910","source":"80b7cde1-9985-4f40-bf64-1e6392ad785f","target":"e0bc4658-5f3c-419b-aad2-189001fdada4","agreement":true,"isActive":true,"date":1702312594102,"kind":"Connector","isSelected":false,"intensity":3,"isDeletable":true,"isOver":false,"isBidirectional":false,"eventLog":[{"time":1702312594102,"type":"create connection"}]},{"id":"b30be75b-ef71-4167-8add-43866c359d4c","source":"e0bc4658-5f3c-419b-aad2-189001fdada4","target":"e9991841-780e-4c53-97fa-721c580a5344","agreement":true,"isActive":true,"date":1702312595801,"kind":"Connector","isSelected":false,"intensity":3,"isDeletable":true,"isOver":false,"isBidirectional":false,"eventLog":[{"time":1702312595801,"type":"create connection"}]},{"id":"9e22d402-587e-4bf6-867e-bea9873ea45a","source":"80b7cde1-9985-4f40-bf64-1e6392ad785f","target":"e9991841-780e-4c53-97fa-721c580a5344","agreement":true,"isActive":true,"date":1702312597760,"kind":"Connector","isSelected":false,"intensity":3,"isDeletable":true,"isOver":false,"isBidirectional":false,"eventLog":[{"time":1702312597760,"type":"create connection"}]},{"id":"6d2897e9-e54c-42f1-a90d-d0f8fc8cf47b","source":"da266048-0e15-4f54-84dd-2f642697c196","target":"e9991841-780e-4c53-97fa-721c580a5344","agreement":true,"isActive":true,"date":1702312599665,"kind":"Connector","isSelected":false,"intensity":3,"isDeletable":true,"isOver":false,"isBidirectional":false,"eventLog":[{"time":1702312599665,"type":"create connection"}]},{"id":"6b71edfd-3dcf-4ce5-b451-95c3022058d2","source":"e9991841-780e-4c53-97fa-721c580a5344","target":"ee2ea04b-263f-45f5-a82e-04000d42ce9c","agreement":true,"isActive":true,"date":1702312633316,"kind":"Connector","isSelected":false,"intensity":3,"isDeletable":true,"isOver":false,"isBidirectional":false,"eventLog":[{"time":1702312633316,"type":"create connection"}]},{"id":"d4e58076-7a02-4e10-aa20-19332b1d75fe","source":"121973b9-ebc2-499a-9977-1bc1ea86165a","target":"ee2ea04b-263f-45f5-a82e-04000d42ce9c","agreement":true,"isActive":true,"date":1702312635806,"kind":"Connector","isSelected":false,"intensity":3,"isDeletable":true,"isOver":false,"isBidirectional":false,"eventLog":[{"time":1702312635806,"type":"create connection"}]}],"currentID":{},"currentNode":{},"hasSelectedNode":[false],"currentConnector":{},"hasSelectedConnector":[false],"readyToMove":[false],"isIncoming":[false],"hasElementMoved":[false]}
