{"idCAM":["b7115bd6-d8ca-47a6-9d56-7a4256244f0f"],"creator":["65367487f0d1c1607d3665c9_post"],"projectCAM":["S2_CAM part 2"],"defocusCAM":[],"date":[1702311532211],"nodes":[{"id":"3e1549e1-866f-4551-8dfb-b3a93d489d8e","value":0,"text":"rescue robot","comment":"","position":{"x":650,"y":400},"isActive":true,"date":1702311533134,"kind":"Node","isSelected":false,"isConnectorSelected":false,"isDraggable":0,"isDeletable":0,"hasElementMoved":false,"eventLog":[{"time":1702311533134,"type":"create node","value":0}],"isTextChangeable":0},{"id":"7cbd7dad-2320-456e-af4b-f36692fae52b","value":0,"text":"disadvantages","comment":"","position":{"x":450,"y":400},"isActive":true,"date":1702311533135,"kind":"Node","isSelected":false,"isConnectorSelected":false,"isDraggable":0,"isDeletable":0,"hasElementMoved":false,"eventLog":[{"time":1702311533135,"type":"create node","value":0}],"isTextChangeable":0},{"id":"78513251-db5f-4833-b3fe-206313d0ef24","value":0,"text":"advantages","comment":"","position":{"x":850,"y":400},"isActive":true,"date":1702311533135,"kind":"Node","isSelected":false,"isConnectorSelected":false,"isDraggable":0,"isDeletable":0,"hasElementMoved":false,"eventLog":[{"time":1702311533135,"type":"create node","value":0}],"isTextChangeable":0},{"id":"7caa2875-fd32-45d4-8114-254ce478a7a3","value":10,"text":"costs","comment":"","position":{"x":649,"y":200},"isActive":true,"date":1702311533135,"kind":"Node","isSelected":false,"isConnectorSelected":false,"isDraggable":1,"isDeletable":1,"hasElementMoved":false,"eventLog":[{"time":1702311533135,"type":"create node","value":10}],"isTextChangeable":1},{"id":"4556ec3f-4709-49d9-b854-56c73408b164","value":3,"text":"safety for rescue forces","comment":"","position":{"x":845,"y":188},"isActive":true,"date":1702311533136,"kind":"Node","isSelected":false,"isConnectorSelected":false,"isDraggable":1,"isDeletable":1,"hasElementMoved":false,"eventLog":[{"time":1702311533136,"type":"create node","value":3}],"isTextChangeable":1},{"id":"3ae38d26-6e5d-4738-9003-b5815e79abf6","value":3,"text":"help for the injured","comment":"","position":{"x":971,"y":245},"isActive":true,"date":1702311533136,"kind":"Node","isSelected":false,"isConnectorSelected":false,"isDraggable":1,"isDeletable":1,"hasElementMoved":false,"eventLog":[{"time":1702311533136,"type":"create node","value":3}],"isTextChangeable":1},{"id":"f5254ef1-be25-41ed-a7a3-1214e2b363c0","value":-3,"text":"uncertain about decision","comment":"","position":{"x":386,"y":194},"isActive":true,"date":1702311533136,"kind":"Node","isSelected":false,"isConnectorSelected":false,"isDraggable":1,"isDeletable":1,"hasElementMoved":false,"eventLog":[{"time":1702311533136,"type":"create node","value":-3}],"isTextChangeable":1},{"id":"020486e8-f761-4c27-a5f0-3836ae99a719","value":2,"text":"24h readiness for deployment","comment":"","position":{"x":1039,"y":357},"isActive":true,"date":1702311533137,"kind":"Node","isSelected":false,"isConnectorSelected":false,"isDraggable":1,"isDeletable":1,"hasElementMoved":false,"eventLog":[{"time":1702311533137,"type":"create node","value":2}],"isTextChangeable":1},{"id":"5e424e16-4674-46a6-bc0c-8304bcff20ac","value":10,"text":"acceptance","comment":"","position":{"x":652,"y":508},"isActive":true,"date":1702311533137,"kind":"Node","isSelected":false,"isConnectorSelected":false,"isDraggable":1,"isDeletable":1,"hasElementMoved":false,"eventLog":[{"time":1702311533137,"type":"create node","value":10}],"isTextChangeable":1},{"id":"e1a4f760-85a8-419c-8444-456760015f81","value":2,"text":"fact-based decision","comment":"","position":{"x":954,"y":562},"isActive":true,"date":1702311533137,"kind":"Node","isSelected":false,"isConnectorSelected":false,"isDraggable":1,"isDeletable":1,"hasElementMoved":false,"eventLog":[{"time":1702311533137,"type":"create node","value":2}],"isTextChangeable":1},{"id":"e8acdff8-a9db-4283-9b60-2d6b73a59c03","value":10,"text":"emotionless","comment":"","position":{"x":657,"y":684},"isActive":true,"date":1702311533137,"kind":"Node","isSelected":false,"isConnectorSelected":false,"isDraggable":1,"isDeletable":1,"hasElementMoved":false,"eventLog":[{"time":1702311533137,"type":"create node","value":10}],"isTextChangeable":1},{"id":"316d4f41-8656-4876-8020-97819fe62f99","value":10,"text":"ethical standard","comment":"","position":{"x":545,"y":291},"isActive":true,"date":1702311533137,"kind":"Node","isSelected":false,"isConnectorSelected":false,"isDraggable":1,"isDeletable":1,"hasElementMoved":false,"eventLog":[{"time":1702311533138,"type":"create node","value":10}],"isTextChangeable":1},{"id":"8d7a09c7-a7df-40d8-8188-940829f24dc9","value":-3,"text":"malfunction","comment":"","position":{"x":269,"y":476},"isActive":true,"date":1702311533138,"kind":"Node","isSelected":false,"isConnectorSelected":false,"isDraggable":1,"isDeletable":1,"hasElementMoved":false,"eventLog":[{"time":1702311533138,"type":"create node","value":-3}],"isTextChangeable":1}],"connectors":[{"id":"1dabef81-8fee-4223-a65d-8ea2b65731a4","source":"3e1549e1-866f-4551-8dfb-b3a93d489d8e","target":"7cbd7dad-2320-456e-af4b-f36692fae52b","agreement":true,"isActive":true,"date":1702311533140,"kind":"Connector","isSelected":false,"intensity":3,"isDeletable":false,"isOver":false,"isBidirectional":false,"eventLog":[{"time":1702311533140,"type":"create connection"}]},{"id":"f65cf275-ed01-4fcc-adc7-c97f565a4fdf","source":"3e1549e1-866f-4551-8dfb-b3a93d489d8e","target":"78513251-db5f-4833-b3fe-206313d0ef24","agreement":true,"isActive":true,"date":1702311533141,"kind":"Connector","isSelected":false,"intensity":3,"isDeletable":true,"isOver":false,"isBidirectional":false,"eventLog":[{"time":1702311533141,"type":"create connection"}]},{"id":"90c68f91-fd5c-401c-8de1-c2f62084d104","source":"3ae38d26-6e5d-4738-9003-b5815e79abf6","target":"78513251-db5f-4833-b3fe-206313d0ef24","agreement":true,"isActive":true,"date":1702311533142,"kind":"Connector","isSelected":false,"intensity":3,"isDeletable":true,"isOver":false,"isBidirectional":false,"eventLog":[{"time":1702311533142,"type":"create connection"}]},{"id":"6a85f653-a95b-49a4-b6cc-48340ae62a57","source":"4556ec3f-4709-49d9-b854-56c73408b164","target":"78513251-db5f-4833-b3fe-206313d0ef24","agreement":true,"isActive":true,"date":1702311533142,"kind":"Connector","isSelected":false,"intensity":3,"isDeletable":true,"isOver":false,"isBidirectional":false,"eventLog":[{"time":1702311533142,"type":"create connection"}]},{"id":"299b8602-8557-4dd4-a833-527aefb9de26","source":"7caa2875-fd32-45d4-8114-254ce478a7a3","target":"3e1549e1-866f-4551-8dfb-b3a93d489d8e","agreement":true,"isActive":true,"date":1702311533143,"kind":"Connector","isSelected":false,"intensity":3,"isDeletable":true,"isOver":false,"isBidirectional":false,"eventLog":[{"time":1702311533143,"type":"create connection"}]},{"id":"ff834323-6a05-462a-94b6-3849a245fc76","source":"f5254ef1-be25-41ed-a7a3-1214e2b363c0","target":"7cbd7dad-2320-456e-af4b-f36692fae52b","agreement":true,"isActive":true,"date":1702311533143,"kind":"Connector","isSelected":false,"intensity":3,"isDeletable":true,"isOver":false,"isBidirectional":false,"eventLog":[{"time":1702311533143,"type":"create connection"}]},{"id":"ea6a4ac7-2029-4259-b445-4ed2733b686c","source":"78513251-db5f-4833-b3fe-206313d0ef24","target":"020486e8-f761-4c27-a5f0-3836ae99a719","agreement":true,"isActive":true,"date":1702311533143,"kind":"Connector","isSelected":false,"intensity":3,"isDeletable":true,"isOver":false,"isBidirectional":false,"eventLog":[{"time":1702311533143,"type":"create connection"}]},{"id":"2b7840e9-3791-4c07-8711-4940a2586cfb","source":"3ae38d26-6e5d-4738-9003-b5815e79abf6","target":"020486e8-f761-4c27-a5f0-3836ae99a719","agreement":true,"isActive":true,"date":1702311533144,"kind":"Connector","isSelected":false,"intensity":3,"isDeletable":true,"isOver":false,"isBidirectional":false,"eventLog":[{"time":1702311533144,"type":"create connection"}]},{"id":"b2b0d67f-616b-4b14-859f-f41eb14ef1cd","source":"7caa2875-fd32-45d4-8114-254ce478a7a3","target":"4556ec3f-4709-49d9-b854-56c73408b164","agreement":false,"isActive":true,"date":1702311533144,"kind":"Connector","isSelected":false,"intensity":6,"isDeletable":true,"isOver":false,"isBidirectional":false,"eventLog":[{"time":1702311533144,"type":"create connection"}]},{"id":"839a9dea-64ed-415f-9b72-f6763c85df63","source":"3ae38d26-6e5d-4738-9003-b5815e79abf6","target":"4556ec3f-4709-49d9-b854-56c73408b164","agreement":true,"isActive":true,"date":1702311533145,"kind":"Connector","isSelected":false,"intensity":3,"isDeletable":true,"isOver":false,"isBidirectional":false,"eventLog":[{"time":1702311533145,"type":"create connection"}]},{"id":"1ce39d4c-3331-460c-a2a6-9d9d801db12b","source":"5e424e16-4674-46a6-bc0c-8304bcff20ac","target":"3e1549e1-866f-4551-8dfb-b3a93d489d8e","agreement":true,"isActive":true,"date":1702311533145,"kind":"Connector","isSelected":false,"intensity":3,"isDeletable":true,"isOver":false,"isBidirectional":false,"eventLog":[{"time":1702311533145,"type":"create connection"}]},{"id":"50978794-7961-4927-b818-fbf92713d45a","source":"7cbd7dad-2320-456e-af4b-f36692fae52b","target":"5e424e16-4674-46a6-bc0c-8304bcff20ac","agreement":true,"isActive":true,"date":1702311533146,"kind":"Connector","isSelected":false,"intensity":3,"isDeletable":true,"isOver":false,"isBidirectional":false,"eventLog":[{"time":1702311533146,"type":"create connection"}]},{"id":"bdb37469-5838-4345-af49-1a6ab7598ace","source":"e1a4f760-85a8-419c-8444-456760015f81","target":"78513251-db5f-4833-b3fe-206313d0ef24","agreement":true,"isActive":true,"date":1702311533147,"kind":"Connector","isSelected":false,"intensity":3,"isDeletable":true,"isOver":false,"isBidirectional":false,"eventLog":[{"time":1702311533147,"type":"create connection"}]},{"id":"0e603fa0-6c6b-4390-876a-c06cad7408cf","source":"e8acdff8-a9db-4283-9b60-2d6b73a59c03","target":"3e1549e1-866f-4551-8dfb-b3a93d489d8e","agreement":true,"isActive":true,"date":1702311533147,"kind":"Connector","isSelected":false,"intensity":3,"isDeletable":true,"isOver":false,"isBidirectional":false,"eventLog":[{"time":1702311533147,"type":"create connection"}]},{"id":"a77ecce4-e241-40d1-a775-9dab9cb3106c","source":"5e424e16-4674-46a6-bc0c-8304bcff20ac","target":"e8acdff8-a9db-4283-9b60-2d6b73a59c03","agreement":true,"isActive":true,"date":1702311533148,"kind":"Connector","isSelected":false,"intensity":3,"isDeletable":true,"isOver":false,"isBidirectional":false,"eventLog":[{"time":1702311533148,"type":"create connection"}]},{"id":"1d18d737-387c-48ee-8af3-62c30b650773","source":"e8acdff8-a9db-4283-9b60-2d6b73a59c03","target":"7cbd7dad-2320-456e-af4b-f36692fae52b","agreement":true,"isActive":true,"date":1702311533149,"kind":"Connector","isSelected":false,"intensity":3,"isDeletable":true,"isOver":false,"isBidirectional":false,"eventLog":[{"time":1702311533149,"type":"create connection"}]},{"id":"577bfc86-3942-4eef-a542-f9d1f916cb79","source":"78513251-db5f-4833-b3fe-206313d0ef24","target":"e8acdff8-a9db-4283-9b60-2d6b73a59c03","agreement":true,"isActive":true,"date":1702311533150,"kind":"Connector","isSelected":false,"intensity":3,"isDeletable":true,"isOver":false,"isBidirectional":false,"eventLog":[{"time":1702311533150,"type":"create connection"}]},{"id":"0cc7d9d8-8d64-4a06-ba1f-9f772fb17282","source":"316d4f41-8656-4876-8020-97819fe62f99","target":"3e1549e1-866f-4551-8dfb-b3a93d489d8e","agreement":true,"isActive":true,"date":1702311533150,"kind":"Connector","isSelected":false,"intensity":3,"isDeletable":true,"isOver":false,"isBidirectional":false,"eventLog":[{"time":1702311533150,"type":"create connection"}]},{"id":"5c2af596-7a91-4558-b35e-f50bd2a14296","source":"316d4f41-8656-4876-8020-97819fe62f99","target":"3ae38d26-6e5d-4738-9003-b5815e79abf6","agreement":false,"isActive":true,"date":1702311533150,"kind":"Connector","isSelected":false,"intensity":6,"isDeletable":true,"isOver":false,"isBidirectional":false,"eventLog":[{"time":1702311533150,"type":"create connection"}]},{"id":"a1c7b9aa-a9a8-4891-8390-8ecd06fa344a","source":"7cbd7dad-2320-456e-af4b-f36692fae52b","target":"8d7a09c7-a7df-40d8-8188-940829f24dc9","agreement":true,"isActive":true,"date":1702311533151,"kind":"Connector","isSelected":false,"intensity":3,"isDeletable":true,"isOver":false,"isBidirectional":false,"eventLog":[{"time":1702311533151,"type":"create connection"}]}],"currentID":{},"currentNode":{},"hasSelectedNode":[false],"currentConnector":{},"hasSelectedConnector":[false],"readyToMove":[false],"isIncoming":[false]}
