{"idCAM":["069068ad-d01f-4299-85c7-3d7b2e7f25a2"],"creator":["65367487f0d1c1607d3665c9_pre"],"projectCAM":["S2_CAM part 1"],"defocusCAM":[],"date":[1702310830627],"nodes":[{"id":"b67844cf-a870-453a-9ca5-912b045a53f2","value":0,"text":"rescue robot","comment":"","position":{"x":650,"y":400},"isActive":true,"date":1702310831510,"kind":"Node","isSelected":false,"isConnectorSelected":false,"isDraggable":0,"isDeletable":0,"hasElementMoved":false,"eventLog":[{"time":1702310831510,"type":"create node","value":0}],"isTextChangeable":0},{"id":"9cb18444-830e-4efb-a647-926d87254118","value":0,"text":"disadvantages","comment":"","position":{"x":450,"y":400},"isActive":true,"date":1702310831510,"kind":"Node","isSelected":false,"isConnectorSelected":false,"isDraggable":0,"isDeletable":0,"hasElementMoved":false,"eventLog":[{"time":1702310831510,"type":"create node","value":0}],"isTextChangeable":0},{"id":"7811a3ab-658d-4c4d-89e9-33f17001b5c8","value":0,"text":"advantages","comment":"","position":{"x":850,"y":400},"isActive":true,"date":1702310831511,"kind":"Node","isSelected":false,"isConnectorSelected":false,"isDraggable":0,"isDeletable":0,"hasElementMoved":false,"eventLog":[{"time":1702310831511,"type":"create node","value":0}],"isTextChangeable":0},{"id":"1e1ba8b0-024f-4ed3-9fa6-9e6f8cf5373b","value":10,"text":"costs","comment":"","position":{"x":649,"y":200},"isActive":true,"date":1702310873187,"kind":"Node","isSelected":false,"isConnectorSelected":false,"isDraggable":1,"isDeletable":1,"hasElementMoved":false,"eventLog":[{"time":"1702310873187","type":"create node","value":[0]},{"time":"1702310885860","type":"selected","value":[true]},{"time":"1702310902715","type":"text","value":["Kosten"]},{"time":"1702310902715","type":"value","value":[10]},{"time":"1702310902715","type":"selected","value":[false]},{"time":"2023-12-11T16:08:24.219Z","type":"position","value":{"x":[832],"y":[243]}},{"time":"2023-12-11T16:08:24.639Z","type":"position","value":{"x":[677],"y":[188]}}],"isTextChangeable":1},{"id":"b51845de-13fa-4bc6-ae6a-c61c3b2d51b7","value":3,"text":"safety for rescue forces","comment":"","position":{"x":845,"y":188},"isActive":true,"date":1702310907944,"kind":"Node","isSelected":false,"isConnectorSelected":false,"isDraggable":1,"isDeletable":1,"hasElementMoved":false,"eventLog":[{"time":1702310907944,"type":"create node","value":"0"},{"time":1702310911103,"type":"selected","value":"TRUE"},{"time":1702310930597,"type":"text","value":"Sicherheit für Rettungskräfte"},{"time":1702310930597,"type":"value","value":"3"},{"time":1702310930597,"type":"selected","value":"FALSE"}],"isTextChangeable":1},{"id":"68514d8a-f622-49b0-bbef-1c1ed42c1a87","value":3,"text":"help for the injured","comment":"","position":{"x":971,"y":245},"isActive":true,"date":1702310936438,"kind":"Node","isSelected":false,"isConnectorSelected":false,"isDraggable":1,"isDeletable":1,"hasElementMoved":false,"eventLog":[{"time":1702310936438,"type":"create node","value":"0"},{"time":1702310937506,"type":"selected","value":"TRUE"},{"time":1702310972266,"type":"text","value":"Hilfe für Verletzte"},{"time":1702310972266,"type":"value","value":"3"},{"time":1702310972266,"type":"selected","value":"FALSE"}],"isTextChangeable":1},{"id":"e6060eda-dc07-48bd-aa9d-aec2e5810a2f","value":-3,"text":"uncertain about decision","comment":"","position":{"x":386,"y":194},"isActive":true,"date":1702310977398,"kind":"Node","isSelected":false,"isConnectorSelected":false,"isDraggable":1,"isDeletable":1,"hasElementMoved":false,"eventLog":[{"time":"1702310977398","type":"create node","value":[0]},{"time":"1702310977547","type":"selected","value":[true]},{"time":"1702310995001","type":"text","value":["Unsicher bei Entscheidung"]},{"time":"1702310995001","type":"value","value":[-3]},{"time":"1702310995001","type":"selected","value":[false]},{"time":"2023-12-11T16:10:58.714Z","type":"position","value":{"x":[431],"y":[91]}},{"time":"2023-12-11T16:10:59.097Z","type":"position","value":{"x":[403],"y":[241]}}],"isTextChangeable":1},{"id":"f53490e5-0d36-41e2-a3c7-639e47cd93b1","value":2,"text":"24h readiness for deployment","comment":"","position":{"x":1039,"y":357},"isActive":true,"date":1702311011557,"kind":"Node","isSelected":false,"isConnectorSelected":false,"isDraggable":1,"isDeletable":1,"hasElementMoved":false,"eventLog":[{"time":"1702311011557","type":"create node","value":[0]},{"time":"1702311022163","type":"selected","value":[true]},{"time":"1702311035934","type":"text","value":["24h Einsatzbereitschaft"]},{"time":"1702311035934","type":"value","value":[2]},{"time":"1702311035934","type":"selected","value":[false]},{"time":"2023-12-11T16:10:36.701Z","type":"position","value":{"x":[203],"y":[200]}},{"time":"2023-12-11T16:10:36.795Z","type":"position","value":{"x":[227],"y":[441]}},{"time":"2023-12-11T16:10:36.933Z","type":"position","value":{"x":[251],"y":[616]}},{"time":"2023-12-11T16:10:37.062Z","type":"position","value":{"x":[478],"y":[620]}},{"time":"2023-12-11T16:10:37.129Z","type":"position","value":{"x":[698],"y":[582]}},{"time":"2023-12-11T16:10:37.195Z","type":"position","value":{"x":[853],"y":[565]}},{"time":"2023-12-11T16:10:37.780Z","type":"position","value":{"x":[1007],"y":[577]}},{"time":"2023-12-11T16:10:38.179Z","type":"position","value":{"x":[1078],"y":[462]}},{"time":"2023-12-11T16:11:15.103Z","type":"position","value":{"x":[1068],"y":[427]}}],"isTextChangeable":1},{"id":"f6d9cde8-8ba1-40f5-b379-335dbb8a200d","value":10,"text":"acceptance","comment":"","position":{"x":652,"y":508},"isActive":true,"date":1702311117121,"kind":"Node","isSelected":false,"isConnectorSelected":false,"isDraggable":1,"isDeletable":1,"hasElementMoved":false,"eventLog":[{"time":"1702311117121","type":"create node","value":[0]},{"time":"1702311119218","type":"selected","value":[true]},{"time":"1702311136084","type":"text","value":["Akzeptanz"]},{"time":"1702311136084","type":"value","value":[10]},{"time":"1702311136084","type":"selected","value":[false]},{"time":"2023-12-11T16:12:16.920Z","type":"position","value":{"x":[186],"y":[387]}},{"time":"2023-12-11T16:12:17.064Z","type":"position","value":{"x":[404],"y":[574]}},{"time":"2023-12-11T16:12:17.131Z","type":"position","value":{"x":[621],"y":[644]}},{"time":"2023-12-11T16:12:17.382Z","type":"position","value":{"x":[773],"y":[584]}},{"time":"2023-12-11T16:12:21.953Z","type":"position","value":{"x":[669],"y":[543]}},{"time":"2023-12-11T16:14:20.349Z","type":"position","value":{"x":[666],"y":[569]}}],"isTextChangeable":1},{"id":"d3063be6-6a59-4d26-a661-ba9c53dba12b","value":2,"text":"fact-based decision","comment":"","position":{"x":954,"y":562},"isActive":true,"date":1702311179158,"kind":"Node","isSelected":false,"isConnectorSelected":false,"isDraggable":1,"isDeletable":1,"hasElementMoved":false,"eventLog":[{"time":1702311179158,"type":"create node","value":"0"},{"time":1702311179238,"type":"selected","value":"TRUE"},{"time":1702311210886,"type":"text","value":"Factenbassierte Entscheidung"},{"time":1702311210886,"type":"selected","value":"FALSE"},{"time":1702311216316,"type":"selected","value":"TRUE"},{"time":1702311219857,"type":"value","value":"2"},{"time":1702311219857,"type":"selected","value":"FALSE"}],"isTextChangeable":1},{"id":"25b1ca35-e666-46ad-96d0-521bf8fe481a","value":10,"text":"emotionless","comment":"","position":{"x":657,"y":684},"isActive":true,"date":1702311220845,"kind":"Node","isSelected":false,"isConnectorSelected":false,"isDraggable":1,"isDeletable":1,"hasElementMoved":false,"eventLog":[{"time":"1702311220845","type":"create node","value":[0]},{"time":"1702311222429","type":"selected","value":[true]},{"time":"1702311232833","type":"text","value":["Emotionslos"]},{"time":"1702311232833","type":"value","value":[10]},{"time":"1702311232833","type":"selected","value":[false]},{"time":"2023-12-11T16:13:53.712Z","type":"position","value":{"x":[252],"y":[518]}},{"time":"2023-12-11T16:13:54.000Z","type":"position","value":{"x":[405],"y":[532]}},{"time":"2023-12-11T16:13:54.433Z","type":"position","value":{"x":[557],"y":[469]}},{"time":"2023-12-11T16:13:55.437Z","type":"position","value":{"x":[407],"y":[596]}},{"time":"2023-12-11T16:14:11.364Z","type":"position","value":{"x":[468],"y":[564]}},{"time":"2023-12-11T16:14:11.715Z","type":"position","value":{"x":[640],"y":[703]}},{"time":"2023-12-11T16:14:16.352Z","type":"position","value":{"x":[735],"y":[715]}}],"isTextChangeable":1},{"id":"239429d5-ef13-493a-a2b3-5ac4b9d997be","value":10,"text":"ethical standard","comment":"","position":{"x":545,"y":291},"isActive":true,"date":1702311263166,"kind":"Node","isSelected":false,"isConnectorSelected":false,"isDraggable":1,"isDeletable":1,"hasElementMoved":false,"eventLog":[{"time":"1702311263166","type":"create node","value":[0]},{"time":"1702311287606","type":"selected","value":[true]},{"time":"1702311312858","type":"text","value":["Ethische Standard"]},{"time":"1702311312858","type":"value","value":[10]},{"time":"1702311312858","type":"selected","value":[false]},{"time":"2023-12-11T16:15:14.167Z","type":"position","value":{"x":[877],"y":[653]}},{"time":"2023-12-11T16:15:14.351Z","type":"position","value":{"x":[739],"y":[472]}},{"time":"2023-12-11T16:15:14.369Z","type":"position","value":{"x":[720],"y":[450]}},{"time":"2023-12-11T16:15:14.636Z","type":"position","value":{"x":[568],"y":[313]}}],"isTextChangeable":1},{"id":"5b4551df-27d9-41bd-9793-6abeb0b048d5","value":-3,"text":"malfunction","comment":"","position":{"x":269,"y":476},"isActive":true,"date":1702311359057,"kind":"Node","isSelected":false,"isConnectorSelected":false,"isDraggable":1,"isDeletable":1,"hasElementMoved":false,"eventLog":[{"time":1702311359057,"type":"create node","value":"0"},{"time":1702311359114,"type":"selected","value":"TRUE"},{"time":1702311369168,"type":"text","value":"Fehlfunktion"},{"time":1702311369168,"type":"value","value":"-3"},{"time":1702311369168,"type":"selected","value":"FALSE"}],"isTextChangeable":1},{"id":"dfa8dee5-b11f-4d56-b9ad-9a3f98301c37","value":0,"text":"","comment":"","position":{"x":1131,"y":538},"isActive":false,"date":1702311374795,"kind":"Node","isSelected":false,"isConnectorSelected":false,"isDraggable":1,"isDeletable":1,"hasElementMoved":false,"eventLog":[{"time":1702311374795,"type":"create node","value":0},{"time":1702311396321,"type":"selected","value":1},{"time":1702311398669,"type":"node was deleted","value":-99}],"isTextChangeable":1}],"connectors":[{"id":"a00062eb-4f05-4859-a87f-fba3d1244177","source":"b67844cf-a870-453a-9ca5-912b045a53f2","target":"9cb18444-830e-4efb-a647-926d87254118","agreement":true,"isActive":true,"date":1702310831511,"kind":"Connector","isSelected":false,"intensity":3,"isDeletable":false,"isOver":false,"isBidirectional":false,"eventLog":[{"time":1702310831511,"type":"create connection"}]},{"id":"4223978e-048a-4560-9b58-7115a4a4ff69","source":"b67844cf-a870-453a-9ca5-912b045a53f2","target":"7811a3ab-658d-4c4d-89e9-33f17001b5c8","agreement":true,"isActive":true,"date":1702310831511,"kind":"Connector","isSelected":false,"intensity":3,"isDeletable":true,"isOver":false,"isBidirectional":false,"eventLog":[{"time":1702310831511,"type":"create connection"}]},{"id":"f6e85774-1f21-42a5-bea2-4ecfbfa1aba5","source":"68514d8a-f622-49b0-bbef-1c1ed42c1a87","target":"7811a3ab-658d-4c4d-89e9-33f17001b5c8","agreement":true,"isActive":true,"date":1702311001838,"kind":"Connector","isSelected":false,"intensity":3,"isDeletable":true,"isOver":false,"isBidirectional":false,"eventLog":[{"time":1702311001838,"type":"create connection"}]},{"id":"33fd0850-06d9-4d8d-a10f-e1912d5300be","source":"b51845de-13fa-4bc6-ae6a-c61c3b2d51b7","target":"7811a3ab-658d-4c4d-89e9-33f17001b5c8","agreement":true,"isActive":true,"date":1702311003864,"kind":"Connector","isSelected":false,"intensity":3,"isDeletable":true,"isOver":false,"isBidirectional":false,"eventLog":[{"time":1702311003864,"type":"create connection"}]},{"id":"53a41f48-3b59-415a-9644-78ad6db38514","source":"1e1ba8b0-024f-4ed3-9fa6-9e6f8cf5373b","target":"b67844cf-a870-453a-9ca5-912b045a53f2","agreement":true,"isActive":true,"date":1702311005659,"kind":"Connector","isSelected":false,"intensity":3,"isDeletable":true,"isOver":false,"isBidirectional":false,"eventLog":[{"time":1702311005659,"type":"create connection"}]},{"id":"789ad8d7-fc2a-49b5-99a3-92073d0f4ba1","source":"e6060eda-dc07-48bd-aa9d-aec2e5810a2f","target":"9cb18444-830e-4efb-a647-926d87254118","agreement":true,"isActive":true,"date":1702311007873,"kind":"Connector","isSelected":false,"intensity":3,"isDeletable":true,"isOver":false,"isBidirectional":false,"eventLog":[{"time":1702311007873,"type":"create connection"}]},{"id":"f6874b05-72a3-426d-8003-14c77712b2c7","source":"7811a3ab-658d-4c4d-89e9-33f17001b5c8","target":"f53490e5-0d36-41e2-a3c7-639e47cd93b1","agreement":true,"isActive":true,"date":1702311039832,"kind":"Connector","isSelected":false,"intensity":3,"isDeletable":true,"isOver":false,"isBidirectional":false,"eventLog":[{"time":1702311039832,"type":"create connection"}]},{"id":"3758983b-9293-4888-bb60-8d905911e583","source":"68514d8a-f622-49b0-bbef-1c1ed42c1a87","target":"f53490e5-0d36-41e2-a3c7-639e47cd93b1","agreement":true,"isActive":true,"date":1702311078288,"kind":"Connector","isSelected":false,"intensity":3,"isDeletable":true,"isOver":false,"isBidirectional":false,"eventLog":[{"time":1702311078288,"type":"create connection"}]},{"id":"4ecbd192-76ed-4db6-8c8d-26d2261a40f9","source":"1e1ba8b0-024f-4ed3-9fa6-9e6f8cf5373b","target":"b51845de-13fa-4bc6-ae6a-c61c3b2d51b7","agreement":false,"isActive":true,"date":1702311088415,"kind":"Connector","isSelected":false,"intensity":6,"isDeletable":true,"isOver":false,"isBidirectional":false,"eventLog":[{"time":1702311088415,"type":"create connection"},{"time":1702311097416,"type":"selected","value":1},{"time":1702311104299,"type":"change intensity of connector","value":-6},{"time":1702311104299,"type":"selected","value":0}]},{"id":"ec8afbb2-90ff-454b-8a10-1120e010d7f6","source":"68514d8a-f622-49b0-bbef-1c1ed42c1a87","target":"b51845de-13fa-4bc6-ae6a-c61c3b2d51b7","agreement":true,"isActive":true,"date":1702311094108,"kind":"Connector","isSelected":false,"intensity":3,"isDeletable":true,"isOver":false,"isBidirectional":false,"eventLog":[{"time":1702311094108,"type":"create connection"}]},{"id":"4723766f-3baa-4fb7-8dc0-686c0624f16e","source":"f6d9cde8-8ba1-40f5-b379-335dbb8a200d","target":"b67844cf-a870-453a-9ca5-912b045a53f2","agreement":true,"isActive":true,"date":1702311139434,"kind":"Connector","isSelected":false,"intensity":3,"isDeletable":true,"isOver":false,"isBidirectional":false,"eventLog":[{"time":1702311139434,"type":"create connection"}]},{"id":"b55c6a88-c90a-43ce-a79a-20952e04fdac","source":"9cb18444-830e-4efb-a647-926d87254118","target":"f6d9cde8-8ba1-40f5-b379-335dbb8a200d","agreement":true,"isActive":true,"date":1702311144687,"kind":"Connector","isSelected":false,"intensity":3,"isDeletable":true,"isOver":false,"isBidirectional":false,"eventLog":[{"time":1702311144687,"type":"create connection"}]},{"id":"b604ab93-4b6f-43fb-b884-77929089b005","source":"d3063be6-6a59-4d26-a661-ba9c53dba12b","target":"7811a3ab-658d-4c4d-89e9-33f17001b5c8","agreement":true,"isActive":true,"date":1702311213679,"kind":"Connector","isSelected":false,"intensity":3,"isDeletable":true,"isOver":false,"isBidirectional":false,"eventLog":[{"time":1702311213679,"type":"create connection"}]},{"id":"c2325c43-14e9-457e-a415-abf3edb47e60","source":"25b1ca35-e666-46ad-96d0-521bf8fe481a","target":"b67844cf-a870-453a-9ca5-912b045a53f2","agreement":true,"isActive":true,"date":1702311237935,"kind":"Connector","isSelected":false,"intensity":3,"isDeletable":true,"isOver":false,"isBidirectional":false,"eventLog":[{"time":1702311237935,"type":"create connection"}]},{"id":"307df169-b2b0-4feb-80ef-57e657b1c7be","source":"f6d9cde8-8ba1-40f5-b379-335dbb8a200d","target":"25b1ca35-e666-46ad-96d0-521bf8fe481a","agreement":true,"isActive":true,"date":1702311240630,"kind":"Connector","isSelected":false,"intensity":3,"isDeletable":true,"isOver":false,"isBidirectional":false,"eventLog":[{"time":1702311240630,"type":"create connection"}]},{"id":"a327de6d-adaa-449d-9a72-a977b56b62a3","source":"25b1ca35-e666-46ad-96d0-521bf8fe481a","target":"9cb18444-830e-4efb-a647-926d87254118","agreement":true,"isActive":true,"date":1702311245115,"kind":"Connector","isSelected":false,"intensity":3,"isDeletable":true,"isOver":false,"isBidirectional":false,"eventLog":[{"time":1702311245115,"type":"create connection"}]},{"id":"1287dcfe-ae34-4d45-9138-ba9479e58b4d","source":"7811a3ab-658d-4c4d-89e9-33f17001b5c8","target":"25b1ca35-e666-46ad-96d0-521bf8fe481a","agreement":true,"isActive":true,"date":1702311248713,"kind":"Connector","isSelected":false,"intensity":3,"isDeletable":true,"isOver":false,"isBidirectional":false,"eventLog":[{"time":1702311248713,"type":"create connection"}]},{"id":"652357ea-e6c8-46c9-aa4d-6d502ebbf5f6","source":"239429d5-ef13-493a-a2b3-5ac4b9d997be","target":"b67844cf-a870-453a-9ca5-912b045a53f2","agreement":true,"isActive":true,"date":1702311316895,"kind":"Connector","isSelected":false,"intensity":3,"isDeletable":true,"isOver":false,"isBidirectional":false,"eventLog":[{"time":1702311316895,"type":"create connection"}]},{"id":"7af1f3a3-f3e1-447a-b87d-2b5779265fab","source":"239429d5-ef13-493a-a2b3-5ac4b9d997be","target":"68514d8a-f622-49b0-bbef-1c1ed42c1a87","agreement":false,"isActive":true,"date":1702311328181,"kind":"Connector","isSelected":false,"intensity":6,"isDeletable":true,"isOver":false,"isBidirectional":false,"eventLog":[{"time":1702311328181,"type":"create connection"},{"time":1702311330749,"type":"selected","value":1},{"time":1702311335113,"type":"change intensity of connector","value":-6},{"time":1702311335113,"type":"selected","value":0}]},{"id":"44f1cb2c-3c68-49ef-ae56-efb8f8768284","source":"9cb18444-830e-4efb-a647-926d87254118","target":"5b4551df-27d9-41bd-9793-6abeb0b048d5","agreement":true,"isActive":true,"date":1702311372340,"kind":"Connector","isSelected":false,"intensity":3,"isDeletable":true,"isOver":false,"isBidirectional":false,"eventLog":[{"time":1702311372340,"type":"create connection"}]}],"currentID":{},"currentNode":{},"hasSelectedNode":[false],"currentConnector":{},"hasSelectedConnector":[false],"readyToMove":[false],"isIncoming":[false],"hasElementMoved":[false]}
