{"idCAM":["6330506a-e434-496c-bfff-d2499d93d75a"],"creator":["6538ef6ac2e74e7d85a136ca_post"],"projectCAM":["S2_CAM part 2"],"defocusCAM":[],"date":[1702313802009],"nodes":[{"id":"10e9ab3d-05c2-4445-9437-2e108a6f5eec","value":0,"text":"rescue robot","comment":"","position":{"x":650,"y":400},"isActive":true,"date":1702313802880,"kind":"Node","isSelected":false,"isConnectorSelected":false,"isDraggable":0,"isDeletable":0,"hasElementMoved":false,"eventLog":[{"time":1702313802880,"type":"create node","value":0}],"isTextChangeable":0},{"id":"d8b5c0c6-1e10-407a-916e-6181993f74a1","value":0,"text":"disadvantages","comment":"","position":{"x":450,"y":400},"isActive":true,"date":1702313802880,"kind":"Node","isSelected":false,"isConnectorSelected":false,"isDraggable":0,"isDeletable":0,"hasElementMoved":false,"eventLog":[{"time":1702313802880,"type":"create node","value":0}],"isTextChangeable":0},{"id":"cd50e071-eeaf-4d65-9d4c-6a05cf918ffc","value":0,"text":"advantages","comment":"","position":{"x":850,"y":400},"isActive":true,"date":1702313802880,"kind":"Node","isSelected":false,"isConnectorSelected":false,"isDraggable":0,"isDeletable":0,"hasElementMoved":false,"eventLog":[{"time":1702313802880,"type":"create node","value":0}],"isTextChangeable":0},{"id":"acf556f4-890d-4029-ac1f-2598ba967cb8","value":2,"text":"effective","comment":"","position":{"x":1091,"y":321},"isActive":true,"date":1702313802880,"kind":"Node","isSelected":false,"isConnectorSelected":false,"isDraggable":1,"isDeletable":1,"hasElementMoved":false,"eventLog":[{"time":1702313802880,"type":"create node","value":2}],"isTextChangeable":1},{"id":"15373f1b-53ff-449f-8841-a7205a3db318","value":2,"text":"efficient","comment":"","position":{"x":1074,"y":468},"isActive":true,"date":1702313802880,"kind":"Node","isSelected":false,"isConnectorSelected":false,"isDraggable":1,"isDeletable":1,"hasElementMoved":false,"eventLog":[{"time":1702313802880,"type":"create node","value":2}],"isTextChangeable":1},{"id":"826ed222-ed0d-449d-96a1-e825d426f82e","value":3,"text":"practical","comment":"","position":{"x":997,"y":579},"isActive":true,"date":1702313802880,"kind":"Node","isSelected":false,"isConnectorSelected":false,"isDraggable":1,"isDeletable":1,"hasElementMoved":false,"eventLog":[{"time":1702313802880,"type":"create node","value":3}],"isTextChangeable":1},{"id":"921d032b-4a58-44f0-b6a0-cb954e7d50f1","value":-3,"text":"expensive","comment":"","position":{"x":456,"y":204},"isActive":true,"date":1702313802880,"kind":"Node","isSelected":false,"isConnectorSelected":false,"isDraggable":1,"isDeletable":1,"hasElementMoved":false,"eventLog":[{"time":"1702313802880","type":"create node","value":[-3]},{"time":"2023-12-11T16:56:48.616Z","type":"position","value":{"x":[435],"y":[176]}},{"time":"2023-12-11T16:56:49.742Z","type":"position","value":{"x":[444],"y":[195]}},{"time":"2023-12-11T16:56:56.044Z","type":"position","value":{"x":[443],"y":[202]}},{"time":"2023-12-11T16:57:03.173Z","type":"position","value":{"x":[439],"y":[209]}}],"isTextChangeable":1},{"id":"87697a1a-7514-4053-932b-ca82a5ae9348","value":3,"text":"safer","comment":"","position":{"x":832,"y":602},"isActive":true,"date":1702313802880,"kind":"Node","isSelected":false,"isConnectorSelected":false,"isDraggable":1,"isDeletable":1,"hasElementMoved":false,"eventLog":[{"time":1702313802880,"type":"create node","value":3}],"isTextChangeable":1},{"id":"b27a6853-6f90-4f34-b6ca-5a10870b018c","value":-2,"text":"error preserving","comment":"","position":{"x":239,"y":287},"isActive":true,"date":1702313802880,"kind":"Node","isSelected":false,"isConnectorSelected":false,"isDraggable":1,"isDeletable":1,"hasElementMoved":false,"eventLog":[{"time":1702313802880,"type":"create node","value":-2}],"isTextChangeable":1},{"id":"b6b9a7f8-cd4a-4508-af8c-ccadd366e158","value":1,"text":"intelligent","comment":"","position":{"x":1017,"y":205},"isActive":true,"date":1702313802881,"kind":"Node","isSelected":false,"isConnectorSelected":false,"isDraggable":1,"isDeletable":1,"hasElementMoved":false,"eventLog":[{"time":1702313802881,"type":"create node","value":1}],"isTextChangeable":1},{"id":"20c40723-6751-4acf-a915-d753930074b4","value":-1,"text":"maintenance","comment":"","position":{"x":258,"y":486},"isActive":true,"date":1702313802881,"kind":"Node","isSelected":false,"isConnectorSelected":false,"isDraggable":1,"isDeletable":1,"hasElementMoved":false,"eventLog":[{"time":1702313802881,"type":"create node","value":-1}],"isTextChangeable":1},{"id":"c17352ee-5bd2-4965-b252-5362d621023c","value":2,"text":"mass producible","comment":"","position":{"x":856,"y":214},"isActive":true,"date":1702313802881,"kind":"Node","isSelected":false,"isConnectorSelected":false,"isDraggable":1,"isDeletable":1,"hasElementMoved":false,"eventLog":[{"time":"1702313802881","type":"create node","value":[2]},{"time":"2023-12-11T16:56:47.768Z","type":"position","value":{"x":[848],"y":[182]}}],"isTextChangeable":1},{"id":"8f3198a9-e961-47db-8545-c390104a133b","value":2,"text":"adaptable","comment":"","position":{"x":697,"y":580},"isActive":true,"date":1702313802881,"kind":"Node","isSelected":false,"isConnectorSelected":false,"isDraggable":1,"isDeletable":1,"hasElementMoved":false,"eventLog":[{"time":1702313802881,"type":"create node","value":2}],"isTextChangeable":1}],"connectors":[{"id":"2db3cdb2-f23a-4bba-a4df-094f1c8d53ca","source":"10e9ab3d-05c2-4445-9437-2e108a6f5eec","target":"d8b5c0c6-1e10-407a-916e-6181993f74a1","agreement":true,"isActive":true,"date":1702313802881,"kind":"Connector","isSelected":false,"intensity":3,"isDeletable":false,"isOver":false,"isBidirectional":false,"eventLog":[{"time":1702313802881,"type":"create connection"}]},{"id":"c1e4d2fc-a482-44bb-99e9-69eea9b01f12","source":"10e9ab3d-05c2-4445-9437-2e108a6f5eec","target":"cd50e071-eeaf-4d65-9d4c-6a05cf918ffc","agreement":true,"isActive":true,"date":1702313802881,"kind":"Connector","isSelected":false,"intensity":3,"isDeletable":true,"isOver":false,"isBidirectional":false,"eventLog":[{"time":1702313802881,"type":"create connection"}]},{"id":"be1c7d01-9ac3-4b29-9d50-a3615d7fe335","source":"cd50e071-eeaf-4d65-9d4c-6a05cf918ffc","target":"acf556f4-890d-4029-ac1f-2598ba967cb8","agreement":true,"isActive":true,"date":1702313802881,"kind":"Connector","isSelected":false,"intensity":3,"isDeletable":true,"isOver":false,"isBidirectional":false,"eventLog":[{"time":1702313802881,"type":"create connection"}]},{"id":"9340a7f4-1e99-4358-af94-ad0b706254e3","source":"cd50e071-eeaf-4d65-9d4c-6a05cf918ffc","target":"15373f1b-53ff-449f-8841-a7205a3db318","agreement":true,"isActive":true,"date":1702313802882,"kind":"Connector","isSelected":false,"intensity":6,"isDeletable":true,"isOver":false,"isBidirectional":false,"eventLog":[{"time":1702313802882,"type":"create connection"}]},{"id":"8f2ac5e9-6148-4bba-b636-b94fc8a1bd67","source":"cd50e071-eeaf-4d65-9d4c-6a05cf918ffc","target":"826ed222-ed0d-449d-96a1-e825d426f82e","agreement":true,"isActive":true,"date":1702313802882,"kind":"Connector","isSelected":false,"intensity":3,"isDeletable":true,"isOver":false,"isBidirectional":false,"eventLog":[{"time":1702313802882,"type":"create connection"}]},{"id":"fdce6d5c-43d9-467d-a25d-73965968eaa2","source":"87697a1a-7514-4053-932b-ca82a5ae9348","target":"cd50e071-eeaf-4d65-9d4c-6a05cf918ffc","agreement":true,"isActive":true,"date":1702313802882,"kind":"Connector","isSelected":false,"intensity":9,"isDeletable":true,"isOver":false,"isBidirectional":false,"eventLog":[{"time":1702313802882,"type":"create connection"}]},{"id":"8aad44f0-95a4-4444-8fc9-9cf85557324a","source":"921d032b-4a58-44f0-b6a0-cb954e7d50f1","target":"d8b5c0c6-1e10-407a-916e-6181993f74a1","agreement":true,"isActive":true,"date":1702313802882,"kind":"Connector","isSelected":false,"intensity":3,"isDeletable":true,"isOver":false,"isBidirectional":false,"eventLog":[{"time":1702313802882,"type":"create connection"}]},{"id":"c3af4e5b-6822-4dc9-be9b-c95e61ada909","source":"d8b5c0c6-1e10-407a-916e-6181993f74a1","target":"b27a6853-6f90-4f34-b6ca-5a10870b018c","agreement":true,"isActive":true,"date":1702313802882,"kind":"Connector","isSelected":false,"intensity":3,"isDeletable":true,"isOver":false,"isBidirectional":false,"eventLog":[{"time":1702313802882,"type":"create connection"}]},{"id":"554c7e31-9912-43b0-92ea-3b07800b3b31","source":"b6b9a7f8-cd4a-4508-af8c-ccadd366e158","target":"cd50e071-eeaf-4d65-9d4c-6a05cf918ffc","agreement":true,"isActive":true,"date":1702313802883,"kind":"Connector","isSelected":false,"intensity":3,"isDeletable":true,"isOver":false,"isBidirectional":false,"eventLog":[{"time":1702313802883,"type":"create connection"}]},{"id":"76b09730-4c68-4a58-b40a-4afc589c9176","source":"d8b5c0c6-1e10-407a-916e-6181993f74a1","target":"20c40723-6751-4acf-a915-d753930074b4","agreement":true,"isActive":true,"date":1702313802883,"kind":"Connector","isSelected":false,"intensity":3,"isDeletable":true,"isOver":false,"isBidirectional":false,"eventLog":[{"time":1702313802883,"type":"create connection"}]},{"id":"c71bdbea-8338-476f-a061-3592333eea41","source":"cd50e071-eeaf-4d65-9d4c-6a05cf918ffc","target":"c17352ee-5bd2-4965-b252-5362d621023c","agreement":true,"isActive":true,"date":1702313802883,"kind":"Connector","isSelected":false,"intensity":3,"isDeletable":true,"isOver":false,"isBidirectional":false,"eventLog":[{"time":1702313802883,"type":"create connection"}]},{"id":"64bfc6ea-8bc3-48ea-b18f-18528ca63c8f","source":"921d032b-4a58-44f0-b6a0-cb954e7d50f1","target":"c17352ee-5bd2-4965-b252-5362d621023c","agreement":false,"isActive":true,"date":1702313802883,"kind":"Connector","isSelected":false,"intensity":6,"isDeletable":true,"isOver":false,"isBidirectional":false,"eventLog":[{"time":1702313802883,"type":"create connection"}]},{"id":"185bd5a9-097a-48a5-8a75-ea70dba0a623","source":"cd50e071-eeaf-4d65-9d4c-6a05cf918ffc","target":"8f3198a9-e961-47db-8545-c390104a133b","agreement":true,"isActive":true,"date":1702313802883,"kind":"Connector","isSelected":false,"intensity":9,"isDeletable":true,"isOver":false,"isBidirectional":false,"eventLog":[{"time":1702313802883,"type":"create connection"}]}],"currentID":{},"currentNode":{},"hasSelectedNode":[false],"currentConnector":{},"hasSelectedConnector":[false],"readyToMove":[false],"isIncoming":[false],"hasElementMoved":[false]}
