{"idCAM":["bc4474cb-256e-4cba-aba6-64b0c0bf82fb"],"creator":["6538ef6ac2e74e7d85a136ca_pre"],"projectCAM":["S2_CAM part 1"],"defocusCAM":[],"date":[1702312782289],"nodes":[{"id":"f55c8416-974a-4b15-95fb-d57fbe398f40","value":0,"text":"rescue robot","comment":"","position":{"x":650,"y":400},"isActive":true,"date":1702312783130,"kind":"Node","isSelected":false,"isConnectorSelected":false,"isDraggable":0,"isDeletable":0,"hasElementMoved":false,"eventLog":[{"time":1702312783130,"type":"create node","value":0}],"isTextChangeable":0},{"id":"6d739cf6-483c-42b3-94de-53ea1a7720c8","value":0,"text":"disadvantages","comment":"","position":{"x":450,"y":400},"isActive":true,"date":1702312783130,"kind":"Node","isSelected":false,"isConnectorSelected":false,"isDraggable":0,"isDeletable":0,"hasElementMoved":false,"eventLog":[{"time":1702312783130,"type":"create node","value":0}],"isTextChangeable":0},{"id":"d2bd6e9d-aca1-493c-bbe9-8e0d1bdaab9b","value":0,"text":"advantages","comment":"","position":{"x":850,"y":400},"isActive":true,"date":1702312783130,"kind":"Node","isSelected":false,"isConnectorSelected":false,"isDraggable":0,"isDeletable":0,"hasElementMoved":false,"eventLog":[{"time":1702312783130,"type":"create node","value":0}],"isTextChangeable":0},{"id":"fe8553fd-8d44-44ba-8c39-1053e9c9a539","value":2,"text":"effective","comment":"","position":{"x":1091,"y":321},"isActive":true,"date":1702312823499,"kind":"Node","isSelected":false,"isConnectorSelected":false,"isDraggable":1,"isDeletable":1,"hasElementMoved":false,"eventLog":[{"time":"1702312823499","type":"create node","value":[0]},{"time":"2023-12-11T16:40:26.645Z","type":"position","value":{"x":[920],"y":[324]}},{"time":"1702312826759","type":"selected","value":[true]},{"time":"1702312833343","type":"text","value":["effektiv"]},{"time":"1702312833343","type":"selected","value":[false]},{"time":"2023-12-11T16:40:33.967Z","type":"position","value":{"x":[921],"y":[332]}},{"time":"1702312865601","type":"selected","value":[true]},{"time":"1702312869014","type":"value","value":[2]},{"time":"1702312869014","type":"selected","value":[false]},{"time":"1702312878291","type":"selected","value":[true]},{"time":"1702312880895","type":"selected","value":[false]},{"time":"2023-12-11T16:41:57.566Z","type":"position","value":{"x":[1025],"y":[309]}},{"time":"2023-12-11T16:52:00.312Z","type":"position","value":{"x":[1063],"y":[294]}}],"isTextChangeable":1},{"id":"d917ecdf-a874-403a-865a-8b990c1f835f","value":2,"text":"efficient","comment":"","position":{"x":1074,"y":468},"isActive":true,"date":1702312834856,"kind":"Node","isSelected":false,"isConnectorSelected":false,"isDraggable":1,"isDeletable":1,"hasElementMoved":false,"eventLog":[{"time":"1702312834856","type":"create node","value":[0]},{"time":"1702312836842","type":"selected","value":[true]},{"time":"1702312841011","type":"text","value":["effizient"]},{"time":"1702312841011","type":"selected","value":[false]},{"time":"1702312869292","type":"selected","value":[true]},{"time":"1702312870768","type":"value","value":[2]},{"time":"1702312870768","type":"selected","value":[false]},{"time":"2023-12-11T16:41:27.291Z","type":"position","value":{"x":[1011],"y":[412]}},{"time":"2023-12-11T16:41:28.680Z","type":"position","value":{"x":[1033],"y":[446]}},{"time":"2023-12-11T16:41:57.040Z","type":"position","value":{"x":[1049],"y":[465]}}],"isTextChangeable":1},{"id":"aeed4d2f-bc3e-4625-9f52-15d8b0e3d9e4","value":3,"text":"practical","comment":"","position":{"x":997,"y":579},"isActive":true,"date":1702312842811,"kind":"Node","isSelected":false,"isConnectorSelected":false,"isDraggable":1,"isDeletable":1,"hasElementMoved":false,"eventLog":[{"time":"1702312842811","type":"create node","value":[0]},{"time":"1702312844375","type":"selected","value":[true]},{"time":"1702312850144","type":"text","value":["praktisch"]},{"time":"1702312850144","type":"selected","value":[false]},{"time":"2023-12-11T16:40:50.906Z","type":"position","value":{"x":[927],"y":[525]}},{"time":"1702312870955","type":"selected","value":[true]},{"time":"1702312873559","type":"value","value":[3]},{"time":"1702312873559","type":"selected","value":[false]},{"time":"2023-12-11T16:41:28.055Z","type":"position","value":{"x":[946],"y":[544]}},{"time":"2023-12-11T16:41:56.430Z","type":"position","value":{"x":[945],"y":[580]}}],"isTextChangeable":1},{"id":"d2398dc2-9ff0-4041-9383-a54ea40e23f2","value":-3,"text":"expensive","comment":"","position":{"x":441,"y":177},"isActive":true,"date":1702312854109,"kind":"Node","isSelected":false,"isConnectorSelected":false,"isDraggable":1,"isDeletable":1,"hasElementMoved":false,"eventLog":[{"time":"1702312854109","type":"create node","value":[0]},{"time":"1702312854161","type":"selected","value":[true]},{"time":"1702312858362","type":"text","value":["teuer"]},{"time":"1702312858362","type":"selected","value":[false]},{"time":"1702312918621","type":"selected","value":[true]},{"time":"1702312921722","type":"value","value":[-1]},{"time":"1702312921722","type":"selected","value":[false]},{"time":"2023-12-11T16:42:04.041Z","type":"position","value":{"x":[340],"y":[307]}},{"time":"2023-12-11T16:42:11.139Z","type":"position","value":{"x":[453],"y":[217]}},{"time":"2023-12-11T16:42:12.257Z","type":"position","value":{"x":[303],"y":[273]}},{"time":"2023-12-11T16:45:59.873Z","type":"position","value":{"x":[260],"y":[286]}},{"time":"2023-12-11T16:48:31.788Z","type":"position","value":{"x":[366],"y":[239]}},{"time":"1702313313553","type":"selected","value":[true]},{"time":"1702313314227","type":"selected","value":[false]},{"time":"2023-12-11T16:48:43.811Z","type":"position","value":{"x":[419],"y":[232]}},{"time":"2023-12-11T16:51:49.517Z","type":"position","value":{"x":[395],"y":[209]}},{"time":"2023-12-11T16:51:57.045Z","type":"position","value":{"x":[423],"y":[185]}},{"time":"1702313564790","type":"selected","value":[true]},{"time":"1702313566618","type":"value","value":[-3]},{"time":"1702313566618","type":"selected","value":[false]},{"time":"2023-12-11T16:54:37.851Z","type":"position","value":{"x":[408],"y":[170]}}],"isTextChangeable":1},{"id":"a56b2f99-cea4-4869-a7f2-bca587aec8ba","value":3,"text":"safer","comment":"","position":{"x":832,"y":602},"isActive":true,"date":1702312859210,"kind":"Node","isSelected":false,"isConnectorSelected":false,"isDraggable":1,"isDeletable":1,"hasElementMoved":false,"eventLog":[{"time":"1702312859210","type":"create node","value":[0]},{"time":"2023-12-11T16:41:00.431Z","type":"position","value":{"x":[173],"y":[449]}},{"time":"2023-12-11T16:41:00.591Z","type":"position","value":{"x":[330],"y":[475]}},{"time":"2023-12-11T16:41:00.684Z","type":"position","value":{"x":[500],"y":[490]}},{"time":"2023-12-11T16:41:00.831Z","type":"position","value":{"x":[650],"y":[501]}},{"time":"2023-12-11T16:41:01.684Z","type":"position","value":{"x":[495],"y":[539]}},{"time":"2023-12-11T16:41:01.791Z","type":"position","value":{"x":[316],"y":[516]}},{"time":"1702312890257","type":"selected","value":[true]},{"time":"1702312905226","type":"text","value":["sicherer"]},{"time":"1702312905226","type":"selected","value":[false]},{"time":"2023-12-11T16:41:46.076Z","type":"position","value":{"x":[148],"y":[428]}},{"time":"2023-12-11T16:41:46.423Z","type":"position","value":{"x":[301],"y":[469]}},{"time":"2023-12-11T16:41:46.516Z","type":"position","value":{"x":[489],"y":[473]}},{"time":"2023-12-11T16:41:46.609Z","type":"position","value":{"x":[642],"y":[490]}},{"time":"2023-12-11T16:41:46.741Z","type":"position","value":{"x":[798],"y":[504]}},{"time":"2023-12-11T16:41:46.874Z","type":"position","value":{"x":[955],"y":[518]}},{"time":"2023-12-11T16:41:47.079Z","type":"position","value":{"x":[1108],"y":[560]}},{"time":"1702312908624","type":"selected","value":[true]},{"time":"1702312911959","type":"value","value":[3]},{"time":"1702312911959","type":"selected","value":[false]},{"time":"2023-12-11T16:41:52.476Z","type":"position","value":{"x":[1143],"y":[582]}},{"time":"2023-12-11T16:41:52.649Z","type":"position","value":{"x":[985],"y":[632]}},{"time":"2023-12-11T16:41:55.757Z","type":"position","value":{"x":[857],"y":[633]}}],"isTextChangeable":1},{"id":"18fcec49-5a1a-429f-9eed-60e4ecff7fea","value":-2,"text":"error preserving","comment":"Buggy algorithm can threaten people","position":{"x":239,"y":287},"isActive":true,"date":1702312950497,"kind":"Node","isSelected":false,"isConnectorSelected":false,"isDraggable":1,"isDeletable":1,"hasElementMoved":false,"eventLog":[{"time":"1702312950497","type":"create node","value":[0]},{"time":"1702312950558","type":"selected","value":[true]},{"time":"1702313046077","type":"selected","value":[false]},{"time":"2023-12-11T16:44:06.930Z","type":"position","value":{"x":[166],"y":[463]}},{"time":"2023-12-11T16:44:09.315Z","type":"position","value":{"x":[240],"y":[455]}},{"time":"1702313052152","type":"selected","value":[true]},{"time":"1702313149838","type":"text","value":["fehlererhaltend"]},{"time":"1702313149838","type":"comment","value":["Buggy algorithmus kann Menschen bedrohen"]},{"time":"1702313149838","type":"selected","value":[false]},{"time":"1702313150625","type":"selected","value":[true]},{"time":"1702313153583","type":"value","value":[-2]},{"time":"1702313153583","type":"selected","value":[false]},{"time":"2023-12-11T16:45:59.274Z","type":"position","value":{"x":[249],"y":[462]}},{"time":"2023-12-11T16:48:44.552Z","type":"position","value":{"x":[224],"y":[337]}}],"isTextChangeable":1},{"id":"47dea369-4c35-4e60-b177-7ed0e0511c0c","value":1,"text":"intelligent","comment":"","position":{"x":1017,"y":205},"isActive":true,"date":1702313207780,"kind":"Node","isSelected":false,"isConnectorSelected":false,"isDraggable":1,"isDeletable":1,"hasElementMoved":false,"eventLog":[{"time":"1702313207780","type":"create node","value":[0]},{"time":"1702313208626","type":"selected","value":[true]},{"time":"1702313214635","type":"text","value":["intelligent"]},{"time":"1702313214635","type":"value","value":[1]},{"time":"1702313214635","type":"selected","value":[false]},{"time":"2023-12-11T16:51:17.265Z","type":"position","value":{"x":[936],"y":[168]}}],"isTextChangeable":1},{"id":"cb3946b9-4576-47a6-9d97-bf31e41d3b6e","value":-1,"text":"maintenance","comment":"","position":{"x":258,"y":486},"isActive":true,"date":1702313438720,"kind":"Node","isSelected":false,"isConnectorSelected":false,"isDraggable":1,"isDeletable":1,"hasElementMoved":false,"eventLog":[{"time":"1702313438720","type":"create node","value":[0]},{"time":"1702313439371","type":"selected","value":[true]},{"time":"1702313447858","type":"text","value":["Wartung"]},{"time":"1702313447858","type":"value","value":[-1]},{"time":"1702313447858","type":"selected","value":[false]},{"time":"2023-12-11T16:50:48.379Z","type":"position","value":{"x":[258],"y":[430]}},{"time":"1702313570910","type":"selected","value":[true]},{"time":"1702313571590","type":"selected","value":[false]}],"isTextChangeable":1},{"id":"956f2bc0-537b-4a39-83ef-569552620933","value":2,"text":"mass producible","comment":"","position":{"x":856,"y":187},"isActive":true,"date":1702313490202,"kind":"Node","isSelected":false,"isConnectorSelected":false,"isDraggable":1,"isDeletable":1,"hasElementMoved":false,"eventLog":[{"time":"1702313490202","type":"create node","value":[0]},{"time":"1702313491557","type":"selected","value":[true]},{"time":"1702313497227","type":"text","value":["massenproduzierbar"]},{"time":"1702313497227","type":"selected","value":[false]},{"time":"1702313497835","type":"selected","value":[true]},{"time":"1702313501471","type":"value","value":[2]},{"time":"1702313501471","type":"selected","value":[false]},{"time":"1702313502209","type":"selected","value":[true]},{"time":"1702313506373","type":"selected","value":[false]},{"time":"2023-12-11T16:54:36.862Z","type":"position","value":{"x":[869],"y":[173]}}],"isTextChangeable":1},{"id":"9620b02f-5a10-4b41-bdbe-2da9affe876f","value":2,"text":"adaptable","comment":"Adaptable for various purposes, e.g. paramedic robots","position":{"x":697,"y":580},"isActive":true,"date":1702313605828,"kind":"Node","isSelected":false,"isConnectorSelected":false,"isDraggable":1,"isDeletable":1,"hasElementMoved":false,"eventLog":[{"time":1702313605828,"type":"create node","value":"0"},{"time":1702313606203,"type":"selected","value":"TRUE"},{"time":1702313606615,"type":"selected","value":"FALSE"},{"time":1702313607520,"type":"selected","value":"TRUE"},{"time":1702313614049,"type":"text","value":"anpassbar"},{"time":1702313614049,"type":"value","value":"2"},{"time":1702313614049,"type":"selected","value":"FALSE"},{"time":1702313615456,"type":"selected","value":"TRUE"},{"time":1702313656650,"type":"comment","value":"Anpassbar für verschiedene Zweck, z.B. Sanitäter-Roboter"},{"time":1702313656650,"type":"selected","value":"FALSE"}],"isTextChangeable":1}],"connectors":[{"id":"ec6d6842-b373-43b3-8b82-2a30fbdb58c2","source":"f55c8416-974a-4b15-95fb-d57fbe398f40","target":"6d739cf6-483c-42b3-94de-53ea1a7720c8","agreement":true,"isActive":true,"date":1702312783130,"kind":"Connector","isSelected":false,"intensity":3,"isDeletable":false,"isOver":false,"isBidirectional":false,"eventLog":[{"time":1702312783130,"type":"create connection"}]},{"id":"3bbbe559-e7f3-473f-b5f8-25789715aa3d","source":"f55c8416-974a-4b15-95fb-d57fbe398f40","target":"d2bd6e9d-aca1-493c-bbe9-8e0d1bdaab9b","agreement":true,"isActive":true,"date":1702312783130,"kind":"Connector","isSelected":false,"intensity":3,"isDeletable":true,"isOver":false,"isBidirectional":false,"eventLog":[{"time":1702312783130,"type":"create connection"}]},{"id":"eab7b57d-16de-4afc-87cc-fbb3e1df9cc4","source":"d2bd6e9d-aca1-493c-bbe9-8e0d1bdaab9b","target":"fe8553fd-8d44-44ba-8c39-1053e9c9a539","agreement":true,"isActive":true,"date":1702312875606,"kind":"Connector","isSelected":false,"intensity":3,"isDeletable":true,"isOver":false,"isBidirectional":false,"eventLog":[{"time":1702312875606,"type":"create connection"},{"time":1702312883015,"type":"selected","value":1},{"time":1702312886085,"type":"change intensity of connector","value":3},{"time":1702312886085,"type":"selected","value":0},{"time":1702313288916,"type":"selected","value":1},{"time":1702313289323,"type":"change intensity of connector","value":3},{"time":1702313289323,"type":"selected","value":0},{"time":1702313290109,"type":"selected","value":1},{"time":1702313298306,"type":"change intensity of connector","value":3},{"time":1702313298306,"type":"selected","value":0}]},{"id":"5b176feb-e099-470b-b325-38730125845c","source":"d2bd6e9d-aca1-493c-bbe9-8e0d1bdaab9b","target":"d917ecdf-a874-403a-865a-8b990c1f835f","agreement":true,"isActive":true,"date":1702312876785,"kind":"Connector","isSelected":false,"intensity":6,"isDeletable":true,"isOver":false,"isBidirectional":false,"eventLog":[{"time":1702312876785,"type":"create connection"},{"time":1702313304050,"type":"selected","value":1},{"time":1702313305862,"type":"change intensity of connector","value":6},{"time":1702313305862,"type":"selected","value":0}]},{"id":"99bcbf9c-c936-4604-b7ba-62691dad9c5c","source":"d2bd6e9d-aca1-493c-bbe9-8e0d1bdaab9b","target":"aeed4d2f-bc3e-4625-9f52-15d8b0e3d9e4","agreement":true,"isActive":true,"date":1702312877432,"kind":"Connector","isSelected":false,"intensity":3,"isDeletable":true,"isOver":false,"isBidirectional":false,"eventLog":[{"time":1702312877432,"type":"create connection"}]},{"id":"1e46eb48-0a3f-42e8-bc3a-1a5818482e1e","source":"a56b2f99-cea4-4869-a7f2-bca587aec8ba","target":"d2bd6e9d-aca1-493c-bbe9-8e0d1bdaab9b","agreement":true,"isActive":true,"date":1702312914643,"kind":"Connector","isSelected":false,"intensity":9,"isDeletable":true,"isOver":false,"isBidirectional":false,"eventLog":[{"time":1702312914643,"type":"create connection"},{"time":1702313308620,"type":"selected","value":1},{"time":1702313310383,"type":"change intensity of connector","value":9},{"time":1702313310383,"type":"selected","value":0}]},{"id":"ea406408-f4da-4e71-a43f-4b34d2268b12","source":"d2398dc2-9ff0-4041-9383-a54ea40e23f2","target":"6d739cf6-483c-42b3-94de-53ea1a7720c8","agreement":true,"isActive":true,"date":1702312923085,"kind":"Connector","isSelected":false,"intensity":3,"isDeletable":true,"isOver":false,"isBidirectional":false,"eventLog":[{"time":1702312923085,"type":"create connection"}]},{"id":"566c88c0-4c6b-4d94-b23c-8cad298a3455","source":"6d739cf6-483c-42b3-94de-53ea1a7720c8","target":"18fcec49-5a1a-429f-9eed-60e4ecff7fea","agreement":true,"isActive":true,"date":1702313155105,"kind":"Connector","isSelected":false,"intensity":3,"isDeletable":true,"isOver":false,"isBidirectional":false,"eventLog":[{"time":1702313155105,"type":"create connection"}]},{"id":"b13c32c3-cf32-41dc-9bb1-a1c6b8988fc6","source":"47dea369-4c35-4e60-b177-7ed0e0511c0c","target":"d2bd6e9d-aca1-493c-bbe9-8e0d1bdaab9b","agreement":true,"isActive":true,"date":1702313215478,"kind":"Connector","isSelected":false,"intensity":3,"isDeletable":true,"isOver":false,"isBidirectional":false,"eventLog":[{"time":1702313215478,"type":"create connection"}]},{"id":"495a758b-0c88-478e-a83f-36e3bfe7199c","source":"fe8553fd-8d44-44ba-8c39-1053e9c9a539","target":"d2398dc2-9ff0-4041-9383-a54ea40e23f2","agreement":true,"isActive":false,"date":1702313316379,"kind":"Connector","isSelected":false,"intensity":3,"isDeletable":true,"isOver":false,"isBidirectional":false,"eventLog":[{"time":1702313316379,"type":"create connection"},{"time":1702313317723,"type":"selected","value":1},{"time":1702313322990,"type":"connector was deleted","value":-99},{"time":1702313322990,"type":"active","value":0}]},{"id":"19b13c99-2a04-4e57-8254-45ac94ef8130","source":"6d739cf6-483c-42b3-94de-53ea1a7720c8","target":"cb3946b9-4576-47a6-9d97-bf31e41d3b6e","agreement":true,"isActive":true,"date":1702313449451,"kind":"Connector","isSelected":false,"intensity":3,"isDeletable":true,"isOver":false,"isBidirectional":false,"eventLog":[{"time":1702313449451,"type":"create connection"}]},{"id":"b3c0d3c8-2e80-468c-8e8e-fbd92eabcb7a","source":"d2bd6e9d-aca1-493c-bbe9-8e0d1bdaab9b","target":"956f2bc0-537b-4a39-83ef-569552620933","agreement":true,"isActive":true,"date":1702313508391,"kind":"Connector","isSelected":false,"intensity":3,"isDeletable":true,"isOver":false,"isBidirectional":false,"eventLog":[{"time":1702313508391,"type":"create connection"}]},{"id":"aa6e486d-a714-4339-acbb-00b43feb0766","source":"d2398dc2-9ff0-4041-9383-a54ea40e23f2","target":"956f2bc0-537b-4a39-83ef-569552620933","agreement":false,"isActive":true,"date":1702313510962,"kind":"Connector","isSelected":false,"intensity":6,"isDeletable":true,"isOver":false,"isBidirectional":false,"eventLog":[{"time":1702313510962,"type":"create connection"},{"time":1702313511873,"type":"selected","value":1},{"time":1702313513639,"type":"change intensity of connector","value":-6},{"time":1702313513639,"type":"selected","value":0}]},{"id":"4335c8c0-74ae-4e4d-86b5-f98f93b5230f","source":"d2bd6e9d-aca1-493c-bbe9-8e0d1bdaab9b","target":"9620b02f-5a10-4b41-bdbe-2da9affe876f","agreement":true,"isActive":true,"date":1702313614801,"kind":"Connector","isSelected":false,"intensity":9,"isDeletable":true,"isOver":false,"isBidirectional":false,"eventLog":[{"time":1702313614801,"type":"create connection"},{"time":1702313658234,"type":"selected","value":1},{"time":1702313660561,"type":"change intensity of connector","value":9},{"time":1702313660561,"type":"selected","value":0}]}],"currentID":{},"currentNode":{},"hasSelectedNode":[false],"currentConnector":{},"hasSelectedConnector":[false],"readyToMove":[false],"isIncoming":[false],"hasElementMoved":[false]}
