{"idCAM":["bc547320-d640-4e59-aa7c-1ef59189b42a"],"creator":["653916355709faa03524b0df_pre"],"projectCAM":["S2_CAM part 1"],"defocusCAM":[null],"date":[1702309982253],"nodes":[{"id":"e3482df0-ce08-4b73-9425-0d7d94f2d2eb","value":10,"text":"social assistance robot","comment":"","position":{"x":650,"y":400},"isActive":true,"date":1702309983125,"kind":"Node","isSelected":false,"isConnectorSelected":false,"isDraggable":0,"isDeletable":0,"hasElementMoved":false,"eventLog":[{"time":1702309983125,"type":"create node","value":0},{"time":1702310007228,"type":"selected","value":1},{"time":1702310011712,"type":"value","value":10},{"time":1702310011712,"type":"selected","value":0}],"isTextChangeable":0},{"id":"435e3974-5ff2-4d68-a8bc-296a153ed4b9","value":0,"text":"disadvantages","comment":"","position":{"x":450,"y":400},"isActive":true,"date":1702309983126,"kind":"Node","isSelected":false,"isConnectorSelected":false,"isDraggable":0,"isDeletable":0,"hasElementMoved":false,"eventLog":[{"time":1702309983126,"type":"create node","value":0}],"isTextChangeable":0},{"id":"115614ff-1c3b-4a78-a968-9e76eeff6c9b","value":0,"text":"advantages","comment":"","position":{"x":850,"y":400},"isActive":true,"date":1702309983127,"kind":"Node","isSelected":false,"isConnectorSelected":true,"isDraggable":0,"isDeletable":0,"hasElementMoved":false,"eventLog":[{"time":1702309983127,"type":"create node","value":0},{"time":1702310014195,"type":"selected","value":1},{"time":1702310016889,"type":"selected","value":0}],"isTextChangeable":0},{"id":"ea01a94d-dd5c-4428-8142-d15e1771d6a3","value":1,"text":"usable at any time","comment":"Independent of time/ Independent of human working hours","position":{"x":888,"y":187},"isActive":true,"date":1702310012744,"kind":"Node","isSelected":false,"isConnectorSelected":false,"isDraggable":1,"isDeletable":1,"hasElementMoved":false,"eventLog":[{"time":"1702310012744","type":"create node","value":[0]},{"time":"2023-12-11T15:53:37.607Z","type":"position","value":{"x":[773],"y":[284]}},{"time":"2023-12-11T15:53:37.804Z","type":"position","value":{"x":[928],"y":[264]}},{"time":"2023-12-11T15:53:38.690Z","type":"position","value":{"x":[942],"y":[258]}},{"time":"1702310020643","type":"selected","value":[true]},{"time":"1702310021064","type":"selected","value":[false]},{"time":"1702310021822","type":"selected","value":[true]},{"time":"1702310108728","type":"text","value":["Jederzeit einsetzbar"]},{"time":"1702310108728","type":"value","value":[1]},{"time":"1702310108728","type":"comment","value":["Unabhängig von Uhrzeit/ Unabhängig von Arbeitszeiten menschlicher Arbeitskraft"]},{"time":"1702310108728","type":"selected","value":[false]},{"time":"2023-12-11T15:55:18.080Z","type":"position","value":{"x":[872],"y":[246]}},{"time":"2023-12-11T15:59:57.095Z","type":"position","value":{"x":[877],"y":[212]}},{"time":"2023-12-11T16:01:53.020Z","type":"position","value":{"x":[855],"y":[234]}}],"isTextChangeable":1},{"id":"fa636c1a-dd17-462a-9a2a-a40f38c5ef05","value":-2,"text":"superficial","comment":"Could act too superficially/must be adjusted to the supervising person","position":{"x":440,"y":241},"isActive":true,"date":1702310120282,"kind":"Node","isSelected":false,"isConnectorSelected":false,"isDraggable":1,"isDeletable":1,"hasElementMoved":false,"eventLog":[{"time":"1702310120282","type":"create node","value":[0]},{"time":"1702310120362","type":"selected","value":[true]},{"time":"1702310128490","type":"selected","value":[false]},{"time":"2023-12-11T15:55:29.457Z","type":"position","value":{"x":[991],"y":[256]}},{"time":"2023-12-11T15:55:29.506Z","type":"position","value":{"x":[839],"y":[256]}},{"time":"2023-12-11T15:55:29.529Z","type":"position","value":{"x":[665],"y":[254]}},{"time":"2023-12-11T15:55:29.562Z","type":"position","value":{"x":[396],"y":[251]}},{"time":"2023-12-11T15:55:29.611Z","type":"position","value":{"x":[232],"y":[251]}},{"time":"2023-12-11T15:55:29.812Z","type":"position","value":{"x":[401],"y":[249]}},{"time":"1702310131015","type":"selected","value":[true]},{"time":"1702310190731","type":"text","value":["Oberflächlich"]},{"time":"1702310190731","type":"value","value":[-2]},{"time":"1702310190731","type":"comment","value":["Könnten zu öberflächlich agieren/müssten auf die betreuende Person abgestimmt sein"]},{"time":"1702310190731","type":"selected","value":[false]},{"time":"2023-12-11T15:56:31.222Z","type":"position","value":{"x":[439],"y":[239]}}],"isTextChangeable":1},{"id":"37a2b1c1-c377-4e0e-b698-b26a4a3d4f2b","value":-2,"text":"cybercrime","comment":"Software is always vulnerable","position":{"x":286,"y":248},"isActive":true,"date":1702310199225,"kind":"Node","isSelected":false,"isConnectorSelected":false,"isDraggable":1,"isDeletable":1,"hasElementMoved":false,"eventLog":[{"time":"1702310199225","type":"create node","value":[0]},{"time":"1702310199315","type":"selected","value":[true]},{"time":"1702310259683","type":"text","value":["Cyberkriminalität"]},{"time":"1702310259683","type":"value","value":[-2]},{"time":"1702310259683","type":"comment","value":["Software ist immer angreifbar"]},{"time":"1702310259683","type":"selected","value":[false]},{"time":"2023-12-11T15:57:41.705Z","type":"position","value":{"x":[226],"y":[424]}},{"time":"2023-12-11T15:59:15.361Z","type":"position","value":{"x":[268],"y":[294]}}],"isTextChangeable":1},{"id":"d1665d18-1b90-4212-b466-32f9bf420d2c","value":-1,"text":"trained staff","comment":"Staff who can handle the technology and software behind it are needed internally or external companies that offer support need to be paid.","position":{"x":216,"y":342},"isActive":true,"date":1702310271421,"kind":"Node","isSelected":false,"isConnectorSelected":false,"isDraggable":1,"isDeletable":1,"hasElementMoved":false,"eventLog":[{"time":"1702310271421","type":"create node","value":[0]},{"time":"1702310271514","type":"selected","value":[true]},{"time":"1702310347546","type":"text","value":["geschultes Personal"]},{"time":"1702310347546","type":"value","value":[-1]},{"time":"1702310347546","type":"comment","value":["Personal die mit der Technologie und Software dahinter umgehen kann wird intern benötigt oder es müssen externe Firmen die Support bieten bezahlt werden."]},{"time":"1702310347546","type":"selected","value":[false]},{"time":"2023-12-11T15:59:14.363Z","type":"position","value":{"x":[247],"y":[415]}},{"time":"2023-12-11T15:59:16.178Z","type":"position","value":{"x":[199],"y":[390]}}],"isTextChangeable":1},{"id":"5abc2ac4-a79d-4861-a2a8-52af2da1f195","value":-3,"text":"Jobs are at risk","comment":"","position":{"x":244,"y":465},"isActive":true,"date":1702310357013,"kind":"Node","isSelected":false,"isConnectorSelected":false,"isDraggable":1,"isDeletable":1,"hasElementMoved":false,"eventLog":[{"time":1702310357013,"type":"create node","value":"0"},{"time":1702310357427,"type":"selected","value":"TRUE"},{"time":1702310391557,"type":"text","value":"Arbeitsplätze werden gefährdet"},{"time":1702310391557,"type":"value","value":"-3"},{"time":1702310391557,"type":"selected","value":"FALSE"}],"isTextChangeable":1},{"id":"daf56f8e-eb2f-4cd3-8270-bd5632c89600","value":2,"text":"costs","comment":"In the long run, probably cheaper than staff.","position":{"x":1011,"y":253},"isActive":true,"date":1702310398087,"kind":"Node","isSelected":false,"isConnectorSelected":false,"isDraggable":1,"isDeletable":1,"hasElementMoved":false,"eventLog":[{"time":"1702310398087","type":"create node","value":[0]},{"time":"1702310469082","type":"selected","value":[true]},{"time":"1702310500981","type":"text","value":["Kosten"]},{"time":"1702310500981","type":"value","value":[2]},{"time":"1702310500981","type":"comment","value":["Auf längere Sicht vermutlich günstiger als Personal."]},{"time":"1702310500981","type":"selected","value":[false]},{"time":"2023-12-11T16:01:41.520Z","type":"position","value":{"x":[971],"y":[319]}},{"time":"2023-12-11T16:01:51.967Z","type":"position","value":{"x":[1019],"y":[300]}}],"isTextChangeable":1},{"id":"859d3644-9f54-4678-afce-aa575763a95d","value":-2,"text":"rejection of technology","comment":"Especially older people reject newer technologies.","position":{"x":307,"y":549},"isActive":true,"date":1702310400739,"kind":"Node","isSelected":false,"isConnectorSelected":false,"isDraggable":1,"isDeletable":1,"hasElementMoved":false,"eventLog":[{"time":"1702310400739","type":"create node","value":[0]},{"time":"1702310400821","type":"selected","value":[true]},{"time":"1702310432155","type":"text","value":["Ablehnung der Technologie"]},{"time":"1702310432155","type":"value","value":[-2]},{"time":"1702310432155","type":"comment","value":["Besonders ältere Menschen lehnen neuere Technologien ab."]},{"time":"1702310432155","type":"selected","value":[false]},{"time":"2023-12-11T16:00:32.682Z","type":"position","value":{"x":[357],"y":[524]}}],"isTextChangeable":1},{"id":"9df241ba-5e90-4e7e-8465-504c88c8e87c","value":-1,"text":"too impersonal","comment":"Contact with real people is important.","position":{"x":444,"y":557},"isActive":true,"date":1702310439700,"kind":"Node","isSelected":false,"isConnectorSelected":false,"isDraggable":1,"isDeletable":1,"hasElementMoved":false,"eventLog":[{"time":"1702310439700","type":"create node","value":[0]},{"time":"1702310439766","type":"selected","value":[true]},{"time":"1702310447816","type":"text","value":["Zu unpersönlich"]},{"time":"1702310447816","type":"value","value":[-1]},{"time":"1702310447816","type":"selected","value":[false]},{"time":"2023-12-11T16:00:48.215Z","type":"position","value":{"x":[464],"y":[553]}},{"time":"1702310453059","type":"selected","value":[true]},{"time":"1702310466961","type":"comment","value":["Kontakt mit echten Menschen ist wichtig."]},{"time":"1702310466961","type":"selected","value":[false]}],"isTextChangeable":1},{"id":"26831d08-f0c0-4f3b-b0f1-dfec9a27a3fa","value":2,"text":"faster","comment":"Work faster","position":{"x":1069,"y":357},"isActive":true,"date":1702310553769,"kind":"Node","isSelected":false,"isConnectorSelected":false,"isDraggable":1,"isDeletable":1,"hasElementMoved":false,"eventLog":[{"time":"1702310553769","type":"create node","value":[0]},{"time":"1702310553832","type":"selected","value":[true]},{"time":"1702310643508","type":"text","value":["Schneller"]},{"time":"1702310643508","type":"value","value":[2]},{"time":"1702310643508","type":"comment","value":["Arbeitet schneller\n"]},{"time":"1702310643508","type":"selected","value":[false]},{"time":"2023-12-11T16:04:04.047Z","type":"position","value":{"x":[1013],"y":[406]}},{"time":"2023-12-11T16:04:16.183Z","type":"position","value":{"x":[1063],"y":[367]}}],"isTextChangeable":1},{"id":"f01f22aa-5416-4ecc-a4cc-ff0999fda67d","value":2,"text":"able to learn","comment":"Able to learn by adapting the code","position":{"x":1060,"y":482},"isActive":true,"date":1702310656976,"kind":"Node","isSelected":false,"isConnectorSelected":true,"isDraggable":1,"isDeletable":1,"hasElementMoved":false,"eventLog":[{"time":"1702310656976","type":"create node","value":[0]},{"time":"2023-12-11T16:04:17.840Z","type":"position","value":{"x":[1020],"y":[441]}},{"time":"1702310660482","type":"selected","value":[true]},{"time":"1702310695760","type":"text","value":["Lernfähig"]},{"time":"1702310695760","type":"value","value":[2]},{"time":"1702310695760","type":"comment","value":["Lernfähig durch anpassen des Codes"]},{"time":"1702310695760","type":"selected","value":[false]}],"isTextChangeable":1}],"connectors":[{"id":"79c0dbf2-a4bd-4eba-8116-394045db0330","source":"e3482df0-ce08-4b73-9425-0d7d94f2d2eb","target":"435e3974-5ff2-4d68-a8bc-296a153ed4b9","agreement":true,"isActive":true,"date":1702309983127,"kind":"Connector","isSelected":false,"intensity":3,"isDeletable":false,"isOver":false,"isBidirectional":false,"eventLog":[{"time":1702309983127,"type":"create connection"}]},{"id":"a154fa10-9988-4918-bdae-dcf05fd82b80","source":"e3482df0-ce08-4b73-9425-0d7d94f2d2eb","target":"115614ff-1c3b-4a78-a968-9e76eeff6c9b","agreement":true,"isActive":true,"date":1702309983127,"kind":"Connector","isSelected":false,"intensity":3,"isDeletable":true,"isOver":false,"isBidirectional":false,"eventLog":[{"time":1702309983127,"type":"create connection"}]},{"id":"2cc2f12a-d265-42f7-9e25-b0d12a872598","source":"ea01a94d-dd5c-4428-8142-d15e1771d6a3","target":"115614ff-1c3b-4a78-a968-9e76eeff6c9b","agreement":true,"isActive":true,"date":1702310110809,"kind":"Connector","isSelected":false,"intensity":3,"isDeletable":true,"isOver":false,"isBidirectional":false,"eventLog":[{"time":1702310110809,"type":"create connection"},{"time":1702310113590,"type":"selected","value":1},{"time":1702310116906,"type":"change intensity of connector","value":3},{"time":1702310116906,"type":"selected","value":0},{"time":1702310507134,"type":"selected","value":1},{"time":1702310508729,"type":"change intensity of connector","value":3},{"time":1702310508729,"type":"selected","value":0}]},{"id":"a07c119a-00b7-463c-8029-c6f3f9eee79d","source":"435e3974-5ff2-4d68-a8bc-296a153ed4b9","target":"fa636c1a-dd17-462a-9a2a-a40f38c5ef05","agreement":false,"isActive":true,"date":1702310192457,"kind":"Connector","isSelected":false,"intensity":6,"isDeletable":true,"isOver":false,"isBidirectional":false,"eventLog":[{"time":1702310192457,"type":"create connection"},{"time":1702310194374,"type":"selected","value":1},{"time":1702310196516,"type":"change intensity of connector","value":-6},{"time":1702310196516,"type":"selected","value":0}]},{"id":"cf932884-4d9e-4c10-8af8-4b23561fabb9","source":"435e3974-5ff2-4d68-a8bc-296a153ed4b9","target":"37a2b1c1-c377-4e0e-b698-b26a4a3d4f2b","agreement":false,"isActive":true,"date":1702310261086,"kind":"Connector","isSelected":false,"intensity":3,"isDeletable":true,"isOver":false,"isBidirectional":false,"eventLog":[{"time":1702310261086,"type":"create connection"},{"time":1702310263748,"type":"selected","value":1},{"time":1702310266306,"type":"change intensity of connector","value":-3},{"time":1702310266306,"type":"selected","value":0}]},{"id":"35fd9b1c-de35-43e6-978a-3cabdbd42c9b","source":"d1665d18-1b90-4212-b466-32f9bf420d2c","target":"435e3974-5ff2-4d68-a8bc-296a153ed4b9","agreement":false,"isActive":true,"date":1702310349629,"kind":"Connector","isSelected":false,"intensity":3,"isDeletable":true,"isOver":false,"isBidirectional":false,"eventLog":[{"time":1702310349629,"type":"create connection"},{"time":1702310350896,"type":"selected","value":1},{"time":1702310353444,"type":"change intensity of connector","value":-3},{"time":1702310353444,"type":"selected","value":0}]},{"id":"469991b4-8d8b-4fb3-a9c2-d5bdcc1ebbe3","source":"435e3974-5ff2-4d68-a8bc-296a153ed4b9","target":"5abc2ac4-a79d-4861-a2a8-52af2da1f195","agreement":false,"isActive":true,"date":1702310392661,"kind":"Connector","isSelected":false,"intensity":6,"isDeletable":true,"isOver":false,"isBidirectional":false,"eventLog":[{"time":1702310392661,"type":"create connection"},{"time":1702310393708,"type":"selected","value":1},{"time":1702310395835,"type":"change intensity of connector","value":-6},{"time":1702310395835,"type":"selected","value":0}]},{"id":"5e862277-4ba7-424f-b1d2-c960e403ab7f","source":"435e3974-5ff2-4d68-a8bc-296a153ed4b9","target":"859d3644-9f54-4678-afce-aa575763a95d","agreement":false,"isActive":true,"date":1702310434356,"kind":"Connector","isSelected":false,"intensity":3,"isDeletable":true,"isOver":false,"isBidirectional":false,"eventLog":[{"time":1702310434356,"type":"create connection"},{"time":1702310436045,"type":"selected","value":1},{"time":1702310437903,"type":"change intensity of connector","value":-3},{"time":1702310437903,"type":"selected","value":0}]},{"id":"f2fab41b-989e-42b2-94e7-862f7c4d9695","source":"435e3974-5ff2-4d68-a8bc-296a153ed4b9","target":"9df241ba-5e90-4e7e-8465-504c88c8e87c","agreement":false,"isActive":true,"date":1702310449304,"kind":"Connector","isSelected":false,"intensity":6,"isDeletable":true,"isOver":false,"isBidirectional":false,"eventLog":[{"time":1702310449304,"type":"create connection"},{"time":1702310450183,"type":"selected","value":1},{"time":1702310452487,"type":"change intensity of connector","value":-6},{"time":1702310452487,"type":"selected","value":0}]},{"id":"abb8ab94-0b72-4ddb-9743-149be04acd30","source":"daf56f8e-eb2f-4cd3-8270-bd5632c89600","target":"115614ff-1c3b-4a78-a968-9e76eeff6c9b","agreement":true,"isActive":true,"date":1702310503562,"kind":"Connector","isSelected":false,"intensity":6,"isDeletable":true,"isOver":false,"isBidirectional":false,"eventLog":[{"time":1702310503562,"type":"create connection"},{"time":1702310504348,"type":"selected","value":1},{"time":1702310506090,"type":"change intensity of connector","value":6},{"time":1702310506090,"type":"selected","value":0}]},{"id":"a610b9e6-65cd-4dc1-98f8-c88566ca1a8f","source":"115614ff-1c3b-4a78-a968-9e76eeff6c9b","target":"26831d08-f0c0-4f3b-b0f1-dfec9a27a3fa","agreement":true,"isActive":true,"date":1702310645070,"kind":"Connector","isSelected":false,"intensity":6,"isDeletable":true,"isOver":false,"isBidirectional":false,"eventLog":[{"time":1702310645070,"type":"create connection"},{"time":1702310646204,"type":"selected","value":1},{"time":1702310647780,"type":"change intensity of connector","value":6},{"time":1702310647780,"type":"selected","value":0}]},{"id":"86eca7e7-7e18-4d88-a027-99690541703f","source":"f01f22aa-5416-4ecc-a4cc-ff0999fda67d","target":"115614ff-1c3b-4a78-a968-9e76eeff6c9b","agreement":true,"isActive":true,"date":1702310696884,"kind":"Connector","isSelected":false,"intensity":6,"isDeletable":true,"isOver":false,"isBidirectional":false,"eventLog":[{"time":1702310696884,"type":"create connection"},{"time":1702310697941,"type":"selected","value":1},{"time":1702310700187,"type":"change intensity of connector","value":6},{"time":1702310700187,"type":"selected","value":0}]}],"currentID":["86eca7e7-7e18-4d88-a027-99690541703f"],"currentNode":{},"hasSelectedNode":[false],"currentConnector":{"id":["86eca7e7-7e18-4d88-a027-99690541703f"],"value":{},"source":["f01f22aa-5416-4ecc-a4cc-ff0999fda67d"],"target":["115614ff-1c3b-4a78-a968-9e76eeff6c9b"],"agreement":[true],"isActive":[true],"date":[1702310696884],"kind":["Connector"],"isSelected":[false],"intensity":[6],"isDeletable":[true],"isOver":[false],"isBidirectional":[false],"eventLog":[{"time":1702310696884,"type":"create connection"},{"time":1702310697941,"type":"selected","value":1},{"time":1702310700187,"type":"change intensity of connector","value":6},{"time":1702310700187,"type":"selected","value":0}]},"hasSelectedConnector":[true],"readyToMove":[false],"isIncoming":[false],"hasElementMoved":[false]}
