{"idCAM":["10a31fa7-bc6f-42c9-b263-3186440e27c9"],"creator":["65391c7ecf65866247606910_pre"],"projectCAM":["S2_CAM part 1"],"defocusCAM":["NA",690],"date":[1702309825633],"nodes":[{"id":"72581c54-0dbe-4f01-a181-64b26d215b9b","value":0,"text":"rescue robot","comment":"","position":{"x":650,"y":400},"isActive":true,"date":1702309826525,"kind":"Node","isSelected":false,"isConnectorSelected":false,"isDraggable":0,"isDeletable":0,"hasElementMoved":false,"eventLog":[{"time":1702309826525,"type":"create node","value":0},{"time":1702309837678,"type":"selected","value":1},{"time":1702309843443,"type":"value","value":3},{"time":1702309843443,"type":"selected","value":0},{"time":1702309849441,"type":"selected","value":1},{"time":1702309852553,"type":"value","value":2},{"time":1702309852553,"type":"selected","value":0},{"time":1702309854758,"type":"selected","value":1},{"time":1702309857059,"type":"value","value":0},{"time":1702309857059,"type":"selected","value":0},{"time":1702310615480,"type":"selected","value":1},{"time":1702310616629,"type":"selected","value":0},{"time":1702310622892,"type":"selected","value":1},{"time":1702310629671,"type":"selected","value":0}],"isTextChangeable":0},{"id":"a2b9cfce-7fd2-4346-ba92-c642250bbe7e","value":-2,"text":"disadvantages","comment":"","position":{"x":450,"y":400},"isActive":true,"date":1702309826526,"kind":"Node","isSelected":false,"isConnectorSelected":false,"isDraggable":0,"isDeletable":0,"hasElementMoved":false,"eventLog":[{"time":1702309826526,"type":"create node","value":0},{"time":1702309852622,"type":"selected","value":1},{"time":1702309854688,"type":"value","value":-2},{"time":1702309854688,"type":"selected","value":0},{"time":1702309982862,"type":"selected","value":1},{"time":1702309984241,"type":"selected","value":0}],"isTextChangeable":0},{"id":"9ca0027c-b804-4419-8283-45da145938f3","value":3,"text":"advantages","comment":"","position":{"x":850,"y":400},"isActive":true,"date":1702309826526,"kind":"Node","isSelected":false,"isConnectorSelected":false,"isDraggable":0,"isDeletable":0,"hasElementMoved":false,"eventLog":[{"time":1702309826526,"type":"create node","value":0},{"time":1702309844802,"type":"selected","value":1},{"time":1702309849364,"type":"value","value":2},{"time":1702309849364,"type":"selected","value":0},{"time":1702310664499,"type":"selected","value":1},{"time":1702310666704,"type":"value","value":3},{"time":1702310666704,"type":"selected","value":0}],"isTextChangeable":0},{"id":"96121d24-ec49-4512-b3df-db4f404182c6","value":3,"text":"area of application","comment":"Can be used in areas too dangerous for humans","position":{"x":989,"y":514},"isActive":true,"date":1702309857251,"kind":"Node","isSelected":false,"isConnectorSelected":false,"isDraggable":1,"isDeletable":1,"hasElementMoved":false,"eventLog":[{"time":"1702309857251","type":"create node","value":[0]},{"time":"2023-12-11T15:50:58.323Z","type":"position","value":{"x":[831],"y":[487]}},{"time":"2023-12-11T15:50:58.697Z","type":"position","value":{"x":[981],"y":[512]}},{"time":"1702309859711","type":"selected","value":[true]},{"time":"1702309875256","type":"text","value":["Einsatzbereich"]},{"time":"1702309875256","type":"value","value":[3]},{"time":"1702309875256","type":"comment","value":["Kann in für Menschen zu gefährlichen Gebieten eingesetzt werden"]},{"time":"1702309875256","type":"selected","value":[false]}],"isTextChangeable":1},{"id":"eae11e1a-6b50-411e-94a1-f79589c54600","value":0,"text":"Kosten","comment":"Wahrscheinlich hohe Anschaffungskosten ","position":{"x":769,"y":217},"isActive":false,"date":1702309882019,"kind":"Node","isSelected":false,"isConnectorSelected":false,"isDraggable":1,"isDeletable":1,"hasElementMoved":false,"eventLog":[{"time":"1702309882019","type":"create node","value":[0]},{"time":"1702309884352","type":"selected","value":[true]},{"time":"1702309908794","type":"text","value":["Kosten"]},{"time":"1702309908794","type":"selected","value":[false]},{"time":"2023-12-11T15:51:49.397Z","type":"position","value":{"x":[1082],"y":[366]}},{"time":"2023-12-11T15:51:49.502Z","type":"position","value":{"x":[913],"y":[290]}},{"time":"2023-12-11T15:51:49.592Z","type":"position","value":{"x":[763],"y":[248]}},{"time":"2023-12-11T15:51:50.113Z","type":"position","value":{"x":[795],"y":[215]}},{"time":"1702309913447","type":"selected","value":[true]},{"time":"1702309923548","type":"node was deleted","value":[-77]}],"isTextChangeable":1},{"id":"6a31c071-7322-4989-902c-c20d03c27f11","value":0,"text":"","comment":"","position":{"x":838,"y":201},"isActive":false,"date":1702309925309,"kind":"Node","isSelected":false,"isConnectorSelected":false,"isDraggable":1,"isDeletable":1,"hasElementMoved":false,"eventLog":[{"time":1702309925309,"type":"create node","value":0},{"time":1702309928396,"type":"selected","value":1},{"time":1702309929473,"type":"node was deleted","value":-99}],"isTextChangeable":1},{"id":"52b395ec-3f9b-4d9d-babe-b4ae66a97fa8","value":0,"text":"","comment":"","position":{"x":815,"y":319},"isActive":false,"date":1702309926249,"kind":"Node","isSelected":false,"isConnectorSelected":false,"isDraggable":1,"isDeletable":1,"hasElementMoved":false,"eventLog":[{"time":1702309926249,"type":"create node","value":0},{"time":1702309927579,"type":"selected","value":1},{"time":1702309928321,"type":"selected","value":0},{"time":1702309930065,"type":"selected","value":1},{"time":1702309930895,"type":"node was deleted","value":-99}],"isTextChangeable":1},{"id":"351dae9c-3acf-4a5a-9e47-47b9cbbb41d1","value":10,"text":"costs","comment":"Probably high acquisition costs but possibly cheaper in the long run. Saves salary for rescue personnel,","position":{"x":657,"y":230},"isActive":true,"date":1702309934464,"kind":"Node","isSelected":false,"isConnectorSelected":false,"isDraggable":1,"isDeletable":1,"hasElementMoved":false,"eventLog":[{"time":"1702309934464","type":"create node","value":[0]},{"time":"1702309934528","type":"selected","value":[true]},{"time":"1702309976912","type":"text","value":["Kosten"]},{"time":"1702309976912","type":"comment","value":["Wahrscheinlich hohe Anschaffungskosten aber eventuell günstiger auf lange Sicht. Spart Gehalt für Rettungspersonal,"]},{"time":"1702309976912","type":"selected","value":[false]},{"time":"2023-12-11T15:53:12.484Z","type":"position","value":{"x":[833],"y":[194]}},{"time":"2023-12-11T15:53:13.088Z","type":"position","value":{"x":[682],"y":[237]}},{"time":"1702309994194","type":"selected","value":[true]},{"time":"1702309997041","type":"value","value":[10]},{"time":"1702309997041","type":"selected","value":[false]}],"isTextChangeable":1},{"id":"9253c215-bdb8-47da-8fd2-616b66ce5fef","value":10,"text":"autonomous decisions","comment":"Robots decide about life and death. They might make more logical decisions when they are not guided by emotions and prejudices like humans do.","position":{"x":639,"y":578},"isActive":true,"date":1702309997809,"kind":"Node","isSelected":false,"isConnectorSelected":false,"isDraggable":1,"isDeletable":1,"hasElementMoved":false,"eventLog":[{"time":"1702309997809","type":"create node","value":[0]},{"time":"2023-12-11T15:53:19.555Z","type":"position","value":{"x":[701],"y":[569]}},{"time":"1702310002403","type":"selected","value":[true]},{"time":"1702310026392","type":"text","value":["Entscheidungen nachvollziehen"]},{"time":"1702310026392","type":"selected","value":[false]},{"time":"2023-12-11T15:53:46.787Z","type":"position","value":{"x":[809],"y":[592]}},{"time":"2023-12-11T15:53:46.860Z","type":"position","value":{"x":[638],"y":[564]}},{"time":"2023-12-11T15:53:46.901Z","type":"position","value":{"x":[468],"y":[533]}},{"time":"1702310027752","type":"selected","value":[true]},{"time":"1702310103921","type":"text","value":["Autonome Entscheidungen"]},{"time":"1702310103921","type":"value","value":[-1]},{"time":"1702310103921","type":"comment","value":["Roboter entscheidet über Leben und Tod."]},{"time":"1702310103921","type":"selected","value":[false]},{"time":"2023-12-11T15:55:28.132Z","type":"position","value":{"x":[408],"y":[537]}},{"time":"2023-12-11T15:55:28.250Z","type":"position","value":{"x":[558],"y":[532]}},{"time":"1702310129298","type":"selected","value":[true]},{"time":"1702310183927","type":"value","value":[10]},{"time":"1702310183927","type":"comment","value":["Roboter entscheidet über Leben und Tod. Trifft eventuell logischere Entscheidungen wenn er nicht von Emotionen und Vorurteilen gelenkt wird wie es Menschen tun."]},{"time":"1702310183927","type":"selected","value":[false]},{"time":"2023-12-11T15:56:25.035Z","type":"position","value":{"x":[613],"y":[527]}}],"isTextChangeable":1},{"id":"f62510bd-63fd-4741-b9b8-749e9ae641b5","value":0,"text":"","comment":"","position":{"x":579,"y":317},"isActive":false,"date":1702310187337,"kind":"Node","isSelected":false,"isConnectorSelected":false,"isDraggable":1,"isDeletable":1,"hasElementMoved":false,"eventLog":[{"time":1702310187337,"type":"create node","value":0},{"time":1702310189126,"type":"selected","value":1},{"time":1702310190120,"type":"node was deleted","value":-99}],"isTextChangeable":1},{"id":"203aa662-9d38-4245-a400-7ef911db221e","value":-2,"text":"programmed by humans","comment":"Mistakes cannot be avoided, the criteria by which the robot decides can be influenced by the programmer's prejudices.","position":{"x":472,"y":258},"isActive":true,"date":1702310209468,"kind":"Node","isSelected":false,"isConnectorSelected":false,"isDraggable":1,"isDeletable":1,"hasElementMoved":false,"eventLog":[{"time":"1702310209468","type":"create node","value":[0]},{"time":"1702310209561","type":"selected","value":[true]},{"time":"1702310301566","type":"text","value":["Von Menschen programmiert"]},{"time":"1702310301566","type":"value","value":[-2]},{"time":"1702310301566","type":"comment","value":["Fehler können nicht ausbleiben, Kriterien nach denen der Roboter entscheidet können von Vorurteilen des Programmierers beeinflusst werden."]},{"time":"1702310301566","type":"selected","value":[false]},{"time":"2023-12-11T15:58:22.355Z","type":"position","value":{"x":[1045],"y":[301]}},{"time":"2023-12-11T15:58:22.466Z","type":"position","value":{"x":[890],"y":[160]}},{"time":"2023-12-11T15:58:22.473Z","type":"position","value":{"x":[872],"y":[149]}},{"time":"2023-12-11T15:58:22.515Z","type":"position","value":{"x":[728],"y":[95]}},{"time":"2023-12-11T15:58:22.570Z","type":"position","value":{"x":[562],"y":[91]}},{"time":"2023-12-11T15:58:22.661Z","type":"position","value":{"x":[408],"y":[179]}},{"time":"2023-12-11T15:58:54.055Z","type":"position","value":{"x":[372],"y":[261]}},{"time":"2023-12-11T15:59:01.899Z","type":"position","value":{"x":[496],"y":[271]}}],"isTextChangeable":1},{"id":"c5dcaeed-f2f8-4997-b184-6e256af49865","value":-1,"text":"jobs","comment":"Jobs of rescue personnel in danger","position":{"x":341,"y":503},"isActive":true,"date":1702310347663,"kind":"Node","isSelected":false,"isConnectorSelected":false,"isDraggable":1,"isDeletable":1,"hasElementMoved":false,"eventLog":[{"time":"1702310347663","type":"create node","value":[0]},{"time":"1702310347731","type":"selected","value":[true]},{"time":"1702310356536","type":"text","value":["Arbeitsplätze"]},{"time":"1702310356536","type":"value","value":[-1]},{"time":"1702310356536","type":"selected","value":[false]},{"time":"1702310358328","type":"selected","value":[true]},{"time":"1702310383322","type":"comment","value":["Arbeitsplätze von Rettungspersonal in Gefahr"]},{"time":"1702310383322","type":"selected","value":[false]},{"time":"2023-12-11T15:59:44.204Z","type":"position","value":{"x":[343],"y":[497]}},{"time":"1702310401978","type":"selected","value":[true]},{"time":"1702310402802","type":"selected","value":[false]},{"time":"1702310457805","type":"selected","value":[true]},{"time":"1702310459604","type":"selected","value":[false]}],"isTextChangeable":1},{"id":"ea04b2d3-fafc-43bd-9143-0e3775dd897b","value":-2,"text":"less skilled staff","comment":"","position":{"x":271,"y":140},"isActive":true,"date":1702310387882,"kind":"Node","isSelected":false,"isConnectorSelected":false,"isDraggable":1,"isDeletable":1,"hasElementMoved":false,"eventLog":[{"time":"1702310387882","type":"create node","value":[0]},{"time":"1702310387944","type":"selected","value":[true]},{"time":"1702310396413","type":"text","value":["Weniger Fachpersonal"]},{"time":"1702310396413","type":"value","value":[-2]},{"time":"1702310396413","type":"selected","value":[false]},{"time":"2023-12-11T16:00:06.221Z","type":"position","value":{"x":[230],"y":[435]}},{"time":"2023-12-11T16:00:40.921Z","type":"position","value":{"x":[183],"y":[389]}},{"time":"2023-12-11T16:00:42.892Z","type":"position","value":{"x":[253],"y":[311]}},{"time":"2023-12-11T16:00:43.018Z","type":"position","value":{"x":[286],"y":[157]}},{"time":"2023-12-11T16:01:08.879Z","type":"position","value":{"x":[282],"y":[97]}},{"time":"1702310469573","type":"selected","value":[true]},{"time":"1702310471804","type":"selected","value":[false]}],"isTextChangeable":1},{"id":"205c1765-77bb-4b59-bf6a-d2c6d5e1f8f9","value":-2,"text":"failure rate","comment":"What happens when a robot breaks down?","position":{"x":424,"y":596},"isActive":true,"date":1702310473482,"kind":"Node","isSelected":false,"isConnectorSelected":false,"isDraggable":1,"isDeletable":1,"hasElementMoved":false,"eventLog":[{"time":"1702310473482","type":"create node","value":[0]},{"time":"1702310473565","type":"selected","value":[true]},{"time":"1702310486423","type":"text","value":["Ausfallquote"]},{"time":"1702310486423","type":"selected","value":[false]},{"time":"2023-12-11T16:01:27.095Z","type":"position","value":{"x":[202],"y":[614]}},{"time":"2023-12-11T16:01:27.217Z","type":"position","value":{"x":[361],"y":[629]}},{"time":"1702310493578","type":"selected","value":[true]},{"time":"1702310498978","type":"value","value":[-2]},{"time":"1702310498978","type":"selected","value":[false]},{"time":"1702310510721","type":"selected","value":[true]},{"time":"1702310520684","type":"comment","value":["Was passiert wenn ein Roboter ausfällt?"]},{"time":"1702310520684","type":"selected","value":[false]},{"time":"2023-12-11T16:02:04.926Z","type":"position","value":{"x":[447],"y":[624]}},{"time":"2023-12-11T16:02:06.778Z","type":"position","value":{"x":[420],"y":[713]}}],"isTextChangeable":1},{"id":"eb49f04b-a674-458d-978a-22e948771827","value":2,"text":"more precise than humans","comment":"","position":{"x":1042,"y":349},"isActive":true,"date":1702310531234,"kind":"Node","isSelected":false,"isConnectorSelected":false,"isDraggable":1,"isDeletable":1,"hasElementMoved":false,"eventLog":[{"time":"1702310531234","type":"create node","value":[0]},{"time":"1702310531316","type":"selected","value":[true]},{"time":"1702310559616","type":"text","value":["Präziser als Menschen"]},{"time":"1702310559616","type":"value","value":[2]},{"time":"1702310559616","type":"selected","value":[false]},{"time":"2023-12-11T16:02:43.362Z","type":"position","value":{"x":[1013],"y":[350]}}],"isTextChangeable":1},{"id":"d2f39485-7fa4-471c-b532-6168c1914801","value":3,"text":"no emotions","comment":"","position":{"x":842,"y":612},"isActive":true,"date":1702310568343,"kind":"Node","isSelected":false,"isConnectorSelected":false,"isDraggable":1,"isDeletable":1,"hasElementMoved":false,"eventLog":[{"time":"1702310568343","type":"create node","value":[0]},{"time":"1702310568417","type":"selected","value":[true]},{"time":"1702310589545","type":"text","value":["Keine Emotionen"]},{"time":"1702310589545","type":"value","value":[3]},{"time":"1702310589545","type":"selected","value":[false]},{"time":"2023-12-11T16:03:14.528Z","type":"position","value":{"x":[1003],"y":[212]}},{"time":"2023-12-11T16:03:14.663Z","type":"position","value":{"x":[1036],"y":[374]}},{"time":"2023-12-11T16:03:14.707Z","type":"position","value":{"x":[1095],"y":[529]}},{"time":"2023-12-11T16:03:14.878Z","type":"position","value":{"x":[851],"y":[627]}}],"isTextChangeable":1},{"id":"44063fda-1a4b-4bef-94a6-1991be651b8a","value":-2,"text":"Missbrauch","comment":"","position":{"x":181,"y":382},"isActive":false,"date":1702310599190,"kind":"Node","isSelected":false,"isConnectorSelected":false,"isDraggable":1,"isDeletable":1,"hasElementMoved":false,"eventLog":[{"time":"1702310599190","type":"create node","value":[0]},{"time":"1702310600804","type":"selected","value":[true]},{"time":"1702310606525","type":"text","value":["Missbrauch"]},{"time":"1702310606525","type":"value","value":[-2]},{"time":"1702310606525","type":"selected","value":[false]},{"time":"2023-12-11T16:03:27.158Z","type":"position","value":{"x":[919],"y":[240]}},{"time":"2023-12-11T16:03:27.266Z","type":"position","value":{"x":[733],"y":[368]}},{"time":"2023-12-11T16:03:27.277Z","type":"position","value":{"x":[682],"y":[395]}},{"time":"2023-12-11T16:03:27.296Z","type":"position","value":{"x":[568],"y":[449]}},{"time":"2023-12-11T16:03:27.326Z","type":"position","value":{"x":[397],"y":[519]}},{"time":"2023-12-11T16:03:27.346Z","type":"position","value":{"x":[313],"y":[564]}},{"time":"2023-12-11T16:03:27.376Z","type":"position","value":{"x":[232],"y":[623]}},{"time":"2023-12-11T16:03:27.966Z","type":"position","value":{"x":[180],"y":[409]}},{"time":"1702310613128","type":"selected","value":[true]},{"time":"1702310613861","type":"selected","value":[false]},{"time":"1702310630851","type":"selected","value":[true]},{"time":"1702310646949","type":"node was deleted","value":[-77]}],"isTextChangeable":1},{"id":"8b0f07ac-20b9-46dd-8d9b-c6114448f3cb","value":0,"text":"","comment":"","position":{"x":631,"y":363},"isActive":false,"date":1702310616793,"kind":"Node","isSelected":false,"isConnectorSelected":false,"isDraggable":1,"isDeletable":1,"hasElementMoved":false,"eventLog":[{"time":1702310616793,"type":"create node","value":0},{"time":1702310619950,"type":"selected","value":1},{"time":1702310620353,"type":"selected","value":0},{"time":1702310621209,"type":"selected","value":1},{"time":1702310622061,"type":"node was deleted","value":-99}],"isTextChangeable":1},{"id":"65eef033-e7e1-4914-b573-51258e02e09e","value":-1,"text":"abuse","comment":"","position":{"x":232,"y":398},"isActive":true,"date":1702310648101,"kind":"Node","isSelected":false,"isConnectorSelected":false,"isDraggable":1,"isDeletable":1,"hasElementMoved":false,"eventLog":[{"time":"1702310648101","type":"create node","value":[0]},{"time":"2023-12-11T16:04:08.216Z","type":"position","value":{"x":[235],"y":[391]}},{"time":"1702310649029","type":"selected","value":[true]},{"time":"1702310649434","type":"selected","value":[false]},{"time":"1702310650796","type":"selected","value":[true]},{"time":"1702310655958","type":"text","value":["Missbrauch"]},{"time":"1702310655958","type":"value","value":[-1]},{"time":"1702310655958","type":"selected","value":[false]}],"isTextChangeable":1}],"connectors":[{"id":"9e0acb4b-8f24-461a-a9de-dcc265427c27","source":"72581c54-0dbe-4f01-a181-64b26d215b9b","target":"a2b9cfce-7fd2-4346-ba92-c642250bbe7e","agreement":true,"isActive":true,"date":1702309826526,"kind":"Connector","isSelected":false,"intensity":3,"isDeletable":false,"isOver":false,"isBidirectional":false,"eventLog":[{"time":1702309826526,"type":"create connection"},{"time":1702310502734,"type":"selected","value":1},{"time":1702310506561,"type":"change intensity of connector","value":3},{"time":1702310506561,"type":"selected","value":0}]},{"id":"f4d56b8b-7314-422e-bd66-911a5c033eb2","source":"72581c54-0dbe-4f01-a181-64b26d215b9b","target":"9ca0027c-b804-4419-8283-45da145938f3","agreement":true,"isActive":true,"date":1702309826526,"kind":"Connector","isSelected":false,"intensity":3,"isDeletable":true,"isOver":false,"isBidirectional":false,"eventLog":[{"time":1702309826526,"type":"create connection"}]},{"id":"80e0d31f-3235-47eb-971f-ecab1e579ece","source":"9ca0027c-b804-4419-8283-45da145938f3","target":"96121d24-ec49-4512-b3df-db4f404182c6","agreement":true,"isActive":true,"date":1702309876656,"kind":"Connector","isSelected":false,"intensity":9,"isDeletable":true,"isOver":false,"isBidirectional":false,"eventLog":[{"time":1702309876656,"type":"create connection"},{"time":1702309877888,"type":"selected","value":1},{"time":1702309880269,"type":"change intensity of connector","value":9},{"time":1702309880269,"type":"selected","value":0}]},{"id":"d575ae55-702b-413e-ae13-ed4db840daf0","source":"9ca0027c-b804-4419-8283-45da145938f3","target":"eae11e1a-6b50-411e-94a1-f79589c54600","agreement":true,"isActive":false,"date":1702309911392,"kind":"Connector","isSelected":false,"intensity":3,"isDeletable":true,"isOver":false,"isBidirectional":false,"eventLog":[{"time":1702309911392,"type":"create connection"},{"time":1702309923549,"type":"active","value":false}]},{"id":"ac8354be-1896-4b3c-b0cc-2835d19afc3e","source":"a2b9cfce-7fd2-4346-ba92-c642250bbe7e","target":"eae11e1a-6b50-411e-94a1-f79589c54600","agreement":true,"isActive":false,"date":1702309912536,"kind":"Connector","isSelected":false,"intensity":3,"isDeletable":true,"isOver":false,"isBidirectional":false,"eventLog":[{"time":1702309912536,"type":"create connection"},{"time":1702309923549,"type":"active","value":false}]},{"id":"8d690744-033d-4a76-8f1b-1ba794f5dd4d","source":"9ca0027c-b804-4419-8283-45da145938f3","target":"351dae9c-3acf-4a5a-9e47-47b9cbbb41d1","agreement":true,"isActive":true,"date":1702309978351,"kind":"Connector","isSelected":false,"intensity":3,"isDeletable":true,"isOver":false,"isBidirectional":false,"eventLog":[{"time":1702309978351,"type":"create connection"},{"time":1702309979394,"type":"selected","value":1},{"time":1702309982447,"type":"change intensity of connector","value":3},{"time":1702309982447,"type":"selected","value":0}]},{"id":"39946113-b233-4ffb-aabf-c734223a577c","source":"a2b9cfce-7fd2-4346-ba92-c642250bbe7e","target":"351dae9c-3acf-4a5a-9e47-47b9cbbb41d1","agreement":true,"isActive":true,"date":1702309985536,"kind":"Connector","isSelected":false,"intensity":6,"isDeletable":true,"isOver":false,"isBidirectional":false,"eventLog":[{"time":1702309985536,"type":"create connection"},{"time":1702309986591,"type":"selected","value":1},{"time":1702309991055,"type":"change intensity of connector","value":-6},{"time":1702309991055,"type":"selected","value":0},{"time":1702310198387,"type":"selected","value":1},{"time":1702310202887,"type":"change intensity of connector","value":6},{"time":1702310202887,"type":"selected","value":0}]},{"id":"4012575d-ec8e-4f78-a1d4-d3ab81d0e5c6","source":"a2b9cfce-7fd2-4346-ba92-c642250bbe7e","target":"9253c215-bdb8-47da-8fd2-616b66ce5fef","agreement":true,"isActive":true,"date":1702310104651,"kind":"Connector","isSelected":false,"intensity":3,"isDeletable":true,"isOver":false,"isBidirectional":false,"eventLog":[{"time":1702310104651,"type":"create connection"},{"time":1702310107628,"type":"selected","value":1},{"time":1702310113729,"type":"change intensity of connector","value":3},{"time":1702310113729,"type":"selected","value":0},{"time":1702310204430,"type":"selected","value":1},{"time":1702310206177,"type":"change intensity of connector","value":3},{"time":1702310206177,"type":"selected","value":0}]},{"id":"85de8d78-8110-4fae-8d32-ca863411ad6c","source":"9ca0027c-b804-4419-8283-45da145938f3","target":"9253c215-bdb8-47da-8fd2-616b66ce5fef","agreement":true,"isActive":true,"date":1702310107065,"kind":"Connector","isSelected":false,"intensity":3,"isDeletable":true,"isOver":false,"isBidirectional":false,"eventLog":[{"time":1702310107065,"type":"create connection"},{"time":1702310114550,"type":"selected","value":1},{"time":1702310127436,"type":"change intensity of connector","value":3},{"time":1702310127436,"type":"selected","value":0},{"time":1702310191750,"type":"selected","value":1},{"time":1702310197311,"type":"change intensity of connector","value":3},{"time":1702310197311,"type":"selected","value":0}]},{"id":"1e3c8484-af83-4b76-a374-fbc8e18e1cfc","source":"203aa662-9d38-4245-a400-7ef911db221e","target":"a2b9cfce-7fd2-4346-ba92-c642250bbe7e","agreement":true,"isActive":true,"date":1702310304588,"kind":"Connector","isSelected":false,"intensity":9,"isDeletable":true,"isOver":false,"isBidirectional":false,"eventLog":[{"time":1702310304588,"type":"create connection"},{"time":1702310305373,"type":"selected","value":1},{"time":1702310308963,"type":"change intensity of connector","value":9},{"time":1702310308963,"type":"selected","value":0}]},{"id":"eada54d4-49c9-409b-ab11-32c70257e987","source":"203aa662-9d38-4245-a400-7ef911db221e","target":"9ca0027c-b804-4419-8283-45da145938f3","agreement":false,"isActive":true,"date":1702310329100,"kind":"Connector","isSelected":false,"intensity":3,"isDeletable":true,"isOver":false,"isBidirectional":false,"eventLog":[{"time":1702310329100,"type":"create connection"},{"time":1702310330041,"type":"selected","value":1},{"time":1702310331959,"type":"change intensity of connector","value":-3},{"time":1702310331959,"type":"selected","value":0}]},{"id":"9d2a66c4-c478-4fff-9452-1539c23b7601","source":"c5dcaeed-f2f8-4997-b184-6e256af49865","target":"a2b9cfce-7fd2-4346-ba92-c642250bbe7e","agreement":true,"isActive":true,"date":1702310357339,"kind":"Connector","isSelected":false,"intensity":3,"isDeletable":true,"isOver":false,"isBidirectional":false,"eventLog":[{"time":1702310357339,"type":"create connection"},{"time":1702310399445,"type":"selected","value":1},{"time":1702310400917,"type":"change intensity of connector","value":3},{"time":1702310400917,"type":"selected","value":0}]},{"id":"83083cf1-abe5-4a31-994f-eaac6debe064","source":"ea04b2d3-fafc-43bd-9143-0e3775dd897b","target":"c5dcaeed-f2f8-4997-b184-6e256af49865","agreement":true,"isActive":true,"date":1702310397222,"kind":"Connector","isSelected":false,"intensity":9,"isDeletable":true,"isOver":false,"isBidirectional":false,"eventLog":[{"time":1702310397222,"type":"create connection"},{"time":1702310406948,"type":"selected","value":1},{"time":1702310411815,"type":"change intensity of connector","value":9},{"time":1702310411815,"type":"selected","value":0},{"time":1702310447136,"type":"selected","value":1},{"time":1702310448419,"type":"change intensity of connector","value":9},{"time":1702310448419,"type":"selected","value":0},{"time":1702310451090,"type":"selected","value":1},{"time":1702310454806,"type":"change intensity of connector","value":9},{"time":1702310454806,"type":"selected","value":0},{"time":1702310460967,"type":"selected","value":1},{"time":1702310463350,"type":"change intensity of connector","value":9},{"time":1702310463350,"type":"selected","value":0}]},{"id":"1d9828c3-835c-457e-b219-f8fa56e5269d","source":"ea04b2d3-fafc-43bd-9143-0e3775dd897b","target":"351dae9c-3acf-4a5a-9e47-47b9cbbb41d1","agreement":true,"isActive":true,"date":1702310445243,"kind":"Connector","isSelected":false,"intensity":3,"isDeletable":true,"isOver":false,"isBidirectional":false,"eventLog":[{"time":1702310445243,"type":"create connection"}]},{"id":"a1fe4b7f-d280-42f3-ab40-d6e8361ac063","source":"a2b9cfce-7fd2-4346-ba92-c642250bbe7e","target":"205c1765-77bb-4b59-bf6a-d2c6d5e1f8f9","agreement":true,"isActive":true,"date":1702310488592,"kind":"Connector","isSelected":false,"intensity":6,"isDeletable":true,"isOver":false,"isBidirectional":false,"eventLog":[{"time":1702310488592,"type":"create connection"},{"time":1702310489461,"type":"selected","value":1},{"time":1702310492536,"type":"change intensity of connector","value":6},{"time":1702310492536,"type":"selected","value":0}]},{"id":"4e9638da-4eec-4468-a34b-22437a1f7cb6","source":"9ca0027c-b804-4419-8283-45da145938f3","target":"eb49f04b-a674-458d-978a-22e948771827","agreement":true,"isActive":true,"date":1702310560660,"kind":"Connector","isSelected":false,"intensity":9,"isDeletable":true,"isOver":false,"isBidirectional":false,"eventLog":[{"time":1702310560660,"type":"create connection"},{"time":1702310561492,"type":"selected","value":1},{"time":1702310562988,"type":"change intensity of connector","value":9},{"time":1702310562988,"type":"selected","value":0}]},{"id":"a5ae6e33-29e0-4b9c-a8f4-21092b3a024e","source":"9ca0027c-b804-4419-8283-45da145938f3","target":"d2f39485-7fa4-471c-b532-6168c1914801","agreement":true,"isActive":true,"date":1702310591117,"kind":"Connector","isSelected":false,"intensity":6,"isDeletable":true,"isOver":false,"isBidirectional":false,"eventLog":[{"time":1702310591117,"type":"create connection"},{"time":1702310591988,"type":"selected","value":1},{"time":1702310593913,"type":"change intensity of connector","value":6},{"time":1702310593913,"type":"selected","value":0}]},{"id":"b0cba42a-b725-45fb-bf0a-f86f641bd63d","source":"9253c215-bdb8-47da-8fd2-616b66ce5fef","target":"d2f39485-7fa4-471c-b532-6168c1914801","agreement":true,"isActive":true,"date":1702310596008,"kind":"Connector","isSelected":false,"intensity":6,"isDeletable":true,"isOver":false,"isBidirectional":false,"eventLog":[{"time":1702310596008,"type":"create connection"},{"time":1702310596692,"type":"selected","value":1},{"time":1702310598518,"type":"change intensity of connector","value":6},{"time":1702310598518,"type":"selected","value":0}]},{"id":"80a72258-dc2d-41be-8c68-5362ffeaba0d","source":"44063fda-1a4b-4bef-94a6-1991be651b8a","target":"a2b9cfce-7fd2-4346-ba92-c642250bbe7e","agreement":true,"isActive":false,"date":1702310609243,"kind":"Connector","isSelected":false,"intensity":3,"isDeletable":true,"isOver":false,"isBidirectional":false,"eventLog":[{"time":1702310609243,"type":"create connection"},{"time":1702310609864,"type":"selected","value":1},{"time":1702310612394,"type":"change intensity of connector","value":3},{"time":1702310612394,"type":"selected","value":0},{"time":1702310646949,"type":"active","value":0}]},{"id":"159e4a23-c30d-4c30-b75d-de7cb5e241ac","source":"44063fda-1a4b-4bef-94a6-1991be651b8a","target":"72581c54-0dbe-4f01-a181-64b26d215b9b","agreement":true,"isActive":false,"date":1702310615328,"kind":"Connector","isSelected":false,"intensity":3,"isDeletable":true,"isOver":false,"isBidirectional":false,"eventLog":[{"time":1702310615328,"type":"create connection"},{"time":1702310617538,"type":"selected","value":1},{"time":1702310618755,"type":"connector was deleted","value":-99},{"time":1702310618756,"type":"active","value":0},{"time":1702310646950,"type":"active","value":0}]},{"id":"d6baeede-78a2-4bf5-ae26-fa24342ba916","source":"65eef033-e7e1-4914-b573-51258e02e09e","target":"a2b9cfce-7fd2-4346-ba92-c642250bbe7e","agreement":true,"isActive":true,"date":1702310657114,"kind":"Connector","isSelected":false,"intensity":3,"isDeletable":true,"isOver":false,"isBidirectional":false,"eventLog":[{"time":1702310657114,"type":"create connection"},{"time":1702310657829,"type":"selected","value":1},{"time":1702310660209,"type":"change intensity of connector","value":3},{"time":1702310660209,"type":"selected","value":0}]}],"currentID":{},"currentNode":{},"hasSelectedNode":[false],"currentConnector":{},"hasSelectedConnector":[false],"readyToMove":[false],"isIncoming":[false],"hasElementMoved":[false]}
