{"idCAM":["ab4cdc76-df43-4dfb-9fca-a815141e6b9c"],"creator":["653adf50c2b4d95715fa0383_post"],"projectCAM":["S2_CAM part 2"],"defocusCAM":[],"date":[1702316259903],"nodes":[{"id":"43613781-cd73-40ad-a6b3-6368617cd8ff","value":0,"text":"social assistance robot","comment":"","position":{"x":650,"y":400},"isActive":true,"date":1702316260774,"kind":"Node","isSelected":false,"isConnectorSelected":false,"isDraggable":0,"isDeletable":0,"hasElementMoved":false,"eventLog":[{"time":1702316260774,"type":"create node","value":0}],"isTextChangeable":0},{"id":"e6e80b24-6ca5-4a2e-a488-007d253b2331","value":0,"text":"disadvantages","comment":"","position":{"x":450,"y":400},"isActive":true,"date":1702316260774,"kind":"Node","isSelected":false,"isConnectorSelected":false,"isDraggable":0,"isDeletable":0,"hasElementMoved":false,"eventLog":[{"time":1702316260774,"type":"create node","value":0}],"isTextChangeable":0},{"id":"6c1b0af7-0fd1-4928-a75f-913a47a01a92","value":0,"text":"advantages","comment":"","position":{"x":850,"y":400},"isActive":true,"date":1702316260774,"kind":"Node","isSelected":false,"isConnectorSelected":false,"isDraggable":0,"isDeletable":0,"hasElementMoved":false,"eventLog":[{"time":1702316260774,"type":"create node","value":0}],"isTextChangeable":0},{"id":"bf470212-5318-410b-be93-353d91d50710","value":3,"text":"interaction antisocial people","comment":"","position":{"x":900.8889,"y":524.3333},"isActive":true,"date":1702316260774,"kind":"Node","isSelected":false,"isConnectorSelected":false,"isDraggable":1,"isDeletable":1,"hasElementMoved":false,"eventLog":[{"time":1702316260774,"type":"create node","value":3}],"isTextChangeable":1},{"id":"7217b262-1b16-46cf-ad4b-e72219c8b0e4","value":3,"text":"early detection and diagnosis","comment":"","position":{"x":1051.8889,"y":485.3333},"isActive":true,"date":1702316260774,"kind":"Node","isSelected":false,"isConnectorSelected":false,"isDraggable":1,"isDeletable":1,"hasElementMoved":false,"eventLog":[{"time":1702316260774,"type":"create node","value":3}],"isTextChangeable":1},{"id":"2a43d7f5-5dfb-44d9-b9a7-e7750a67a8a1","value":3,"text":"regular check","comment":"","position":{"x":1234.8889,"y":543.3333},"isActive":true,"date":1702316260774,"kind":"Node","isSelected":false,"isConnectorSelected":false,"isDraggable":1,"isDeletable":1,"hasElementMoved":false,"eventLog":[{"time":1702316260774,"type":"create node","value":3}],"isTextChangeable":1},{"id":"7051c18f-cc22-400f-969e-5d432aa25c90","value":3,"text":"people with autism","comment":"","position":{"x":947.8889,"y":645.3333},"isActive":true,"date":1702316260774,"kind":"Node","isSelected":false,"isConnectorSelected":false,"isDraggable":1,"isDeletable":1,"hasElementMoved":false,"eventLog":[{"time":1702316260774,"type":"create node","value":3}],"isTextChangeable":1},{"id":"83e2d751-7c68-47fd-ba6d-540c73a099fd","value":2,"text":"different language promotion","comment":"","position":{"x":1046.8889,"y":322.3333},"isActive":true,"date":1702316260774,"kind":"Node","isSelected":false,"isConnectorSelected":false,"isDraggable":1,"isDeletable":1,"hasElementMoved":false,"eventLog":[{"time":1702316260774,"type":"create node","value":2}],"isTextChangeable":1},{"id":"ad1be803-2ec7-4795-af89-c65976916819","value":-3,"text":"unemployment","comment":"","position":{"x":336.8889,"y":238.3333},"isActive":true,"date":1702316260774,"kind":"Node","isSelected":false,"isConnectorSelected":false,"isDraggable":1,"isDeletable":1,"hasElementMoved":false,"eventLog":[{"time":1702316260774,"type":"create node","value":-3}],"isTextChangeable":1},{"id":"08dd87ee-0f4e-4104-aae1-4217ea57e6bf","value":-3,"text":"data protection","comment":"","position":{"x":223.8889,"y":383.3333},"isActive":true,"date":1702316260774,"kind":"Node","isSelected":false,"isConnectorSelected":false,"isDraggable":1,"isDeletable":1,"hasElementMoved":false,"eventLog":[{"time":1702316260774,"type":"create node","value":-3}],"isTextChangeable":1},{"id":"89a844be-499f-4dd5-b2e1-286c301bac62","value":-1,"text":"misdiagnosis","comment":"","position":{"x":308.8889,"y":517.3333},"isActive":true,"date":1702316260774,"kind":"Node","isSelected":false,"isConnectorSelected":false,"isDraggable":1,"isDeletable":1,"hasElementMoved":false,"eventLog":[{"time":1702316260774,"type":"create node","value":-1}],"isTextChangeable":1},{"id":"bd003171-c0a4-40ca-b0d6-947e874a4f9b","value":-2,"text":"emotional deprivation","comment":"","position":{"x":431.8889,"y":572.3333},"isActive":true,"date":1702316260774,"kind":"Node","isSelected":false,"isConnectorSelected":false,"isDraggable":1,"isDeletable":1,"hasElementMoved":false,"eventLog":[{"time":1702316260774,"type":"create node","value":-2}],"isTextChangeable":1},{"id":"c4a98450-29d0-4ff1-99a5-c9bbe4b8cf30","value":-2,"text":"lacking decision making","comment":"","position":{"x":466.8889,"y":157.3333},"isActive":true,"date":1702316260774,"kind":"Node","isSelected":false,"isConnectorSelected":false,"isDraggable":1,"isDeletable":1,"hasElementMoved":false,"eventLog":[{"time":1702316260774,"type":"create node","value":-2}],"isTextChangeable":1}],"connectors":[{"id":"fd1ffc3f-c6aa-4937-8017-75b7b72d8497","source":"43613781-cd73-40ad-a6b3-6368617cd8ff","target":"e6e80b24-6ca5-4a2e-a488-007d253b2331","agreement":true,"isActive":true,"date":1702316260775,"kind":"Connector","isSelected":false,"intensity":3,"isDeletable":false,"isOver":false,"isBidirectional":false,"eventLog":[{"time":1702316260775,"type":"create connection"}]},{"id":"39c0f327-cb88-4eb0-ad0d-c32db58c12b1","source":"43613781-cd73-40ad-a6b3-6368617cd8ff","target":"6c1b0af7-0fd1-4928-a75f-913a47a01a92","agreement":true,"isActive":true,"date":1702316260775,"kind":"Connector","isSelected":false,"intensity":3,"isDeletable":true,"isOver":false,"isBidirectional":false,"eventLog":[{"time":1702316260775,"type":"create connection"}]},{"id":"07c6a3bf-4713-4f3e-9230-f0b7bac53131","source":"6c1b0af7-0fd1-4928-a75f-913a47a01a92","target":"bf470212-5318-410b-be93-353d91d50710","agreement":true,"isActive":true,"date":1702316260775,"kind":"Connector","isSelected":false,"intensity":3,"isDeletable":true,"isOver":false,"isBidirectional":false,"eventLog":[{"time":1702316260775,"type":"create connection"}]},{"id":"e75940ba-c4bc-4fbf-8761-294ae1f5961a","source":"6c1b0af7-0fd1-4928-a75f-913a47a01a92","target":"7217b262-1b16-46cf-ad4b-e72219c8b0e4","agreement":true,"isActive":true,"date":1702316260775,"kind":"Connector","isSelected":false,"intensity":3,"isDeletable":true,"isOver":false,"isBidirectional":false,"eventLog":[{"time":1702316260775,"type":"create connection"}]},{"id":"78a1cfdb-ac52-4911-87f1-327435023bc2","source":"7217b262-1b16-46cf-ad4b-e72219c8b0e4","target":"2a43d7f5-5dfb-44d9-b9a7-e7750a67a8a1","agreement":true,"isActive":true,"date":1702316260775,"kind":"Connector","isSelected":false,"intensity":9,"isDeletable":true,"isOver":false,"isBidirectional":false,"eventLog":[{"time":1702316260775,"type":"create connection"}]},{"id":"5a15d072-b5c9-4e75-84f8-00ad8bb56a73","source":"bf470212-5318-410b-be93-353d91d50710","target":"7051c18f-cc22-400f-969e-5d432aa25c90","agreement":true,"isActive":true,"date":1702316260775,"kind":"Connector","isSelected":false,"intensity":3,"isDeletable":true,"isOver":false,"isBidirectional":false,"eventLog":[{"time":1702316260775,"type":"create connection"}]},{"id":"22d72ca6-f6b6-49d0-b49a-95805225e985","source":"6c1b0af7-0fd1-4928-a75f-913a47a01a92","target":"83e2d751-7c68-47fd-ba6d-540c73a099fd","agreement":true,"isActive":true,"date":1702316260775,"kind":"Connector","isSelected":false,"intensity":3,"isDeletable":true,"isOver":false,"isBidirectional":false,"eventLog":[{"time":1702316260775,"type":"create connection"}]},{"id":"12415773-adc5-470f-9f41-d8e073da6267","source":"e6e80b24-6ca5-4a2e-a488-007d253b2331","target":"ad1be803-2ec7-4795-af89-c65976916819","agreement":true,"isActive":true,"date":1702316260775,"kind":"Connector","isSelected":false,"intensity":3,"isDeletable":true,"isOver":false,"isBidirectional":false,"eventLog":[{"time":1702316260775,"type":"create connection"}]},{"id":"2f97552e-b7f8-4be6-bde6-a1d4afe45376","source":"e6e80b24-6ca5-4a2e-a488-007d253b2331","target":"08dd87ee-0f4e-4104-aae1-4217ea57e6bf","agreement":true,"isActive":true,"date":1702316260775,"kind":"Connector","isSelected":false,"intensity":3,"isDeletable":true,"isOver":false,"isBidirectional":false,"eventLog":[{"time":1702316260775,"type":"create connection"}]},{"id":"36e3dbc1-8055-4a9a-a323-86766bde5a06","source":"e6e80b24-6ca5-4a2e-a488-007d253b2331","target":"89a844be-499f-4dd5-b2e1-286c301bac62","agreement":true,"isActive":true,"date":1702316260775,"kind":"Connector","isSelected":false,"intensity":3,"isDeletable":true,"isOver":false,"isBidirectional":false,"eventLog":[{"time":1702316260775,"type":"create connection"}]},{"id":"1c9274b0-058a-4af2-91a6-6fd43128cd85","source":"e6e80b24-6ca5-4a2e-a488-007d253b2331","target":"bd003171-c0a4-40ca-b0d6-947e874a4f9b","agreement":true,"isActive":true,"date":1702316260775,"kind":"Connector","isSelected":false,"intensity":3,"isDeletable":true,"isOver":false,"isBidirectional":false,"eventLog":[{"time":1702316260775,"type":"create connection"}]},{"id":"d39f9822-0a05-46eb-ba60-dc7665ca6ac5","source":"c4a98450-29d0-4ff1-99a5-c9bbe4b8cf30","target":"e6e80b24-6ca5-4a2e-a488-007d253b2331","agreement":true,"isActive":true,"date":1702316260775,"kind":"Connector","isSelected":false,"intensity":3,"isDeletable":true,"isOver":false,"isBidirectional":false,"eventLog":[{"time":1702316260775,"type":"create connection"}]}],"currentID":{},"currentNode":{},"hasSelectedNode":[false],"currentConnector":{},"hasSelectedConnector":[false],"readyToMove":[false],"isIncoming":[false]}
