{"idCAM":["f064826c-748c-4f53-9b49-b878ee1e8762"],"creator":["653a743f3112ad79e0e9c2f3_post"],"projectCAM":["S2_CAM part 2"],"defocusCAM":[64652.8],"date":[1702291150917],"nodes":[{"id":"10dfb69b-c088-4e96-8864-fe91dfed5a2b","value":0,"text":"social assistance robot","comment":"","position":{"x":650,"y":400},"isActive":true,"date":1702291151932,"kind":"Node","isSelected":false,"isConnectorSelected":false,"isDraggable":0,"isDeletable":0,"hasElementMoved":false,"eventLog":[{"time":1702291151932,"type":"create node","value":0}],"isTextChangeable":0},{"id":"4ba372dc-4a8e-4cb6-a8fd-6b5b192dc0bb","value":-2,"text":"disadvantages","comment":"","position":{"x":450,"y":400},"isActive":true,"date":1702291151932,"kind":"Node","isSelected":false,"isConnectorSelected":false,"isDraggable":0,"isDeletable":0,"hasElementMoved":false,"eventLog":[{"time":1702291151932,"type":"create node","value":-2}],"isTextChangeable":0},{"id":"65fcc6db-bb5b-40c0-b874-940d423e709a","value":2,"text":"advantages","comment":"","position":{"x":850,"y":400},"isActive":true,"date":1702291151932,"kind":"Node","isSelected":false,"isConnectorSelected":false,"isDraggable":0,"isDeletable":0,"hasElementMoved":false,"eventLog":[{"time":1702291151932,"type":"create node","value":2},{"time":1702291198329,"type":"selected","value":1},{"time":1702291198736,"type":"selected","value":0}],"isTextChangeable":0},{"id":"00a213b6-894e-487d-b339-98ec85f2fe60","value":3,"text":"work relief","comment":"","position":{"x":836,"y":219},"isActive":true,"date":1702291151932,"kind":"Node","isSelected":false,"isConnectorSelected":false,"isDraggable":1,"isDeletable":1,"hasElementMoved":false,"eventLog":[{"time":"1702291151932","type":"create node","value":[3]},{"time":"2023-12-11T10:40:06.372Z","type":"position","value":{"x":[882],"y":[190]}},{"time":"2023-12-11T10:41:08.077Z","type":"position","value":{"x":[795],"y":[243]}},{"time":"2023-12-11T10:42:10.586Z","type":"position","value":{"x":[773],"y":[251]}},{"time":"2023-12-11T10:42:17.071Z","type":"position","value":{"x":[894],"y":[246]}}],"isTextChangeable":1},{"id":"609baa57-8931-460a-89b7-fc8a8ca53e3d","value":-3,"text":"human bonding neglected","comment":"","position":{"x":417,"y":219},"isActive":true,"date":1702291151932,"kind":"Node","isSelected":false,"isConnectorSelected":false,"isDraggable":1,"isDeletable":1,"hasElementMoved":false,"eventLog":[{"time":"1702291151932","type":"create node","value":[-3]},{"time":"2023-12-11T10:40:05.098Z","type":"position","value":{"x":[338],"y":[240]}},{"time":"2023-12-11T10:42:00.854Z","type":"position","value":{"x":[314],"y":[306]}}],"isTextChangeable":1},{"id":"1d278d28-5a25-40a0-b5a7-a94a03ce75be","value":3,"text":"robot not sick","comment":"","position":{"x":845,"y":68},"isActive":true,"date":1702291151932,"kind":"Node","isSelected":false,"isConnectorSelected":false,"isDraggable":1,"isDeletable":1,"hasElementMoved":false,"eventLog":[{"time":"1702291151932","type":"create node","value":[3]},{"time":"2023-12-11T10:39:25.340Z","type":"position","value":{"x":[1036],"y":[137]}},{"time":"2023-12-11T10:40:07.559Z","type":"position","value":{"x":[1045],"y":[83]}},{"time":"2023-12-11T10:40:07.739Z","type":"position","value":{"x":[888],"y":[101]}}],"isTextChangeable":1},{"id":"f7a535f9-5949-479e-acef-3f77926ed6b8","value":-2,"text":"no special treatment","comment":"","position":{"x":291,"y":139},"isActive":true,"date":1702291151932,"kind":"Node","isSelected":false,"isConnectorSelected":false,"isDraggable":1,"isDeletable":1,"hasElementMoved":false,"eventLog":[{"time":"1702291151932","type":"create node","value":[-2]},{"time":"2023-12-11T10:40:53.913Z","type":"position","value":{"x":[318],"y":[106]}},{"time":"2023-12-11T10:40:54.095Z","type":"position","value":{"x":[470],"y":[233]}},{"time":"2023-12-11T10:40:54.129Z","type":"position","value":{"x":[543],"y":[280]}},{"time":"2023-12-11T10:40:54.162Z","type":"position","value":{"x":[641],"y":[380]}},{"time":"2023-12-11T10:40:54.194Z","type":"position","value":{"x":[714],"y":[460]}},{"time":"2023-12-11T10:40:54.347Z","type":"position","value":{"x":[796],"y":[583]}},{"time":"2023-12-11T10:40:54.647Z","type":"position","value":{"x":[943],"y":[612]}},{"time":"2023-12-11T10:40:54.662Z","type":"position","value":{"x":[961],"y":[613]}},{"time":"2023-12-11T10:41:01.254Z","type":"position","value":{"x":[910],"y":[622]}},{"time":"2023-12-11T10:41:01.468Z","type":"position","value":{"x":[745],"y":[515]}},{"time":"2023-12-11T10:41:01.502Z","type":"position","value":{"x":[661],"y":[423]}},{"time":"2023-12-11T10:41:01.535Z","type":"position","value":{"x":[575],"y":[336]}},{"time":"2023-12-11T10:41:01.569Z","type":"position","value":{"x":[512],"y":[268]}},{"time":"2023-12-11T10:41:01.768Z","type":"position","value":{"x":[425],"y":[152]}}],"isTextChangeable":1},{"id":"9d27b447-6423-42ce-aa4a-7ddb188e30d5","value":2,"text":"emotional attachment","comment":"","position":{"x":906,"y":599},"isActive":true,"date":1702291151932,"kind":"Node","isSelected":false,"isConnectorSelected":false,"isDraggable":1,"isDeletable":1,"hasElementMoved":false,"eventLog":[{"time":"1702291151932","type":"create node","value":[10]},{"time":"2023-12-11T10:40:12.715Z","type":"position","value":{"x":[957],"y":[520]}},{"time":"1702291214757","type":"selected","value":[true]},{"time":"1702291232053","type":"text","value":["Emotionale bindung"]},{"time":"1702291232053","type":"value","value":[2]},{"time":"1702291232053","type":"selected","value":[false]},{"time":"2023-12-11T10:43:12.377Z","type":"position","value":{"x":[1046],"y":[509]}}],"isTextChangeable":1},{"id":"19cd9f99-3840-4383-8611-e0ef1e6f4fe3","value":-3,"text":"no specific professional competence","comment":"","position":{"x":300,"y":531},"isActive":true,"date":1702291151932,"kind":"Node","isSelected":false,"isConnectorSelected":false,"isDraggable":1,"isDeletable":1,"hasElementMoved":false,"eventLog":[{"time":1702291151932,"type":"create node","value":-3}],"isTextChangeable":1},{"id":"692a457f-2025-48cc-a005-7b763b83c8e8","value":-3,"text":"long development time","comment":"","position":{"x":361,"y":646},"isActive":true,"date":1702291151932,"kind":"Node","isSelected":false,"isConnectorSelected":false,"isDraggable":1,"isDeletable":1,"hasElementMoved":false,"eventLog":[{"time":1702291151932,"type":"create node","value":-3}],"isTextChangeable":1},{"id":"a8d2c2b6-120f-485b-bd9c-c7da60b705ff","value":-2,"text":"limited learning ability","comment":"","position":{"x":141,"y":675},"isActive":true,"date":1702291151932,"kind":"Node","isSelected":false,"isConnectorSelected":false,"isDraggable":1,"isDeletable":1,"hasElementMoved":false,"eventLog":[{"time":"1702291151932","type":"create node","value":[-2]},{"time":"2023-12-11T10:42:26.900Z","type":"position","value":{"x":[144],"y":[638]}},{"time":"2023-12-11T10:42:51.808Z","type":"position","value":{"x":[195],"y":[677]}}],"isTextChangeable":1},{"id":"ab232436-14ff-4306-af78-02adf13839ab","value":3,"text":"cost reduction in human resources","comment":"","position":{"x":987,"y":256},"isActive":true,"date":1702291151932,"kind":"Node","isSelected":false,"isConnectorSelected":false,"isDraggable":1,"isDeletable":1,"hasElementMoved":false,"eventLog":[{"time":"1702291151932","type":"create node","value":[3]},{"time":"2023-12-11T10:40:08.922Z","type":"position","value":{"x":[1038],"y":[318]}},{"time":"2023-12-11T10:41:27.229Z","type":"position","value":{"x":[999],"y":[284]}},{"time":"2023-12-11T10:43:10.011Z","type":"position","value":{"x":[1031],"y":[325]}},{"time":"1702291413987","type":"selected","value":[true]},{"time":"1702291414811","type":"selected","value":[false]}],"isTextChangeable":1},{"id":"893aec56-5771-4c8a-9fe4-0fc036d2e6e1","value":3,"text":"more budget","comment":"","position":{"x":1121,"y":122},"isActive":true,"date":1702291151932,"kind":"Node","isSelected":false,"isConnectorSelected":false,"isDraggable":1,"isDeletable":1,"hasElementMoved":false,"eventLog":[{"time":"1702291151932","type":"create node","value":[3]},{"time":"2023-12-11T10:40:09.879Z","type":"position","value":{"x":[1167],"y":[266]}},{"time":"2023-12-11T10:41:28.404Z","type":"position","value":{"x":[1177],"y":[215]}}],"isTextChangeable":1},{"id":"fc62ea84-5915-44c1-ad1f-8b3849825a28","value":-3,"text":"limited know-how","comment":"","position":{"x":93,"y":569},"isActive":true,"date":1702291151932,"kind":"Node","isSelected":false,"isConnectorSelected":false,"isDraggable":1,"isDeletable":1,"hasElementMoved":false,"eventLog":[{"time":"1702291151932","type":"create node","value":[-3]},{"time":"2023-12-11T10:42:25.229Z","type":"position","value":{"x":[119],"y":[436]}},{"time":"2023-12-11T10:42:28.496Z","type":"position","value":{"x":[109],"y":[513]}},{"time":"2023-12-11T10:42:50.557Z","type":"position","value":{"x":[110],"y":[597]}}],"isTextChangeable":1},{"id":"093bd684-0e37-4536-9188-b8e332e3da64","value":-1,"text":"one-time acquisition cost","comment":"","position":{"x":258,"y":312},"isActive":true,"date":1702291289969,"kind":"Node","isSelected":false,"isConnectorSelected":false,"isDraggable":1,"isDeletable":1,"hasElementMoved":false,"eventLog":[{"time":"1702291289969","type":"create node","value":[0]},{"time":"1702291290046","type":"selected","value":[true]},{"time":"1702291318414","type":"text","value":["Einmaliger Anschaffungsufwand"]},{"time":"1702291318414","type":"value","value":[-1]},{"time":"1702291318414","type":"selected","value":[false]},{"time":"2023-12-11T10:41:58.889Z","type":"position","value":{"x":[849],"y":[609]}},{"time":"2023-12-11T10:41:59.167Z","type":"position","value":{"x":[675],"y":[536]}},{"time":"2023-12-11T10:41:59.251Z","type":"position","value":{"x":[544],"y":[455]}},{"time":"2023-12-11T10:41:59.269Z","type":"position","value":{"x":[523],"y":[443]}},{"time":"2023-12-11T10:41:59.433Z","type":"position","value":{"x":[365],"y":[435]}},{"time":"2023-12-11T10:42:02.047Z","type":"position","value":{"x":[237],"y":[387]}}],"isTextChangeable":1},{"id":"4468ac56-229c-4ff9-a305-fad04989e1de","value":-2,"text":"limitation to emotions","comment":"","position":{"x":76,"y":458},"isActive":true,"date":1702291351248,"kind":"Node","isSelected":false,"isConnectorSelected":false,"isDraggable":1,"isDeletable":1,"hasElementMoved":false,"eventLog":[{"time":"1702291351248","type":"create node","value":[0]},{"time":"1702291352662","type":"selected","value":[true]},{"time":"1702291366333","type":"text","value":["Beschränkung auf Emotionen"]},{"time":"1702291366333","type":"value","value":[-2]},{"time":"1702291366333","type":"selected","value":[false]},{"time":"2023-12-11T10:42:48.800Z","type":"position","value":{"x":[88],"y":[402]}}],"isTextChangeable":1},{"id":"d9fe3255-a7f3-4a42-9d57-4dd00045956b","value":2,"text":"low risk of injury","comment":"","position":{"x":1061,"y":449},"isActive":true,"date":1702291397376,"kind":"Node","isSelected":false,"isConnectorSelected":false,"isDraggable":1,"isDeletable":1,"hasElementMoved":false,"eventLog":[{"time":1702291397376,"type":"create node","value":"0"},{"time":1702291399149,"type":"selected","value":"TRUE"},{"time":1702291408645,"type":"text","value":"Niedriges Verletzungsrisiko"},{"time":1702291408645,"type":"value","value":"2"},{"time":1702291408645,"type":"selected","value":"FALSE"}],"isTextChangeable":1},{"id":"5c6cc44c-89f3-4282-aa02-66971af35fd5","value":2,"text":"fewer work accidents","comment":"","position":{"x":1197,"y":338},"isActive":true,"date":1702291431168,"kind":"Node","isSelected":false,"isConnectorSelected":false,"isDraggable":1,"isDeletable":1,"hasElementMoved":false,"eventLog":[{"time":1702291431168,"type":"create node","value":"0"},{"time":1702291432563,"type":"selected","value":"TRUE"},{"time":1702291443533,"type":"text","value":"Weniger Arbeitsunfälle"},{"time":1702291443533,"type":"value","value":"2"},{"time":1702291443533,"type":"selected","value":"FALSE"}],"isTextChangeable":1},{"id":"cacbd088-1ac5-4daa-9a28-d20583c49027","value":10,"text":"emotional dependence","comment":"","position":{"x":1100,"y":666},"isActive":true,"date":1702291445608,"kind":"Node","isSelected":false,"isConnectorSelected":false,"isDraggable":1,"isDeletable":1,"hasElementMoved":false,"eventLog":[{"time":"1702291445608","type":"create node","value":[0]},{"time":"1702291463906","type":"selected","value":[true]},{"time":"1702291478144","type":"text","value":["Emotionale Abhängigkeit"]},{"time":"1702291478144","type":"value","value":[10]},{"time":"1702291478144","type":"selected","value":[false]},{"time":"2023-12-11T10:44:44.987Z","type":"position","value":{"x":[1121],"y":[566]}}],"isTextChangeable":1},{"id":"4670f2b6-356e-4b9d-b0fc-3afaf79063a1","value":0,"text":"","comment":"","position":{"x":670,"y":729},"isActive":false,"date":1702292153922,"kind":"Node","isSelected":false,"isConnectorSelected":false,"isDraggable":1,"isDeletable":1,"hasElementMoved":false,"eventLog":[{"time":1702292153922,"type":"create node","value":0},{"time":1702292157820,"type":"node was deleted","value":-77}],"isTextChangeable":1}],"connectors":[{"id":"684323b4-4e70-4b66-a6f6-4470e3bdc378","source":"10dfb69b-c088-4e96-8864-fe91dfed5a2b","target":"4ba372dc-4a8e-4cb6-a8fd-6b5b192dc0bb","agreement":true,"isActive":true,"date":1702291151932,"kind":"Connector","isSelected":false,"intensity":3,"isDeletable":false,"isOver":false,"isBidirectional":false,"eventLog":[{"time":1702291151932,"type":"create connection"}]},{"id":"6954c904-2759-4ce3-b99d-bd6c51cafb2a","source":"10dfb69b-c088-4e96-8864-fe91dfed5a2b","target":"65fcc6db-bb5b-40c0-b874-940d423e709a","agreement":true,"isActive":true,"date":1702291151932,"kind":"Connector","isSelected":false,"intensity":3,"isDeletable":true,"isOver":false,"isBidirectional":false,"eventLog":[{"time":1702291151932,"type":"create connection"}]},{"id":"da3c1ac4-baa5-4a37-b5cf-ab1a137d0aa2","source":"00a213b6-894e-487d-b339-98ec85f2fe60","target":"65fcc6db-bb5b-40c0-b874-940d423e709a","agreement":true,"isActive":true,"date":1702291151932,"kind":"Connector","isSelected":false,"intensity":6,"isDeletable":true,"isOver":false,"isBidirectional":false,"eventLog":[{"time":1702291151932,"type":"create connection"}]},{"id":"27809305-5dbb-4c3e-a8d9-07d41d5719a5","source":"609baa57-8931-460a-89b7-fc8a8ca53e3d","target":"4ba372dc-4a8e-4cb6-a8fd-6b5b192dc0bb","agreement":true,"isActive":true,"date":1702291151932,"kind":"Connector","isSelected":false,"intensity":6,"isDeletable":true,"isOver":false,"isBidirectional":false,"eventLog":[{"time":1702291151932,"type":"create connection"}]},{"id":"f8a27037-b99c-43d5-9a13-c86842b8f6d8","source":"1d278d28-5a25-40a0-b5a7-a94a03ce75be","target":"00a213b6-894e-487d-b339-98ec85f2fe60","agreement":true,"isActive":true,"date":1702291151933,"kind":"Connector","isSelected":false,"intensity":9,"isDeletable":true,"isOver":false,"isBidirectional":false,"eventLog":[{"time":1702291151933,"type":"create connection"}]},{"id":"9bffb10b-0920-42f8-93d3-321a2d01a0f9","source":"f7a535f9-5949-479e-acef-3f77926ed6b8","target":"609baa57-8931-460a-89b7-fc8a8ca53e3d","agreement":true,"isActive":true,"date":1702291151933,"kind":"Connector","isSelected":false,"intensity":6,"isDeletable":true,"isOver":false,"isBidirectional":false,"eventLog":[{"time":1702291151933,"type":"create connection"}]},{"id":"a56e49bd-1224-4749-b8bb-829565886268","source":"9d27b447-6423-42ce-aa4a-7ddb188e30d5","target":"65fcc6db-bb5b-40c0-b874-940d423e709a","agreement":true,"isActive":true,"date":1702291151933,"kind":"Connector","isSelected":false,"intensity":6,"isDeletable":true,"isOver":false,"isBidirectional":false,"eventLog":[{"time":1702291151933,"type":"create connection"},{"time":1702291233026,"type":"selected","value":1},{"time":1702291235772,"type":"change intensity of connector","value":6},{"time":1702291235772,"type":"selected","value":0}]},{"id":"fcdfbb8f-dfe7-4187-8785-3b0a397ade92","source":"19cd9f99-3840-4383-8611-e0ef1e6f4fe3","target":"4ba372dc-4a8e-4cb6-a8fd-6b5b192dc0bb","agreement":true,"isActive":true,"date":1702291151933,"kind":"Connector","isSelected":false,"intensity":9,"isDeletable":true,"isOver":false,"isBidirectional":false,"eventLog":[{"time":1702291151933,"type":"create connection"}]},{"id":"9b6e066b-21d8-4b9a-8d29-561907acf6f2","source":"692a457f-2025-48cc-a005-7b763b83c8e8","target":"19cd9f99-3840-4383-8611-e0ef1e6f4fe3","agreement":true,"isActive":true,"date":1702291151933,"kind":"Connector","isSelected":false,"intensity":9,"isDeletable":true,"isOver":false,"isBidirectional":false,"eventLog":[{"time":1702291151933,"type":"create connection"}]},{"id":"7ee7630d-8dd7-4b71-bec6-f5f09508a0c7","source":"19cd9f99-3840-4383-8611-e0ef1e6f4fe3","target":"a8d2c2b6-120f-485b-bd9c-c7da60b705ff","agreement":true,"isActive":true,"date":1702291151933,"kind":"Connector","isSelected":false,"intensity":6,"isDeletable":true,"isOver":false,"isBidirectional":false,"eventLog":[{"time":1702291151933,"type":"create connection"}]},{"id":"0071805b-7691-481f-b8ac-7e01e8e1f3c0","source":"ab232436-14ff-4306-af78-02adf13839ab","target":"65fcc6db-bb5b-40c0-b874-940d423e709a","agreement":true,"isActive":true,"date":1702291151933,"kind":"Connector","isSelected":false,"intensity":9,"isDeletable":true,"isOver":false,"isBidirectional":false,"eventLog":[{"time":1702291151933,"type":"create connection"},{"time":1702291415424,"type":"selected","value":1},{"time":1702291415833,"type":"change intensity of connector","value":3},{"time":1702291415833,"type":"selected","value":0},{"time":1702291417331,"type":"selected","value":1},{"time":1702291419779,"type":"change intensity of connector","value":9},{"time":1702291419779,"type":"selected","value":0}]},{"id":"57b45e5f-5382-4ce6-9ec2-6b0398ef5d67","source":"ab232436-14ff-4306-af78-02adf13839ab","target":"893aec56-5771-4c8a-9fe4-0fc036d2e6e1","agreement":true,"isActive":true,"date":1702291151933,"kind":"Connector","isSelected":false,"intensity":6,"isDeletable":true,"isOver":false,"isBidirectional":false,"eventLog":[{"time":1702291151933,"type":"create connection"},{"time":1702291421276,"type":"selected","value":1},{"time":1702291423027,"type":"change intensity of connector","value":6},{"time":1702291423027,"type":"selected","value":0}]},{"id":"6e6b5e0a-d881-4749-8d92-a7ba50d57e19","source":"fc62ea84-5915-44c1-ad1f-8b3849825a28","target":"19cd9f99-3840-4383-8611-e0ef1e6f4fe3","agreement":true,"isActive":true,"date":1702291151933,"kind":"Connector","isSelected":false,"intensity":9,"isDeletable":true,"isOver":false,"isBidirectional":false,"eventLog":[{"time":1702291151933,"type":"create connection"}]},{"id":"bf4047d2-ab77-42b6-b5a4-733339842b22","source":"4ba372dc-4a8e-4cb6-a8fd-6b5b192dc0bb","target":"093bd684-0e37-4536-9188-b8e332e3da64","agreement":true,"isActive":true,"date":1702291324119,"kind":"Connector","isSelected":false,"intensity":3,"isDeletable":true,"isOver":false,"isBidirectional":false,"eventLog":[{"time":1702291324119,"type":"create connection"}]},{"id":"67f14a5c-7c2a-41cf-a39d-2d2826344855","source":"4468ac56-229c-4ff9-a305-fad04989e1de","target":"fc62ea84-5915-44c1-ad1f-8b3849825a28","agreement":true,"isActive":true,"date":1702291367796,"kind":"Connector","isSelected":false,"intensity":3,"isDeletable":true,"isOver":false,"isBidirectional":false,"eventLog":[{"time":1702291367796,"type":"create connection"}]},{"id":"9e9052ef-cd7c-41d5-b154-58ed8fb31cb6","source":"d9fe3255-a7f3-4a42-9d57-4dd00045956b","target":"65fcc6db-bb5b-40c0-b874-940d423e709a","agreement":true,"isActive":true,"date":1702291409452,"kind":"Connector","isSelected":false,"intensity":6,"isDeletable":true,"isOver":false,"isBidirectional":false,"eventLog":[{"time":1702291409452,"type":"create connection"},{"time":1702291410356,"type":"selected","value":1},{"time":1702291412284,"type":"change intensity of connector","value":6},{"time":1702291412284,"type":"selected","value":0}]},{"id":"3cf89adf-11ae-4b53-9295-d95d2a7e4085","source":"5c6cc44c-89f3-4282-aa02-66971af35fd5","target":"d9fe3255-a7f3-4a42-9d57-4dd00045956b","agreement":true,"isActive":true,"date":1702291444676,"kind":"Connector","isSelected":false,"intensity":3,"isDeletable":true,"isOver":false,"isBidirectional":false,"eventLog":[{"time":1702291444676,"type":"create connection"}]},{"id":"39b370dd-46c3-4140-b7f9-862874727fa3","source":"cacbd088-1ac5-4daa-9a28-d20583c49027","target":"9d27b447-6423-42ce-aa4a-7ddb188e30d5","agreement":true,"isActive":true,"date":1702291482299,"kind":"Connector","isSelected":false,"intensity":3,"isDeletable":true,"isOver":false,"isBidirectional":false,"eventLog":[{"time":1702291482299,"type":"create connection"}]}],"currentID":{},"currentNode":{},"hasSelectedNode":[false],"currentConnector":{},"hasSelectedConnector":[false],"readyToMove":[false],"isIncoming":[false],"hasElementMoved":[false]}
