{"idCAM":["4dbc03aa-ef88-4c3c-a65b-111ea22e5a77"],"creator":["653a743f3112ad79e0e9c2f3_pre"],"projectCAM":["S2_CAM part 1"],"defocusCAM":[1.8,1996],"date":[1702290128287],"nodes":[{"id":"efb431d3-5586-41a5-b15f-964b5aaebaa5","value":0,"text":"social assistance robot","comment":"","position":{"x":650,"y":400},"isActive":true,"date":1702290129174,"kind":"Node","isSelected":false,"isConnectorSelected":false,"isDraggable":0,"isDeletable":0,"hasElementMoved":false,"eventLog":[{"time":1702290129174,"type":"create node","value":0}],"isTextChangeable":0},{"id":"490a3fe6-f4ce-4c43-965e-197ac11a41f1","value":-2,"text":"disadvantages","comment":"","position":{"x":450,"y":400},"isActive":true,"date":1702290129174,"kind":"Node","isSelected":false,"isConnectorSelected":false,"isDraggable":0,"isDeletable":0,"hasElementMoved":false,"eventLog":[{"time":1702290129174,"type":"create node","value":0},{"time":1702290157505,"type":"selected","value":1},{"time":1702290165562,"type":"value","value":-2},{"time":1702290165562,"type":"selected","value":0},{"time":1702290814605,"type":"selected","value":1},{"time":1702290815439,"type":"selected","value":0}],"isTextChangeable":0},{"id":"3276fc8f-6d5c-4b0f-b0f7-00b4c553abeb","value":2,"text":"advantages","comment":"","position":{"x":850,"y":400},"isActive":true,"date":1702290129174,"kind":"Node","isSelected":false,"isConnectorSelected":false,"isDraggable":0,"isDeletable":0,"hasElementMoved":false,"eventLog":[{"time":1702290129174,"type":"create node","value":0},{"time":1702290165628,"type":"selected","value":1},{"time":1702290168193,"type":"value","value":2},{"time":1702290168193,"type":"selected","value":0}],"isTextChangeable":0},{"id":"28e09e3c-8ace-4ce8-b0ad-a243d1344d2d","value":3,"text":"work relief","comment":"","position":{"x":893,"y":204},"isActive":true,"date":1702290169776,"kind":"Node","isSelected":false,"isConnectorSelected":false,"isDraggable":1,"isDeletable":1,"hasElementMoved":false,"eventLog":[{"time":"1702290169776","type":"create node","value":[0]},{"time":"1702290169877","type":"selected","value":[true]},{"time":"1702290185890","type":"text","value":["Arbeitsentlastung"]},{"time":"1702290185890","type":"value","value":[3]},{"time":"1702290185890","type":"selected","value":[false]},{"time":"2023-12-11T10:23:20.627Z","type":"position","value":{"x":[727],"y":[275]}},{"time":"2023-12-11T10:23:20.722Z","type":"position","value":{"x":[888],"y":[279]}},{"time":"2023-12-11T10:27:48.495Z","type":"position","value":{"x":[950],"y":[279]}}],"isTextChangeable":1},{"id":"d889aed4-e044-43da-9c5b-283571b62ff9","value":-3,"text":"human bonding neglected","comment":"","position":{"x":355,"y":242},"isActive":true,"date":1702290186063,"kind":"Node","isSelected":false,"isConnectorSelected":false,"isDraggable":1,"isDeletable":1,"hasElementMoved":false,"eventLog":[{"time":1702290186063,"type":"create node","value":"0"},{"time":1702290186957,"type":"selected","value":"TRUE"},{"time":1702290198921,"type":"text","value":"Menschliche Bindung vernachlässigt"},{"time":1702290198921,"type":"value","value":"-3"},{"time":1702290198921,"type":"selected","value":"FALSE"}],"isTextChangeable":1},{"id":"d732f7f2-a778-4ae1-bb14-6b9e262f018f","value":3,"text":"robot not sick","comment":"","position":{"x":1045,"y":120},"isActive":true,"date":1702290231504,"kind":"Node","isSelected":false,"isConnectorSelected":false,"isDraggable":1,"isDeletable":1,"hasElementMoved":false,"eventLog":[{"time":"1702290231504","type":"create node","value":[0]},{"time":"1702290232764","type":"selected","value":[true]},{"time":"1702290242091","type":"text","value":["Roboter nicht krank"]},{"time":"1702290242091","type":"value","value":[3]},{"time":"1702290242091","type":"selected","value":[false]},{"time":"2023-12-11T10:27:49.969Z","type":"position","value":{"x":[1110],"y":[280]}},{"time":"2023-12-11T10:27:50.162Z","type":"position","value":{"x":[1043],"y":[124]}}],"isTextChangeable":1},{"id":"9e79fa1a-855d-4925-aa9a-a99a1d70e5d6","value":-2,"text":"no special treatment","comment":"","position":{"x":320,"y":93},"isActive":true,"date":1702290256407,"kind":"Node","isSelected":false,"isConnectorSelected":false,"isDraggable":1,"isDeletable":1,"hasElementMoved":false,"eventLog":[{"time":"1702290256407","type":"create node","value":[0]},{"time":"1702290257172","type":"selected","value":[true]},{"time":"1702290266035","type":"text","value":["Keine Sonderbehandlung"]},{"time":"1702290266035","type":"value","value":[-2]},{"time":"1702290266035","type":"selected","value":[false]},{"time":"2023-12-11T10:33:53.714Z","type":"position","value":{"x":[218],"y":[321]}},{"time":"2023-12-11T10:33:54.214Z","type":"position","value":{"x":[234],"y":[168]}}],"isTextChangeable":1},{"id":"c883a596-d586-4c06-b203-b44195971fd6","value":10,"text":"uniform treatment","comment":"","position":{"x":935,"y":519},"isActive":true,"date":1702290280952,"kind":"Node","isSelected":false,"isConnectorSelected":false,"isDraggable":1,"isDeletable":1,"hasElementMoved":false,"eventLog":[{"time":1702290280952,"type":"create node","value":"0"},{"time":1702290281554,"type":"selected","value":"TRUE"},{"time":1702290290826,"type":"text","value":"Einheitliche Behandlung"},{"time":1702290290826,"type":"value","value":"2"},{"time":1702290290826,"type":"selected","value":"FALSE"},{"time":1702290541540,"type":"selected","value":"TRUE"},{"time":1702290544213,"type":"value","value":"-1"},{"time":1702290544213,"type":"selected","value":"FALSE"},{"time":1702290745960,"type":"selected","value":"TRUE"},{"time":1702290748791,"type":"value","value":"10"},{"time":1702290748791,"type":"selected","value":"FALSE"}],"isTextChangeable":1},{"id":"7aba1634-9141-417f-9809-90007c275604","value":-3,"text":"no specific professional competence","comment":"","position":{"x":300,"y":531},"isActive":true,"date":1702290341154,"kind":"Node","isSelected":false,"isConnectorSelected":false,"isDraggable":1,"isDeletable":1,"hasElementMoved":false,"eventLog":[{"time":1702290341154,"type":"create node","value":"0"},{"time":1702290341235,"type":"selected","value":"TRUE"},{"time":1702290351369,"type":"text","value":"Keine spezifische Fachkompetenz"},{"time":1702290351369,"type":"value","value":"-3"},{"time":1702290351369,"type":"selected","value":"FALSE"},{"time":1702290385430,"type":"selected","value":"TRUE"},{"time":1702290387043,"type":"selected","value":"FALSE"}],"isTextChangeable":1},{"id":"9fe1de56-ff51-493f-8aec-fa3c170ed5d8","value":-3,"text":"long development time","comment":"","position":{"x":361,"y":646},"isActive":true,"date":1702290356280,"kind":"Node","isSelected":false,"isConnectorSelected":false,"isDraggable":1,"isDeletable":1,"hasElementMoved":false,"eventLog":[{"time":1702290356280,"type":"create node","value":"0"},{"time":1702290356356,"type":"selected","value":"TRUE"},{"time":1702290370698,"type":"text","value":"Lange Entwicklungsdauer"},{"time":1702290370698,"type":"value","value":"-3"},{"time":1702290370698,"type":"selected","value":"FALSE"}],"isTextChangeable":1},{"id":"20db022d-0efb-407b-b9b4-1c46fffb78d6","value":-2,"text":"limited learning ability","comment":"","position":{"x":141,"y":616},"isActive":true,"date":1702290396041,"kind":"Node","isSelected":false,"isConnectorSelected":false,"isDraggable":1,"isDeletable":1,"hasElementMoved":false,"eventLog":[{"time":1702290396041,"type":"create node","value":"0"},{"time":1702290396106,"type":"selected","value":"TRUE"},{"time":1702290405755,"type":"text","value":"Eingeschränkte lernfähigkeit"},{"time":1702290405755,"type":"value","value":"-2"},{"time":1702290405755,"type":"selected","value":"FALSE"}],"isTextChangeable":1},{"id":"91a5e704-8526-4b12-bb3f-3eba7e04b3d5","value":3,"text":"cost reduction in human resources","comment":"","position":{"x":1048,"y":337},"isActive":true,"date":1702290435841,"kind":"Node","isSelected":false,"isConnectorSelected":false,"isDraggable":1,"isDeletable":1,"hasElementMoved":false,"eventLog":[{"time":"1702290435841","type":"create node","value":[0]},{"time":"1702290437187","type":"selected","value":[true]},{"time":"1702290447140","type":"text","value":["Kostensenkung im Personalwesen"]},{"time":"1702290447140","type":"value","value":[3]},{"time":"1702290447140","type":"selected","value":[false]},{"time":"2023-12-11T10:28:05.045Z","type":"position","value":{"x":[1080],"y":[402]}}],"isTextChangeable":1},{"id":"fe6aa25f-9a28-4448-9c57-1f1e1b6f4301","value":3,"text":"more budget","comment":"","position":{"x":1159,"y":247},"isActive":true,"date":1702290450354,"kind":"Node","isSelected":false,"isConnectorSelected":false,"isDraggable":1,"isDeletable":1,"hasElementMoved":false,"eventLog":[{"time":"1702290450354","type":"create node","value":[0]},{"time":"1702290451124","type":"selected","value":[true]},{"time":"1702290458348","type":"text","value":["Mehr Budget"]},{"time":"1702290458348","type":"value","value":[3]},{"time":"1702290458348","type":"selected","value":[false]},{"time":"2023-12-11T10:28:06.361Z","type":"position","value":{"x":[1174],"y":[550]}},{"time":"2023-12-11T10:28:06.492Z","type":"position","value":{"x":[1185],"y":[379]}},{"time":"2023-12-11T10:28:07.643Z","type":"position","value":{"x":[1207],"y":[229]}}],"isTextChangeable":1},{"id":"debbf0cd-1f46-4b43-9246-1f3ebdcba0b2","value":-3,"text":"limited know-how","comment":"","position":{"x":127,"y":412},"isActive":true,"date":1702290517722,"kind":"Node","isSelected":false,"isConnectorSelected":false,"isDraggable":1,"isDeletable":1,"hasElementMoved":false,"eventLog":[{"time":1702290517722,"type":"create node","value":"0"},{"time":1702290517814,"type":"selected","value":"TRUE"},{"time":1702290518317,"type":"selected","value":"FALSE"},{"time":1702290519200,"type":"selected","value":"TRUE"},{"time":1702290529445,"type":"text","value":"Beschränktes Knowhow"},{"time":1702290529445,"type":"value","value":"-3"},{"time":1702290529445,"type":"selected","value":"FALSE"}],"isTextChangeable":1},{"id":"32307fe6-cba2-4b49-ac41-cce3dcef842e","value":-1,"text":"Hohe Anschaffungskosten","comment":"","position":{"x":259,"y":346},"isActive":false,"date":1702290745173,"kind":"Node","isSelected":false,"isConnectorSelected":false,"isDraggable":1,"isDeletable":1,"hasElementMoved":false,"eventLog":[{"time":"1702290745173","type":"create node","value":[0]},{"time":"2023-12-11T10:32:29.479Z","type":"position","value":{"x":[942],"y":[477]}},{"time":"2023-12-11T10:32:29.893Z","type":"position","value":{"x":[788],"y":[529]}},{"time":"2023-12-11T10:32:44.288Z","type":"position","value":{"x":[725],"y":[560]}},{"time":"2023-12-11T10:32:46.475Z","type":"position","value":{"x":[652],"y":[470]}},{"time":"2023-12-11T10:32:46.842Z","type":"position","value":{"x":[660],"y":[292]}},{"time":"2023-12-11T10:33:09.244Z","type":"position","value":{"x":[639],"y":[170]}},{"time":"2023-12-11T10:33:09.393Z","type":"position","value":{"x":[480],"y":[308]}},{"time":"2023-12-11T10:33:09.411Z","type":"position","value":{"x":[447],"y":[336]}},{"time":"2023-12-11T10:33:09.628Z","type":"position","value":{"x":[325],"y":[398]}},{"time":"1702290790386","type":"selected","value":[true]},{"time":"1702290802232","type":"text","value":["Hohe Anschaffungskosten"]},{"time":"1702290802232","type":"value","value":[-1]},{"time":"1702290802232","type":"selected","value":[false]},{"time":"2023-12-11T10:33:27.672Z","type":"position","value":{"x":[307],"y":[403]}},{"time":"2023-12-11T10:33:29.881Z","type":"position","value":{"x":[237],"y":[408]}},{"time":"2023-12-11T10:33:30.044Z","type":"position","value":{"x":[388],"y":[493]}},{"time":"1702290813759","type":"selected","value":[true]},{"time":"1702290814485","type":"selected","value":[false]},{"time":"1702290815530","type":"selected","value":[true]},{"time":"1702290816727","type":"selected","value":[false]},{"time":"2023-12-11T10:33:39.769Z","type":"position","value":{"x":[477],"y":[540]}},{"time":"2023-12-11T10:33:51.162Z","type":"position","value":{"x":[447],"y":[561]}},{"time":"2023-12-11T10:33:51.543Z","type":"position","value":{"x":[290],"y":[418]}},{"time":"2023-12-11T10:33:51.560Z","type":"position","value":{"x":[283],"y":[409]}},{"time":"2023-12-11T10:33:55.902Z","type":"position","value":{"x":[268],"y":[406]}},{"time":"1702290836988","type":"selected","value":[true]},{"time":"1702290840144","type":"selected","value":[false]},{"time":"2023-12-11T10:34:08.308Z","type":"position","value":{"x":[265],"y":[401]}},{"time":"1702290862680","type":"selected","value":[true]},{"time":"1702290863976","type":"selected","value":[false]},{"time":"2023-12-11T10:34:31.411Z","type":"position","value":{"x":[213],"y":[413]}},{"time":"1702290874400","type":"node was deleted","value":[-77]}],"isTextChangeable":1}],"connectors":[{"id":"c7a3aadf-9558-46b1-afb3-db05ac99c98e","source":"efb431d3-5586-41a5-b15f-964b5aaebaa5","target":"490a3fe6-f4ce-4c43-965e-197ac11a41f1","agreement":true,"isActive":true,"date":1702290129174,"kind":"Connector","isSelected":false,"intensity":3,"isDeletable":false,"isOver":false,"isBidirectional":false,"eventLog":[{"time":1702290129174,"type":"create connection"}]},{"id":"c3571d42-a593-44e9-82e0-625cd56c190b","source":"efb431d3-5586-41a5-b15f-964b5aaebaa5","target":"3276fc8f-6d5c-4b0f-b0f7-00b4c553abeb","agreement":true,"isActive":true,"date":1702290129175,"kind":"Connector","isSelected":false,"intensity":3,"isDeletable":true,"isOver":false,"isBidirectional":false,"eventLog":[{"time":1702290129175,"type":"create connection"}]},{"id":"ff224096-86fb-48af-95cb-2112b643c4c2","source":"28e09e3c-8ace-4ce8-b0ad-a243d1344d2d","target":"3276fc8f-6d5c-4b0f-b0f7-00b4c553abeb","agreement":true,"isActive":true,"date":1702290204503,"kind":"Connector","isSelected":false,"intensity":6,"isDeletable":true,"isOver":false,"isBidirectional":false,"eventLog":[{"time":1702290204503,"type":"create connection"},{"time":1702290206195,"type":"selected","value":1},{"time":1702290209521,"type":"change intensity of connector","value":6},{"time":1702290209521,"type":"selected","value":0}]},{"id":"65e1a37a-9c2c-4ae5-b115-0e8fe3db3545","source":"d889aed4-e044-43da-9c5b-283571b62ff9","target":"490a3fe6-f4ce-4c43-965e-197ac11a41f1","agreement":true,"isActive":true,"date":1702290211731,"kind":"Connector","isSelected":false,"intensity":6,"isDeletable":true,"isOver":false,"isBidirectional":false,"eventLog":[{"time":1702290211731,"type":"create connection"},{"time":1702290212748,"type":"selected","value":1},{"time":1702290220832,"type":"change intensity of connector","value":6},{"time":1702290220832,"type":"selected","value":0}]},{"id":"f63f5799-a678-4e8f-977a-efcac0964371","source":"d732f7f2-a778-4ae1-bb14-6b9e262f018f","target":"28e09e3c-8ace-4ce8-b0ad-a243d1344d2d","agreement":true,"isActive":true,"date":1702290243556,"kind":"Connector","isSelected":false,"intensity":9,"isDeletable":true,"isOver":false,"isBidirectional":false,"eventLog":[{"time":1702290243556,"type":"create connection"},{"time":1702290244521,"type":"selected","value":1},{"time":1702290246505,"type":"change intensity of connector","value":9},{"time":1702290246505,"type":"selected","value":0}]},{"id":"b875b225-65ce-43cc-be7e-5f9783c9b55e","source":"9e79fa1a-855d-4925-aa9a-a99a1d70e5d6","target":"d889aed4-e044-43da-9c5b-283571b62ff9","agreement":true,"isActive":true,"date":1702290267588,"kind":"Connector","isSelected":false,"intensity":6,"isDeletable":true,"isOver":false,"isBidirectional":false,"eventLog":[{"time":1702290267588,"type":"create connection"},{"time":1702290268423,"type":"selected","value":1},{"time":1702290270755,"type":"change intensity of connector","value":6},{"time":1702290270755,"type":"selected","value":0}]},{"id":"76f33ab9-62f6-4432-8b8c-da424c7d9f85","source":"c883a596-d586-4c06-b203-b44195971fd6","target":"3276fc8f-6d5c-4b0f-b0f7-00b4c553abeb","agreement":false,"isActive":true,"date":1702290292504,"kind":"Connector","isSelected":false,"intensity":3,"isDeletable":true,"isOver":false,"isBidirectional":false,"eventLog":[{"time":1702290292504,"type":"create connection"},{"time":1702290422741,"type":"selected","value":1},{"time":1702290424731,"type":"change intensity of connector","value":-3},{"time":1702290424731,"type":"selected","value":0}]},{"id":"c979e138-8835-4f77-ab74-6c78416c5f03","source":"7aba1634-9141-417f-9809-90007c275604","target":"490a3fe6-f4ce-4c43-965e-197ac11a41f1","agreement":true,"isActive":true,"date":1702290352693,"kind":"Connector","isSelected":false,"intensity":9,"isDeletable":true,"isOver":false,"isBidirectional":false,"eventLog":[{"time":1702290352693,"type":"create connection"},{"time":1702290378016,"type":"selected","value":1},{"time":1702290380072,"type":"change intensity of connector","value":9},{"time":1702290380072,"type":"selected","value":0}]},{"id":"9fe937a3-3a48-4094-a9a7-392e8daaa3cd","source":"9fe1de56-ff51-493f-8aec-fa3c170ed5d8","target":"7aba1634-9141-417f-9809-90007c275604","agreement":true,"isActive":true,"date":1702290371723,"kind":"Connector","isSelected":false,"intensity":9,"isDeletable":true,"isOver":false,"isBidirectional":false,"eventLog":[{"time":1702290371723,"type":"create connection"},{"time":1702290373240,"type":"selected","value":1},{"time":1702290375795,"type":"change intensity of connector","value":9},{"time":1702290375795,"type":"selected","value":0}]},{"id":"01da7e59-3cfa-4015-91c4-c574c77f93af","source":"7aba1634-9141-417f-9809-90007c275604","target":"20db022d-0efb-407b-b9b4-1c46fffb78d6","agreement":true,"isActive":true,"date":1702290408245,"kind":"Connector","isSelected":false,"intensity":6,"isDeletable":true,"isOver":false,"isBidirectional":false,"eventLog":[{"time":1702290408245,"type":"create connection"},{"time":1702290410088,"type":"selected","value":1},{"time":1702290412275,"type":"change intensity of connector","value":6},{"time":1702290412275,"type":"selected","value":0}]},{"id":"361f6d55-39f5-4cdf-bfc4-4d0b7f369185","source":"91a5e704-8526-4b12-bb3f-3eba7e04b3d5","target":"3276fc8f-6d5c-4b0f-b0f7-00b4c553abeb","agreement":true,"isActive":true,"date":1702290448542,"kind":"Connector","isSelected":false,"intensity":3,"isDeletable":true,"isOver":false,"isBidirectional":false,"eventLog":[{"time":1702290448542,"type":"create connection"}]},{"id":"a8a2b3f5-1e67-4ec8-994f-45e7f3511034","source":"91a5e704-8526-4b12-bb3f-3eba7e04b3d5","target":"fe6aa25f-9a28-4448-9c57-1f1e1b6f4301","agreement":true,"isActive":true,"date":1702290459982,"kind":"Connector","isSelected":false,"intensity":9,"isDeletable":true,"isOver":false,"isBidirectional":false,"eventLog":[{"time":1702290459982,"type":"create connection"},{"time":1702290460661,"type":"selected","value":1},{"time":1702290462916,"type":"change intensity of connector","value":9},{"time":1702290462916,"type":"selected","value":0}]},{"id":"3f88ed51-b376-420b-a193-a277e66b4a78","source":"debbf0cd-1f46-4b43-9246-1f3ebdcba0b2","target":"7aba1634-9141-417f-9809-90007c275604","agreement":true,"isActive":true,"date":1702290531071,"kind":"Connector","isSelected":false,"intensity":9,"isDeletable":true,"isOver":false,"isBidirectional":false,"eventLog":[{"time":1702290531071,"type":"create connection"},{"time":1702290531780,"type":"selected","value":1},{"time":1702290533957,"type":"change intensity of connector","value":9},{"time":1702290533957,"type":"selected","value":0}]}],"currentID":{},"currentNode":{},"hasSelectedNode":[false],"currentConnector":{},"hasSelectedConnector":[false],"readyToMove":[false],"isIncoming":[false],"hasElementMoved":[true]}
