{"idCAM":["e76181b1-99ea-4065-a12d-f96b507344d7"],"creator":["653a50254cd0995ce9fed45e_pre"],"projectCAM":["S2_CAM part 1"],"defocusCAM":[null],"date":[1702313297036],"nodes":[{"id":"f6bc70a9-ce80-4a2e-9c2b-354da300cf3a","value":0,"text":"social assistance robot","comment":"","position":{"x":650,"y":400},"isActive":true,"date":1702313297932,"kind":"Node","isSelected":false,"isConnectorSelected":false,"isDraggable":0,"isDeletable":0,"hasElementMoved":false,"eventLog":[{"time":1702313297932,"type":"create node","value":0}],"isTextChangeable":0},{"id":"81381b74-e2dd-46ff-a626-7efa4846617f","value":0,"text":"disadvantages","comment":"","position":{"x":450,"y":400},"isActive":true,"date":1702313297932,"kind":"Node","isSelected":false,"isConnectorSelected":false,"isDraggable":0,"isDeletable":0,"hasElementMoved":false,"eventLog":[{"time":1702313297932,"type":"create node","value":0}],"isTextChangeable":0},{"id":"d10e702a-e7aa-4028-82c8-c1982220a935","value":0,"text":"advantages","comment":"","position":{"x":850,"y":400},"isActive":true,"date":1702313297932,"kind":"Node","isSelected":false,"isConnectorSelected":false,"isDraggable":0,"isDeletable":0,"hasElementMoved":false,"eventLog":[{"time":1702313297932,"type":"create node","value":0}],"isTextChangeable":0},{"id":"36afb673-4a5c-42a1-83cb-267f841a0d0f","value":1,"text":"cheaper than people","comment":"more people can be helped","position":{"x":815,"y":276.3333},"isActive":true,"date":1702313335158,"kind":"Node","isSelected":false,"isConnectorSelected":false,"isDraggable":1,"isDeletable":1,"hasElementMoved":false,"eventLog":[{"time":1702313335158,"type":"create node","value":"0"},{"time":1702313335317,"type":"selected","value":"TRUE"},{"time":1702313365926,"type":"text","value":"günstiger als Menschen"},{"time":1702313365926,"type":"comment","value":"mehr Leuten kann geholfen werden"},{"time":1702313365926,"type":"selected","value":"FALSE"},{"time":1702313429343,"type":"selected","value":"TRUE"},{"time":1702313429749,"type":"selected","value":"FALSE"},{"time":1702313431732,"type":"selected","value":"TRUE"},{"time":1702313434313,"type":"value","value":"1"},{"time":1702313434313,"type":"selected","value":"FALSE"}],"isTextChangeable":1},{"id":"6ec0f65b-d4d7-4d38-993d-03df95f49536","value":10,"text":"always available","comment":"Day and night, 24/7","position":{"x":710,"y":127.3333},"isActive":true,"date":1702313367435,"kind":"Node","isSelected":false,"isConnectorSelected":false,"isDraggable":1,"isDeletable":1,"hasElementMoved":false,"eventLog":[{"time":"1702313367435","type":"create node","value":[0]},{"time":"1702313367606","type":"selected","value":[true]},{"time":"1702313397294","type":"text","value":["immer Verfügbar"]},{"time":"1702313397294","type":"value","value":[10]},{"time":"1702313397294","type":"comment","value":["Tag und Nacht, 24/7"]},{"time":"1702313397294","type":"selected","value":[false]},{"time":"2023-12-11T16:51:13.792Z","type":"position","value":{"x":[985],"y":[268.3333]}},{"time":"2023-12-11T16:51:15.759Z","type":"position","value":{"x":[830],"y":[158.3333]}}],"isTextChangeable":1},{"id":"cd87de8c-5c3d-4064-ac57-3b4b64ed79c3","value":2,"text":"autonomy of the patients","comment":"","position":{"x":990,"y":156.3333},"isActive":true,"date":1702313398220,"kind":"Node","isSelected":false,"isConnectorSelected":false,"isDraggable":1,"isDeletable":1,"hasElementMoved":false,"eventLog":[{"time":"1702313398220","type":"create node","value":[0]},{"time":"1702313400409","type":"selected","value":[true]},{"time":"1702313401430","type":"selected","value":[false]},{"time":"1702313402337","type":"selected","value":[true]},{"time":"1702313418219","type":"text","value":["Eigenständigkeit der Patienten"]},{"time":"1702313418219","type":"selected","value":[false]},{"time":"1702313420292","type":"selected","value":[true]},{"time":"1702313426637","type":"value","value":[2]},{"time":"1702313426637","type":"selected","value":[false]},{"time":"1702313455974","type":"selected","value":[true]},{"time":"1702313457027","type":"selected","value":[false]},{"time":"2023-12-11T16:51:06.910Z","type":"position","value":{"x":[1037],"y":[376.3333]}},{"time":"2023-12-11T16:51:19.253Z","type":"position","value":{"x":[1101],"y":[442.3333]}},{"time":"2023-12-11T16:51:19.375Z","type":"position","value":{"x":[1087],"y":[280.3333]}}],"isTextChangeable":1},{"id":"fee5316f-d71f-4f2a-852f-312535a484e1","value":-2,"text":"People are replaced","comment":"","position":{"x":419,"y":261.3333},"isActive":true,"date":1702313487429,"kind":"Node","isSelected":false,"isConnectorSelected":false,"isDraggable":1,"isDeletable":1,"hasElementMoved":false,"eventLog":[{"time":1702313487429,"type":"create node","value":"0"},{"time":1702313487544,"type":"selected","value":"TRUE"},{"time":1702313499246,"type":"text","value":"Menschen werden Ersetzt"},{"time":1702313499246,"type":"value","value":"-2"},{"time":1702313499246,"type":"selected","value":"FALSE"}],"isTextChangeable":1},{"id":"30b01bba-f565-486f-bc98-6b927c4924e1","value":-3,"text":"no proper interaction","comment":"","position":{"x":270,"y":372.3333},"isActive":true,"date":1702313501394,"kind":"Node","isSelected":false,"isConnectorSelected":false,"isDraggable":1,"isDeletable":1,"hasElementMoved":false,"eventLog":[{"time":1702313501394,"type":"create node","value":"0"},{"time":1702313501525,"type":"selected","value":"TRUE"},{"time":1702313512525,"type":"text","value":"Keine Richtige Interaktion"},{"time":1702313512525,"type":"selected","value":"FALSE"},{"time":1702313513592,"type":"selected","value":"TRUE"},{"time":1702313516263,"type":"value","value":"-3"},{"time":1702313516263,"type":"selected","value":"FALSE"}],"isTextChangeable":1},{"id":"9c9f67a8-8ef1-42e1-bcc0-dc3fa5b055cd","value":-1,"text":"no empathy","comment":"","position":{"x":314,"y":502.3333},"isActive":true,"date":1702313531061,"kind":"Node","isSelected":false,"isConnectorSelected":false,"isDraggable":1,"isDeletable":1,"hasElementMoved":false,"eventLog":[{"time":"1702313531061","type":"create node","value":[0]},{"time":"1702313533714","type":"selected","value":[true]},{"time":"1702313545537","type":"text","value":["Keine Empathie"]},{"time":"1702313545537","type":"selected","value":[false]},{"time":"2023-12-11T16:52:27.145Z","type":"position","value":{"x":[335],"y":[491.3333]}},{"time":"1702313620567","type":"selected","value":[true]},{"time":"1702313623023","type":"value","value":[-1]},{"time":"1702313623023","type":"selected","value":[false]}],"isTextChangeable":1},{"id":"73479344-b4dc-4f47-a792-187fc137fddc","value":1,"text":"can be individualized","comment":"","position":{"x":1038,"y":412.3333},"isActive":true,"date":1702313550349,"kind":"Node","isSelected":false,"isConnectorSelected":false,"isDraggable":1,"isDeletable":1,"hasElementMoved":false,"eventLog":[{"time":1702313550349,"type":"create node","value":"0"},{"time":1702313550489,"type":"selected","value":"TRUE"},{"time":1702313559620,"type":"text","value":"Können individualisiert werden"},{"time":1702313559620,"type":"selected","value":"FALSE"},{"time":1702313666553,"type":"selected","value":"TRUE"},{"time":1702313668624,"type":"value","value":"1"},{"time":1702313668624,"type":"selected","value":"FALSE"}],"isTextChangeable":1},{"id":"866a2ff6-4953-487f-b6d9-02aebfb8d0fb","value":-1,"text":"can enhance isolation","comment":"since no social interaction is possible anymore","position":{"x":485,"y":574.3333},"isActive":true,"date":1702313565834,"kind":"Node","isSelected":false,"isConnectorSelected":false,"isDraggable":1,"isDeletable":1,"hasElementMoved":false,"eventLog":[{"time":1702313565834,"type":"create node","value":"0"},{"time":1702313565960,"type":"selected","value":"TRUE"},{"time":1702313593813,"type":"text","value":"Können Isolation Verstärken"},{"time":1702313593813,"type":"comment","value":"da keine soz Interaktion mehr möglich"},{"time":1702313593813,"type":"selected","value":"FALSE"},{"time":1702313623180,"type":"selected","value":"TRUE"},{"time":1702313625292,"type":"value","value":"-1"},{"time":1702313625292,"type":"selected","value":"FALSE"}],"isTextChangeable":1},{"id":"4421472a-5369-433a-92d8-b9104d46bfb6","value":-2,"text":"Production consumes resources","comment":"","position":{"x":623,"y":218.3333},"isActive":true,"date":1702313596391,"kind":"Node","isSelected":false,"isConnectorSelected":false,"isDraggable":1,"isDeletable":1,"hasElementMoved":false,"eventLog":[{"time":"1702313596391","type":"create node","value":[0]},{"time":"1702313596579","type":"selected","value":[true]},{"time":"1702313616160","type":"text","value":["Herstellung verbraucht Ressourcen"]},{"time":"1702313616160","type":"value","value":[-2]},{"time":"1702313616160","type":"selected","value":[false]},{"time":"2023-12-11T16:54:03.215Z","type":"position","value":{"x":[565],"y":[209.3333]}}],"isTextChangeable":1},{"id":"5ad5882a-fd17-4917-af4b-b76ec85d1f40","value":-1,"text":"operation consumes energy","comment":"","position":{"x":476,"y":150.3333},"isActive":true,"date":1702313626756,"kind":"Node","isSelected":false,"isConnectorSelected":false,"isDraggable":1,"isDeletable":1,"hasElementMoved":false,"eventLog":[{"time":1702313626756,"type":"create node","value":"0"},{"time":1702313626905,"type":"selected","value":"TRUE"},{"time":1702313636140,"type":"text","value":"Betrieb verbraucht Energie"},{"time":1702313636140,"type":"value","value":"-1"},{"time":1702313636140,"type":"selected","value":"FALSE"}],"isTextChangeable":1},{"id":"a3477bfa-d420-447b-9af3-0702cfd68fe7","value":1,"text":"can be multilingual","comment":"","position":{"x":915,"y":526.3333},"isActive":true,"date":1702313636143,"kind":"Node","isSelected":false,"isConnectorSelected":false,"isDraggable":1,"isDeletable":1,"hasElementMoved":false,"eventLog":[{"time":"1702313636143","type":"create node","value":[0]},{"time":"1702313646573","type":"selected","value":[true]},{"time":"1702313662771","type":"text","value":["Können mehrsprachig sein"]},{"time":"1702313662771","type":"selected","value":[false]},{"time":"2023-12-11T16:54:23.386Z","type":"position","value":{"x":[773],"y":[531.3333]}},{"time":"1702313664303","type":"selected","value":[true]},{"time":"1702313666382","type":"value","value":[1]},{"time":"1702313666382","type":"selected","value":[false]}],"isTextChangeable":1}],"connectors":[{"id":"6b9f0aab-264e-4551-a010-e79d232015f7","source":"f6bc70a9-ce80-4a2e-9c2b-354da300cf3a","target":"81381b74-e2dd-46ff-a626-7efa4846617f","agreement":true,"isActive":true,"date":1702313297932,"kind":"Connector","isSelected":false,"intensity":3,"isDeletable":false,"isOver":false,"isBidirectional":false,"eventLog":[{"time":1702313297932,"type":"create connection"},{"time":1702313328819,"type":"selected","value":1},{"time":1702313331780,"type":"change intensity of connector","value":3},{"time":1702313331780,"type":"selected","value":0}]},{"id":"6edee742-5c22-472e-a8ca-956cb5d94bcf","source":"f6bc70a9-ce80-4a2e-9c2b-354da300cf3a","target":"d10e702a-e7aa-4028-82c8-c1982220a935","agreement":true,"isActive":true,"date":1702313297932,"kind":"Connector","isSelected":false,"intensity":3,"isDeletable":true,"isOver":false,"isBidirectional":false,"eventLog":[{"time":1702313297932,"type":"create connection"},{"time":1702313331997,"type":"selected","value":1},{"time":1702313333191,"type":"change intensity of connector","value":3},{"time":1702313333191,"type":"selected","value":0}]},{"id":"8a2fa923-9262-49c9-b658-b761af56551e","source":"d10e702a-e7aa-4028-82c8-c1982220a935","target":"36afb673-4a5c-42a1-83cb-267f841a0d0f","agreement":true,"isActive":true,"date":1702313435858,"kind":"Connector","isSelected":false,"intensity":3,"isDeletable":true,"isOver":false,"isBidirectional":false,"eventLog":[{"time":1702313435859,"type":"create connection"},{"time":1702313438558,"type":"selected","value":1},{"time":1702313441670,"type":"change intensity of connector","value":3},{"time":1702313441670,"type":"selected","value":0}]},{"id":"5d8c5bf1-c87f-4488-81d1-9d846825f5b6","source":"6ec0f65b-d4d7-4d38-993d-03df95f49536","target":"cd87de8c-5c3d-4064-ac57-3b4b64ed79c3","agreement":false,"isActive":true,"date":1702313444241,"kind":"Connector","isSelected":false,"intensity":6,"isDeletable":true,"isOver":false,"isBidirectional":false,"eventLog":[{"time":1702313444241,"type":"create connection"},{"time":1702313446515,"type":"selected","value":1},{"time":1702313455162,"type":"change intensity of connector","value":-6},{"time":1702313455162,"type":"selected","value":0}]},{"id":"16dd88f0-458e-43d6-94f1-a19a5f6b8cf4","source":"d10e702a-e7aa-4028-82c8-c1982220a935","target":"cd87de8c-5c3d-4064-ac57-3b4b64ed79c3","agreement":true,"isActive":true,"date":1702313458283,"kind":"Connector","isSelected":false,"intensity":3,"isDeletable":true,"isOver":false,"isBidirectional":false,"eventLog":[{"time":1702313458283,"type":"create connection"}]},{"id":"39391d20-5bdd-47e1-8751-8838020cacc2","source":"36afb673-4a5c-42a1-83cb-267f841a0d0f","target":"6ec0f65b-d4d7-4d38-993d-03df95f49536","agreement":true,"isActive":true,"date":1702313460289,"kind":"Connector","isSelected":false,"intensity":6,"isDeletable":true,"isOver":false,"isBidirectional":false,"eventLog":[{"time":1702313460289,"type":"create connection"},{"time":1702313461605,"type":"selected","value":1},{"time":1702313463898,"type":"change intensity of connector","value":6},{"time":1702313463898,"type":"selected","value":0}]},{"id":"f5892200-8b16-4fe3-b267-e6f199e9e72b","source":"fee5316f-d71f-4f2a-852f-312535a484e1","target":"81381b74-e2dd-46ff-a626-7efa4846617f","agreement":true,"isActive":true,"date":1702313500586,"kind":"Connector","isSelected":false,"intensity":3,"isDeletable":true,"isOver":false,"isBidirectional":false,"eventLog":[{"time":1702313500586,"type":"create connection"}]},{"id":"1531b8b1-d207-440a-8dc1-14606164e24a","source":"30b01bba-f565-486f-bc98-6b927c4924e1","target":"fee5316f-d71f-4f2a-852f-312535a484e1","agreement":true,"isActive":true,"date":1702313518072,"kind":"Connector","isSelected":false,"intensity":9,"isDeletable":true,"isOver":false,"isBidirectional":false,"eventLog":[{"time":1702313518072,"type":"create connection"},{"time":1702313521373,"type":"selected","value":1},{"time":1702313524936,"type":"change intensity of connector","value":9},{"time":1702313524936,"type":"selected","value":0}]},{"id":"b3e12b76-df07-4943-82d2-ee4a5029e7d3","source":"30b01bba-f565-486f-bc98-6b927c4924e1","target":"81381b74-e2dd-46ff-a626-7efa4846617f","agreement":true,"isActive":true,"date":1702313519630,"kind":"Connector","isSelected":false,"intensity":3,"isDeletable":true,"isOver":false,"isBidirectional":false,"eventLog":[{"time":1702313519630,"type":"create connection"},{"time":1702313526801,"type":"selected","value":1},{"time":1702313527995,"type":"change intensity of connector","value":3},{"time":1702313527995,"type":"selected","value":0}]},{"id":"f964b522-fd60-4be5-b88c-97bd716651ab","source":"9c9f67a8-8ef1-42e1-bcc0-dc3fa5b055cd","target":"81381b74-e2dd-46ff-a626-7efa4846617f","agreement":true,"isActive":true,"date":1702313549052,"kind":"Connector","isSelected":false,"intensity":3,"isDeletable":true,"isOver":false,"isBidirectional":false,"eventLog":[{"time":1702313549052,"type":"create connection"}]},{"id":"7b0bedd8-2f92-44a7-8319-0d0677e46635","source":"d10e702a-e7aa-4028-82c8-c1982220a935","target":"73479344-b4dc-4f47-a792-187fc137fddc","agreement":true,"isActive":true,"date":1702313561312,"kind":"Connector","isSelected":false,"intensity":3,"isDeletable":true,"isOver":false,"isBidirectional":false,"eventLog":[{"time":1702313561312,"type":"create connection"}]},{"id":"4597fc5e-65d2-4b92-89d0-95d9f6d9eacd","source":"866a2ff6-4953-487f-b6d9-02aebfb8d0fb","target":"81381b74-e2dd-46ff-a626-7efa4846617f","agreement":true,"isActive":true,"date":1702313595437,"kind":"Connector","isSelected":false,"intensity":3,"isDeletable":true,"isOver":false,"isBidirectional":false,"eventLog":[{"time":1702313595437,"type":"create connection"}]},{"id":"851f5cc5-6ec0-4e55-94b9-e0918193cd17","source":"81381b74-e2dd-46ff-a626-7efa4846617f","target":"4421472a-5369-433a-92d8-b9104d46bfb6","agreement":true,"isActive":true,"date":1702313618089,"kind":"Connector","isSelected":false,"intensity":3,"isDeletable":true,"isOver":false,"isBidirectional":false,"eventLog":[{"time":1702313618089,"type":"create connection"}]},{"id":"00f24993-4980-4812-864c-999ccf5e944d","source":"81381b74-e2dd-46ff-a626-7efa4846617f","target":"5ad5882a-fd17-4917-af4b-b76ec85d1f40","agreement":true,"isActive":true,"date":1702313637811,"kind":"Connector","isSelected":false,"intensity":3,"isDeletable":true,"isOver":false,"isBidirectional":false,"eventLog":[{"time":1702313637811,"type":"create connection"}]},{"id":"89a83fe6-40b7-4b14-ab75-d3ddce5f5b4d","source":"5ad5882a-fd17-4917-af4b-b76ec85d1f40","target":"4421472a-5369-433a-92d8-b9104d46bfb6","agreement":true,"isActive":true,"date":1702313639221,"kind":"Connector","isSelected":false,"intensity":3,"isDeletable":true,"isOver":false,"isBidirectional":false,"eventLog":[{"time":1702313639221,"type":"create connection"}]},{"id":"c3cb30c1-0420-4585-b3df-5c11164b27d8","source":"a3477bfa-d420-447b-9af3-0702cfd68fe7","target":"d10e702a-e7aa-4028-82c8-c1982220a935","agreement":true,"isActive":true,"date":1702313670132,"kind":"Connector","isSelected":false,"intensity":3,"isDeletable":true,"isOver":false,"isBidirectional":false,"eventLog":[{"time":1702313670132,"type":"create connection"}]}],"currentID":{},"currentNode":{},"hasSelectedNode":[false],"currentConnector":{},"hasSelectedConnector":[false],"readyToMove":[false],"isIncoming":[false],"hasElementMoved":[false]}
