{"idCAM":["4ba69c8a-f4b7-44de-a149-b3f0b9f47555"],"creator":["653bb9c18fa69d049372d45f_pre"],"projectCAM":["S2_CAM part 1"],"defocusCAM":[],"date":[1702311701505],"nodes":[{"id":"13cd41c3-2768-42bd-9fd8-58d31da5aacc","value":0,"text":"rescue robot","comment":"","position":{"x":650,"y":400},"isActive":true,"date":1702311702370,"kind":"Node","isSelected":false,"isConnectorSelected":false,"isDraggable":0,"isDeletable":0,"hasElementMoved":false,"eventLog":[{"time":1702311702370,"type":"create node","value":0}],"isTextChangeable":0},{"id":"e9f64d49-f790-4200-8ed0-f0a60e8c8189","value":0,"text":"disadvantages","comment":"","position":{"x":450,"y":400},"isActive":true,"date":1702311702370,"kind":"Node","isSelected":false,"isConnectorSelected":false,"isDraggable":0,"isDeletable":0,"hasElementMoved":false,"eventLog":[{"time":1702311702370,"type":"create node","value":0}],"isTextChangeable":0},{"id":"07234fa7-2e57-4fa8-a774-f7024f121e46","value":0,"text":"advantages","comment":"","position":{"x":850,"y":400},"isActive":true,"date":1702311702370,"kind":"Node","isSelected":false,"isConnectorSelected":false,"isDraggable":0,"isDeletable":0,"hasElementMoved":false,"eventLog":[{"time":1702311702370,"type":"create node","value":0}],"isTextChangeable":0},{"id":"27c10ccc-1e1e-48e6-8299-4f96981104bb","value":3,"text":"search and rescue operations","comment":"","position":{"x":924.4,"y":302.6},"isActive":true,"date":1702311739354,"kind":"Node","isSelected":false,"isConnectorSelected":false,"isDraggable":1,"isDeletable":1,"hasElementMoved":false,"eventLog":[{"time":"1702311739354","type":"create node","value":[0]},{"time":"2023-12-11T16:22:20.717Z","type":"position","value":{"x":[1028.4],"y":[368.6]}},{"time":"2023-12-11T16:22:21.308Z","type":"position","value":{"x":[878.4],"y":[298.6]}},{"time":"1702311899142","type":"selected","value":[true]},{"time":"1702311919633","type":"text","value":["Such- und Rettungsaktionen"]},{"time":"1702311919633","type":"value","value":[3]},{"time":"1702311919633","type":"selected","value":[false]},{"time":"2023-12-11T16:26:20.951Z","type":"position","value":{"x":[901.4],"y":[297.6]}},{"time":"2023-12-11T16:26:25.565Z","type":"position","value":{"x":[1009.4],"y":[272.6]}},{"time":"2023-12-11T16:34:30.295Z","type":"position","value":{"x":[976.4],"y":[265.6]}}],"isTextChangeable":1},{"id":"2dd7e5b3-48b3-4d14-98aa-de5800a421d8","value":3,"text":"life-threatening places","comment":"The possibility of entering dangerous places that people dare not approach, such as wreckage, battlefields, etc.","position":{"x":960.4,"y":118.6},"isActive":true,"date":1702311931050,"kind":"Node","isSelected":false,"isConnectorSelected":false,"isDraggable":1,"isDeletable":1,"hasElementMoved":false,"eventLog":[{"time":"1702311931050","type":"create node","value":[0]},{"time":"1702311931158","type":"selected","value":[true]},{"time":"1702311972134","type":"text","value":["Lebensgefährliche Orte"]},{"time":"1702311972134","type":"value","value":[3]},{"time":"1702311972134","type":"selected","value":[false]},{"time":"2023-12-11T16:26:18.361Z","type":"position","value":{"x":[982.4],"y":[297.6]}},{"time":"2023-12-11T16:26:18.703Z","type":"position","value":{"x":[980.4],"y":[147.6]}},{"time":"2023-12-11T16:26:24.316Z","type":"position","value":{"x":[964.4],"y":[161.6]}},{"time":"1702312299942","type":"selected","value":[true]},{"time":"1702312458094","type":"comment","value":["Die Möglichkeit, gefährliche Orte zu betreten, an die sich Menschen nicht herantrauen, wie z.B Wrackteile, Schlachtfelder usw."]},{"time":"1702312458094","type":"selected","value":[false]}],"isTextChangeable":1},{"id":"0337517f-ccfc-4bc8-89bc-7e20a2ee8db4","value":2,"text":"in disputed territories","comment":"Use in areas where jurisdiction is disputed between two states.","position":{"x":1159.4,"y":314.6},"isActive":true,"date":1702311988033,"kind":"Node","isSelected":false,"isConnectorSelected":false,"isDraggable":1,"isDeletable":1,"hasElementMoved":false,"eventLog":[{"time":"1702311988033","type":"create node","value":[0]},{"time":"1702311988104","type":"selected","value":[true]},{"time":"1702312030487","type":"text","value":["Im umstrittenen Territorien"]},{"time":"1702312030487","type":"selected","value":[false]},{"time":"1702312031796","type":"selected","value":[true]},{"time":"1702312034042","type":"value","value":[3]},{"time":"1702312034042","type":"selected","value":[false]},{"time":"2023-12-11T16:34:44.560Z","type":"position","value":{"x":[1104.4],"y":[340.6]}},{"time":"1702312594945","type":"selected","value":[true]},{"time":"1702312662503","type":"value","value":[2]},{"time":"1702312662503","type":"comment","value":["Verwendung in Gebieten, in denen die Zuständigkeit zwischen zwei Staatten umstritten ist."]},{"time":"1702312662503","type":"selected","value":[false]}],"isTextChangeable":1},{"id":"db5b9f75-0fcd-4879-a823-50e257981e72","value":2,"text":"simple management","comment":"","position":{"x":964.4,"y":672.6},"isActive":true,"date":1702312034826,"kind":"Node","isSelected":false,"isConnectorSelected":false,"isDraggable":1,"isDeletable":1,"hasElementMoved":false,"eventLog":[{"time":"1702312034827","type":"create node","value":[0]},{"time":"1702312034893","type":"selected","value":[true]},{"time":"1702312128571","type":"text","value":["Einfaches Managment"]},{"time":"1702312128571","type":"value","value":[2]},{"time":"1702312128572","type":"selected","value":[false]},{"time":"2023-12-11T16:31:00.726Z","type":"position","value":{"x":[967.4],"y":[506.6]}},{"time":"2023-12-11T16:31:01.314Z","type":"position","value":{"x":[968.4],"y":[656.6]}},{"time":"1702312507844","type":"selected","value":[true]},{"time":"1702312509564","type":"selected","value":[false]}],"isTextChangeable":1},{"id":"287ddb61-611a-48be-8c51-313952cdf96b","value":3,"text":"no human problems","comment":"It doesn't need food, water, toilets, etc. unlike human rescue services.","position":{"x":1134.4,"y":493.6},"isActive":true,"date":1702312153181,"kind":"Node","isSelected":false,"isConnectorSelected":false,"isDraggable":1,"isDeletable":1,"hasElementMoved":false,"eventLog":[{"time":1702312153181,"type":"create node","value":"0"},{"time":1702312155125,"type":"selected","value":"TRUE"},{"time":1702312167147,"type":"text","value":"Keine Menschlichen Probleme"},{"time":1702312167147,"type":"selected","value":"FALSE"},{"time":1702312168203,"type":"selected","value":"TRUE"},{"time":1702312170594,"type":"value","value":"3"},{"time":1702312170594,"type":"selected","value":"FALSE"},{"time":1702312510597,"type":"selected","value":"TRUE"},{"time":1702312592891,"type":"comment","value":"Es braucht keine Lebensmittel, Wasser, Toiletten usw.im gegensatz zu menschlichen Rettungsdienster."},{"time":1702312592891,"type":"selected","value":"FALSE"}],"isTextChangeable":1},{"id":"835ca1a8-0182-47e5-af4f-cd3983e539b0","value":-2,"text":"expensive","comment":"Such a complex machine is difficult and expensive to manufacture and develop.","position":{"x":305.4,"y":184.6},"isActive":true,"date":1702312177975,"kind":"Node","isSelected":false,"isConnectorSelected":false,"isDraggable":1,"isDeletable":1,"hasElementMoved":false,"eventLog":[{"time":1702312177975,"type":"create node","value":"0"},{"time":1702312178146,"type":"selected","value":"TRUE"},{"time":1702312189390,"type":"text","value":"Teuer"},{"time":1702312189390,"type":"value","value":"-2"},{"time":1702312189390,"type":"selected","value":"FALSE"},{"time":1702312716054,"type":"selected","value":"TRUE"},{"time":1702312719105,"type":"selected","value":"FALSE"},{"time":1702312729523,"type":"selected","value":"TRUE"},{"time":1702312731090,"type":"selected","value":"FALSE"},{"time":1702312746707,"type":"selected","value":"TRUE"},{"time":1702312753718,"type":"comment","value":"Eine derart komplexe Maschine ist schwierig und teuer herzustellen und zu entwickeln."},{"time":1702312753718,"type":"selected","value":"FALSE"}],"isTextChangeable":1},{"id":"5096d826-ed17-4c94-8f99-24b1dbc5ec1e","value":0,"text":"chwierig zu entwickeln","comment":"","position":{"x":168.4,"y":389.6},"isActive":false,"date":1702312189922,"kind":"Node","isSelected":false,"isConnectorSelected":false,"isDraggable":1,"isDeletable":1,"hasElementMoved":false,"eventLog":[{"time":1702312189922,"type":"create node","value":0},{"time":1702312190026,"type":"selected","value":1},{"time":1702312219494,"type":"node was deleted","value":-77}],"isTextChangeable":1},{"id":"69425e30-95aa-4681-a6a7-07fde3cc3514","value":-1,"text":"difficult to develop","comment":"Such a complex machine is difficult to produce and develop.","position":{"x":185.4,"y":478.6},"isActive":true,"date":1702312221533,"kind":"Node","isSelected":false,"isConnectorSelected":false,"isDraggable":1,"isDeletable":1,"hasElementMoved":false,"eventLog":[{"time":1702312221533,"type":"create node","value":"0"},{"time":1702312222484,"type":"selected","value":"TRUE"},{"time":1702312232202,"type":"text","value":"Schwierig zu Enwtickeln"},{"time":1702312232202,"type":"selected","value":"FALSE"},{"time":1702312499462,"type":"selected","value":"TRUE"},{"time":1702312502849,"type":"value","value":"-1"},{"time":1702312502849,"type":"selected","value":"FALSE"},{"time":1702312674321,"type":"selected","value":"TRUE"},{"time":1702312715158,"type":"comment","value":"Eine derart komplexe Maschine ist schwierig herzustellen und zu entwickeln."},{"time":1702312715158,"type":"selected","value":"FALSE"}],"isTextChangeable":1},{"id":"77242486-5ca1-4e44-91b2-d2865cd93c98","value":-3,"text":"can be abused","comment":"","position":{"x":325.4,"y":563.6},"isActive":true,"date":1702312247541,"kind":"Node","isSelected":false,"isConnectorSelected":false,"isDraggable":1,"isDeletable":1,"hasElementMoved":false,"eventLog":[{"time":1702312247541,"type":"create node","value":"0"},{"time":1702312248317,"type":"selected","value":"TRUE"},{"time":1702312253386,"type":"text","value":"Kann Misbraucht werden"},{"time":1702312253386,"type":"selected","value":"FALSE"},{"time":1702312503820,"type":"selected","value":"TRUE"},{"time":1702312505402,"type":"value","value":"-3"},{"time":1702312505402,"type":"selected","value":"FALSE"},{"time":1702312669855,"type":"selected","value":"TRUE"},{"time":1702312674241,"type":"selected","value":"FALSE"}],"isTextChangeable":1},{"id":"ecb96150-55ce-45d8-81e8-f2fc0bc9e965","value":0,"text":"","comment":"","position":{"x":809.4,"y":261.6},"isActive":false,"date":1702312263380,"kind":"Node","isSelected":false,"isConnectorSelected":false,"isDraggable":1,"isDeletable":1,"hasElementMoved":false,"eventLog":[{"time":"1702312263380","type":"create node","value":[0]},{"time":"2023-12-11T16:31:15.090Z","type":"position","value":{"x":[924.4],"y":[172.6]}},{"time":"1702312278734","type":"node was deleted","value":[-77]}],"isTextChangeable":1}],"connectors":[{"id":"146a7d94-5188-44c2-aeaa-6477bd276157","source":"13cd41c3-2768-42bd-9fd8-58d31da5aacc","target":"e9f64d49-f790-4200-8ed0-f0a60e8c8189","agreement":true,"isActive":true,"date":1702311702371,"kind":"Connector","isSelected":false,"intensity":3,"isDeletable":false,"isOver":false,"isBidirectional":false,"eventLog":[{"time":1702311702371,"type":"create connection"}]},{"id":"b8da84ea-41f0-4a4f-af26-177d1ed36a9e","source":"13cd41c3-2768-42bd-9fd8-58d31da5aacc","target":"07234fa7-2e57-4fa8-a774-f7024f121e46","agreement":true,"isActive":true,"date":1702311702371,"kind":"Connector","isSelected":false,"intensity":3,"isDeletable":true,"isOver":false,"isBidirectional":false,"eventLog":[{"time":1702311702371,"type":"create connection"}]},{"id":"8a790a0e-e1e2-4955-8067-33fde3976cf0","source":"07234fa7-2e57-4fa8-a774-f7024f121e46","target":"27c10ccc-1e1e-48e6-8299-4f96981104bb","agreement":true,"isActive":true,"date":1702312472182,"kind":"Connector","isSelected":false,"intensity":6,"isDeletable":true,"isOver":false,"isBidirectional":false,"eventLog":[{"time":1702312472182,"type":"create connection"},{"time":1702312473851,"type":"selected","value":1},{"time":1702312478289,"type":"change intensity of connector","value":6},{"time":1702312478289,"type":"selected","value":0}]},{"id":"b15e5ca3-23ab-4809-8dcf-daf2a73aa616","source":"2dd7e5b3-48b3-4d14-98aa-de5800a421d8","target":"27c10ccc-1e1e-48e6-8299-4f96981104bb","agreement":true,"isActive":true,"date":1702312480337,"kind":"Connector","isSelected":false,"intensity":3,"isDeletable":true,"isOver":false,"isBidirectional":false,"eventLog":[{"time":1702312480337,"type":"create connection"}]},{"id":"25f7e322-dc5b-4934-8668-4eeb58bac1c6","source":"27c10ccc-1e1e-48e6-8299-4f96981104bb","target":"0337517f-ccfc-4bc8-89bc-7e20a2ee8db4","agreement":true,"isActive":true,"date":1702312490175,"kind":"Connector","isSelected":false,"intensity":3,"isDeletable":true,"isOver":false,"isBidirectional":false,"eventLog":[{"time":1702312490175,"type":"create connection"}]},{"id":"9e3d0375-364c-44cb-b51b-fe46566f2443","source":"27c10ccc-1e1e-48e6-8299-4f96981104bb","target":"287ddb61-611a-48be-8c51-313952cdf96b","agreement":true,"isActive":true,"date":1702312491711,"kind":"Connector","isSelected":false,"intensity":3,"isDeletable":true,"isOver":false,"isBidirectional":false,"eventLog":[{"time":1702312491711,"type":"create connection"}]},{"id":"9e5ce7b4-f566-4a6d-b57f-37b4802a285b","source":"27c10ccc-1e1e-48e6-8299-4f96981104bb","target":"db5b9f75-0fcd-4879-a823-50e257981e72","agreement":true,"isActive":true,"date":1702312493027,"kind":"Connector","isSelected":false,"intensity":3,"isDeletable":true,"isOver":false,"isBidirectional":false,"eventLog":[{"time":1702312493027,"type":"create connection"}]},{"id":"4e1e07c3-fe54-42d9-836a-7dec48404d42","source":"e9f64d49-f790-4200-8ed0-f0a60e8c8189","target":"77242486-5ca1-4e44-91b2-d2865cd93c98","agreement":false,"isActive":true,"date":1702312495205,"kind":"Connector","isSelected":false,"intensity":6,"isDeletable":true,"isOver":false,"isBidirectional":false,"eventLog":[{"time":1702312495205,"type":"create connection"},{"time":1702312726941,"type":"selected","value":1},{"time":1702312728541,"type":"change intensity of connector","value":-6},{"time":1702312728541,"type":"selected","value":0}]},{"id":"8418e297-fe87-4768-a7a9-20e03ff9b706","source":"e9f64d49-f790-4200-8ed0-f0a60e8c8189","target":"69425e30-95aa-4681-a6a7-07fde3cc3514","agreement":false,"isActive":true,"date":1702312496724,"kind":"Connector","isSelected":false,"intensity":6,"isDeletable":true,"isOver":false,"isBidirectional":false,"eventLog":[{"time":1702312496724,"type":"create connection"},{"time":1702312724687,"type":"selected","value":1},{"time":1702312726857,"type":"change intensity of connector","value":-6},{"time":1702312726857,"type":"selected","value":0}]},{"id":"27dd65fd-71e1-4ef3-a883-73e5fb4dfa06","source":"e9f64d49-f790-4200-8ed0-f0a60e8c8189","target":"835ca1a8-0182-47e5-af4f-cd3983e539b0","agreement":false,"isActive":true,"date":1702312498028,"kind":"Connector","isSelected":false,"intensity":6,"isDeletable":true,"isOver":false,"isBidirectional":false,"eventLog":[{"time":1702312498028,"type":"create connection"},{"time":1702312720630,"type":"selected","value":1},{"time":1702312724488,"type":"change intensity of connector","value":-6},{"time":1702312724488,"type":"selected","value":0}]},{"id":"a73ba143-268d-470d-a9f4-951a0fdcb45e","source":"835ca1a8-0182-47e5-af4f-cd3983e539b0","target":"69425e30-95aa-4681-a6a7-07fde3cc3514","agreement":true,"isActive":true,"date":1702312732385,"kind":"Connector","isSelected":false,"intensity":6,"isDeletable":true,"isOver":false,"isBidirectional":false,"eventLog":[{"time":1702312732385,"type":"create connection"},{"time":1702312736396,"type":"selected","value":1},{"time":1702312739843,"type":"change intensity of connector","value":6},{"time":1702312739843,"type":"selected","value":0}]}],"currentID":{},"currentNode":{},"hasSelectedNode":[false],"currentConnector":{},"hasSelectedConnector":[false],"readyToMove":[false],"isIncoming":[false],"hasElementMoved":[false]}
