{"idCAM":["f1eb738f-32b1-4ab6-bbc0-7dd73abd5cac"],"creator":["653be644c2d5f2b6d285699e_pre"],"projectCAM":["S2_CAM part 1"],"defocusCAM":[],"date":[1702311396476],"nodes":[{"id":"e696f24e-0ea8-4f53-9606-4ca1b5204348","value":2,"text":"rescue robot","comment":"","position":{"x":650,"y":400},"isActive":true,"date":1702311397378,"kind":"Node","isSelected":false,"isConnectorSelected":false,"isDraggable":0,"isDeletable":0,"hasElementMoved":false,"eventLog":[{"time":1702311397378,"type":"create node","value":0},{"time":1702311566639,"type":"selected","value":1},{"time":1702311568829,"type":"value","value":2},{"time":1702311568829,"type":"selected","value":0}],"isTextChangeable":0},{"id":"9224fe66-64f0-4e14-8520-58d5bdb9925d","value":-1,"text":"disadvantages","comment":"","position":{"x":450,"y":400},"isActive":true,"date":1702311397379,"kind":"Node","isSelected":false,"isConnectorSelected":false,"isDraggable":0,"isDeletable":0,"hasElementMoved":false,"eventLog":[{"time":1702311397379,"type":"create node","value":0},{"time":1702311405703,"type":"selected","value":1},{"time":1702311407591,"type":"value","value":-1},{"time":1702311407591,"type":"selected","value":0}],"isTextChangeable":0},{"id":"54ebf1a5-6e0f-4af4-abab-2d3bfb6f2c3e","value":3,"text":"advantages","comment":"","position":{"x":850,"y":400},"isActive":true,"date":1702311397379,"kind":"Node","isSelected":false,"isConnectorSelected":false,"isDraggable":0,"isDeletable":0,"hasElementMoved":false,"eventLog":[{"time":1702311397379,"type":"create node","value":0},{"time":1702311401888,"type":"selected","value":1},{"time":1702311404522,"type":"value","value":3},{"time":1702311404522,"type":"selected","value":0}],"isTextChangeable":0},{"id":"118440be-9f79-47ec-ad42-97162f151e8d","value":3,"text":"specialized robot","comment":"","position":{"x":1038,"y":386},"isActive":true,"date":1702311408959,"kind":"Node","isSelected":false,"isConnectorSelected":false,"isDraggable":1,"isDeletable":1,"hasElementMoved":false,"eventLog":[{"time":"1702311408959","type":"create node","value":[0]},{"time":"1702311409104","type":"selected","value":[true]},{"time":"1702311424902","type":"text","value":["Spezialisiert Roboter"]},{"time":"1702311424902","type":"value","value":[3]},{"time":"1702311424902","type":"selected","value":[false]},{"time":"2023-12-11T16:17:07.551Z","type":"position","value":{"x":[1039],"y":[466]}}],"isTextChangeable":1},{"id":"a88f8805-5b4a-4c48-b223-c847e3448e98","value":2,"text":"underwater","comment":"","position":{"x":1033,"y":255},"isActive":true,"date":1702311429428,"kind":"Node","isSelected":false,"isConnectorSelected":false,"isDraggable":1,"isDeletable":1,"hasElementMoved":false,"eventLog":[{"time":"1702311429428","type":"create node","value":[0]},{"time":"1702311429506","type":"selected","value":[true]},{"time":"1702311444864","type":"text","value":["Unterwasser"]},{"time":"1702311444864","type":"value","value":[2]},{"time":"1702311444864","type":"selected","value":[false]},{"time":"2023-12-11T16:18:03.507Z","type":"position","value":{"x":[956],"y":[262]}}],"isTextChangeable":1},{"id":"d466cdff-7e10-476c-91fe-591a849ca144","value":2,"text":"debris","comment":"","position":{"x":1208,"y":372},"isActive":true,"date":1702311445719,"kind":"Node","isSelected":false,"isConnectorSelected":false,"isDraggable":1,"isDeletable":1,"hasElementMoved":false,"eventLog":[{"time":"1702311445719","type":"create node","value":[0]},{"time":"1702311445871","type":"selected","value":[true]},{"time":"1702311450708","type":"text","value":["Trümmer"]},{"time":"1702311450708","type":"value","value":[2]},{"time":"1702311450708","type":"selected","value":[false]},{"time":"2023-12-11T16:18:01.884Z","type":"position","value":{"x":[1131],"y":[246]}}],"isTextChangeable":1},{"id":"b35ef380-3b3a-4780-b95d-cc6d418a591e","value":2,"text":"poisonous environment","comment":"","position":{"x":1069,"y":541},"isActive":true,"date":1702311451563,"kind":"Node","isSelected":false,"isConnectorSelected":false,"isDraggable":1,"isDeletable":1,"hasElementMoved":false,"eventLog":[{"time":"1702311451563","type":"create node","value":[0]},{"time":"1702311451687","type":"selected","value":[true]},{"time":"1702311479401","type":"text","value":["Giftige Umgebung"]},{"time":"1702311479401","type":"value","value":[2]},{"time":"1702311479401","type":"selected","value":[false]},{"time":"2023-12-11T16:18:00.194Z","type":"position","value":{"x":[1184],"y":[347]}},{"time":"2023-12-11T16:18:00.488Z","type":"position","value":{"x":[1129],"y":[497]}}],"isTextChangeable":1},{"id":"cb965b51-6342-4a1d-9afc-27f549a851b7","value":2,"text":"safer for people","comment":"","position":{"x":821,"y":195},"isActive":true,"date":1702311491653,"kind":"Node","isSelected":false,"isConnectorSelected":false,"isDraggable":1,"isDeletable":1,"hasElementMoved":false,"eventLog":[{"time":1702311491653,"type":"create node","value":"0"},{"time":1702311491810,"type":"selected","value":"TRUE"},{"time":1702311498983,"type":"text","value":"Sicherer für Menschen"},{"time":1702311498983,"type":"value","value":"2"},{"time":1702311498983,"type":"selected","value":"FALSE"}],"isTextChangeable":1},{"id":"be3805cb-df80-4eeb-8fb4-0a7e9fc056b4","value":-2,"text":"decision-making ability","comment":"","position":{"x":246,"y":270},"isActive":true,"date":1702311502183,"kind":"Node","isSelected":false,"isConnectorSelected":false,"isDraggable":1,"isDeletable":1,"hasElementMoved":false,"eventLog":[{"time":"1702311502183","type":"create node","value":[0]},{"time":"1702311502309","type":"selected","value":[true]},{"time":"1702311517135","type":"text","value":["Entscheidungsfähigkeit"]},{"time":"1702311517135","type":"value","value":[-2]},{"time":"1702311517136","type":"selected","value":[false]},{"time":"2023-12-11T16:19:23.784Z","type":"position","value":{"x":[399],"y":[265]}},{"time":"2023-12-11T16:19:24.528Z","type":"position","value":{"x":[248],"y":[270]}}],"isTextChangeable":1},{"id":"1f15688c-e9c2-4fa7-ba7a-43444480d52d","value":-2,"text":"malfunctions","comment":"","position":{"x":281,"y":586},"isActive":true,"date":1702311517995,"kind":"Node","isSelected":false,"isConnectorSelected":false,"isDraggable":1,"isDeletable":1,"hasElementMoved":false,"eventLog":[{"time":"1702311517995","type":"create node","value":[0]},{"time":"2023-12-11T16:18:39.015Z","type":"position","value":{"x":[454],"y":[371]}},{"time":"2023-12-11T16:18:39.174Z","type":"position","value":{"x":[304],"y":[426]}},{"time":"1702311521898","type":"selected","value":[true]},{"time":"1702311560014","type":"text","value":["Fehlfunktionen"]},{"time":"1702311560014","type":"value","value":[-2]},{"time":"1702311560014","type":"selected","value":[false]},{"time":"2023-12-11T16:19:22.467Z","type":"position","value":{"x":[238],"y":[469]}}],"isTextChangeable":1},{"id":"b1f30bbd-8faa-41b4-a130-e285ba8a594f","value":3,"text":"stronger than humans","comment":"","position":{"x":681,"y":522},"isActive":true,"date":1702311569736,"kind":"Node","isSelected":false,"isConnectorSelected":false,"isDraggable":1,"isDeletable":1,"hasElementMoved":false,"eventLog":[{"time":1702311569736,"type":"create node","value":"0"},{"time":1702311569898,"type":"selected","value":"TRUE"},{"time":1702311583760,"type":"text","value":"Stärker als Menschen"},{"time":1702311583760,"type":"value","value":"3"},{"time":1702311583760,"type":"selected","value":"FALSE"}],"isTextChangeable":1},{"id":"99bad6a5-6a70-4ccc-8a86-9a5a19249b69","value":3,"text":"remote control possible","comment":"","position":{"x":612,"y":199},"isActive":true,"date":1702311585992,"kind":"Node","isSelected":false,"isConnectorSelected":false,"isDraggable":1,"isDeletable":1,"hasElementMoved":false,"eventLog":[{"time":1702311585992,"type":"create node","value":"0"},{"time":1702311586129,"type":"selected","value":"TRUE"},{"time":1702311599789,"type":"text","value":"Fernsteuerung möglich"},{"time":1702311599789,"type":"value","value":"3"},{"time":1702311599789,"type":"selected","value":"FALSE"}],"isTextChangeable":1}],"connectors":[{"id":"92197e9a-e502-48c2-82e9-9327b2b963bc","source":"e696f24e-0ea8-4f53-9606-4ca1b5204348","target":"9224fe66-64f0-4e14-8520-58d5bdb9925d","agreement":true,"isActive":true,"date":1702311397380,"kind":"Connector","isSelected":false,"intensity":3,"isDeletable":false,"isOver":false,"isBidirectional":false,"eventLog":[{"time":1702311397380,"type":"create connection"}]},{"id":"712fe7a6-ee2e-44f5-86df-099342509025","source":"e696f24e-0ea8-4f53-9606-4ca1b5204348","target":"54ebf1a5-6e0f-4af4-abab-2d3bfb6f2c3e","agreement":true,"isActive":true,"date":1702311397380,"kind":"Connector","isSelected":false,"intensity":3,"isDeletable":true,"isOver":false,"isBidirectional":false,"eventLog":[{"time":1702311397380,"type":"create connection"}]},{"id":"b9547958-7fc5-470f-a8f8-3bc9a2f1cf0c","source":"54ebf1a5-6e0f-4af4-abab-2d3bfb6f2c3e","target":"118440be-9f79-47ec-ad42-97162f151e8d","agreement":true,"isActive":true,"date":1702311426935,"kind":"Connector","isSelected":false,"intensity":3,"isDeletable":true,"isOver":false,"isBidirectional":false,"eventLog":[{"time":1702311426935,"type":"create connection"}]},{"id":"17dfe4ab-46f4-4a51-a70d-67ef647e65c7","source":"118440be-9f79-47ec-ad42-97162f151e8d","target":"a88f8805-5b4a-4c48-b223-c847e3448e98","agreement":true,"isActive":true,"date":1702311485394,"kind":"Connector","isSelected":false,"intensity":3,"isDeletable":true,"isOver":false,"isBidirectional":false,"eventLog":[{"time":1702311485394,"type":"create connection"}]},{"id":"9f8500f6-faac-45e2-ab02-f9a104c49144","source":"118440be-9f79-47ec-ad42-97162f151e8d","target":"d466cdff-7e10-476c-91fe-591a849ca144","agreement":true,"isActive":true,"date":1702311487079,"kind":"Connector","isSelected":false,"intensity":3,"isDeletable":true,"isOver":false,"isBidirectional":false,"eventLog":[{"time":1702311487079,"type":"create connection"}]},{"id":"7a732592-5478-4bba-964c-eef1311a9325","source":"118440be-9f79-47ec-ad42-97162f151e8d","target":"b35ef380-3b3a-4780-b95d-cc6d418a591e","agreement":true,"isActive":true,"date":1702311488648,"kind":"Connector","isSelected":false,"intensity":3,"isDeletable":true,"isOver":false,"isBidirectional":false,"eventLog":[{"time":1702311488648,"type":"create connection"}]},{"id":"845cd08e-de87-4fca-93aa-1795f4f88474","source":"54ebf1a5-6e0f-4af4-abab-2d3bfb6f2c3e","target":"cb965b51-6342-4a1d-9afc-27f549a851b7","agreement":true,"isActive":true,"date":1702311500668,"kind":"Connector","isSelected":false,"intensity":3,"isDeletable":true,"isOver":false,"isBidirectional":false,"eventLog":[{"time":1702311500668,"type":"create connection"}]},{"id":"52c2d7c6-5635-44d5-b7e2-407e4df6613b","source":"9224fe66-64f0-4e14-8520-58d5bdb9925d","target":"be3805cb-df80-4eeb-8fb4-0a7e9fc056b4","agreement":true,"isActive":true,"date":1702311520663,"kind":"Connector","isSelected":false,"intensity":3,"isDeletable":true,"isOver":false,"isBidirectional":false,"eventLog":[{"time":1702311520663,"type":"create connection"}]},{"id":"e2b907a5-c7a9-418a-ae98-17d69e6ede1a","source":"9224fe66-64f0-4e14-8520-58d5bdb9925d","target":"1f15688c-e9c2-4fa7-ba7a-43444480d52d","agreement":true,"isActive":true,"date":1702311561831,"kind":"Connector","isSelected":false,"intensity":3,"isDeletable":true,"isOver":false,"isBidirectional":false,"eventLog":[{"time":1702311561831,"type":"create connection"}]},{"id":"8bede03f-3b8a-4b4a-a8de-f85c4ba6fd7f","source":"e696f24e-0ea8-4f53-9606-4ca1b5204348","target":"b1f30bbd-8faa-41b4-a130-e285ba8a594f","agreement":true,"isActive":true,"date":1702311585243,"kind":"Connector","isSelected":false,"intensity":3,"isDeletable":true,"isOver":false,"isBidirectional":false,"eventLog":[{"time":1702311585243,"type":"create connection"}]},{"id":"9be0806e-1786-4f70-923c-4d793ad36da9","source":"e696f24e-0ea8-4f53-9606-4ca1b5204348","target":"99bad6a5-6a70-4ccc-8a86-9a5a19249b69","agreement":true,"isActive":true,"date":1702311601789,"kind":"Connector","isSelected":false,"intensity":3,"isDeletable":true,"isOver":false,"isBidirectional":false,"eventLog":[{"time":1702311601790,"type":"create connection"}]}],"currentID":{},"currentNode":{},"hasSelectedNode":[false],"currentConnector":{},"hasSelectedConnector":[false],"readyToMove":[false],"isIncoming":[false],"hasElementMoved":[false]}
