{"idCAM":["bc7ee580-2905-4eac-a9e8-82033b1acb64"],"creator":["653bbdbd990bb0039d427925_pre"],"projectCAM":["S2_CAM part 1"],"defocusCAM":[5264.1,1836.6,324.1,5174.7,2108.9,1760.8,1815,1615.9,2087.9,39420.1,25282.6,30618.7,1892,2494.3,2371,582017.9,9668.1,83619.7,41708.3,115058.9,4803.8,5568,67869.3,1342.4,2592.9,3118.2,3999.7,2298.5,2032.6,2569.3,2500.6,2136.4,1078.8,2760.6,13978,3371.9,4763.6,8110,80910.6,726.5,1044.1,4140.7,178.1,1118.8,3315,1331.4],"date":[1702311199620],"nodes":[{"id":"991de3aa-4064-44ae-a66b-10a80910ce35","value":3,"text":"rescue robot","comment":"A groundbreaking innovation that can save lives by being used in dangerous environments where people would be exposed to great risks.","position":{"x":650,"y":400},"isActive":true,"date":1702311200520,"kind":"Node","isSelected":false,"isConnectorSelected":false,"isDraggable":0,"isDeletable":0,"hasElementMoved":false,"eventLog":[{"time":1702311200520,"type":"create node","value":"0"},{"time":1702311322762,"type":"selected","value":"TRUE"},{"time":1702311384513,"type":"selected","value":"FALSE"},{"time":1702312123531,"type":"selected","value":"TRUE"},{"time":1702312127411,"type":"value","value":"1"},{"time":1702312127411,"type":"selected","value":"FALSE"},{"time":1702312306917,"type":"selected","value":"TRUE"},{"time":1702312308292,"type":"selected","value":"FALSE"},{"time":1702312651505,"type":"selected","value":"TRUE"},{"time":1702312671208,"type":"selected","value":"FALSE"},{"time":1702312712080,"type":"selected","value":"TRUE"},{"time":1702312716708,"type":"value","value":"3"},{"time":1702312716708,"type":"comment","value":"Eine bahnbrechende Innovation, die Leben retten kann, indem sie in gefährlichen Umgebungen eingesetzt wird, wo Menschen zu großen Risiken ausgesetzt wären."},{"time":1702312716708,"type":"selected","value":"FALSE"}],"isTextChangeable":0},{"id":"a520dced-a7af-478c-beda-81d6b5ec253a","value":-2,"text":"disadvantages","comment":"Can lead to data protection concerns due to insufficient regulation. Risk of unemployment due to automation.","position":{"x":450,"y":400},"isActive":true,"date":1702311200520,"kind":"Node","isSelected":false,"isConnectorSelected":false,"isDraggable":0,"isDeletable":0,"hasElementMoved":false,"eventLog":[{"time":1702311200520,"type":"create node","value":"0"},{"time":1702312131150,"type":"selected","value":"TRUE"},{"time":1702312133852,"type":"value","value":"-3"},{"time":1702312133852,"type":"selected","value":"FALSE"},{"time":1702312721639,"type":"selected","value":"TRUE"},{"time":1702312823053,"type":"selected","value":"FALSE"},{"time":1702312837703,"type":"selected","value":"TRUE"},{"time":1702312842113,"type":"value","value":"-2"},{"time":1702312842113,"type":"comment","value":"Kann bei unzureichender Regulierung zu Datenschutzbedenken führen. Risiko der Arbeitslosigkeit durch Automatisierung. "},{"time":1702312842113,"type":"selected","value":"FALSE"}],"isTextChangeable":0},{"id":"aa845d2e-1cce-4d03-b6de-33f61b7086e1","value":3,"text":"advantages","comment":"Means a significant time-saving and efficiency increase in many work processes. Often leads to an improved quality of life.","position":{"x":850,"y":400},"isActive":true,"date":1702311200520,"kind":"Node","isSelected":false,"isConnectorSelected":false,"isDraggable":0,"isDeletable":0,"hasElementMoved":false,"eventLog":[{"time":1702311200520,"type":"create node","value":"0"},{"time":1702312128312,"type":"selected","value":"TRUE"},{"time":1702312131087,"type":"value","value":"-2"},{"time":1702312131087,"type":"selected","value":"FALSE"},{"time":1702312823122,"type":"selected","value":"TRUE"},{"time":1702312830956,"type":"value","value":"3"},{"time":1702312830956,"type":"comment","value":"Bedeutet eine erhebliche Zeitersparnis und Effizienzsteigerung bei vielen Arbeitsprozessen. Führt oft zu einer verbesserten Lebensqualität."},{"time":1702312830956,"type":"selected","value":"FALSE"}],"isTextChangeable":0},{"id":"fea9e254-0f05-446c-adb0-b1ead2b571a2","value":3,"text":"sustainable energy","comment":"Important for climate protection and resource conservation.","position":{"x":1128,"y":181},"isActive":true,"date":1702312182240,"kind":"Node","isSelected":false,"isConnectorSelected":false,"isDraggable":1,"isDeletable":1,"hasElementMoved":false,"eventLog":[{"time":1702312182240,"type":"create node","value":"0"},{"time":1702312454468,"type":"selected","value":"TRUE"},{"time":1702312464665,"type":"text","value":"Nachhaltige Energie:"},{"time":1702312464665,"type":"value","value":"3"},{"time":1702312464665,"type":"comment","value":" Wichtig für den Klimaschutz und Ressourcenschonung."},{"time":1702312464665,"type":"selected","value":"FALSE"}],"isTextChangeable":1},{"id":"333724f4-3151-42eb-8a28-578ea95e27ca","value":3,"text":"public transportation","comment":"Reduces traffic and emissions","position":{"x":1009,"y":289},"isActive":true,"date":1702312183384,"kind":"Node","isSelected":false,"isConnectorSelected":false,"isDraggable":1,"isDeletable":1,"hasElementMoved":false,"eventLog":[{"time":"1702312183384","type":"create node","value":[0]},{"time":"1702312333600","type":"selected","value":[true]},{"time":"1702312421054","type":"text","value":["Öffentliche Verkehrsmittel"]},{"time":"1702312421054","type":"value","value":[3]},{"time":"1702312421054","type":"comment","value":["Reduziert Verkehr und Emissionen"]},{"time":"1702312421054","type":"selected","value":[false]},{"time":"2023-12-11T16:34:30.252Z","type":"position","value":{"x":[1056],"y":[214]}}],"isTextChangeable":1},{"id":"9fb51968-b795-4bbf-b5ee-f7174e3c6b61","value":2,"text":"green spaces in cities","comment":"Improve the microclimate and well-being.","position":{"x":947,"y":112},"isActive":true,"date":1702312184041,"kind":"Node","isSelected":false,"isConnectorSelected":false,"isDraggable":1,"isDeletable":1,"hasElementMoved":false,"eventLog":[{"time":"1702312184041","type":"create node","value":[0]},{"time":"1702312309194","type":"selected","value":[true]},{"time":"1702312309610","type":"selected","value":[false]},{"time":"1702312310828","type":"selected","value":[true]},{"time":"1702312325116","type":"text","value":["Öffentliche Verkehrsmittel:"]},{"time":"1702312325116","type":"value","value":[2]},{"time":"1702312325116","type":"comment","value":["Positive Auswirkungen auf die Umwelt."]},{"time":"1702312325116","type":"selected","value":[false]},{"time":"1702312428901","type":"selected","value":[true]},{"time":"1702312447608","type":"text","value":["Grünflächen in Städten"]},{"time":"1702312447608","type":"comment","value":[" Verbessern das Mikroklima und das Wohlbefinden. "]},{"time":"1702312447608","type":"selected","value":[false]},{"time":"2023-12-11T16:34:26.326Z","type":"position","value":{"x":[923],"y":[210]}},{"time":"1702312472721","type":"selected","value":[true]},{"time":"1702312474853","type":"selected","value":[false]},{"time":"2023-12-11T16:40:48.742Z","type":"position","value":{"x":[847],"y":[202]}}],"isTextChangeable":1},{"id":"7e04a31f-288c-4941-a6a6-b2051f9bc503","value":-3,"text":"environmental pollution","comment":"Harms health and nature.","position":{"x":499,"y":169},"isActive":true,"date":1702312185310,"kind":"Node","isSelected":false,"isConnectorSelected":false,"isDraggable":1,"isDeletable":1,"hasElementMoved":false,"eventLog":[{"time":1702312185310,"type":"create node","value":"0"},{"time":1702312480819,"type":"selected","value":"TRUE"},{"time":1702312481231,"type":"selected","value":"FALSE"},{"time":1702312482354,"type":"selected","value":"TRUE"},{"time":1702312495570,"type":"text","value":"Umweltverschmutzung"},{"time":1702312495570,"type":"value","value":"-3"},{"time":1702312495570,"type":"comment","value":" Schadet Gesundheit und Natur."},{"time":1702312495570,"type":"selected","value":"FALSE"}],"isTextChangeable":1},{"id":"c2cba2dc-9eeb-4d0f-b1ad-79351b4fd325","value":10,"text":"city planning","comment":"Crucial for sustainable, liveable cities.","position":{"x":657,"y":245},"isActive":true,"date":1702312186481,"kind":"Node","isSelected":false,"isConnectorSelected":false,"isDraggable":1,"isDeletable":1,"hasElementMoved":false,"eventLog":[{"time":"1702312186481","type":"create node","value":[0]},{"time":"1702312502332","type":"selected","value":[true]},{"time":"1702312515291","type":"text","value":["Stadtplanung"]},{"time":"1702312515291","type":"value","value":[10]},{"time":"1702312515291","type":"comment","value":[" Entscheidend für zukunftsfähige, lebenswerte Städte."]},{"time":"1702312515291","type":"selected","value":[false]},{"time":"2023-12-11T16:35:20.510Z","type":"position","value":{"x":[405],"y":[292]}},{"time":"2023-12-11T16:35:20.660Z","type":"position","value":{"x":[574],"y":[281]}},{"time":"2023-12-11T16:37:21.540Z","type":"position","value":{"x":[684],"y":[265]}},{"time":"2023-12-11T16:38:15.497Z","type":"position","value":{"x":[573],"y":[233]}},{"time":"2023-12-11T16:38:15.608Z","type":"position","value":{"x":[408],"y":[342]}},{"time":"2023-12-11T16:38:15.674Z","type":"position","value":{"x":[329],"y":[385]}},{"time":"2023-12-11T16:38:16.174Z","type":"position","value":{"x":[258],"y":[362]}},{"time":"2023-12-11T16:38:19.324Z","type":"position","value":{"x":[285],"y":[358]}},{"time":"2023-12-11T16:38:19.505Z","type":"position","value":{"x":[462],"y":[331]}},{"time":"2023-12-11T16:38:19.691Z","type":"position","value":{"x":[619],"y":[255]}},{"time":"2023-12-11T16:40:43.797Z","type":"position","value":{"x":[643],"y":[219]}},{"time":"2023-12-11T16:41:15.026Z","type":"position","value":{"x":[596],"y":[129]}}],"isTextChangeable":1},{"id":"5569db38-d30a-49c4-a8b6-70ca8a3e99ba","value":2,"text":"local economy","comment":"Creates jobs and promotes regional stability","position":{"x":1075,"y":429},"isActive":true,"date":1702312187150,"kind":"Node","isSelected":false,"isConnectorSelected":false,"isDraggable":1,"isDeletable":1,"hasElementMoved":false,"eventLog":[{"time":"1702312187150","type":"create node","value":[0]},{"time":"1702312187207","type":"selected","value":[true]},{"time":"1702312187627","type":"selected","value":[false]},{"time":"2023-12-11T16:36:04.844Z","type":"position","value":{"x":[326],"y":[493]}},{"time":"2023-12-11T16:36:04.976Z","type":"position","value":{"x":[484],"y":[493]}},{"time":"2023-12-11T16:36:05.010Z","type":"position","value":{"x":[641],"y":[499]}},{"time":"2023-12-11T16:36:05.043Z","type":"position","value":{"x":[836],"y":[501]}},{"time":"2023-12-11T16:36:05.076Z","type":"position","value":{"x":[1003],"y":[501]}},{"time":"2023-12-11T16:36:05.143Z","type":"position","value":{"x":[1169],"y":[480]}},{"time":"1702312566247","type":"selected","value":[true]},{"time":"1702312577194","type":"text","value":["Lokale Wirtschaft:"]},{"time":"1702312577194","type":"value","value":[2]},{"time":"1702312577194","type":"comment","value":[" Schafft Arbeitsplätze und fördert regionale Stabilität"]},{"time":"1702312577194","type":"selected","value":[false]}],"isTextChangeable":1},{"id":"3915ee43-a013-48f9-92f8-e965f0e3e27d","value":-2,"text":"traffic jam","comment":"Leads to loss of time and high emission values","position":{"x":461,"y":282},"isActive":true,"date":1702312188148,"kind":"Node","isSelected":false,"isConnectorSelected":false,"isDraggable":1,"isDeletable":1,"hasElementMoved":false,"eventLog":[{"time":"1702312188148","type":"create node","value":[0]},{"time":"2023-12-11T16:35:39.210Z","type":"position","value":{"x":[642],"y":[516]}},{"time":"2023-12-11T16:35:39.376Z","type":"position","value":{"x":[466],"y":[353]}},{"time":"2023-12-11T16:35:39.626Z","type":"position","value":{"x":[426],"y":[190]}},{"time":"2023-12-11T16:35:39.709Z","type":"position","value":{"x":[621],"y":[138]}},{"time":"1702312540802","type":"selected","value":[true]},{"time":"1702312551083","type":"text","value":["Verkehrsstau"]},{"time":"1702312551083","type":"value","value":[-2]},{"time":"1702312551083","type":"comment","value":["Führt zu Zeitverlust und hohen Abgaswerten"]},{"time":"1702312551083","type":"selected","value":[false]},{"time":"2023-12-11T16:35:53.976Z","type":"position","value":{"x":[658],"y":[70]}},{"time":"2023-12-11T16:35:54.293Z","type":"position","value":{"x":[594],"y":[228]}},{"time":"2023-12-11T16:35:54.560Z","type":"position","value":{"x":[508],"y":[285]}}],"isTextChangeable":1},{"id":"4a546f87-b5ff-4e56-bec8-d4195b739b79","value":2,"text":"waste management","comment":"Reduces environmental impact through efficient recycling.","position":{"x":1255,"y":325},"isActive":true,"date":1702312581092,"kind":"Node","isSelected":false,"isConnectorSelected":false,"isDraggable":1,"isDeletable":1,"hasElementMoved":false,"eventLog":[{"time":"1702312581092","type":"create node","value":[0]},{"time":"2023-12-11T16:36:22.243Z","type":"position","value":{"x":[1073],"y":[380]}},{"time":"2023-12-11T16:36:22.359Z","type":"position","value":{"x":[916],"y":[411]}},{"time":"1702312589097","type":"selected","value":[true]},{"time":"1702312607981","type":"text","value":["Abfallmanagement:"]},{"time":"1702312607981","type":"value","value":[2]},{"time":"1702312607981","type":"comment","value":[" Reduziert Umweltbelastung durch effizientes Recycling."]},{"time":"1702312607981","type":"selected","value":[false]},{"time":"2023-12-11T16:36:51.161Z","type":"position","value":{"x":[784],"y":[507]}},{"time":"2023-12-11T16:36:51.424Z","type":"position","value":{"x":[937],"y":[417]}},{"time":"2023-12-11T16:36:51.540Z","type":"position","value":{"x":[1018],"y":[353]}},{"time":"2023-12-11T16:36:51.591Z","type":"position","value":{"x":[1089],"y":[315]}},{"time":"2023-12-11T16:36:54.626Z","type":"position","value":{"x":[1182],"y":[209]}}],"isTextChangeable":1},{"id":"90595a51-e9d5-46be-b59d-29959678347e","value":3,"text":"citizen participation","comment":"Increases acceptance and quality of decisions.","position":{"x":830,"y":184},"isActive":true,"date":1702312622385,"kind":"Node","isSelected":false,"isConnectorSelected":false,"isDraggable":1,"isDeletable":1,"hasElementMoved":false,"eventLog":[{"time":"1702312622385","type":"create node","value":[0]},{"time":"1702312622548","type":"selected","value":[true]},{"time":"1702312623973","type":"selected","value":[false]},{"time":"1702312625873","type":"selected","value":[true]},{"time":"1702312633038","type":"comment","value":["Erhöht Akzeptanz und Qualität von Entscheidungen."]},{"time":"1702312633038","type":"selected","value":[false]},{"time":"1702312635486","type":"selected","value":[true]},{"time":"1702312639095","type":"text","value":["Bürgerbeteiligung: "]},{"time":"1702312639095","type":"value","value":[3]},{"time":"1702312639095","type":"selected","value":[false]},{"time":"2023-12-11T16:40:44.892Z","type":"position","value":{"x":[745],"y":[111]}},{"time":"2023-12-11T16:40:45.126Z","type":"position","value":{"x":[902],"y":[110]}},{"time":"2023-12-11T16:40:45.908Z","type":"position","value":{"x":[750],"y":[124]}},{"time":"2023-12-11T16:41:14.124Z","type":"position","value":{"x":[746],"y":[137]}}],"isTextChangeable":1},{"id":"3f9e5230-33f0-4579-be2d-dc532957f39c","value":-3,"text":"climate change","comment":"Great challenge with urgent need for action.","position":{"x":285,"y":234},"isActive":true,"date":1702312681434,"kind":"Node","isSelected":false,"isConnectorSelected":false,"isDraggable":1,"isDeletable":1,"hasElementMoved":false,"eventLog":[{"time":"1702312681434","type":"create node","value":[0]},{"time":"1702312681515","type":"selected","value":[true]},{"time":"1702312692506","type":"text","value":["Klimawandel"]},{"time":"1702312692506","type":"value","value":[-3]},{"time":"1702312692506","type":"comment","value":["Große Herausforderung mit dringendem Handlungsbedarf."]},{"time":"1702312692506","type":"selected","value":[false]},{"time":"2023-12-11T16:38:13.308Z","type":"position","value":{"x":[896],"y":[74]}},{"time":"2023-12-11T16:38:13.525Z","type":"position","value":{"x":[879],"y":[228]}},{"time":"2023-12-11T16:38:13.607Z","type":"position","value":{"x":[792],"y":[412]}},{"time":"2023-12-11T16:38:13.658Z","type":"position","value":{"x":[730],"y":[510]}},{"time":"2023-12-11T16:38:13.707Z","type":"position","value":{"x":[658],"y":[571]}},{"time":"2023-12-11T16:38:13.791Z","type":"position","value":{"x":[569],"y":[612]}},{"time":"2023-12-11T16:38:13.908Z","type":"position","value":{"x":[408],"y":[536]}},{"time":"2023-12-11T16:38:13.990Z","type":"position","value":{"x":[310],"y":[412]}},{"time":"2023-12-11T16:38:14.208Z","type":"position","value":{"x":[262],"y":[262]}}],"isTextChangeable":1},{"id":"eeea45e1-7cfd-441a-b86b-d01cc17062bf","value":0,"text":"","comment":"","position":{"x":668,"y":538},"isActive":false,"date":1702312855485,"kind":"Node","isSelected":false,"isConnectorSelected":false,"isDraggable":1,"isDeletable":1,"hasElementMoved":false,"eventLog":[{"time":"1702312855485","type":"create node","value":[0]},{"time":"2023-12-11T16:41:03.081Z","type":"position","value":{"x":[842],"y":[343]}},{"time":"2023-12-11T16:41:03.208Z","type":"position","value":{"x":[717],"y":[497]}},{"time":"2023-12-11T16:41:03.241Z","type":"position","value":{"x":[692],"y":[519]}},{"time":"1702312863890","type":"selected","value":[true]},{"time":"1702312865184","type":"node was deleted","value":[-99]}],"isTextChangeable":1}],"connectors":[{"id":"165f0fa1-c4f7-4fc0-bc17-45c7a7ae9aba","source":"991de3aa-4064-44ae-a66b-10a80910ce35","target":"a520dced-a7af-478c-beda-81d6b5ec253a","agreement":true,"isActive":true,"date":1702311200520,"kind":"Connector","isSelected":false,"intensity":3,"isDeletable":false,"isOver":false,"isBidirectional":false,"eventLog":[{"time":1702311200520,"type":"create connection"}]},{"id":"bdb82b4b-cb67-4ebf-b067-43d303745175","source":"991de3aa-4064-44ae-a66b-10a80910ce35","target":"aa845d2e-1cce-4d03-b6de-33f61b7086e1","agreement":true,"isActive":true,"date":1702311200520,"kind":"Connector","isSelected":false,"intensity":3,"isDeletable":true,"isOver":false,"isBidirectional":false,"eventLog":[{"time":1702311200520,"type":"create connection"}]},{"id":"a34ea2be-e069-48d7-b299-6fca575fd95d","source":"c2cba2dc-9eeb-4d0f-b1ad-79351b4fd325","target":"7e04a31f-288c-4941-a6a6-b2051f9bc503","agreement":true,"isActive":true,"date":1702312521764,"kind":"Connector","isSelected":false,"intensity":3,"isDeletable":true,"isOver":false,"isBidirectional":false,"eventLog":[{"time":1702312521764,"type":"create connection"}]},{"id":"b360152a-1466-4590-9bd8-6e556d8069a5","source":"c2cba2dc-9eeb-4d0f-b1ad-79351b4fd325","target":"a520dced-a7af-478c-beda-81d6b5ec253a","agreement":true,"isActive":true,"date":1702312525908,"kind":"Connector","isSelected":false,"intensity":3,"isDeletable":true,"isOver":false,"isBidirectional":false,"eventLog":[{"time":1702312525908,"type":"create connection"}]},{"id":"81425d44-1b76-42ed-be61-471e4d27956f","source":"aa845d2e-1cce-4d03-b6de-33f61b7086e1","target":"c2cba2dc-9eeb-4d0f-b1ad-79351b4fd325","agreement":true,"isActive":true,"date":1702312528281,"kind":"Connector","isSelected":false,"intensity":3,"isDeletable":true,"isOver":false,"isBidirectional":false,"eventLog":[{"time":1702312528281,"type":"create connection"}]},{"id":"32ed369d-0710-4a88-92fb-7686b1301a63","source":"9fb51968-b795-4bbf-b5ee-f7174e3c6b61","target":"333724f4-3151-42eb-8a28-578ea95e27ca","agreement":true,"isActive":true,"date":1702312529779,"kind":"Connector","isSelected":false,"intensity":3,"isDeletable":true,"isOver":false,"isBidirectional":false,"eventLog":[{"time":1702312529779,"type":"create connection"}]},{"id":"2c0cf692-c993-4c80-91d6-84ccc4e323cc","source":"333724f4-3151-42eb-8a28-578ea95e27ca","target":"fea9e254-0f05-446c-adb0-b1ead2b571a2","agreement":true,"isActive":true,"date":1702312531547,"kind":"Connector","isSelected":false,"intensity":3,"isDeletable":true,"isOver":false,"isBidirectional":false,"eventLog":[{"time":1702312531547,"type":"create connection"}]},{"id":"cb5f919f-54cb-4ec4-93c0-efa3434f1346","source":"9fb51968-b795-4bbf-b5ee-f7174e3c6b61","target":"fea9e254-0f05-446c-adb0-b1ead2b571a2","agreement":true,"isActive":true,"date":1702312532779,"kind":"Connector","isSelected":false,"intensity":3,"isDeletable":true,"isOver":false,"isBidirectional":false,"eventLog":[{"time":1702312532779,"type":"create connection"}]},{"id":"0d1163a4-0771-4005-acd3-880e90f17307","source":"3915ee43-a013-48f9-92f8-e965f0e3e27d","target":"7e04a31f-288c-4941-a6a6-b2051f9bc503","agreement":true,"isActive":true,"date":1702312552979,"kind":"Connector","isSelected":false,"intensity":3,"isDeletable":true,"isOver":false,"isBidirectional":false,"eventLog":[{"time":1702312552979,"type":"create connection"}]},{"id":"bfeff417-5c48-4a11-874a-b082491693b1","source":"a520dced-a7af-478c-beda-81d6b5ec253a","target":"3915ee43-a013-48f9-92f8-e965f0e3e27d","agreement":true,"isActive":true,"date":1702312555985,"kind":"Connector","isSelected":false,"intensity":3,"isDeletable":true,"isOver":false,"isBidirectional":false,"eventLog":[{"time":1702312555985,"type":"create connection"}]},{"id":"d3bc21bd-5bf2-46d9-a694-07943806f01c","source":"5569db38-d30a-49c4-a8b6-70ca8a3e99ba","target":"333724f4-3151-42eb-8a28-578ea95e27ca","agreement":true,"isActive":true,"date":1702312579800,"kind":"Connector","isSelected":false,"intensity":3,"isDeletable":true,"isOver":false,"isBidirectional":false,"eventLog":[{"time":1702312579800,"type":"create connection"}]},{"id":"ee0e9097-57d7-4fce-ab68-8e379483225f","source":"5569db38-d30a-49c4-a8b6-70ca8a3e99ba","target":"4a546f87-b5ff-4e56-bec8-d4195b739b79","agreement":true,"isActive":true,"date":1702312610084,"kind":"Connector","isSelected":false,"intensity":3,"isDeletable":true,"isOver":false,"isBidirectional":false,"eventLog":[{"time":1702312610084,"type":"create connection"}]},{"id":"833eca69-a03c-4c9b-a361-423183168a66","source":"4a546f87-b5ff-4e56-bec8-d4195b739b79","target":"fea9e254-0f05-446c-adb0-b1ead2b571a2","agreement":true,"isActive":true,"date":1702312616206,"kind":"Connector","isSelected":false,"intensity":3,"isDeletable":true,"isOver":false,"isBidirectional":false,"eventLog":[{"time":1702312616206,"type":"create connection"}]},{"id":"f98d8c6e-5efd-4ad3-9641-019bf654b887","source":"90595a51-e9d5-46be-b59d-29959678347e","target":"991de3aa-4064-44ae-a66b-10a80910ce35","agreement":true,"isActive":true,"date":1702312640428,"kind":"Connector","isSelected":false,"intensity":9,"isDeletable":true,"isOver":false,"isBidirectional":false,"eventLog":[{"time":1702312640428,"type":"create connection"},{"time":1702312645687,"type":"selected","value":1},{"time":1702312646096,"type":"change intensity of connector","value":3},{"time":1702312646096,"type":"selected","value":0},{"time":1702312647665,"type":"selected","value":1},{"time":1702312650591,"type":"change intensity of connector","value":9},{"time":1702312650591,"type":"selected","value":0}]},{"id":"eca9dc86-c6ac-4650-964d-e6c081064ede","source":"7e04a31f-288c-4941-a6a6-b2051f9bc503","target":"3f9e5230-33f0-4579-be2d-dc532957f39c","agreement":true,"isActive":true,"date":1702312702729,"kind":"Connector","isSelected":false,"intensity":3,"isDeletable":true,"isOver":false,"isBidirectional":false,"eventLog":[{"time":1702312702729,"type":"create connection"}]},{"id":"cad8c0e3-4a05-4066-907e-395b533e0d69","source":"a520dced-a7af-478c-beda-81d6b5ec253a","target":"3f9e5230-33f0-4579-be2d-dc532957f39c","agreement":true,"isActive":true,"date":1702312704315,"kind":"Connector","isSelected":false,"intensity":3,"isDeletable":true,"isOver":false,"isBidirectional":false,"eventLog":[{"time":1702312704315,"type":"create connection"}]},{"id":"26e29fdb-5dde-45f5-bd8d-709fe4e0750b","source":"90595a51-e9d5-46be-b59d-29959678347e","target":"9fb51968-b795-4bbf-b5ee-f7174e3c6b61","agreement":true,"isActive":true,"date":1702312847663,"kind":"Connector","isSelected":false,"intensity":3,"isDeletable":true,"isOver":false,"isBidirectional":false,"eventLog":[{"time":1702312847663,"type":"create connection"}]},{"id":"5eae8c5a-0c92-4d38-acba-31efd42b0f7f","source":"333724f4-3151-42eb-8a28-578ea95e27ca","target":"aa845d2e-1cce-4d03-b6de-33f61b7086e1","agreement":true,"isActive":true,"date":1702312854135,"kind":"Connector","isSelected":false,"intensity":3,"isDeletable":true,"isOver":false,"isBidirectional":false,"eventLog":[{"time":1702312854135,"type":"create connection"}]}],"currentID":{},"currentNode":{},"hasSelectedNode":[false],"currentConnector":{},"hasSelectedConnector":[false],"readyToMove":[false],"isIncoming":[false],"hasElementMoved":[false]}
