{"idCAM":["9da95065-eedc-402b-b265-f842be19c60e"],"creator":["653d07d22dd9d12c6e7b8082_pre"],"projectCAM":["S2_CAM part 1"],"defocusCAM":[],"date":[1702312375629],"nodes":[{"id":"134b88ef-e4ef-486b-b8b0-f348b884ed29","value":10,"text":"social assistance robot","comment":"","position":{"x":650,"y":400},"isActive":true,"date":1702312376585,"kind":"Node","isSelected":false,"isConnectorSelected":false,"isDraggable":0,"isDeletable":0,"hasElementMoved":false,"eventLog":[{"time":1702312376585,"type":"create node","value":0},{"time":1702312802650,"type":"selected","value":1},{"time":1702312804966,"type":"value","value":10},{"time":1702312804966,"type":"selected","value":0}],"isTextChangeable":0},{"id":"faa0400a-7df0-4d1e-a05c-831d299d7396","value":0,"text":"disadvantages","comment":"","position":{"x":450,"y":400},"isActive":true,"date":1702312376586,"kind":"Node","isSelected":false,"isConnectorSelected":true,"isDraggable":0,"isDeletable":0,"hasElementMoved":false,"eventLog":[{"time":1702312376586,"type":"create node","value":0},{"time":1702312472391,"type":"selected","value":1},{"time":1702312475226,"type":"value","value":-3},{"time":1702312475226,"type":"selected","value":0},{"time":1702312488789,"type":"selected","value":1},{"time":1702312492358,"type":"value","value":0},{"time":1702312492358,"type":"selected","value":0},{"time":1702312540287,"type":"selected","value":1},{"time":1702312545715,"type":"value","value":1},{"time":1702312545715,"type":"selected","value":0},{"time":1702312641576,"type":"selected","value":1},{"time":1702312643976,"type":"value","value":0},{"time":1702312643976,"type":"selected","value":0}],"isTextChangeable":0},{"id":"49789bd3-48aa-422f-9eb1-05df5af5d2e4","value":0,"text":"advantages","comment":"","position":{"x":850,"y":400},"isActive":true,"date":1702312376586,"kind":"Node","isSelected":false,"isConnectorSelected":false,"isDraggable":0,"isDeletable":0,"hasElementMoved":false,"eventLog":[{"time":1702312376586,"type":"create node","value":0},{"time":1702312476223,"type":"selected","value":1},{"time":1702312488684,"type":"selected","value":0}],"isTextChangeable":0},{"id":"c1535452-3b2e-41ff-9ba2-f22b206410fe","value":0,"text":"less human contact","comment":"","position":{"x":483,"y":524},"isActive":true,"date":1702312404197,"kind":"Node","isSelected":false,"isConnectorSelected":false,"isDraggable":1,"isDeletable":1,"hasElementMoved":false,"eventLog":[{"time":"1702312404197","type":"create node","value":[0]},{"time":"1702312404295","type":"selected","value":[true]},{"time":"1702312435612","type":"text","value":["Weniger menschlicher Kontakt"]},{"time":"1702312435612","type":"selected","value":[false]},{"time":"2023-12-11T16:33:57.887Z","type":"position","value":{"x":[487],"y":[491]}},{"time":"1702312464198","type":"selected","value":[true]},{"time":"1702312469039","type":"value","value":[-3]},{"time":"1702312469039","type":"selected","value":[false]},{"time":"1702312492442","type":"selected","value":[true]},{"time":"1702312494708","type":"value","value":[0]},{"time":"1702312494708","type":"selected","value":[false]}],"isTextChangeable":1},{"id":"23d3bac0-b129-4618-b0ed-93ff9817a896","value":0,"text":"technical error","comment":"Misprogramming of the robots","position":{"x":437,"y":231},"isActive":true,"date":1702312497578,"kind":"Node","isSelected":false,"isConnectorSelected":false,"isDraggable":1,"isDeletable":1,"hasElementMoved":false,"eventLog":[{"time":"1702312497578","type":"create node","value":[0]},{"time":"1702312497674","type":"selected","value":[true]},{"time":"1702312513052","type":"text","value":["technische Fehler"]},{"time":"1702312513052","type":"comment","value":["Fehlprogrammierungen der Roboter\n"]},{"time":"1702312513052","type":"selected","value":[false]},{"time":"1702312532165","type":"selected","value":[true]},{"time":"1702312534292","type":"value","value":[2]},{"time":"1702312534292","type":"selected","value":[false]},{"time":"1702312537341","type":"selected","value":[true]},{"time":"1702312540195","type":"value","value":[0]},{"time":"1702312540195","type":"selected","value":[false]},{"time":"2023-12-11T16:41:11.684Z","type":"position","value":{"x":[490],"y":[240]}}],"isTextChangeable":1},{"id":"83ab1beb-6fae-4497-97d3-3ae6a892c06d","value":10,"text":"loneliness","comment":"","position":{"x":626,"y":521},"isActive":true,"date":1702312558482,"kind":"Node","isSelected":false,"isConnectorSelected":false,"isDraggable":1,"isDeletable":1,"hasElementMoved":false,"eventLog":[{"time":"1702312558482","type":"create node","value":[0]},{"time":"1702312558586","type":"selected","value":[true]},{"time":"1702312562714","type":"text","value":["Vereinsamung "]},{"time":"1702312562714","type":"selected","value":[false]},{"time":"2023-12-11T16:36:04.295Z","type":"position","value":{"x":[602],"y":[499]}},{"time":"1702312660039","type":"selected","value":[true]},{"time":"1702312663164","type":"value","value":[10]},{"time":"1702312663164","type":"selected","value":[false]}],"isTextChangeable":1},{"id":"6794857f-31d3-4f8b-93db-6f756db9ebe0","value":10,"text":"combats loneliness","comment":"","position":{"x":860,"y":523},"isActive":true,"date":1702312602487,"kind":"Node","isSelected":false,"isConnectorSelected":false,"isDraggable":1,"isDeletable":1,"hasElementMoved":false,"eventLog":[{"time":"1702312602487","type":"create node","value":[0]},{"time":"2023-12-11T16:36:43.998Z","type":"position","value":{"x":[857],"y":[475]}},{"time":"1702312605435","type":"selected","value":[true]},{"time":"1702312619064","type":"text","value":["Bekämpft Einsamkeit"]},{"time":"1702312619064","type":"selected","value":[false]},{"time":"2023-12-11T16:37:07.525Z","type":"position","value":{"x":[832],"y":[518]}},{"time":"1702312646370","type":"selected","value":[true]},{"time":"1702312651704","type":"selected","value":[false]},{"time":"1702312663276","type":"selected","value":[true]},{"time":"1702312664954","type":"value","value":[10]},{"time":"1702312664954","type":"selected","value":[false]}],"isTextChangeable":1},{"id":"ed5a84df-d2cf-4c5d-9dc2-374f33250382","value":0,"text":"people with disabilities","comment":"Possible tool for people with disabilities","position":{"x":902,"y":228},"isActive":true,"date":1702312671507,"kind":"Node","isSelected":false,"isConnectorSelected":false,"isDraggable":1,"isDeletable":1,"hasElementMoved":false,"eventLog":[{"time":1702312671507,"type":"create node","value":"0"},{"time":1702312671598,"type":"selected","value":"TRUE"},{"time":1702312715247,"type":"text","value":"Menschen mit Behinderung"},{"time":1702312715247,"type":"comment","value":"Mögliches Tool für Menschen mit Einschränkungen\n"},{"time":1702312715247,"type":"selected","value":"FALSE"},{"time":1702312718009,"type":"selected","value":"TRUE"},{"time":1702312718789,"type":"selected","value":"FALSE"}],"isTextChangeable":1},{"id":"6ec8fde6-c9ba-452e-b7fc-49b35ddceb5a","value":0,"text":"less staff shortage","comment":"can be used in work fields that have a shortage of staff (e.g. school, social work)","position":{"x":1008,"y":390},"isActive":true,"date":1702312732733,"kind":"Node","isSelected":false,"isConnectorSelected":false,"isDraggable":1,"isDeletable":1,"hasElementMoved":false,"eventLog":[{"time":1702312732733,"type":"create node","value":"0"},{"time":1702312732808,"type":"selected","value":"TRUE"},{"time":1702312764694,"type":"text","value":"Weniger Personalmangel"},{"time":1702312764694,"type":"comment","value":"kann in Arbeitsfelder eingesetzt werden, die Personalmangel haben (z.B. Schule, Soziale Arbeit)"},{"time":1702312764694,"type":"selected","value":"FALSE"}],"isTextChangeable":1},{"id":"39dee5f0-b9f5-40d6-8607-98d99a27ded1","value":0,"text":"dehumanization","comment":"","position":{"x":283,"y":331},"isActive":true,"date":1702312767090,"kind":"Node","isSelected":false,"isConnectorSelected":false,"isDraggable":1,"isDeletable":1,"hasElementMoved":false,"eventLog":[{"time":"1702312767090","type":"create node","value":[0]},{"time":"1702312767189","type":"selected","value":[true]},{"time":"1702312773408","type":"text","value":["Entmenschlichung"]},{"time":"1702312773408","type":"value","value":[-3]},{"time":"1702312773408","type":"selected","value":[false]},{"time":"1702312785279","type":"selected","value":[true]},{"time":"1702312785705","type":"selected","value":[false]},{"time":"1702312786980","type":"selected","value":[true]},{"time":"1702312789151","type":"value","value":[0]},{"time":"1702312789151","type":"selected","value":[false]},{"time":"2023-12-11T16:41:52.119Z","type":"position","value":{"x":[325],"y":[388]}},{"time":"2023-12-11T16:42:56.106Z","type":"position","value":{"x":[324],"y":[368]}}],"isTextChangeable":1},{"id":"4af1e0b8-aab6-4489-bf52-9b18292c413e","value":0,"text":"teaches wrong things","comment":"","position":{"x":575,"y":226},"isActive":true,"date":1702312862354,"kind":"Node","isSelected":false,"isConnectorSelected":false,"isDraggable":1,"isDeletable":1,"hasElementMoved":false,"eventLog":[{"time":"1702312862354","type":"create node","value":[0]},{"time":"1702312864389","type":"selected","value":[true]},{"time":"1702312869894","type":"text","value":["Lehrt falsche Dinge"]},{"time":"1702312869894","type":"selected","value":[false]},{"time":"2023-12-11T16:41:15.309Z","type":"position","value":{"x":[575],"y":[232]}}],"isTextChangeable":1},{"id":"48d819fc-8d69-4d52-af9f-a85dd3e2eba6","value":0,"text":"creation of technical jobs","comment":"","position":{"x":784,"y":269},"isActive":true,"date":1702312921570,"kind":"Node","isSelected":false,"isConnectorSelected":false,"isDraggable":1,"isDeletable":1,"hasElementMoved":false,"eventLog":[{"time":"1702312921570","type":"create node","value":[0]},{"time":"1702312921658","type":"selected","value":[true]},{"time":"1702312930069","type":"text","value":["Schaffung technischer Jobs"]},{"time":"1702312930069","type":"selected","value":[false]},{"time":"2023-12-11T16:42:11.717Z","type":"position","value":{"x":[775],"y":[243]}},{"time":"1702312933558","type":"selected","value":[true]},{"time":"1702312938315","type":"text","value":["Schaffung technischer Arbeitsplätze"]},{"time":"1702312938315","type":"selected","value":[false]},{"time":"2023-12-11T16:42:19.027Z","type":"position","value":{"x":[799],"y":[206]}}],"isTextChangeable":1},{"id":"90fe7160-ee31-4599-9543-b17d8028eee6","value":0,"text":"dependence on robots","comment":"","position":{"x":315,"y":466},"isActive":true,"date":1702312979838,"kind":"Node","isSelected":false,"isConnectorSelected":true,"isDraggable":1,"isDeletable":1,"hasElementMoved":false,"eventLog":[{"time":1702312979838,"type":"create node","value":"0"},{"time":1702312981581,"type":"selected","value":"TRUE"},{"time":1702312986579,"type":"text","value":"Abhängigkeit von Robotern"},{"time":1702312986579,"type":"selected","value":"FALSE"},{"time":1702312988906,"type":"selected","value":"TRUE"},{"time":1702312993176,"type":"value","value":"2"},{"time":1702312993176,"type":"selected","value":"FALSE"},{"time":1702312994622,"type":"selected","value":"TRUE"},{"time":1702312996496,"type":"value","value":"0"},{"time":1702312996496,"type":"selected","value":"FALSE"}],"isTextChangeable":1}],"connectors":[{"id":"546134b7-4b97-4562-8550-b203a7d7e055","source":"134b88ef-e4ef-486b-b8b0-f348b884ed29","target":"faa0400a-7df0-4d1e-a05c-831d299d7396","agreement":true,"isActive":true,"date":1702312376587,"kind":"Connector","isSelected":false,"intensity":3,"isDeletable":false,"isOver":false,"isBidirectional":false,"eventLog":[{"time":1702312376587,"type":"create connection"}]},{"id":"7c3f05bf-4cc6-404a-89aa-dceb77aa70a0","source":"134b88ef-e4ef-486b-b8b0-f348b884ed29","target":"49789bd3-48aa-422f-9eb1-05df5af5d2e4","agreement":true,"isActive":true,"date":1702312376587,"kind":"Connector","isSelected":false,"intensity":3,"isDeletable":true,"isOver":false,"isBidirectional":false,"eventLog":[{"time":1702312376587,"type":"create connection"}]},{"id":"d0559216-742c-4694-a3da-eda5c9c75b27","source":"c1535452-3b2e-41ff-9ba2-f22b206410fe","target":"faa0400a-7df0-4d1e-a05c-831d299d7396","agreement":true,"isActive":true,"date":1702312439819,"kind":"Connector","isSelected":false,"intensity":9,"isDeletable":true,"isOver":false,"isBidirectional":false,"eventLog":[{"time":1702312439819,"type":"create connection"},{"time":1702312443182,"type":"selected","value":1},{"time":1702312452774,"type":"change intensity of connector","value":9},{"time":1702312452774,"type":"selected","value":0},{"time":1702312456790,"type":"selected","value":1},{"time":1702312459274,"type":"change intensity of connector","value":9},{"time":1702312459274,"type":"selected","value":0},{"time":1702312460170,"type":"selected","value":1},{"time":1702312462324,"type":"change intensity of connector","value":9},{"time":1702312462324,"type":"selected","value":0}]},{"id":"df0aef76-b970-42f6-95b7-f62132990b4b","source":"23d3bac0-b129-4618-b0ed-93ff9817a896","target":"faa0400a-7df0-4d1e-a05c-831d299d7396","agreement":true,"isActive":true,"date":1702312514328,"kind":"Connector","isSelected":false,"intensity":9,"isDeletable":true,"isOver":false,"isBidirectional":false,"eventLog":[{"time":1702312514328,"type":"create connection"},{"time":1702312515557,"type":"selected","value":1},{"time":1702312523565,"type":"change intensity of connector","value":9},{"time":1702312523565,"type":"selected","value":0},{"time":1702312525335,"type":"selected","value":1},{"time":1702312528930,"type":"change intensity of connector","value":9},{"time":1702312528930,"type":"selected","value":0}]},{"id":"5c6b12d3-28c8-4efb-87b6-37d8add72860","source":"c1535452-3b2e-41ff-9ba2-f22b206410fe","target":"83ab1beb-6fae-4497-97d3-3ae6a892c06d","agreement":true,"isActive":true,"date":1702312567841,"kind":"Connector","isSelected":false,"intensity":3,"isDeletable":true,"isOver":false,"isBidirectional":false,"eventLog":[{"time":1702312567841,"type":"create connection"},{"time":1702312572542,"type":"selected","value":1},{"time":1702312577512,"type":"change intensity of connector","value":3},{"time":1702312577512,"type":"selected","value":0}]},{"id":"fe3b59f0-e79a-4e17-af01-d8b36e5827c2","source":"6794857f-31d3-4f8b-93db-6f756db9ebe0","target":"49789bd3-48aa-422f-9eb1-05df5af5d2e4","agreement":true,"isActive":true,"date":1702312620830,"kind":"Connector","isSelected":false,"intensity":6,"isDeletable":true,"isOver":false,"isBidirectional":false,"eventLog":[{"time":1702312620830,"type":"create connection"},{"time":1702312624189,"type":"selected","value":1},{"time":1702312626646,"type":"change intensity of connector","value":6},{"time":1702312626646,"type":"selected","value":0}]},{"id":"0f8db668-f880-4966-adf8-6600a1ba744e","source":"83ab1beb-6fae-4497-97d3-3ae6a892c06d","target":"6794857f-31d3-4f8b-93db-6f756db9ebe0","agreement":true,"isActive":true,"date":1702312630176,"kind":"Connector","isSelected":false,"intensity":3,"isDeletable":true,"isOver":false,"isBidirectional":false,"eventLog":[{"time":1702312630176,"type":"create connection"},{"time":1702312632285,"type":"selected","value":1},{"time":1702312633384,"type":"change intensity of connector","value":3},{"time":1702312633384,"type":"selected","value":0},{"time":1702312636334,"type":"selected","value":1},{"time":1702312638080,"type":"connector was deleted","value":-99},{"time":1702312638081,"type":"active","value":0}]},{"id":"dc96cde1-9c1e-46db-b8b7-9224e65e2833","source":"49789bd3-48aa-422f-9eb1-05df5af5d2e4","target":"ed5a84df-d2cf-4c5d-9dc2-374f33250382","agreement":true,"isActive":true,"date":1702312720002,"kind":"Connector","isSelected":false,"intensity":9,"isDeletable":true,"isOver":false,"isBidirectional":false,"eventLog":[{"time":1702312720002,"type":"create connection"},{"time":1702312799362,"type":"selected","value":1},{"time":1702312800976,"type":"change intensity of connector","value":9},{"time":1702312800976,"type":"selected","value":0}]},{"id":"9d198e43-5a2b-4b69-89d9-4369b82785c4","source":"49789bd3-48aa-422f-9eb1-05df5af5d2e4","target":"6ec8fde6-c9ba-452e-b7fc-49b35ddceb5a","agreement":true,"isActive":true,"date":1702312765882,"kind":"Connector","isSelected":false,"intensity":6,"isDeletable":true,"isOver":false,"isBidirectional":false,"eventLog":[{"time":1702312765882,"type":"create connection"},{"time":1702312791663,"type":"selected","value":1},{"time":1702312797764,"type":"change intensity of connector","value":6},{"time":1702312797764,"type":"selected","value":0}]},{"id":"00bb5957-b1af-4590-8ca9-aaad093503bd","source":"faa0400a-7df0-4d1e-a05c-831d299d7396","target":"6ec8fde6-c9ba-452e-b7fc-49b35ddceb5a","agreement":true,"isActive":false,"date":1702312775159,"kind":"Connector","isSelected":false,"intensity":3,"isDeletable":true,"isOver":false,"isBidirectional":false,"eventLog":[{"time":1702312775159,"type":"create connection"},{"time":1702312779741,"type":"selected","value":1},{"time":1702312781082,"type":"connector was deleted","value":-99},{"time":1702312781082,"type":"active","value":0}]},{"id":"c3341713-a0a1-4869-988e-7ac4e4c67868","source":"49789bd3-48aa-422f-9eb1-05df5af5d2e4","target":"faa0400a-7df0-4d1e-a05c-831d299d7396","agreement":true,"isActive":true,"date":1702312777578,"kind":"Connector","isSelected":false,"intensity":3,"isDeletable":true,"isOver":false,"isBidirectional":false,"eventLog":[{"time":1702312777578,"type":"create connection"}]},{"id":"b59229e1-dc3b-4cbc-b70e-51c1d09de35f","source":"39dee5f0-b9f5-40d6-8607-98d99a27ded1","target":"faa0400a-7df0-4d1e-a05c-831d299d7396","agreement":true,"isActive":true,"date":1702312783220,"kind":"Connector","isSelected":false,"intensity":9,"isDeletable":true,"isOver":false,"isBidirectional":false,"eventLog":[{"time":1702312783220,"type":"create connection"},{"time":1702312850258,"type":"selected","value":1},{"time":1702312852450,"type":"change intensity of connector","value":9},{"time":1702312852450,"type":"selected","value":0}]},{"id":"672f910a-3b9b-4f57-aef2-1f09cbfb06aa","source":"4af1e0b8-aab6-4489-bf52-9b18292c413e","target":"23d3bac0-b129-4618-b0ed-93ff9817a896","agreement":true,"isActive":true,"date":1702312877175,"kind":"Connector","isSelected":false,"intensity":9,"isDeletable":true,"isOver":false,"isBidirectional":false,"eventLog":[{"time":1702312877175,"type":"create connection"},{"time":1702312878570,"type":"selected","value":1},{"time":1702312880326,"type":"change intensity of connector","value":9},{"time":1702312880326,"type":"selected","value":0}]},{"id":"c6ace4b2-a0fa-4382-a26d-7c0a7aff5969","source":"49789bd3-48aa-422f-9eb1-05df5af5d2e4","target":"48d819fc-8d69-4d52-af9f-a85dd3e2eba6","agreement":true,"isActive":true,"date":1702312941851,"kind":"Connector","isSelected":false,"intensity":3,"isDeletable":true,"isOver":false,"isBidirectional":false,"eventLog":[{"time":1702312941851,"type":"create connection"}]},{"id":"dad35a73-352f-4efb-876f-c92ab1737f54","source":"90fe7160-ee31-4599-9543-b17d8028eee6","target":"faa0400a-7df0-4d1e-a05c-831d299d7396","agreement":true,"isActive":true,"date":1702312987891,"kind":"Connector","isSelected":false,"intensity":6,"isDeletable":true,"isOver":false,"isBidirectional":false,"eventLog":[{"time":1702312987891,"type":"create connection"},{"time":1702312997327,"type":"selected","value":1},{"time":1702312999235,"type":"change intensity of connector","value":6},{"time":1702312999235,"type":"selected","value":0}]}],"currentID":["dad35a73-352f-4efb-876f-c92ab1737f54"],"currentNode":{},"hasSelectedNode":[false],"currentConnector":{"id":["dad35a73-352f-4efb-876f-c92ab1737f54"],"value":{},"source":["90fe7160-ee31-4599-9543-b17d8028eee6"],"target":["faa0400a-7df0-4d1e-a05c-831d299d7396"],"agreement":[true],"isActive":[true],"date":[1702312987891],"kind":["Connector"],"isSelected":[false],"intensity":[6],"isDeletable":[true],"isOver":[false],"isBidirectional":[false],"eventLog":[{"time":1702312987891,"type":"create connection"},{"time":1702312997327,"type":"selected","value":1},{"time":1702312999235,"type":"change intensity of connector","value":6},{"time":1702312999235,"type":"selected","value":0}]},"hasSelectedConnector":[true],"readyToMove":[false],"isIncoming":[false],"hasElementMoved":[false]}
