{"idCAM":["2f7a18af-ee68-4200-a9bd-768a6ea3b993"],"creator":["653fbb7899638eb02212c25b_post"],"projectCAM":["S2_CAM part 2"],"defocusCAM":[],"date":[1702291690482],"nodes":[{"id":"3be1c7c5-37be-4d9a-b0a9-54f0172f1500","value":0,"text":"social assistance robot","comment":"","position":{"x":650,"y":400},"isActive":true,"date":1702291691437,"kind":"Node","isSelected":false,"isConnectorSelected":false,"isDraggable":0,"isDeletable":0,"hasElementMoved":false,"eventLog":[{"time":1702291691437,"type":"create node","value":0}],"isTextChangeable":0},{"id":"b23db83c-89a1-4541-9f82-7305a2cb1778","value":0,"text":"disadvantages","comment":"","position":{"x":450,"y":400},"isActive":true,"date":1702291691437,"kind":"Node","isSelected":false,"isConnectorSelected":false,"isDraggable":0,"isDeletable":0,"hasElementMoved":false,"eventLog":[{"time":1702291691437,"type":"create node","value":0}],"isTextChangeable":0},{"id":"9e51c7df-810a-4d98-8b3f-49c82897098d","value":0,"text":"advantages","comment":"","position":{"x":850,"y":400},"isActive":true,"date":1702291691437,"kind":"Node","isSelected":false,"isConnectorSelected":false,"isDraggable":0,"isDeletable":0,"hasElementMoved":false,"eventLog":[{"time":1702291691437,"type":"create node","value":0}],"isTextChangeable":0},{"id":"0d41b3f2-d683-418a-b0fb-f6ff18ce98ba","value":-1,"text":"possible dependency","comment":"","position":{"x":519,"y":177},"isActive":true,"date":1702291691437,"kind":"Node","isSelected":false,"isConnectorSelected":false,"isDraggable":1,"isDeletable":1,"hasElementMoved":false,"eventLog":[{"time":1702291691437,"type":"create node","value":-1}],"isTextChangeable":1},{"id":"f9577493-8118-4e4f-931e-70c92cfb391f","value":-2,"text":"job losses","comment":"","position":{"x":344,"y":221},"isActive":true,"date":1702291691437,"kind":"Node","isSelected":false,"isConnectorSelected":false,"isDraggable":1,"isDeletable":1,"hasElementMoved":false,"eventLog":[{"time":1702291691437,"type":"create node","value":-2}],"isTextChangeable":1},{"id":"9736e626-e1f5-4421-b761-aac760283e91","value":-1,"text":"uncanny valley","comment":"","position":{"x":189,"y":318},"isActive":true,"date":1702291691437,"kind":"Node","isSelected":false,"isConnectorSelected":false,"isDraggable":1,"isDeletable":1,"hasElementMoved":false,"eventLog":[{"time":1702291691437,"type":"create node","value":-1}],"isTextChangeable":1},{"id":"56f69963-b4d0-4047-8c2b-c90b64764f5f","value":-3,"text":"no real bond","comment":"","position":{"x":240,"y":465},"isActive":true,"date":1702291691437,"kind":"Node","isSelected":false,"isConnectorSelected":false,"isDraggable":1,"isDeletable":1,"hasElementMoved":false,"eventLog":[{"time":1702291691437,"type":"create node","value":-3}],"isTextChangeable":1},{"id":"bbd1d9a9-7ced-44db-b057-3d4ef3db1801","value":-2,"text":"dependent on technology","comment":"","position":{"x":414,"y":640},"isActive":true,"date":1702291691437,"kind":"Node","isSelected":false,"isConnectorSelected":false,"isDraggable":1,"isDeletable":1,"hasElementMoved":false,"eventLog":[{"time":1702291691437,"type":"create node","value":-2}],"isTextChangeable":1},{"id":"f958775c-ff55-4058-b59d-022f4cf1230c","value":2,"text":"against staff shortage","comment":"","position":{"x":969,"y":271},"isActive":true,"date":1702291691437,"kind":"Node","isSelected":false,"isConnectorSelected":false,"isDraggable":1,"isDeletable":1,"hasElementMoved":false,"eventLog":[{"time":1702291691437,"type":"create node","value":2}],"isTextChangeable":1},{"id":"ab91cfd4-3769-4c2b-a6d1-5bbc29453fa0","value":2,"text":"accomplish important tasks","comment":"","position":{"x":1102,"y":347},"isActive":true,"date":1702291691437,"kind":"Node","isSelected":false,"isConnectorSelected":false,"isDraggable":1,"isDeletable":1,"hasElementMoved":false,"eventLog":[{"time":1702291691437,"type":"create node","value":2}],"isTextChangeable":1},{"id":"5747d81f-a74e-48be-a54d-6513e48b33ad","value":1,"text":"well adaptable","comment":"","position":{"x":978,"y":498},"isActive":true,"date":1702291691438,"kind":"Node","isSelected":false,"isConnectorSelected":false,"isDraggable":1,"isDeletable":1,"hasElementMoved":false,"eventLog":[{"time":1702291691438,"type":"create node","value":1}],"isTextChangeable":1},{"id":"30878067-80a6-45b1-915a-0ace14c6ce16","value":10,"text":"cheaper than people","comment":"","position":{"x":774,"y":617},"isActive":true,"date":1702291691438,"kind":"Node","isSelected":false,"isConnectorSelected":false,"isDraggable":1,"isDeletable":1,"hasElementMoved":false,"eventLog":[{"time":1702291691438,"type":"create node","value":10}],"isTextChangeable":1},{"id":"b7494ae6-d89b-4614-a872-932c6cdc42b8","value":-3,"text":"sad social testimony","comment":"","position":{"x":754,"y":278},"isActive":true,"date":1702291691438,"kind":"Node","isSelected":false,"isConnectorSelected":false,"isDraggable":1,"isDeletable":1,"hasElementMoved":false,"eventLog":[{"time":1702291691438,"type":"create node","value":-3}],"isTextChangeable":1},{"id":"84b22022-07ca-4d9a-a5db-0097a8ad85af","value":-2,"text":"can be deceptive","comment":"","position":{"x":736,"y":157},"isActive":true,"date":1702291697025,"kind":"Node","isSelected":false,"isConnectorSelected":false,"isDraggable":1,"isDeletable":1,"hasElementMoved":false,"eventLog":[{"time":1702291697025,"type":"create node","value":"0"},{"time":1702291699526,"type":"selected","value":"TRUE"},{"time":1702291709891,"type":"text","value":"können trügerisch sein"},{"time":1702291709891,"type":"value","value":"-2"},{"time":1702291709891,"type":"selected","value":"FALSE"}],"isTextChangeable":1},{"id":"e2812bf8-4ab5-4193-84e5-a2077e2e318a","value":3,"text":"potential to help","comment":"","position":{"x":913,"y":139},"isActive":true,"date":1702291715720,"kind":"Node","isSelected":false,"isConnectorSelected":false,"isDraggable":1,"isDeletable":1,"hasElementMoved":false,"eventLog":[{"time":1702291715720,"type":"create node","value":"0"},{"time":1702291717445,"type":"selected","value":"TRUE"},{"time":1702291742409,"type":"text","value":"Potential zu helfen"},{"time":1702291742409,"type":"value","value":"3"},{"time":1702291742409,"type":"selected","value":"FALSE"}],"isTextChangeable":1},{"id":"013b3210-1e6c-407a-a481-912208af8573","value":10,"text":"a relationship of trust could emerge","comment":"","position":{"x":590,"y":621},"isActive":true,"date":1702291752416,"kind":"Node","isSelected":false,"isConnectorSelected":false,"isDraggable":1,"isDeletable":1,"hasElementMoved":false,"eventLog":[{"time":1702291752416,"type":"create node","value":"0"},{"time":1702291753323,"type":"selected","value":"TRUE"},{"time":1702291766917,"type":"text","value":"Vertrauensverhältnis könnte entstehen"},{"time":1702291766917,"type":"value","value":"10"},{"time":1702291766917,"type":"selected","value":"FALSE"}],"isTextChangeable":1}],"connectors":[{"id":"adaff8c9-e252-41a5-9b8a-9afc91029c07","source":"3be1c7c5-37be-4d9a-b0a9-54f0172f1500","target":"b23db83c-89a1-4541-9f82-7305a2cb1778","agreement":true,"isActive":true,"date":1702291691438,"kind":"Connector","isSelected":false,"intensity":3,"isDeletable":false,"isOver":false,"isBidirectional":false,"eventLog":[{"time":1702291691438,"type":"create connection"}]},{"id":"440e99c3-0e71-45c2-818e-7aafcabe38f5","source":"3be1c7c5-37be-4d9a-b0a9-54f0172f1500","target":"9e51c7df-810a-4d98-8b3f-49c82897098d","agreement":true,"isActive":true,"date":1702291691438,"kind":"Connector","isSelected":false,"intensity":3,"isDeletable":true,"isOver":false,"isBidirectional":false,"eventLog":[{"time":1702291691438,"type":"create connection"}]},{"id":"9f9fa7db-e9f7-4b9f-aea7-f905a4c6e985","source":"b23db83c-89a1-4541-9f82-7305a2cb1778","target":"0d41b3f2-d683-418a-b0fb-f6ff18ce98ba","agreement":true,"isActive":true,"date":1702291691438,"kind":"Connector","isSelected":false,"intensity":3,"isDeletable":true,"isOver":false,"isBidirectional":false,"eventLog":[{"time":1702291691438,"type":"create connection"}]},{"id":"b83597da-c4cd-40ec-b8d2-6dbf0a9f969f","source":"b23db83c-89a1-4541-9f82-7305a2cb1778","target":"b7494ae6-d89b-4614-a872-932c6cdc42b8","agreement":true,"isActive":true,"date":1702291691438,"kind":"Connector","isSelected":false,"intensity":3,"isDeletable":true,"isOver":false,"isBidirectional":false,"eventLog":[{"time":1702291691438,"type":"create connection"}]},{"id":"33531f88-ca44-49de-99e5-a5079628cb9c","source":"f9577493-8118-4e4f-931e-70c92cfb391f","target":"b23db83c-89a1-4541-9f82-7305a2cb1778","agreement":true,"isActive":true,"date":1702291691438,"kind":"Connector","isSelected":false,"intensity":3,"isDeletable":true,"isOver":false,"isBidirectional":false,"eventLog":[{"time":1702291691438,"type":"create connection"}]},{"id":"95f8948e-cc84-46d5-b5f0-050fc3dbcb82","source":"9736e626-e1f5-4421-b761-aac760283e91","target":"b23db83c-89a1-4541-9f82-7305a2cb1778","agreement":true,"isActive":true,"date":1702291691438,"kind":"Connector","isSelected":false,"intensity":3,"isDeletable":true,"isOver":false,"isBidirectional":false,"eventLog":[{"time":1702291691438,"type":"create connection"}]},{"id":"b7a81ff9-5f05-42ac-96f4-04d9be84b842","source":"b23db83c-89a1-4541-9f82-7305a2cb1778","target":"56f69963-b4d0-4047-8c2b-c90b64764f5f","agreement":true,"isActive":true,"date":1702291691438,"kind":"Connector","isSelected":false,"intensity":3,"isDeletable":true,"isOver":false,"isBidirectional":false,"eventLog":[{"time":1702291691438,"type":"create connection"}]},{"id":"de490860-bd07-4cd5-a182-629c36dccd4d","source":"b23db83c-89a1-4541-9f82-7305a2cb1778","target":"bbd1d9a9-7ced-44db-b057-3d4ef3db1801","agreement":true,"isActive":true,"date":1702291691438,"kind":"Connector","isSelected":false,"intensity":3,"isDeletable":true,"isOver":false,"isBidirectional":false,"eventLog":[{"time":1702291691438,"type":"create connection"}]},{"id":"606ecfff-8428-4ab3-a201-719a065978be","source":"9e51c7df-810a-4d98-8b3f-49c82897098d","target":"f958775c-ff55-4058-b59d-022f4cf1230c","agreement":true,"isActive":true,"date":1702291691438,"kind":"Connector","isSelected":false,"intensity":3,"isDeletable":true,"isOver":false,"isBidirectional":false,"eventLog":[{"time":1702291691438,"type":"create connection"}]},{"id":"d32b8e90-d729-48f1-a54d-dcec9ce83e7a","source":"9e51c7df-810a-4d98-8b3f-49c82897098d","target":"ab91cfd4-3769-4c2b-a6d1-5bbc29453fa0","agreement":true,"isActive":true,"date":1702291691438,"kind":"Connector","isSelected":false,"intensity":3,"isDeletable":true,"isOver":false,"isBidirectional":false,"eventLog":[{"time":1702291691438,"type":"create connection"}]},{"id":"5aecf65a-c04e-49cb-9d27-5828cf666d14","source":"9e51c7df-810a-4d98-8b3f-49c82897098d","target":"5747d81f-a74e-48be-a54d-6513e48b33ad","agreement":true,"isActive":true,"date":1702291691438,"kind":"Connector","isSelected":false,"intensity":3,"isDeletable":true,"isOver":false,"isBidirectional":false,"eventLog":[{"time":1702291691438,"type":"create connection"}]},{"id":"9731e611-bc50-4f44-8b67-abdcf1410df8","source":"30878067-80a6-45b1-915a-0ace14c6ce16","target":"9e51c7df-810a-4d98-8b3f-49c82897098d","agreement":true,"isActive":true,"date":1702291691438,"kind":"Connector","isSelected":false,"intensity":3,"isDeletable":true,"isOver":false,"isBidirectional":false,"eventLog":[{"time":1702291691438,"type":"create connection"}]},{"id":"204b769d-2edc-4853-8e30-8401d27654eb","source":"30878067-80a6-45b1-915a-0ace14c6ce16","target":"b23db83c-89a1-4541-9f82-7305a2cb1778","agreement":true,"isActive":true,"date":1702291691438,"kind":"Connector","isSelected":false,"intensity":3,"isDeletable":true,"isOver":false,"isBidirectional":false,"eventLog":[{"time":1702291691438,"type":"create connection"}]},{"id":"964a344b-0487-48b8-8177-0f0c07a6cc06","source":"30878067-80a6-45b1-915a-0ace14c6ce16","target":"f9577493-8118-4e4f-931e-70c92cfb391f","agreement":true,"isActive":true,"date":1702291691438,"kind":"Connector","isSelected":false,"intensity":3,"isDeletable":true,"isOver":false,"isBidirectional":false,"eventLog":[{"time":1702291691438,"type":"create connection"}]},{"id":"f2c3d5b1-4c1f-485e-a123-21c2cb829840","source":"84b22022-07ca-4d9a-a5db-0097a8ad85af","target":"b23db83c-89a1-4541-9f82-7305a2cb1778","agreement":true,"isActive":true,"date":1702291711514,"kind":"Connector","isSelected":false,"intensity":3,"isDeletable":true,"isOver":false,"isBidirectional":false,"eventLog":[{"time":1702291711514,"type":"create connection"}]},{"id":"5deee2b8-3355-4464-970e-ecfefbc083c7","source":"9e51c7df-810a-4d98-8b3f-49c82897098d","target":"e2812bf8-4ab5-4193-84e5-a2077e2e318a","agreement":true,"isActive":true,"date":1702291745286,"kind":"Connector","isSelected":false,"intensity":3,"isDeletable":true,"isOver":false,"isBidirectional":false,"eventLog":[{"time":1702291745286,"type":"create connection"}]},{"id":"e09cf70b-56fd-4a51-80e6-aa4d5cc235d4","source":"013b3210-1e6c-407a-a481-912208af8573","target":"3be1c7c5-37be-4d9a-b0a9-54f0172f1500","agreement":true,"isActive":true,"date":1702291768433,"kind":"Connector","isSelected":false,"intensity":3,"isDeletable":true,"isOver":false,"isBidirectional":false,"eventLog":[{"time":1702291768433,"type":"create connection"}]},{"id":"c0ebf3f6-d2fb-4b90-aa17-4e2339fe54ab","source":"013b3210-1e6c-407a-a481-912208af8573","target":"b23db83c-89a1-4541-9f82-7305a2cb1778","agreement":true,"isActive":true,"date":1702291771225,"kind":"Connector","isSelected":false,"intensity":3,"isDeletable":true,"isOver":false,"isBidirectional":false,"eventLog":[{"time":1702291771225,"type":"create connection"}]},{"id":"1925ac35-8f26-47f2-a261-efb7fde1051d","source":"9e51c7df-810a-4d98-8b3f-49c82897098d","target":"013b3210-1e6c-407a-a481-912208af8573","agreement":true,"isActive":true,"date":1702291774504,"kind":"Connector","isSelected":false,"intensity":3,"isDeletable":true,"isOver":false,"isBidirectional":false,"eventLog":[{"time":1702291774504,"type":"create connection"}]}],"currentID":{},"currentNode":{},"hasSelectedNode":[false],"currentConnector":{},"hasSelectedConnector":[false],"readyToMove":[false],"isIncoming":[false],"hasElementMoved":[false]}
