{"idCAM":["1391b737-31b0-4801-b000-c8468ac78fbf"],"creator":["65413d7a889c08941364abb6_pre"],"projectCAM":["S2_CAM part 1"],"defocusCAM":[],"date":[1702290931466],"nodes":[{"id":"9b9e87f3-98a4-4ffa-a553-13eff5d956f4","value":0,"text":"social assistance robot","comment":"","position":{"x":650,"y":400},"isActive":true,"date":1702290932360,"kind":"Node","isSelected":false,"isConnectorSelected":false,"isDraggable":0,"isDeletable":0,"hasElementMoved":false,"eventLog":[{"time":1702290932360,"type":"create node","value":0}],"isTextChangeable":0},{"id":"6e9f6990-6338-4306-a0dc-85f296451002","value":0,"text":"disadvantages","comment":"","position":{"x":450,"y":400},"isActive":true,"date":1702290932360,"kind":"Node","isSelected":false,"isConnectorSelected":false,"isDraggable":0,"isDeletable":0,"hasElementMoved":false,"eventLog":[{"time":1702290932360,"type":"create node","value":0},{"time":1702291350041,"type":"selected","value":1},{"time":1702291351511,"type":"selected","value":0}],"isTextChangeable":0},{"id":"2f9c4c87-533e-47a9-8c2d-6abbfec0122a","value":0,"text":"advantages","comment":"","position":{"x":850,"y":400},"isActive":true,"date":1702290932360,"kind":"Node","isSelected":false,"isConnectorSelected":false,"isDraggable":0,"isDeletable":0,"hasElementMoved":false,"eventLog":[{"time":1702290932360,"type":"create node","value":0},{"time":1702291149942,"type":"selected","value":1},{"time":1702291150643,"type":"selected","value":0},{"time":1702291492852,"type":"selected","value":1},{"time":1702291493806,"type":"selected","value":0}],"isTextChangeable":0},{"id":"d7f90406-899b-44d3-b225-093125537a11","value":2,"text":"labor shortage","comment":"People who need help are better cared for (such as in elderly care)","position":{"x":896,"y":233},"isActive":true,"date":1702290948589,"kind":"Node","isSelected":false,"isConnectorSelected":false,"isDraggable":1,"isDeletable":1,"hasElementMoved":false,"eventLog":[{"time":1702290948589,"type":"create node","value":"0"},{"time":1702290949650,"type":"selected","value":"TRUE"},{"time":1702291036754,"type":"text","value":"Arbeitskräftemangel "},{"time":1702291036754,"type":"value","value":"2"},{"time":1702291036754,"type":"comment","value":"Menschen die Hilfe brauchen werden besser versorgt (wie z.B. in der Altenpflege)"},{"time":1702291036754,"type":"selected","value":"FALSE"},{"time":1702291148407,"type":"selected","value":"TRUE"},{"time":1702291149297,"type":"selected","value":"FALSE"}],"isTextChangeable":1},{"id":"ae08a617-f558-4b36-b315-93765dacb772","value":-2,"text":"unemployment","comment":"In some areas, this may lead to people losing their jobs or their work situation worsening.","position":{"x":345,"y":229},"isActive":true,"date":1702291041516,"kind":"Node","isSelected":false,"isConnectorSelected":false,"isDraggable":1,"isDeletable":1,"hasElementMoved":false,"eventLog":[{"time":1702291041516,"type":"create node","value":"0"},{"time":1702291041602,"type":"selected","value":"TRUE"},{"time":1702291137029,"type":"text","value":"Arbeitslosigkeit"},{"time":1702291137029,"type":"value","value":"-2"},{"time":1702291137029,"type":"comment","value":"In manchen Bereichen führt dies vielleicht dazu, dass Menschen ihren Job verlieren oder ihre Arbeitssituation sich verschlechtert."},{"time":1702291137029,"type":"selected","value":"FALSE"}],"isTextChangeable":1},{"id":"e5c365d0-6e61-4faf-9b63-d51163dea2b8","value":-3,"text":"same interpersonal quality?","comment":"Can a robot really replace interpersonal interactions?","position":{"x":545,"y":528},"isActive":true,"date":1702291164875,"kind":"Node","isSelected":false,"isConnectorSelected":false,"isDraggable":1,"isDeletable":1,"hasElementMoved":false,"eventLog":[{"time":"1702291164875","type":"create node","value":[0]},{"time":"1702291166945","type":"selected","value":[true]},{"time":"1702291229287","type":"text","value":["Gleiche Zwischenmenschliche Qualität?"]},{"time":"1702291229287","type":"value","value":[-3]},{"time":"1702291229287","type":"comment","value":["Kann ein Roboter wirklich die Zwischenmenschlichen Interaktionen ersetzen?"]},{"time":"1702291229287","type":"selected","value":[false]},{"time":"2023-12-11T10:41:31.766Z","type":"position","value":{"x":[298],"y":[544]}},{"time":"2023-12-11T10:41:32.020Z","type":"position","value":{"x":[451],"y":[560]}}],"isTextChangeable":1},{"id":"c751bb8e-2506-480d-8788-d82042c99b41","value":1,"text":"new form communication","comment":"Potentially, communication with robots also has unforeseen advantages.","position":{"x":839,"y":530},"isActive":true,"date":1702291237416,"kind":"Node","isSelected":false,"isConnectorSelected":false,"isDraggable":1,"isDeletable":1,"hasElementMoved":false,"eventLog":[{"time":"1702291237416","type":"create node","value":[0]},{"time":"1702291238631","type":"selected","value":[true]},{"time":"1702291239039","type":"selected","value":[false]},{"time":"1702291239941","type":"selected","value":[true]},{"time":"1702291277967","type":"text","value":["Neue Form Kommunikation"]},{"time":"1702291277967","type":"value","value":[1]},{"time":"1702291277967","type":"comment","value":["Eventuell hat die Kommunikation mit Roboter auch ungeahnte Vorteile"]},{"time":"1702291277967","type":"selected","value":[false]},{"time":"2023-12-11T10:46:23.901Z","type":"position","value":{"x":[928],"y":[545]}}],"isTextChangeable":1},{"id":"2b813949-8352-4940-9a8c-94a243436575","value":-1,"text":"dependence on robots","comment":"","position":{"x":313,"y":601},"isActive":true,"date":1702291294381,"kind":"Node","isSelected":false,"isConnectorSelected":false,"isDraggable":1,"isDeletable":1,"hasElementMoved":false,"eventLog":[{"time":1702291294381,"type":"create node","value":"0"},{"time":1702291294451,"type":"selected","value":"TRUE"},{"time":1702291348269,"type":"text","value":"Abhängigkeit von Robotern"},{"time":1702291348269,"type":"value","value":"-1"},{"time":1702291348269,"type":"selected","value":"FALSE"}],"isTextChangeable":1},{"id":"1332f6b1-5499-417f-97b9-d59593069952","value":-1,"text":"loss of human communication","comment":"People, for example on the autism spectrum, could get so used to communicating with robots that they completely lose the ability to communicate with humans and no longer open up.","position":{"x":120,"y":693},"isActive":true,"date":1702291356660,"kind":"Node","isSelected":false,"isConnectorSelected":false,"isDraggable":1,"isDeletable":1,"hasElementMoved":false,"eventLog":[{"time":"1702291356660","type":"create node","value":[0]},{"time":"1702291356756","type":"selected","value":[true]},{"time":"1702291435740","type":"text","value":["Verlust menschlicher Kommunikation"]},{"time":"1702291435740","type":"comment","value":["Menschen zum Beispiel auf dem Autismusspektrum könnten sich an die Kommunikation mit Robotern so sehr gewöhnen, dass sie die Fähigkeit mit Menschen zu kommunizieren völlig verlernen und nicht mehr öffnen."]},{"time":"1702291435740","type":"selected","value":[false]},{"time":"1702291436714","type":"selected","value":[true]},{"time":"1702291439171","type":"value","value":[-1]},{"time":"1702291439171","type":"selected","value":[false]},{"time":"2023-12-11T10:45:11.274Z","type":"position","value":{"x":[187],"y":[429]}},{"time":"2023-12-11T10:45:11.640Z","type":"position","value":{"x":[103],"y":[583]}}],"isTextChangeable":1},{"id":"b2d08c00-ba4f-4345-8825-cbf60e7a4287","value":1,"text":"combats loneliness","comment":"","position":{"x":1076,"y":295},"isActive":true,"date":1702291461628,"kind":"Node","isSelected":false,"isConnectorSelected":false,"isDraggable":1,"isDeletable":1,"hasElementMoved":false,"eventLog":[{"time":"1702291461628","type":"create node","value":[0]},{"time":"1702291461726","type":"selected","value":[true]},{"time":"1702291475566","type":"text","value":["Bekämpft Einsamkeit"]},{"time":"1702291475566","type":"value","value":[1]},{"time":"1702291475566","type":"selected","value":[false]},{"time":"1702291477447","type":"selected","value":[true]},{"time":"1702291478420","type":"selected","value":[false]},{"time":"2023-12-11T10:44:39.034Z","type":"position","value":{"x":[1063],"y":[386]}}],"isTextChangeable":1},{"id":"5dcb0ef9-085b-440e-9556-193339529b74","value":2,"text":"improved supply","comment":"","position":{"x":1128,"y":433},"isActive":true,"date":1702291480763,"kind":"Node","isSelected":false,"isConnectorSelected":false,"isDraggable":1,"isDeletable":1,"hasElementMoved":false,"eventLog":[{"time":1702291480763,"type":"create node","value":"0"},{"time":1702291480833,"type":"selected","value":"TRUE"},{"time":1702291492127,"type":"text","value":"Verbessert Versorgung"},{"time":1702291492127,"type":"value","value":"2"},{"time":1702291492127,"type":"selected","value":"FALSE"},{"time":1702291496400,"type":"selected","value":"TRUE"},{"time":1702291497187,"type":"selected","value":"FALSE"}],"isTextChangeable":1},{"id":"a5c11424-2f04-4283-8776-be35b2da6dc9","value":1,"text":"support for communication","comment":"For people with autism or social disorders, robots could bridge the gap to interpersonal communication.","position":{"x":1168,"y":701},"isActive":true,"date":1702291517487,"kind":"Node","isSelected":false,"isConnectorSelected":false,"isDraggable":1,"isDeletable":1,"hasElementMoved":false,"eventLog":[{"time":"1702291517487","type":"create node","value":[0]},{"time":"1702291517594","type":"selected","value":[true]},{"time":"1702291574715","type":"text","value":["Stütze für Kommunikation"]},{"time":"1702291574715","type":"comment","value":["Für Menschen mit Autismus oder sozialen Störungen könnten Roboter eine Brücke zur zwischenmenschlichen Kommunikation schlagen."]},{"time":"1702291574715","type":"selected","value":[false]},{"time":"2023-12-11T10:46:20.454Z","type":"position","value":{"x":[1186],"y":[665]}},{"time":"2023-12-11T10:46:22.117Z","type":"position","value":{"x":[1189],"y":[707]}},{"time":"1702291592453","type":"selected","value":[true]},{"time":"1702291594657","type":"value","value":[1]},{"time":"1702291594657","type":"selected","value":[false]},{"time":"2023-12-11T10:46:35.527Z","type":"position","value":{"x":[1158],"y":[684]}}],"isTextChangeable":1},{"id":"93f66328-99f4-480a-aeea-2d84d7ef3195","value":-2,"text":"expensive","comment":"The development, production, and maintenance of robots could be very costly and the money could be better used to help people.","position":{"x":166,"y":361},"isActive":true,"date":1702291600564,"kind":"Node","isSelected":false,"isConnectorSelected":false,"isDraggable":1,"isDeletable":1,"hasElementMoved":false,"eventLog":[{"time":1702291600564,"type":"create node","value":"0"},{"time":1702291600652,"type":"selected","value":"TRUE"},{"time":1702291646088,"type":"text","value":"Teuer"},{"time":1702291646088,"type":"value","value":"-1"},{"time":1702291646088,"type":"comment","value":"Die Entwicklung, Produktion und Instandhaltung von Robotern könnte sehr kostspielig sein und das Geld besser eingesetzt werden um den Menschen zu helfen."},{"time":1702291646088,"type":"selected","value":"FALSE"},{"time":1702291647365,"type":"selected","value":"TRUE"},{"time":1702291649644,"type":"value","value":"-2"},{"time":1702291649644,"type":"selected","value":"FALSE"}],"isTextChangeable":1}],"connectors":[{"id":"ec4d7daf-5ccd-4cfb-b6de-e5e36a1c4b67","source":"9b9e87f3-98a4-4ffa-a553-13eff5d956f4","target":"6e9f6990-6338-4306-a0dc-85f296451002","agreement":true,"isActive":true,"date":1702290932360,"kind":"Connector","isSelected":false,"intensity":3,"isDeletable":false,"isOver":false,"isBidirectional":false,"eventLog":[{"time":1702290932360,"type":"create connection"}]},{"id":"acd3789a-8764-48c1-8f18-92b1e7f8f326","source":"9b9e87f3-98a4-4ffa-a553-13eff5d956f4","target":"2f9c4c87-533e-47a9-8c2d-6abbfec0122a","agreement":true,"isActive":true,"date":1702290932360,"kind":"Connector","isSelected":false,"intensity":3,"isDeletable":true,"isOver":false,"isBidirectional":false,"eventLog":[{"time":1702290932360,"type":"create connection"}]},{"id":"277ae2e4-2af3-4352-b05e-cf9fd79e9e78","source":"ae08a617-f558-4b36-b315-93765dacb772","target":"6e9f6990-6338-4306-a0dc-85f296451002","agreement":true,"isActive":true,"date":1702291139136,"kind":"Connector","isSelected":false,"intensity":3,"isDeletable":true,"isOver":false,"isBidirectional":false,"eventLog":[{"time":1702291139136,"type":"create connection"},{"time":1702291141804,"type":"selected","value":1},{"time":1702291144140,"type":"change intensity of connector","value":3},{"time":1702291144140,"type":"selected","value":0},{"time":1702291145528,"type":"selected","value":1},{"time":1702291147823,"type":"change intensity of connector","value":3},{"time":1702291147823,"type":"selected","value":0}]},{"id":"14b7baa6-bb93-4c97-9a60-d13d88339608","source":"d7f90406-899b-44d3-b225-093125537a11","target":"2f9c4c87-533e-47a9-8c2d-6abbfec0122a","agreement":true,"isActive":true,"date":1702291153211,"kind":"Connector","isSelected":false,"intensity":3,"isDeletable":true,"isOver":false,"isBidirectional":false,"eventLog":[{"time":1702291153211,"type":"create connection"}]},{"id":"ce8339e7-b1c3-4e1d-b8b9-7b01fac4d70e","source":"ae08a617-f558-4b36-b315-93765dacb772","target":"d7f90406-899b-44d3-b225-093125537a11","agreement":true,"isActive":true,"date":1702291157674,"kind":"Connector","isSelected":false,"intensity":3,"isDeletable":true,"isOver":false,"isBidirectional":false,"eventLog":[{"time":1702291157674,"type":"create connection"}]},{"id":"3f5182b5-9cf7-4403-903f-a43809591f5b","source":"6e9f6990-6338-4306-a0dc-85f296451002","target":"e5c365d0-6e61-4faf-9b63-d51163dea2b8","agreement":true,"isActive":true,"date":1702291231356,"kind":"Connector","isSelected":false,"intensity":3,"isDeletable":true,"isOver":false,"isBidirectional":false,"eventLog":[{"time":1702291231356,"type":"create connection"}]},{"id":"d610e078-ffb4-4cf4-8817-1368b239ad2a","source":"2f9c4c87-533e-47a9-8c2d-6abbfec0122a","target":"c751bb8e-2506-480d-8788-d82042c99b41","agreement":true,"isActive":true,"date":1702291279510,"kind":"Connector","isSelected":false,"intensity":3,"isDeletable":true,"isOver":false,"isBidirectional":false,"eventLog":[{"time":1702291279510,"type":"create connection"}]},{"id":"eebdcc3b-e490-42a2-8a5d-620b983f9e45","source":"c751bb8e-2506-480d-8788-d82042c99b41","target":"e5c365d0-6e61-4faf-9b63-d51163dea2b8","agreement":true,"isActive":true,"date":1702291284064,"kind":"Connector","isSelected":false,"intensity":3,"isDeletable":true,"isOver":false,"isBidirectional":false,"eventLog":[{"time":1702291284064,"type":"create connection"}]},{"id":"3653005e-419b-46b1-90a1-e6abef2cc14b","source":"6e9f6990-6338-4306-a0dc-85f296451002","target":"2b813949-8352-4940-9a8c-94a243436575","agreement":true,"isActive":true,"date":1702291353568,"kind":"Connector","isSelected":false,"intensity":3,"isDeletable":true,"isOver":false,"isBidirectional":false,"eventLog":[{"time":1702291353568,"type":"create connection"}]},{"id":"39d54df9-c7a8-4169-a872-4e8103aafac1","source":"1332f6b1-5499-417f-97b9-d59593069952","target":"6e9f6990-6338-4306-a0dc-85f296451002","agreement":true,"isActive":true,"date":1702291440609,"kind":"Connector","isSelected":false,"intensity":3,"isDeletable":true,"isOver":false,"isBidirectional":false,"eventLog":[{"time":1702291440609,"type":"create connection"}]},{"id":"707a5457-d92b-409d-b50e-48c39de267fd","source":"2f9c4c87-533e-47a9-8c2d-6abbfec0122a","target":"b2d08c00-ba4f-4345-8825-cbf60e7a4287","agreement":true,"isActive":true,"date":1702291477012,"kind":"Connector","isSelected":false,"intensity":3,"isDeletable":true,"isOver":false,"isBidirectional":false,"eventLog":[{"time":1702291477012,"type":"create connection"}]},{"id":"f3a9c81f-45c8-43b0-b284-6da5894d0ab6","source":"2f9c4c87-533e-47a9-8c2d-6abbfec0122a","target":"5dcb0ef9-085b-440e-9556-193339529b74","agreement":true,"isActive":true,"date":1702291498261,"kind":"Connector","isSelected":false,"intensity":3,"isDeletable":true,"isOver":false,"isBidirectional":false,"eventLog":[{"time":1702291498261,"type":"create connection"}]},{"id":"8942619e-1b91-4fb0-84f8-18a929d91474","source":"2f9c4c87-533e-47a9-8c2d-6abbfec0122a","target":"a5c11424-2f04-4283-8776-be35b2da6dc9","agreement":true,"isActive":true,"date":1702291576152,"kind":"Connector","isSelected":false,"intensity":3,"isDeletable":true,"isOver":false,"isBidirectional":false,"eventLog":[{"time":1702291576152,"type":"create connection"}]},{"id":"8575cd14-6e9e-426b-a8ae-f21d46f5e7c7","source":"1332f6b1-5499-417f-97b9-d59593069952","target":"a5c11424-2f04-4283-8776-be35b2da6dc9","agreement":true,"isActive":true,"date":1702291579440,"kind":"Connector","isSelected":false,"intensity":3,"isDeletable":true,"isOver":false,"isBidirectional":false,"eventLog":[{"time":1702291579440,"type":"create connection"}]},{"id":"e959aaba-afd7-4f27-afad-b9424c1cd6c3","source":"6e9f6990-6338-4306-a0dc-85f296451002","target":"93f66328-99f4-480a-aeea-2d84d7ef3195","agreement":true,"isActive":true,"date":1702291650753,"kind":"Connector","isSelected":false,"intensity":3,"isDeletable":true,"isOver":false,"isBidirectional":false,"eventLog":[{"time":1702291650753,"type":"create connection"}]}],"currentID":{},"currentNode":{},"hasSelectedNode":[false],"currentConnector":{},"hasSelectedConnector":[false],"readyToMove":[false],"isIncoming":[false],"hasElementMoved":[false]}
