{"idCAM":["4e342ef6-788f-47a0-ad8a-dad334a81b5f"],"creator":["65410ad762a7e3c570b6273c_post"],"projectCAM":["S2_CAM part 2"],"defocusCAM":[null],"date":[1702311565642],"nodes":[{"id":"3576a5c6-3022-4010-86ec-1828ea4a1f9f","value":0,"text":"social assistance robot","comment":"","position":{"x":650,"y":400},"isActive":true,"date":1702311566502,"kind":"Node","isSelected":false,"isConnectorSelected":false,"isDraggable":0,"isDeletable":0,"hasElementMoved":false,"eventLog":[{"time":1702311566502,"type":"create node","value":0}],"isTextChangeable":0},{"id":"a9111489-ce0e-4ca5-b4ce-7a807c61071c","value":0,"text":"disadvantages","comment":"","position":{"x":450,"y":400},"isActive":true,"date":1702311566503,"kind":"Node","isSelected":false,"isConnectorSelected":false,"isDraggable":0,"isDeletable":0,"hasElementMoved":false,"eventLog":[{"time":1702311566503,"type":"create node","value":0}],"isTextChangeable":0},{"id":"15621fe6-1b52-48db-bc1e-1d60cd6cfa82","value":0,"text":"advantages","comment":"","position":{"x":850,"y":400},"isActive":true,"date":1702311566503,"kind":"Node","isSelected":false,"isConnectorSelected":false,"isDraggable":0,"isDeletable":0,"hasElementMoved":false,"eventLog":[{"time":1702311566504,"type":"create node","value":0}],"isTextChangeable":0},{"id":"24ee366d-eeaa-4a4d-b679-f1ead52012a5","value":0,"text":"goal","comment":"","position":{"x":651.3333,"y":253.5},"isActive":true,"date":1702311566504,"kind":"Node","isSelected":false,"isConnectorSelected":false,"isDraggable":1,"isDeletable":1,"hasElementMoved":false,"eventLog":[{"time":1702311566504,"type":"create node","value":0}],"isTextChangeable":1},{"id":"bcc13763-9a58-4403-8718-d38b65933187","value":10,"text":"areas of application","comment":"","position":{"x":770.3333,"y":161.5},"isActive":true,"date":1702311566504,"kind":"Node","isSelected":false,"isConnectorSelected":false,"isDraggable":1,"isDeletable":1,"hasElementMoved":false,"eventLog":[{"time":1702311566504,"type":"create node","value":10}],"isTextChangeable":1},{"id":"f5ff2b49-15f4-49c6-acff-49b6ae0ac1ad","value":10,"text":"support","comment":"","position":{"x":768.3333,"y":254.5},"isActive":true,"date":1702311566504,"kind":"Node","isSelected":false,"isConnectorSelected":false,"isDraggable":1,"isDeletable":1,"hasElementMoved":false,"eventLog":[{"time":1702311566504,"type":"create node","value":10}],"isTextChangeable":1},{"id":"a3b2137f-cf34-44e8-adf7-9d97083c4c64","value":1,"text":"therapy","comment":"","position":{"x":675.3333,"y":68.5},"isActive":true,"date":1702311566504,"kind":"Node","isSelected":false,"isConnectorSelected":false,"isDraggable":1,"isDeletable":1,"hasElementMoved":false,"eventLog":[{"time":1702311566504,"type":"create node","value":1}],"isTextChangeable":1},{"id":"df7718a4-a54c-4ad1-8ac5-cb6774372713","value":1,"text":"elderly care","comment":"","position":{"x":773.3333,"y":51.5},"isActive":true,"date":1702311566505,"kind":"Node","isSelected":false,"isConnectorSelected":false,"isDraggable":1,"isDeletable":1,"hasElementMoved":false,"eventLog":[{"time":1702311566505,"type":"create node","value":1}],"isTextChangeable":1},{"id":"31af5693-1161-4a68-9455-09f367954726","value":1,"text":"education","comment":"","position":{"x":863.3333,"y":84.5},"isActive":true,"date":1702311566505,"kind":"Node","isSelected":false,"isConnectorSelected":false,"isDraggable":1,"isDeletable":1,"hasElementMoved":false,"eventLog":[{"time":1702311566505,"type":"create node","value":1}],"isTextChangeable":1},{"id":"adb8584e-d2b2-47a3-a9c3-ba2eec9e3258","value":1,"text":"social accompaniment","comment":"","position":{"x":657.3333,"y":151.5},"isActive":true,"date":1702311566506,"kind":"Node","isSelected":false,"isConnectorSelected":false,"isDraggable":1,"isDeletable":1,"hasElementMoved":false,"eventLog":[{"time":1702311566506,"type":"create node","value":1}],"isTextChangeable":1},{"id":"5f3dc14a-5efd-49b8-af8b-7c7175cef817","value":3,"text":"advantages","comment":"","position":{"x":897.3333,"y":187.5},"isActive":true,"date":1702311566506,"kind":"Node","isSelected":false,"isConnectorSelected":false,"isDraggable":1,"isDeletable":1,"hasElementMoved":false,"eventLog":[{"time":1702311566506,"type":"create node","value":3}],"isTextChangeable":1},{"id":"a6173232-f4ab-4a9f-bc7d-7a954fee0f4d","value":1,"text":"society for the lonely","comment":"","position":{"x":1015.3333,"y":222.5},"isActive":true,"date":1702311566506,"kind":"Node","isSelected":false,"isConnectorSelected":false,"isDraggable":1,"isDeletable":1,"hasElementMoved":false,"eventLog":[{"time":1702311566506,"type":"create node","value":1}],"isTextChangeable":1},{"id":"c2a5b2c4-e442-4593-a5c7-92c5e3010ed4","value":1,"text":"reduction of isolation","comment":"","position":{"x":921.3333,"y":272.5},"isActive":true,"date":1702311566506,"kind":"Node","isSelected":false,"isConnectorSelected":false,"isDraggable":1,"isDeletable":1,"hasElementMoved":false,"eventLog":[{"time":1702311566506,"type":"create node","value":1}],"isTextChangeable":1},{"id":"23613fc6-1703-4ca0-9751-61436e77c169","value":-1,"text":"disadvantages","comment":"","position":{"x":539.3333,"y":187.5},"isActive":true,"date":1702311566506,"kind":"Node","isSelected":false,"isConnectorSelected":false,"isDraggable":1,"isDeletable":1,"hasElementMoved":false,"eventLog":[{"time":1702311566506,"type":"create node","value":-1}],"isTextChangeable":1},{"id":"f2e4da3b-f8a4-48b4-a06f-0ae924a6684b","value":-1,"text":"loss of ability","comment":"","position":{"x":454.3333,"y":225.5},"isActive":true,"date":1702311566506,"kind":"Node","isSelected":false,"isConnectorSelected":false,"isDraggable":1,"isDeletable":1,"hasElementMoved":false,"eventLog":[{"time":1702311566506,"type":"create node","value":-1}],"isTextChangeable":1},{"id":"0fe0fd49-36b1-4e1a-b606-c4b44515e113","value":-1,"text":"reduction of self-initiative","comment":"","position":{"x":535.3333,"y":260.5},"isActive":true,"date":1702311566507,"kind":"Node","isSelected":false,"isConnectorSelected":false,"isDraggable":1,"isDeletable":1,"hasElementMoved":false,"eventLog":[{"time":1702311566507,"type":"create node","value":-1}],"isTextChangeable":1},{"id":"0d2ef815-6887-4ba9-b97b-a29cbb354190","value":1,"text":"improvement of emotion recognition","comment":"","position":{"x":1019.3333,"y":302.5},"isActive":true,"date":1702311566507,"kind":"Node","isSelected":false,"isConnectorSelected":false,"isDraggable":1,"isDeletable":1,"hasElementMoved":false,"eventLog":[{"time":1702311566507,"type":"create node","value":1}],"isTextChangeable":1},{"id":"25392f05-b651-40a5-af77-ab5a8d6c1e7c","value":1,"text":"improvement in communication skills","comment":"","position":{"x":962.3333,"y":369.5},"isActive":true,"date":1702311566507,"kind":"Node","isSelected":false,"isConnectorSelected":false,"isDraggable":1,"isDeletable":1,"hasElementMoved":false,"eventLog":[{"time":1702311566507,"type":"create node","value":1}],"isTextChangeable":1},{"id":"404533a2-b60f-4579-934f-e701cfa7fe3e","value":1,"text":"strengthening social skills","comment":"","position":{"x":1131.3333,"y":257.5},"isActive":true,"date":1702311566507,"kind":"Node","isSelected":false,"isConnectorSelected":false,"isDraggable":1,"isDeletable":1,"hasElementMoved":false,"eventLog":[{"time":1702311566507,"type":"create node","value":1}],"isTextChangeable":1},{"id":"b855062d-9b06-46e8-813d-e2dc69ab3449","value":1,"text":"motivation and promotion","comment":"","position":{"x":1106.3333,"y":375.5},"isActive":true,"date":1702311566507,"kind":"Node","isSelected":false,"isConnectorSelected":false,"isDraggable":1,"isDeletable":1,"hasElementMoved":false,"eventLog":[{"time":1702311566507,"type":"create node","value":1}],"isTextChangeable":1},{"id":"71d0efe3-a4a7-4bf3-8b82-782a052e7490","value":-1,"text":"replacement of human workforce","comment":"","position":{"x":451.3333,"y":300.5},"isActive":true,"date":1702311566507,"kind":"Node","isSelected":false,"isConnectorSelected":false,"isDraggable":1,"isDeletable":1,"hasElementMoved":false,"eventLog":[{"time":1702311566507,"type":"create node","value":-1}],"isTextChangeable":1},{"id":"d35e0c7a-f7e2-482c-97d4-f00107a95dbf","value":-1,"text":"social change","comment":"","position":{"x":451.3333,"y":150.5},"isActive":true,"date":1702311566507,"kind":"Node","isSelected":false,"isConnectorSelected":false,"isDraggable":1,"isDeletable":1,"hasElementMoved":false,"eventLog":[{"time":1702311566507,"type":"create node","value":-1}],"isTextChangeable":1},{"id":"f811ac81-03a0-49c1-8d5f-8f094bbfad28","value":-1,"text":"influence of human interactions","comment":"","position":{"x":361.3333,"y":190.5},"isActive":true,"date":1702311566507,"kind":"Node","isSelected":false,"isConnectorSelected":false,"isDraggable":1,"isDeletable":1,"hasElementMoved":false,"eventLog":[{"time":1702311566507,"type":"create node","value":-1}],"isTextChangeable":1},{"id":"91244d09-833b-4152-b673-4d3b6139a449","value":-1,"text":"loss of humanity","comment":"","position":{"x":365.3333,"y":260.5},"isActive":true,"date":1702311566507,"kind":"Node","isSelected":false,"isConnectorSelected":false,"isDraggable":1,"isDeletable":1,"hasElementMoved":false,"eventLog":[{"time":1702311566507,"type":"create node","value":-1}],"isTextChangeable":1}],"connectors":[{"id":"9c82a52b-8ea8-47dd-a36f-7b3e70f60f75","source":"3576a5c6-3022-4010-86ec-1828ea4a1f9f","target":"a9111489-ce0e-4ca5-b4ce-7a807c61071c","agreement":true,"isActive":true,"date":1702311566508,"kind":"Connector","isSelected":false,"intensity":3,"isDeletable":false,"isOver":false,"isBidirectional":false,"eventLog":[{"time":1702311566508,"type":"create connection"}]},{"id":"7956898d-fdc6-42f0-958f-c0cc3547a0ec","source":"3576a5c6-3022-4010-86ec-1828ea4a1f9f","target":"15621fe6-1b52-48db-bc1e-1d60cd6cfa82","agreement":true,"isActive":true,"date":1702311566509,"kind":"Connector","isSelected":false,"intensity":3,"isDeletable":true,"isOver":false,"isBidirectional":false,"eventLog":[{"time":1702311566509,"type":"create connection"}]},{"id":"b10c563e-3ecf-4ab1-9b10-80d278ce4fcc","source":"3576a5c6-3022-4010-86ec-1828ea4a1f9f","target":"24ee366d-eeaa-4a4d-b679-f1ead52012a5","agreement":true,"isActive":true,"date":1702311566509,"kind":"Connector","isSelected":false,"intensity":3,"isDeletable":true,"isOver":false,"isBidirectional":false,"eventLog":[{"time":1702311566509,"type":"create connection"}]},{"id":"4bccddfe-334f-4c66-b25c-9abb8e8e5966","source":"24ee366d-eeaa-4a4d-b679-f1ead52012a5","target":"f5ff2b49-15f4-49c6-acff-49b6ae0ac1ad","agreement":true,"isActive":true,"date":1702311566509,"kind":"Connector","isSelected":false,"intensity":3,"isDeletable":true,"isOver":false,"isBidirectional":false,"eventLog":[{"time":1702311566509,"type":"create connection"}]},{"id":"2cc2b49b-6914-4d7a-8d87-953c73b9742b","source":"f5ff2b49-15f4-49c6-acff-49b6ae0ac1ad","target":"bcc13763-9a58-4403-8718-d38b65933187","agreement":true,"isActive":true,"date":1702311566509,"kind":"Connector","isSelected":false,"intensity":3,"isDeletable":true,"isOver":false,"isBidirectional":false,"eventLog":[{"time":1702311566509,"type":"create connection"}]},{"id":"6f12b83c-3177-43c7-9fce-eda683b28d11","source":"bcc13763-9a58-4403-8718-d38b65933187","target":"a3b2137f-cf34-44e8-adf7-9d97083c4c64","agreement":true,"isActive":true,"date":1702311566509,"kind":"Connector","isSelected":false,"intensity":3,"isDeletable":true,"isOver":false,"isBidirectional":false,"eventLog":[{"time":1702311566509,"type":"create connection"}]},{"id":"762b576a-1e79-4c75-b83f-c47fcc59fa06","source":"bcc13763-9a58-4403-8718-d38b65933187","target":"df7718a4-a54c-4ad1-8ac5-cb6774372713","agreement":true,"isActive":true,"date":1702311566509,"kind":"Connector","isSelected":false,"intensity":3,"isDeletable":true,"isOver":false,"isBidirectional":false,"eventLog":[{"time":1702311566509,"type":"create connection"}]},{"id":"5c3fe011-b2fa-4b76-bfc6-c3bbbdee7465","source":"bcc13763-9a58-4403-8718-d38b65933187","target":"31af5693-1161-4a68-9455-09f367954726","agreement":true,"isActive":true,"date":1702311566509,"kind":"Connector","isSelected":false,"intensity":3,"isDeletable":true,"isOver":false,"isBidirectional":false,"eventLog":[{"time":1702311566509,"type":"create connection"}]},{"id":"45f8240e-099a-4faa-a6f2-3224d4169fb0","source":"bcc13763-9a58-4403-8718-d38b65933187","target":"adb8584e-d2b2-47a3-a9c3-ba2eec9e3258","agreement":true,"isActive":true,"date":1702311566509,"kind":"Connector","isSelected":false,"intensity":3,"isDeletable":true,"isOver":false,"isBidirectional":false,"eventLog":[{"time":1702311566509,"type":"create connection"}]},{"id":"d5036152-14ce-4f20-81a4-07bbd6983f1a","source":"24ee366d-eeaa-4a4d-b679-f1ead52012a5","target":"bcc13763-9a58-4403-8718-d38b65933187","agreement":true,"isActive":true,"date":1702311566510,"kind":"Connector","isSelected":false,"intensity":3,"isDeletable":true,"isOver":false,"isBidirectional":false,"eventLog":[{"time":1702311566510,"type":"create connection"}]},{"id":"162ea552-d3be-4b2e-b702-6311487ed51d","source":"a6173232-f4ab-4a9f-bc7d-7a954fee0f4d","target":"5f3dc14a-5efd-49b8-af8b-7c7175cef817","agreement":true,"isActive":true,"date":1702311566510,"kind":"Connector","isSelected":false,"intensity":3,"isDeletable":true,"isOver":false,"isBidirectional":false,"eventLog":[{"time":1702311566510,"type":"create connection"}]},{"id":"f887a001-1d62-458f-9933-7d1da76dd1d3","source":"c2a5b2c4-e442-4593-a5c7-92c5e3010ed4","target":"5f3dc14a-5efd-49b8-af8b-7c7175cef817","agreement":true,"isActive":true,"date":1702311566510,"kind":"Connector","isSelected":false,"intensity":3,"isDeletable":true,"isOver":false,"isBidirectional":false,"eventLog":[{"time":1702311566510,"type":"create connection"}]},{"id":"c142b03c-065c-478c-8188-d23f2dd3597d","source":"23613fc6-1703-4ca0-9751-61436e77c169","target":"f2e4da3b-f8a4-48b4-a06f-0ae924a6684b","agreement":true,"isActive":true,"date":1702311566510,"kind":"Connector","isSelected":false,"intensity":3,"isDeletable":true,"isOver":false,"isBidirectional":false,"eventLog":[{"time":1702311566510,"type":"create connection"}]},{"id":"09d8ddc1-a15b-4e81-be0a-6a850c35145c","source":"23613fc6-1703-4ca0-9751-61436e77c169","target":"0fe0fd49-36b1-4e1a-b606-c4b44515e113","agreement":true,"isActive":true,"date":1702311566510,"kind":"Connector","isSelected":false,"intensity":3,"isDeletable":true,"isOver":false,"isBidirectional":false,"eventLog":[{"time":1702311566510,"type":"create connection"}]},{"id":"f2858af8-31bb-49de-a9ef-6d7e299325f2","source":"5f3dc14a-5efd-49b8-af8b-7c7175cef817","target":"0d2ef815-6887-4ba9-b97b-a29cbb354190","agreement":true,"isActive":true,"date":1702311566510,"kind":"Connector","isSelected":false,"intensity":3,"isDeletable":true,"isOver":false,"isBidirectional":false,"eventLog":[{"time":1702311566510,"type":"create connection"}]},{"id":"3b51d650-b6b4-4ad9-b53c-a77dd600c61c","source":"5f3dc14a-5efd-49b8-af8b-7c7175cef817","target":"25392f05-b651-40a5-af77-ab5a8d6c1e7c","agreement":true,"isActive":true,"date":1702311566510,"kind":"Connector","isSelected":false,"intensity":3,"isDeletable":true,"isOver":false,"isBidirectional":false,"eventLog":[{"time":1702311566510,"type":"create connection"}]},{"id":"b77386f2-f990-42df-8500-28104d1f7bbf","source":"5f3dc14a-5efd-49b8-af8b-7c7175cef817","target":"404533a2-b60f-4579-934f-e701cfa7fe3e","agreement":true,"isActive":true,"date":1702311566510,"kind":"Connector","isSelected":false,"intensity":3,"isDeletable":true,"isOver":false,"isBidirectional":false,"eventLog":[{"time":1702311566510,"type":"create connection"}]},{"id":"b163d2b8-8073-4915-b8e6-fc0a0aa0ea92","source":"5f3dc14a-5efd-49b8-af8b-7c7175cef817","target":"b855062d-9b06-46e8-813d-e2dc69ab3449","agreement":true,"isActive":true,"date":1702311566510,"kind":"Connector","isSelected":false,"intensity":3,"isDeletable":true,"isOver":false,"isBidirectional":false,"eventLog":[{"time":1702311566510,"type":"create connection"}]},{"id":"e9807910-fef1-4841-81ed-22187281812d","source":"71d0efe3-a4a7-4bf3-8b82-782a052e7490","target":"23613fc6-1703-4ca0-9751-61436e77c169","agreement":true,"isActive":true,"date":1702311566510,"kind":"Connector","isSelected":false,"intensity":3,"isDeletable":true,"isOver":false,"isBidirectional":false,"eventLog":[{"time":1702311566510,"type":"create connection"}]},{"id":"8dabd41f-7c0d-45d3-83a7-30021f536151","source":"23613fc6-1703-4ca0-9751-61436e77c169","target":"d35e0c7a-f7e2-482c-97d4-f00107a95dbf","agreement":true,"isActive":true,"date":1702311566510,"kind":"Connector","isSelected":false,"intensity":3,"isDeletable":true,"isOver":false,"isBidirectional":false,"eventLog":[{"time":1702311566510,"type":"create connection"}]},{"id":"cc6d3d2f-167f-4fe1-9f9b-80cae8e71ded","source":"f811ac81-03a0-49c1-8d5f-8f094bbfad28","target":"23613fc6-1703-4ca0-9751-61436e77c169","agreement":true,"isActive":true,"date":1702311566510,"kind":"Connector","isSelected":false,"intensity":3,"isDeletable":true,"isOver":false,"isBidirectional":false,"eventLog":[{"time":1702311566510,"type":"create connection"}]},{"id":"52957101-2875-4a3f-b41b-bd3f72bff9cc","source":"23613fc6-1703-4ca0-9751-61436e77c169","target":"91244d09-833b-4152-b673-4d3b6139a449","agreement":true,"isActive":true,"date":1702311566511,"kind":"Connector","isSelected":false,"intensity":3,"isDeletable":true,"isOver":false,"isBidirectional":false,"eventLog":[{"time":1702311566511,"type":"create connection"}]},{"id":"d8b16c8c-e35c-41dc-838d-d5cc9bfef90e","source":"91244d09-833b-4152-b673-4d3b6139a449","target":"a9111489-ce0e-4ca5-b4ce-7a807c61071c","agreement":true,"isActive":true,"date":1702311566511,"kind":"Connector","isSelected":false,"intensity":3,"isDeletable":true,"isOver":false,"isBidirectional":false,"eventLog":[{"time":1702311566511,"type":"create connection"}]},{"id":"92a4c9e4-8b64-47f4-a8af-063cd14eecbb","source":"15621fe6-1b52-48db-bc1e-1d60cd6cfa82","target":"5f3dc14a-5efd-49b8-af8b-7c7175cef817","agreement":true,"isActive":true,"date":1702311566511,"kind":"Connector","isSelected":false,"intensity":3,"isDeletable":true,"isOver":false,"isBidirectional":false,"eventLog":[{"time":1702311566511,"type":"create connection"}]}],"currentID":{},"currentNode":{},"hasSelectedNode":[false],"currentConnector":{},"hasSelectedConnector":[false],"readyToMove":[false],"isIncoming":[false]}
