{"idCAM":["e24d6314-a5a3-4f0c-aefb-77ee7b5a9d31"],"creator":["65410ad762a7e3c570b6273c_pre"],"projectCAM":["S2_CAM part 1"],"defocusCAM":[null],"date":[1702310341922],"nodes":[{"id":"6d8f781b-bd5f-4ce2-bc2f-d33aea0f0394","value":0,"text":"social assistance robot","comment":"","position":{"x":650,"y":400},"isActive":true,"date":1702310342800,"kind":"Node","isSelected":false,"isConnectorSelected":false,"isDraggable":0,"isDeletable":0,"hasElementMoved":false,"eventLog":[{"time":1702310342800,"type":"create node","value":0}],"isTextChangeable":0},{"id":"5d7e1cfa-b8ec-4a66-a60d-9522c6faeaa0","value":0,"text":"disadvantages","comment":"","position":{"x":450,"y":400},"isActive":true,"date":1702310342801,"kind":"Node","isSelected":false,"isConnectorSelected":false,"isDraggable":0,"isDeletable":0,"hasElementMoved":false,"eventLog":[{"time":1702310342801,"type":"create node","value":0}],"isTextChangeable":0},{"id":"351a7c0e-0487-4e9f-ae11-a74229b9d3e9","value":0,"text":"advantages","comment":"","position":{"x":850,"y":400},"isActive":true,"date":1702310342801,"kind":"Node","isSelected":false,"isConnectorSelected":false,"isDraggable":0,"isDeletable":0,"hasElementMoved":false,"eventLog":[{"time":1702310342801,"type":"create node","value":0}],"isTextChangeable":0},{"id":"c33b5825-47b8-4f08-a09f-a7e2810a01ab","value":0,"text":"Ziel","comment":"","position":{"x":650.3333,"y":265.5},"isActive":false,"date":1702310393585,"kind":"Node","isSelected":false,"isConnectorSelected":false,"isDraggable":1,"isDeletable":1,"hasElementMoved":false,"eventLog":[{"time":"1702310393586","type":"create node","value":[0]},{"time":"1702310395871","type":"selected","value":[true]},{"time":"1702310452310","type":"text","value":["Ziel"]},{"time":"1702310452310","type":"selected","value":[false]},{"time":"2023-12-11T16:00:53.032Z","type":"position","value":{"x":[646.3333],"y":[41.5]}},{"time":"2023-12-11T16:00:53.482Z","type":"position","value":{"x":[658.3333],"y":[191.5]}},{"time":"2023-12-11T16:00:57.603Z","type":"position","value":{"x":[652.3333],"y":[277.5]}},{"time":"1702310486335","type":"selected","value":[true]},{"time":"1702310517150","type":"comment","value":["Untersützung von Menschen durch soziale Interaktion"]},{"time":"1702310517150","type":"selected","value":[false]},{"time":"2023-12-11T16:01:58.475Z","type":"position","value":{"x":[642.3333],"y":[264.5]}},{"time":"1702310520948","type":"selected","value":[true]},{"time":"1702310522795","type":"node was deleted","value":[-77]}],"isTextChangeable":1},{"id":"106f2012-3bde-4f2b-a1c1-53e67725d831","value":0,"text":"","comment":"","position":{"x":647.3333,"y":210.5},"isActive":false,"date":1702310470290,"kind":"Node","isSelected":false,"isConnectorSelected":false,"isDraggable":1,"isDeletable":1,"hasElementMoved":false,"eventLog":[{"time":"1702310470290","type":"create node","value":[0]},{"time":"2023-12-11T16:01:10.781Z","type":"position","value":{"x":[650.3333],"y":[208.5]}},{"time":"1702310475006","type":"selected","value":[true]},{"time":"1702310485259","type":"node was deleted","value":[-99]}],"isTextChangeable":1},{"id":"2ea1c787-48d1-4f1e-a32a-14e6131ee5da","value":0,"text":"goal","comment":"","position":{"x":651.3333,"y":253.5},"isActive":true,"date":1702310524250,"kind":"Node","isSelected":false,"isConnectorSelected":false,"isDraggable":1,"isDeletable":1,"hasElementMoved":false,"eventLog":[{"time":"1702310524250","type":"create node","value":[0]},{"time":"1702310525220","type":"selected","value":[true]},{"time":"1702310529871","type":"text","value":["Ziel"]},{"time":"1702310529871","type":"selected","value":[false]},{"time":"2023-12-11T16:02:11.658Z","type":"position","value":{"x":[641.3333],"y":[291.5]}},{"time":"1702310576072","type":"selected","value":[true]},{"time":"1702310577075","type":"selected","value":[false]},{"time":"2023-12-11T16:05:47.692Z","type":"position","value":{"x":[631.3333],"y":[226.5]}},{"time":"2023-12-11T16:08:50.534Z","type":"position","value":{"x":[674.3333],"y":[258.5]}}],"isTextChangeable":1},{"id":"6eb7789b-ce1c-4bad-9547-bf53fa305a1c","value":0,"text":"","comment":"","position":{"x":646.3333,"y":150.5},"isActive":false,"date":1702310539835,"kind":"Node","isSelected":false,"isConnectorSelected":false,"isDraggable":1,"isDeletable":1,"hasElementMoved":false,"eventLog":[{"time":"1702310539835","type":"create node","value":[0]},{"time":"1702310539905","type":"selected","value":[true]},{"time":"1702310570260","type":"selected","value":[false]},{"time":"2023-12-11T16:02:51.686Z","type":"position","value":{"x":[659.3333],"y":[159.5]}},{"time":"1702310573047","type":"selected","value":[true]},{"time":"1702310575471","type":"selected","value":[false]},{"time":"1702310577177","type":"selected","value":[true]},{"time":"1702310592493","type":"selected","value":[false]},{"time":"1702310600879","type":"node was deleted","value":[-77]}],"isTextChangeable":1},{"id":"6d018922-af49-4865-9569-095a226e0edf","value":1,"text":"Unterstützung","comment":"","position":{"x":518.3333,"y":197.5},"isActive":false,"date":1702310617373,"kind":"Node","isSelected":false,"isConnectorSelected":false,"isDraggable":1,"isDeletable":1,"hasElementMoved":false,"eventLog":[{"time":"1702310617373","type":"create node","value":[0]},{"time":"1702310618599","type":"selected","value":[true]},{"time":"1702310631083","type":"text","value":["Unterstützung"]},{"time":"1702310631083","type":"value","value":[1]},{"time":"1702310631083","type":"selected","value":[false]},{"time":"2023-12-11T16:03:52.144Z","type":"position","value":{"x":[551.3333],"y":[166.5]}},{"time":"2023-12-11T16:03:56.773Z","type":"position","value":{"x":[668.3333],"y":[323.5]}},{"time":"2023-12-11T16:03:58.123Z","type":"position","value":{"x":[666.3333],"y":[163.5]}},{"time":"2023-12-11T16:04:05.108Z","type":"position","value":{"x":[650.3333],"y":[163.5]}},{"time":"2023-12-11T16:04:05.512Z","type":"position","value":{"x":[803.3333],"y":[237.5]}},{"time":"2023-12-11T16:04:05.729Z","type":"position","value":{"x":[776.3333],"y":[315.5]}},{"time":"2023-12-11T16:04:54.532Z","type":"position","value":{"x":[709.3333],"y":[334.5]}},{"time":"2023-12-11T16:04:54.866Z","type":"position","value":{"x":[738.3333],"y":[177.5]}},{"time":"2023-12-11T16:04:55.482Z","type":"position","value":{"x":[554.3333],"y":[150.5]}},{"time":"2023-12-11T16:05:01.454Z","type":"position","value":{"x":[445.3333],"y":[170.5]}},{"time":"2023-12-11T16:05:01.738Z","type":"position","value":{"x":[598.3333],"y":[171.5]}},{"time":"1702310707772","type":"node was deleted","value":[-77]}],"isTextChangeable":1},{"id":"50488359-5531-4d1a-adaf-3d933810e88f","value":10,"text":"areas of application","comment":"","position":{"x":770.3333,"y":161.5},"isActive":true,"date":1702310664813,"kind":"Node","isSelected":false,"isConnectorSelected":false,"isDraggable":1,"isDeletable":1,"hasElementMoved":false,"eventLog":[{"time":"1702310664813","type":"create node","value":[0]},{"time":"1702310665419","type":"selected","value":[true]},{"time":"1702310680141","type":"text","value":["Anwendungsbereiche"]},{"time":"1702310680141","type":"value","value":[1]},{"time":"1702310680141","type":"selected","value":[false]},{"time":"2023-12-11T16:04:40.979Z","type":"position","value":{"x":[729.3333],"y":[176.5]}},{"time":"2023-12-11T16:05:11.865Z","type":"position","value":{"x":[771.3333],"y":[241.5]}},{"time":"2023-12-11T16:05:12.213Z","type":"position","value":{"x":[924.3333],"y":[231.5]}},{"time":"2023-12-11T16:05:58.432Z","type":"position","value":{"x":[957.3333],"y":[232.5]}},{"time":"2023-12-11T16:05:58.864Z","type":"position","value":{"x":[800.3333],"y":[182.5]}},{"time":"2023-12-11T16:06:32.371Z","type":"position","value":{"x":[866.3333],"y":[165.5]}},{"time":"2023-12-11T16:06:35.092Z","type":"position","value":{"x":[714.3333],"y":[135.5]}},{"time":"1702310835335","type":"selected","value":[true]},{"time":"1702310837732","type":"selected","value":[false]},{"time":"1702310966232","type":"selected","value":[true]},{"time":"1702310973920","type":"value","value":[10]},{"time":"1702310973920","type":"selected","value":[false]}],"isTextChangeable":1},{"id":"b7d8305e-184d-4e97-9cb4-9151369df848","value":10,"text":"Unterstützung","comment":"","position":{"x":600.3333,"y":168.5},"isActive":false,"date":1702310714289,"kind":"Node","isSelected":false,"isConnectorSelected":false,"isDraggable":1,"isDeletable":1,"hasElementMoved":false,"eventLog":[{"time":"1702310714289","type":"create node","value":[0]},{"time":"1702310715037","type":"selected","value":[true]},{"time":"1702310737324","type":"text","value":["Unterstützung"]},{"time":"1702310737324","type":"value","value":[10]},{"time":"1702310737324","type":"selected","value":[false]},{"time":"2023-12-11T16:05:38.008Z","type":"position","value":{"x":[640.3333],"y":[130.5]}},{"time":"2023-12-11T16:05:44.794Z","type":"position","value":{"x":[636.3333],"y":[131.5]}},{"time":"1702310768845","type":"node was deleted","value":[-77]}],"isTextChangeable":1},{"id":"355916fc-53bc-425b-b757-b6521768630b","value":10,"text":"support","comment":"","position":{"x":768.3333,"y":254.5},"isActive":true,"date":1702310772271,"kind":"Node","isSelected":false,"isConnectorSelected":false,"isDraggable":1,"isDeletable":1,"hasElementMoved":false,"eventLog":[{"time":"1702310772271","type":"create node","value":[0]},{"time":"2023-12-11T16:06:12.842Z","type":"position","value":{"x":[732.3333],"y":[246.5]}},{"time":"1702310778236","type":"selected","value":[true]},{"time":"1702310789563","type":"text","value":["Unterstützung"]},{"time":"1702310789563","type":"value","value":[1]},{"time":"1702310789563","type":"selected","value":[false]},{"time":"1702310934432","type":"selected","value":[true]},{"time":"1702310936568","type":"value","value":[10]},{"time":"1702310936568","type":"selected","value":[false]},{"time":"1702310976854","type":"selected","value":[true]},{"time":"1702310980473","type":"selected","value":[false]}],"isTextChangeable":1},{"id":"9540b171-6c7b-4c6c-a412-505d299a4fe1","value":1,"text":"therapy","comment":"","position":{"x":675.3333,"y":68.5},"isActive":true,"date":1702310806159,"kind":"Node","isSelected":false,"isConnectorSelected":false,"isDraggable":1,"isDeletable":1,"hasElementMoved":false,"eventLog":[{"time":"1702310806159","type":"create node","value":[0]},{"time":"1702310807582","type":"selected","value":[true]},{"time":"1702310814406","type":"text","value":["Therapie"]},{"time":"1702310814406","type":"value","value":[1]},{"time":"1702310814406","type":"selected","value":[false]},{"time":"2023-12-11T16:06:57.120Z","type":"position","value":{"x":[644.3333],"y":[132.5]}},{"time":"2023-12-11T16:07:24.933Z","type":"position","value":{"x":[651.3333],"y":[151.5]}},{"time":"1702310868463","type":"selected","value":[true]},{"time":"1702310872391","type":"text","value":["-Therapie"]},{"time":"1702310872391","type":"selected","value":[false]}],"isTextChangeable":1},{"id":"e6c131c6-dbf7-4c55-b881-0b53a68a6592","value":1,"text":"elderly care","comment":"","position":{"x":773.3333,"y":51.5},"isActive":true,"date":1702310850270,"kind":"Node","isSelected":false,"isConnectorSelected":false,"isDraggable":1,"isDeletable":1,"hasElementMoved":false,"eventLog":[{"time":"1702310850270","type":"create node","value":[0]},{"time":"1702310850842","type":"selected","value":[true]},{"time":"1702310857291","type":"text","value":["Altenpflege"]},{"time":"1702310857291","type":"selected","value":[false]},{"time":"1702310859442","type":"selected","value":[true]},{"time":"1702310861090","type":"value","value":[1]},{"time":"1702310861090","type":"selected","value":[false]},{"time":"2023-12-11T16:07:41.773Z","type":"position","value":{"x":[761.3333],"y":[64.5]}},{"time":"1702310873204","type":"selected","value":[true]},{"time":"1702310876178","type":"text","value":["-Altenpflege"]},{"time":"1702310876178","type":"selected","value":[false]}],"isTextChangeable":1},{"id":"faaa0f95-0b79-462f-9545-f9e5bf01051d","value":1,"text":"education","comment":"","position":{"x":863.3333,"y":84.5},"isActive":true,"date":1702310882134,"kind":"Node","isSelected":false,"isConnectorSelected":false,"isDraggable":1,"isDeletable":1,"hasElementMoved":false,"eventLog":[{"time":1702310882134,"type":"create node","value":"0"},{"time":1702310882781,"type":"selected","value":"TRUE"},{"time":1702310889183,"type":"text","value":"-Bildung"},{"time":1702310889183,"type":"value","value":"1"},{"time":1702310889183,"type":"selected","value":"FALSE"}],"isTextChangeable":1},{"id":"fc0d076b-882f-4b29-8e6a-d19e28a73e73","value":1,"text":"social accompaniment","comment":"","position":{"x":657.3333,"y":151.5},"isActive":true,"date":1702310899050,"kind":"Node","isSelected":false,"isConnectorSelected":false,"isDraggable":1,"isDeletable":1,"hasElementMoved":false,"eventLog":[{"time":"1702310899050","type":"create node","value":[0]},{"time":"1702310900519","type":"selected","value":[true]},{"time":"1702310913664","type":"text","value":["-Soziale Begleitung"]},{"time":"1702310913664","type":"value","value":[1]},{"time":"1702310913664","type":"selected","value":[false]},{"time":"2023-12-11T16:08:34.351Z","type":"position","value":{"x":[862.3333],"y":[169.5]}},{"time":"2023-12-11T16:08:34.647Z","type":"position","value":{"x":[676.3333],"y":[155.5]}}],"isTextChangeable":1},{"id":"279fae21-8073-4424-ab87-49a08d52f671","value":0,"text":"","comment":"","position":{"x":964.3333,"y":305.5},"isActive":false,"date":1702310981098,"kind":"Node","isSelected":false,"isConnectorSelected":false,"isDraggable":1,"isDeletable":1,"hasElementMoved":false,"eventLog":[{"time":1702310981098,"type":"create node","value":0},{"time":1702310984711,"type":"selected","value":1},{"time":1702310985084,"type":"node was deleted","value":-77}],"isTextChangeable":1},{"id":"5e17647a-4936-4ff7-836e-031732fc9836","value":3,"text":"advantages","comment":"","position":{"x":897.3333,"y":187.5},"isActive":true,"date":1702310998088,"kind":"Node","isSelected":false,"isConnectorSelected":false,"isDraggable":1,"isDeletable":1,"hasElementMoved":false,"eventLog":[{"time":"1702310998088","type":"create node","value":[0]},{"time":"1702310999274","type":"selected","value":[true]},{"time":"1702311003191","type":"text","value":["Vorteile"]},{"time":"1702311003191","type":"selected","value":[false]},{"time":"1702311006516","type":"selected","value":[true]},{"time":"1702311008480","type":"value","value":[3]},{"time":"1702311008480","type":"selected","value":[false]},{"time":"2023-12-11T16:10:09.066Z","type":"position","value":{"x":[888.3333],"y":[216.5]}},{"time":"2023-12-11T16:15:50.874Z","type":"position","value":{"x":[877.3333],"y":[170.5]}}],"isTextChangeable":1},{"id":"ddc45205-0278-46de-ad02-bf411ccd7354","value":0,"text":"","comment":"","position":{"x":693.3333,"y":305.5},"isActive":false,"date":1702311032268,"kind":"Node","isSelected":false,"isConnectorSelected":false,"isDraggable":1,"isDeletable":1,"hasElementMoved":false,"eventLog":[{"time":1702311032268,"type":"create node","value":0},{"time":1702311033708,"type":"selected","value":1},{"time":1702311034165,"type":"node was deleted","value":-77}],"isTextChangeable":1},{"id":"1ae53a07-000c-43bd-b697-e25ecc5a51de","value":1,"text":"society for the lonely","comment":"","position":{"x":1015.3333,"y":222.5},"isActive":true,"date":1702311043720,"kind":"Node","isSelected":false,"isConnectorSelected":false,"isDraggable":1,"isDeletable":1,"hasElementMoved":false,"eventLog":[{"time":"1702311043720","type":"create node","value":[0]},{"time":"1702311043932","type":"selected","value":[true]},{"time":"1702311077657","type":"text","value":["Gesellschaft für Einsame"]},{"time":"1702311077657","type":"selected","value":[false]},{"time":"1702311078988","type":"selected","value":[true]},{"time":"1702311081195","type":"value","value":[1]},{"time":"1702311081195","type":"selected","value":[false]},{"time":"2023-12-11T16:11:22.113Z","type":"position","value":{"x":[974.3333],"y":[248.5]}},{"time":"2023-12-11T16:11:33.915Z","type":"position","value":{"x":[983.3333],"y":[247.5]}}],"isTextChangeable":1},{"id":"c2c66aee-5973-4da4-8b54-f38e034bf809","value":1,"text":"reduction of isolation","comment":"","position":{"x":921.3333,"y":272.5},"isActive":true,"date":1702311097478,"kind":"Node","isSelected":false,"isConnectorSelected":false,"isDraggable":1,"isDeletable":1,"hasElementMoved":false,"eventLog":[{"time":"1702311097478","type":"create node","value":[0]},{"time":"1702311098267","type":"selected","value":[true]},{"time":"1702311110915","type":"text","value":["Reduktion von Isolation "]},{"time":"1702311110915","type":"selected","value":[false]},{"time":"1702311113742","type":"selected","value":[true]},{"time":"1702311116460","type":"value","value":[1]},{"time":"1702311116460","type":"selected","value":[false]},{"time":"2023-12-11T16:11:57.967Z","type":"position","value":{"x":[906.3333],"y":[275.5]}}],"isTextChangeable":1},{"id":"67796a42-78d6-4f9a-9560-432840fef732","value":-1,"text":"disadvantages","comment":"","position":{"x":539.3333,"y":187.5},"isActive":true,"date":1702311123079,"kind":"Node","isSelected":false,"isConnectorSelected":false,"isDraggable":1,"isDeletable":1,"hasElementMoved":false,"eventLog":[{"time":"1702311123079","type":"create node","value":[0]},{"time":"1702311123853","type":"selected","value":[true]},{"time":"1702311124256","type":"selected","value":[false]},{"time":"1702311125113","type":"selected","value":[true]},{"time":"1702311132820","type":"text","value":["Nachteile"]},{"time":"1702311132820","type":"value","value":[-3]},{"time":"1702311132820","type":"selected","value":[false]},{"time":"2023-12-11T16:12:13.523Z","type":"position","value":{"x":[491.3333],"y":[117.5]}},{"time":"1702311137344","type":"selected","value":[true]},{"time":"1702311147336","type":"value","value":[-1]},{"time":"1702311147336","type":"selected","value":[false]},{"time":"2023-12-11T16:12:31.132Z","type":"position","value":{"x":[536.3333],"y":[190.5]}},{"time":"2023-12-11T16:16:18.106Z","type":"position","value":{"x":[556.3333],"y":[183.5]}},{"time":"2023-12-11T16:16:57.923Z","type":"position","value":{"x":[534.3333],"y":[175.5]}}],"isTextChangeable":1},{"id":"ccb7b19e-d2dd-4b26-86ba-cceda3b32aa5","value":-1,"text":"loss of ability","comment":"","position":{"x":454.3333,"y":225.5},"isActive":true,"date":1702311168180,"kind":"Node","isSelected":false,"isConnectorSelected":false,"isDraggable":1,"isDeletable":1,"hasElementMoved":false,"eventLog":[{"time":"1702311168180","type":"create node","value":[0]},{"time":"1702311168251","type":"selected","value":[true]},{"time":"1702311191479","type":"text","value":["Verlust der Fähigkeit "]},{"time":"1702311191479","type":"value","value":[-1]},{"time":"1702311191479","type":"selected","value":[false]},{"time":"2023-12-11T16:13:12.923Z","type":"position","value":{"x":[395.3333],"y":[255.5]}}],"isTextChangeable":1},{"id":"595feba1-ced4-4768-993a-9ba8fbbcb630","value":-1,"text":"reduction of self-initiative","comment":"","position":{"x":535.3333,"y":260.5},"isActive":true,"date":1702311196128,"kind":"Node","isSelected":false,"isConnectorSelected":false,"isDraggable":1,"isDeletable":1,"hasElementMoved":false,"eventLog":[{"time":"1702311196129","type":"create node","value":[0]},{"time":"1702311197091","type":"selected","value":[true]},{"time":"1702311211204","type":"text","value":["Verringerung der Eigeninitiative"]},{"time":"1702311211204","type":"value","value":[-1]},{"time":"1702311211205","type":"selected","value":[false]},{"time":"2023-12-11T16:13:32.323Z","type":"position","value":{"x":[526.3333],"y":[264.5]}}],"isTextChangeable":1},{"id":"13c64592-97a4-4abd-826c-4c9c5112f8ed","value":1,"text":"improvement of emotion recognition","comment":"","position":{"x":1019.3333,"y":302.5},"isActive":true,"date":1702311229928,"kind":"Node","isSelected":false,"isConnectorSelected":false,"isDraggable":1,"isDeletable":1,"hasElementMoved":false,"eventLog":[{"time":"1702311229928","type":"create node","value":[0]},{"time":"1702311230996","type":"selected","value":[true]},{"time":"1702311252175","type":"text","value":["Verbesserung der Emotionserkennung "]},{"time":"1702311252175","type":"selected","value":[false]},{"time":"2023-12-11T16:14:16.719Z","type":"position","value":{"x":[1007.3333],"y":[311.5]}},{"time":"1702311259983","type":"selected","value":[true]},{"time":"1702311270247","type":"text","value":["Verbesserung der Emotionserkennung"]},{"time":"1702311270247","type":"value","value":[1]},{"time":"1702311270247","type":"selected","value":[false]},{"time":"2023-12-11T16:14:31.330Z","type":"position","value":{"x":[1021.3333],"y":[328.5]}},{"time":"2023-12-11T16:14:31.705Z","type":"position","value":{"x":[1021.3333],"y":[165.5]}}],"isTextChangeable":1},{"id":"df96c956-66df-478b-8917-7c45b6f5fd32","value":1,"text":"improvement in communication skills","comment":"","position":{"x":962.3333,"y":369.5},"isActive":true,"date":1702311275164,"kind":"Node","isSelected":false,"isConnectorSelected":false,"isDraggable":1,"isDeletable":1,"hasElementMoved":false,"eventLog":[{"time":"1702311275164","type":"create node","value":[0]},{"time":"1702311275821","type":"selected","value":[true]},{"time":"1702311294088","type":"text","value":["Verbesserung Kommunikationsfähigkeit"]},{"time":"1702311294088","type":"value","value":[1]},{"time":"1702311294088","type":"selected","value":[false]},{"time":"2023-12-11T16:14:55.115Z","type":"position","value":{"x":[1131.3333],"y":[244.5]}},{"time":"2023-12-11T16:15:09.760Z","type":"position","value":{"x":[1094.3333],"y":[275.5]}},{"time":"2023-12-11T16:15:14.695Z","type":"position","value":{"x":[932.3333],"y":[405.5]}}],"isTextChangeable":1},{"id":"31fb5e1f-59f5-467b-b814-6aafe0ab4f9c","value":1,"text":"strengthening social skills","comment":"","position":{"x":1131.3333,"y":257.5},"isActive":true,"date":1702311321623,"kind":"Node","isSelected":false,"isConnectorSelected":false,"isDraggable":1,"isDeletable":1,"hasElementMoved":false,"eventLog":[{"time":"1702311321623","type":"create node","value":[0]},{"time":"1702311322204","type":"selected","value":[true]},{"time":"1702311332642","type":"text","value":["Stärkung sozialer Fähigkeiten"]},{"time":"1702311332642","type":"value","value":[1]},{"time":"1702311332642","type":"selected","value":[false]},{"time":"2023-12-11T16:15:36.139Z","type":"position","value":{"x":[1152.3333],"y":[265.5]}}],"isTextChangeable":1},{"id":"66e519cd-ded5-4583-9b0c-46b4ff97cc83","value":1,"text":"motivation and promotion","comment":"","position":{"x":1106.3333,"y":375.5},"isActive":true,"date":1702311341577,"kind":"Node","isSelected":false,"isConnectorSelected":false,"isDraggable":1,"isDeletable":1,"hasElementMoved":false,"eventLog":[{"time":"1702311341577","type":"create node","value":[0]},{"time":"1702311342195","type":"selected","value":[true]},{"time":"1702311349359","type":"text","value":["Motivation und Förderung"]},{"time":"1702311349359","type":"value","value":[1]},{"time":"1702311349359","type":"selected","value":[false]},{"time":"2023-12-11T16:15:53.090Z","type":"position","value":{"x":[1101.3333],"y":[360.5]}}],"isTextChangeable":1},{"id":"d26ebd09-4e7d-4b14-b35a-db8c842500de","value":-1,"text":"replacement of human workforce","comment":"","position":{"x":451.3333,"y":300.5},"isActive":true,"date":1702311363169,"kind":"Node","isSelected":false,"isConnectorSelected":false,"isDraggable":1,"isDeletable":1,"hasElementMoved":false,"eventLog":[{"time":"1702311363169","type":"create node","value":[0]},{"time":"1702311363245","type":"selected","value":[true]},{"time":"1702311374727","type":"text","value":["Ersatz menschlicher Arbeitskräfte"]},{"time":"1702311374727","type":"value","value":[-1]},{"time":"1702311374727","type":"selected","value":[false]},{"time":"2023-12-11T16:16:19.640Z","type":"position","value":{"x":[402.3333],"y":[295.5]}}],"isTextChangeable":1},{"id":"01ae0f03-bf25-44f2-8ab7-24ccfb1d8b46","value":-1,"text":"social change","comment":"","position":{"x":451.3333,"y":150.5},"isActive":true,"date":1702311384494,"kind":"Node","isSelected":false,"isConnectorSelected":false,"isDraggable":1,"isDeletable":1,"hasElementMoved":false,"eventLog":[{"time":"1702311384494","type":"create node","value":[0]},{"time":"1702311385176","type":"selected","value":[true]},{"time":"1702311390900","type":"text","value":["Sozialer Wandel"]},{"time":"1702311390900","type":"value","value":[-1]},{"time":"1702311390900","type":"selected","value":[false]},{"time":"2023-12-11T16:16:31.766Z","type":"position","value":{"x":[393.3333],"y":[160.5]}}],"isTextChangeable":1},{"id":"2d299ab6-5d76-4466-b841-08b9a2b5b753","value":-1,"text":"influence of human interactions","comment":"","position":{"x":361.3333,"y":190.5},"isActive":true,"date":1702311398304,"kind":"Node","isSelected":false,"isConnectorSelected":false,"isDraggable":1,"isDeletable":1,"hasElementMoved":false,"eventLog":[{"time":"1702311398304","type":"create node","value":[0]},{"time":"1702311398365","type":"selected","value":[true]},{"time":"1702311413440","type":"text","value":["Beeinflussung menschlicher Interaktionen"]},{"time":"1702311413440","type":"value","value":[-1]},{"time":"1702311413440","type":"selected","value":[false]},{"time":"2023-12-11T16:16:54.305Z","type":"position","value":{"x":[316.3333],"y":[141.5]}}],"isTextChangeable":1},{"id":"8e59dc52-7eb4-4cc3-894c-049ea62357c3","value":-1,"text":"loss of humanity","comment":"","position":{"x":365.3333,"y":260.5},"isActive":true,"date":1702311420656,"kind":"Node","isSelected":false,"isConnectorSelected":false,"isDraggable":1,"isDeletable":1,"hasElementMoved":false,"eventLog":[{"time":"1702311420656","type":"create node","value":[0]},{"time":"1702311421346","type":"selected","value":[true]},{"time":"1702311431770","type":"text","value":["Verlust der Menschlichkeit"]},{"time":"1702311431770","type":"value","value":[-1]},{"time":"1702311431770","type":"selected","value":[false]},{"time":"2023-12-11T16:17:12.585Z","type":"position","value":{"x":[316.3333],"y":[284.5]}}],"isTextChangeable":1}],"connectors":[{"id":"62d73a44-7b88-4ec4-a24b-9bbecff4ac71","source":"6d8f781b-bd5f-4ce2-bc2f-d33aea0f0394","target":"5d7e1cfa-b8ec-4a66-a60d-9522c6faeaa0","agreement":true,"isActive":true,"date":1702310342801,"kind":"Connector","isSelected":false,"intensity":3,"isDeletable":false,"isOver":false,"isBidirectional":false,"eventLog":[{"time":1702310342801,"type":"create connection"}]},{"id":"61ed668e-53cc-4493-829e-fa7923c930de","source":"6d8f781b-bd5f-4ce2-bc2f-d33aea0f0394","target":"351a7c0e-0487-4e9f-ae11-a74229b9d3e9","agreement":true,"isActive":true,"date":1702310342801,"kind":"Connector","isSelected":false,"intensity":3,"isDeletable":true,"isOver":false,"isBidirectional":false,"eventLog":[{"time":1702310342801,"type":"create connection"}]},{"id":"14e83f75-6fdd-4c96-95ee-936d92a92b79","source":"6d8f781b-bd5f-4ce2-bc2f-d33aea0f0394","target":"c33b5825-47b8-4f08-a09f-a7e2810a01ab","agreement":true,"isActive":false,"date":1702310460848,"kind":"Connector","isSelected":false,"intensity":3,"isDeletable":true,"isOver":false,"isBidirectional":false,"eventLog":[{"time":1702310460848,"type":"create connection"},{"time":1702310522796,"type":"active","value":false}]},{"id":"f1793119-9802-4c74-89a6-cec75459805f","source":"6d8f781b-bd5f-4ce2-bc2f-d33aea0f0394","target":"2ea1c787-48d1-4f1e-a32a-14e6131ee5da","agreement":true,"isActive":true,"date":1702310603095,"kind":"Connector","isSelected":false,"intensity":3,"isDeletable":true,"isOver":false,"isBidirectional":false,"eventLog":[{"time":1702310603095,"type":"create connection"}]},{"id":"e8f06e7b-d668-405d-ba98-69e2274e835d","source":"2ea1c787-48d1-4f1e-a32a-14e6131ee5da","target":"6d018922-af49-4865-9569-095a226e0edf","agreement":true,"isActive":false,"date":1702310640944,"kind":"Connector","isSelected":false,"intensity":3,"isDeletable":true,"isOver":false,"isBidirectional":false,"eventLog":[{"time":1702310640944,"type":"create connection"},{"time":1702310707773,"type":"active","value":false}]},{"id":"1d47d98e-329e-42b0-b25f-fd372d03e8ef","source":"6d8f781b-bd5f-4ce2-bc2f-d33aea0f0394","target":"6d018922-af49-4865-9569-095a226e0edf","agreement":true,"isActive":false,"date":1702310649283,"kind":"Connector","isSelected":false,"intensity":3,"isDeletable":true,"isOver":false,"isBidirectional":false,"eventLog":[{"time":1702310649283,"type":"create connection"},{"time":1702310707773,"type":"active","value":false}]},{"id":"53d61e9b-4bed-44ce-b36c-27741c5ba07d","source":"2ea1c787-48d1-4f1e-a32a-14e6131ee5da","target":"b7d8305e-184d-4e97-9cb4-9151369df848","agreement":true,"isActive":false,"date":1702310755626,"kind":"Connector","isSelected":false,"intensity":3,"isDeletable":true,"isOver":false,"isBidirectional":false,"eventLog":[{"time":1702310755626,"type":"create connection"},{"time":1702310768845,"type":"active","value":false}]},{"id":"ee8a007c-12a3-42e2-a569-17d5fb77a901","source":"2ea1c787-48d1-4f1e-a32a-14e6131ee5da","target":"355916fc-53bc-425b-b757-b6521768630b","agreement":true,"isActive":true,"date":1702310777053,"kind":"Connector","isSelected":false,"intensity":3,"isDeletable":true,"isOver":false,"isBidirectional":false,"eventLog":[{"time":1702310777053,"type":"create connection"}]},{"id":"a259ce40-c702-4a78-b03f-cfbf5e20afca","source":"355916fc-53bc-425b-b757-b6521768630b","target":"50488359-5531-4d1a-adaf-3d933810e88f","agreement":true,"isActive":true,"date":1702310797574,"kind":"Connector","isSelected":false,"intensity":3,"isDeletable":true,"isOver":false,"isBidirectional":false,"eventLog":[{"time":1702310797574,"type":"create connection"}]},{"id":"8faed169-f252-4f18-9320-4b2946d7515c","source":"50488359-5531-4d1a-adaf-3d933810e88f","target":"9540b171-6c7b-4c6c-a412-505d299a4fe1","agreement":true,"isActive":true,"date":1702310816478,"kind":"Connector","isSelected":false,"intensity":3,"isDeletable":true,"isOver":false,"isBidirectional":false,"eventLog":[{"time":1702310816478,"type":"create connection"}]},{"id":"b051eadc-b286-446f-a323-75ac3c736610","source":"50488359-5531-4d1a-adaf-3d933810e88f","target":"e6c131c6-dbf7-4c55-b881-0b53a68a6592","agreement":true,"isActive":true,"date":1702310865540,"kind":"Connector","isSelected":false,"intensity":3,"isDeletable":true,"isOver":false,"isBidirectional":false,"eventLog":[{"time":1702310865540,"type":"create connection"}]},{"id":"1f86b033-b99e-4a3f-a1c9-62b8f1fdd910","source":"50488359-5531-4d1a-adaf-3d933810e88f","target":"faaa0f95-0b79-462f-9545-f9e5bf01051d","agreement":true,"isActive":true,"date":1702310892592,"kind":"Connector","isSelected":false,"intensity":3,"isDeletable":true,"isOver":false,"isBidirectional":false,"eventLog":[{"time":1702310892592,"type":"create connection"}]},{"id":"bd99caf1-78d3-4d47-9e36-be6c976ebfe4","source":"50488359-5531-4d1a-adaf-3d933810e88f","target":"fc0d076b-882f-4b29-8e6a-d19e28a73e73","agreement":true,"isActive":true,"date":1702310916860,"kind":"Connector","isSelected":false,"intensity":3,"isDeletable":true,"isOver":false,"isBidirectional":false,"eventLog":[{"time":1702310916860,"type":"create connection"}]},{"id":"3beeb0ea-d9a2-4b2a-8099-dffb6e3f3d5d","source":"2ea1c787-48d1-4f1e-a32a-14e6131ee5da","target":"50488359-5531-4d1a-adaf-3d933810e88f","agreement":true,"isActive":true,"date":1702311024960,"kind":"Connector","isSelected":false,"intensity":3,"isDeletable":true,"isOver":false,"isBidirectional":false,"eventLog":[{"time":1702311024960,"type":"create connection"}]},{"id":"eb8f886c-1e08-4807-a5e1-7623bd2587c8","source":"1ae53a07-000c-43bd-b697-e25ecc5a51de","target":"5e17647a-4936-4ff7-836e-031732fc9836","agreement":true,"isActive":true,"date":1702311096383,"kind":"Connector","isSelected":false,"intensity":3,"isDeletable":true,"isOver":false,"isBidirectional":false,"eventLog":[{"time":1702311096383,"type":"create connection"}]},{"id":"fbef1b18-6db1-419b-97b9-0246f1e5b3b7","source":"c2c66aee-5973-4da4-8b54-f38e034bf809","target":"5e17647a-4936-4ff7-836e-031732fc9836","agreement":true,"isActive":true,"date":1702311120566,"kind":"Connector","isSelected":false,"intensity":3,"isDeletable":true,"isOver":false,"isBidirectional":false,"eventLog":[{"time":1702311120566,"type":"create connection"}]},{"id":"7d4e0151-eec7-44e8-b733-73b7520c855d","source":"67796a42-78d6-4f9a-9560-432840fef732","target":"ccb7b19e-d2dd-4b26-86ba-cceda3b32aa5","agreement":true,"isActive":true,"date":1702311195174,"kind":"Connector","isSelected":false,"intensity":3,"isDeletable":true,"isOver":false,"isBidirectional":false,"eventLog":[{"time":1702311195174,"type":"create connection"}]},{"id":"614ff82b-6ccd-4382-a130-6bdc57d3d525","source":"67796a42-78d6-4f9a-9560-432840fef732","target":"595feba1-ced4-4768-993a-9ba8fbbcb630","agreement":true,"isActive":true,"date":1702311214896,"kind":"Connector","isSelected":false,"intensity":3,"isDeletable":true,"isOver":false,"isBidirectional":false,"eventLog":[{"time":1702311214896,"type":"create connection"}]},{"id":"e3fa3bff-1f41-4a2a-89af-5646b570c7a5","source":"5e17647a-4936-4ff7-836e-031732fc9836","target":"13c64592-97a4-4abd-826c-4c9c5112f8ed","agreement":true,"isActive":true,"date":1702311274419,"kind":"Connector","isSelected":false,"intensity":3,"isDeletable":true,"isOver":false,"isBidirectional":false,"eventLog":[{"time":1702311274419,"type":"create connection"}]},{"id":"03644da5-3988-478a-8a6e-6729807915e9","source":"5e17647a-4936-4ff7-836e-031732fc9836","target":"df96c956-66df-478b-8917-7c45b6f5fd32","agreement":true,"isActive":true,"date":1702311302030,"kind":"Connector","isSelected":false,"intensity":3,"isDeletable":true,"isOver":false,"isBidirectional":false,"eventLog":[{"time":1702311302030,"type":"create connection"}]},{"id":"cf8f78fd-3842-4ffb-9627-44ea89eee4e2","source":"5e17647a-4936-4ff7-836e-031732fc9836","target":"31fb5e1f-59f5-467b-b814-6aafe0ab4f9c","agreement":true,"isActive":true,"date":1702311334271,"kind":"Connector","isSelected":false,"intensity":3,"isDeletable":true,"isOver":false,"isBidirectional":false,"eventLog":[{"time":1702311334271,"type":"create connection"}]},{"id":"9cb16cd7-ccad-4ad8-98f8-f21425152c26","source":"5e17647a-4936-4ff7-836e-031732fc9836","target":"66e519cd-ded5-4583-9b0c-46b4ff97cc83","agreement":true,"isActive":true,"date":1702311352592,"kind":"Connector","isSelected":false,"intensity":3,"isDeletable":true,"isOver":false,"isBidirectional":false,"eventLog":[{"time":1702311352592,"type":"create connection"}]},{"id":"1c3441b9-d634-48e4-8450-2e48e91f1de6","source":"d26ebd09-4e7d-4b14-b35a-db8c842500de","target":"67796a42-78d6-4f9a-9560-432840fef732","agreement":true,"isActive":true,"date":1702311377277,"kind":"Connector","isSelected":false,"intensity":3,"isDeletable":true,"isOver":false,"isBidirectional":false,"eventLog":[{"time":1702311377277,"type":"create connection"}]},{"id":"654c4585-87be-44a6-9c79-4c0b04a0965a","source":"67796a42-78d6-4f9a-9560-432840fef732","target":"01ae0f03-bf25-44f2-8ab7-24ccfb1d8b46","agreement":true,"isActive":true,"date":1702311393763,"kind":"Connector","isSelected":false,"intensity":3,"isDeletable":true,"isOver":false,"isBidirectional":false,"eventLog":[{"time":1702311393763,"type":"create connection"}]},{"id":"8dab757d-fd78-4b6c-8cb9-fb59c757b6d8","source":"2d299ab6-5d76-4466-b841-08b9a2b5b753","target":"67796a42-78d6-4f9a-9560-432840fef732","agreement":true,"isActive":true,"date":1702311417099,"kind":"Connector","isSelected":false,"intensity":3,"isDeletable":true,"isOver":false,"isBidirectional":false,"eventLog":[{"time":1702311417099,"type":"create connection"}]},{"id":"ea518a58-8fb5-4e2a-ba80-3ee7a8732f96","source":"67796a42-78d6-4f9a-9560-432840fef732","target":"8e59dc52-7eb4-4cc3-894c-049ea62357c3","agreement":true,"isActive":true,"date":1702311434906,"kind":"Connector","isSelected":false,"intensity":3,"isDeletable":true,"isOver":false,"isBidirectional":false,"eventLog":[{"time":1702311434906,"type":"create connection"}]},{"id":"7514c226-2c06-49ff-8c1a-95817582f46e","source":"8e59dc52-7eb4-4cc3-894c-049ea62357c3","target":"5d7e1cfa-b8ec-4a66-a60d-9522c6faeaa0","agreement":true,"isActive":true,"date":1702311456331,"kind":"Connector","isSelected":false,"intensity":3,"isDeletable":true,"isOver":false,"isBidirectional":false,"eventLog":[{"time":1702311456331,"type":"create connection"}]},{"id":"cd7a12a0-5bfb-442b-a340-27619cf63a3c","source":"351a7c0e-0487-4e9f-ae11-a74229b9d3e9","target":"5e17647a-4936-4ff7-836e-031732fc9836","agreement":true,"isActive":true,"date":1702311459772,"kind":"Connector","isSelected":false,"intensity":3,"isDeletable":true,"isOver":false,"isBidirectional":false,"eventLog":[{"time":1702311459772,"type":"create connection"}]}],"currentID":{},"currentNode":{},"hasSelectedNode":[false],"currentConnector":{},"hasSelectedConnector":[false],"readyToMove":[false],"isIncoming":[false],"hasElementMoved":[false]}
