{"idCAM":["63ff4f0c-c090-435e-af21-747074124355"],"creator":["65426792dac360c44e4908a7_post"],"projectCAM":["S2_CAM part 2"],"defocusCAM":[],"date":[1702378230826],"nodes":[{"id":"f87379e9-b98b-48d4-bd5e-94f0f94ef46d","value":10,"text":"rescue robot","comment":"","position":{"x":650,"y":400},"isActive":true,"date":1702378231738,"kind":"Node","isSelected":false,"isConnectorSelected":false,"isDraggable":0,"isDeletable":0,"hasElementMoved":false,"eventLog":[{"time":1702378231738,"type":"create node","value":10}],"isTextChangeable":0},{"id":"e4d86fc4-a26d-4fb1-b951-bfb8f0aa0a84","value":0,"text":"disadvantages","comment":"","position":{"x":450,"y":400},"isActive":true,"date":1702378231738,"kind":"Node","isSelected":false,"isConnectorSelected":false,"isDraggable":0,"isDeletable":0,"hasElementMoved":false,"eventLog":[{"time":1702378231738,"type":"create node","value":0}],"isTextChangeable":0},{"id":"c4be77ef-cc0f-4acc-b360-6c28f7c2e197","value":0,"text":"advantages","comment":"","position":{"x":850,"y":400},"isActive":true,"date":1702378231738,"kind":"Node","isSelected":false,"isConnectorSelected":false,"isDraggable":0,"isDeletable":0,"hasElementMoved":false,"eventLog":[{"time":1702378231738,"type":"create node","value":0}],"isTextChangeable":0},{"id":"7029e357-58c4-495b-a659-6b9d3800853d","value":3,"text":"fast reaction time","comment":"","position":{"x":1021,"y":292},"isActive":true,"date":1702378231738,"kind":"Node","isSelected":false,"isConnectorSelected":false,"isDraggable":1,"isDeletable":1,"hasElementMoved":false,"eventLog":[{"time":1702378231738,"type":"create node","value":3}],"isTextChangeable":1},{"id":"1365fa2e-1dbf-467a-8bd4-a45ae8b86d66","value":2,"text":"24/7 availability","comment":"","position":{"x":1051,"y":397},"isActive":true,"date":1702378231738,"kind":"Node","isSelected":false,"isConnectorSelected":false,"isDraggable":1,"isDeletable":1,"hasElementMoved":false,"eventLog":[{"time":1702378231738,"type":"create node","value":2}],"isTextChangeable":1},{"id":"8774a30f-376e-46cd-82ca-26730c9063fd","value":1,"text":"remote control","comment":"","position":{"x":1045,"y":496},"isActive":true,"date":1702378231738,"kind":"Node","isSelected":false,"isConnectorSelected":false,"isDraggable":1,"isDeletable":1,"hasElementMoved":false,"eventLog":[{"time":1702378231738,"type":"create node","value":1}],"isTextChangeable":1},{"id":"0b0891bb-7256-4afa-bca9-cdbe5f542522","value":-3,"text":"technical errors","comment":"","position":{"x":326,"y":268},"isActive":true,"date":1702378231738,"kind":"Node","isSelected":false,"isConnectorSelected":false,"isDraggable":1,"isDeletable":1,"hasElementMoved":false,"eventLog":[{"time":1702378231738,"type":"create node","value":-3}],"isTextChangeable":1},{"id":"f6633c6c-3191-45f1-9454-bfc9824e3d9e","value":-3,"text":"limited intuition","comment":"","position":{"x":275,"y":357},"isActive":true,"date":1702378231738,"kind":"Node","isSelected":false,"isConnectorSelected":false,"isDraggable":1,"isDeletable":1,"hasElementMoved":false,"eventLog":[{"time":1702378231738,"type":"create node","value":-3}],"isTextChangeable":1},{"id":"d9d21499-458a-469f-9148-541e08aee7eb","value":-3,"text":"security concerns","comment":"","position":{"x":270,"y":483},"isActive":true,"date":1702378231738,"kind":"Node","isSelected":false,"isConnectorSelected":false,"isDraggable":1,"isDeletable":1,"hasElementMoved":false,"eventLog":[{"time":1702378231738,"type":"create node","value":-3}],"isTextChangeable":1},{"id":"95e49b79-60a5-4540-8896-62de9723cb45","value":-2,"text":"ethics","comment":"","position":{"x":402,"y":521},"isActive":true,"date":1702378231738,"kind":"Node","isSelected":false,"isConnectorSelected":false,"isDraggable":1,"isDeletable":1,"hasElementMoved":false,"eventLog":[{"time":1702378231738,"type":"create node","value":-2}],"isTextChangeable":1},{"id":"a684ecb3-a027-4bd6-8043-752b80c14412","value":-2,"text":"costs","comment":"","position":{"x":439,"y":233},"isActive":true,"date":1702378231738,"kind":"Node","isSelected":false,"isConnectorSelected":false,"isDraggable":1,"isDeletable":1,"hasElementMoved":false,"eventLog":[{"time":1702378231738,"type":"create node","value":-2}],"isTextChangeable":1},{"id":"60a9a8ee-f8af-4de8-a9d1-561c8b362054","value":-3,"text":"environmental impacts","comment":"","position":{"x":533,"y":525},"isActive":true,"date":1702378231738,"kind":"Node","isSelected":false,"isConnectorSelected":false,"isDraggable":1,"isDeletable":1,"hasElementMoved":false,"eventLog":[{"time":1702378231738,"type":"create node","value":-3}],"isTextChangeable":1},{"id":"33abda6a-f2e8-4473-9ab0-67ef2b97a803","value":2,"text":"precise data transmission","comment":"","position":{"x":928,"y":202},"isActive":true,"date":1702378231738,"kind":"Node","isSelected":false,"isConnectorSelected":false,"isDraggable":1,"isDeletable":1,"hasElementMoved":false,"eventLog":[{"time":1702378231738,"type":"create node","value":2}],"isTextChangeable":1},{"id":"8dce8a41-a973-4c17-b721-b379ab1b2133","value":0,"text":"","comment":"","position":{"x":792,"y":583},"isActive":false,"date":1702378240945,"kind":"Node","isSelected":false,"isConnectorSelected":false,"isDraggable":1,"isDeletable":1,"hasElementMoved":false,"eventLog":[{"time":1702378240945,"type":"create node","value":0},{"time":1702378254995,"type":"selected","value":1},{"time":1702378256282,"type":"node was deleted","value":-99}],"isTextChangeable":1}],"connectors":[{"id":"9dd468ec-2e3b-493d-a0e8-3cd3032663d9","source":"f87379e9-b98b-48d4-bd5e-94f0f94ef46d","target":"e4d86fc4-a26d-4fb1-b951-bfb8f0aa0a84","agreement":true,"isActive":true,"date":1702378231739,"kind":"Connector","isSelected":false,"intensity":3,"isDeletable":false,"isOver":false,"isBidirectional":false,"eventLog":[{"time":1702378231739,"type":"create connection"}]},{"id":"5cf8f3ae-9fd9-465c-b2c2-fcab6c3d8121","source":"f87379e9-b98b-48d4-bd5e-94f0f94ef46d","target":"c4be77ef-cc0f-4acc-b360-6c28f7c2e197","agreement":true,"isActive":true,"date":1702378231739,"kind":"Connector","isSelected":false,"intensity":3,"isDeletable":true,"isOver":false,"isBidirectional":false,"eventLog":[{"time":1702378231739,"type":"create connection"}]},{"id":"e64143fa-af51-4bed-b3d8-47bf5b1cf0b4","source":"7029e357-58c4-495b-a659-6b9d3800853d","target":"c4be77ef-cc0f-4acc-b360-6c28f7c2e197","agreement":true,"isActive":true,"date":1702378231739,"kind":"Connector","isSelected":false,"intensity":3,"isDeletable":true,"isOver":false,"isBidirectional":false,"eventLog":[{"time":1702378231739,"type":"create connection"}]},{"id":"1ae12f96-332f-4c77-9da3-c1382c7ddf2a","source":"c4be77ef-cc0f-4acc-b360-6c28f7c2e197","target":"1365fa2e-1dbf-467a-8bd4-a45ae8b86d66","agreement":true,"isActive":true,"date":1702378231739,"kind":"Connector","isSelected":false,"intensity":3,"isDeletable":true,"isOver":false,"isBidirectional":false,"eventLog":[{"time":1702378231739,"type":"create connection"}]},{"id":"15414ad3-222e-46cd-96de-fdf11adbf4e4","source":"8774a30f-376e-46cd-82ca-26730c9063fd","target":"c4be77ef-cc0f-4acc-b360-6c28f7c2e197","agreement":true,"isActive":true,"date":1702378231739,"kind":"Connector","isSelected":false,"intensity":3,"isDeletable":true,"isOver":false,"isBidirectional":false,"eventLog":[{"time":1702378231739,"type":"create connection"}]},{"id":"73c59659-6dbb-437f-b89e-3c5dbd6867cc","source":"e4d86fc4-a26d-4fb1-b951-bfb8f0aa0a84","target":"0b0891bb-7256-4afa-bca9-cdbe5f542522","agreement":true,"isActive":true,"date":1702378231739,"kind":"Connector","isSelected":false,"intensity":3,"isDeletable":true,"isOver":false,"isBidirectional":false,"eventLog":[{"time":1702378231739,"type":"create connection"}]},{"id":"9769d90a-f746-421f-8102-a0647ad6db29","source":"e4d86fc4-a26d-4fb1-b951-bfb8f0aa0a84","target":"f6633c6c-3191-45f1-9454-bfc9824e3d9e","agreement":true,"isActive":true,"date":1702378231739,"kind":"Connector","isSelected":false,"intensity":3,"isDeletable":true,"isOver":false,"isBidirectional":false,"eventLog":[{"time":1702378231739,"type":"create connection"}]},{"id":"e5a8f608-d7d1-45e4-8786-74ccb60770bd","source":"e4d86fc4-a26d-4fb1-b951-bfb8f0aa0a84","target":"d9d21499-458a-469f-9148-541e08aee7eb","agreement":true,"isActive":true,"date":1702378231739,"kind":"Connector","isSelected":false,"intensity":3,"isDeletable":true,"isOver":false,"isBidirectional":false,"eventLog":[{"time":1702378231739,"type":"create connection"}]},{"id":"e378b625-8e6e-48a5-9c2a-821bdfa6814e","source":"95e49b79-60a5-4540-8896-62de9723cb45","target":"e4d86fc4-a26d-4fb1-b951-bfb8f0aa0a84","agreement":true,"isActive":true,"date":1702378231739,"kind":"Connector","isSelected":false,"intensity":3,"isDeletable":true,"isOver":false,"isBidirectional":false,"eventLog":[{"time":1702378231739,"type":"create connection"}]},{"id":"31043241-dad3-4dda-9ca5-e23f15c5787f","source":"e4d86fc4-a26d-4fb1-b951-bfb8f0aa0a84","target":"a684ecb3-a027-4bd6-8043-752b80c14412","agreement":true,"isActive":true,"date":1702378231739,"kind":"Connector","isSelected":false,"intensity":3,"isDeletable":true,"isOver":false,"isBidirectional":false,"eventLog":[{"time":1702378231739,"type":"create connection"}]},{"id":"91249b34-26d7-4214-9a95-0db6c8c3a9b0","source":"60a9a8ee-f8af-4de8-a9d1-561c8b362054","target":"e4d86fc4-a26d-4fb1-b951-bfb8f0aa0a84","agreement":true,"isActive":true,"date":1702378231739,"kind":"Connector","isSelected":false,"intensity":3,"isDeletable":true,"isOver":false,"isBidirectional":false,"eventLog":[{"time":1702378231739,"type":"create connection"}]},{"id":"f9bb79df-d934-4285-b367-8c02f91e0cb6","source":"c4be77ef-cc0f-4acc-b360-6c28f7c2e197","target":"33abda6a-f2e8-4473-9ab0-67ef2b97a803","agreement":true,"isActive":true,"date":1702378231739,"kind":"Connector","isSelected":false,"intensity":3,"isDeletable":true,"isOver":false,"isBidirectional":false,"eventLog":[{"time":1702378231739,"type":"create connection"}]}],"currentID":{},"currentNode":{},"hasSelectedNode":[false],"currentConnector":{},"hasSelectedConnector":[false],"readyToMove":[false],"isIncoming":[false]}
