{"idCAM":["55958571-2cfc-4378-906f-c39d3c7565a7"],"creator":["6543aeb6dd91d965fc3df508_pre"],"projectCAM":["S2_CAM part 1"],"defocusCAM":[2],"date":[1702312521548],"nodes":[{"id":"81d2ac9b-ab4d-4e38-a976-f4e8e0e977ee","value":0,"text":"rescue robot","comment":"","position":{"x":650,"y":400},"isActive":true,"date":1702312522440,"kind":"Node","isSelected":false,"isConnectorSelected":false,"isDraggable":0,"isDeletable":0,"hasElementMoved":false,"eventLog":[{"time":1702312522440,"type":"create node","value":0}],"isTextChangeable":0},{"id":"d73d5b0f-a516-48c4-8235-190c2212843b","value":0,"text":"disadvantages","comment":"","position":{"x":450,"y":400},"isActive":true,"date":1702312522441,"kind":"Node","isSelected":false,"isConnectorSelected":false,"isDraggable":0,"isDeletable":0,"hasElementMoved":false,"eventLog":[{"time":1702312522441,"type":"create node","value":0},{"time":1702312773283,"type":"selected","value":1},{"time":1702312775741,"type":"selected","value":0},{"time":1702312957531,"type":"selected","value":1},{"time":1702312958421,"type":"selected","value":0},{"time":1702313100389,"type":"selected","value":1},{"time":1702313101533,"type":"selected","value":0}],"isTextChangeable":0},{"id":"14040fcd-8252-4300-a78c-afe8e6802cdf","value":0,"text":"advantages","comment":"","position":{"x":850,"y":400},"isActive":true,"date":1702312522441,"kind":"Node","isSelected":false,"isConnectorSelected":false,"isDraggable":0,"isDeletable":0,"hasElementMoved":false,"eventLog":[{"time":1702312522441,"type":"create node","value":0},{"time":1702312551453,"type":"selected","value":1},{"time":1702312555788,"type":"selected","value":0},{"time":1702312562570,"type":"selected","value":1},{"time":1702312564141,"type":"selected","value":0}],"isTextChangeable":0},{"id":"d2f7c689-5a88-4a70-9e64-e2047f5d84b2","value":3,"text":"dangerous areas","comment":"","position":{"x":850,"y":481},"isActive":true,"date":1702312556489,"kind":"Node","isSelected":false,"isConnectorSelected":false,"isDraggable":1,"isDeletable":1,"hasElementMoved":false,"eventLog":[{"time":"1702312556489","type":"create node","value":[0]},{"time":"2023-12-11T16:35:57.488Z","type":"position","value":{"x":[842],"y":[473]}},{"time":"1702312570267","type":"selected","value":[true]},{"time":"1702312648880","type":"text","value":["gefährlichen Bereichen"]},{"time":"1702312648880","type":"value","value":[3]},{"time":"1702312648880","type":"selected","value":[false]},{"time":"1702313255985","type":"selected","value":[true]},{"time":"1702313259329","type":"selected","value":[false]}],"isTextChangeable":1},{"id":"a47d86f2-9d8e-41b9-9425-dc039d7d39e0","value":10,"text":"size","comment":"","position":{"x":649,"y":502},"isActive":true,"date":1702312654196,"kind":"Node","isSelected":false,"isConnectorSelected":false,"isDraggable":1,"isDeletable":1,"hasElementMoved":false,"eventLog":[{"time":"1702312654196","type":"create node","value":[0]},{"time":"2023-12-11T16:37:35.179Z","type":"position","value":{"x":[954],"y":[394]}},{"time":"1702312691209","type":"selected","value":[true]},{"time":"1702312711887","type":"selected","value":[false]},{"time":"1702312795404","type":"selected","value":[true]},{"time":"1702312822495","type":"text","value":["Grösse"]},{"time":"1702312822495","type":"value","value":[10]},{"time":"1702312822495","type":"selected","value":[false]},{"time":"2023-12-11T16:40:23.192Z","type":"position","value":{"x":[981],"y":[397]}},{"time":"2023-12-11T16:40:23.294Z","type":"position","value":{"x":[805],"y":[361]}},{"time":"2023-12-11T16:40:23.662Z","type":"position","value":{"x":[650],"y":[367]}}],"isTextChangeable":1},{"id":"3e1619c7-3cc8-4787-ac0f-d68d679753a9","value":0,"text":"","comment":"","position":{"x":854,"y":316},"isActive":false,"date":1702312665313,"kind":"Node","isSelected":false,"isConnectorSelected":false,"isDraggable":1,"isDeletable":1,"hasElementMoved":false,"eventLog":[{"time":"1702312665313","type":"create node","value":[0]},{"time":"2023-12-11T16:37:49.113Z","type":"position","value":{"x":[912],"y":[397]}},{"time":"1702312850693","type":"selected","value":[true]},{"time":"1702312851827","type":"node was deleted","value":[-99]}],"isTextChangeable":1},{"id":"d96b2a51-a0d4-4fe0-96c3-8580adf1959c","value":-1,"text":"programming difficulties","comment":"","position":{"x":451,"y":469},"isActive":true,"date":1702312672380,"kind":"Node","isSelected":false,"isConnectorSelected":false,"isDraggable":1,"isDeletable":1,"hasElementMoved":false,"eventLog":[{"time":"1702312672380","type":"create node","value":[0]},{"time":"1702312672462","type":"selected","value":[true]},{"time":"1702312674084","type":"selected","value":[false]},{"time":"2023-12-11T16:38:02.764Z","type":"position","value":{"x":[916],"y":[395]}},{"time":"2023-12-11T16:38:02.867Z","type":"position","value":{"x":[1033],"y":[243]}},{"time":"2023-12-11T16:38:02.883Z","type":"position","value":{"x":[1069],"y":[204]}},{"time":"1702312686027","type":"selected","value":[true]},{"time":"1702312687384","type":"selected","value":[false]},{"time":"2023-12-11T16:38:08.265Z","type":"position","value":{"x":[1150],"y":[127]}},{"time":"2023-12-11T16:38:08.317Z","type":"position","value":{"x":[952],"y":[179]}},{"time":"2023-12-11T16:38:08.333Z","type":"position","value":{"x":[801],"y":[229]}},{"time":"2023-12-11T16:38:08.350Z","type":"position","value":{"x":[676],"y":[280]}},{"time":"2023-12-11T16:38:08.368Z","type":"position","value":{"x":[598],"y":[318]}},{"time":"2023-12-11T16:38:08.719Z","type":"position","value":{"x":[446],"y":[438]}},{"time":"2023-12-11T16:38:32.600Z","type":"position","value":{"x":[435],"y":[488]}},{"time":"1702312714197","type":"selected","value":[true]},{"time":"1702312754238","type":"text","value":["Programmierschwierigkeiten"]},{"time":"1702312754238","type":"value","value":[-1]},{"time":"1702312754238","type":"selected","value":[false]},{"time":"2023-12-11T16:39:23.004Z","type":"position","value":{"x":[458],"y":[475]}},{"time":"2023-12-11T16:39:24.705Z","type":"position","value":{"x":[457],"y":[439]}},{"time":"2023-12-11T16:39:26.455Z","type":"position","value":{"x":[445],"y":[464]}},{"time":"2023-12-11T16:39:27.621Z","type":"position","value":{"x":[444],"y":[396]}},{"time":"2023-12-11T16:39:31.638Z","type":"position","value":{"x":[437],"y":[502]}}],"isTextChangeable":1},{"id":"69c12519-0c8d-48cd-80fb-d7d3641603b1","value":0,"text":"","comment":"","position":{"x":300,"y":401},"isActive":false,"date":1702312756120,"kind":"Node","isSelected":false,"isConnectorSelected":false,"isDraggable":1,"isDeletable":1,"hasElementMoved":false,"eventLog":[{"time":"1702312756120","type":"create node","value":[0]},{"time":"1702312756199","type":"selected","value":[true]},{"time":"1702312758573","type":"selected","value":[false]},{"time":"2023-12-11T16:39:19.354Z","type":"position","value":{"x":[457],"y":[446]}},{"time":"2023-12-11T16:39:19.522Z","type":"position","value":{"x":[307],"y":[405]}},{"time":"1702312852922","type":"selected","value":[true]},{"time":"1702312854027","type":"node was deleted","value":[-99]}],"isTextChangeable":1},{"id":"90c09012-9ec0-45f2-9751-fa0ba80c494b","value":0,"text":"","comment":"","position":{"x":263,"y":557},"isActive":false,"date":1702312760653,"kind":"Node","isSelected":false,"isConnectorSelected":false,"isDraggable":1,"isDeletable":1,"hasElementMoved":false,"eventLog":[{"time":"1702312760653","type":"create node","value":[0]},{"time":"2023-12-11T16:39:21.654Z","type":"position","value":{"x":[449],"y":[441]}},{"time":"2023-12-11T16:39:21.806Z","type":"position","value":{"x":[288],"y":[546]}},{"time":"1702312854953","type":"selected","value":[true]},{"time":"1702312856244","type":"node was deleted","value":[-99]}],"isTextChangeable":1},{"id":"1ce5426e-4adb-465e-aeca-3708d5d8b194","value":0,"text":"","comment":"","position":{"x":1099,"y":157},"isActive":false,"date":1702312780089,"kind":"Node","isSelected":false,"isConnectorSelected":false,"isDraggable":1,"isDeletable":1,"hasElementMoved":false,"eventLog":[{"time":"1702312780089","type":"create node","value":[0]},{"time":"2023-12-11T16:39:41.172Z","type":"position","value":{"x":[923],"y":[401]}},{"time":"2023-12-11T16:39:41.291Z","type":"position","value":{"x":[903],"y":[554]}},{"time":"2023-12-11T16:39:45.906Z","type":"position","value":{"x":[977],"y":[394]}},{"time":"2023-12-11T16:39:45.935Z","type":"position","value":{"x":[1075],"y":[216]}},{"time":"2023-12-11T16:39:45.941Z","type":"position","value":{"x":[1135],"y":[116]}},{"time":"2023-12-11T16:39:45.958Z","type":"position","value":{"x":[1179],"y":[47]}},{"time":"1702312848822","type":"selected","value":[true]},{"time":"1702312849744","type":"node was deleted","value":[-99]}],"isTextChangeable":1},{"id":"56cde39c-4b3d-48ef-b0a7-b19251bdf52b","value":0,"text":"","comment":"","position":{"x":713,"y":476},"isActive":false,"date":1702312838943,"kind":"Node","isSelected":false,"isConnectorSelected":false,"isDraggable":1,"isDeletable":1,"hasElementMoved":false,"eventLog":[{"time":1702312838943,"type":"create node","value":0},{"time":1702312841823,"type":"selected","value":1},{"time":1702312843727,"type":"node was deleted","value":-99}],"isTextChangeable":1},{"id":"aa0057bd-27ab-4796-b970-48075c737454","value":0,"text":"","comment":"","position":{"x":875,"y":287},"isActive":false,"date":1702312845077,"kind":"Node","isSelected":false,"isConnectorSelected":false,"isDraggable":1,"isDeletable":1,"hasElementMoved":false,"eventLog":[{"time":1702312845077,"type":"create node","value":0},{"time":1702312846990,"type":"selected","value":1},{"time":1702312848077,"type":"node was deleted","value":-99}],"isTextChangeable":1},{"id":"bb7c55d6-9d1b-451f-9a09-1ecc001e179d","value":10,"text":"tools","comment":"","position":{"x":653,"y":308},"isActive":true,"date":1702312934650,"kind":"Node","isSelected":false,"isConnectorSelected":false,"isDraggable":1,"isDeletable":1,"hasElementMoved":false,"eventLog":[{"time":1702312934650,"type":"create node","value":"0"},{"time":1702312941331,"type":"selected","value":"TRUE"},{"time":1702312956539,"type":"text","value":"Werkzeuge"},{"time":1702312956539,"type":"value","value":"10"},{"time":1702312956539,"type":"selected","value":"FALSE"}],"isTextChangeable":1},{"id":"d7a3e2f2-f922-4153-9ed2-296499a08d41","value":2,"text":"bad weather","comment":"","position":{"x":851,"y":313},"isActive":true,"date":1702312972837,"kind":"Node","isSelected":false,"isConnectorSelected":false,"isDraggable":1,"isDeletable":1,"hasElementMoved":false,"eventLog":[{"time":"1702312972837","type":"create node","value":[0]},{"time":"1702313014251","type":"selected","value":[true]},{"time":"1702313028910","type":"text","value":["schlechtes Wetter"]},{"time":"1702313028910","type":"value","value":[2]},{"time":"1702313028910","type":"selected","value":[false]},{"time":"2023-12-11T16:43:49.724Z","type":"position","value":{"x":[861],"y":[313]}}],"isTextChangeable":1},{"id":"252fab44-8a3c-4d02-b259-5f4f186178ca","value":3,"text":"endurance","comment":"","position":{"x":978,"y":400},"isActive":true,"date":1702313052108,"kind":"Node","isSelected":false,"isConnectorSelected":false,"isDraggable":1,"isDeletable":1,"hasElementMoved":false,"eventLog":[{"time":"1702313052108","type":"create node","value":[0]},{"time":"2023-12-11T16:44:19.875Z","type":"position","value":{"x":[336],"y":[401]}},{"time":"2023-12-11T16:44:19.946Z","type":"position","value":{"x":[627],"y":[384]}},{"time":"2023-12-11T16:44:19.962Z","type":"position","value":{"x":[815],"y":[388]}},{"time":"2023-12-11T16:44:19.996Z","type":"position","value":{"x":[1033],"y":[420]}},{"time":"1702313062083","type":"selected","value":[true]},{"time":"1702313068595","type":"text","value":["Ausdauer"]},{"time":"1702313068595","type":"value","value":[3]},{"time":"1702313068595","type":"selected","value":[false]}],"isTextChangeable":1},{"id":"13523cc8-c8c7-4595-a3c4-8926cf23b1d2","value":10,"text":"battery life","comment":"","position":{"x":651,"y":599},"isActive":true,"date":1702313081595,"kind":"Node","isSelected":false,"isConnectorSelected":false,"isDraggable":1,"isDeletable":1,"hasElementMoved":false,"eventLog":[{"time":"1702313081595","type":"create node","value":[0]},{"time":"2023-12-11T16:44:42.530Z","type":"position","value":{"x":[355],"y":[401]}},{"time":"2023-12-11T16:44:44.933Z","type":"position","value":{"x":[470],"y":[567]}},{"time":"2023-12-11T16:44:44.966Z","type":"position","value":{"x":[521],"y":[602]}},{"time":"2023-12-11T16:44:45.533Z","type":"position","value":{"x":[673],"y":[595]}},{"time":"1702313086988","type":"selected","value":[true]},{"time":"1702313100333","type":"text","value":["Batterielebensdauer"]},{"time":"1702313100333","type":"value","value":[10]},{"time":"1702313100333","type":"selected","value":[false]}],"isTextChangeable":1},{"id":"8b93bea8-e050-4ad4-a815-f61da52e4c9a","value":3,"text":"geolocation","comment":"","position":{"x":974,"y":319},"isActive":true,"date":1702313138567,"kind":"Node","isSelected":false,"isConnectorSelected":false,"isDraggable":1,"isDeletable":1,"hasElementMoved":false,"eventLog":[{"time":1702313138567,"type":"create node","value":"0"},{"time":1702313140711,"type":"selected","value":"TRUE"},{"time":1702313150354,"type":"text","value":"Geolokalisierung"},{"time":1702313150354,"type":"value","value":"2"},{"time":1702313150354,"type":"selected","value":"FALSE"},{"time":1702313155827,"type":"selected","value":"TRUE"},{"time":1702313157854,"type":"value","value":"3"},{"time":1702313157854,"type":"selected","value":"FALSE"}],"isTextChangeable":1},{"id":"cb18c875-9439-4238-accc-e0a21a196eb0","value":-2,"text":"CPR maneuver","comment":"cannot","position":{"x":458,"y":329},"isActive":true,"date":1702313192004,"kind":"Node","isSelected":false,"isConnectorSelected":false,"isDraggable":1,"isDeletable":1,"hasElementMoved":false,"eventLog":[{"time":1702313192004,"type":"create node","value":"0"},{"time":1702313195512,"type":"selected","value":"TRUE"},{"time":1702313219109,"type":"text","value":"CPR-Manöver"},{"time":1702313219109,"type":"value","value":"2"},{"time":1702313219109,"type":"comment","value":"kann nicht"},{"time":1702313219109,"type":"selected","value":"FALSE"},{"time":1702313228215,"type":"selected","value":"TRUE"},{"time":1702313231026,"type":"value","value":"-2"},{"time":1702313231026,"type":"selected","value":"FALSE"}],"isTextChangeable":1},{"id":"fe2a8bd5-d210-4ff7-a182-ce44a89243be","value":0,"text":"","comment":"","position":{"x":345,"y":398},"isActive":false,"date":1702313271628,"kind":"Node","isSelected":false,"isConnectorSelected":false,"isDraggable":1,"isDeletable":1,"hasElementMoved":false,"eventLog":[{"time":1702313271628,"type":"create node","value":0},{"time":1702313272656,"type":"selected","value":1},{"time":1702313324650,"type":"node was deleted","value":-99}],"isTextChangeable":1},{"id":"80c847a4-1137-412a-9a08-1c69529d8c69","value":0,"text":"","comment":"","position":{"x":852,"y":159},"isActive":true,"date":1702313329833,"kind":"Node","isSelected":false,"isConnectorSelected":false,"isDraggable":1,"isDeletable":1,"hasElementMoved":false,"eventLog":[{"time":1702313329833,"type":"create node","value":0}],"isTextChangeable":1}],"connectors":[{"id":"ac145b33-0f29-48fd-a7bd-8a9ee870e725","source":"81d2ac9b-ab4d-4e38-a976-f4e8e0e977ee","target":"d73d5b0f-a516-48c4-8235-190c2212843b","agreement":true,"isActive":true,"date":1702312522441,"kind":"Connector","isSelected":false,"intensity":3,"isDeletable":false,"isOver":false,"isBidirectional":false,"eventLog":[{"time":1702312522441,"type":"create connection"}]},{"id":"b0cf6fb4-90ac-49e5-97ee-6e46d69175a6","source":"81d2ac9b-ab4d-4e38-a976-f4e8e0e977ee","target":"14040fcd-8252-4300-a78c-afe8e6802cdf","agreement":true,"isActive":true,"date":1702312522441,"kind":"Connector","isSelected":false,"intensity":3,"isDeletable":true,"isOver":false,"isBidirectional":false,"eventLog":[{"time":1702312522441,"type":"create connection"}]},{"id":"93ed1d46-4ea3-42db-a4da-91e36a8b70cc","source":"d2f7c689-5a88-4a70-9e64-e2047f5d84b2","target":"14040fcd-8252-4300-a78c-afe8e6802cdf","agreement":true,"isActive":true,"date":1702312562356,"kind":"Connector","isSelected":false,"intensity":9,"isDeletable":true,"isOver":false,"isBidirectional":false,"eventLog":[{"time":1702312562356,"type":"create connection"},{"time":1702312564817,"type":"selected","value":1},{"time":1702312569558,"type":"change intensity of connector","value":9},{"time":1702312569558,"type":"selected","value":0},{"time":1702312650389,"type":"selected","value":1},{"time":1702312651781,"type":"change intensity of connector","value":9},{"time":1702312651781,"type":"selected","value":0}]},{"id":"1c117aed-00cb-47df-a9ba-804587e4bcbf","source":"1ce5426e-4adb-465e-aeca-3708d5d8b194","target":"a47d86f2-9d8e-41b9-9425-dc039d7d39e0","agreement":true,"isActive":false,"date":1702312837643,"kind":"Connector","isSelected":false,"intensity":3,"isDeletable":true,"isOver":false,"isBidirectional":false,"eventLog":[{"time":1702312837644,"type":"create connection"},{"time":1702312849744,"type":"active","value":false}]},{"id":"e7aa5d0c-670d-4518-92fb-ddd6d8b3e0a3","source":"a47d86f2-9d8e-41b9-9425-dc039d7d39e0","target":"d73d5b0f-a516-48c4-8235-190c2212843b","agreement":true,"isActive":true,"date":1702312858078,"kind":"Connector","isSelected":false,"intensity":6,"isDeletable":true,"isOver":false,"isBidirectional":false,"eventLog":[{"time":1702312858078,"type":"create connection"},{"time":1702312876323,"type":"selected","value":1},{"time":1702312876729,"type":"change intensity of connector","value":3},{"time":1702312876729,"type":"selected","value":0},{"time":1702312878173,"type":"selected","value":1},{"time":1702312880598,"type":"change intensity of connector","value":6},{"time":1702312880598,"type":"selected","value":0}]},{"id":"0979b241-5683-4358-8253-b06762f3b60a","source":"a47d86f2-9d8e-41b9-9425-dc039d7d39e0","target":"14040fcd-8252-4300-a78c-afe8e6802cdf","agreement":true,"isActive":true,"date":1702312860311,"kind":"Connector","isSelected":false,"intensity":6,"isDeletable":true,"isOver":false,"isBidirectional":false,"eventLog":[{"time":1702312860311,"type":"create connection"},{"time":1702312871044,"type":"selected","value":1},{"time":1702312875915,"type":"change intensity of connector","value":6},{"time":1702312875915,"type":"selected","value":0}]},{"id":"3129a88d-53dc-4bc4-841b-a3a78a99fcc7","source":"d96b2a51-a0d4-4fe0-96c3-8580adf1959c","target":"d73d5b0f-a516-48c4-8235-190c2212843b","agreement":true,"isActive":true,"date":1702312863028,"kind":"Connector","isSelected":false,"intensity":6,"isDeletable":true,"isOver":false,"isBidirectional":false,"eventLog":[{"time":1702312863028,"type":"create connection"},{"time":1702312865622,"type":"selected","value":1},{"time":1702312870014,"type":"change intensity of connector","value":6},{"time":1702312870014,"type":"selected","value":0}]},{"id":"41d679fe-13e8-41d8-a95f-2f8eeeef80fe","source":"bb7c55d6-9d1b-451f-9a09-1ecc001e179d","target":"d73d5b0f-a516-48c4-8235-190c2212843b","agreement":true,"isActive":true,"date":1702312959469,"kind":"Connector","isSelected":false,"intensity":6,"isDeletable":true,"isOver":false,"isBidirectional":false,"eventLog":[{"time":1702312959469,"type":"create connection"},{"time":1702312961847,"type":"selected","value":1},{"time":1702312964171,"type":"change intensity of connector","value":6},{"time":1702312964171,"type":"selected","value":0}]},{"id":"803ac930-0da9-427e-8b02-9b890b91802c","source":"bb7c55d6-9d1b-451f-9a09-1ecc001e179d","target":"14040fcd-8252-4300-a78c-afe8e6802cdf","agreement":true,"isActive":true,"date":1702312960821,"kind":"Connector","isSelected":false,"intensity":6,"isDeletable":true,"isOver":false,"isBidirectional":false,"eventLog":[{"time":1702312960821,"type":"create connection"},{"time":1702312964564,"type":"selected","value":1},{"time":1702312964968,"type":"change intensity of connector","value":3},{"time":1702312964968,"type":"selected","value":0},{"time":1702312967230,"type":"selected","value":1},{"time":1702312969089,"type":"change intensity of connector","value":6},{"time":1702312969089,"type":"selected","value":0}]},{"id":"54170806-c4e4-48f3-8eda-40c3b420bd67","source":"14040fcd-8252-4300-a78c-afe8e6802cdf","target":"d7a3e2f2-f922-4153-9ed2-296499a08d41","agreement":true,"isActive":true,"date":1702313031961,"kind":"Connector","isSelected":false,"intensity":9,"isDeletable":true,"isOver":false,"isBidirectional":false,"eventLog":[{"time":1702313031961,"type":"create connection"},{"time":1702313033080,"type":"selected","value":1},{"time":1702313035075,"type":"change intensity of connector","value":9},{"time":1702313035075,"type":"selected","value":0}]},{"id":"5dbb3151-75f3-48ed-9933-2eb97aa916be","source":"14040fcd-8252-4300-a78c-afe8e6802cdf","target":"252fab44-8a3c-4d02-b259-5f4f186178ca","agreement":true,"isActive":true,"date":1702313069927,"kind":"Connector","isSelected":false,"intensity":6,"isDeletable":true,"isOver":false,"isBidirectional":false,"eventLog":[{"time":1702313069927,"type":"create connection"},{"time":1702313071084,"type":"selected","value":1},{"time":1702313080714,"type":"change intensity of connector","value":6},{"time":1702313080714,"type":"selected","value":0}]},{"id":"24b073d1-81e2-4720-beff-7f657707d11e","source":"13523cc8-c8c7-4595-a3c4-8926cf23b1d2","target":"d73d5b0f-a516-48c4-8235-190c2212843b","agreement":true,"isActive":true,"date":1702313103231,"kind":"Connector","isSelected":false,"intensity":6,"isDeletable":true,"isOver":false,"isBidirectional":false,"eventLog":[{"time":1702313103231,"type":"create connection"},{"time":1702313109990,"type":"selected","value":1},{"time":1702313137153,"type":"change intensity of connector","value":6},{"time":1702313137153,"type":"selected","value":0}]},{"id":"c664a7b0-407d-4a57-bc31-22fc04bf5036","source":"13523cc8-c8c7-4595-a3c4-8926cf23b1d2","target":"14040fcd-8252-4300-a78c-afe8e6802cdf","agreement":true,"isActive":true,"date":1702313104882,"kind":"Connector","isSelected":false,"intensity":6,"isDeletable":true,"isOver":false,"isBidirectional":false,"eventLog":[{"time":1702313104882,"type":"create connection"},{"time":1702313107371,"type":"selected","value":1},{"time":1702313109650,"type":"change intensity of connector","value":6},{"time":1702313109650,"type":"selected","value":0}]},{"id":"043f8fd7-0b8a-46b9-9bdf-32b864f8a569","source":"14040fcd-8252-4300-a78c-afe8e6802cdf","target":"8b93bea8-e050-4ad4-a815-f61da52e4c9a","agreement":true,"isActive":true,"date":1702313152029,"kind":"Connector","isSelected":false,"intensity":9,"isDeletable":true,"isOver":false,"isBidirectional":false,"eventLog":[{"time":1702313152029,"type":"create connection"},{"time":1702313153260,"type":"selected","value":1},{"time":1702313155738,"type":"change intensity of connector","value":9},{"time":1702313155738,"type":"selected","value":0}]},{"id":"5e9eb968-5b09-49c0-84c3-e8322f85cef8","source":"cb18c875-9439-4238-accc-e0a21a196eb0","target":"d73d5b0f-a516-48c4-8235-190c2212843b","agreement":true,"isActive":true,"date":1702313220191,"kind":"Connector","isSelected":false,"intensity":6,"isDeletable":true,"isOver":false,"isBidirectional":false,"eventLog":[{"time":1702313220191,"type":"create connection"},{"time":1702313222032,"type":"selected","value":1},{"time":1702313224359,"type":"change intensity of connector","value":6},{"time":1702313224359,"type":"selected","value":0}]},{"id":"ef24197a-09fb-41d3-a6c4-5540f94abbda","source":"d96b2a51-a0d4-4fe0-96c3-8580adf1959c","target":"bb7c55d6-9d1b-451f-9a09-1ecc001e179d","agreement":true,"isActive":false,"date":1702313227241,"kind":"Connector","isSelected":false,"intensity":3,"isDeletable":true,"isOver":false,"isBidirectional":false,"eventLog":[{"time":1702313227241,"type":"create connection"},{"time":1702313233519,"type":"selected","value":1},{"time":1702313235175,"type":"connector was deleted","value":-99},{"time":1702313235175,"type":"active","value":0}]}],"currentID":["80c847a4-1137-412a-9a08-1c69529d8c69"],"currentNode":{"id":["80c847a4-1137-412a-9a08-1c69529d8c69"],"value":[0],"text":[""],"comment":[""],"position":{"x":[852],"y":[159]},"isActive":[true],"date":[1702313329833],"kind":["Node"],"isSelected":[false],"isConnectorSelected":[false],"isDraggable":[1],"isDeletable":[1],"hasElementMoved":[false],"eventLog":[{"time":1702313329833,"type":"create node","value":0}],"isTextChangeable":[1]},"hasSelectedNode":[true],"currentConnector":{},"hasSelectedConnector":[false],"readyToMove":[true],"isIncoming":[false],"hasElementMoved":[false]}
