{"idCAM":["44ae2972-4a4f-4b25-9d6d-dff38f4e5425"],"creator":["6543cbb6e554d07ea95a1db8_post"],"projectCAM":["S2_CAM part 2"],"defocusCAM":[],"date":[1702292445919],"nodes":[{"id":"4cefd845-49fa-4ea7-970e-8e1281df372b","value":0,"text":"rescue robot","comment":"","position":{"x":650,"y":400},"isActive":true,"date":1702292446815,"kind":"Node","isSelected":false,"isConnectorSelected":false,"isDraggable":0,"isDeletable":0,"hasElementMoved":false,"eventLog":[{"time":1702292446815,"type":"create node","value":0},{"time":1702292470802,"type":"selected","value":1},{"time":1702292473763,"type":"selected","value":0}],"isTextChangeable":0},{"id":"3a2820fd-84a5-4b6b-88f9-b1e2fe8772a6","value":0,"text":"disadvantages","comment":"","position":{"x":450,"y":400},"isActive":true,"date":1702292446815,"kind":"Node","isSelected":false,"isConnectorSelected":false,"isDraggable":0,"isDeletable":0,"hasElementMoved":false,"eventLog":[{"time":1702292446815,"type":"create node","value":0}],"isTextChangeable":0},{"id":"1dcd79d2-bdde-42b5-99d7-ba69bcc3fa53","value":0,"text":"advantages","comment":"","position":{"x":850,"y":400},"isActive":true,"date":1702292446815,"kind":"Node","isSelected":false,"isConnectorSelected":false,"isDraggable":0,"isDeletable":0,"hasElementMoved":false,"eventLog":[{"time":1702292446815,"type":"create node","value":0}],"isTextChangeable":0},{"id":"01cf629a-0af2-4494-b1d3-c3f9669679b0","value":3,"text":"No people necessary","comment":"","position":{"x":1022.28,"y":255.44},"isActive":true,"date":1702292446815,"kind":"Node","isSelected":false,"isConnectorSelected":false,"isDraggable":1,"isDeletable":1,"hasElementMoved":false,"eventLog":[{"time":1702292446815,"type":"create node","value":3}],"isTextChangeable":1},{"id":"252dfbea-734d-4929-96b3-50c74a3560a1","value":3,"text":"reliable","comment":"","position":{"x":1075.28,"y":397.44},"isActive":true,"date":1702292446815,"kind":"Node","isSelected":false,"isConnectorSelected":false,"isDraggable":1,"isDeletable":1,"hasElementMoved":false,"eventLog":[{"time":1702292446815,"type":"create node","value":3}],"isTextChangeable":1},{"id":"42e8cd5a-660c-4486-bb4d-a7b3a0b56190","value":-1,"text":"possible discrimination","comment":"","position":{"x":137.28,"y":227.44},"isActive":true,"date":1702292446815,"kind":"Node","isSelected":false,"isConnectorSelected":false,"isDraggable":1,"isDeletable":1,"hasElementMoved":false,"eventLog":[{"time":"1702292446815","type":"create node","value":[-1]},{"time":"2023-12-11T11:01:50.585Z","type":"position","value":{"x":[247.28],"y":[305.44]}}],"isTextChangeable":1},{"id":"e34bd18d-9e7d-4646-9485-2d6ef8a97974","value":10,"text":"remote control","comment":"","position":{"x":661.28,"y":63.44},"isActive":true,"date":1702292446815,"kind":"Node","isSelected":false,"isConnectorSelected":false,"isDraggable":1,"isDeletable":1,"hasElementMoved":false,"eventLog":[{"time":"1702292446815","type":"create node","value":[10]},{"time":"2023-12-11T11:02:30.712Z","type":"position","value":{"x":[639.28],"y":[214.44]}},{"time":"2023-12-11T11:02:31.433Z","type":"position","value":{"x":[660.28],"y":[64.44]}}],"isTextChangeable":1},{"id":"a20c4f9d-634d-47a5-9ce1-3655370759ea","value":-2,"text":"immature","comment":"","position":{"x":91.28,"y":407.44},"isActive":true,"date":1702292446815,"kind":"Node","isSelected":false,"isConnectorSelected":false,"isDraggable":1,"isDeletable":1,"hasElementMoved":false,"eventLog":[{"time":"1702292446815","type":"create node","value":[-2]},{"time":"2023-12-11T11:01:52.773Z","type":"position","value":{"x":[219.28],"y":[539.44]}}],"isTextChangeable":1},{"id":"188c5cf0-2b7a-4fa4-b807-46c327087b0d","value":-2,"text":"risk of abuse","comment":"","position":{"x":112.28,"y":501.44},"isActive":true,"date":1702292446815,"kind":"Node","isSelected":false,"isConnectorSelected":false,"isDraggable":1,"isDeletable":1,"hasElementMoved":false,"eventLog":[{"time":"1702292446815","type":"create node","value":[-2]},{"time":"2023-12-11T11:01:53.622Z","type":"position","value":{"x":[374.28],"y":[566.44]}},{"time":"2023-12-11T11:01:53.752Z","type":"position","value":{"x":[224.28],"y":[550.44]}}],"isTextChangeable":1},{"id":"a1c262d2-2e9e-47c1-84a4-b2d0ba7bc276","value":3,"text":"stronger than humans","comment":"","position":{"x":980.28,"y":529.44},"isActive":true,"date":1702292446815,"kind":"Node","isSelected":false,"isConnectorSelected":false,"isDraggable":1,"isDeletable":1,"hasElementMoved":false,"eventLog":[{"time":1702292446815,"type":"create node","value":3}],"isTextChangeable":1},{"id":"b646f8b7-5212-4794-bf30-86443f922822","value":2,"text":"faster than humans","comment":"","position":{"x":967.28,"y":145.44},"isActive":true,"date":1702292446815,"kind":"Node","isSelected":false,"isConnectorSelected":false,"isDraggable":1,"isDeletable":1,"hasElementMoved":false,"eventLog":[{"time":1702292446815,"type":"create node","value":2}],"isTextChangeable":1},{"id":"8a07f81a-013c-449b-9ae6-7ed82a07c584","value":10,"text":"hard to program","comment":"","position":{"x":647.28,"y":571.44},"isActive":true,"date":1702292446815,"kind":"Node","isSelected":false,"isConnectorSelected":false,"isDraggable":1,"isDeletable":1,"hasElementMoved":false,"eventLog":[{"time":1702292446815,"type":"create node","value":10}],"isTextChangeable":1},{"id":"8eb5107b-6adb-4f5b-abb5-3f1fc6553fd2","value":-1,"text":"long test phases","comment":"","position":{"x":175.28,"y":85.44},"isActive":true,"date":1702292446815,"kind":"Node","isSelected":false,"isConnectorSelected":false,"isDraggable":1,"isDeletable":1,"hasElementMoved":false,"eventLog":[{"time":"1702292446815","type":"create node","value":[-1]},{"time":"2023-12-11T11:01:49.706Z","type":"position","value":{"x":[377.28],"y":[159.44]}},{"time":"2023-12-11T11:01:49.911Z","type":"position","value":{"x":[224.28],"y":[114.44]}}],"isTextChangeable":1},{"id":"30b4f104-0661-48c2-ae94-fcd035127294","value":2,"text":"less risk of injury","comment":"","position":{"x":939.28,"y":656.44},"isActive":true,"date":1702292482489,"kind":"Node","isSelected":false,"isConnectorSelected":false,"isDraggable":1,"isDeletable":1,"hasElementMoved":false,"eventLog":[{"time":1702292482489,"type":"create node","value":"0"},{"time":1702292483172,"type":"selected","value":"TRUE"},{"time":1702292491234,"type":"text","value":"weniger Verletzungsgefahr"},{"time":1702292491234,"type":"value","value":"2"},{"time":1702292491234,"type":"selected","value":"FALSE"}],"isTextChangeable":1},{"id":"cb8a43f6-9261-4e5a-ae6d-bd1b01d2389e","value":-2,"text":"hard to build","comment":"","position":{"x":77.28,"y":310.44},"isActive":true,"date":1702292500213,"kind":"Node","isSelected":false,"isConnectorSelected":false,"isDraggable":1,"isDeletable":1,"hasElementMoved":false,"eventLog":[{"time":"1702292500213","type":"create node","value":[0]},{"time":"1702292501573","type":"selected","value":[true]},{"time":"1702292506010","type":"text","value":["schwer zu bauen"]},{"time":"1702292506010","type":"value","value":[-2]},{"time":"1702292506010","type":"selected","value":[false]},{"time":"2023-12-11T11:01:46.352Z","type":"position","value":{"x":[145.28],"y":[403.44]}},{"time":"2023-12-11T11:01:51.304Z","type":"position","value":{"x":[178.28],"y":[386.44]}}],"isTextChangeable":1},{"id":"f7445639-d022-4ef9-8158-f991d7fb03a0","value":2,"text":"hard to reach areas","comment":"","position":{"x":1089.28,"y":499.44},"isActive":true,"date":1702292525284,"kind":"Node","isSelected":false,"isConnectorSelected":false,"isDraggable":1,"isDeletable":1,"hasElementMoved":false,"eventLog":[{"time":1702292525284,"type":"create node","value":"0"},{"time":1702292526076,"type":"selected","value":"TRUE"},{"time":1702292535503,"type":"text","value":"schwer zugängliche Bereiche"},{"time":1702292535503,"type":"value","value":"2"},{"time":1702292535503,"type":"selected","value":"FALSE"}],"isTextChangeable":1},{"id":"8a81888d-4dfa-4e6d-b6ff-536a1d974803","value":0,"text":"soft robot","comment":"","position":{"x":652.28,"y":264.44},"isActive":true,"date":1702292542823,"kind":"Node","isSelected":false,"isConnectorSelected":false,"isDraggable":1,"isDeletable":1,"hasElementMoved":false,"eventLog":[{"time":"1702292542823","type":"create node","value":[0]},{"time":"1702292543607","type":"selected","value":[true]},{"time":"1702292548312","type":"text","value":["soft Roboter"]},{"time":"1702292548312","type":"selected","value":[false]},{"time":"2023-12-11T11:02:29.797Z","type":"position","value":{"x":[668.28],"y":[314.44]}},{"time":"2023-12-11T11:02:31.901Z","type":"position","value":{"x":[668.28],"y":[296.44]}},{"time":"1702292554391","type":"selected","value":[true]},{"time":"1702292556336","type":"text","value":["Soft Roboter"]},{"time":"1702292556336","type":"selected","value":[false]},{"time":"1702292567119","type":"selected","value":[true]},{"time":"1702292568119","type":"selected","value":[false]}],"isTextChangeable":1},{"id":"6a78d0e8-6ce5-430b-aee1-f8e5d51b2eeb","value":-1,"text":"less precise","comment":"","position":{"x":405.28,"y":135.44},"isActive":true,"date":1702292568593,"kind":"Node","isSelected":false,"isConnectorSelected":false,"isDraggable":1,"isDeletable":1,"hasElementMoved":false,"eventLog":[{"time":1702292568593,"type":"create node","value":"0"},{"time":1702292568655,"type":"selected","value":"TRUE"},{"time":1702292579661,"type":"text","value":"Weniger präzise"},{"time":1702292579661,"type":"value","value":"-1"},{"time":1702292579661,"type":"selected","value":"FALSE"}],"isTextChangeable":1}],"connectors":[{"id":"8ce5e276-8749-46f3-8ded-47828ea32c13","source":"4cefd845-49fa-4ea7-970e-8e1281df372b","target":"3a2820fd-84a5-4b6b-88f9-b1e2fe8772a6","agreement":true,"isActive":true,"date":1702292446816,"kind":"Connector","isSelected":false,"intensity":3,"isDeletable":false,"isOver":false,"isBidirectional":false,"eventLog":[{"time":1702292446816,"type":"create connection"}]},{"id":"8d6f4b27-1be8-4492-a2b3-ba831c11df08","source":"4cefd845-49fa-4ea7-970e-8e1281df372b","target":"1dcd79d2-bdde-42b5-99d7-ba69bcc3fa53","agreement":true,"isActive":true,"date":1702292446816,"kind":"Connector","isSelected":false,"intensity":3,"isDeletable":true,"isOver":false,"isBidirectional":false,"eventLog":[{"time":1702292446816,"type":"create connection"}]},{"id":"d3a55607-6a60-4a06-9fbb-08b538994740","source":"1dcd79d2-bdde-42b5-99d7-ba69bcc3fa53","target":"01cf629a-0af2-4494-b1d3-c3f9669679b0","agreement":true,"isActive":true,"date":1702292446816,"kind":"Connector","isSelected":false,"intensity":9,"isDeletable":true,"isOver":false,"isBidirectional":false,"eventLog":[{"time":1702292446816,"type":"create connection"}]},{"id":"e78f0ae4-c4d0-4a9c-948c-91ea2b19bec6","source":"252dfbea-734d-4929-96b3-50c74a3560a1","target":"1dcd79d2-bdde-42b5-99d7-ba69bcc3fa53","agreement":true,"isActive":true,"date":1702292446816,"kind":"Connector","isSelected":false,"intensity":9,"isDeletable":true,"isOver":false,"isBidirectional":false,"eventLog":[{"time":1702292446816,"type":"create connection"}]},{"id":"656c3e3a-fa0a-4d99-bb0c-fa4267418564","source":"42e8cd5a-660c-4486-bb4d-a7b3a0b56190","target":"3a2820fd-84a5-4b6b-88f9-b1e2fe8772a6","agreement":false,"isActive":true,"date":1702292446816,"kind":"Connector","isSelected":false,"intensity":6,"isDeletable":true,"isOver":false,"isBidirectional":false,"eventLog":[{"time":1702292446816,"type":"create connection"}]},{"id":"b7c05040-ee13-4c0c-b6c8-1942a18fc86a","source":"e34bd18d-9e7d-4646-9485-2d6ef8a97974","target":"1dcd79d2-bdde-42b5-99d7-ba69bcc3fa53","agreement":true,"isActive":true,"date":1702292446816,"kind":"Connector","isSelected":false,"intensity":3,"isDeletable":true,"isOver":false,"isBidirectional":false,"eventLog":[{"time":1702292446816,"type":"create connection"}]},{"id":"d7651bfd-e4b8-43fd-835d-800bc73747a5","source":"3a2820fd-84a5-4b6b-88f9-b1e2fe8772a6","target":"e34bd18d-9e7d-4646-9485-2d6ef8a97974","agreement":true,"isActive":true,"date":1702292446816,"kind":"Connector","isSelected":false,"intensity":3,"isDeletable":true,"isOver":false,"isBidirectional":false,"eventLog":[{"time":1702292446816,"type":"create connection"}]},{"id":"b37d4734-042c-4270-8a06-2089d9ea51a5","source":"3a2820fd-84a5-4b6b-88f9-b1e2fe8772a6","target":"a20c4f9d-634d-47a5-9ce1-3655370759ea","agreement":false,"isActive":true,"date":1702292446816,"kind":"Connector","isSelected":false,"intensity":6,"isDeletable":true,"isOver":false,"isBidirectional":false,"eventLog":[{"time":1702292446816,"type":"create connection"}]},{"id":"586c281d-f9ad-42a7-a461-99ea8cc8cbf3","source":"3a2820fd-84a5-4b6b-88f9-b1e2fe8772a6","target":"188c5cf0-2b7a-4fa4-b807-46c327087b0d","agreement":true,"isActive":true,"date":1702292446816,"kind":"Connector","isSelected":false,"intensity":3,"isDeletable":true,"isOver":false,"isBidirectional":false,"eventLog":[{"time":1702292446816,"type":"create connection"}]},{"id":"4fbada7b-8ba5-465e-9dc2-bedbf73f680e","source":"1dcd79d2-bdde-42b5-99d7-ba69bcc3fa53","target":"a1c262d2-2e9e-47c1-84a4-b2d0ba7bc276","agreement":true,"isActive":true,"date":1702292446816,"kind":"Connector","isSelected":false,"intensity":3,"isDeletable":true,"isOver":false,"isBidirectional":false,"eventLog":[{"time":1702292446816,"type":"create connection"}]},{"id":"84e05616-a64b-48b2-a624-0f2c8e890a44","source":"b646f8b7-5212-4794-bf30-86443f922822","target":"1dcd79d2-bdde-42b5-99d7-ba69bcc3fa53","agreement":true,"isActive":true,"date":1702292446816,"kind":"Connector","isSelected":false,"intensity":3,"isDeletable":true,"isOver":false,"isBidirectional":false,"eventLog":[{"time":1702292446816,"type":"create connection"}]},{"id":"bafe1b80-b694-46cd-812a-4832bb39fc32","source":"1dcd79d2-bdde-42b5-99d7-ba69bcc3fa53","target":"8a07f81a-013c-449b-9ae6-7ed82a07c584","agreement":true,"isActive":true,"date":1702292446816,"kind":"Connector","isSelected":false,"intensity":3,"isDeletable":true,"isOver":false,"isBidirectional":false,"eventLog":[{"time":1702292446816,"type":"create connection"}]},{"id":"188b58c7-1d80-47b2-8c4c-0650786b807a","source":"3a2820fd-84a5-4b6b-88f9-b1e2fe8772a6","target":"8a07f81a-013c-449b-9ae6-7ed82a07c584","agreement":true,"isActive":true,"date":1702292446816,"kind":"Connector","isSelected":false,"intensity":3,"isDeletable":true,"isOver":false,"isBidirectional":false,"eventLog":[{"time":1702292446816,"type":"create connection"}]},{"id":"70630c4f-6c91-4d45-b2ea-f02151d9c9a4","source":"8eb5107b-6adb-4f5b-abb5-3f1fc6553fd2","target":"3a2820fd-84a5-4b6b-88f9-b1e2fe8772a6","agreement":true,"isActive":true,"date":1702292446816,"kind":"Connector","isSelected":false,"intensity":3,"isDeletable":true,"isOver":false,"isBidirectional":false,"eventLog":[{"time":1702292446816,"type":"create connection"}]},{"id":"793eeb0e-05f1-41fd-8ede-b76377fa2d67","source":"1dcd79d2-bdde-42b5-99d7-ba69bcc3fa53","target":"30b4f104-0661-48c2-ae94-fcd035127294","agreement":true,"isActive":true,"date":1702292492025,"kind":"Connector","isSelected":false,"intensity":3,"isDeletable":true,"isOver":false,"isBidirectional":false,"eventLog":[{"time":1702292492025,"type":"create connection"}]},{"id":"b0e7bf3e-ac31-4173-8a27-ccc088850e61","source":"3a2820fd-84a5-4b6b-88f9-b1e2fe8772a6","target":"cb8a43f6-9261-4e5a-ae6d-bd1b01d2389e","agreement":true,"isActive":true,"date":1702292507790,"kind":"Connector","isSelected":false,"intensity":3,"isDeletable":true,"isOver":false,"isBidirectional":false,"eventLog":[{"time":1702292507790,"type":"create connection"}]},{"id":"6771c681-7932-4775-bb44-a700c0453aa5","source":"1dcd79d2-bdde-42b5-99d7-ba69bcc3fa53","target":"f7445639-d022-4ef9-8158-f991d7fb03a0","agreement":true,"isActive":true,"date":1702292536724,"kind":"Connector","isSelected":false,"intensity":3,"isDeletable":true,"isOver":false,"isBidirectional":false,"eventLog":[{"time":1702292536724,"type":"create connection"}]},{"id":"b4647ef9-441e-4426-8694-04994a9c8b7a","source":"8a81888d-4dfa-4e6d-b6ff-536a1d974803","target":"4cefd845-49fa-4ea7-970e-8e1281df372b","agreement":true,"isActive":true,"date":1702292548935,"kind":"Connector","isSelected":false,"intensity":3,"isDeletable":true,"isOver":false,"isBidirectional":false,"eventLog":[{"time":1702292548935,"type":"create connection"}]},{"id":"8f535bbe-c5a2-47fc-a84f-23a69e999698","source":"6a78d0e8-6ce5-430b-aee1-f8e5d51b2eeb","target":"8a81888d-4dfa-4e6d-b6ff-536a1d974803","agreement":true,"isActive":true,"date":1702292580607,"kind":"Connector","isSelected":false,"intensity":3,"isDeletable":true,"isOver":false,"isBidirectional":false,"eventLog":[{"time":1702292580607,"type":"create connection"}]}],"currentID":{},"currentNode":{},"hasSelectedNode":[false],"currentConnector":{},"hasSelectedConnector":[false],"readyToMove":[false],"isIncoming":[false],"hasElementMoved":[false]}
