{"idCAM":["1c6a989e-87a9-42df-9875-39737313acc2"],"creator":["6543cbb6e554d07ea95a1db8_pre"],"projectCAM":["S2_CAM part 1"],"defocusCAM":[],"date":[1702292114284],"nodes":[{"id":"f2bd0c55-1e9c-435c-adc2-90cfffa8a37b","value":0,"text":"rescue robot","comment":"","position":{"x":650,"y":400},"isActive":true,"date":1702292115180,"kind":"Node","isSelected":false,"isConnectorSelected":false,"isDraggable":0,"isDeletable":0,"hasElementMoved":false,"eventLog":[{"time":1702292115180,"type":"create node","value":0}],"isTextChangeable":0},{"id":"25ed353c-d3a7-467e-b6bd-4a8c871eef48","value":0,"text":"disadvantages","comment":"","position":{"x":450,"y":400},"isActive":true,"date":1702292115180,"kind":"Node","isSelected":false,"isConnectorSelected":false,"isDraggable":0,"isDeletable":0,"hasElementMoved":false,"eventLog":[{"time":1702292115180,"type":"create node","value":0}],"isTextChangeable":0},{"id":"3b4ee95b-b7db-4eb0-9619-4349d33faf39","value":0,"text":"advantages","comment":"","position":{"x":850,"y":400},"isActive":true,"date":1702292115180,"kind":"Node","isSelected":false,"isConnectorSelected":false,"isDraggable":0,"isDeletable":0,"hasElementMoved":false,"eventLog":[{"time":1702292115180,"type":"create node","value":0}],"isTextChangeable":0},{"id":"56ae12be-8908-4230-a3c6-1b5988782c7a","value":3,"text":"No people necessary","comment":"","position":{"x":1022.28,"y":255.44},"isActive":true,"date":1702292132638,"kind":"Node","isSelected":false,"isConnectorSelected":false,"isDraggable":1,"isDeletable":1,"hasElementMoved":false,"eventLog":[{"time":"1702292132638","type":"create node","value":[0]},{"time":"1702292134763","type":"selected","value":[true]},{"time":"1702292153467","type":"text","value":["Keine Menschen notwendig"]},{"time":"1702292153467","type":"value","value":[3]},{"time":"1702292153467","type":"selected","value":[false]},{"time":"2023-12-11T10:55:54.210Z","type":"position","value":{"x":[997.28],"y":[259.44]}}],"isTextChangeable":1},{"id":"183d84dd-32c3-4408-8527-c439e9afcdb1","value":3,"text":"reliable","comment":"","position":{"x":1075.28,"y":397.44},"isActive":true,"date":1702292156011,"kind":"Node","isSelected":false,"isConnectorSelected":false,"isDraggable":1,"isDeletable":1,"hasElementMoved":false,"eventLog":[{"time":"1702292156011","type":"create node","value":[0]},{"time":"2023-12-11T10:55:57.641Z","type":"position","value":{"x":[1011.28],"y":[393.44]}},{"time":"1702292160023","type":"selected","value":[true]},{"time":"1702292166583","type":"text","value":["Zuverlässig"]},{"time":"1702292166583","type":"value","value":[3]},{"time":"1702292166583","type":"selected","value":[false]},{"time":"2023-12-11T10:56:07.351Z","type":"position","value":{"x":[1032.28],"y":[397.44]}}],"isTextChangeable":1},{"id":"6b1a7ccf-384d-43f3-b467-15804ab7e211","value":-1,"text":"possible discrimination","comment":"","position":{"x":260.28,"y":280.44},"isActive":true,"date":1702292176191,"kind":"Node","isSelected":false,"isConnectorSelected":false,"isDraggable":1,"isDeletable":1,"hasElementMoved":false,"eventLog":[{"time":1702292176191,"type":"create node","value":"0"},{"time":1702292177115,"type":"selected","value":"TRUE"},{"time":1702292187404,"type":"text","value":"mögliche Diskriminierung"},{"time":1702292187404,"type":"value","value":"-1"},{"time":1702292187404,"type":"selected","value":"FALSE"}],"isTextChangeable":1},{"id":"6a13988e-691b-4b44-9dca-468416222f3b","value":10,"text":"remote control","comment":"","position":{"x":654.28,"y":209.44},"isActive":true,"date":1702292200466,"kind":"Node","isSelected":false,"isConnectorSelected":false,"isDraggable":1,"isDeletable":1,"hasElementMoved":false,"eventLog":[{"time":"1702292200466","type":"create node","value":[0]},{"time":"1702292201404","type":"selected","value":[true]},{"time":"1702292206142","type":"text","value":["Fernsteuerung"]},{"time":"1702292206142","type":"value","value":[10]},{"time":"1702292206142","type":"selected","value":[false]},{"time":"2023-12-11T10:56:47.854Z","type":"position","value":{"x":[668.28],"y":[211.44]}}],"isTextChangeable":1},{"id":"d5df1f79-2b3e-4242-8947-6ed7f95f78d3","value":-2,"text":"immature","comment":"","position":{"x":239.28,"y":547.44},"isActive":true,"date":1702292218853,"kind":"Node","isSelected":false,"isConnectorSelected":false,"isDraggable":1,"isDeletable":1,"hasElementMoved":false,"eventLog":[{"time":1702292218853,"type":"create node","value":"0"},{"time":1702292220320,"type":"selected","value":"TRUE"},{"time":1702292228572,"type":"text","value":"unausgereift"},{"time":1702292228572,"type":"value","value":"-2"},{"time":1702292228572,"type":"selected","value":"FALSE"}],"isTextChangeable":1},{"id":"b3e7a28a-5885-4ab5-be11-91913bee4da1","value":-2,"text":"risk of abuse","comment":"","position":{"x":374.28,"y":568.44},"isActive":true,"date":1702292231352,"kind":"Node","isSelected":false,"isConnectorSelected":false,"isDraggable":1,"isDeletable":1,"hasElementMoved":false,"eventLog":[{"time":1702292231352,"type":"create node","value":"0"},{"time":1702292231622,"type":"selected","value":"TRUE"},{"time":1702292245148,"type":"text","value":"Missbrauchsgefahr"},{"time":1702292245148,"type":"value","value":"-2"},{"time":1702292245148,"type":"selected","value":"FALSE"}],"isTextChangeable":1},{"id":"596d0eb7-8d8f-4a42-9fef-7c756055e4d7","value":3,"text":"stronger than humans","comment":"","position":{"x":980.28,"y":529.44},"isActive":true,"date":1702292247765,"kind":"Node","isSelected":false,"isConnectorSelected":false,"isDraggable":1,"isDeletable":1,"hasElementMoved":false,"eventLog":[{"time":1702292247765,"type":"create node","value":"0"},{"time":1702292249665,"type":"selected","value":"TRUE"},{"time":1702292250071,"type":"selected","value":"FALSE"},{"time":1702292250530,"type":"selected","value":"TRUE"},{"time":1702292274829,"type":"text","value":"Stärker als Menschen"},{"time":1702292274829,"type":"value","value":"3"},{"time":1702292274829,"type":"selected","value":"FALSE"}],"isTextChangeable":1},{"id":"71ed5eb2-4f21-40c8-b97d-29c5b82f9304","value":2,"text":"faster than humans","comment":"","position":{"x":967.28,"y":145.44},"isActive":true,"date":1702292277675,"kind":"Node","isSelected":false,"isConnectorSelected":false,"isDraggable":1,"isDeletable":1,"hasElementMoved":false,"eventLog":[{"time":1702292277675,"type":"create node","value":"0"},{"time":1702292278426,"type":"selected","value":"TRUE"},{"time":1702292285624,"type":"text","value":"schneller als Menschen"},{"time":1702292285624,"type":"value","value":"2"},{"time":1702292285624,"type":"selected","value":"FALSE"}],"isTextChangeable":1},{"id":"ffbda77c-47d0-4ae1-9454-0af2344c9c12","value":10,"text":"hard to program","comment":"","position":{"x":647.28,"y":571.44},"isActive":true,"date":1702292352933,"kind":"Node","isSelected":false,"isConnectorSelected":false,"isDraggable":1,"isDeletable":1,"hasElementMoved":false,"eventLog":[{"time":"1702292352933","type":"create node","value":[0]},{"time":"1702292353794","type":"selected","value":[true]},{"time":"1702292359989","type":"text","value":["schwer zu programmieren"]},{"time":"1702292359989","type":"value","value":[10]},{"time":"1702292359989","type":"selected","value":[false]},{"time":"2023-12-11T10:59:23.964Z","type":"position","value":{"x":[663.28],"y":[509.44]}}],"isTextChangeable":1},{"id":"66827955-543e-4dd1-be49-5b4a6be59ed6","value":-1,"text":"long test phases","comment":"","position":{"x":368.28,"y":167.44},"isActive":true,"date":1702292367612,"kind":"Node","isSelected":false,"isConnectorSelected":false,"isDraggable":1,"isDeletable":1,"hasElementMoved":false,"eventLog":[{"time":1702292367612,"type":"create node","value":"0"},{"time":1702292368445,"type":"selected","value":"TRUE"},{"time":1702292385662,"type":"text","value":"lange Testphasen"},{"time":1702292385662,"type":"value","value":"-1"},{"time":1702292385662,"type":"selected","value":"FALSE"}],"isTextChangeable":1}],"connectors":[{"id":"13294f55-9f01-471b-85f5-e99d32c6e88f","source":"f2bd0c55-1e9c-435c-adc2-90cfffa8a37b","target":"25ed353c-d3a7-467e-b6bd-4a8c871eef48","agreement":true,"isActive":true,"date":1702292115180,"kind":"Connector","isSelected":false,"intensity":3,"isDeletable":false,"isOver":false,"isBidirectional":false,"eventLog":[{"time":1702292115180,"type":"create connection"}]},{"id":"71528958-66ab-4f1c-8da1-555397ee89d7","source":"f2bd0c55-1e9c-435c-adc2-90cfffa8a37b","target":"3b4ee95b-b7db-4eb0-9619-4349d33faf39","agreement":true,"isActive":true,"date":1702292115180,"kind":"Connector","isSelected":false,"intensity":3,"isDeletable":true,"isOver":false,"isBidirectional":false,"eventLog":[{"time":1702292115180,"type":"create connection"}]},{"id":"c2f03adf-a08c-41b1-8092-f9696506cc45","source":"3b4ee95b-b7db-4eb0-9619-4349d33faf39","target":"56ae12be-8908-4230-a3c6-1b5988782c7a","agreement":true,"isActive":true,"date":1702292155092,"kind":"Connector","isSelected":false,"intensity":9,"isDeletable":true,"isOver":false,"isBidirectional":false,"eventLog":[{"time":1702292155092,"type":"create connection"},{"time":1702292173632,"type":"selected","value":1},{"time":1702292174790,"type":"change intensity of connector","value":9},{"time":1702292174790,"type":"selected","value":0}]},{"id":"fee4b17c-9bad-4389-95d3-9cbc364fceac","source":"183d84dd-32c3-4408-8527-c439e9afcdb1","target":"3b4ee95b-b7db-4eb0-9619-4349d33faf39","agreement":true,"isActive":true,"date":1702292169078,"kind":"Connector","isSelected":false,"intensity":9,"isDeletable":true,"isOver":false,"isBidirectional":false,"eventLog":[{"time":1702292169078,"type":"create connection"},{"time":1702292171228,"type":"selected","value":1},{"time":1702292172620,"type":"change intensity of connector","value":9},{"time":1702292172620,"type":"selected","value":0}]},{"id":"e9f9311d-4e95-4ac0-b911-c7c119f9501a","source":"6b1a7ccf-384d-43f3-b467-15804ab7e211","target":"25ed353c-d3a7-467e-b6bd-4a8c871eef48","agreement":false,"isActive":true,"date":1702292188423,"kind":"Connector","isSelected":false,"intensity":6,"isDeletable":true,"isOver":false,"isBidirectional":false,"eventLog":[{"time":1702292188423,"type":"create connection"},{"time":1702292292323,"type":"selected","value":1},{"time":1702292293755,"type":"change intensity of connector","value":-6},{"time":1702292293755,"type":"selected","value":0}]},{"id":"b65aae79-ba7c-4a25-8941-b734b3842e9c","source":"6a13988e-691b-4b44-9dca-468416222f3b","target":"3b4ee95b-b7db-4eb0-9619-4349d33faf39","agreement":true,"isActive":true,"date":1702292209370,"kind":"Connector","isSelected":false,"intensity":3,"isDeletable":true,"isOver":false,"isBidirectional":false,"eventLog":[{"time":1702292209370,"type":"create connection"}]},{"id":"d2554c4e-c8d6-4ae4-b6aa-0e7f3549cf4c","source":"25ed353c-d3a7-467e-b6bd-4a8c871eef48","target":"6a13988e-691b-4b44-9dca-468416222f3b","agreement":true,"isActive":true,"date":1702292211210,"kind":"Connector","isSelected":false,"intensity":3,"isDeletable":true,"isOver":false,"isBidirectional":false,"eventLog":[{"time":1702292211210,"type":"create connection"}]},{"id":"38430980-c1df-4cf7-a609-3d3347cdb6b3","source":"25ed353c-d3a7-467e-b6bd-4a8c871eef48","target":"d5df1f79-2b3e-4242-8947-6ed7f95f78d3","agreement":false,"isActive":true,"date":1702292229531,"kind":"Connector","isSelected":false,"intensity":6,"isDeletable":true,"isOver":false,"isBidirectional":false,"eventLog":[{"time":1702292229531,"type":"create connection"},{"time":1702292288844,"type":"selected","value":1},{"time":1702292291661,"type":"change intensity of connector","value":-6},{"time":1702292291661,"type":"selected","value":0}]},{"id":"5b3d1760-f9b0-4e2f-b145-20e08169aeb3","source":"25ed353c-d3a7-467e-b6bd-4a8c871eef48","target":"b3e7a28a-5885-4ab5-be11-91913bee4da1","agreement":true,"isActive":true,"date":1702292245918,"kind":"Connector","isSelected":false,"intensity":3,"isDeletable":true,"isOver":false,"isBidirectional":false,"eventLog":[{"time":1702292245918,"type":"create connection"}]},{"id":"98bc7861-2682-425a-890b-30b26cf8279a","source":"3b4ee95b-b7db-4eb0-9619-4349d33faf39","target":"596d0eb7-8d8f-4a42-9fef-7c756055e4d7","agreement":true,"isActive":true,"date":1702292275590,"kind":"Connector","isSelected":false,"intensity":3,"isDeletable":true,"isOver":false,"isBidirectional":false,"eventLog":[{"time":1702292275590,"type":"create connection"}]},{"id":"d808ebf3-41fd-4613-8393-71ee37d168ca","source":"71ed5eb2-4f21-40c8-b97d-29c5b82f9304","target":"3b4ee95b-b7db-4eb0-9619-4349d33faf39","agreement":true,"isActive":true,"date":1702292286444,"kind":"Connector","isSelected":false,"intensity":3,"isDeletable":true,"isOver":false,"isBidirectional":false,"eventLog":[{"time":1702292286444,"type":"create connection"}]},{"id":"a73dbd3f-2fcc-4805-aea0-bbe31b91b125","source":"3b4ee95b-b7db-4eb0-9619-4349d33faf39","target":"ffbda77c-47d0-4ae1-9454-0af2344c9c12","agreement":true,"isActive":true,"date":1702292360697,"kind":"Connector","isSelected":false,"intensity":3,"isDeletable":true,"isOver":false,"isBidirectional":false,"eventLog":[{"time":1702292360697,"type":"create connection"}]},{"id":"c9d7f6ce-441a-4af6-b010-aff39f8d84e4","source":"25ed353c-d3a7-467e-b6bd-4a8c871eef48","target":"ffbda77c-47d0-4ae1-9454-0af2344c9c12","agreement":true,"isActive":true,"date":1702292362102,"kind":"Connector","isSelected":false,"intensity":3,"isDeletable":true,"isOver":false,"isBidirectional":false,"eventLog":[{"time":1702292362102,"type":"create connection"}]},{"id":"544b7330-e9c8-4e49-a27e-d1073e613958","source":"66827955-543e-4dd1-be49-5b4a6be59ed6","target":"25ed353c-d3a7-467e-b6bd-4a8c871eef48","agreement":true,"isActive":true,"date":1702292386312,"kind":"Connector","isSelected":false,"intensity":3,"isDeletable":true,"isOver":false,"isBidirectional":false,"eventLog":[{"time":1702292386312,"type":"create connection"}]}],"currentID":{},"currentNode":{},"hasSelectedNode":[false],"currentConnector":{},"hasSelectedConnector":[false],"readyToMove":[false],"isIncoming":[false],"hasElementMoved":[false]}
