{"idCAM":["059d84bf-9cf9-4e08-926f-12c4b5b16504"],"creator":["6544ea06d33e1704f993f76f_pre"],"projectCAM":["S2_CAM part 1"],"defocusCAM":[2274.2],"date":[1702312525121],"nodes":[{"id":"df051627-99b5-4641-a4cd-8df122886a27","value":0,"text":"rescue robot","comment":"","position":{"x":650,"y":400},"isActive":true,"date":1702312526012,"kind":"Node","isSelected":false,"isConnectorSelected":false,"isDraggable":0,"isDeletable":0,"hasElementMoved":false,"eventLog":[{"time":1702312526013,"type":"create node","value":0}],"isTextChangeable":0},{"id":"e33c6177-6502-468e-a055-c4f47d71bd59","value":0,"text":"disadvantages","comment":"","position":{"x":450,"y":400},"isActive":true,"date":1702312526013,"kind":"Node","isSelected":false,"isConnectorSelected":false,"isDraggable":0,"isDeletable":0,"hasElementMoved":false,"eventLog":[{"time":1702312526013,"type":"create node","value":0}],"isTextChangeable":0},{"id":"6c57cace-a184-4011-8496-4e137acdcca9","value":0,"text":"advantages","comment":"","position":{"x":850,"y":400},"isActive":true,"date":1702312526013,"kind":"Node","isSelected":false,"isConnectorSelected":false,"isDraggable":0,"isDeletable":0,"hasElementMoved":false,"eventLog":[{"time":1702312526013,"type":"create node","value":0}],"isTextChangeable":0},{"id":"bc6595c0-c8d5-48a4-a45b-49ef440eca14","value":3,"text":"area of application","comment":"Can be used in areas that are too dangerous for humans.","position":{"x":952.2593,"y":300.2338},"isActive":true,"date":1702312562185,"kind":"Node","isSelected":false,"isConnectorSelected":false,"isDraggable":1,"isDeletable":1,"hasElementMoved":false,"eventLog":[{"time":1702312562185,"type":"create node","value":"0"},{"time":1702312564879,"type":"selected","value":"TRUE"},{"time":1702312642780,"type":"text","value":"Einsatzbereich"},{"time":1702312642780,"type":"value","value":"3"},{"time":1702312642780,"type":"comment","value":"Kann in Gebieten eingesetzt werden, die für Menschen zu gefährlich sind."},{"time":1702312642780,"type":"selected","value":"FALSE"}],"isTextChangeable":1},{"id":"9cad53af-1991-49c7-b123-7e1fac2d17b5","value":-2,"text":"compassion","comment":"The robot is not a living being and therefore cannot provide emotional support to potential victims","position":{"x":309.2593,"y":539.2338},"isActive":true,"date":1702312672231,"kind":"Node","isSelected":false,"isConnectorSelected":false,"isDraggable":1,"isDeletable":1,"hasElementMoved":false,"eventLog":[{"time":"1702312672231","type":"create node","value":[0]},{"time":"1702312674832","type":"selected","value":[true]},{"time":"1702312675239","type":"selected","value":[false]},{"time":"1702312676152","type":"selected","value":[true]},{"time":"1702312772566","type":"text","value":["Mitgefühl"]},{"time":"1702312772566","type":"value","value":[-2]},{"time":"1702312772566","type":"comment","value":["Der Roboter ist kein Lebewesen und kann somit möglichen Opfern keinen seelischen Beistand leisten"]},{"time":"1702312772566","type":"selected","value":[false]},{"time":"1702312986486","type":"selected","value":[true]},{"time":"1702312987615","type":"selected","value":[false]},{"time":"2023-12-11T16:43:08.131Z","type":"position","value":{"x":[345.2593],"y":[462.2338]}}],"isTextChangeable":1},{"id":"b4bbe8b2-1cb3-4589-ba58-a420c0fd2055","value":-1,"text":"costs","comment":"Robots are extremely expensive and also need to be maintained. The maintenance must also be carried out by specially trained people.","position":{"x":418.2593,"y":228.2338},"isActive":true,"date":1702312812394,"kind":"Node","isSelected":false,"isConnectorSelected":false,"isDraggable":1,"isDeletable":1,"hasElementMoved":false,"eventLog":[{"time":1702312812394,"type":"create node","value":"0"},{"time":1702312812901,"type":"selected","value":"TRUE"},{"time":1702312888777,"type":"text","value":"Kosten"},{"time":1702312888777,"type":"value","value":"-1"},{"time":1702312888777,"type":"comment","value":"Roboter sind extrem teuer und müssen zudem noch gewartet werden. Die Wartung muss außerdem von speziell ausgebildeten Menschen getätigt werden."},{"time":1702312888777,"type":"selected","value":"FALSE"}],"isTextChangeable":1},{"id":"e1d69894-2aeb-4569-86f1-80b2374bd542","value":2,"text":"abilities","comment":"Special robots are more effective in special situations than human individuals.","position":{"x":858.2593,"y":527.2338},"isActive":true,"date":1702312927008,"kind":"Node","isSelected":false,"isConnectorSelected":false,"isDraggable":1,"isDeletable":1,"hasElementMoved":false,"eventLog":[{"time":"1702312927008","type":"create node","value":[0]},{"time":"1702312927575","type":"selected","value":[true]},{"time":"1702312983795","type":"text","value":["Fähigkeiten"]},{"time":"1702312983795","type":"value","value":[2]},{"time":"1702312983795","type":"comment","value":["Spezielle Roboter sind in speziellen Situation effektiver als menschliche Personen."]},{"time":"1702312983795","type":"selected","value":[false]},{"time":"2023-12-11T16:43:04.205Z","type":"position","value":{"x":[858.2593],"y":[531.2338]}}],"isTextChangeable":1},{"id":"bb610302-7ace-44ed-8e59-2fbeda2064fe","value":-1,"text":"morality","comment":"Robots make logical decisions for them even if these may be ethically and morally wrong.","position":{"x":231.2593,"y":381.2338},"isActive":true,"date":1702313052185,"kind":"Node","isSelected":false,"isConnectorSelected":false,"isDraggable":1,"isDeletable":1,"hasElementMoved":false,"eventLog":[{"time":1702313052185,"type":"create node","value":"0"},{"time":1702313053976,"type":"selected","value":"TRUE"},{"time":1702313108559,"type":"text","value":"Moral"},{"time":1702313108559,"type":"value","value":"-1"},{"time":1702313108559,"type":"comment","value":"Roboter treffen für sie logische Entscheidungen auch wenn diese möglicherweise ethisch und moralisch falsch sind"},{"time":1702313108559,"type":"selected","value":"FALSE"},{"time":1702313109033,"type":"selected","value":"TRUE"},{"time":1702313109686,"type":"selected","value":"FALSE"}],"isTextChangeable":1},{"id":"070a8f14-74e9-4809-897c-0f527bbb47b2","value":3,"text":"life saving","comment":"Primarily, the use of rescue robots saves human lives.","position":{"x":1034.2593,"y":410.2338},"isActive":true,"date":1702313155970,"kind":"Node","isSelected":false,"isConnectorSelected":false,"isDraggable":1,"isDeletable":1,"hasElementMoved":false,"eventLog":[{"time":1702313155970,"type":"create node","value":"0"},{"time":1702313156486,"type":"selected","value":"TRUE"},{"time":1702313221602,"type":"text","value":"Lebensrettung"},{"time":1702313221602,"type":"value","value":"3"},{"time":1702313221602,"type":"comment","value":"Durch den Einsatz von Rettungsrobotern rettet man in erster Linie Menschenleben"},{"time":1702313221602,"type":"selected","value":"FALSE"}],"isTextChangeable":1},{"id":"fb2c0991-a1e5-4756-bced-014733078483","value":10,"text":"technology","comment":"Technology continues to evolve over time, making rescue robots even more effective","position":{"x":631.2593,"y":540.2338},"isActive":true,"date":1702313347660,"kind":"Node","isSelected":false,"isConnectorSelected":false,"isDraggable":1,"isDeletable":1,"hasElementMoved":false,"eventLog":[{"time":1702313347660,"type":"create node","value":"0"},{"time":1702313349170,"type":"selected","value":"TRUE"},{"time":1702313405568,"type":"text","value":"Technologie"},{"time":1702313405568,"type":"value","value":"10"},{"time":1702313405568,"type":"comment","value":"Die Technologie entwickelt sich mit der Zeit weiter, wodurch Rettungsroboter noch effektiver werden"},{"time":1702313405568,"type":"selected","value":"FALSE"}],"isTextChangeable":1},{"id":"ddb661df-7573-493a-a530-39b53923d7f3","value":0,"text":"error","comment":"One cannot hold anyone responsible for possible mistakes","position":{"x":511.2593,"y":276.2338},"isActive":true,"date":1702313470526,"kind":"Node","isSelected":false,"isConnectorSelected":false,"isDraggable":1,"isDeletable":1,"hasElementMoved":false,"eventLog":[{"time":"1702313470526","type":"create node","value":[0]},{"time":"1702313471168","type":"selected","value":[true]},{"time":"1702313502904","type":"text","value":["Fehler"]},{"time":"1702313502904","type":"comment","value":["Für mögliche Fehler kann man niemanden verantwortlich machen"]},{"time":"1702313502904","type":"selected","value":[false]},{"time":"2023-12-11T16:51:43.412Z","type":"position","value":{"x":[480.2593],"y":[294.2338]}},{"time":"2023-12-11T16:51:45.966Z","type":"position","value":{"x":[496.2593],"y":[274.2338]}}],"isTextChangeable":1}],"connectors":[{"id":"45cc7da6-93c7-4796-b926-6f5b187488e7","source":"df051627-99b5-4641-a4cd-8df122886a27","target":"e33c6177-6502-468e-a055-c4f47d71bd59","agreement":true,"isActive":true,"date":1702312526013,"kind":"Connector","isSelected":false,"intensity":3,"isDeletable":false,"isOver":false,"isBidirectional":false,"eventLog":[{"time":1702312526013,"type":"create connection"}]},{"id":"f5e52644-9b97-4dd3-a85f-42a51ef23e37","source":"df051627-99b5-4641-a4cd-8df122886a27","target":"6c57cace-a184-4011-8496-4e137acdcca9","agreement":true,"isActive":true,"date":1702312526013,"kind":"Connector","isSelected":false,"intensity":3,"isDeletable":true,"isOver":false,"isBidirectional":false,"eventLog":[{"time":1702312526013,"type":"create connection"}]},{"id":"ad4fe95a-652b-41ea-9e04-cd6a852987b8","source":"6c57cace-a184-4011-8496-4e137acdcca9","target":"bc6595c0-c8d5-48a4-a45b-49ef440eca14","agreement":true,"isActive":true,"date":1702312644303,"kind":"Connector","isSelected":false,"intensity":9,"isDeletable":true,"isOver":false,"isBidirectional":false,"eventLog":[{"time":1702312644303,"type":"create connection"},{"time":1702312646493,"type":"selected","value":1},{"time":1702312650398,"type":"change intensity of connector","value":9},{"time":1702312650398,"type":"selected","value":0}]},{"id":"eec96fd9-3e04-4340-893b-228f50271a5a","source":"9cad53af-1991-49c7-b123-7e1fac2d17b5","target":"e33c6177-6502-468e-a055-c4f47d71bd59","agreement":true,"isActive":true,"date":1702312774953,"kind":"Connector","isSelected":false,"intensity":6,"isDeletable":true,"isOver":false,"isBidirectional":false,"eventLog":[{"time":1702312774953,"type":"create connection"},{"time":1702312777396,"type":"selected","value":1},{"time":1702312777809,"type":"change intensity of connector","value":3},{"time":1702312777809,"type":"selected","value":0},{"time":1702312779657,"type":"selected","value":1},{"time":1702312794202,"type":"change intensity of connector","value":6},{"time":1702312794202,"type":"selected","value":0}]},{"id":"c49a7875-58a0-4a59-b4e8-bce6486ec025","source":"e33c6177-6502-468e-a055-c4f47d71bd59","target":"b4bbe8b2-1cb3-4589-ba58-a420c0fd2055","agreement":true,"isActive":true,"date":1702312891537,"kind":"Connector","isSelected":false,"intensity":3,"isDeletable":true,"isOver":false,"isBidirectional":false,"eventLog":[{"time":1702312891537,"type":"create connection"}]},{"id":"2ed25e12-bd1e-4025-9531-3ca123e61d63","source":"e1d69894-2aeb-4569-86f1-80b2374bd542","target":"6c57cace-a184-4011-8496-4e137acdcca9","agreement":true,"isActive":true,"date":1702312985463,"kind":"Connector","isSelected":false,"intensity":3,"isDeletable":true,"isOver":false,"isBidirectional":false,"eventLog":[{"time":1702312985463,"type":"create connection"}]},{"id":"be5dea39-a187-45f6-bc05-6f6d8486e652","source":"bb610302-7ace-44ed-8e59-2fbeda2064fe","target":"e33c6177-6502-468e-a055-c4f47d71bd59","agreement":true,"isActive":true,"date":1702313111034,"kind":"Connector","isSelected":false,"intensity":3,"isDeletable":true,"isOver":false,"isBidirectional":false,"eventLog":[{"time":1702313111034,"type":"create connection"},{"time":1702313113897,"type":"selected","value":1},{"time":1702313123759,"type":"change intensity of connector","value":3},{"time":1702313123759,"type":"selected","value":0}]},{"id":"e0e5213d-9679-42c1-948a-284f45903c6d","source":"6c57cace-a184-4011-8496-4e137acdcca9","target":"070a8f14-74e9-4809-897c-0f527bbb47b2","agreement":true,"isActive":true,"date":1702313222869,"kind":"Connector","isSelected":false,"intensity":9,"isDeletable":true,"isOver":false,"isBidirectional":false,"eventLog":[{"time":1702313222869,"type":"create connection"},{"time":1702313224945,"type":"selected","value":1},{"time":1702313226418,"type":"change intensity of connector","value":9},{"time":1702313226418,"type":"selected","value":0}]},{"id":"0e65f0ab-3831-4a14-afe7-fd9b79356910","source":"df051627-99b5-4641-a4cd-8df122886a27","target":"fb2c0991-a1e5-4756-bced-014733078483","agreement":true,"isActive":true,"date":1702313406454,"kind":"Connector","isSelected":false,"intensity":3,"isDeletable":true,"isOver":false,"isBidirectional":false,"eventLog":[{"time":1702313406454,"type":"create connection"}]},{"id":"5357d739-4ee3-4a5d-9012-a17eb05f271e","source":"e33c6177-6502-468e-a055-c4f47d71bd59","target":"ddb661df-7573-493a-a530-39b53923d7f3","agreement":true,"isActive":true,"date":1702313504632,"kind":"Connector","isSelected":false,"intensity":3,"isDeletable":true,"isOver":false,"isBidirectional":false,"eventLog":[{"time":1702313504632,"type":"create connection"}]}],"currentID":{},"currentNode":{},"hasSelectedNode":[false],"currentConnector":{},"hasSelectedConnector":[false],"readyToMove":[false],"isIncoming":[false],"hasElementMoved":[false]}
