{"idCAM":["adeb5384-7db9-4dbc-83ef-8623b7c546f3"],"creator":["6544ea06d33e1704f993f76f_post"],"projectCAM":["S2_CAM part 2"],"defocusCAM":[],"date":[1702313632508],"nodes":[{"id":"ae689130-3ca6-42a9-8ba5-ab2d25136be6","value":0,"text":"rescue robot","comment":"","position":{"x":650,"y":400},"isActive":true,"date":1702313633418,"kind":"Node","isSelected":false,"isConnectorSelected":false,"isDraggable":0,"isDeletable":0,"hasElementMoved":false,"eventLog":[{"time":1702313633418,"type":"create node","value":0}],"isTextChangeable":0},{"id":"051fce69-8e49-4d2f-8a0e-3678eb524e98","value":0,"text":"disadvantages","comment":"","position":{"x":450,"y":400},"isActive":true,"date":1702313633418,"kind":"Node","isSelected":false,"isConnectorSelected":false,"isDraggable":0,"isDeletable":0,"hasElementMoved":false,"eventLog":[{"time":1702313633418,"type":"create node","value":0}],"isTextChangeable":0},{"id":"a5c2a3bc-8ab5-47eb-be6a-6c6c5f5b2bc6","value":0,"text":"advantages","comment":"","position":{"x":850,"y":400},"isActive":true,"date":1702313633418,"kind":"Node","isSelected":false,"isConnectorSelected":false,"isDraggable":0,"isDeletable":0,"hasElementMoved":false,"eventLog":[{"time":1702313633418,"type":"create node","value":0}],"isTextChangeable":0},{"id":"ef1d3e59-6864-46f5-8b65-8937fd2a9574","value":3,"text":"area of application","comment":"","position":{"x":952.2593,"y":300.2338},"isActive":true,"date":1702313633418,"kind":"Node","isSelected":false,"isConnectorSelected":false,"isDraggable":1,"isDeletable":1,"hasElementMoved":false,"eventLog":[{"time":1702313633418,"type":"create node","value":3}],"isTextChangeable":1},{"id":"a8b581c3-121b-4338-887a-bc308db1ea63","value":-2,"text":"compassion","comment":"","position":{"x":309.2593,"y":539.2338},"isActive":true,"date":1702313633418,"kind":"Node","isSelected":false,"isConnectorSelected":false,"isDraggable":1,"isDeletable":1,"hasElementMoved":false,"eventLog":[{"time":1702313633418,"type":"create node","value":-2},{"time":1702313653276,"type":"selected","value":1},{"time":1702313654936,"type":"selected","value":0}],"isTextChangeable":1},{"id":"1f25ddf7-6525-4b47-8868-6543f24812e8","value":-1,"text":"costs","comment":"","position":{"x":418.2593,"y":228.2338},"isActive":true,"date":1702313633418,"kind":"Node","isSelected":false,"isConnectorSelected":false,"isDraggable":1,"isDeletable":1,"hasElementMoved":false,"eventLog":[{"time":1702313633418,"type":"create node","value":-1}],"isTextChangeable":1},{"id":"0a165d26-8763-4584-8ea4-a29b3dc5328c","value":2,"text":"abilities","comment":"","position":{"x":858.2593,"y":527.2338},"isActive":true,"date":1702313633418,"kind":"Node","isSelected":false,"isConnectorSelected":false,"isDraggable":1,"isDeletable":1,"hasElementMoved":false,"eventLog":[{"time":1702313633418,"type":"create node","value":2}],"isTextChangeable":1},{"id":"0d67c8fe-6dc5-4e89-8e77-4c82d9c89104","value":-3,"text":"morality","comment":"","position":{"x":238.2593,"y":381.2338},"isActive":true,"date":1702313633418,"kind":"Node","isSelected":false,"isConnectorSelected":false,"isDraggable":1,"isDeletable":1,"hasElementMoved":false,"eventLog":[{"time":1702313633418,"type":"create node","value":-1},{"time":1702313644628,"type":"selected","value":1},{"time":1702313651150,"type":"value","value":-3},{"time":1702313651150,"type":"selected","value":0}],"isTextChangeable":1},{"id":"b6306424-6418-46cf-a078-a6a34da8b3ea","value":3,"text":"life saving","comment":"","position":{"x":1034.2593,"y":410.2338},"isActive":true,"date":1702313633418,"kind":"Node","isSelected":false,"isConnectorSelected":false,"isDraggable":1,"isDeletable":1,"hasElementMoved":false,"eventLog":[{"time":1702313633418,"type":"create node","value":3}],"isTextChangeable":1},{"id":"105e84bb-384e-455a-99cf-2a9bc3c9aacd","value":10,"text":"technology","comment":"","position":{"x":631.2593,"y":540.2338},"isActive":true,"date":1702313633418,"kind":"Node","isSelected":false,"isConnectorSelected":false,"isDraggable":1,"isDeletable":1,"hasElementMoved":false,"eventLog":[{"time":1702313633418,"type":"create node","value":10}],"isTextChangeable":1},{"id":"3d023383-8a3a-4c10-b021-33b691d39015","value":0,"text":"error","comment":"","position":{"x":511.2593,"y":276.2338},"isActive":true,"date":1702313633418,"kind":"Node","isSelected":false,"isConnectorSelected":false,"isDraggable":1,"isDeletable":1,"hasElementMoved":false,"eventLog":[{"time":1702313633418,"type":"create node","value":0}],"isTextChangeable":1},{"id":"f9855283-1d43-4efa-83ad-d8933b6bb86a","value":3,"text":"risks","comment":"Soft robots pose only a minor risk to victims due to their flexibility.","position":{"x":813.2593,"y":217.2338},"isActive":true,"date":1702313660260,"kind":"Node","isSelected":false,"isConnectorSelected":false,"isDraggable":1,"isDeletable":1,"hasElementMoved":false,"eventLog":[{"time":1702313660260,"type":"create node","value":"0"},{"time":1702313662440,"type":"selected","value":"TRUE"},{"time":1702313772295,"type":"text","value":"Risiken"},{"time":1702313772295,"type":"value","value":"3"},{"time":1702313772295,"type":"comment","value":"Soft-Roboter stellen aufgrund ihrer Flexibilität nur ein geringes Risiko für die Opfer dar.\n"},{"time":1702313772295,"type":"selected","value":"FALSE"}],"isTextChangeable":1},{"id":"3b34d129-f802-4a0d-bb3e-b4f8e05c5fdb","value":-2,"text":"precision","comment":"Soft robots may not be as precise as other rescue robots or humans, which is bad.","position":{"x":232.2593,"y":219.2338},"isActive":true,"date":1702313777570,"kind":"Node","isSelected":false,"isConnectorSelected":false,"isDraggable":1,"isDeletable":1,"hasElementMoved":false,"eventLog":[{"time":1702313777570,"type":"create node","value":"0"},{"time":1702313778154,"type":"selected","value":"TRUE"},{"time":1702313861986,"type":"text","value":"Präzision"},{"time":1702313861986,"type":"value","value":"-2"},{"time":1702313861986,"type":"comment","value":"Softe Roboter sind möglicherweise nicht so genau wie andere Rettungsroboter oder Menschen was schlecht ist."},{"time":1702313861986,"type":"selected","value":"FALSE"}],"isTextChangeable":1}],"connectors":[{"id":"c7693b1f-334b-4b0f-a021-f3fe474b6099","source":"ae689130-3ca6-42a9-8ba5-ab2d25136be6","target":"051fce69-8e49-4d2f-8a0e-3678eb524e98","agreement":true,"isActive":true,"date":1702313633419,"kind":"Connector","isSelected":false,"intensity":3,"isDeletable":false,"isOver":false,"isBidirectional":false,"eventLog":[{"time":1702313633419,"type":"create connection"}]},{"id":"6a94bcf8-e95d-4028-9ab0-74db755b2757","source":"ae689130-3ca6-42a9-8ba5-ab2d25136be6","target":"a5c2a3bc-8ab5-47eb-be6a-6c6c5f5b2bc6","agreement":true,"isActive":true,"date":1702313633419,"kind":"Connector","isSelected":false,"intensity":3,"isDeletable":true,"isOver":false,"isBidirectional":false,"eventLog":[{"time":1702313633419,"type":"create connection"}]},{"id":"f341a9f0-5e17-4c4f-8d90-6accb188086c","source":"a5c2a3bc-8ab5-47eb-be6a-6c6c5f5b2bc6","target":"ef1d3e59-6864-46f5-8b65-8937fd2a9574","agreement":true,"isActive":true,"date":1702313633419,"kind":"Connector","isSelected":false,"intensity":9,"isDeletable":true,"isOver":false,"isBidirectional":false,"eventLog":[{"time":1702313633419,"type":"create connection"}]},{"id":"439152cd-726b-48e5-a9f8-606d4ea42041","source":"a8b581c3-121b-4338-887a-bc308db1ea63","target":"051fce69-8e49-4d2f-8a0e-3678eb524e98","agreement":true,"isActive":true,"date":1702313633419,"kind":"Connector","isSelected":false,"intensity":6,"isDeletable":true,"isOver":false,"isBidirectional":false,"eventLog":[{"time":1702313633419,"type":"create connection"}]},{"id":"2883025d-bf43-41ca-92dd-0536b6d08d5c","source":"051fce69-8e49-4d2f-8a0e-3678eb524e98","target":"1f25ddf7-6525-4b47-8868-6543f24812e8","agreement":true,"isActive":true,"date":1702313633419,"kind":"Connector","isSelected":false,"intensity":3,"isDeletable":true,"isOver":false,"isBidirectional":false,"eventLog":[{"time":1702313633419,"type":"create connection"}]},{"id":"a9689830-2569-4542-8fb9-1ab7d01d69e6","source":"0a165d26-8763-4584-8ea4-a29b3dc5328c","target":"a5c2a3bc-8ab5-47eb-be6a-6c6c5f5b2bc6","agreement":true,"isActive":true,"date":1702313633419,"kind":"Connector","isSelected":false,"intensity":3,"isDeletable":true,"isOver":false,"isBidirectional":false,"eventLog":[{"time":1702313633419,"type":"create connection"}]},{"id":"593c7cf9-f2dc-4eb6-b242-c759d7746ad9","source":"0d67c8fe-6dc5-4e89-8e77-4c82d9c89104","target":"051fce69-8e49-4d2f-8a0e-3678eb524e98","agreement":true,"isActive":true,"date":1702313633419,"kind":"Connector","isSelected":false,"intensity":3,"isDeletable":true,"isOver":false,"isBidirectional":false,"eventLog":[{"time":1702313633419,"type":"create connection"}]},{"id":"d9e12e10-dc37-4a95-9840-9616c1ca6322","source":"a5c2a3bc-8ab5-47eb-be6a-6c6c5f5b2bc6","target":"b6306424-6418-46cf-a078-a6a34da8b3ea","agreement":true,"isActive":true,"date":1702313633419,"kind":"Connector","isSelected":false,"intensity":9,"isDeletable":true,"isOver":false,"isBidirectional":false,"eventLog":[{"time":1702313633419,"type":"create connection"}]},{"id":"6ff5afa6-9c29-469c-a150-1bb2f7ccd18f","source":"ae689130-3ca6-42a9-8ba5-ab2d25136be6","target":"105e84bb-384e-455a-99cf-2a9bc3c9aacd","agreement":true,"isActive":true,"date":1702313633420,"kind":"Connector","isSelected":false,"intensity":3,"isDeletable":true,"isOver":false,"isBidirectional":false,"eventLog":[{"time":1702313633420,"type":"create connection"}]},{"id":"474079b2-9307-4c2a-bf94-b46ce9c7a069","source":"051fce69-8e49-4d2f-8a0e-3678eb524e98","target":"3d023383-8a3a-4c10-b021-33b691d39015","agreement":true,"isActive":true,"date":1702313633420,"kind":"Connector","isSelected":false,"intensity":3,"isDeletable":true,"isOver":false,"isBidirectional":false,"eventLog":[{"time":1702313633420,"type":"create connection"}]},{"id":"813a6499-13e8-4076-ab94-0de67db118f1","source":"f9855283-1d43-4efa-83ad-d8933b6bb86a","target":"a5c2a3bc-8ab5-47eb-be6a-6c6c5f5b2bc6","agreement":true,"isActive":true,"date":1702313773492,"kind":"Connector","isSelected":false,"intensity":3,"isDeletable":true,"isOver":false,"isBidirectional":false,"eventLog":[{"time":1702313773492,"type":"create connection"}]},{"id":"7f9a2196-c880-44fc-bec7-36b94e1d4bf6","source":"3b34d129-f802-4a0d-bb3e-b4f8e05c5fdb","target":"051fce69-8e49-4d2f-8a0e-3678eb524e98","agreement":true,"isActive":true,"date":1702313863369,"kind":"Connector","isSelected":false,"intensity":3,"isDeletable":true,"isOver":false,"isBidirectional":false,"eventLog":[{"time":1702313863369,"type":"create connection"}]}],"currentID":{},"currentNode":{},"hasSelectedNode":[false],"currentConnector":{},"hasSelectedConnector":[false],"readyToMove":[false],"isIncoming":[false],"hasElementMoved":[false]}
