{"idCAM":["877d1da8-cce8-40cb-a4a1-7f022f82dbe2"],"creator":["6544fd5d0fb2eaaf83e2ddc9_pre"],"projectCAM":["S2_CAM part 1"],"defocusCAM":[],"date":[1702313519540],"nodes":[{"id":"3d8ad823-69d1-4637-b5de-794d8acd8489","value":0,"text":"rescue robot","comment":"","position":{"x":650,"y":400},"isActive":true,"date":1702313520427,"kind":"Node","isSelected":false,"isConnectorSelected":false,"isDraggable":0,"isDeletable":0,"hasElementMoved":false,"eventLog":[{"time":1702313520427,"type":"create node","value":0}],"isTextChangeable":0},{"id":"6a742905-3523-4eb2-9a9d-77eb91a42619","value":0,"text":"disadvantages","comment":"","position":{"x":450,"y":400},"isActive":true,"date":1702313520427,"kind":"Node","isSelected":false,"isConnectorSelected":false,"isDraggable":0,"isDeletable":0,"hasElementMoved":false,"eventLog":[{"time":"1702313520427","type":"create node","value":[0]},{"time":"2023-12-11T16:54:17.454Z","type":"position","value":{"x":[434.5],"y":[390]}}],"isTextChangeable":0},{"id":"e07110ea-26ed-45ec-9f30-e56eaeab66b9","value":0,"text":"advantages","comment":"","position":{"x":850,"y":400},"isActive":true,"date":1702313520427,"kind":"Node","isSelected":false,"isConnectorSelected":false,"isDraggable":0,"isDeletable":0,"hasElementMoved":false,"eventLog":[{"time":1702313520427,"type":"create node","value":0}],"isTextChangeable":0},{"id":"775831ad-30e5-4620-b7f7-963d5111ece9","value":-2,"text":"amount of money","comment":"Equipment costs, installation costs, programming","position":{"x":200.5,"y":366},"isActive":true,"date":1702313567711,"kind":"Node","isSelected":false,"isConnectorSelected":false,"isDraggable":1,"isDeletable":1,"hasElementMoved":false,"eventLog":[{"time":"1702313567711","type":"create node","value":[0]},{"time":"1702313626861","type":"selected","value":[true]},{"time":"1702313656108","type":"text","value":["Menge Geld"]},{"time":"1702313656109","type":"value","value":[-2]},{"time":"1702313656109","type":"comment","value":["Es kostet eine menge geld "]},{"time":"1702313656109","type":"selected","value":[false]},{"time":"2023-12-11T16:54:20.016Z","type":"position","value":{"x":[333.5],"y":[356]}},{"time":"1702313685755","type":"selected","value":[true]},{"time":"1702313718283","type":"comment","value":["Kosten der Ausrüstung, Installationskosten, Programming\n"]},{"time":"1702313718283","type":"selected","value":[false]}],"isTextChangeable":1},{"id":"9cdd34c1-3b44-44fe-bcae-7b0bb3b027ee","value":1,"text":"flexible","comment":"They can take any shape to fit into smaller spaces","position":{"x":1013.5,"y":161},"isActive":true,"date":1702313567802,"kind":"Node","isSelected":false,"isConnectorSelected":false,"isDraggable":1,"isDeletable":1,"hasElementMoved":false,"eventLog":[{"time":"1702313567802","type":"create node","value":[0]},{"time":"1702313793651","type":"selected","value":[true]},{"time":"1702313857327","type":"text","value":["Flexibel "]},{"time":"1702313857327","type":"value","value":[1]},{"time":"1702313857327","type":"comment","value":["Sie können eine beliebige Form haben, um in kleinere Räume yu gelangen"]},{"time":"1702313857327","type":"selected","value":[false]},{"time":"2023-12-11T16:57:37.945Z","type":"position","value":{"x":[977.5],"y":[417]}},{"time":"2023-12-11T16:57:38.744Z","type":"position","value":{"x":[1058.5],"y":[258]}},{"time":"2023-12-11T16:57:38.826Z","type":"position","value":{"x":[1056.5],"y":[100]}}],"isTextChangeable":1},{"id":"41cffeb5-3420-4d68-93f4-c8e4b9a91f40","value":-3,"text":"expensive","comment":"Expensive in production","position":{"x":329.5,"y":171},"isActive":true,"date":1702313625366,"kind":"Node","isSelected":false,"isConnectorSelected":false,"isDraggable":1,"isDeletable":1,"hasElementMoved":false,"eventLog":[{"time":1702313625366,"type":"create node","value":"0"},{"time":1702313735482,"type":"selected","value":"TRUE"},{"time":1702313759948,"type":"text","value":"Teuer"},{"time":1702313759948,"type":"value","value":"-3"},{"time":1702313759948,"type":"comment","value":"Teuer in der Herstellung"},{"time":1702313759948,"type":"selected","value":"FALSE"}],"isTextChangeable":1},{"id":"cbea802d-ae52-4081-af27-61420cde2fed","value":2,"text":"risk","comment":"They can perform tasks similar to humans without endangering human lives.","position":{"x":809.5,"y":110},"isActive":true,"date":1702313862121,"kind":"Node","isSelected":false,"isConnectorSelected":false,"isDraggable":1,"isDeletable":1,"hasElementMoved":false,"eventLog":[{"time":"1702313862121","type":"create node","value":[0]},{"time":"1702313862218","type":"selected","value":[true]},{"time":"1702313980405","type":"text","value":["Risiko"]},{"time":"1702313980405","type":"value","value":[2]},{"time":"1702313980405","type":"comment","value":["Sie können menschenähnliche Aufgaben übernehmen, ohne Menschenleben zu gefährden"]},{"time":"1702313980405","type":"selected","value":[false]},{"time":"2023-12-11T16:59:43.448Z","type":"position","value":{"x":[1047.5],"y":[315]}},{"time":"2023-12-11T16:59:43.883Z","type":"position","value":{"x":[896.5],"y":[222]}},{"time":"2023-12-11T16:59:44.116Z","type":"position","value":{"x":[835.5],"y":[160]}}],"isTextChangeable":1},{"id":"49f337fb-48b9-48fe-b3a3-8d8c8bca1b3e","value":10,"text":"fewer staff","comment":"","position":{"x":736.5,"y":568},"isActive":true,"date":1702314031588,"kind":"Node","isSelected":false,"isConnectorSelected":false,"isDraggable":1,"isDeletable":1,"hasElementMoved":false,"eventLog":[{"time":"1702314031588","type":"create node","value":[0]},{"time":"1702314032470","type":"selected","value":[true]},{"time":"1702314042152","type":"text","value":["Weniger Personal"]},{"time":"1702314042152","type":"value","value":[1]},{"time":"1702314042152","type":"selected","value":[false]},{"time":"2023-12-11T17:00:44.992Z","type":"position","value":{"x":[1065.5],"y":[400]}},{"time":"2023-12-11T17:00:45.181Z","type":"position","value":{"x":[915.5],"y":[510]}},{"time":"2023-12-11T17:00:45.361Z","type":"position","value":{"x":[777.5],"y":[552]}},{"time":"2023-12-11T17:00:45.393Z","type":"position","value":{"x":[755.5],"y":[554]}},{"time":"1702314094702","type":"selected","value":[true]},{"time":"1702314096958","type":"value","value":[10]},{"time":"1702314096958","type":"selected","value":[false]}],"isTextChangeable":1},{"id":"7a45bd67-4e5d-47ce-a2f6-e2f9db15aa11","value":1,"text":"reduction of fatigue","comment":"","position":{"x":1031.5,"y":427},"isActive":true,"date":1702314064286,"kind":"Node","isSelected":false,"isConnectorSelected":false,"isDraggable":1,"isDeletable":1,"hasElementMoved":false,"eventLog":[{"time":1702314064286,"type":"create node","value":"0"},{"time":1702314064357,"type":"selected","value":"TRUE"},{"time":1702314091681,"type":"text","value":"Verringerung der Müdigkeit"},{"time":1702314091681,"type":"value","value":"1"},{"time":1702314091681,"type":"selected","value":"FALSE"}],"isTextChangeable":1},{"id":"a79f4112-8f87-4cdd-8388-44b7560ec1ed","value":-3,"text":"complex information","comment":"A programming error can lead to a disaster","position":{"x":236.5,"y":561},"isActive":true,"date":1702314138921,"kind":"Node","isSelected":false,"isConnectorSelected":false,"isDraggable":1,"isDeletable":1,"hasElementMoved":false,"eventLog":[{"time":"1702314138921","type":"create node","value":[0]},{"time":"1702314139008","type":"selected","value":[true]},{"time":"1702314214854","type":"text","value":["Complex information"]},{"time":"1702314214854","type":"value","value":[-3]},{"time":"1702314214854","type":"comment","value":["Ein Fehler bei der Programmierung kann zu einer Katastrophe führen"]},{"time":"1702314214854","type":"selected","value":[false]},{"time":"2023-12-11T17:03:35.492Z","type":"position","value":{"x":[352.5],"y":[484]}}],"isTextChangeable":1},{"id":"37e770b1-2934-4554-b28b-74ffa29416a7","value":-2,"text":"Work less for","comment":"","position":{"x":494.5,"y":569},"isActive":true,"date":1702314243006,"kind":"Node","isSelected":false,"isConnectorSelected":false,"isDraggable":1,"isDeletable":1,"hasElementMoved":false,"eventLog":[{"time":"1702314243006","type":"create node","value":[0]},{"time":"1702314243116","type":"selected","value":[true]},{"time":"1702314254918","type":"text","value":["Weniger arbeiten für "]},{"time":"1702314254918","type":"selected","value":[false]},{"time":"1702314256312","type":"selected","value":[true]},{"time":"1702314259094","type":"value","value":[-2]},{"time":"1702314259094","type":"selected","value":[false]},{"time":"2023-12-11T17:04:20.217Z","type":"position","value":{"x":[474.5],"y":[490]}}],"isTextChangeable":1}],"connectors":[{"id":"e479f440-c879-4c12-b661-612a012dca2e","source":"3d8ad823-69d1-4637-b5de-794d8acd8489","target":"6a742905-3523-4eb2-9a9d-77eb91a42619","agreement":true,"isActive":true,"date":1702313520427,"kind":"Connector","isSelected":false,"intensity":3,"isDeletable":false,"isOver":false,"isBidirectional":false,"eventLog":[{"time":1702313520427,"type":"create connection"}]},{"id":"da9e7669-b8b8-418e-ae6e-395295923517","source":"3d8ad823-69d1-4637-b5de-794d8acd8489","target":"e07110ea-26ed-45ec-9f30-e56eaeab66b9","agreement":true,"isActive":true,"date":1702313520428,"kind":"Connector","isSelected":false,"intensity":3,"isDeletable":true,"isOver":false,"isBidirectional":false,"eventLog":[{"time":1702313520428,"type":"create connection"}]},{"id":"46469fc7-4198-438c-9611-2fc2c093f252","source":"775831ad-30e5-4620-b7f7-963d5111ece9","target":"6a742905-3523-4eb2-9a9d-77eb91a42619","agreement":true,"isActive":true,"date":1702313658806,"kind":"Connector","isSelected":false,"intensity":3,"isDeletable":true,"isOver":false,"isBidirectional":false,"eventLog":[{"time":1702313658806,"type":"create connection"}]},{"id":"4d71f293-0fae-4276-901e-cf45207a7536","source":"6a742905-3523-4eb2-9a9d-77eb91a42619","target":"41cffeb5-3420-4d68-93f4-c8e4b9a91f40","agreement":true,"isActive":true,"date":1702313761924,"kind":"Connector","isSelected":false,"intensity":3,"isDeletable":true,"isOver":false,"isBidirectional":false,"eventLog":[{"time":1702313761924,"type":"create connection"}]},{"id":"e9f03831-4bf5-4de4-bd91-cd75a655e553","source":"e07110ea-26ed-45ec-9f30-e56eaeab66b9","target":"9cdd34c1-3b44-44fe-bcae-7b0bb3b027ee","agreement":true,"isActive":true,"date":1702313860691,"kind":"Connector","isSelected":false,"intensity":3,"isDeletable":true,"isOver":false,"isBidirectional":false,"eventLog":[{"time":1702313860691,"type":"create connection"}]},{"id":"7fdb8dea-8759-405d-b378-ba43b62798a7","source":"e07110ea-26ed-45ec-9f30-e56eaeab66b9","target":"cbea802d-ae52-4081-af27-61420cde2fed","agreement":true,"isActive":true,"date":1702313982144,"kind":"Connector","isSelected":false,"intensity":3,"isDeletable":true,"isOver":false,"isBidirectional":false,"eventLog":[{"time":1702313982144,"type":"create connection"}]},{"id":"fa838e44-fc36-4ab2-b816-50b11af56711","source":"cbea802d-ae52-4081-af27-61420cde2fed","target":"41cffeb5-3420-4d68-93f4-c8e4b9a91f40","agreement":false,"isActive":true,"date":1702313986282,"kind":"Connector","isSelected":false,"intensity":6,"isDeletable":true,"isOver":false,"isBidirectional":false,"eventLog":[{"time":1702313986282,"type":"create connection"},{"time":1702313987923,"type":"selected","value":1},{"time":1702313992403,"type":"change intensity of connector","value":-6},{"time":1702313992403,"type":"selected","value":0}]},{"id":"16353713-f286-49ef-99f9-381b9ebf2602","source":"49f337fb-48b9-48fe-b3a3-8d8c8bca1b3e","target":"e07110ea-26ed-45ec-9f30-e56eaeab66b9","agreement":true,"isActive":true,"date":1702314043568,"kind":"Connector","isSelected":false,"intensity":3,"isDeletable":true,"isOver":false,"isBidirectional":false,"eventLog":[{"time":1702314043568,"type":"create connection"}]},{"id":"5ee99c0d-cf3e-4b11-a6d8-c2deaef5966f","source":"e07110ea-26ed-45ec-9f30-e56eaeab66b9","target":"7a45bd67-4e5d-47ce-a2f6-e2f9db15aa11","agreement":true,"isActive":true,"date":1702314092710,"kind":"Connector","isSelected":false,"intensity":3,"isDeletable":true,"isOver":false,"isBidirectional":false,"eventLog":[{"time":1702314092710,"type":"create connection"}]},{"id":"d0f6daf5-57c3-4792-9857-ef90c6538586","source":"6a742905-3523-4eb2-9a9d-77eb91a42619","target":"a79f4112-8f87-4cdd-8388-44b7560ec1ed","agreement":true,"isActive":true,"date":1702314217779,"kind":"Connector","isSelected":false,"intensity":3,"isDeletable":true,"isOver":false,"isBidirectional":false,"eventLog":[{"time":1702314217779,"type":"create connection"}]},{"id":"7f83b33d-e09d-4934-a168-48588e88fd8f","source":"37e770b1-2934-4554-b28b-74ffa29416a7","target":"6a742905-3523-4eb2-9a9d-77eb91a42619","agreement":true,"isActive":true,"date":1702314261641,"kind":"Connector","isSelected":false,"intensity":3,"isDeletable":true,"isOver":false,"isBidirectional":false,"eventLog":[{"time":1702314261641,"type":"create connection"}]}],"currentID":{},"currentNode":{},"hasSelectedNode":[false],"currentConnector":{},"hasSelectedConnector":[false],"readyToMove":[false],"isIncoming":[false],"hasElementMoved":[false]}
