{"idCAM":["696d9fb7-1b96-43df-b796-55a1cfaf3271"],"creator":["654a76de0874380f590ca432_post"],"projectCAM":["S2_CAM part 2"],"defocusCAM":[],"date":[1702378623452],"nodes":[{"id":"63d67ea1-c582-4084-816e-c5839d62b047","value":1,"text":"rescue robot","comment":"","position":{"x":650,"y":400},"isActive":true,"date":1702378624351,"kind":"Node","isSelected":false,"isConnectorSelected":false,"isDraggable":0,"isDeletable":0,"hasElementMoved":false,"eventLog":[{"time":1702378624351,"type":"create node","value":1}],"isTextChangeable":0},{"id":"5e516a02-8ab8-4c89-b909-1f7d13ddf3ad","value":0,"text":"disadvantages","comment":"","position":{"x":450,"y":400},"isActive":true,"date":1702378624351,"kind":"Node","isSelected":false,"isConnectorSelected":false,"isDraggable":0,"isDeletable":0,"hasElementMoved":false,"eventLog":[{"time":1702378624351,"type":"create node","value":0}],"isTextChangeable":0},{"id":"dadb7085-96d9-4f3d-b1a4-53a16f6ca6e0","value":0,"text":"advantages","comment":"","position":{"x":850,"y":400},"isActive":true,"date":1702378624351,"kind":"Node","isSelected":false,"isConnectorSelected":false,"isDraggable":0,"isDeletable":0,"hasElementMoved":false,"eventLog":[{"time":1702378624351,"type":"create node","value":0}],"isTextChangeable":0},{"id":"048e45dd-ad6d-4125-ba59-99bb9c1b8caf","value":0,"text":"independent","comment":"","position":{"x":855,"y":281},"isActive":true,"date":1702378624351,"kind":"Node","isSelected":false,"isConnectorSelected":false,"isDraggable":1,"isDeletable":1,"hasElementMoved":false,"eventLog":[{"time":1702378624351,"type":"create node","value":0}],"isTextChangeable":1},{"id":"f7862798-fe0f-4a56-8e5c-76f70c8eb9a6","value":0,"text":"24/7","comment":"","position":{"x":851,"y":163},"isActive":true,"date":1702378624351,"kind":"Node","isSelected":false,"isConnectorSelected":false,"isDraggable":1,"isDeletable":1,"hasElementMoved":false,"eventLog":[{"time":1702378624351,"type":"create node","value":0}],"isTextChangeable":1},{"id":"b1addf48-f9d4-4b38-a5b7-81961dade626","value":-1,"text":"abuse possibility","comment":"","position":{"x":354,"y":277},"isActive":true,"date":1702378624351,"kind":"Node","isSelected":false,"isConnectorSelected":false,"isDraggable":1,"isDeletable":1,"hasElementMoved":false,"eventLog":[{"time":1702378624351,"type":"create node","value":-1}],"isTextChangeable":1},{"id":"2a32a075-d2e9-405e-8667-d0ef903610a0","value":10,"text":"triage","comment":"","position":{"x":850,"y":519},"isActive":true,"date":1702378624351,"kind":"Node","isSelected":false,"isConnectorSelected":false,"isDraggable":1,"isDeletable":1,"hasElementMoved":false,"eventLog":[{"time":1702378624351,"type":"create node","value":10}],"isTextChangeable":1},{"id":"c902cfd5-76c8-4535-9d17-efd637bed54b","value":-3,"text":"war","comment":"","position":{"x":347,"y":153},"isActive":true,"date":1702378624351,"kind":"Node","isSelected":false,"isConnectorSelected":false,"isDraggable":1,"isDeletable":1,"hasElementMoved":false,"eventLog":[{"time":1702378624351,"type":"create node","value":-3}],"isTextChangeable":1},{"id":"6d231290-beab-4c32-8ea3-c1e12a1df577","value":10,"text":"untested","comment":"","position":{"x":445,"y":516},"isActive":true,"date":1702378624351,"kind":"Node","isSelected":false,"isConnectorSelected":false,"isDraggable":1,"isDeletable":1,"hasElementMoved":false,"eventLog":[{"time":1702378624351,"type":"create node","value":10}],"isTextChangeable":1},{"id":"e1b32cc2-fb47-430b-b36b-970d5aa85827","value":-1,"text":"life-threatening","comment":"","position":{"x":467,"y":641},"isActive":true,"date":1702378624351,"kind":"Node","isSelected":false,"isConnectorSelected":false,"isDraggable":1,"isDeletable":1,"hasElementMoved":false,"eventLog":[{"time":1702378624351,"type":"create node","value":-1}],"isTextChangeable":1},{"id":"296cb3a6-f19e-4124-bac2-bbf4ab6a34b2","value":10,"text":"the great good","comment":"","position":{"x":854,"y":635},"isActive":true,"date":1702378624352,"kind":"Node","isSelected":false,"isConnectorSelected":false,"isDraggable":1,"isDeletable":1,"hasElementMoved":false,"eventLog":[{"time":1702378624352,"type":"create node","value":10}],"isTextChangeable":1},{"id":"94d508ae-6954-45bb-ac94-28b26a6e11f2","value":3,"text":"save several lives","comment":"","position":{"x":855,"y":58},"isActive":true,"date":1702378624352,"kind":"Node","isSelected":false,"isConnectorSelected":false,"isDraggable":1,"isDeletable":1,"hasElementMoved":false,"eventLog":[{"time":1702378624352,"type":"create node","value":3}],"isTextChangeable":1},{"id":"eab1f478-d4de-4c97-99be-6a0b15d4b435","value":10,"text":"type of drones","comment":"","position":{"x":215,"y":401},"isActive":true,"date":1702378624352,"kind":"Node","isSelected":false,"isConnectorSelected":false,"isDraggable":1,"isDeletable":1,"hasElementMoved":false,"eventLog":[{"time":1702378624352,"type":"create node","value":10}],"isTextChangeable":1},{"id":"1affa4a6-19d3-49c4-b3d6-d4a18fd9df37","value":1,"text":"hybrid system","comment":"","position":{"x":60,"y":405},"isActive":true,"date":1702378624352,"kind":"Node","isSelected":false,"isConnectorSelected":false,"isDraggable":1,"isDeletable":1,"hasElementMoved":false,"eventLog":[{"time":1702378624352,"type":"create node","value":1}],"isTextChangeable":1},{"id":"2232dc06-b4ce-47de-a050-fd21aa5b6e9c","value":1,"text":"soft robot","comment":"","position":{"x":1021,"y":273},"isActive":true,"date":1702378634943,"kind":"Node","isSelected":false,"isConnectorSelected":false,"isDraggable":1,"isDeletable":1,"hasElementMoved":false,"eventLog":[{"time":"1702378634943","type":"create node","value":[0]},{"time":"1702378635984","type":"selected","value":[true]},{"time":"1702378643182","type":"text","value":["Softroboter"]},{"time":"1702378643182","type":"value","value":[1]},{"time":"1702378643182","type":"selected","value":[false]},{"time":"2023-12-12T10:57:25.487Z","type":"position","value":{"x":[1027],"y":[307]}}],"isTextChangeable":1},{"id":"e8634cb4-91ba-4f99-91bd-54229905fea0","value":1,"text":"possibilities for deployment","comment":"Through several types of robots, a suitable one can be selected for the task.","position":{"x":1168,"y":274},"isActive":true,"date":1702378650716,"kind":"Node","isSelected":false,"isConnectorSelected":false,"isDraggable":1,"isDeletable":1,"hasElementMoved":false,"eventLog":[{"time":"1702378650716","type":"create node","value":[0]},{"time":"1702378651307","type":"selected","value":[true]},{"time":"1702378698896","type":"text","value":["Möglichkeiten für einsatz"]},{"time":"1702378698896","type":"value","value":[1]},{"time":"1702378698896","type":"comment","value":["Durch meherer Arten von Robotern kann ausgewählt passend zu dem Einsatz."]},{"time":"1702378698896","type":"selected","value":[false]},{"time":"2023-12-12T10:58:20.734Z","type":"position","value":{"x":[1129],"y":[248]}}],"isTextChangeable":1},{"id":"eeaf895e-9273-4809-95a9-0d50e67c87f6","value":0,"text":"","comment":"","position":{"x":1156,"y":385},"isActive":false,"date":1702378702014,"kind":"Node","isSelected":false,"isConnectorSelected":false,"isDraggable":1,"isDeletable":1,"hasElementMoved":false,"eventLog":[{"time":1702378702014,"type":"create node","value":0},{"time":1702378703745,"type":"selected","value":1},{"time":1702378704533,"type":"node was deleted","value":-99}],"isTextChangeable":1},{"id":"5994f77b-5399-4290-b723-d4ea660a65d6","value":2,"text":"earthquake","comment":"RoBoa sounds optimal for an example earthquake scenario.","position":{"x":1172,"y":403},"isActive":true,"date":1702378728935,"kind":"Node","isSelected":false,"isConnectorSelected":false,"isDraggable":1,"isDeletable":1,"hasElementMoved":false,"eventLog":[{"time":"1702378728935","type":"create node","value":[0]},{"time":"1702378729616","type":"selected","value":[true]},{"time":"1702378736778","type":"text","value":["Erdbeben"]},{"time":"1702378736778","type":"value","value":[2]},{"time":"1702378736778","type":"selected","value":[false]},{"time":"1702378738378","type":"selected","value":[true]},{"time":"1702378754546","type":"comment","value":["RoBoa klingt optimal für ein Beispeil Erdbeben szenario"]},{"time":"1702378754546","type":"selected","value":[false]},{"time":"2023-12-12T10:59:15.538Z","type":"position","value":{"x":[1112],"y":[388]}}],"isTextChangeable":1}],"connectors":[{"id":"53bf1138-ec14-459c-aae9-8d84d7bd9ab8","source":"63d67ea1-c582-4084-816e-c5839d62b047","target":"5e516a02-8ab8-4c89-b909-1f7d13ddf3ad","agreement":true,"isActive":true,"date":1702378624352,"kind":"Connector","isSelected":false,"intensity":3,"isDeletable":false,"isOver":false,"isBidirectional":false,"eventLog":[{"time":1702378624352,"type":"create connection"}]},{"id":"195979b5-6df2-425c-9136-ddd0353aa45d","source":"63d67ea1-c582-4084-816e-c5839d62b047","target":"dadb7085-96d9-4f3d-b1a4-53a16f6ca6e0","agreement":true,"isActive":true,"date":1702378624352,"kind":"Connector","isSelected":false,"intensity":3,"isDeletable":true,"isOver":false,"isBidirectional":false,"eventLog":[{"time":1702378624352,"type":"create connection"}]},{"id":"647b7d59-f3ad-4259-9df7-a40d90277a3a","source":"dadb7085-96d9-4f3d-b1a4-53a16f6ca6e0","target":"048e45dd-ad6d-4125-ba59-99bb9c1b8caf","agreement":true,"isActive":true,"date":1702378624352,"kind":"Connector","isSelected":false,"intensity":3,"isDeletable":true,"isOver":false,"isBidirectional":false,"eventLog":[{"time":1702378624352,"type":"create connection"}]},{"id":"df1a0bfc-2c3e-40ee-b819-0199815fa795","source":"048e45dd-ad6d-4125-ba59-99bb9c1b8caf","target":"f7862798-fe0f-4a56-8e5c-76f70c8eb9a6","agreement":true,"isActive":true,"date":1702378624352,"kind":"Connector","isSelected":false,"intensity":3,"isDeletable":true,"isOver":false,"isBidirectional":false,"eventLog":[{"time":1702378624352,"type":"create connection"}]},{"id":"7cb49453-f91c-460d-83e0-7842def591e9","source":"5e516a02-8ab8-4c89-b909-1f7d13ddf3ad","target":"b1addf48-f9d4-4b38-a5b7-81961dade626","agreement":true,"isActive":true,"date":1702378624353,"kind":"Connector","isSelected":false,"intensity":3,"isDeletable":true,"isOver":false,"isBidirectional":false,"eventLog":[{"time":1702378624353,"type":"create connection"}]},{"id":"45ea56eb-6183-4c5a-9110-890ce74cb5c9","source":"dadb7085-96d9-4f3d-b1a4-53a16f6ca6e0","target":"2a32a075-d2e9-405e-8667-d0ef903610a0","agreement":true,"isActive":true,"date":1702378624353,"kind":"Connector","isSelected":false,"intensity":3,"isDeletable":true,"isOver":false,"isBidirectional":false,"eventLog":[{"time":1702378624353,"type":"create connection"}]},{"id":"f6c7704f-3149-4e3f-824a-a945d99734b9","source":"c902cfd5-76c8-4535-9d17-efd637bed54b","target":"b1addf48-f9d4-4b38-a5b7-81961dade626","agreement":true,"isActive":true,"date":1702378624353,"kind":"Connector","isSelected":false,"intensity":3,"isDeletable":true,"isOver":false,"isBidirectional":false,"eventLog":[{"time":1702378624353,"type":"create connection"}]},{"id":"fe152ee2-b05e-43d7-ba69-f6777b597d27","source":"6d231290-beab-4c32-8ea3-c1e12a1df577","target":"5e516a02-8ab8-4c89-b909-1f7d13ddf3ad","agreement":true,"isActive":true,"date":1702378624353,"kind":"Connector","isSelected":false,"intensity":3,"isDeletable":true,"isOver":false,"isBidirectional":false,"eventLog":[{"time":1702378624353,"type":"create connection"}]},{"id":"552946bb-4c63-4442-9c29-c12210b1b9cf","source":"6d231290-beab-4c32-8ea3-c1e12a1df577","target":"e1b32cc2-fb47-430b-b36b-970d5aa85827","agreement":true,"isActive":true,"date":1702378624353,"kind":"Connector","isSelected":false,"intensity":3,"isDeletable":true,"isOver":false,"isBidirectional":false,"eventLog":[{"time":1702378624353,"type":"create connection"}]},{"id":"31b64cd5-b14f-402f-8b2a-396a4b8631cc","source":"2a32a075-d2e9-405e-8667-d0ef903610a0","target":"296cb3a6-f19e-4124-bac2-bbf4ab6a34b2","agreement":true,"isActive":true,"date":1702378624353,"kind":"Connector","isSelected":false,"intensity":3,"isDeletable":true,"isOver":false,"isBidirectional":false,"eventLog":[{"time":1702378624353,"type":"create connection"}]},{"id":"7b0c8a77-d20c-43fa-91f2-d88f1d888316","source":"f7862798-fe0f-4a56-8e5c-76f70c8eb9a6","target":"94d508ae-6954-45bb-ac94-28b26a6e11f2","agreement":true,"isActive":true,"date":1702378624353,"kind":"Connector","isSelected":false,"intensity":3,"isDeletable":true,"isOver":false,"isBidirectional":false,"eventLog":[{"time":1702378624353,"type":"create connection"}]},{"id":"f52e1728-69cf-4d3e-b56d-9079e7f49d31","source":"5e516a02-8ab8-4c89-b909-1f7d13ddf3ad","target":"eab1f478-d4de-4c97-99be-6a0b15d4b435","agreement":true,"isActive":true,"date":1702378624353,"kind":"Connector","isSelected":false,"intensity":3,"isDeletable":true,"isOver":false,"isBidirectional":false,"eventLog":[{"time":1702378624353,"type":"create connection"}]},{"id":"fa395b0a-f996-45ed-b55a-f7ba14918555","source":"eab1f478-d4de-4c97-99be-6a0b15d4b435","target":"1affa4a6-19d3-49c4-b3d6-d4a18fd9df37","agreement":true,"isActive":true,"date":1702378624353,"kind":"Connector","isSelected":false,"intensity":3,"isDeletable":true,"isOver":false,"isBidirectional":false,"eventLog":[{"time":1702378624353,"type":"create connection"}]},{"id":"804c49c1-eb22-4134-9344-8e806907cb09","source":"dadb7085-96d9-4f3d-b1a4-53a16f6ca6e0","target":"2232dc06-b4ce-47de-a050-fd21aa5b6e9c","agreement":true,"isActive":true,"date":1702378644053,"kind":"Connector","isSelected":false,"intensity":3,"isDeletable":true,"isOver":false,"isBidirectional":false,"eventLog":[{"time":1702378644053,"type":"create connection"}]},{"id":"b932ab28-3e4d-412b-b153-46bee7bbb029","source":"2232dc06-b4ce-47de-a050-fd21aa5b6e9c","target":"e8634cb4-91ba-4f99-91bd-54229905fea0","agreement":true,"isActive":true,"date":1702378700047,"kind":"Connector","isSelected":false,"intensity":3,"isDeletable":true,"isOver":false,"isBidirectional":false,"eventLog":[{"time":1702378700047,"type":"create connection"}]},{"id":"fec68612-4c62-40f4-9e38-12c504afd331","source":"5994f77b-5399-4290-b723-d4ea660a65d6","target":"e8634cb4-91ba-4f99-91bd-54229905fea0","agreement":true,"isActive":true,"date":1702378737666,"kind":"Connector","isSelected":false,"intensity":3,"isDeletable":true,"isOver":false,"isBidirectional":false,"eventLog":[{"time":1702378737666,"type":"create connection"}]}],"currentID":{},"currentNode":{},"hasSelectedNode":[false],"currentConnector":{},"hasSelectedConnector":[false],"readyToMove":[false],"isIncoming":[false],"hasElementMoved":[false]}
