{"idCAM":["6f798354-5803-4950-8a45-e628dbb418ca"],"creator":["654a76de0874380f590ca432_pre"],"projectCAM":["S2_CAM part 1"],"defocusCAM":[],"date":[1702378063227],"nodes":[{"id":"975b71e1-1a89-4289-955e-a8b27d71e667","value":1,"text":"rescue robot","comment":"Generally, I think the idea is good.","position":{"x":650,"y":400},"isActive":true,"date":1702378064133,"kind":"Node","isSelected":false,"isConnectorSelected":false,"isDraggable":0,"isDeletable":0,"hasElementMoved":false,"eventLog":[{"time":1702378064133,"type":"create node","value":"0"},{"time":1702378078295,"type":"selected","value":"TRUE"},{"time":1702378081808,"type":"value","value":"1"},{"time":1702378081808,"type":"selected","value":"FALSE"},{"time":1702378084133,"type":"selected","value":"TRUE"},{"time":1702378090230,"type":"comment","value":"Allgemein finde ich die Idee gut."},{"time":1702378090230,"type":"selected","value":"FALSE"}],"isTextChangeable":0},{"id":"92dccf73-8411-4b01-bd0d-9582b2cedeaf","value":0,"text":"disadvantages","comment":"","position":{"x":450,"y":400},"isActive":true,"date":1702378064133,"kind":"Node","isSelected":false,"isConnectorSelected":false,"isDraggable":0,"isDeletable":0,"hasElementMoved":false,"eventLog":[{"time":1702378064133,"type":"create node","value":0}],"isTextChangeable":0},{"id":"e1d7fc5e-ddc0-4e2e-9f43-76022cdfbbeb","value":0,"text":"advantages","comment":"","position":{"x":850,"y":400},"isActive":true,"date":1702378064133,"kind":"Node","isSelected":false,"isConnectorSelected":false,"isDraggable":0,"isDeletable":0,"hasElementMoved":false,"eventLog":[{"time":1702378064133,"type":"create node","value":0}],"isTextChangeable":0},{"id":"1adad9e7-f78c-475b-8fba-b58694ffdea8","value":0,"text":"independent","comment":"","position":{"x":855,"y":281},"isActive":true,"date":1702378094414,"kind":"Node","isSelected":false,"isConnectorSelected":false,"isDraggable":1,"isDeletable":1,"hasElementMoved":false,"eventLog":[{"time":1702378094414,"type":"create node","value":"0"},{"time":1702378095725,"type":"selected","value":"TRUE"},{"time":1702378101334,"type":"text","value":"Eigenständig"},{"time":1702378101334,"type":"selected","value":"FALSE"}],"isTextChangeable":1},{"id":"7ce60779-a399-4379-b13c-2dd39610628e","value":0,"text":"24/7","comment":"no need for a break as far as it is technically possible","position":{"x":851,"y":163},"isActive":true,"date":1702378104315,"kind":"Node","isSelected":false,"isConnectorSelected":false,"isDraggable":1,"isDeletable":1,"hasElementMoved":false,"eventLog":[{"time":"1702378104315","type":"create node","value":[0]},{"time":"1702378105084","type":"selected","value":[true]},{"time":"1702378116360","type":"text","value":["Braucht kein schlaf"]},{"time":"1702378116360","type":"selected","value":[false]},{"time":"1702378120545","type":"selected","value":[true]},{"time":"1702378143459","type":"text","value":["24/7"]},{"time":"1702378143459","type":"comment","value":["braucht kein pause soweit es technisch moglich ist"]},{"time":"1702378143459","type":"selected","value":[false]},{"time":"2023-12-12T10:52:33.466Z","type":"position","value":{"x":[832],"y":[167]}}],"isTextChangeable":1},{"id":"04cba06c-6cdc-4b48-b368-13b7a467a803","value":-1,"text":"abuse possibility","comment":"","position":{"x":354,"y":277},"isActive":true,"date":1702378154678,"kind":"Node","isSelected":false,"isConnectorSelected":false,"isDraggable":1,"isDeletable":1,"hasElementMoved":false,"eventLog":[{"time":1702378154678,"type":"create node","value":"0"},{"time":1702378154780,"type":"selected","value":"TRUE"},{"time":1702378182087,"type":"text","value":"misbrauch möglichkeit"},{"time":1702378182087,"type":"value","value":"-1"},{"time":1702378182087,"type":"selected","value":"FALSE"}],"isTextChangeable":1},{"id":"4ed69b09-01b4-46a7-9e24-f5bc614c6d2c","value":0,"text":"","comment":"","position":{"x":818,"y":71},"isActive":false,"date":1702378185536,"kind":"Node","isSelected":false,"isConnectorSelected":false,"isDraggable":1,"isDeletable":1,"hasElementMoved":false,"eventLog":[{"time":"1702378185536","type":"create node","value":[0]},{"time":"1702378185616","type":"selected","value":[true]},{"time":"1702378194564","type":"selected","value":[false]},{"time":"2023-12-12T10:49:57.279Z","type":"position","value":{"x":[820],"y":[103]}},{"time":"1702378198279","type":"selected","value":[true]},{"time":"1702378207131","type":"node was deleted","value":[-99]}],"isTextChangeable":1},{"id":"42aea685-3985-4079-8163-5b677fc622dc","value":10,"text":"triage","comment":"I find it advantageous that it could potentially work according to a triage principle.","position":{"x":850,"y":519},"isActive":true,"date":1702378207677,"kind":"Node","isSelected":false,"isConnectorSelected":false,"isDraggable":1,"isDeletable":1,"hasElementMoved":false,"eventLog":[{"time":"1702378207677","type":"create node","value":[0]},{"time":"2023-12-12T10:50:08.759Z","type":"position","value":{"x":[1045],"y":[155]}},{"time":"2023-12-12T10:50:08.909Z","type":"position","value":{"x":[1040],"y":[323]}},{"time":"2023-12-12T10:50:09.076Z","type":"position","value":{"x":[982],"y":[476]}},{"time":"2023-12-12T10:50:09.176Z","type":"position","value":{"x":[895],"y":[539]}},{"time":"1702378212412","type":"selected","value":[true]},{"time":"1702378250842","type":"text","value":["Triage"]},{"time":"1702378250842","type":"value","value":[10]},{"time":"1702378250842","type":"comment","value":["Vorteilhaft finde ich das es möglicherweiser nach ein Triage Prinzip arbeiten könnte"]},{"time":"1702378250842","type":"selected","value":[false]},{"time":"2023-12-12T10:52:09.782Z","type":"position","value":{"x":[870],"y":[521]}}],"isTextChangeable":1},{"id":"317df9c1-b894-411d-9971-28ea85dec960","value":-3,"text":"war","comment":"As mentioned in the description, there is the possibility that new technologies are misused in fights or wars.","position":{"x":347,"y":153},"isActive":true,"date":1702378257258,"kind":"Node","isSelected":false,"isConnectorSelected":false,"isDraggable":1,"isDeletable":1,"hasElementMoved":false,"eventLog":[{"time":"1702378257258","type":"create node","value":[0]},{"time":"1702378257378","type":"selected","value":[true]},{"time":"1702378290934","type":"text","value":["Kreig"]},{"time":"1702378290934","type":"value","value":[-3]},{"time":"1702378290934","type":"comment","value":["Wie in der beschreibung war, die möglichkeit das neuer Technologien misbraucht werden in Kampfen oder Kreig steht dar."]},{"time":"1702378290934","type":"selected","value":[false]},{"time":"2023-12-12T10:51:34.097Z","type":"position","value":{"x":[361],"y":[178]}}],"isTextChangeable":1},{"id":"ac4d5072-6850-48d4-8423-130a2154f9a0","value":10,"text":"untested","comment":"","position":{"x":445,"y":516},"isActive":true,"date":1702378295500,"kind":"Node","isSelected":false,"isConnectorSelected":false,"isDraggable":1,"isDeletable":1,"hasElementMoved":false,"eventLog":[{"time":"1702378295500","type":"create node","value":[0]},{"time":"1702378300906","type":"selected","value":[true]},{"time":"1702378306211","type":"text","value":["Ungetestet"]},{"time":"1702378306211","type":"value","value":[10]},{"time":"1702378306211","type":"selected","value":[false]},{"time":"2023-12-12T10:51:46.797Z","type":"position","value":{"x":[533],"y":[545]}}],"isTextChangeable":1},{"id":"c1b6cb84-c3ec-4d31-8189-b9bc60e35345","value":-1,"text":"life-threatening","comment":"","position":{"x":467,"y":641},"isActive":true,"date":1702378309083,"kind":"Node","isSelected":false,"isConnectorSelected":false,"isDraggable":1,"isDeletable":1,"hasElementMoved":false,"eventLog":[{"time":"1702378309083","type":"create node","value":[0]},{"time":"2023-12-12T10:51:50.081Z","type":"position","value":{"x":[639],"y":[519]}},{"time":"2023-12-12T10:51:50.198Z","type":"position","value":{"x":[463],"y":[547]}},{"time":"2023-12-12T10:51:50.314Z","type":"position","value":{"x":[303],"y":[508]}},{"time":"1702378314807","type":"selected","value":[true]},{"time":"1702378323101","type":"text","value":["lebensgefahrlich?"]},{"time":"1702378323101","type":"value","value":[-1]},{"time":"1702378323101","type":"selected","value":[false]}],"isTextChangeable":1},{"id":"43771ec6-ed10-4d29-84d5-84fb66f69cf1","value":10,"text":"the great good","comment":"","position":{"x":854,"y":635},"isActive":true,"date":1702378333612,"kind":"Node","isSelected":false,"isConnectorSelected":false,"isDraggable":1,"isDeletable":1,"hasElementMoved":false,"eventLog":[{"time":"1702378333612","type":"create node","value":[0]},{"time":"1702378333740","type":"selected","value":[true]},{"time":"1702378340433","type":"text","value":["der Großer Gut"]},{"time":"1702378340433","type":"selected","value":[false]},{"time":"1702378342395","type":"selected","value":[true]},{"time":"1702378344393","type":"value","value":[10]},{"time":"1702378344393","type":"selected","value":[false]},{"time":"2023-12-12T10:52:24.816Z","type":"position","value":{"x":[857],"y":[614]}}],"isTextChangeable":1},{"id":"f8d96112-2088-4b17-acae-a16eb1836e08","value":3,"text":"save several lives","comment":"Because a machine can work more/longer than a human, several lives could be saved.","position":{"x":855,"y":58},"isActive":true,"date":1702378345843,"kind":"Node","isSelected":false,"isConnectorSelected":false,"isDraggable":1,"isDeletable":1,"hasElementMoved":false,"eventLog":[{"time":"1702378345843","type":"create node","value":[0]},{"time":"2023-12-12T10:52:26.781Z","type":"position","value":{"x":[963],"y":[612]}},{"time":"2023-12-12T10:52:26.950Z","type":"position","value":{"x":[1074],"y":[459]}},{"time":"2023-12-12T10:52:34.751Z","type":"position","value":{"x":[1047],"y":[392]}},{"time":"2023-12-12T10:52:34.867Z","type":"position","value":{"x":[950],"y":[222]}},{"time":"2023-12-12T10:52:34.950Z","type":"position","value":{"x":[896],"y":[136]}},{"time":"2023-12-12T10:52:35.200Z","type":"position","value":{"x":[872],"y":[71]}},{"time":"1702378357591","type":"selected","value":[true]},{"time":"1702378395465","type":"text","value":["Mehere Leben retten"]},{"time":"1702378395465","type":"value","value":[3]},{"time":"1702378395465","type":"comment","value":["Dadurch das ein Machine mehr/länger arbeiten kann als ein Mensch könnte mehere Leben gerettet werden. "]},{"time":"1702378395465","type":"selected","value":[false]}],"isTextChangeable":1},{"id":"48b59590-1f76-46f2-b38f-cdd9c103be01","value":10,"text":"type of drones","comment":"That it could work in a type of drone where a human pilots the robot.","position":{"x":215,"y":401},"isActive":true,"date":1702378399375,"kind":"Node","isSelected":false,"isConnectorSelected":false,"isDraggable":1,"isDeletable":1,"hasElementMoved":false,"eventLog":[{"time":1702378399375,"type":"create node","value":"0"},{"time":1702378400008,"type":"selected","value":"TRUE"},{"time":1702378407817,"type":"text","value":"Art von Dronen"},{"time":1702378407817,"type":"selected","value":"FALSE"},{"time":1702378409816,"type":"selected","value":"TRUE"},{"time":1702378447329,"type":"value","value":"10"},{"time":1702378447329,"type":"comment","value":"Das es in ein Art von Dronen funktionieren könnte wobei ein Mensch pilotiert der Roboter. "},{"time":1702378447329,"type":"selected","value":"FALSE"}],"isTextChangeable":1},{"id":"429f0def-7643-4d0c-a538-47bbbbb4e8f5","value":1,"text":"hybrid system","comment":"Where if the goal is reached and a person is found or similar, a human can take over in the situation","position":{"x":60,"y":405},"isActive":true,"date":1702378448216,"kind":"Node","isSelected":false,"isConnectorSelected":false,"isDraggable":1,"isDeletable":1,"hasElementMoved":false,"eventLog":[{"time":1702378448216,"type":"create node","value":"0"},{"time":1702378448291,"type":"selected","value":"TRUE"},{"time":1702378456510,"type":"text","value":"Hybrid System"},{"time":1702378456510,"type":"value","value":"1"},{"time":1702378456510,"type":"selected","value":"FALSE"},{"time":1702378457882,"type":"selected","value":"TRUE"},{"time":1702378483269,"type":"comment","value":"Wo wenn der Zeil erreicht ist und ein Person gefunden ist o.a. kann ein Mensch übernehmen in der Situation"},{"time":1702378483269,"type":"selected","value":"FALSE"}],"isTextChangeable":1}],"connectors":[{"id":"0979a530-b392-4623-9d3a-861603a1f705","source":"975b71e1-1a89-4289-955e-a8b27d71e667","target":"92dccf73-8411-4b01-bd0d-9582b2cedeaf","agreement":true,"isActive":true,"date":1702378064133,"kind":"Connector","isSelected":false,"intensity":3,"isDeletable":false,"isOver":false,"isBidirectional":false,"eventLog":[{"time":1702378064133,"type":"create connection"}]},{"id":"ba2cb184-57c7-4d7f-b492-339540aa416a","source":"975b71e1-1a89-4289-955e-a8b27d71e667","target":"e1d7fc5e-ddc0-4e2e-9f43-76022cdfbbeb","agreement":true,"isActive":true,"date":1702378064133,"kind":"Connector","isSelected":false,"intensity":3,"isDeletable":true,"isOver":false,"isBidirectional":false,"eventLog":[{"time":1702378064133,"type":"create connection"}]},{"id":"b8a72cba-2807-48f8-b9c1-b018894c6b0d","source":"e1d7fc5e-ddc0-4e2e-9f43-76022cdfbbeb","target":"1adad9e7-f78c-475b-8fba-b58694ffdea8","agreement":true,"isActive":true,"date":1702378102344,"kind":"Connector","isSelected":false,"intensity":3,"isDeletable":true,"isOver":false,"isBidirectional":false,"eventLog":[{"time":1702378102344,"type":"create connection"}]},{"id":"266bc6dc-23a2-4320-a869-7dfa5533c0cf","source":"1adad9e7-f78c-475b-8fba-b58694ffdea8","target":"7ce60779-a399-4379-b13c-2dd39610628e","agreement":true,"isActive":true,"date":1702378117205,"kind":"Connector","isSelected":false,"intensity":3,"isDeletable":true,"isOver":false,"isBidirectional":false,"eventLog":[{"time":1702378117205,"type":"create connection"}]},{"id":"5be7f9ab-a0da-4349-91ba-48a6a6724e4d","source":"92dccf73-8411-4b01-bd0d-9582b2cedeaf","target":"04cba06c-6cdc-4b48-b368-13b7a467a803","agreement":true,"isActive":true,"date":1702378182671,"kind":"Connector","isSelected":false,"intensity":3,"isDeletable":true,"isOver":false,"isBidirectional":false,"eventLog":[{"time":1702378182671,"type":"create connection"}]},{"id":"eec0d24b-7a8d-4156-9bea-94d0ff89dbe1","source":"4ed69b09-01b4-46a7-9e24-f5bc614c6d2c","target":"7ce60779-a399-4379-b13c-2dd39610628e","agreement":true,"isActive":false,"date":1702378196331,"kind":"Connector","isSelected":false,"intensity":3,"isDeletable":true,"isOver":false,"isBidirectional":false,"eventLog":[{"time":1702378196331,"type":"create connection"},{"time":1702378207131,"type":"active","value":false}]},{"id":"4e8ce2cd-b078-4582-87cf-89a5533ffd29","source":"e1d7fc5e-ddc0-4e2e-9f43-76022cdfbbeb","target":"42aea685-3985-4079-8163-5b677fc622dc","agreement":true,"isActive":true,"date":1702378211068,"kind":"Connector","isSelected":false,"intensity":3,"isDeletable":true,"isOver":false,"isBidirectional":false,"eventLog":[{"time":1702378211068,"type":"create connection"}]},{"id":"fd121a30-379d-4add-b2a0-bea1ac5d6f83","source":"317df9c1-b894-411d-9971-28ea85dec960","target":"04cba06c-6cdc-4b48-b368-13b7a467a803","agreement":true,"isActive":true,"date":1702378292337,"kind":"Connector","isSelected":false,"intensity":3,"isDeletable":true,"isOver":false,"isBidirectional":false,"eventLog":[{"time":1702378292338,"type":"create connection"}]},{"id":"35ea89e1-aebf-4326-b16c-47391804bc7a","source":"ac4d5072-6850-48d4-8423-130a2154f9a0","target":"92dccf73-8411-4b01-bd0d-9582b2cedeaf","agreement":true,"isActive":true,"date":1702378308420,"kind":"Connector","isSelected":false,"intensity":3,"isDeletable":true,"isOver":false,"isBidirectional":false,"eventLog":[{"time":1702378308420,"type":"create connection"}]},{"id":"69534c92-64df-40c4-b8bd-960948fb7903","source":"ac4d5072-6850-48d4-8423-130a2154f9a0","target":"c1b6cb84-c3ec-4d31-8189-b9bc60e35345","agreement":true,"isActive":true,"date":1702378323969,"kind":"Connector","isSelected":false,"intensity":3,"isDeletable":true,"isOver":false,"isBidirectional":false,"eventLog":[{"time":1702378323969,"type":"create connection"}]},{"id":"70ed0cf0-ddd7-47cb-9a05-4e7644f73cbe","source":"42aea685-3985-4079-8163-5b677fc622dc","target":"43771ec6-ed10-4d29-84d5-84fb66f69cf1","agreement":true,"isActive":true,"date":1702378341020,"kind":"Connector","isSelected":false,"intensity":3,"isDeletable":true,"isOver":false,"isBidirectional":false,"eventLog":[{"time":1702378341020,"type":"create connection"}]},{"id":"341c3fb1-b47b-41f2-a8a8-1f0fbd33a255","source":"7ce60779-a399-4379-b13c-2dd39610628e","target":"f8d96112-2088-4b17-acae-a16eb1836e08","agreement":true,"isActive":true,"date":1702378356770,"kind":"Connector","isSelected":false,"intensity":3,"isDeletable":true,"isOver":false,"isBidirectional":false,"eventLog":[{"time":1702378356770,"type":"create connection"}]},{"id":"919b45a4-2d7e-4111-99c5-b85e4c1722d9","source":"92dccf73-8411-4b01-bd0d-9582b2cedeaf","target":"48b59590-1f76-46f2-b38f-cdd9c103be01","agreement":true,"isActive":true,"date":1702378409158,"kind":"Connector","isSelected":false,"intensity":3,"isDeletable":true,"isOver":false,"isBidirectional":false,"eventLog":[{"time":1702378409158,"type":"create connection"}]},{"id":"ad8555e9-dd46-4fac-bdbf-f41e8d929ad2","source":"48b59590-1f76-46f2-b38f-cdd9c103be01","target":"429f0def-7643-4d0c-a538-47bbbbb4e8f5","agreement":true,"isActive":true,"date":1702378457130,"kind":"Connector","isSelected":false,"intensity":3,"isDeletable":true,"isOver":false,"isBidirectional":false,"eventLog":[{"time":1702378457130,"type":"create connection"}]}],"currentID":{},"currentNode":{},"hasSelectedNode":[false],"currentConnector":{},"hasSelectedConnector":[false],"readyToMove":[false],"isIncoming":[false],"hasElementMoved":[false]}
