{"idCAM":["3c31933e-4d4b-4470-b22e-453216b172bf"],"creator":["654baf4c709dd68c04a8b09a_pre"],"projectCAM":["S2_CAM part 1"],"defocusCAM":[],"date":[1702290509156],"nodes":[{"id":"a295bde6-8194-41ce-8463-795ea7f11cd7","value":1,"text":"social assistance robot","comment":"","position":{"x":650,"y":400},"isActive":true,"date":1702290510043,"kind":"Node","isSelected":false,"isConnectorSelected":false,"isDraggable":0,"isDeletable":0,"hasElementMoved":false,"eventLog":[{"time":1702290510043,"type":"create node","value":0},{"time":1702290524515,"type":"selected","value":1},{"time":1702290527143,"type":"value","value":1},{"time":1702290527143,"type":"selected","value":0}],"isTextChangeable":0},{"id":"779a65e3-d286-40a6-b5d7-1a5f716522ff","value":0,"text":"disadvantages","comment":"","position":{"x":450,"y":400},"isActive":true,"date":1702290510043,"kind":"Node","isSelected":false,"isConnectorSelected":false,"isDraggable":0,"isDeletable":0,"hasElementMoved":false,"eventLog":[{"time":1702290510043,"type":"create node","value":0}],"isTextChangeable":0},{"id":"edff3383-cce8-42d0-80f7-ffa948097a64","value":0,"text":"advantages","comment":"","position":{"x":850,"y":400},"isActive":true,"date":1702290510043,"kind":"Node","isSelected":false,"isConnectorSelected":false,"isDraggable":0,"isDeletable":0,"hasElementMoved":false,"eventLog":[{"time":1702290510043,"type":"create node","value":0}],"isTextChangeable":0},{"id":"a7207263-5e89-4d8d-a99d-c027ed073a10","value":1,"text":"work simplification","comment":"","position":{"x":766,"y":265.3333},"isActive":true,"date":1702290529548,"kind":"Node","isSelected":false,"isConnectorSelected":false,"isDraggable":1,"isDeletable":1,"hasElementMoved":false,"eventLog":[{"time":1702290529548,"type":"create node","value":"0"},{"time":1702290529559,"type":"selected","value":"TRUE"},{"time":1702290539479,"type":"text","value":"Arbeitserleichterung"},{"time":1702290539479,"type":"value","value":"1"},{"time":1702290539479,"type":"selected","value":"FALSE"}],"isTextChangeable":1},{"id":"693c0081-c9c5-4b9f-98d8-47f57663eb96","value":-1,"text":"understaffed care","comment":"","position":{"x":662,"y":164.3333},"isActive":true,"date":1702290542731,"kind":"Node","isSelected":false,"isConnectorSelected":false,"isDraggable":1,"isDeletable":1,"hasElementMoved":false,"eventLog":[{"time":1702290542731,"type":"create node","value":"0"},{"time":1702290542741,"type":"selected","value":"TRUE"},{"time":1702290555758,"type":"text","value":"Unterbesetzte Pflege"},{"time":1702290555758,"type":"value","value":"-1"},{"time":1702290555758,"type":"selected","value":"FALSE"}],"isTextChangeable":1},{"id":"c2094f63-aafd-4098-a78d-d77494a308e0","value":1,"text":"better recognize disease patterns","comment":"","position":{"x":930,"y":264.3333},"isActive":true,"date":1702290591168,"kind":"Node","isSelected":false,"isConnectorSelected":false,"isDraggable":1,"isDeletable":1,"hasElementMoved":false,"eventLog":[{"time":1702290591168,"type":"create node","value":"0"},{"time":1702290593916,"type":"selected","value":"TRUE"},{"time":1702290606613,"type":"text","value":"Erkrankungsbilder besser erkennen"},{"time":1702290606613,"type":"value","value":"1"},{"time":1702290606613,"type":"selected","value":"FALSE"}],"isTextChangeable":1},{"id":"74b41076-bc1d-4102-9ce4-4ef3785b462f","value":1,"text":"24/7 usable","comment":"","position":{"x":1024,"y":362.3333},"isActive":true,"date":1702290616549,"kind":"Node","isSelected":false,"isConnectorSelected":false,"isDraggable":1,"isDeletable":1,"hasElementMoved":false,"eventLog":[{"time":1702290616549,"type":"create node","value":"0"},{"time":1702290621844,"type":"selected","value":"TRUE"},{"time":1702290629848,"type":"text","value":"24/7 einsetzbar"},{"time":1702290629848,"type":"value","value":"1"},{"time":1702290629848,"type":"selected","value":"FALSE"}],"isTextChangeable":1},{"id":"fca3ff7d-9794-4ddd-95cd-402cbf61cc14","value":-1,"text":"societal rejection","comment":"especially in older people","position":{"x":186,"y":518.3333},"isActive":true,"date":1702290636233,"kind":"Node","isSelected":false,"isConnectorSelected":false,"isDraggable":1,"isDeletable":1,"hasElementMoved":false,"eventLog":[{"time":1702290636233,"type":"create node","value":"0"},{"time":1702290642038,"type":"selected","value":"TRUE"},{"time":1702290658499,"type":"text","value":"Gesellschaftliche Ablehnung"},{"time":1702290658499,"type":"value","value":"-1"},{"time":1702290658499,"type":"comment","value":"insbesondere bei älteren Menschen"},{"time":1702290658499,"type":"selected","value":"FALSE"}],"isTextChangeable":1},{"id":"54803f57-46db-4ece-9b5c-bf75fc62e5ec","value":-1,"text":"isolation","comment":"","position":{"x":296,"y":538.3333},"isActive":true,"date":1702290665056,"kind":"Node","isSelected":false,"isConnectorSelected":false,"isDraggable":1,"isDeletable":1,"hasElementMoved":false,"eventLog":[{"time":1702290665056,"type":"create node","value":"0"},{"time":1702290671545,"type":"selected","value":"TRUE"},{"time":1702290681801,"type":"text","value":"Isolation "},{"time":1702290681801,"type":"value","value":"-1"},{"time":1702290681801,"type":"selected","value":"FALSE"},{"time":1702290698329,"type":"selected","value":"TRUE"},{"time":1702290699404,"type":"selected","value":"FALSE"},{"time":1702290701088,"type":"selected","value":"TRUE"},{"time":1702290701866,"type":"selected","value":"FALSE"}],"isTextChangeable":1},{"id":"f6db52db-2267-4edb-bd86-bf14f8d13c26","value":-1,"text":"loneliness","comment":"","position":{"x":429,"y":586.3333},"isActive":true,"date":1702290685337,"kind":"Node","isSelected":false,"isConnectorSelected":false,"isDraggable":1,"isDeletable":1,"hasElementMoved":false,"eventLog":[{"time":1702290685337,"type":"create node","value":"0"},{"time":1702290688416,"type":"selected","value":"TRUE"},{"time":1702290693425,"type":"text","value":"Vereinsamung"},{"time":1702290693425,"type":"selected","value":"FALSE"},{"time":1702290699413,"type":"selected","value":"TRUE"},{"time":1702290700492,"type":"selected","value":"FALSE"},{"time":1702290704804,"type":"selected","value":"TRUE"},{"time":1702290707106,"type":"value","value":"-1"},{"time":1702290707106,"type":"selected","value":"FALSE"}],"isTextChangeable":1},{"id":"0b0b10b9-b2c5-4935-b714-86d401bd831f","value":-1,"text":"too expensive","comment":"","position":{"x":179,"y":242.3333},"isActive":true,"date":1702290711785,"kind":"Node","isSelected":false,"isConnectorSelected":false,"isDraggable":1,"isDeletable":1,"hasElementMoved":false,"eventLog":[{"time":1702290711785,"type":"create node","value":"0"},{"time":1702290717474,"type":"selected","value":"TRUE"},{"time":1702290730377,"type":"text","value":"Zu teuer"},{"time":1702290730377,"type":"selected","value":"FALSE"},{"time":1702290734107,"type":"selected","value":"TRUE"},{"time":1702290736512,"type":"value","value":"-1"},{"time":1702290736512,"type":"selected","value":"FALSE"}],"isTextChangeable":1},{"id":"66473b88-f312-45e4-9e1b-fbf8ee8766b0","value":-1,"text":"susceptible to manipulation","comment":"","position":{"x":80,"y":317.3333},"isActive":true,"date":1702290746470,"kind":"Node","isSelected":false,"isConnectorSelected":false,"isDraggable":1,"isDeletable":1,"hasElementMoved":false,"eventLog":[{"time":1702290746470,"type":"create node","value":"0"},{"time":1702290750003,"type":"selected","value":"TRUE"},{"time":1702290762251,"type":"text","value":"Manipulationsanfällig"},{"time":1702290762251,"type":"selected","value":"FALSE"},{"time":1702290768948,"type":"selected","value":"TRUE"},{"time":1702290772449,"type":"value","value":"-1"},{"time":1702290772449,"type":"selected","value":"FALSE"}],"isTextChangeable":1},{"id":"9a278f34-669a-4a3d-8728-e04a8583c741","value":1,"text":"exploit AI","comment":"","position":{"x":997,"y":177.3333},"isActive":true,"date":1702290820619,"kind":"Node","isSelected":false,"isConnectorSelected":false,"isDraggable":1,"isDeletable":1,"hasElementMoved":false,"eventLog":[{"time":1702290820619,"type":"create node","value":"0"},{"time":1702290823790,"type":"selected","value":"TRUE"},{"time":1702290833349,"type":"text","value":"AI ausnutzen"},{"time":1702290833349,"type":"value","value":"1"},{"time":1702290833349,"type":"selected","value":"FALSE"}],"isTextChangeable":1}],"connectors":[{"id":"7e644bca-808b-497c-8cf0-7b7ae410673c","source":"a295bde6-8194-41ce-8463-795ea7f11cd7","target":"779a65e3-d286-40a6-b5d7-1a5f716522ff","agreement":true,"isActive":true,"date":1702290510043,"kind":"Connector","isSelected":false,"intensity":3,"isDeletable":false,"isOver":false,"isBidirectional":false,"eventLog":[{"time":1702290510043,"type":"create connection"}]},{"id":"e1197b18-64c7-44a7-81df-e2877c003cca","source":"a295bde6-8194-41ce-8463-795ea7f11cd7","target":"edff3383-cce8-42d0-80f7-ffa948097a64","agreement":true,"isActive":true,"date":1702290510043,"kind":"Connector","isSelected":false,"intensity":3,"isDeletable":true,"isOver":false,"isBidirectional":false,"eventLog":[{"time":1702290510043,"type":"create connection"}]},{"id":"2bcc66c5-8e01-4fc6-9233-f667d5b59a25","source":"a7207263-5e89-4d8d-a99d-c027ed073a10","target":"edff3383-cce8-42d0-80f7-ffa948097a64","agreement":true,"isActive":true,"date":1702290541126,"kind":"Connector","isSelected":false,"intensity":3,"isDeletable":true,"isOver":false,"isBidirectional":false,"eventLog":[{"time":1702290541126,"type":"create connection"}]},{"id":"29608260-c898-44bc-802f-24e5bfb7d5b9","source":"693c0081-c9c5-4b9f-98d8-47f57663eb96","target":"a7207263-5e89-4d8d-a99d-c027ed073a10","agreement":true,"isActive":true,"date":1702290558083,"kind":"Connector","isSelected":false,"intensity":3,"isDeletable":true,"isOver":false,"isBidirectional":false,"eventLog":[{"time":1702290558083,"type":"create connection"}]},{"id":"5a282757-9e14-4a49-8a34-5bc3f8cc18d5","source":"a295bde6-8194-41ce-8463-795ea7f11cd7","target":"693c0081-c9c5-4b9f-98d8-47f57663eb96","agreement":true,"isActive":true,"date":1702290564353,"kind":"Connector","isSelected":false,"intensity":3,"isDeletable":true,"isOver":false,"isBidirectional":false,"eventLog":[{"time":1702290564353,"type":"create connection"},{"time":1702290569662,"type":"selected","value":1},{"time":1702290573885,"type":"change intensity of connector","value":3},{"time":1702290573885,"type":"selected","value":0},{"time":1702290577352,"type":"selected","value":1},{"time":1702290578714,"type":"change intensity of connector","value":3},{"time":1702290578714,"type":"selected","value":0}]},{"id":"1b88daa9-4aa0-4b63-ac16-ae808e384329","source":"c2094f63-aafd-4098-a78d-d77494a308e0","target":"edff3383-cce8-42d0-80f7-ffa948097a64","agreement":true,"isActive":true,"date":1702290612311,"kind":"Connector","isSelected":false,"intensity":3,"isDeletable":true,"isOver":false,"isBidirectional":false,"eventLog":[{"time":1702290612311,"type":"create connection"}]},{"id":"485b56fc-7dcf-41b4-89d7-9c598e6ccef9","source":"edff3383-cce8-42d0-80f7-ffa948097a64","target":"74b41076-bc1d-4102-9ce4-4ef3785b462f","agreement":true,"isActive":true,"date":1702290632922,"kind":"Connector","isSelected":false,"intensity":3,"isDeletable":true,"isOver":false,"isBidirectional":false,"eventLog":[{"time":1702290632922,"type":"create connection"}]},{"id":"e354020f-b619-4364-9800-3266beb0a1e7","source":"fca3ff7d-9794-4ddd-95cd-402cbf61cc14","target":"779a65e3-d286-40a6-b5d7-1a5f716522ff","agreement":true,"isActive":true,"date":1702290660475,"kind":"Connector","isSelected":false,"intensity":3,"isDeletable":true,"isOver":false,"isBidirectional":false,"eventLog":[{"time":1702290660475,"type":"create connection"}]},{"id":"48f22ea5-f7f9-4580-a8e4-b7846175b05e","source":"54803f57-46db-4ece-9b5c-bf75fc62e5ec","target":"779a65e3-d286-40a6-b5d7-1a5f716522ff","agreement":true,"isActive":true,"date":1702290683679,"kind":"Connector","isSelected":false,"intensity":3,"isDeletable":true,"isOver":false,"isBidirectional":false,"eventLog":[{"time":1702290683679,"type":"create connection"}]},{"id":"3a04fb26-6b34-4525-bc89-2d5d5c5954d3","source":"54803f57-46db-4ece-9b5c-bf75fc62e5ec","target":"f6db52db-2267-4edb-bd86-bf14f8d13c26","agreement":true,"isActive":true,"date":1702290703233,"kind":"Connector","isSelected":false,"intensity":3,"isDeletable":true,"isOver":false,"isBidirectional":false,"eventLog":[{"time":1702290703233,"type":"create connection"}]},{"id":"f72a2fb8-42e2-4405-ab2d-336bae5a2417","source":"0b0b10b9-b2c5-4935-b714-86d401bd831f","target":"779a65e3-d286-40a6-b5d7-1a5f716522ff","agreement":true,"isActive":true,"date":1702290732437,"kind":"Connector","isSelected":false,"intensity":3,"isDeletable":true,"isOver":false,"isBidirectional":false,"eventLog":[{"time":1702290732437,"type":"create connection"}]},{"id":"995a4b62-de8a-40a2-9bb4-04ea445698d8","source":"66473b88-f312-45e4-9e1b-fbf8ee8766b0","target":"fca3ff7d-9794-4ddd-95cd-402cbf61cc14","agreement":true,"isActive":true,"date":1702290765319,"kind":"Connector","isSelected":false,"intensity":3,"isDeletable":true,"isOver":false,"isBidirectional":false,"eventLog":[{"time":1702290765319,"type":"create connection"}]},{"id":"fef00586-cc4e-4ce8-b684-890b194265c6","source":"66473b88-f312-45e4-9e1b-fbf8ee8766b0","target":"779a65e3-d286-40a6-b5d7-1a5f716522ff","agreement":true,"isActive":true,"date":1702290767490,"kind":"Connector","isSelected":false,"intensity":3,"isDeletable":true,"isOver":false,"isBidirectional":false,"eventLog":[{"time":1702290767490,"type":"create connection"}]},{"id":"0c90005c-2a56-4b9e-8064-d44c3d1eff44","source":"9a278f34-669a-4a3d-8728-e04a8583c741","target":"c2094f63-aafd-4098-a78d-d77494a308e0","agreement":true,"isActive":true,"date":1702290835362,"kind":"Connector","isSelected":false,"intensity":3,"isDeletable":true,"isOver":false,"isBidirectional":false,"eventLog":[{"time":1702290835362,"type":"create connection"}]}],"currentID":{},"currentNode":{},"hasSelectedNode":[false],"currentConnector":{},"hasSelectedConnector":[false],"readyToMove":[false],"isIncoming":[false],"hasElementMoved":[false]}
