{"idCAM":["cd3dc9a8-9cfa-412e-811a-f020de2002e6"],"creator":["654b4a0e936bc8d3c57bfbf0_pre"],"projectCAM":["S2_CAM part 1"],"defocusCAM":[null],"date":[1702310303092],"nodes":[{"id":"1ed226d0-cdcc-4308-a288-0f41406bb5fc","value":0,"text":"social assistance robot","comment":"","position":{"x":650,"y":400},"isActive":true,"date":1702310303868,"kind":"Node","isSelected":false,"isConnectorSelected":false,"isDraggable":0,"isDeletable":0,"hasElementMoved":false,"eventLog":[{"time":1702310303868,"type":"create node","value":0}],"isTextChangeable":0},{"id":"09deacb4-e5d3-40e0-adec-098dd30885f4","value":0,"text":"disadvantages","comment":"","position":{"x":450,"y":400},"isActive":true,"date":1702310303869,"kind":"Node","isSelected":false,"isConnectorSelected":true,"isDraggable":0,"isDeletable":0,"hasElementMoved":false,"eventLog":[{"time":1702310303869,"type":"create node","value":0}],"isTextChangeable":0},{"id":"3ff43cee-f0bf-4629-9b17-6e3140ce49d2","value":0,"text":"advantages","comment":"","position":{"x":850,"y":400},"isActive":true,"date":1702310303869,"kind":"Node","isSelected":false,"isConnectorSelected":false,"isDraggable":0,"isDeletable":0,"hasElementMoved":false,"eventLog":[{"time":1702310303870,"type":"create node","value":0}],"isTextChangeable":0},{"id":"42af2b66-3a58-4ad6-b456-f78ab21441d0","value":-2,"text":"impersonal","comment":"Robots are not humans","position":{"x":224.4,"y":190.6},"isActive":true,"date":1702310323910,"kind":"Node","isSelected":false,"isConnectorSelected":false,"isDraggable":1,"isDeletable":1,"hasElementMoved":false,"eventLog":[{"time":"1702310323910","type":"create node","value":[0]},{"time":"2023-12-11T15:58:44.874Z","type":"position","value":{"x":[433.4],"y":[243.6]}},{"time":"2023-12-11T15:58:47.877Z","type":"position","value":{"x":[280.4],"y":[243.6]}},{"time":"1702310331547","type":"selected","value":[true]},{"time":"1702310365237","type":"text","value":["unpersönlich"]},{"time":"1702310365237","type":"value","value":[-2]},{"time":"1702310365237","type":"comment","value":["Roboter sind keine Menschen"]},{"time":"1702310365237","type":"selected","value":[false]}],"isTextChangeable":1},{"id":"c0130618-ab11-4901-8381-640aae16ac74","value":-2,"text":"fear feelings","comment":"Especially older people / dementia patients could be afraid of machines","position":{"x":342.4,"y":188.6},"isActive":true,"date":1702310367722,"kind":"Node","isSelected":false,"isConnectorSelected":false,"isDraggable":1,"isDeletable":1,"hasElementMoved":false,"eventLog":[{"time":1702310367722,"type":"create node","value":"0"},{"time":1702310367833,"type":"selected","value":"TRUE"},{"time":1702310416853,"type":"text","value":"Angstgefühle"},{"time":1702310416853,"type":"value","value":"-2"},{"time":1702310416853,"type":"comment","value":"gerade ältere Menschen / Demenzpatienten könnten Angst vor Maschinen haben"},{"time":1702310416853,"type":"selected","value":"FALSE"}],"isTextChangeable":1},{"id":"688cc858-3db1-4497-b7d5-df8db91d5c91","value":-3,"text":"unforeseen situations","comment":"","position":{"x":459.4,"y":187.6},"isActive":true,"date":1702310419686,"kind":"Node","isSelected":false,"isConnectorSelected":false,"isDraggable":1,"isDeletable":1,"hasElementMoved":false,"eventLog":[{"time":1702310419686,"type":"create node","value":"0"},{"time":1702310419812,"type":"selected","value":"TRUE"},{"time":1702310458322,"type":"text","value":"unvorhergesehene Situationen"},{"time":1702310458322,"type":"value","value":"-3"},{"time":1702310458322,"type":"selected","value":"FALSE"}],"isTextChangeable":1},{"id":"0fe2f395-1fb5-417c-8840-2071f2d09c13","value":3,"text":"unlimited usability","comment":"","position":{"x":850.4,"y":177.6},"isActive":true,"date":1702310463772,"kind":"Node","isSelected":false,"isConnectorSelected":false,"isDraggable":1,"isDeletable":1,"hasElementMoved":false,"eventLog":[{"time":"1702310463772","type":"create node","value":[0]},{"time":"1702310465085","type":"selected","value":[true]},{"time":"1702310491445","type":"text","value":["unbegrenzte Einsetzbarkeit"]},{"time":"1702310491445","type":"value","value":[3]},{"time":"1702310491445","type":"selected","value":[false]},{"time":"2023-12-11T16:01:32.128Z","type":"position","value":{"x":[902.4],"y":[199.6]}},{"time":"1702310549551","type":"selected","value":[true]},{"time":"1702310550582","type":"selected","value":[false]}],"isTextChangeable":1},{"id":"adbf0603-66f9-49ec-818b-5b36835929cf","value":3,"text":"costs","comment":"","position":{"x":950.4,"y":179.6},"isActive":true,"date":1702310495040,"kind":"Node","isSelected":false,"isConnectorSelected":false,"isDraggable":1,"isDeletable":1,"hasElementMoved":false,"eventLog":[{"time":1702310495040,"type":"create node","value":"0"},{"time":1702310496587,"type":"selected","value":"TRUE"},{"time":1702310510527,"type":"text","value":"Kosten"},{"time":1702310510527,"type":"value","value":"3"},{"time":1702310510527,"type":"selected","value":"FALSE"}],"isTextChangeable":1},{"id":"66142e0b-0c78-4363-a545-fb195325d0cb","value":3,"text":"don't need a vacation","comment":"","position":{"x":1067.4,"y":183.6},"isActive":true,"date":1702310511567,"kind":"Node","isSelected":false,"isConnectorSelected":false,"isDraggable":1,"isDeletable":1,"hasElementMoved":false,"eventLog":[{"time":1702310511567,"type":"create node","value":"0"},{"time":1702310512353,"type":"selected","value":"TRUE"},{"time":1702310523595,"type":"text","value":"brauchen keinen Urlaub"},{"time":1702310523595,"type":"value","value":"3"},{"time":1702310523595,"type":"selected","value":"FALSE"}],"isTextChangeable":1},{"id":"34fd66c7-f35d-4926-8874-fde043ff1d66","value":1,"text":"unlimited availability","comment":"","position":{"x":859.4,"y":538.6},"isActive":true,"date":1702310528187,"kind":"Node","isSelected":false,"isConnectorSelected":false,"isDraggable":1,"isDeletable":1,"hasElementMoved":false,"eventLog":[{"time":1702310528187,"type":"create node","value":"0"},{"time":1702310528290,"type":"selected","value":"TRUE"},{"time":1702310541076,"type":"text","value":"\"unegrenzt\" verfügbar"},{"time":1702310541076,"type":"value","value":"1"},{"time":1702310541076,"type":"selected","value":"FALSE"}],"isTextChangeable":1},{"id":"90a0d422-74b1-4ed7-815d-5f8e022bc7aa","value":-2,"text":"safety","comment":"","position":{"x":260.4,"y":471.6},"isActive":true,"date":1702310629061,"kind":"Node","isSelected":false,"isConnectorSelected":false,"isDraggable":1,"isDeletable":1,"hasElementMoved":false,"eventLog":[{"time":1702310629061,"type":"create node","value":"0"},{"time":1702310630347,"type":"selected","value":"TRUE"},{"time":1702310642362,"type":"text","value":"Sicherheit"},{"time":1702310642363,"type":"value","value":"-2"},{"time":1702310642363,"type":"selected","value":"FALSE"}],"isTextChangeable":1},{"id":"9f37e9c9-c317-4597-aa42-55f5740f4723","value":-3,"text":"communication barrier","comment":"","position":{"x":300.4,"y":600.6},"isActive":true,"date":1702310658668,"kind":"Node","isSelected":false,"isConnectorSelected":false,"isDraggable":1,"isDeletable":1,"hasElementMoved":false,"eventLog":[{"time":"1702310658668","type":"create node","value":[0]},{"time":"1702310659523","type":"selected","value":[true]},{"time":"1702310670219","type":"text","value":["Kommunikationshürde"]},{"time":"1702310670219","type":"value","value":[-3]},{"time":"1702310670219","type":"selected","value":[false]},{"time":"2023-12-11T16:04:39.003Z","type":"position","value":{"x":[374.4],"y":[523.6]}}],"isTextChangeable":1},{"id":"2964a86e-d6e4-4d87-a24b-d149164e9574","value":-2,"text":"data protection","comment":"","position":{"x":494.4,"y":580.6},"isActive":true,"date":1702310691553,"kind":"Node","isSelected":false,"isConnectorSelected":true,"isDraggable":1,"isDeletable":1,"hasElementMoved":false,"eventLog":[{"time":1702310691553,"type":"create node","value":"0"},{"time":1702310692411,"type":"selected","value":"TRUE"},{"time":1702310702096,"type":"text","value":"Datenschutz"},{"time":1702310702096,"type":"value","value":"-2"},{"time":1702310702096,"type":"selected","value":"FALSE"}],"isTextChangeable":1}],"connectors":[{"id":"0825d8b4-c872-4ed6-b2f5-5f7ca4881e8f","source":"1ed226d0-cdcc-4308-a288-0f41406bb5fc","target":"09deacb4-e5d3-40e0-adec-098dd30885f4","agreement":true,"isActive":true,"date":1702310303870,"kind":"Connector","isSelected":false,"intensity":3,"isDeletable":false,"isOver":false,"isBidirectional":false,"eventLog":[{"time":1702310303870,"type":"create connection"}]},{"id":"6d726984-213f-48f1-bedc-4debca9131a3","source":"1ed226d0-cdcc-4308-a288-0f41406bb5fc","target":"3ff43cee-f0bf-4629-9b17-6e3140ce49d2","agreement":true,"isActive":true,"date":1702310303870,"kind":"Connector","isSelected":false,"intensity":3,"isDeletable":true,"isOver":false,"isBidirectional":false,"eventLog":[{"time":1702310303870,"type":"create connection"}]},{"id":"31430a12-f935-4374-adbb-b3d7c0525a86","source":"0fe2f395-1fb5-417c-8840-2071f2d09c13","target":"3ff43cee-f0bf-4629-9b17-6e3140ce49d2","agreement":true,"isActive":true,"date":1702310552106,"kind":"Connector","isSelected":false,"intensity":6,"isDeletable":true,"isOver":false,"isBidirectional":false,"eventLog":[{"time":1702310552106,"type":"create connection"},{"time":1702310557122,"type":"selected","value":1},{"time":1702310562999,"type":"change intensity of connector","value":6},{"time":1702310562999,"type":"selected","value":0}]},{"id":"a0b929ad-9593-44e3-9233-1d091b7658f9","source":"adbf0603-66f9-49ec-818b-5b36835929cf","target":"3ff43cee-f0bf-4629-9b17-6e3140ce49d2","agreement":true,"isActive":true,"date":1702310567394,"kind":"Connector","isSelected":false,"intensity":9,"isDeletable":true,"isOver":false,"isBidirectional":false,"eventLog":[{"time":1702310567394,"type":"create connection"},{"time":1702310569308,"type":"selected","value":1},{"time":1702310572897,"type":"change intensity of connector","value":9},{"time":1702310572897,"type":"selected","value":0}]},{"id":"90a39f61-0442-4e46-a37e-5bf4a71050de","source":"66142e0b-0c78-4363-a545-fb195325d0cb","target":"3ff43cee-f0bf-4629-9b17-6e3140ce49d2","agreement":true,"isActive":true,"date":1702310576376,"kind":"Connector","isSelected":false,"intensity":9,"isDeletable":true,"isOver":false,"isBidirectional":false,"eventLog":[{"time":1702310576376,"type":"create connection"},{"time":1702310578412,"type":"selected","value":1},{"time":1702310581099,"type":"change intensity of connector","value":9},{"time":1702310581099,"type":"selected","value":0}]},{"id":"2fb66c6d-2fc5-4f63-b297-1feaee1241a0","source":"3ff43cee-f0bf-4629-9b17-6e3140ce49d2","target":"34fd66c7-f35d-4926-8874-fde043ff1d66","agreement":true,"isActive":true,"date":1702310585500,"kind":"Connector","isSelected":false,"intensity":3,"isDeletable":true,"isOver":false,"isBidirectional":false,"eventLog":[{"time":1702310585500,"type":"create connection"}]},{"id":"5ac86440-a35c-4654-924f-6e618adbc8e4","source":"09deacb4-e5d3-40e0-adec-098dd30885f4","target":"688cc858-3db1-4497-b7d5-df8db91d5c91","agreement":false,"isActive":true,"date":1702310589827,"kind":"Connector","isSelected":false,"intensity":6,"isDeletable":true,"isOver":false,"isBidirectional":false,"eventLog":[{"time":1702310589827,"type":"create connection"},{"time":1702310595497,"type":"selected","value":1},{"time":1702310601395,"type":"change intensity of connector","value":-6},{"time":1702310601395,"type":"selected","value":0}]},{"id":"c471fca4-44a6-4292-aed7-f3fa3809b9b0","source":"c0130618-ab11-4901-8381-640aae16ac74","target":"09deacb4-e5d3-40e0-adec-098dd30885f4","agreement":false,"isActive":true,"date":1702310603607,"kind":"Connector","isSelected":false,"intensity":9,"isDeletable":true,"isOver":false,"isBidirectional":false,"eventLog":[{"time":1702310603607,"type":"create connection"},{"time":1702310608296,"type":"selected","value":1},{"time":1702310612179,"type":"change intensity of connector","value":-9},{"time":1702310612179,"type":"selected","value":0}]},{"id":"d36a5396-0bbd-4f35-941e-d4dc1002a5fb","source":"42af2b66-3a58-4ad6-b456-f78ab21441d0","target":"09deacb4-e5d3-40e0-adec-098dd30885f4","agreement":false,"isActive":true,"date":1702310613857,"kind":"Connector","isSelected":false,"intensity":9,"isDeletable":true,"isOver":false,"isBidirectional":false,"eventLog":[{"time":1702310613857,"type":"create connection"},{"time":1702310615390,"type":"selected","value":1},{"time":1702310618490,"type":"change intensity of connector","value":-9},{"time":1702310618491,"type":"selected","value":0}]},{"id":"75969412-8663-40e4-bc19-ac3422b56d8a","source":"09deacb4-e5d3-40e0-adec-098dd30885f4","target":"90a0d422-74b1-4ed7-815d-5f8e022bc7aa","agreement":false,"isActive":true,"date":1702310644667,"kind":"Connector","isSelected":false,"intensity":6,"isDeletable":true,"isOver":false,"isBidirectional":false,"eventLog":[{"time":1702310644667,"type":"create connection"},{"time":1702310646039,"type":"selected","value":1},{"time":1702310649540,"type":"change intensity of connector","value":-6},{"time":1702310649540,"type":"selected","value":0}]},{"id":"53d3a8dc-1c69-46ff-a209-46de72e4dd9c","source":"09deacb4-e5d3-40e0-adec-098dd30885f4","target":"9f37e9c9-c317-4597-aa42-55f5740f4723","agreement":false,"isActive":true,"date":1702310673613,"kind":"Connector","isSelected":false,"intensity":9,"isDeletable":true,"isOver":false,"isBidirectional":false,"eventLog":[{"time":1702310673613,"type":"create connection"},{"time":1702310674876,"type":"selected","value":1},{"time":1702310677423,"type":"change intensity of connector","value":-9},{"time":1702310677423,"type":"selected","value":0}]},{"id":"7c967e48-4174-455b-9c15-754e3f086169","source":"09deacb4-e5d3-40e0-adec-098dd30885f4","target":"2964a86e-d6e4-4d87-a24b-d149164e9574","agreement":false,"isActive":true,"date":1702310706727,"kind":"Connector","isSelected":false,"intensity":3,"isDeletable":true,"isOver":false,"isBidirectional":false,"eventLog":[{"time":1702310706727,"type":"create connection"},{"time":1702310709425,"type":"selected","value":1},{"time":1702310711661,"type":"change intensity of connector","value":-3},{"time":1702310711661,"type":"selected","value":0}]}],"currentID":["7c967e48-4174-455b-9c15-754e3f086169"],"currentNode":{},"hasSelectedNode":[false],"currentConnector":{"id":["7c967e48-4174-455b-9c15-754e3f086169"],"value":{},"source":["09deacb4-e5d3-40e0-adec-098dd30885f4"],"target":["2964a86e-d6e4-4d87-a24b-d149164e9574"],"agreement":[false],"isActive":[true],"date":[1702310706727],"kind":["Connector"],"isSelected":[false],"intensity":[3],"isDeletable":[true],"isOver":[false],"isBidirectional":[false],"eventLog":[{"time":1702310706727,"type":"create connection"},{"time":1702310709425,"type":"selected","value":1},{"time":1702310711661,"type":"change intensity of connector","value":-3},{"time":1702310711661,"type":"selected","value":0}]},"hasSelectedConnector":[true],"readyToMove":[false],"isIncoming":[false],"hasElementMoved":[false]}
