{"idCAM":["8c149b8d-9463-480b-b1d0-3a0dfa63c99a"],"creator":["654b4a0e936bc8d3c57bfbf0_post"],"projectCAM":["S2_CAM part 2"],"defocusCAM":[null],"date":[1702310854621],"nodes":[{"id":"6da72e36-7089-4854-b56d-bd64d4e54b8d","value":0,"text":"social assistance robot","comment":"","position":{"x":650,"y":400},"isActive":true,"date":1702310855414,"kind":"Node","isSelected":false,"isConnectorSelected":false,"isDraggable":0,"isDeletable":0,"hasElementMoved":false,"eventLog":[{"time":1702310855414,"type":"create node","value":0}],"isTextChangeable":0},{"id":"d426f992-9d42-4a2d-a0bf-b35b27be7445","value":0,"text":"disadvantages","comment":"","position":{"x":450,"y":400},"isActive":true,"date":1702310855414,"kind":"Node","isSelected":false,"isConnectorSelected":false,"isDraggable":0,"isDeletable":0,"hasElementMoved":false,"eventLog":[{"time":1702310855414,"type":"create node","value":0}],"isTextChangeable":0},{"id":"9b20bda2-484b-41fa-a35a-e0029b7fef11","value":0,"text":"advantages","comment":"","position":{"x":850,"y":400},"isActive":true,"date":1702310855414,"kind":"Node","isSelected":false,"isConnectorSelected":false,"isDraggable":0,"isDeletable":0,"hasElementMoved":false,"eventLog":[{"time":1702310855414,"type":"create node","value":0}],"isTextChangeable":0},{"id":"96934305-01b1-4020-a8e8-e6993f38d8a2","value":-2,"text":"impersonal","comment":"","position":{"x":224.4,"y":190.6},"isActive":true,"date":1702310855414,"kind":"Node","isSelected":false,"isConnectorSelected":false,"isDraggable":1,"isDeletable":1,"hasElementMoved":false,"eventLog":[{"time":1702310855414,"type":"create node","value":-2}],"isTextChangeable":1},{"id":"bcafd8f0-0d5e-4321-924f-d68e1e0c5a1d","value":-2,"text":"fear feelings","comment":"","position":{"x":342.4,"y":188.6},"isActive":true,"date":1702310855414,"kind":"Node","isSelected":false,"isConnectorSelected":false,"isDraggable":1,"isDeletable":1,"hasElementMoved":false,"eventLog":[{"time":1702310855414,"type":"create node","value":-2}],"isTextChangeable":1},{"id":"b2da58e2-05a4-47c8-abf6-19cac4bc07e4","value":-3,"text":"unforeseen situations","comment":"","position":{"x":459.4,"y":187.6},"isActive":true,"date":1702310855414,"kind":"Node","isSelected":false,"isConnectorSelected":false,"isDraggable":1,"isDeletable":1,"hasElementMoved":false,"eventLog":[{"time":1702310855414,"type":"create node","value":-3}],"isTextChangeable":1},{"id":"9b12f96c-7b14-44e6-a139-5a5d272dc4cc","value":3,"text":"unlimited usability","comment":"","position":{"x":850.4,"y":177.6},"isActive":true,"date":1702310855414,"kind":"Node","isSelected":false,"isConnectorSelected":false,"isDraggable":1,"isDeletable":1,"hasElementMoved":false,"eventLog":[{"time":1702310855414,"type":"create node","value":3}],"isTextChangeable":1},{"id":"160953a9-37e8-48b5-9a2c-f811831d7de0","value":3,"text":"costs","comment":"","position":{"x":950.4,"y":179.6},"isActive":true,"date":1702310855414,"kind":"Node","isSelected":false,"isConnectorSelected":false,"isDraggable":1,"isDeletable":1,"hasElementMoved":false,"eventLog":[{"time":1702310855414,"type":"create node","value":3}],"isTextChangeable":1},{"id":"d9be4a0d-0c7e-4845-a76f-4435ca2dcc16","value":3,"text":"don't need a vacation","comment":"","position":{"x":1067.4,"y":183.6},"isActive":true,"date":1702310855415,"kind":"Node","isSelected":false,"isConnectorSelected":false,"isDraggable":1,"isDeletable":1,"hasElementMoved":false,"eventLog":[{"time":1702310855415,"type":"create node","value":3}],"isTextChangeable":1},{"id":"6ddbb2dc-7776-495d-a656-cc05b001ec60","value":1,"text":"unlimited availability","comment":"","position":{"x":859.4,"y":538.6},"isActive":true,"date":1702310855415,"kind":"Node","isSelected":false,"isConnectorSelected":false,"isDraggable":1,"isDeletable":1,"hasElementMoved":false,"eventLog":[{"time":1702310855415,"type":"create node","value":1}],"isTextChangeable":1},{"id":"3ed69ff9-3835-4923-b588-ee380609fc39","value":-2,"text":"safety","comment":"","position":{"x":260.4,"y":471.6},"isActive":true,"date":1702310855415,"kind":"Node","isSelected":false,"isConnectorSelected":false,"isDraggable":1,"isDeletable":1,"hasElementMoved":false,"eventLog":[{"time":1702310855415,"type":"create node","value":-2}],"isTextChangeable":1},{"id":"e30ee55d-06f8-4788-847e-a5d11138f3b6","value":-3,"text":"communication barrier","comment":"","position":{"x":300.4,"y":600.6},"isActive":true,"date":1702310855415,"kind":"Node","isSelected":false,"isConnectorSelected":false,"isDraggable":1,"isDeletable":1,"hasElementMoved":false,"eventLog":[{"time":1702310855415,"type":"create node","value":-3}],"isTextChangeable":1},{"id":"25f7a4ed-b47c-4cc3-be6a-705ff7479b84","value":-2,"text":"data protection","comment":"","position":{"x":494.4,"y":580.6},"isActive":true,"date":1702310855415,"kind":"Node","isSelected":false,"isConnectorSelected":false,"isDraggable":1,"isDeletable":1,"hasElementMoved":false,"eventLog":[{"time":1702310855415,"type":"create node","value":-2}],"isTextChangeable":1},{"id":"4cd6a2d2-a9a9-4b7f-9c2d-1c3d06c1811b","value":1,"text":"appearance","comment":"","position":{"x":1049.4,"y":373.6},"isActive":true,"date":1702310900922,"kind":"Node","isSelected":false,"isConnectorSelected":false,"isDraggable":1,"isDeletable":1,"hasElementMoved":false,"eventLog":[{"time":1702310900922,"type":"create node","value":"0"},{"time":1702310901768,"type":"selected","value":"TRUE"},{"time":1702310910290,"type":"text","value":"Aussehen"},{"time":1702310910290,"type":"value","value":"1"},{"time":1702310910290,"type":"selected","value":"FALSE"}],"isTextChangeable":1}],"connectors":[{"id":"80c253b0-c7f3-44a6-89f7-b1553e9a0e5f","source":"6da72e36-7089-4854-b56d-bd64d4e54b8d","target":"d426f992-9d42-4a2d-a0bf-b35b27be7445","agreement":true,"isActive":true,"date":1702310855416,"kind":"Connector","isSelected":false,"intensity":3,"isDeletable":false,"isOver":false,"isBidirectional":false,"eventLog":[{"time":1702310855416,"type":"create connection"}]},{"id":"e387de73-0bae-4977-8633-62079a249289","source":"6da72e36-7089-4854-b56d-bd64d4e54b8d","target":"9b20bda2-484b-41fa-a35a-e0029b7fef11","agreement":true,"isActive":true,"date":1702310855416,"kind":"Connector","isSelected":false,"intensity":3,"isDeletable":true,"isOver":false,"isBidirectional":false,"eventLog":[{"time":1702310855416,"type":"create connection"}]},{"id":"ef870fc8-13ac-4f5e-894f-db9cfe424d1c","source":"9b12f96c-7b14-44e6-a139-5a5d272dc4cc","target":"9b20bda2-484b-41fa-a35a-e0029b7fef11","agreement":true,"isActive":true,"date":1702310855416,"kind":"Connector","isSelected":false,"intensity":6,"isDeletable":true,"isOver":false,"isBidirectional":false,"eventLog":[{"time":1702310855416,"type":"create connection"}]},{"id":"018a895f-30e5-4278-9c23-3ea76d437f83","source":"160953a9-37e8-48b5-9a2c-f811831d7de0","target":"9b20bda2-484b-41fa-a35a-e0029b7fef11","agreement":true,"isActive":true,"date":1702310855417,"kind":"Connector","isSelected":false,"intensity":9,"isDeletable":true,"isOver":false,"isBidirectional":false,"eventLog":[{"time":1702310855417,"type":"create connection"}]},{"id":"77244ad4-b10b-47cf-91af-858a06e7dfee","source":"d9be4a0d-0c7e-4845-a76f-4435ca2dcc16","target":"9b20bda2-484b-41fa-a35a-e0029b7fef11","agreement":true,"isActive":true,"date":1702310855417,"kind":"Connector","isSelected":false,"intensity":9,"isDeletable":true,"isOver":false,"isBidirectional":false,"eventLog":[{"time":1702310855417,"type":"create connection"}]},{"id":"0f79f962-bdff-49f6-aaa1-1321865011ae","source":"9b20bda2-484b-41fa-a35a-e0029b7fef11","target":"6ddbb2dc-7776-495d-a656-cc05b001ec60","agreement":true,"isActive":true,"date":1702310855417,"kind":"Connector","isSelected":false,"intensity":3,"isDeletable":true,"isOver":false,"isBidirectional":false,"eventLog":[{"time":1702310855417,"type":"create connection"}]},{"id":"532be328-038d-47d6-8c1a-265b6f00f754","source":"d426f992-9d42-4a2d-a0bf-b35b27be7445","target":"b2da58e2-05a4-47c8-abf6-19cac4bc07e4","agreement":false,"isActive":true,"date":1702310855417,"kind":"Connector","isSelected":false,"intensity":6,"isDeletable":true,"isOver":false,"isBidirectional":false,"eventLog":[{"time":1702310855417,"type":"create connection"}]},{"id":"2a7b8395-f8d6-4a67-947c-878aac7c111d","source":"bcafd8f0-0d5e-4321-924f-d68e1e0c5a1d","target":"d426f992-9d42-4a2d-a0bf-b35b27be7445","agreement":false,"isActive":true,"date":1702310855417,"kind":"Connector","isSelected":false,"intensity":9,"isDeletable":true,"isOver":false,"isBidirectional":false,"eventLog":[{"time":1702310855417,"type":"create connection"}]},{"id":"b64da63f-a789-4eed-bdbf-ed7f4b55cb2e","source":"96934305-01b1-4020-a8e8-e6993f38d8a2","target":"d426f992-9d42-4a2d-a0bf-b35b27be7445","agreement":false,"isActive":true,"date":1702310855417,"kind":"Connector","isSelected":false,"intensity":3,"isDeletable":true,"isOver":false,"isBidirectional":false,"eventLog":[{"time":1702310855417,"type":"create connection"},{"time":1702310864735,"type":"selected","value":1},{"time":1702310869439,"type":"change intensity of connector","value":-3},{"time":1702310869439,"type":"selected","value":0}]},{"id":"f36285e5-b69a-4ddf-89a9-ccf6d7434304","source":"d426f992-9d42-4a2d-a0bf-b35b27be7445","target":"3ed69ff9-3835-4923-b588-ee380609fc39","agreement":false,"isActive":true,"date":1702310855417,"kind":"Connector","isSelected":false,"intensity":6,"isDeletable":true,"isOver":false,"isBidirectional":false,"eventLog":[{"time":1702310855417,"type":"create connection"}]},{"id":"45232c61-4028-4c63-8312-cd11e8ea39aa","source":"d426f992-9d42-4a2d-a0bf-b35b27be7445","target":"e30ee55d-06f8-4788-847e-a5d11138f3b6","agreement":false,"isActive":true,"date":1702310855417,"kind":"Connector","isSelected":false,"intensity":9,"isDeletable":true,"isOver":false,"isBidirectional":false,"eventLog":[{"time":1702310855417,"type":"create connection"}]},{"id":"9b877672-8b7e-4b34-bc15-037bf0af48c1","source":"d426f992-9d42-4a2d-a0bf-b35b27be7445","target":"25f7a4ed-b47c-4cc3-be6a-705ff7479b84","agreement":false,"isActive":true,"date":1702310855418,"kind":"Connector","isSelected":false,"intensity":3,"isDeletable":true,"isOver":false,"isBidirectional":false,"eventLog":[{"time":1702310855418,"type":"create connection"}]},{"id":"c8a480ce-79b0-4d30-833c-2d4c5ba385e8","source":"9b20bda2-484b-41fa-a35a-e0029b7fef11","target":"4cd6a2d2-a9a9-4b7f-9c2d-1c3d06c1811b","agreement":true,"isActive":true,"date":1702310913590,"kind":"Connector","isSelected":false,"intensity":3,"isDeletable":true,"isOver":false,"isBidirectional":false,"eventLog":[{"time":1702310913590,"type":"create connection"}]}],"currentID":{},"currentNode":{},"hasSelectedNode":[false],"currentConnector":{},"hasSelectedConnector":[false],"readyToMove":[false],"isIncoming":[false]}
