{"idCAM":["4e3d961a-6288-41f5-8784-cb2ad20a93e7"],"creator":["65526268c396c0c75dcefdf2_post"],"projectCAM":["S2_CAM part 2"],"defocusCAM":[],"date":[1702316743955],"nodes":[{"id":"a6de2d74-0b66-4b5c-be6f-908a27e86e85","value":0,"text":"rescue robot","comment":"","position":{"x":650,"y":400},"isActive":true,"date":1702316744835,"kind":"Node","isSelected":false,"isConnectorSelected":false,"isDraggable":0,"isDeletable":0,"hasElementMoved":false,"eventLog":[{"time":1702316744835,"type":"create node","value":0}],"isTextChangeable":0},{"id":"c1ac317e-1cc5-4b64-a9c3-c233678a7d54","value":0,"text":"disadvantages","comment":"","position":{"x":450,"y":400},"isActive":true,"date":1702316744835,"kind":"Node","isSelected":false,"isConnectorSelected":false,"isDraggable":0,"isDeletable":0,"hasElementMoved":false,"eventLog":[{"time":1702316744835,"type":"create node","value":0}],"isTextChangeable":0},{"id":"4337cc45-c3b6-4b8d-9c4b-fa3fdc3d10ed","value":0,"text":"advantages","comment":"","position":{"x":850,"y":400},"isActive":true,"date":1702316744835,"kind":"Node","isSelected":false,"isConnectorSelected":false,"isDraggable":0,"isDeletable":0,"hasElementMoved":false,"eventLog":[{"time":1702316744835,"type":"create node","value":0}],"isTextChangeable":0},{"id":"88b9bc2f-c073-42c4-b335-2ae71ac5635c","value":3,"text":"for danger","comment":"","position":{"x":913.4,"y":300.6},"isActive":true,"date":1702316744835,"kind":"Node","isSelected":false,"isConnectorSelected":false,"isDraggable":1,"isDeletable":1,"hasElementMoved":false,"eventLog":[{"time":1702316744835,"type":"create node","value":3}],"isTextChangeable":1},{"id":"52f0c533-4ed7-4782-a692-2123d4743f42","value":3,"text":"physical","comment":"","position":{"x":1008.4,"y":414.6},"isActive":true,"date":1702316744835,"kind":"Node","isSelected":false,"isConnectorSelected":false,"isDraggable":1,"isDeletable":1,"hasElementMoved":false,"eventLog":[{"time":1702316744835,"type":"create node","value":3},{"time":1702316857651,"type":"selected","value":1},{"time":1702316860101,"type":"selected","value":0}],"isTextChangeable":1},{"id":"3a3894a1-2327-408e-b1d5-aa9d6cfc818d","value":3,"text":"reliable","comment":"","position":{"x":930.4,"y":517.6},"isActive":true,"date":1702316744835,"kind":"Node","isSelected":false,"isConnectorSelected":false,"isDraggable":1,"isDeletable":1,"hasElementMoved":false,"eventLog":[{"time":1702316744835,"type":"create node","value":3}],"isTextChangeable":1},{"id":"8bac4ace-bdad-4db4-92b7-3ebddca48313","value":3,"text":"calm","comment":"","position":{"x":1067.4,"y":316.6},"isActive":true,"date":1702316744835,"kind":"Node","isSelected":false,"isConnectorSelected":false,"isDraggable":1,"isDeletable":1,"hasElementMoved":false,"eventLog":[{"time":1702316744835,"type":"create node","value":3}],"isTextChangeable":1},{"id":"7fc31316-f6e9-40c0-9118-8973f9c94a47","value":-3,"text":"malicious purposes","comment":"","position":{"x":377.4,"y":289.6},"isActive":true,"date":1702316744835,"kind":"Node","isSelected":false,"isConnectorSelected":false,"isDraggable":1,"isDeletable":1,"hasElementMoved":false,"eventLog":[{"time":1702316744836,"type":"create node","value":-3}],"isTextChangeable":1},{"id":"6740651c-e691-4607-b5ed-02098ef5968f","value":-3,"text":"discrimination","comment":"","position":{"x":264.4,"y":353.6},"isActive":true,"date":1702316744836,"kind":"Node","isSelected":false,"isConnectorSelected":false,"isDraggable":1,"isDeletable":1,"hasElementMoved":false,"eventLog":[{"time":1702316744836,"type":"create node","value":-3}],"isTextChangeable":1},{"id":"3c9ccd84-1e77-4efa-b08f-2e660a37b530","value":-3,"text":"sensitivity","comment":"","position":{"x":418.4,"y":476.6},"isActive":true,"date":1702316744836,"kind":"Node","isSelected":false,"isConnectorSelected":false,"isDraggable":1,"isDeletable":1,"hasElementMoved":false,"eventLog":[{"time":1702316744836,"type":"create node","value":-3}],"isTextChangeable":1},{"id":"46adfdb0-cb06-496f-974c-36666d8b7ab8","value":3,"text":"fast","comment":"faster than a human to distribute relief goods.","position":{"x":1071.4,"y":509.6},"isActive":true,"date":1702316751105,"kind":"Node","isSelected":false,"isConnectorSelected":false,"isDraggable":1,"isDeletable":1,"hasElementMoved":false,"eventLog":[{"time":1702316751105,"type":"create node","value":"0"},{"time":1702316751124,"type":"selected","value":"TRUE"},{"time":1702316751531,"type":"selected","value":"FALSE"},{"time":1702316752505,"type":"selected","value":"TRUE"},{"time":1702316770083,"type":"selected","value":"FALSE"},{"time":1702316793592,"type":"selected","value":"TRUE"},{"time":1702316852438,"type":"text","value":"Schnell"},{"time":1702316852438,"type":"value","value":"3"},{"time":1702316852438,"type":"comment","value":"schneller als ein Mensch, um Hilfsgüter zu verteilen."},{"time":1702316852438,"type":"selected","value":"FALSE"}],"isTextChangeable":1},{"id":"3dee4b71-0e7d-4a00-869c-46754172060a","value":-3,"text":"non-durable material","comment":"","position":{"x":292.4,"y":481.6},"isActive":true,"date":1702316770732,"kind":"Node","isSelected":false,"isConnectorSelected":false,"isDraggable":1,"isDeletable":1,"hasElementMoved":false,"eventLog":[{"time":1702316770732,"type":"create node","value":"0"},{"time":1702316774851,"type":"selected","value":"TRUE"},{"time":1702316787893,"type":"text","value":"nicht haltbares Material"},{"time":1702316787893,"type":"value","value":"-3"},{"time":1702316787893,"type":"selected","value":"FALSE"}],"isTextChangeable":1}],"connectors":[{"id":"d38a0eb1-bd87-4d0f-892f-e24bb11a8ba2","source":"a6de2d74-0b66-4b5c-be6f-908a27e86e85","target":"c1ac317e-1cc5-4b64-a9c3-c233678a7d54","agreement":true,"isActive":true,"date":1702316744836,"kind":"Connector","isSelected":false,"intensity":3,"isDeletable":false,"isOver":false,"isBidirectional":false,"eventLog":[{"time":1702316744836,"type":"create connection"}]},{"id":"96ce4b06-426d-4ce5-a1c4-b50dc691a161","source":"a6de2d74-0b66-4b5c-be6f-908a27e86e85","target":"4337cc45-c3b6-4b8d-9c4b-fa3fdc3d10ed","agreement":true,"isActive":true,"date":1702316744836,"kind":"Connector","isSelected":false,"intensity":3,"isDeletable":true,"isOver":false,"isBidirectional":false,"eventLog":[{"time":1702316744836,"type":"create connection"}]},{"id":"169fa242-827f-41b7-acd0-b5f5e3fd006e","source":"4337cc45-c3b6-4b8d-9c4b-fa3fdc3d10ed","target":"8bac4ace-bdad-4db4-92b7-3ebddca48313","agreement":true,"isActive":true,"date":1702316744836,"kind":"Connector","isSelected":false,"intensity":3,"isDeletable":true,"isOver":false,"isBidirectional":false,"eventLog":[{"time":1702316744836,"type":"create connection"}]},{"id":"3bb042ae-05b3-454f-a856-e4a0261ae819","source":"88b9bc2f-c073-42c4-b335-2ae71ac5635c","target":"4337cc45-c3b6-4b8d-9c4b-fa3fdc3d10ed","agreement":true,"isActive":true,"date":1702316744837,"kind":"Connector","isSelected":false,"intensity":3,"isDeletable":true,"isOver":false,"isBidirectional":false,"eventLog":[{"time":1702316744837,"type":"create connection"}]},{"id":"273d315a-a8cb-40a2-ac9b-e54b10e590d6","source":"52f0c533-4ed7-4782-a692-2123d4743f42","target":"4337cc45-c3b6-4b8d-9c4b-fa3fdc3d10ed","agreement":true,"isActive":true,"date":1702316744837,"kind":"Connector","isSelected":false,"intensity":3,"isDeletable":true,"isOver":false,"isBidirectional":false,"eventLog":[{"time":1702316744837,"type":"create connection"}]},{"id":"20e926b6-a5bd-4430-a350-938f428b1773","source":"3a3894a1-2327-408e-b1d5-aa9d6cfc818d","target":"4337cc45-c3b6-4b8d-9c4b-fa3fdc3d10ed","agreement":true,"isActive":true,"date":1702316744837,"kind":"Connector","isSelected":false,"intensity":3,"isDeletable":true,"isOver":false,"isBidirectional":false,"eventLog":[{"time":1702316744837,"type":"create connection"}]},{"id":"50121121-19fc-4c5a-81a3-0b2126e0863b","source":"7fc31316-f6e9-40c0-9118-8973f9c94a47","target":"c1ac317e-1cc5-4b64-a9c3-c233678a7d54","agreement":true,"isActive":true,"date":1702316744837,"kind":"Connector","isSelected":false,"intensity":3,"isDeletable":true,"isOver":false,"isBidirectional":false,"eventLog":[{"time":1702316744837,"type":"create connection"}]},{"id":"01a71db0-841b-47fa-b572-1aea31464211","source":"c1ac317e-1cc5-4b64-a9c3-c233678a7d54","target":"6740651c-e691-4607-b5ed-02098ef5968f","agreement":true,"isActive":true,"date":1702316744837,"kind":"Connector","isSelected":false,"intensity":3,"isDeletable":true,"isOver":false,"isBidirectional":false,"eventLog":[{"time":1702316744837,"type":"create connection"}]},{"id":"d1f35132-a2de-4153-8187-63801169e3ed","source":"3c9ccd84-1e77-4efa-b08f-2e660a37b530","target":"c1ac317e-1cc5-4b64-a9c3-c233678a7d54","agreement":true,"isActive":true,"date":1702316744837,"kind":"Connector","isSelected":false,"intensity":3,"isDeletable":true,"isOver":false,"isBidirectional":false,"eventLog":[{"time":1702316744837,"type":"create connection"}]},{"id":"48752d2c-843c-4481-99d9-5f5083f52070","source":"3dee4b71-0e7d-4a00-869c-46754172060a","target":"c1ac317e-1cc5-4b64-a9c3-c233678a7d54","agreement":true,"isActive":true,"date":1702316790656,"kind":"Connector","isSelected":false,"intensity":3,"isDeletable":true,"isOver":false,"isBidirectional":false,"eventLog":[{"time":1702316790656,"type":"create connection"}]},{"id":"1ee2f8ef-845b-46b2-a9cc-66d53cbf6486","source":"46adfdb0-cb06-496f-974c-36666d8b7ab8","target":"4337cc45-c3b6-4b8d-9c4b-fa3fdc3d10ed","agreement":true,"isActive":true,"date":1702316855045,"kind":"Connector","isSelected":false,"intensity":3,"isDeletable":true,"isOver":false,"isBidirectional":false,"eventLog":[{"time":1702316855045,"type":"create connection"}]},{"id":"0afbc014-031a-4ff1-8a4c-ed8699645acb","source":"46adfdb0-cb06-496f-974c-36666d8b7ab8","target":"52f0c533-4ed7-4782-a692-2123d4743f42","agreement":true,"isActive":true,"date":1702316856724,"kind":"Connector","isSelected":false,"intensity":9,"isDeletable":true,"isOver":false,"isBidirectional":false,"eventLog":[{"time":1702316856724,"type":"create connection"},{"time":1702316861392,"type":"selected","value":1},{"time":1702316864370,"type":"change intensity of connector","value":9},{"time":1702316864370,"type":"selected","value":0}]}],"currentID":{},"currentNode":{},"hasSelectedNode":[false],"currentConnector":{},"hasSelectedConnector":[false],"readyToMove":[false],"isIncoming":[false],"hasElementMoved":[false]}
