{"idCAM":["7bf06044-f792-4703-a11d-01974859cce6"],"creator":["6554d1f1fda70c02063f51bd_post"],"projectCAM":["S2_CAM part 2"],"defocusCAM":[],"date":[1702314403604],"nodes":[{"id":"456bf7c2-ce85-4bdc-a153-f29a491242a7","value":0,"text":"rescue robot","comment":"","position":{"x":650,"y":400},"isActive":true,"date":1702314403863,"kind":"Node","isSelected":false,"isConnectorSelected":false,"isDraggable":0,"isDeletable":0,"hasElementMoved":false,"eventLog":[{"time":1702314403863,"type":"create node","value":0}],"isTextChangeable":0},{"id":"69b319e7-8148-494e-8e89-b1ae776de1f9","value":0,"text":"disadvantages","comment":"","position":{"x":450,"y":400},"isActive":true,"date":1702314403864,"kind":"Node","isSelected":false,"isConnectorSelected":false,"isDraggable":0,"isDeletable":0,"hasElementMoved":false,"eventLog":[{"time":1702314403864,"type":"create node","value":0}],"isTextChangeable":0},{"id":"65d2ddd9-7826-4783-ad0d-04f2f35bbb53","value":0,"text":"advantages","comment":"","position":{"x":850,"y":400},"isActive":true,"date":1702314403864,"kind":"Node","isSelected":false,"isConnectorSelected":false,"isDraggable":0,"isDeletable":0,"hasElementMoved":false,"eventLog":[{"time":1702314403864,"type":"create node","value":0}],"isTextChangeable":0},{"id":"9c8f5fcf-24dc-4298-b483-3bba43f60e32","value":3,"text":"rescuer without danger","comment":"","position":{"x":1030.5455,"y":277.5284},"isActive":true,"date":1702314403864,"kind":"Node","isSelected":false,"isConnectorSelected":false,"isDraggable":1,"isDeletable":1,"hasElementMoved":false,"eventLog":[{"time":1702314403864,"type":"create node","value":3}],"isTextChangeable":1},{"id":"7bbd7088-a655-4f68-acb1-d6414c4595d3","value":-1,"text":"uncertain about reliability","comment":"","position":{"x":338.5455,"y":247.5284},"isActive":true,"date":1702314403864,"kind":"Node","isSelected":false,"isConnectorSelected":false,"isDraggable":1,"isDeletable":1,"hasElementMoved":false,"eventLog":[{"time":1702314403864,"type":"create node","value":-1}],"isTextChangeable":1},{"id":"797c54b8-8cb3-4a2f-b268-0b1cd795e971","value":10,"text":"Unsicher über Bergung","comment":"","position":{"x":658.5455,"y":583.5284},"isActive":false,"date":1702314403864,"kind":"Node","isSelected":false,"isConnectorSelected":false,"isDraggable":1,"isDeletable":1,"hasElementMoved":false,"eventLog":[{"time":1702314403864,"type":"create node","value":10},{"time":1702314476033,"type":"selected","value":1},{"time":1702314477791,"type":"node was deleted","value":-99}],"isTextChangeable":1},{"id":"b05aa2dd-9f2e-4a37-bfab-817d7fc65e95","value":2,"text":"relieved finding","comment":"","position":{"x":1099.5455,"y":441.5284},"isActive":true,"date":1702314403864,"kind":"Node","isSelected":false,"isConnectorSelected":false,"isDraggable":1,"isDeletable":1,"hasElementMoved":false,"eventLog":[{"time":"1702314403864","type":"create node","value":[2]},{"time":"2023-12-11T17:07:38.821Z","type":"position","value":{"x":[1093.5455],"y":[392.5284]}}],"isTextChangeable":1},{"id":"4b601139-34bf-49a2-920a-1479ecccd4cd","value":3,"text":"can act quickly","comment":"","position":{"x":1040.5455,"y":508.5284},"isActive":true,"date":1702314403864,"kind":"Node","isSelected":false,"isConnectorSelected":false,"isDraggable":1,"isDeletable":1,"hasElementMoved":false,"eventLog":[{"time":1702314403864,"type":"create node","value":3}],"isTextChangeable":1},{"id":"24d71d6e-ab9f-4793-b988-2ae488cd5a36","value":3,"text":"lose no strengths","comment":"","position":{"x":877.5455,"y":533.5284},"isActive":true,"date":1702314403864,"kind":"Node","isSelected":false,"isConnectorSelected":false,"isDraggable":1,"isDeletable":1,"hasElementMoved":false,"eventLog":[{"time":1702314403864,"type":"create node","value":3}],"isTextChangeable":1},{"id":"6dee0234-5b5b-433c-bf10-cd831f607583","value":-1,"text":"are creepy","comment":"","position":{"x":253.5455,"y":367.5284},"isActive":true,"date":1702314403864,"kind":"Node","isSelected":false,"isConnectorSelected":false,"isDraggable":1,"isDeletable":1,"hasElementMoved":false,"eventLog":[{"time":"1702314403864","type":"create node","value":[-1]},{"time":"2023-12-11T17:07:51.449Z","type":"position","value":{"x":[174.5455],"y":[375.5284]}}],"isTextChangeable":1},{"id":"66c771ad-bf79-4ec3-aaf4-90185b5a8cb8","value":-2,"text":"human closeness is missing","comment":"","position":{"x":265.5455,"y":541.5284},"isActive":true,"date":1702314403864,"kind":"Node","isSelected":false,"isConnectorSelected":false,"isDraggable":1,"isDeletable":1,"hasElementMoved":false,"eventLog":[{"time":1702314403864,"type":"create node","value":-2}],"isTextChangeable":1},{"id":"cc51cde6-c499-40da-bb44-d5e5de6d73bf","value":3,"text":"Auch Luftrettung möglich","comment":"","position":{"x":872.5455,"y":261.5284},"isActive":false,"date":1702314403864,"kind":"Node","isSelected":false,"isConnectorSelected":false,"isDraggable":1,"isDeletable":1,"hasElementMoved":false,"eventLog":[{"time":1702314403864,"type":"create node","value":3},{"time":1702314465303,"type":"selected","value":1},{"time":1702314466873,"type":"node was deleted","value":-99}],"isTextChangeable":1},{"id":"535b18f5-57d4-4282-a709-d8b267770218","value":-3,"text":"can break","comment":"Soft robots can be damaged more easily.","position":{"x":477.5455,"y":588.5284},"isActive":true,"date":1702314403864,"kind":"Node","isSelected":false,"isConnectorSelected":false,"isDraggable":1,"isDeletable":1,"hasElementMoved":false,"eventLog":[{"time":"1702314403864","type":"create node","value":[-2]},{"time":"1702314425940","type":"selected","value":[true]},{"time":"1702314437761","type":"value","value":[-3]},{"time":"1702314437761","type":"comment","value":["Softe Roboter können leichter beschädigt werden."]},{"time":"1702314437761","type":"selected","value":[false]},{"time":"2023-12-11T17:07:53.251Z","type":"position","value":{"x":[438.5455],"y":[566.5284]}}],"isTextChangeable":1},{"id":"e55f8243-ce4e-4d10-afc0-b2c518a118ee","value":-1,"text":"cannot treat medically","comment":"","position":{"x":502.5455,"y":282.5284},"isActive":true,"date":1702314403864,"kind":"Node","isSelected":false,"isConnectorSelected":false,"isDraggable":1,"isDeletable":1,"hasElementMoved":false,"eventLog":[{"time":1702314403864,"type":"create node","value":-1}],"isTextChangeable":1},{"id":"2cb3235f-1830-4424-82b9-a3a7e0db07fd","value":2,"text":"deliver medicine","comment":"","position":{"x":1133.5455,"y":344.5284},"isActive":true,"date":1702314445535,"kind":"Node","isSelected":false,"isConnectorSelected":false,"isDraggable":1,"isDeletable":1,"hasElementMoved":false,"eventLog":[{"time":"1702314445535","type":"create node","value":[0]},{"time":"1702314445630","type":"selected","value":[true]},{"time":"1702314456145","type":"text","value":["Liefern Medizin"]},{"time":"1702314456145","type":"value","value":[2]},{"time":"1702314456145","type":"selected","value":[false]},{"time":"2023-12-11T17:07:40.318Z","type":"position","value":{"x":[1133.5455],"y":[314.5284]}}],"isTextChangeable":1}],"connectors":[{"id":"3b094099-1130-4f08-a541-bb7352708c94","source":"456bf7c2-ce85-4bdc-a153-f29a491242a7","target":"69b319e7-8148-494e-8e89-b1ae776de1f9","agreement":true,"isActive":true,"date":1702314403864,"kind":"Connector","isSelected":false,"intensity":3,"isDeletable":false,"isOver":false,"isBidirectional":false,"eventLog":[{"time":1702314403864,"type":"create connection"}]},{"id":"9f92c4d1-752e-4470-8a85-8b178e5a021d","source":"456bf7c2-ce85-4bdc-a153-f29a491242a7","target":"65d2ddd9-7826-4783-ad0d-04f2f35bbb53","agreement":true,"isActive":true,"date":1702314403865,"kind":"Connector","isSelected":false,"intensity":3,"isDeletable":true,"isOver":false,"isBidirectional":false,"eventLog":[{"time":1702314403865,"type":"create connection"}]},{"id":"e1449753-755a-4c09-9f8c-ef3b7f39257c","source":"9c8f5fcf-24dc-4298-b483-3bba43f60e32","target":"65d2ddd9-7826-4783-ad0d-04f2f35bbb53","agreement":true,"isActive":true,"date":1702314403865,"kind":"Connector","isSelected":false,"intensity":3,"isDeletable":true,"isOver":false,"isBidirectional":false,"eventLog":[{"time":1702314403865,"type":"create connection"}]},{"id":"bf3a6e97-8d90-4203-9e4a-87739eed27f2","source":"7bbd7088-a655-4f68-acb1-d6414c4595d3","target":"69b319e7-8148-494e-8e89-b1ae776de1f9","agreement":true,"isActive":true,"date":1702314403865,"kind":"Connector","isSelected":false,"intensity":3,"isDeletable":true,"isOver":false,"isBidirectional":false,"eventLog":[{"time":1702314403865,"type":"create connection"}]},{"id":"0dc8f14f-1e77-48bd-9b7d-7d6183f4a547","source":"797c54b8-8cb3-4a2f-b268-0b1cd795e971","target":"456bf7c2-ce85-4bdc-a153-f29a491242a7","agreement":true,"isActive":false,"date":1702314403865,"kind":"Connector","isSelected":false,"intensity":3,"isDeletable":true,"isOver":false,"isBidirectional":false,"eventLog":[{"time":1702314403865,"type":"create connection"},{"time":1702314477791,"type":"active","value":false}]},{"id":"50c36537-3068-4e44-9fa3-8f931fcffe0e","source":"b05aa2dd-9f2e-4a37-bfab-817d7fc65e95","target":"65d2ddd9-7826-4783-ad0d-04f2f35bbb53","agreement":true,"isActive":true,"date":1702314403865,"kind":"Connector","isSelected":false,"intensity":3,"isDeletable":true,"isOver":false,"isBidirectional":false,"eventLog":[{"time":1702314403865,"type":"create connection"}]},{"id":"21d26604-a1cf-4ef0-bcfe-e4adf55ebadc","source":"4b601139-34bf-49a2-920a-1479ecccd4cd","target":"65d2ddd9-7826-4783-ad0d-04f2f35bbb53","agreement":true,"isActive":true,"date":1702314403865,"kind":"Connector","isSelected":false,"intensity":3,"isDeletable":true,"isOver":false,"isBidirectional":false,"eventLog":[{"time":1702314403865,"type":"create connection"}]},{"id":"c4c6b856-d382-4111-95fd-146d4a050bb9","source":"24d71d6e-ab9f-4793-b988-2ae488cd5a36","target":"65d2ddd9-7826-4783-ad0d-04f2f35bbb53","agreement":true,"isActive":true,"date":1702314403865,"kind":"Connector","isSelected":false,"intensity":3,"isDeletable":true,"isOver":false,"isBidirectional":false,"eventLog":[{"time":1702314403865,"type":"create connection"}]},{"id":"75a5e266-c111-4637-b711-73de824e2c9e","source":"6dee0234-5b5b-433c-bf10-cd831f607583","target":"69b319e7-8148-494e-8e89-b1ae776de1f9","agreement":true,"isActive":true,"date":1702314403866,"kind":"Connector","isSelected":false,"intensity":3,"isDeletable":true,"isOver":false,"isBidirectional":false,"eventLog":[{"time":1702314403866,"type":"create connection"}]},{"id":"d3b2aedd-10a1-41bb-bd61-2553bd06ca0a","source":"66c771ad-bf79-4ec3-aaf4-90185b5a8cb8","target":"69b319e7-8148-494e-8e89-b1ae776de1f9","agreement":true,"isActive":true,"date":1702314403866,"kind":"Connector","isSelected":false,"intensity":3,"isDeletable":true,"isOver":false,"isBidirectional":false,"eventLog":[{"time":1702314403866,"type":"create connection"}]},{"id":"6b92c5fb-93ad-4b27-bc48-651c0615ae93","source":"6dee0234-5b5b-433c-bf10-cd831f607583","target":"66c771ad-bf79-4ec3-aaf4-90185b5a8cb8","agreement":true,"isActive":true,"date":1702314403866,"kind":"Connector","isSelected":false,"intensity":3,"isDeletable":true,"isOver":false,"isBidirectional":false,"eventLog":[{"time":1702314403866,"type":"create connection"}]},{"id":"812224b4-8b2a-4f96-9f54-bbde1e1ec3ed","source":"cc51cde6-c499-40da-bb44-d5e5de6d73bf","target":"65d2ddd9-7826-4783-ad0d-04f2f35bbb53","agreement":true,"isActive":false,"date":1702314403866,"kind":"Connector","isSelected":false,"intensity":3,"isDeletable":true,"isOver":false,"isBidirectional":false,"eventLog":[{"time":1702314403866,"type":"create connection"},{"time":1702314466873,"type":"active","value":false}]},{"id":"42178611-f705-4939-9a36-f7c0bcf9c6c7","source":"535b18f5-57d4-4282-a709-d8b267770218","target":"69b319e7-8148-494e-8e89-b1ae776de1f9","agreement":true,"isActive":true,"date":1702314403866,"kind":"Connector","isSelected":false,"intensity":3,"isDeletable":true,"isOver":false,"isBidirectional":false,"eventLog":[{"time":1702314403866,"type":"create connection"}]},{"id":"adac2a66-37a7-43b4-9060-071b04e2d17c","source":"e55f8243-ce4e-4d10-afc0-b2c518a118ee","target":"69b319e7-8148-494e-8e89-b1ae776de1f9","agreement":true,"isActive":true,"date":1702314403866,"kind":"Connector","isSelected":false,"intensity":3,"isDeletable":true,"isOver":false,"isBidirectional":false,"eventLog":[{"time":1702314403866,"type":"create connection"}]},{"id":"5406dbcd-0568-471e-a9f3-af60b9a8877d","source":"2cb3235f-1830-4424-82b9-a3a7e0db07fd","target":"65d2ddd9-7826-4783-ad0d-04f2f35bbb53","agreement":true,"isActive":true,"date":1702314457918,"kind":"Connector","isSelected":false,"intensity":3,"isDeletable":true,"isOver":false,"isBidirectional":false,"eventLog":[{"time":1702314457918,"type":"create connection"}]}],"currentID":{},"currentNode":{},"hasSelectedNode":[false],"currentConnector":{},"hasSelectedConnector":[false],"readyToMove":[false],"isIncoming":[false],"hasElementMoved":[false]}
