{"idCAM":["f1dff0a4-f2df-4e1d-a1e2-af0998b22827"],"creator":["6554d5f1a5b42aea269aa82a_pre"],"projectCAM":["S2_CAM part 1"],"defocusCAM":[],"date":[1702291225988],"nodes":[{"id":"10948daa-d240-4bbb-965e-12f457835151","value":0,"text":"social assistance robot","comment":"","position":{"x":650,"y":400},"isActive":true,"date":1702291226886,"kind":"Node","isSelected":false,"isConnectorSelected":false,"isDraggable":0,"isDeletable":0,"hasElementMoved":false,"eventLog":[{"time":1702291226886,"type":"create node","value":0}],"isTextChangeable":0},{"id":"3e467120-77b2-47e7-afaf-0fa996ba099c","value":0,"text":"disadvantages","comment":"","position":{"x":450,"y":400},"isActive":true,"date":1702291226886,"kind":"Node","isSelected":false,"isConnectorSelected":false,"isDraggable":0,"isDeletable":0,"hasElementMoved":false,"eventLog":[{"time":1702291226886,"type":"create node","value":0}],"isTextChangeable":0},{"id":"3561abb5-d4fb-4b26-8e10-3ff5bbc7c6d5","value":0,"text":"advantages","comment":"","position":{"x":850,"y":400},"isActive":true,"date":1702291226886,"kind":"Node","isSelected":false,"isConnectorSelected":false,"isDraggable":0,"isDeletable":0,"hasElementMoved":false,"eventLog":[{"time":"1702291226886","type":"create node","value":[0]},{"time":"2023-12-11T10:40:46.192Z","type":"position","value":{"x":[892.2222],"y":[379.7778]}}],"isTextChangeable":0},{"id":"0757b8da-7314-4146-9ca4-51e49fe502c2","value":3,"text":"hilft Menschen","comment":"","position":{"x":944.2222,"y":329.7778},"isActive":false,"date":1702291247885,"kind":"Node","isSelected":false,"isConnectorSelected":false,"isDraggable":1,"isDeletable":1,"hasElementMoved":false,"eventLog":[{"time":"1702291247885","type":"create node","value":[0]},{"time":"1702291250096","type":"selected","value":[true]},{"time":"1702291292166","type":"text","value":["hilft Menschen"]},{"time":"1702291292166","type":"value","value":[3]},{"time":"1702291292166","type":"selected","value":[false]},{"time":"2023-12-11T10:42:19.092Z","type":"position","value":{"x":[975.2222],"y":[310.7778]}},{"time":"2023-12-11T10:43:12.751Z","type":"position","value":{"x":[954.2222],"y":[329.7778]}},{"time":"2023-12-11T10:43:14.773Z","type":"position","value":{"x":[968.2222],"y":[348.7778]}},{"time":"1702291396516","type":"selected","value":[true]},{"time":"1702291396917","type":"selected","value":[false]},{"time":"1702291397659","type":"selected","value":[true]},{"time":"1702291398565","type":"node was deleted","value":[-99]}],"isTextChangeable":1},{"id":"b646b21c-5107-47a0-b2f2-954f1d228347","value":3,"text":"helps socially isolated people","comment":"","position":{"x":954.2222,"y":308.7778},"isActive":true,"date":1702291293738,"kind":"Node","isSelected":false,"isConnectorSelected":false,"isDraggable":1,"isDeletable":1,"hasElementMoved":false,"eventLog":[{"time":"1702291293738","type":"create node","value":[0]},{"time":"1702291295554","type":"selected","value":[true]},{"time":"1702291317969","type":"text","value":["sozial isolierte Menschen"]},{"time":"1702291317969","type":"selected","value":[false]},{"time":"2023-12-11T10:43:19.146Z","type":"position","value":{"x":[997.2222],"y":[237.7778]}},{"time":"1702291403521","type":"selected","value":[true]},{"time":"1702291419690","type":"text","value":["hilft sozialisolierte Menschen"]},{"time":"1702291419690","type":"value","value":[3]},{"time":"1702291419690","type":"selected","value":[false]}],"isTextChangeable":1},{"id":"5d0f1e31-317f-474a-9184-27e153435591","value":3,"text":"helps older people","comment":"","position":{"x":1087.2222,"y":362.7778},"isActive":true,"date":1702291319063,"kind":"Node","isSelected":false,"isConnectorSelected":false,"isDraggable":1,"isDeletable":1,"hasElementMoved":false,"eventLog":[{"time":"1702291319063","type":"create node","value":[0]},{"time":"1702291320094","type":"selected","value":[true]},{"time":"1702291337858","type":"text","value":["ältere Menschen"]},{"time":"1702291337858","type":"selected","value":[false]},{"time":"2023-12-11T10:43:11.043Z","type":"position","value":{"x":[1075.2222],"y":[313.7778]}},{"time":"1702291421036","type":"selected","value":[true]},{"time":"1702291426333","type":"text","value":["hilft ältere Menschen"]},{"time":"1702291426333","type":"value","value":[3]},{"time":"1702291426333","type":"selected","value":[false]}],"isTextChangeable":1},{"id":"4032aaca-f3ec-404d-ac62-f464922106fb","value":2,"text":"support for children","comment":"","position":{"x":1014.2222,"y":462.7778},"isActive":true,"date":1702291344907,"kind":"Node","isSelected":false,"isConnectorSelected":false,"isDraggable":1,"isDeletable":1,"hasElementMoved":false,"eventLog":[{"time":"1702291344907","type":"create node","value":[0]},{"time":"2023-12-11T10:42:26.168Z","type":"position","value":{"x":[1018.2222],"y":[397.7778]}},{"time":"1702291348259","type":"selected","value":[true]},{"time":"1702291387538","type":"text","value":["Unterstüzung für Kinder"]},{"time":"1702291387539","type":"value","value":[2]},{"time":"1702291387539","type":"selected","value":[false]},{"time":"2023-12-11T10:43:08.920Z","type":"position","value":{"x":[1009.2222],"y":[417.7778]}}],"isTextChangeable":1},{"id":"789ef32b-2d86-40d5-acd4-6f3a03593b02","value":3,"text":"make people happy","comment":"","position":{"x":904.2222,"y":530.7778},"isActive":true,"date":1702291431440,"kind":"Node","isSelected":false,"isConnectorSelected":false,"isDraggable":1,"isDeletable":1,"hasElementMoved":false,"eventLog":[{"time":"1702291431440","type":"create node","value":[0]},{"time":"1702291438193","type":"selected","value":[true]},{"time":"1702291441728","type":"selected","value":[false]},{"time":"2023-12-11T10:47:26.020Z","type":"position","value":{"x":[924.2222],"y":[489.7778]}},{"time":"1702291649818","type":"selected","value":[true]},{"time":"1702291656292","type":"selected","value":[false]},{"time":"1702291686184","type":"selected","value":[true]},{"time":"1702291697974","type":"text","value":["machen Menschen glücklich"]},{"time":"1702291697974","type":"selected","value":[false]},{"time":"1702291714718","type":"selected","value":[true]},{"time":"1702291716996","type":"value","value":[3]},{"time":"1702291716996","type":"selected","value":[false]}],"isTextChangeable":1},{"id":"1c9fbaf1-eece-468b-87f4-c0b321abc1bf","value":-3,"text":"Jobs are lost","comment":"","position":{"x":356.2222,"y":281.7778},"isActive":true,"date":1702291442398,"kind":"Node","isSelected":false,"isConnectorSelected":false,"isDraggable":1,"isDeletable":1,"hasElementMoved":false,"eventLog":[{"time":"1702291442398","type":"create node","value":[0]},{"time":"1702291442481","type":"selected","value":[true]},{"time":"1702291459072","type":"text","value":["Arbeitsplatze gehen verloren"]},{"time":"1702291459072","type":"value","value":[-2]},{"time":"1702291459072","type":"selected","value":[false]},{"time":"2023-12-11T10:44:19.778Z","type":"position","value":{"x":[404.2222],"y":[262.7778]}},{"time":"1702291619250","type":"selected","value":[true]},{"time":"1702291621074","type":"value","value":[-3]},{"time":"1702291621074","type":"selected","value":[false]},{"time":"2023-12-11T10:49:44.651Z","type":"position","value":{"x":[382.2222],"y":[271.7778]}}],"isTextChangeable":1},{"id":"b87866a4-a0a2-47f9-8357-de5f1f9597cf","value":-1,"text":"People become dependent","comment":"Dependence on assistive robots","position":{"x":303.2222,"y":405.7778},"isActive":true,"date":1702291468268,"kind":"Node","isSelected":false,"isConnectorSelected":false,"isDraggable":1,"isDeletable":1,"hasElementMoved":false,"eventLog":[{"time":1702291468268,"type":"create node","value":"0"},{"time":1702291469884,"type":"selected","value":"TRUE"},{"time":1702291512899,"type":"text","value":"Menschen werden abhängig"},{"time":1702291512899,"type":"value","value":"-1"},{"time":1702291512899,"type":"comment","value":"Abhängigkeit von Assistenzrobotern"},{"time":1702291512899,"type":"selected","value":"FALSE"}],"isTextChangeable":1},{"id":"63d22cb2-e31f-4c35-8a37-358fe37092f2","value":-2,"text":"people emotionally replaced","comment":"Human closeness is being replaced with assistance robots","position":{"x":427.2222,"y":502.7778},"isActive":true,"date":1702291517056,"kind":"Node","isSelected":false,"isConnectorSelected":false,"isDraggable":1,"isDeletable":1,"hasElementMoved":false,"eventLog":[{"time":1702291517056,"type":"create node","value":"0"},{"time":1702291520494,"type":"selected","value":"TRUE"},{"time":1702291618074,"type":"text","value":"Menschen emotional ersetzt"},{"time":1702291618074,"type":"value","value":"-2"},{"time":1702291618074,"type":"comment","value":"es wird die menschliche Nähe mit Assistenzrobotern ersetzt"},{"time":1702291618074,"type":"selected","value":"FALSE"},{"time":1702291975855,"type":"selected","value":"TRUE"},{"time":1702291986566,"type":"value","value":"10"},{"time":1702291986566,"type":"selected","value":"FALSE"},{"time":1702291991276,"type":"selected","value":"TRUE"},{"time":1702291999167,"type":"value","value":"-2"},{"time":1702291999167,"type":"selected","value":"FALSE"},{"time":1702292056711,"type":"selected","value":"TRUE"},{"time":1702292059650,"type":"selected","value":"FALSE"}],"isTextChangeable":1},{"id":"821c71a3-b114-4da7-9b8e-2d5e504cf4e0","value":0,"text":"","comment":"","position":{"x":485.2222,"y":289.7778},"isActive":false,"date":1702291661137,"kind":"Node","isSelected":false,"isConnectorSelected":false,"isDraggable":1,"isDeletable":1,"hasElementMoved":false,"eventLog":[{"time":"1702291661137","type":"create node","value":[0]},{"time":"1702291663038","type":"selected","value":[true]},{"time":"1702291676818","type":"selected","value":[false]},{"time":"2023-12-11T10:49:43.429Z","type":"position","value":{"x":[535.2222],"y":[287.7778]}},{"time":"2023-12-11T10:49:45.975Z","type":"position","value":{"x":[504.2222],"y":[277.7778]}},{"time":"1702291787315","type":"selected","value":[true]},{"time":"1702291794306","type":"node was deleted","value":[-99]}],"isTextChangeable":1},{"id":"e3af1408-341a-4208-a950-abb3c5c902aa","value":3,"text":"adapted programming","comment":"You can choose for yourself how the robot should be","position":{"x":1006.2222,"y":621.7778},"isActive":true,"date":1702291702463,"kind":"Node","isSelected":false,"isConnectorSelected":false,"isDraggable":1,"isDeletable":1,"hasElementMoved":false,"eventLog":[{"time":1702291702463,"type":"create node","value":"0"},{"time":1702291702692,"type":"selected","value":"TRUE"},{"time":1702291712357,"type":"selected","value":"FALSE"},{"time":1702291718815,"type":"selected","value":"TRUE"},{"time":1702291780770,"type":"text","value":"angepasste Programmierung"},{"time":1702291780770,"type":"value","value":"3"},{"time":1702291780770,"type":"comment","value":"Man kann sich selber aussuchen wie der Roboter sein soll"},{"time":1702291780770,"type":"selected","value":"FALSE"}],"isTextChangeable":1},{"id":"ffaa5937-bef5-495a-b76c-5fa2ab03d9a0","value":-1,"text":"birth rate decreases","comment":"","position":{"x":439.2222,"y":612.7778},"isActive":true,"date":1702291795612,"kind":"Node","isSelected":false,"isConnectorSelected":false,"isDraggable":1,"isDeletable":1,"hasElementMoved":false,"eventLog":[{"time":"1702291795612","type":"create node","value":[0]},{"time":"1702291795800","type":"selected","value":[true]},{"time":"1702291808029","type":"text","value":["weniger Population"]},{"time":"1702291808029","type":"value","value":[-1]},{"time":"1702291808029","type":"selected","value":[false]},{"time":"1702291809898","type":"selected","value":[true]},{"time":"1702291813546","type":"selected","value":[false]},{"time":"1702291833152","type":"selected","value":[true]},{"time":"1702291844740","type":"selected","value":[false]},{"time":"2023-12-11T10:50:45.400Z","type":"position","value":{"x":[450.2222],"y":[598.7778]}},{"time":"1702291846838","type":"selected","value":[true]},{"time":"1702291854019","type":"text","value":["Geburtenrate sinkt"]},{"time":"1702291854019","type":"selected","value":[false]}],"isTextChangeable":1},{"id":"e866f8e3-f1fd-4f3b-880f-c9d068e610bf","value":10,"text":"less population","comment":"","position":{"x":535.2222,"y":680.7778},"isActive":true,"date":1702291854675,"kind":"Node","isSelected":false,"isConnectorSelected":false,"isDraggable":1,"isDeletable":1,"hasElementMoved":false,"eventLog":[{"time":"1702291854675","type":"create node","value":[0]},{"time":"2023-12-11T10:50:55.255Z","type":"position","value":{"x":[493.2222],"y":[652.7778]}},{"time":"1702291855865","type":"selected","value":[true]},{"time":"1702291865358","type":"text","value":["weniger Population"]},{"time":"1702291865358","type":"value","value":[10]},{"time":"1702291865358","type":"selected","value":[false]}],"isTextChangeable":1},{"id":"3cb7a4bf-6123-4d87-9f68-b9f8cdd41115","value":0,"text":"","comment":"","position":{"x":583.2222,"y":557.7778},"isActive":false,"date":1702291867724,"kind":"Node","isSelected":false,"isConnectorSelected":false,"isDraggable":1,"isDeletable":1,"hasElementMoved":false,"eventLog":[{"time":1702291867724,"type":"create node","value":0},{"time":1702291869896,"type":"selected","value":1},{"time":1702291870965,"type":"node was deleted","value":-99}],"isTextChangeable":1},{"id":"d4bbe151-2b78-4a23-9f6c-7641930e6754","value":2,"text":"replaced by robots","comment":"","position":{"x":625.2222,"y":512.7778},"isActive":true,"date":1702292061663,"kind":"Node","isSelected":false,"isConnectorSelected":false,"isDraggable":1,"isDeletable":1,"hasElementMoved":false,"eventLog":[{"time":"1702292061663","type":"create node","value":[0]},{"time":"1702292061765","type":"selected","value":[true]},{"time":"1702292076574","type":"text","value":["ersetzt durch Roboter"]},{"time":"1702292076574","type":"value","value":[10]},{"time":"1702292076574","type":"selected","value":[false]},{"time":"2023-12-11T10:54:37.031Z","type":"position","value":{"x":[530.2222],"y":[520.7778]}},{"time":"1702292082299","type":"selected","value":[true]},{"time":"1702292090644","type":"value","value":[1]},{"time":"1702292090644","type":"selected","value":[false]},{"time":"1702292099428","type":"selected","value":[true]},{"time":"1702292102898","type":"value","value":[2]},{"time":"1702292102898","type":"selected","value":[false]},{"time":"2023-12-11T10:55:22.078Z","type":"position","value":{"x":[618.2222],"y":[524.7778]}}],"isTextChangeable":1}],"connectors":[{"id":"3cbda548-244e-4b77-8dbe-0e16d318bf4c","source":"10948daa-d240-4bbb-965e-12f457835151","target":"3e467120-77b2-47e7-afaf-0fa996ba099c","agreement":true,"isActive":true,"date":1702291226886,"kind":"Connector","isSelected":false,"intensity":3,"isDeletable":false,"isOver":false,"isBidirectional":false,"eventLog":[{"time":1702291226886,"type":"create connection"}]},{"id":"e3ec6381-abef-4f1d-9763-0e86c9fba1a3","source":"10948daa-d240-4bbb-965e-12f457835151","target":"3561abb5-d4fb-4b26-8e10-3ff5bbc7c6d5","agreement":true,"isActive":true,"date":1702291226886,"kind":"Connector","isSelected":false,"intensity":3,"isDeletable":true,"isOver":false,"isBidirectional":false,"eventLog":[{"time":1702291226886,"type":"create connection"}]},{"id":"0b304f43-86c4-4292-b405-5422b5c77d3d","source":"0757b8da-7314-4146-9ca4-51e49fe502c2","target":"5d0f1e31-317f-474a-9184-27e153435591","agreement":true,"isActive":false,"date":1702291340952,"kind":"Connector","isSelected":false,"intensity":3,"isDeletable":true,"isOver":false,"isBidirectional":false,"eventLog":[{"time":1702291340952,"type":"create connection"},{"time":1702291398565,"type":"active","value":false}]},{"id":"d409b3c4-428f-45d6-b34c-fa8744ae5761","source":"0757b8da-7314-4146-9ca4-51e49fe502c2","target":"b646b21c-5107-47a0-b2f2-954f1d228347","agreement":true,"isActive":false,"date":1702291342286,"kind":"Connector","isSelected":false,"intensity":3,"isDeletable":true,"isOver":false,"isBidirectional":false,"eventLog":[{"time":1702291342286,"type":"create connection"},{"time":1702291398565,"type":"active","value":false}]},{"id":"8340d02a-3e6c-4b30-892f-b7844d0c5526","source":"0757b8da-7314-4146-9ca4-51e49fe502c2","target":"3561abb5-d4fb-4b26-8e10-3ff5bbc7c6d5","agreement":true,"isActive":false,"date":1702291344068,"kind":"Connector","isSelected":false,"intensity":3,"isDeletable":true,"isOver":false,"isBidirectional":false,"eventLog":[{"time":1702291344068,"type":"create connection"},{"time":1702291398565,"type":"active","value":false}]},{"id":"f5204ae2-b39d-4f6a-adf1-4ab6d8af0031","source":"3561abb5-d4fb-4b26-8e10-3ff5bbc7c6d5","target":"b646b21c-5107-47a0-b2f2-954f1d228347","agreement":true,"isActive":true,"date":1702291400414,"kind":"Connector","isSelected":false,"intensity":3,"isDeletable":true,"isOver":false,"isBidirectional":false,"eventLog":[{"time":1702291400414,"type":"create connection"}]},{"id":"bcfb3fb3-b92e-4f72-b031-8e85ff527836","source":"3561abb5-d4fb-4b26-8e10-3ff5bbc7c6d5","target":"5d0f1e31-317f-474a-9184-27e153435591","agreement":true,"isActive":true,"date":1702291401473,"kind":"Connector","isSelected":false,"intensity":3,"isDeletable":true,"isOver":false,"isBidirectional":false,"eventLog":[{"time":1702291401473,"type":"create connection"}]},{"id":"035a772b-e9c5-4566-8ced-90b25eb1ba3e","source":"3561abb5-d4fb-4b26-8e10-3ff5bbc7c6d5","target":"4032aaca-f3ec-404d-ac62-f464922106fb","agreement":true,"isActive":true,"date":1702291428025,"kind":"Connector","isSelected":false,"intensity":3,"isDeletable":true,"isOver":false,"isBidirectional":false,"eventLog":[{"time":1702291428025,"type":"create connection"}]},{"id":"33086f0f-2d10-4011-899f-470cceb3223e","source":"1c9fbaf1-eece-468b-87f4-c0b321abc1bf","target":"3e467120-77b2-47e7-afaf-0fa996ba099c","agreement":true,"isActive":true,"date":1702291460714,"kind":"Connector","isSelected":false,"intensity":3,"isDeletable":true,"isOver":false,"isBidirectional":false,"eventLog":[{"time":1702291460714,"type":"create connection"}]},{"id":"8ba44061-3d00-4b15-95b1-e248cc03828e","source":"3e467120-77b2-47e7-afaf-0fa996ba099c","target":"b87866a4-a0a2-47f9-8357-de5f1f9597cf","agreement":true,"isActive":true,"date":1702291513819,"kind":"Connector","isSelected":false,"intensity":3,"isDeletable":true,"isOver":false,"isBidirectional":false,"eventLog":[{"time":1702291513819,"type":"create connection"}]},{"id":"c2e4958e-e85f-401a-811b-54abab1b8200","source":"63d22cb2-e31f-4c35-8a37-358fe37092f2","target":"3e467120-77b2-47e7-afaf-0fa996ba099c","agreement":true,"isActive":true,"date":1702291623074,"kind":"Connector","isSelected":false,"intensity":3,"isDeletable":true,"isOver":false,"isBidirectional":false,"eventLog":[{"time":1702291623074,"type":"create connection"}]},{"id":"8c80380a-e588-4847-8111-70c94271be45","source":"3561abb5-d4fb-4b26-8e10-3ff5bbc7c6d5","target":"789ef32b-2d86-40d5-acd4-6f3a03593b02","agreement":true,"isActive":true,"date":1702291698878,"kind":"Connector","isSelected":false,"intensity":3,"isDeletable":true,"isOver":false,"isBidirectional":false,"eventLog":[{"time":1702291698878,"type":"create connection"}]},{"id":"70e62384-d10d-4e95-9f48-eacebd3e4142","source":"e3af1408-341a-4208-a950-abb3c5c902aa","target":"789ef32b-2d86-40d5-acd4-6f3a03593b02","agreement":true,"isActive":true,"date":1702291717821,"kind":"Connector","isSelected":false,"intensity":3,"isDeletable":true,"isOver":false,"isBidirectional":false,"eventLog":[{"time":1702291717821,"type":"create connection"}]},{"id":"241dfac0-e8a6-43ae-a59f-a267319f2293","source":"63d22cb2-e31f-4c35-8a37-358fe37092f2","target":"ffaa5937-bef5-495a-b76c-5fa2ab03d9a0","agreement":true,"isActive":true,"date":1702291808810,"kind":"Connector","isSelected":false,"intensity":3,"isDeletable":true,"isOver":false,"isBidirectional":false,"eventLog":[{"time":1702291808810,"type":"create connection"}]},{"id":"166ffc60-cfdc-498d-ae2c-97441ba7335e","source":"ffaa5937-bef5-495a-b76c-5fa2ab03d9a0","target":"e866f8e3-f1fd-4f3b-880f-c9d068e610bf","agreement":true,"isActive":true,"date":1702291866227,"kind":"Connector","isSelected":false,"intensity":3,"isDeletable":true,"isOver":false,"isBidirectional":false,"eventLog":[{"time":1702291866227,"type":"create connection"}]},{"id":"7b557a58-d9c7-43b0-92e7-ddda6ddc9da5","source":"63d22cb2-e31f-4c35-8a37-358fe37092f2","target":"d4bbe151-2b78-4a23-9f6c-7641930e6754","agreement":true,"isActive":true,"date":1702292077989,"kind":"Connector","isSelected":false,"intensity":3,"isDeletable":true,"isOver":false,"isBidirectional":false,"eventLog":[{"time":1702292077989,"type":"create connection"}]}],"currentID":{},"currentNode":{},"hasSelectedNode":[false],"currentConnector":{},"hasSelectedConnector":[false],"readyToMove":[false],"isIncoming":[false],"hasElementMoved":[false]}
