{"idCAM":["30e20ee6-baf8-4bec-a8af-73a067bc6a28"],"creator":["6554d5f1a5b42aea269aa82a_post"],"projectCAM":["S2_CAM part 2"],"defocusCAM":[],"date":[1702292327630],"nodes":[{"id":"5c678a95-edcd-487b-96e4-5916bc02210a","value":0,"text":"social assistance robot","comment":"","position":{"x":650,"y":400},"isActive":true,"date":1702292328527,"kind":"Node","isSelected":false,"isConnectorSelected":false,"isDraggable":0,"isDeletable":0,"hasElementMoved":false,"eventLog":[{"time":1702292328527,"type":"create node","value":0}],"isTextChangeable":0},{"id":"1ecf4957-cf53-4e06-a5ae-1cbe66afe6ed","value":0,"text":"disadvantages","comment":"","position":{"x":450,"y":400},"isActive":true,"date":1702292328527,"kind":"Node","isSelected":false,"isConnectorSelected":false,"isDraggable":0,"isDeletable":0,"hasElementMoved":false,"eventLog":[{"time":1702292328527,"type":"create node","value":0}],"isTextChangeable":0},{"id":"f9a1d702-636d-451b-8349-063db9964ed7","value":0,"text":"advantages","comment":"","position":{"x":850,"y":400},"isActive":true,"date":1702292328527,"kind":"Node","isSelected":false,"isConnectorSelected":false,"isDraggable":0,"isDeletable":0,"hasElementMoved":false,"eventLog":[{"time":1702292328527,"type":"create node","value":0}],"isTextChangeable":0},{"id":"6f1b0762-a5da-4949-8894-bd5afe3337e9","value":3,"text":"helps socially isolated people","comment":"","position":{"x":958.2222,"y":304.7778},"isActive":true,"date":1702292328527,"kind":"Node","isSelected":false,"isConnectorSelected":false,"isDraggable":1,"isDeletable":1,"hasElementMoved":false,"eventLog":[{"time":"1702292328527","type":"create node","value":[3]},{"time":"2023-12-11T11:00:21.598Z","type":"position","value":{"x":[968.2222],"y":[261.7778]}}],"isTextChangeable":1},{"id":"0947c477-8183-473d-8968-f9093e25b468","value":3,"text":"helps older people","comment":"","position":{"x":1054.2222,"y":368.7778},"isActive":true,"date":1702292328527,"kind":"Node","isSelected":false,"isConnectorSelected":false,"isDraggable":1,"isDeletable":1,"hasElementMoved":false,"eventLog":[{"time":"1702292328527","type":"create node","value":[3]},{"time":"2023-12-11T11:00:32.443Z","type":"position","value":{"x":[1123.2222],"y":[355.7778]}}],"isTextChangeable":1},{"id":"3b1fc035-dd8c-4989-8496-7b88d4282b14","value":2,"text":"support for children","comment":"","position":{"x":1014.2222,"y":462.7778},"isActive":true,"date":1702292328527,"kind":"Node","isSelected":false,"isConnectorSelected":false,"isDraggable":1,"isDeletable":1,"hasElementMoved":false,"eventLog":[{"time":1702292328527,"type":"create node","value":2}],"isTextChangeable":1},{"id":"60de7781-990d-42a4-a4a1-66c4d7db9ba9","value":3,"text":"make people happy","comment":"","position":{"x":904.2222,"y":530.7778},"isActive":true,"date":1702292328527,"kind":"Node","isSelected":false,"isConnectorSelected":false,"isDraggable":1,"isDeletable":1,"hasElementMoved":false,"eventLog":[{"time":1702292328527,"type":"create node","value":3}],"isTextChangeable":1},{"id":"b104bf5e-7938-4366-aafa-64b23b617d1e","value":-3,"text":"Jobs are lost","comment":"","position":{"x":356.2222,"y":281.7778},"isActive":true,"date":1702292328527,"kind":"Node","isSelected":false,"isConnectorSelected":false,"isDraggable":1,"isDeletable":1,"hasElementMoved":false,"eventLog":[{"time":1702292328527,"type":"create node","value":-3}],"isTextChangeable":1},{"id":"04ad68ff-a144-4379-8ca0-eb74d9a453d2","value":-1,"text":"People become dependent","comment":"","position":{"x":263.2222,"y":410.7778},"isActive":true,"date":1702292328527,"kind":"Node","isSelected":false,"isConnectorSelected":false,"isDraggable":1,"isDeletable":1,"hasElementMoved":false,"eventLog":[{"time":"1702292328527","type":"create node","value":[-1]},{"time":"2023-12-11T11:05:06.741Z","type":"position","value":{"x":[293.2222],"y":[408.7778]}}],"isTextChangeable":1},{"id":"aec0b1ab-e980-437e-bd64-5705400e684c","value":-2,"text":"people emotionally replaced","comment":"","position":{"x":427.2222,"y":502.7778},"isActive":true,"date":1702292328527,"kind":"Node","isSelected":false,"isConnectorSelected":false,"isDraggable":1,"isDeletable":1,"hasElementMoved":false,"eventLog":[{"time":1702292328527,"type":"create node","value":-2}],"isTextChangeable":1},{"id":"21343f56-8748-401c-8ee5-faddd8c985dc","value":3,"text":"adapted programming","comment":"","position":{"x":1006.2222,"y":621.7778},"isActive":true,"date":1702292328527,"kind":"Node","isSelected":false,"isConnectorSelected":false,"isDraggable":1,"isDeletable":1,"hasElementMoved":false,"eventLog":[{"time":1702292328527,"type":"create node","value":3}],"isTextChangeable":1},{"id":"9c628201-a3fb-4204-8991-b3b8166ab357","value":-1,"text":"birth rate decreases","comment":"","position":{"x":439.2222,"y":612.7778},"isActive":true,"date":1702292328527,"kind":"Node","isSelected":false,"isConnectorSelected":false,"isDraggable":1,"isDeletable":1,"hasElementMoved":false,"eventLog":[{"time":1702292328527,"type":"create node","value":-1}],"isTextChangeable":1},{"id":"81a7be1f-e15f-4469-b93d-341f923afceb","value":10,"text":"less population","comment":"","position":{"x":535.2222,"y":680.7778},"isActive":true,"date":1702292328527,"kind":"Node","isSelected":false,"isConnectorSelected":false,"isDraggable":1,"isDeletable":1,"hasElementMoved":false,"eventLog":[{"time":1702292328527,"type":"create node","value":10}],"isTextChangeable":1},{"id":"4aec9976-6ca1-456d-a210-6a495f65b4eb","value":2,"text":"replaced by robots","comment":"","position":{"x":625.2222,"y":512.7778},"isActive":true,"date":1702292328527,"kind":"Node","isSelected":false,"isConnectorSelected":false,"isDraggable":1,"isDeletable":1,"hasElementMoved":false,"eventLog":[{"time":1702292328527,"type":"create node","value":2}],"isTextChangeable":1},{"id":"e928b5c4-f65f-4005-92fd-e2cd0b1abe4c","value":3,"text":"lower risk of injury","comment":"through soft robots","position":{"x":1212.2222,"y":339.7778},"isActive":true,"date":1702292382796,"kind":"Node","isSelected":false,"isConnectorSelected":false,"isDraggable":1,"isDeletable":1,"hasElementMoved":false,"eventLog":[{"time":"1702292382796","type":"create node","value":[0]},{"time":"2023-12-11T10:59:43.399Z","type":"position","value":{"x":[602.2222],"y":[254.7778]}},{"time":"2023-12-11T10:59:45.386Z","type":"position","value":{"x":[534.2222],"y":[267.7778]}},{"time":"2023-12-11T10:59:45.536Z","type":"position","value":{"x":[380.2222],"y":[237.7778]}},{"time":"2023-12-11T10:59:45.807Z","type":"position","value":{"x":[228.2222],"y":[392.7778]}},{"time":"2023-12-11T10:59:45.852Z","type":"position","value":{"x":[209.2222],"y":[417.7778]}},{"time":"2023-12-11T10:59:46.944Z","type":"position","value":{"x":[383.2222],"y":[459.7778]}},{"time":"2023-12-11T10:59:46.990Z","type":"position","value":{"x":[536.2222],"y":[363.7778]}},{"time":"2023-12-11T10:59:47.067Z","type":"position","value":{"x":[668.2222],"y":[267.7778]}},{"time":"2023-12-11T10:59:52.012Z","type":"position","value":{"x":[523.2222],"y":[265.7778]}},{"time":"2023-12-11T10:59:52.173Z","type":"position","value":{"x":[677.2222],"y":[263.7778]}},{"time":"2023-12-11T10:59:53.650Z","type":"position","value":{"x":[822.2222],"y":[267.7778]}},{"time":"1702292394653","type":"selected","value":[true]},{"time":"1702292406354","type":"selected","value":[false]},{"time":"2023-12-11T11:00:06.890Z","type":"position","value":{"x":[804.2222],"y":[262.7778]}},{"time":"2023-12-11T11:00:07.015Z","type":"position","value":{"x":[954.2222],"y":[248.7778]}},{"time":"1702292408508","type":"selected","value":[true]},{"time":"1702292420472","type":"text","value":["geringeres Verletzungsrisiko"]},{"time":"1702292420472","type":"value","value":[3]},{"time":"1702292420472","type":"selected","value":[false]},{"time":"2023-12-11T11:00:24.678Z","type":"position","value":{"x":[1100.2222],"y":[269.7778]}},{"time":"2023-12-11T11:00:25.542Z","type":"position","value":{"x":[1212.2222],"y":[422.7778]}},{"time":"2023-12-11T11:00:28.569Z","type":"position","value":{"x":[1189.2222],"y":[495.7778]}},{"time":"2023-12-11T11:00:29.854Z","type":"position","value":{"x":[1262.2222],"y":[345.7778]}},{"time":"2023-12-11T11:00:34.373Z","type":"position","value":{"x":[1240.2222],"y":[337.7778]}},{"time":"1702292435571","type":"selected","value":[true]},{"time":"1702292449824","type":"comment","value":["duch softe Roboter"]},{"time":"1702292449824","type":"selected","value":[false]}],"isTextChangeable":1},{"id":"adc142b3-99e3-49d0-a72d-f8fa847cc084","value":1,"text":"humanlike","comment":"feel like humans through soft fabrics - like silicone","position":{"x":740.2222,"y":603.7778},"isActive":true,"date":1702292460463,"kind":"Node","isSelected":false,"isConnectorSelected":false,"isDraggable":1,"isDeletable":1,"hasElementMoved":false,"eventLog":[{"time":"1702292460463","type":"create node","value":[0]},{"time":"2023-12-11T11:01:01.205Z","type":"position","value":{"x":[1123.2222],"y":[644.7778]}},{"time":"1702292462917","type":"selected","value":[true]},{"time":"1702292512625","type":"text","value":["Menschenartig"]},{"time":"1702292512625","type":"comment","value":["fühlen sich an wie Menschen durch softe Stoffe - wie Silikon"]},{"time":"1702292512625","type":"selected","value":[false]},{"time":"1702292513266","type":"selected","value":[true]},{"time":"1702292519770","type":"value","value":[1]},{"time":"1702292519770","type":"selected","value":[false]},{"time":"2023-12-11T11:02:04.436Z","type":"position","value":{"x":[1156.2222],"y":[629.7778]}},{"time":"2023-12-11T11:02:13.311Z","type":"position","value":{"x":[1165.2222],"y":[573.7778]}},{"time":"2023-12-11T11:02:37.832Z","type":"position","value":{"x":[1209.2222],"y":[508.7778]}},{"time":"2023-12-11T11:02:48.849Z","type":"position","value":{"x":[1224.2222],"y":[511.7778]}},{"time":"2023-12-11T11:03:15.971Z","type":"position","value":{"x":[1225.2222],"y":[514.7778]}},{"time":"2023-12-11T11:03:16.204Z","type":"position","value":{"x":[1073.2222],"y":[529.7778]}},{"time":"2023-12-11T11:03:16.274Z","type":"position","value":{"x":[905.2222],"y":[558.7778]}},{"time":"2023-12-11T11:03:16.353Z","type":"position","value":{"x":[754.2222],"y":[577.7778]}},{"time":"1702292611513","type":"selected","value":[true]},{"time":"1702292613566","type":"selected","value":[false]}],"isTextChangeable":1},{"id":"2560a23b-1a5d-44d6-b1de-c6bd78e822d4","value":0,"text":"","comment":"","position":{"x":655.2222,"y":607.7778},"isActive":false,"date":1702292582455,"kind":"Node","isSelected":false,"isConnectorSelected":false,"isDraggable":1,"isDeletable":1,"hasElementMoved":false,"eventLog":[{"time":1702292582455,"type":"create node","value":0},{"time":1702292582555,"type":"selected","value":1},{"time":1702292595281,"type":"node was deleted","value":-99}],"isTextChangeable":1},{"id":"85988195-5545-4e72-adae-47d76a8160fa","value":3,"text":"extinct animals","comment":"soft robots can imitate extinct animals","position":{"x":814.2222,"y":243.7778},"isActive":true,"date":1702292620135,"kind":"Node","isSelected":false,"isConnectorSelected":false,"isDraggable":1,"isDeletable":1,"hasElementMoved":false,"eventLog":[{"time":"1702292620135","type":"create node","value":[0]},{"time":"1702292620235","type":"selected","value":[true]},{"time":"1702292640096","type":"text","value":["verstorbene Tiere"]},{"time":"1702292640096","type":"value","value":[3]},{"time":"1702292640096","type":"selected","value":[false]},{"time":"2023-12-11T11:04:00.668Z","type":"position","value":{"x":[804.2222],"y":[237.7778]}},{"time":"2023-12-11T11:04:01.277Z","type":"position","value":{"x":[832.2222],"y":[244.7778]}},{"time":"1702292643024","type":"selected","value":[true]},{"time":"1702292672807","type":"comment","value":["softe Roboter können extinkte Tiere nachahmen"]},{"time":"1702292672807","type":"selected","value":[false]},{"time":"1702292673351","type":"selected","value":[true]},{"time":"1702292678569","type":"text","value":["extinkte Tiere"]},{"time":"1702292678569","type":"selected","value":[false]}],"isTextChangeable":1},{"id":"1cd58b09-ef50-4652-8e39-5e17d0a7f447","value":1,"text":"Robots are more efficient","comment":"","position":{"x":434.2222,"y":174.7778},"isActive":true,"date":1702292685827,"kind":"Node","isSelected":false,"isConnectorSelected":false,"isDraggable":1,"isDeletable":1,"hasElementMoved":false,"eventLog":[{"time":"1702292685827","type":"create node","value":[0]},{"time":"1702292685939","type":"selected","value":[true]},{"time":"1702292696227","type":"text","value":["Roboter sind effizienter"]},{"time":"1702292696227","type":"value","value":[1]},{"time":"1702292696227","type":"selected","value":[false]},{"time":"2023-12-11T11:04:57.572Z","type":"position","value":{"x":[423.2222],"y":[202.7778]}}],"isTextChangeable":1},{"id":"bf168696-b844-49a1-9a02-0352cdd3ccb5","value":3,"text":"preservation of history","comment":"extinct animals","position":{"x":908.2222,"y":145.7778},"isActive":true,"date":1702292752694,"kind":"Node","isSelected":false,"isConnectorSelected":false,"isDraggable":1,"isDeletable":1,"hasElementMoved":false,"eventLog":[{"time":1702292752694,"type":"create node","value":"0"},{"time":1702292752876,"type":"selected","value":"TRUE"},{"time":1702292762535,"type":"text","value":"Erhaltung von Geschichte"},{"time":1702292762535,"type":"selected","value":"FALSE"},{"time":1702292764234,"type":"selected","value":"TRUE"},{"time":1702292773527,"type":"value","value":"3"},{"time":1702292773527,"type":"comment","value":"extinkte Tiere"},{"time":1702292773527,"type":"selected","value":"FALSE"}],"isTextChangeable":1}],"connectors":[{"id":"0a291d78-e705-4ef6-8210-2beb7b03ee55","source":"5c678a95-edcd-487b-96e4-5916bc02210a","target":"1ecf4957-cf53-4e06-a5ae-1cbe66afe6ed","agreement":true,"isActive":true,"date":1702292328527,"kind":"Connector","isSelected":false,"intensity":3,"isDeletable":false,"isOver":false,"isBidirectional":false,"eventLog":[{"time":1702292328527,"type":"create connection"}]},{"id":"16562a75-c71a-4d75-a3e8-7a5df4980865","source":"5c678a95-edcd-487b-96e4-5916bc02210a","target":"f9a1d702-636d-451b-8349-063db9964ed7","agreement":true,"isActive":true,"date":1702292328527,"kind":"Connector","isSelected":false,"intensity":3,"isDeletable":true,"isOver":false,"isBidirectional":false,"eventLog":[{"time":1702292328527,"type":"create connection"}]},{"id":"1a25849a-162f-46e3-9a6b-447957bd3b24","source":"f9a1d702-636d-451b-8349-063db9964ed7","target":"6f1b0762-a5da-4949-8894-bd5afe3337e9","agreement":true,"isActive":true,"date":1702292328527,"kind":"Connector","isSelected":false,"intensity":3,"isDeletable":true,"isOver":false,"isBidirectional":false,"eventLog":[{"time":1702292328527,"type":"create connection"}]},{"id":"18c06182-1db5-4427-9068-7cfeb2d4ca3c","source":"f9a1d702-636d-451b-8349-063db9964ed7","target":"0947c477-8183-473d-8968-f9093e25b468","agreement":true,"isActive":true,"date":1702292328527,"kind":"Connector","isSelected":false,"intensity":3,"isDeletable":true,"isOver":false,"isBidirectional":false,"eventLog":[{"time":1702292328527,"type":"create connection"}]},{"id":"37d25afd-a6a4-488f-ade1-921cf6420a43","source":"f9a1d702-636d-451b-8349-063db9964ed7","target":"3b1fc035-dd8c-4989-8496-7b88d4282b14","agreement":true,"isActive":true,"date":1702292328527,"kind":"Connector","isSelected":false,"intensity":3,"isDeletable":true,"isOver":false,"isBidirectional":false,"eventLog":[{"time":1702292328527,"type":"create connection"}]},{"id":"97f91755-98d3-4177-9315-aea882642118","source":"b104bf5e-7938-4366-aafa-64b23b617d1e","target":"1ecf4957-cf53-4e06-a5ae-1cbe66afe6ed","agreement":true,"isActive":true,"date":1702292328527,"kind":"Connector","isSelected":false,"intensity":6,"isDeletable":true,"isOver":false,"isBidirectional":false,"eventLog":[{"time":1702292328527,"type":"create connection"},{"time":1702292701852,"type":"selected","value":1},{"time":1702292704655,"type":"change intensity of connector","value":6},{"time":1702292704655,"type":"selected","value":0}]},{"id":"daccc1f9-25cb-42b6-8a1c-6ea009031e4c","source":"1ecf4957-cf53-4e06-a5ae-1cbe66afe6ed","target":"04ad68ff-a144-4379-8ca0-eb74d9a453d2","agreement":true,"isActive":true,"date":1702292328527,"kind":"Connector","isSelected":false,"intensity":3,"isDeletable":true,"isOver":false,"isBidirectional":false,"eventLog":[{"time":1702292328527,"type":"create connection"}]},{"id":"04954ff6-519d-45ff-8144-ec603d4bd7ec","source":"aec0b1ab-e980-437e-bd64-5705400e684c","target":"1ecf4957-cf53-4e06-a5ae-1cbe66afe6ed","agreement":true,"isActive":true,"date":1702292328528,"kind":"Connector","isSelected":false,"intensity":3,"isDeletable":true,"isOver":false,"isBidirectional":false,"eventLog":[{"time":1702292328528,"type":"create connection"}]},{"id":"ef5c3594-d7be-4c0f-a89d-52953dd3f9d9","source":"f9a1d702-636d-451b-8349-063db9964ed7","target":"60de7781-990d-42a4-a4a1-66c4d7db9ba9","agreement":true,"isActive":true,"date":1702292328528,"kind":"Connector","isSelected":false,"intensity":3,"isDeletable":true,"isOver":false,"isBidirectional":false,"eventLog":[{"time":1702292328528,"type":"create connection"}]},{"id":"1ef455b6-3c4e-471a-bb19-f2247cf97795","source":"21343f56-8748-401c-8ee5-faddd8c985dc","target":"60de7781-990d-42a4-a4a1-66c4d7db9ba9","agreement":true,"isActive":true,"date":1702292328528,"kind":"Connector","isSelected":false,"intensity":3,"isDeletable":true,"isOver":false,"isBidirectional":false,"eventLog":[{"time":1702292328528,"type":"create connection"}]},{"id":"6477dec1-a642-4f34-9758-38c83d0b43b9","source":"aec0b1ab-e980-437e-bd64-5705400e684c","target":"9c628201-a3fb-4204-8991-b3b8166ab357","agreement":true,"isActive":true,"date":1702292328528,"kind":"Connector","isSelected":false,"intensity":3,"isDeletable":true,"isOver":false,"isBidirectional":false,"eventLog":[{"time":1702292328528,"type":"create connection"}]},{"id":"821f2c24-bba1-447f-96a4-1e08c94d9196","source":"9c628201-a3fb-4204-8991-b3b8166ab357","target":"81a7be1f-e15f-4469-b93d-341f923afceb","agreement":true,"isActive":true,"date":1702292328528,"kind":"Connector","isSelected":false,"intensity":3,"isDeletable":true,"isOver":false,"isBidirectional":false,"eventLog":[{"time":1702292328528,"type":"create connection"}]},{"id":"c77d6b44-a298-4706-9fb6-5be15d909e82","source":"aec0b1ab-e980-437e-bd64-5705400e684c","target":"4aec9976-6ca1-456d-a210-6a495f65b4eb","agreement":true,"isActive":true,"date":1702292328528,"kind":"Connector","isSelected":false,"intensity":3,"isDeletable":true,"isOver":false,"isBidirectional":false,"eventLog":[{"time":1702292328528,"type":"create connection"}]},{"id":"71d7c248-c4fe-48a6-8ea2-ee5b4be23e33","source":"6f1b0762-a5da-4949-8894-bd5afe3337e9","target":"e928b5c4-f65f-4005-92fd-e2cd0b1abe4c","agreement":true,"isActive":true,"date":1702292422583,"kind":"Connector","isSelected":false,"intensity":3,"isDeletable":true,"isOver":false,"isBidirectional":false,"eventLog":[{"time":1702292422583,"type":"create connection"}]},{"id":"badf18bc-7299-459d-bee7-fac58fff14b1","source":"0947c477-8183-473d-8968-f9093e25b468","target":"e928b5c4-f65f-4005-92fd-e2cd0b1abe4c","agreement":true,"isActive":true,"date":1702292423360,"kind":"Connector","isSelected":false,"intensity":3,"isDeletable":true,"isOver":false,"isBidirectional":false,"eventLog":[{"time":1702292423360,"type":"create connection"}]},{"id":"c5e46332-6d07-46b8-ad5c-09dbaa38ed91","source":"3b1fc035-dd8c-4989-8496-7b88d4282b14","target":"e928b5c4-f65f-4005-92fd-e2cd0b1abe4c","agreement":true,"isActive":true,"date":1702292427970,"kind":"Connector","isSelected":false,"intensity":3,"isDeletable":true,"isOver":false,"isBidirectional":false,"eventLog":[{"time":1702292427970,"type":"create connection"}]},{"id":"269c3898-28b8-4356-a5ff-a4f3be9ff54c","source":"21343f56-8748-401c-8ee5-faddd8c985dc","target":"adc142b3-99e3-49d0-a72d-f8fa847cc084","agreement":true,"isActive":false,"date":1702292520632,"kind":"Connector","isSelected":false,"intensity":3,"isDeletable":true,"isOver":false,"isBidirectional":false,"eventLog":[{"time":1702292520632,"type":"create connection"},{"time":1702292540469,"type":"selected","value":1},{"time":1702292544228,"type":"connector was deleted","value":-99},{"time":1702292544228,"type":"active","value":0}]},{"id":"8f59d7ea-978f-4a48-ab05-52868e55c7ab","source":"60de7781-990d-42a4-a4a1-66c4d7db9ba9","target":"adc142b3-99e3-49d0-a72d-f8fa847cc084","agreement":true,"isActive":true,"date":1702292537494,"kind":"Connector","isSelected":false,"intensity":6,"isDeletable":true,"isOver":false,"isBidirectional":false,"eventLog":[{"time":1702292537494,"type":"create connection"},{"time":1702292546607,"type":"selected","value":1},{"time":1702292551356,"type":"change intensity of connector","value":3},{"time":1702292551356,"type":"selected","value":0},{"time":1702292559352,"type":"selected","value":1},{"time":1702292562916,"type":"change intensity of connector","value":6},{"time":1702292562916,"type":"selected","value":0}]},{"id":"5c9dcf8c-af98-4a1d-9dda-28facfaed1e5","source":"4aec9976-6ca1-456d-a210-6a495f65b4eb","target":"adc142b3-99e3-49d0-a72d-f8fa847cc084","agreement":true,"isActive":true,"date":1702292599142,"kind":"Connector","isSelected":false,"intensity":6,"isDeletable":true,"isOver":false,"isBidirectional":false,"eventLog":[{"time":1702292599142,"type":"create connection"},{"time":1702292603435,"type":"selected","value":1},{"time":1702292607142,"type":"change intensity of connector","value":6},{"time":1702292607142,"type":"selected","value":0}]},{"id":"8db1f18a-637c-474f-af17-48bd26d98fe0","source":"85988195-5545-4e72-adae-47d76a8160fa","target":"f9a1d702-636d-451b-8349-063db9964ed7","agreement":true,"isActive":true,"date":1702292642297,"kind":"Connector","isSelected":false,"intensity":3,"isDeletable":true,"isOver":false,"isBidirectional":false,"eventLog":[{"time":1702292642297,"type":"create connection"}]},{"id":"7fb0eb54-5856-4f61-af64-1371c93a9159","source":"b104bf5e-7938-4366-aafa-64b23b617d1e","target":"1cd58b09-ef50-4652-8e39-5e17d0a7f447","agreement":true,"isActive":true,"date":1702292697081,"kind":"Connector","isSelected":false,"intensity":3,"isDeletable":true,"isOver":false,"isBidirectional":false,"eventLog":[{"time":1702292697081,"type":"create connection"}]},{"id":"585bd06e-0b5f-454a-9a4e-6261bfc15238","source":"85988195-5545-4e72-adae-47d76a8160fa","target":"bf168696-b844-49a1-9a02-0352cdd3ccb5","agreement":true,"isActive":true,"date":1702292763450,"kind":"Connector","isSelected":false,"intensity":3,"isDeletable":true,"isOver":false,"isBidirectional":false,"eventLog":[{"time":1702292763450,"type":"create connection"}]}],"currentID":{},"currentNode":{},"hasSelectedNode":[false],"currentConnector":{},"hasSelectedConnector":[false],"readyToMove":[false],"isIncoming":[false],"hasElementMoved":[false]}
