{"idCAM":["a57e79ad-4efa-4352-8c71-9ea307c4f84b"],"creator":["6554d26c5dae0f7aa6a24b19_pre"],"projectCAM":["S2_CAM part 1"],"defocusCAM":[6395.9,9564.3,5635.3,6013,5211.1,13323.6,7301.1,11627.4,5940.7,7035.3,33483.3],"date":[1702309947758],"nodes":[{"id":"5177d1e7-682a-464f-aa5d-28244147836c","value":10,"text":"social assistance robot","comment":"","position":{"x":650,"y":400},"isActive":true,"date":1702309948667,"kind":"Node","isSelected":false,"isConnectorSelected":false,"isDraggable":0,"isDeletable":0,"hasElementMoved":false,"eventLog":[{"time":1702309948668,"type":"create node","value":0},{"time":1702310080748,"type":"selected","value":1},{"time":1702310084481,"type":"value","value":10},{"time":1702310084481,"type":"selected","value":0}],"isTextChangeable":0},{"id":"854ec244-bf1b-4f39-b59b-3d7e1ffd5b88","value":-3,"text":"disadvantages","comment":"","position":{"x":450,"y":400},"isActive":true,"date":1702309948668,"kind":"Node","isSelected":false,"isConnectorSelected":false,"isDraggable":0,"isDeletable":0,"hasElementMoved":false,"eventLog":[{"time":1702309948668,"type":"create node","value":0},{"time":1702310077588,"type":"selected","value":1},{"time":1702310080137,"type":"value","value":-3},{"time":1702310080137,"type":"selected","value":0}],"isTextChangeable":0},{"id":"c24b8030-58d8-40b2-939c-cb018ec00997","value":3,"text":"advantages","comment":"","position":{"x":850,"y":400},"isActive":true,"date":1702309948668,"kind":"Node","isSelected":false,"isConnectorSelected":false,"isDraggable":0,"isDeletable":0,"hasElementMoved":false,"eventLog":[{"time":1702309948668,"type":"create node","value":0},{"time":1702310073157,"type":"selected","value":1},{"time":1702310077513,"type":"value","value":3},{"time":1702310077513,"type":"selected","value":0}],"isTextChangeable":0},{"id":"35a67f78-b4a3-4988-b325-1cfdb0b5abbe","value":-2,"text":"unemployment","comment":"","position":{"x":217,"y":309},"isActive":true,"date":1702309966221,"kind":"Node","isSelected":false,"isConnectorSelected":false,"isDraggable":1,"isDeletable":1,"hasElementMoved":false,"eventLog":[{"time":1702309966221,"type":"create node","value":"0"},{"time":1702309966565,"type":"selected","value":"TRUE"},{"time":1702309993880,"type":"text","value":"Arbeitslosigkeit"},{"time":1702309993880,"type":"value","value":"-2"},{"time":1702309993880,"type":"selected","value":"FALSE"}],"isTextChangeable":1},{"id":"251424c3-1ba3-47ad-8e4a-9820796344cd","value":3,"text":"citizen's money","comment":"","position":{"x":1057,"y":274},"isActive":true,"date":1702309995423,"kind":"Node","isSelected":false,"isConnectorSelected":false,"isDraggable":1,"isDeletable":1,"hasElementMoved":false,"eventLog":[{"time":1702309995423,"type":"create node","value":"0"},{"time":1702309996235,"type":"selected","value":"TRUE"},{"time":1702310019768,"type":"text","value":"Bürgergeld"},{"time":1702310019768,"type":"value","value":"3"},{"time":1702310019768,"type":"selected","value":"FALSE"}],"isTextChangeable":1},{"id":"b1731199-0f85-409c-8ad7-140d6bd69a33","value":2,"text":"health therapy","comment":"","position":{"x":1025,"y":411},"isActive":true,"date":1702310066280,"kind":"Node","isSelected":false,"isConnectorSelected":false,"isDraggable":1,"isDeletable":1,"hasElementMoved":false,"eventLog":[{"time":1702310066280,"type":"create node","value":"0"},{"time":1702310066357,"type":"selected","value":"TRUE"},{"time":1702310070025,"type":"text","value":"Gesundheitstherapie"},{"time":1702310070025,"type":"value","value":"2"},{"time":1702310070025,"type":"selected","value":"FALSE"}],"isTextChangeable":1},{"id":"27026b5e-75d3-48a2-8863-39e051b2c503","value":0,"text":"","comment":"","position":{"x":152,"y":423},"isActive":false,"date":1702310109344,"kind":"Node","isSelected":false,"isConnectorSelected":false,"isDraggable":1,"isDeletable":1,"hasElementMoved":false,"eventLog":[{"time":1702310109344,"type":"create node","value":0},{"time":1702310116060,"type":"selected","value":1},{"time":1702310117232,"type":"node was deleted","value":-99}],"isTextChangeable":1},{"id":"42adbb1c-8dfa-4912-bbbb-1acc428260b1","value":-2,"text":"dependence","comment":"","position":{"x":152,"y":423},"isActive":true,"date":1702310109521,"kind":"Node","isSelected":false,"isConnectorSelected":false,"isDraggable":1,"isDeletable":1,"hasElementMoved":false,"eventLog":[{"time":1702310109521,"type":"create node","value":"0"},{"time":1702310110340,"type":"selected","value":"TRUE"},{"time":1702310113578,"type":"text","value":"Abhängigkeit"},{"time":1702310113578,"type":"value","value":"-2"},{"time":1702310113578,"type":"selected","value":"FALSE"}],"isTextChangeable":1},{"id":"e1ef3cf5-a248-4cb1-896e-e18787e83fe8","value":-2,"text":"no friendship","comment":"","position":{"x":277,"y":491},"isActive":true,"date":1702310167810,"kind":"Node","isSelected":false,"isConnectorSelected":false,"isDraggable":1,"isDeletable":1,"hasElementMoved":false,"eventLog":[{"time":1702310167810,"type":"create node","value":"0"},{"time":1702310168453,"type":"selected","value":"TRUE"},{"time":1702310171866,"type":"text","value":"Keine Freundschaft"},{"time":1702310171866,"type":"value","value":"-2"},{"time":1702310171866,"type":"selected","value":"FALSE"}],"isTextChangeable":1},{"id":"71b992be-beaf-48ff-a29e-6fd710ba7ba1","value":0,"text":"","comment":"","position":{"x":898,"y":477},"isActive":false,"date":1702310187403,"kind":"Node","isSelected":false,"isConnectorSelected":false,"isDraggable":1,"isDeletable":1,"hasElementMoved":false,"eventLog":[{"time":1702310187403,"type":"create node","value":0},{"time":1702310195654,"type":"selected","value":1},{"time":1702310197187,"type":"node was deleted","value":-99}],"isTextChangeable":1},{"id":"4744ad85-1822-4e7a-89b5-01c275084c11","value":3,"text":"always right","comment":"","position":{"x":898,"y":477},"isActive":true,"date":1702310187555,"kind":"Node","isSelected":false,"isConnectorSelected":false,"isDraggable":1,"isDeletable":1,"hasElementMoved":false,"eventLog":[{"time":1702310187555,"type":"create node","value":"0"},{"time":1702310188239,"type":"selected","value":"TRUE"},{"time":1702310194660,"type":"text","value":"Immer richtig"},{"time":1702310194660,"type":"value","value":"3"},{"time":1702310194660,"type":"selected","value":"FALSE"},{"time":1702310273112,"type":"selected","value":"TRUE"},{"time":1702310275406,"type":"selected","value":"FALSE"}],"isTextChangeable":1},{"id":"911d68b8-d44b-468a-b6ab-6ca9ad50ecc9","value":3,"text":"reliable information","comment":"","position":{"x":993,"y":504},"isActive":true,"date":1702310199635,"kind":"Node","isSelected":false,"isConnectorSelected":false,"isDraggable":1,"isDeletable":1,"hasElementMoved":false,"eventLog":[{"time":1702310199635,"type":"create node","value":"0"},{"time":1702310200600,"type":"selected","value":"TRUE"},{"time":1702310218060,"type":"text","value":"Verlässliche Informationen"},{"time":1702310218060,"type":"value","value":"3"},{"time":1702310218060,"type":"selected","value":"FALSE"}],"isTextChangeable":1},{"id":"93d706e1-d216-4baf-b96c-51ccd9b6bdc4","value":0,"text":"","comment":"","position":{"x":308,"y":235},"isActive":false,"date":1702310234635,"kind":"Node","isSelected":false,"isConnectorSelected":false,"isDraggable":1,"isDeletable":1,"hasElementMoved":false,"eventLog":[{"time":1702310234635,"type":"create node","value":0},{"time":1702310240430,"type":"selected","value":1},{"time":1702310241476,"type":"node was deleted","value":-99}],"isTextChangeable":1},{"id":"4fdcf4ab-8f5d-45ee-91eb-6ce21a1baebb","value":-1,"text":"lack of trust","comment":"","position":{"x":308,"y":235},"isActive":true,"date":1702310234819,"kind":"Node","isSelected":false,"isConnectorSelected":false,"isDraggable":1,"isDeletable":1,"hasElementMoved":false,"eventLog":[{"time":1702310234819,"type":"create node","value":"0"},{"time":1702310235760,"type":"selected","value":"TRUE"},{"time":1702310239772,"type":"text","value":"Mangelndes Vertrauen"},{"time":1702310239772,"type":"value","value":"-1"},{"time":1702310239772,"type":"selected","value":"FALSE"}],"isTextChangeable":1},{"id":"668cab2f-58d6-456f-9eaf-320fc14ed0e7","value":-1,"text":"difficult to adjust","comment":"","position":{"x":417,"y":225},"isActive":true,"date":1702310261013,"kind":"Node","isSelected":false,"isConnectorSelected":false,"isDraggable":1,"isDeletable":1,"hasElementMoved":false,"eventLog":[{"time":1702310261013,"type":"create node","value":"0"},{"time":1702310261568,"type":"selected","value":"TRUE"},{"time":1702310266397,"type":"text","value":"Schwierig anzupassen"},{"time":1702310266397,"type":"value","value":"-1"},{"time":1702310266397,"type":"selected","value":"FALSE"}],"isTextChangeable":1},{"id":"6b99301a-f1d6-46b4-a855-17ed48eae751","value":0,"text":"","comment":"","position":{"x":862,"y":208},"isActive":false,"date":1702310311516,"kind":"Node","isSelected":false,"isConnectorSelected":false,"isDraggable":1,"isDeletable":1,"hasElementMoved":false,"eventLog":[{"time":1702310311516,"type":"create node","value":0},{"time":1702310316552,"type":"selected","value":1},{"time":1702310317612,"type":"node was deleted","value":-99}],"isTextChangeable":1},{"id":"05524e10-fd69-4be5-afa5-8195681dc21f","value":1,"text":"organized","comment":"","position":{"x":862,"y":208},"isActive":true,"date":1702310311756,"kind":"Node","isSelected":false,"isConnectorSelected":false,"isDraggable":1,"isDeletable":1,"hasElementMoved":false,"eventLog":[{"time":1702310311756,"type":"create node","value":"0"},{"time":1702310312489,"type":"selected","value":"TRUE"},{"time":1702310315878,"type":"text","value":"Organisiert"},{"time":1702310315878,"type":"value","value":"1"},{"time":1702310315878,"type":"selected","value":"FALSE"}],"isTextChangeable":1},{"id":"2650dd9c-aeb0-46fd-b66d-ccc62421886d","value":0,"text":"","comment":"","position":{"x":1087,"y":563},"isActive":false,"date":1702310319380,"kind":"Node","isSelected":false,"isConnectorSelected":false,"isDraggable":1,"isDeletable":1,"hasElementMoved":false,"eventLog":[{"time":1702310319380,"type":"create node","value":0},{"time":1702310320256,"type":"selected","value":1},{"time":1702310321141,"type":"node was deleted","value":-99}],"isTextChangeable":1}],"connectors":[{"id":"5e9f339b-9d1f-4a86-9e35-8c8d5693f3ae","source":"5177d1e7-682a-464f-aa5d-28244147836c","target":"854ec244-bf1b-4f39-b59b-3d7e1ffd5b88","agreement":true,"isActive":true,"date":1702309948668,"kind":"Connector","isSelected":false,"intensity":3,"isDeletable":false,"isOver":false,"isBidirectional":false,"eventLog":[{"time":1702309948668,"type":"create connection"}]},{"id":"38bfd093-53fd-4ba2-bcbb-7e4ce0de9aa8","source":"5177d1e7-682a-464f-aa5d-28244147836c","target":"c24b8030-58d8-40b2-939c-cb018ec00997","agreement":true,"isActive":true,"date":1702309948668,"kind":"Connector","isSelected":false,"intensity":3,"isDeletable":true,"isOver":false,"isBidirectional":false,"eventLog":[{"time":1702309948668,"type":"create connection"}]},{"id":"b43493c1-cb65-46b3-bdfd-a39c61d511b6","source":"251424c3-1ba3-47ad-8e4a-9820796344cd","target":"c24b8030-58d8-40b2-939c-cb018ec00997","agreement":true,"isActive":true,"date":1702310127131,"kind":"Connector","isSelected":false,"intensity":6,"isDeletable":true,"isOver":false,"isBidirectional":false,"eventLog":[{"time":1702310127131,"type":"create connection"},{"time":1702310130085,"type":"selected","value":1},{"time":1702310132290,"type":"change intensity of connector","value":6},{"time":1702310132290,"type":"selected","value":0}]},{"id":"15d841b9-ba1b-492f-bacb-b2a5af96cc27","source":"b1731199-0f85-409c-8ad7-140d6bd69a33","target":"c24b8030-58d8-40b2-939c-cb018ec00997","agreement":true,"isActive":true,"date":1702310129099,"kind":"Connector","isSelected":false,"intensity":3,"isDeletable":true,"isOver":false,"isBidirectional":false,"eventLog":[{"time":1702310129099,"type":"create connection"}]},{"id":"e59c8cff-25b9-427a-9200-9de424b7d4d7","source":"35a67f78-b4a3-4988-b325-1cfdb0b5abbe","target":"854ec244-bf1b-4f39-b59b-3d7e1ffd5b88","agreement":false,"isActive":true,"date":1702310133203,"kind":"Connector","isSelected":false,"intensity":3,"isDeletable":true,"isOver":false,"isBidirectional":false,"eventLog":[{"time":1702310133203,"type":"create connection"},{"time":1702310133885,"type":"selected","value":1},{"time":1702310140506,"type":"change intensity of connector","value":-3},{"time":1702310140506,"type":"selected","value":0}]},{"id":"811cd5cc-11e0-4e0d-bfa9-0f91914eee21","source":"42adbb1c-8dfa-4912-bbbb-1acc428260b1","target":"854ec244-bf1b-4f39-b59b-3d7e1ffd5b88","agreement":true,"isActive":true,"date":1702310141636,"kind":"Connector","isSelected":false,"intensity":6,"isDeletable":true,"isOver":false,"isBidirectional":false,"eventLog":[{"time":1702310141636,"type":"create connection"},{"time":1702310143965,"type":"selected","value":1},{"time":1702310146314,"type":"change intensity of connector","value":6},{"time":1702310146314,"type":"selected","value":0}]},{"id":"e7b470ba-498d-4032-ae06-3e9a0ed60834","source":"854ec244-bf1b-4f39-b59b-3d7e1ffd5b88","target":"e1ef3cf5-a248-4cb1-896e-e18787e83fe8","agreement":true,"isActive":true,"date":1702310172731,"kind":"Connector","isSelected":false,"intensity":3,"isDeletable":true,"isOver":false,"isBidirectional":false,"eventLog":[{"time":1702310172731,"type":"create connection"}]},{"id":"0d3b0ea3-de87-4ddc-bc18-b231d2c3f5ec","source":"4744ad85-1822-4e7a-89b5-01c275084c11","target":"c24b8030-58d8-40b2-939c-cb018ec00997","agreement":true,"isActive":true,"date":1702310198189,"kind":"Connector","isSelected":false,"intensity":3,"isDeletable":true,"isOver":false,"isBidirectional":false,"eventLog":[{"time":1702310198189,"type":"create connection"}]},{"id":"be9d6b86-df2e-40d1-a40e-b9475032b705","source":"911d68b8-d44b-468a-b6ab-6ca9ad50ecc9","target":"4744ad85-1822-4e7a-89b5-01c275084c11","agreement":true,"isActive":true,"date":1702310218884,"kind":"Connector","isSelected":false,"intensity":3,"isDeletable":true,"isOver":false,"isBidirectional":false,"eventLog":[{"time":1702310218884,"type":"create connection"}]},{"id":"9cd858f1-0820-40b0-b2da-4cb71a69d801","source":"4fdcf4ab-8f5d-45ee-91eb-6ce21a1baebb","target":"854ec244-bf1b-4f39-b59b-3d7e1ffd5b88","agreement":true,"isActive":true,"date":1702310242431,"kind":"Connector","isSelected":false,"intensity":3,"isDeletable":true,"isOver":false,"isBidirectional":false,"eventLog":[{"time":1702310242431,"type":"create connection"}]},{"id":"16b64600-5b00-41ab-8d7a-7e297427d738","source":"854ec244-bf1b-4f39-b59b-3d7e1ffd5b88","target":"668cab2f-58d6-456f-9eaf-320fc14ed0e7","agreement":true,"isActive":true,"date":1702310267294,"kind":"Connector","isSelected":false,"intensity":3,"isDeletable":true,"isOver":false,"isBidirectional":false,"eventLog":[{"time":1702310267294,"type":"create connection"}]},{"id":"ff505400-d5f9-49d4-b21a-43f5ff9c7fc8","source":"05524e10-fd69-4be5-afa5-8195681dc21f","target":"c24b8030-58d8-40b2-939c-cb018ec00997","agreement":true,"isActive":true,"date":1702310318687,"kind":"Connector","isSelected":false,"intensity":3,"isDeletable":true,"isOver":false,"isBidirectional":false,"eventLog":[{"time":1702310318687,"type":"create connection"}]}],"currentID":{},"currentNode":{},"hasSelectedNode":[false],"currentConnector":{},"hasSelectedConnector":[false],"readyToMove":[false],"isIncoming":[false]}
