{"idCAM":["ea9a7aef-d2d9-4c7d-933d-fcfb10e32536"],"creator":["6554d26c5dae0f7aa6a24b19_post"],"projectCAM":["S2_CAM part 2"],"defocusCAM":[7380.4,6574.4,25550.1,7326.7],"date":[1702310518150],"nodes":[{"id":"478ec624-10df-459e-8364-678523bd3646","value":10,"text":"social assistance robot","comment":"","position":{"x":650,"y":400},"isActive":true,"date":1702310519055,"kind":"Node","isSelected":false,"isConnectorSelected":false,"isDraggable":0,"isDeletable":0,"hasElementMoved":false,"eventLog":[{"time":1702310519055,"type":"create node","value":10}],"isTextChangeable":0},{"id":"e1d0937e-5c85-406b-8023-3990f61d67ac","value":-3,"text":"disadvantages","comment":"","position":{"x":450,"y":400},"isActive":true,"date":1702310519055,"kind":"Node","isSelected":false,"isConnectorSelected":false,"isDraggable":0,"isDeletable":0,"hasElementMoved":false,"eventLog":[{"time":1702310519055,"type":"create node","value":-3}],"isTextChangeable":0},{"id":"e0995ed9-4303-4395-a7cb-9235e0f8a636","value":3,"text":"advantages","comment":"","position":{"x":850,"y":400},"isActive":true,"date":1702310519055,"kind":"Node","isSelected":false,"isConnectorSelected":false,"isDraggable":0,"isDeletable":0,"hasElementMoved":false,"eventLog":[{"time":1702310519055,"type":"create node","value":3}],"isTextChangeable":0},{"id":"483a8b77-3ce2-432b-aa45-521acd58b7f6","value":-2,"text":"unemployment","comment":"","position":{"x":217,"y":309},"isActive":true,"date":1702310519055,"kind":"Node","isSelected":false,"isConnectorSelected":false,"isDraggable":1,"isDeletable":1,"hasElementMoved":false,"eventLog":[{"time":1702310519055,"type":"create node","value":-2}],"isTextChangeable":1},{"id":"6fdc7b5f-3db7-46c1-be28-af4d89df042e","value":3,"text":"citizen's money","comment":"","position":{"x":1057,"y":274},"isActive":true,"date":1702310519055,"kind":"Node","isSelected":false,"isConnectorSelected":false,"isDraggable":1,"isDeletable":1,"hasElementMoved":false,"eventLog":[{"time":1702310519055,"type":"create node","value":3}],"isTextChangeable":1},{"id":"ea0e40e7-85a8-4d27-9ba8-ccafd50cad40","value":2,"text":"health therapy","comment":"","position":{"x":1025,"y":411},"isActive":true,"date":1702310519055,"kind":"Node","isSelected":false,"isConnectorSelected":false,"isDraggable":1,"isDeletable":1,"hasElementMoved":false,"eventLog":[{"time":1702310519055,"type":"create node","value":2}],"isTextChangeable":1},{"id":"48902a04-ae70-4fee-848d-716dca52d1c5","value":-2,"text":"dependence","comment":"","position":{"x":161.75,"y":413.5},"isActive":true,"date":1702310519055,"kind":"Node","isSelected":false,"isConnectorSelected":false,"isDraggable":1,"isDeletable":1,"hasElementMoved":false,"eventLog":[{"time":1702310519055,"type":"create node","value":-2}],"isTextChangeable":1},{"id":"da99e185-71b3-4d59-a412-039452066275","value":-2,"text":"no friendship","comment":"","position":{"x":277,"y":491},"isActive":true,"date":1702310519055,"kind":"Node","isSelected":false,"isConnectorSelected":false,"isDraggable":1,"isDeletable":1,"hasElementMoved":false,"eventLog":[{"time":1702310519055,"type":"create node","value":-2}],"isTextChangeable":1},{"id":"964b0506-fae8-46e5-bea9-b2ca303d9a61","value":3,"text":"always right","comment":"","position":{"x":898,"y":477},"isActive":true,"date":1702310519055,"kind":"Node","isSelected":false,"isConnectorSelected":false,"isDraggable":1,"isDeletable":1,"hasElementMoved":false,"eventLog":[{"time":1702310519055,"type":"create node","value":3}],"isTextChangeable":1},{"id":"570fa40b-6b8a-4850-9f75-6f0ed14f3b7e","value":3,"text":"reliable information","comment":"","position":{"x":993,"y":504},"isActive":true,"date":1702310519056,"kind":"Node","isSelected":false,"isConnectorSelected":false,"isDraggable":1,"isDeletable":1,"hasElementMoved":false,"eventLog":[{"time":1702310519056,"type":"create node","value":3}],"isTextChangeable":1},{"id":"40a1b2d9-a5c6-4a2d-9a9d-2d4aee409bba","value":-1,"text":"lack of trust","comment":"","position":{"x":308,"y":235},"isActive":true,"date":1702310519056,"kind":"Node","isSelected":false,"isConnectorSelected":false,"isDraggable":1,"isDeletable":1,"hasElementMoved":false,"eventLog":[{"time":1702310519056,"type":"create node","value":-1}],"isTextChangeable":1},{"id":"1464bbe6-806d-4ff2-833d-8adf2d639021","value":-1,"text":"difficult to adjust","comment":"","position":{"x":417,"y":225},"isActive":true,"date":1702310519056,"kind":"Node","isSelected":false,"isConnectorSelected":false,"isDraggable":1,"isDeletable":1,"hasElementMoved":false,"eventLog":[{"time":1702310519056,"type":"create node","value":-1}],"isTextChangeable":1},{"id":"15779f5f-753e-4643-a4da-47dc8b098e43","value":1,"text":"organized","comment":"","position":{"x":862,"y":208},"isActive":true,"date":1702310519056,"kind":"Node","isSelected":false,"isConnectorSelected":false,"isDraggable":1,"isDeletable":1,"hasElementMoved":false,"eventLog":[{"time":1702310519056,"type":"create node","value":1}],"isTextChangeable":1},{"id":"054144fd-6ff8-4552-9981-0b241064d049","value":3,"text":"reduced loneliness","comment":"","position":{"x":741.75,"y":508.5},"isActive":true,"date":1702310535430,"kind":"Node","isSelected":false,"isConnectorSelected":false,"isDraggable":1,"isDeletable":1,"hasElementMoved":false,"eventLog":[{"time":1702310535430,"type":"create node","value":"0"},{"time":1702310536446,"type":"selected","value":"TRUE"},{"time":1702310542416,"type":"text","value":"Reduzierte Einsamkeit"},{"time":1702310542416,"type":"value","value":"2"},{"time":1702310542416,"type":"selected","value":"FALSE"},{"time":1702310554187,"type":"selected","value":"TRUE"},{"time":1702310556288,"type":"value","value":"3"},{"time":1702310556288,"type":"selected","value":"FALSE"}],"isTextChangeable":1},{"id":"7a3739f2-e7d6-4ca7-93e4-5ce59efd87c3","value":10,"text":"realistic","comment":"","position":{"x":716.75,"y":263.5},"isActive":true,"date":1702310576255,"kind":"Node","isSelected":false,"isConnectorSelected":false,"isDraggable":1,"isDeletable":1,"hasElementMoved":false,"eventLog":[{"time":1702310576255,"type":"create node","value":"0"},{"time":1702310576389,"type":"selected","value":"TRUE"},{"time":1702310582585,"type":"text","value":"Realistisch"},{"time":1702310582585,"type":"value","value":"10"},{"time":1702310582585,"type":"selected","value":"FALSE"}],"isTextChangeable":1},{"id":"bae5f05a-bc4a-4cd5-a6df-96a44f87f963","value":1,"text":"fun","comment":"","position":{"x":739.75,"y":170.5},"isActive":true,"date":1702310645902,"kind":"Node","isSelected":false,"isConnectorSelected":false,"isDraggable":1,"isDeletable":1,"hasElementMoved":false,"eventLog":[{"time":1702310645902,"type":"create node","value":"0"},{"time":1702310647506,"type":"selected","value":"TRUE"},{"time":1702310650296,"type":"text","value":"Spaß"},{"time":1702310650296,"type":"value","value":"1"},{"time":1702310650296,"type":"selected","value":"FALSE"}],"isTextChangeable":1},{"id":"72a7d97d-5ed3-4863-bbc1-17abcff2f596","value":0,"text":"","comment":"","position":{"x":1193.75,"y":465.5},"isActive":false,"date":1702310651838,"kind":"Node","isSelected":false,"isConnectorSelected":false,"isDraggable":1,"isDeletable":1,"hasElementMoved":false,"eventLog":[{"time":1702310651838,"type":"create node","value":0},{"time":1702310652903,"type":"selected","value":1},{"time":1702310653798,"type":"node was deleted","value":-99}],"isTextChangeable":1},{"id":"b37c0b28-3713-449d-9f5e-2cc481921395","value":0,"text":"","comment":"","position":{"x":1150.75,"y":609.5},"isActive":false,"date":1702310652382,"kind":"Node","isSelected":false,"isConnectorSelected":false,"isDraggable":1,"isDeletable":1,"hasElementMoved":false,"eventLog":[{"time":1702310652382,"type":"create node","value":0},{"time":1702310654459,"type":"selected","value":1},{"time":1702310655590,"type":"node was deleted","value":-99}],"isTextChangeable":1}],"connectors":[{"id":"b1d2a3da-3b04-4c8e-a7a8-9a64c12a28f9","source":"478ec624-10df-459e-8364-678523bd3646","target":"e1d0937e-5c85-406b-8023-3990f61d67ac","agreement":true,"isActive":true,"date":1702310519056,"kind":"Connector","isSelected":false,"intensity":3,"isDeletable":false,"isOver":false,"isBidirectional":false,"eventLog":[{"time":1702310519056,"type":"create connection"}]},{"id":"562bbf42-1afe-4471-92d2-50d35c9f0295","source":"478ec624-10df-459e-8364-678523bd3646","target":"e0995ed9-4303-4395-a7cb-9235e0f8a636","agreement":true,"isActive":true,"date":1702310519056,"kind":"Connector","isSelected":false,"intensity":3,"isDeletable":true,"isOver":false,"isBidirectional":false,"eventLog":[{"time":1702310519056,"type":"create connection"}]},{"id":"83a6117d-5721-4928-8a3e-4b9f26b4463b","source":"6fdc7b5f-3db7-46c1-be28-af4d89df042e","target":"e0995ed9-4303-4395-a7cb-9235e0f8a636","agreement":true,"isActive":true,"date":1702310519056,"kind":"Connector","isSelected":false,"intensity":6,"isDeletable":true,"isOver":false,"isBidirectional":false,"eventLog":[{"time":1702310519056,"type":"create connection"}]},{"id":"eacb6cf4-4b51-4584-9f99-f98001ec4564","source":"ea0e40e7-85a8-4d27-9ba8-ccafd50cad40","target":"e0995ed9-4303-4395-a7cb-9235e0f8a636","agreement":true,"isActive":true,"date":1702310519056,"kind":"Connector","isSelected":false,"intensity":3,"isDeletable":true,"isOver":false,"isBidirectional":false,"eventLog":[{"time":1702310519056,"type":"create connection"}]},{"id":"cc728e69-f0df-4377-9bf6-84865699c667","source":"483a8b77-3ce2-432b-aa45-521acd58b7f6","target":"e1d0937e-5c85-406b-8023-3990f61d67ac","agreement":false,"isActive":true,"date":1702310519056,"kind":"Connector","isSelected":false,"intensity":3,"isDeletable":true,"isOver":false,"isBidirectional":false,"eventLog":[{"time":1702310519056,"type":"create connection"}]},{"id":"cee0c8b1-47ca-42ee-afcd-1827ee592c52","source":"48902a04-ae70-4fee-848d-716dca52d1c5","target":"e1d0937e-5c85-406b-8023-3990f61d67ac","agreement":true,"isActive":true,"date":1702310519056,"kind":"Connector","isSelected":false,"intensity":6,"isDeletable":true,"isOver":false,"isBidirectional":false,"eventLog":[{"time":1702310519056,"type":"create connection"}]},{"id":"bc057cfc-831a-4fc2-8ab3-c727ceef976d","source":"e1d0937e-5c85-406b-8023-3990f61d67ac","target":"da99e185-71b3-4d59-a412-039452066275","agreement":true,"isActive":true,"date":1702310519056,"kind":"Connector","isSelected":false,"intensity":3,"isDeletable":true,"isOver":false,"isBidirectional":false,"eventLog":[{"time":1702310519056,"type":"create connection"}]},{"id":"1ee9ea72-85aa-4c92-961c-50d22b9d441f","source":"964b0506-fae8-46e5-bea9-b2ca303d9a61","target":"e0995ed9-4303-4395-a7cb-9235e0f8a636","agreement":true,"isActive":true,"date":1702310519056,"kind":"Connector","isSelected":false,"intensity":3,"isDeletable":true,"isOver":false,"isBidirectional":false,"eventLog":[{"time":1702310519056,"type":"create connection"}]},{"id":"8bc4a4df-b585-4885-9216-817a04b0e5f6","source":"570fa40b-6b8a-4850-9f75-6f0ed14f3b7e","target":"964b0506-fae8-46e5-bea9-b2ca303d9a61","agreement":true,"isActive":true,"date":1702310519056,"kind":"Connector","isSelected":false,"intensity":3,"isDeletable":true,"isOver":false,"isBidirectional":false,"eventLog":[{"time":1702310519056,"type":"create connection"}]},{"id":"4142f8d5-7a57-416b-9659-f6ce96c81fba","source":"40a1b2d9-a5c6-4a2d-9a9d-2d4aee409bba","target":"e1d0937e-5c85-406b-8023-3990f61d67ac","agreement":true,"isActive":true,"date":1702310519056,"kind":"Connector","isSelected":false,"intensity":3,"isDeletable":true,"isOver":false,"isBidirectional":false,"eventLog":[{"time":1702310519056,"type":"create connection"}]},{"id":"368cec7e-39a8-402f-bbef-b987c572fce6","source":"e1d0937e-5c85-406b-8023-3990f61d67ac","target":"1464bbe6-806d-4ff2-833d-8adf2d639021","agreement":true,"isActive":true,"date":1702310519057,"kind":"Connector","isSelected":false,"intensity":3,"isDeletable":true,"isOver":false,"isBidirectional":false,"eventLog":[{"time":1702310519057,"type":"create connection"}]},{"id":"89db0403-e498-4f8f-ac1a-74dfdbfb95a3","source":"15779f5f-753e-4643-a4da-47dc8b098e43","target":"e0995ed9-4303-4395-a7cb-9235e0f8a636","agreement":true,"isActive":true,"date":1702310519057,"kind":"Connector","isSelected":false,"intensity":3,"isDeletable":true,"isOver":false,"isBidirectional":false,"eventLog":[{"time":1702310519057,"type":"create connection"}]},{"id":"6e6165e9-bba6-410d-91a4-80aba03aad39","source":"e0995ed9-4303-4395-a7cb-9235e0f8a636","target":"054144fd-6ff8-4552-9981-0b241064d049","agreement":true,"isActive":true,"date":1702310543535,"kind":"Connector","isSelected":false,"intensity":9,"isDeletable":true,"isOver":false,"isBidirectional":false,"eventLog":[{"time":1702310543535,"type":"create connection"},{"time":1702310544548,"type":"selected","value":1},{"time":1702310546192,"type":"change intensity of connector","value":9},{"time":1702310546192,"type":"selected","value":0}]},{"id":"2c90016d-541c-4028-9c7c-38122794982e","source":"da99e185-71b3-4d59-a412-039452066275","target":"054144fd-6ff8-4552-9981-0b241064d049","agreement":false,"isActive":true,"date":1702310548144,"kind":"Connector","isSelected":false,"intensity":9,"isDeletable":true,"isOver":false,"isBidirectional":false,"eventLog":[{"time":1702310548144,"type":"create connection"},{"time":1702310548981,"type":"selected","value":1},{"time":1702310551304,"type":"change intensity of connector","value":-9},{"time":1702310551304,"type":"selected","value":0}]},{"id":"61ec4f04-8405-49c0-8a00-ab0596e28142","source":"7a3739f2-e7d6-4ca7-93e4-5ce59efd87c3","target":"e0995ed9-4303-4395-a7cb-9235e0f8a636","agreement":true,"isActive":true,"date":1702310583665,"kind":"Connector","isSelected":false,"intensity":3,"isDeletable":true,"isOver":false,"isBidirectional":false,"eventLog":[{"time":1702310583665,"type":"create connection"}]},{"id":"9417df02-3bc2-4940-b310-fb238b016e62","source":"48902a04-ae70-4fee-848d-716dca52d1c5","target":"7a3739f2-e7d6-4ca7-93e4-5ce59efd87c3","agreement":true,"isActive":true,"date":1702310590928,"kind":"Connector","isSelected":false,"intensity":6,"isDeletable":true,"isOver":false,"isBidirectional":false,"eventLog":[{"time":1702310590928,"type":"create connection"},{"time":1702310592141,"type":"selected","value":1},{"time":1702310595768,"type":"change intensity of connector","value":6},{"time":1702310595768,"type":"selected","value":0},{"time":1702310631861,"type":"selected","value":1},{"time":1702310636428,"type":"change intensity of connector","value":6},{"time":1702310636428,"type":"selected","value":0}]},{"id":"fbb04365-0387-44d5-9eec-4167a261f4d8","source":"bae5f05a-bc4a-4cd5-a6df-96a44f87f963","target":"7a3739f2-e7d6-4ca7-93e4-5ce59efd87c3","agreement":true,"isActive":true,"date":1702310651168,"kind":"Connector","isSelected":false,"intensity":3,"isDeletable":true,"isOver":false,"isBidirectional":false,"eventLog":[{"time":1702310651168,"type":"create connection"}]}],"currentID":{},"currentNode":{},"hasSelectedNode":[false],"currentConnector":{},"hasSelectedConnector":[false],"readyToMove":[false],"isIncoming":[false],"hasElementMoved":[false]}
