{"idCAM":["7cbe81ff-cffb-4a0d-ba55-929fb844e5f8"],"creator":["6557923d4a9cc0c7d81cd60d_post"],"projectCAM":["S2_CAM part 2"],"defocusCAM":[],"date":[1702292401923],"nodes":[{"id":"c5917ce0-48db-487a-ab2b-209fdf02be59","value":0,"text":"social assistance robot","comment":"","position":{"x":650,"y":400},"isActive":true,"date":1702292402815,"kind":"Node","isSelected":false,"isConnectorSelected":false,"isDraggable":0,"isDeletable":0,"hasElementMoved":false,"eventLog":[{"time":1702292402815,"type":"create node","value":0}],"isTextChangeable":0},{"id":"bcd95526-359c-409b-b366-fce62b80bcf2","value":0,"text":"disadvantages","comment":"","position":{"x":450,"y":400},"isActive":true,"date":1702292402815,"kind":"Node","isSelected":false,"isConnectorSelected":false,"isDraggable":0,"isDeletable":0,"hasElementMoved":false,"eventLog":[{"time":1702292402815,"type":"create node","value":0}],"isTextChangeable":0},{"id":"d4f3f252-3528-4231-b4f8-f20fc7049970","value":0,"text":"advantages","comment":"","position":{"x":850,"y":400},"isActive":true,"date":1702292402815,"kind":"Node","isSelected":false,"isConnectorSelected":false,"isDraggable":0,"isDeletable":0,"hasElementMoved":false,"eventLog":[{"time":1702292402815,"type":"create node","value":0}],"isTextChangeable":0},{"id":"a4defe12-759c-435e-a513-039d8d4a4414","value":-2,"text":"lower human interaction","comment":"","position":{"x":272.4,"y":310.6},"isActive":true,"date":1702292402815,"kind":"Node","isSelected":false,"isConnectorSelected":false,"isDraggable":1,"isDeletable":1,"hasElementMoved":false,"eventLog":[{"time":1702292402815,"type":"create node","value":-2}],"isTextChangeable":1},{"id":"95e70b74-6c98-4bfa-8a1b-c5bfff85e76d","value":-3,"text":"societal awkwardness","comment":"","position":{"x":285.4,"y":106.6},"isActive":true,"date":1702292402815,"kind":"Node","isSelected":false,"isConnectorSelected":false,"isDraggable":1,"isDeletable":1,"hasElementMoved":false,"eventLog":[{"time":1702292402815,"type":"create node","value":-3}],"isTextChangeable":1},{"id":"197a154f-f080-4764-a2ca-9e1f0af69e89","value":-3,"text":"data protection","comment":"","position":{"x":254.4,"y":599.6},"isActive":true,"date":1702292402815,"kind":"Node","isSelected":false,"isConnectorSelected":false,"isDraggable":1,"isDeletable":1,"hasElementMoved":false,"eventLog":[{"time":1702292402815,"type":"create node","value":-3}],"isTextChangeable":1},{"id":"192ce2de-13fc-4814-b6a6-525723e6c3fd","value":3,"text":"availability","comment":"","position":{"x":1040.4,"y":256.6},"isActive":true,"date":1702292402815,"kind":"Node","isSelected":false,"isConnectorSelected":false,"isDraggable":1,"isDeletable":1,"hasElementMoved":false,"eventLog":[{"time":1702292402815,"type":"create node","value":3}],"isTextChangeable":1},{"id":"012f9ed1-16d6-4822-93ed-42d01f055967","value":1,"text":"loneliness","comment":"","position":{"x":1173.4,"y":149.6},"isActive":true,"date":1702292402815,"kind":"Node","isSelected":false,"isConnectorSelected":false,"isDraggable":1,"isDeletable":1,"hasElementMoved":false,"eventLog":[{"time":1702292402815,"type":"create node","value":1}],"isTextChangeable":1},{"id":"07e74c1d-a3a2-4150-990c-30706d590ab5","value":-3,"text":"communication","comment":"","position":{"x":436.4,"y":231.6},"isActive":true,"date":1702292402815,"kind":"Node","isSelected":false,"isConnectorSelected":false,"isDraggable":1,"isDeletable":1,"hasElementMoved":false,"eventLog":[{"time":1702292402815,"type":"create node","value":-3}],"isTextChangeable":1},{"id":"85827666-ae8b-4400-b597-44a55da61196","value":-3,"text":"consequences","comment":"","position":{"x":130.4,"y":462.6},"isActive":true,"date":1702292402815,"kind":"Node","isSelected":false,"isConnectorSelected":false,"isDraggable":1,"isDeletable":1,"hasElementMoved":false,"eventLog":[{"time":1702292402815,"type":"create node","value":-3}],"isTextChangeable":1},{"id":"6b3921d4-b759-4736-b28b-e91b3073a372","value":-3,"text":"addiction","comment":"","position":{"x":88.4,"y":360.6},"isActive":true,"date":1702292402816,"kind":"Node","isSelected":false,"isConnectorSelected":false,"isDraggable":1,"isDeletable":1,"hasElementMoved":false,"eventLog":[{"time":1702292402816,"type":"create node","value":-3}],"isTextChangeable":1},{"id":"7541cebd-05c1-44ad-ba68-5a758b3a624f","value":2,"text":"variability","comment":"","position":{"x":920.4,"y":605.6},"isActive":true,"date":1702292402816,"kind":"Node","isSelected":false,"isConnectorSelected":false,"isDraggable":1,"isDeletable":1,"hasElementMoved":false,"eventLog":[{"time":"1702292402816","type":"create node","value":[2]},{"time":"2023-12-11T11:02:30.901Z","type":"position","value":{"x":[1139.4],"y":[422.6]}},{"time":"2023-12-11T11:02:31.127Z","type":"position","value":{"x":[988.4],"y":[541.6]}},{"time":"2023-12-11T11:02:31.227Z","type":"position","value":{"x":[944.4],"y":[576.6]}}],"isTextChangeable":1},{"id":"9d33a252-4b49-458d-b5ed-cbcd4b81025b","value":1,"text":"practical","comment":"","position":{"x":1192.4,"y":529.6},"isActive":true,"date":1702292402816,"kind":"Node","isSelected":false,"isConnectorSelected":false,"isDraggable":1,"isDeletable":1,"hasElementMoved":false,"eventLog":[{"time":"1702292402816","type":"create node","value":[1]},{"time":"2023-12-11T11:02:31.730Z","type":"position","value":{"x":[1091.4],"y":[558.6]}},{"time":"2023-12-11T11:02:45.216Z","type":"position","value":{"x":[1110.4],"y":[473.6]}}],"isTextChangeable":1},{"id":"f4e12488-32f8-4f64-8c0c-f0009d699faa","value":3,"text":"useful","comment":"Helpful for autism or similar disorders","position":{"x":1112.4,"y":362.6},"isActive":true,"date":1702292456100,"kind":"Node","isSelected":false,"isConnectorSelected":false,"isDraggable":1,"isDeletable":1,"hasElementMoved":false,"eventLog":[{"time":"1702292456100","type":"create node","value":[0]},{"time":"1702292456180","type":"selected","value":[true]},{"time":"1702292545334","type":"text","value":["Hifreich"]},{"time":"1702292545334","type":"value","value":[3]},{"time":"1702292545334","type":"comment","value":["Hilfreich bei Autismus oder änlichen Störungen"]},{"time":"1702292545334","type":"selected","value":[false]},{"time":"2023-12-11T11:02:26.651Z","type":"position","value":{"x":[956.4],"y":[615.6]}},{"time":"2023-12-11T11:02:26.810Z","type":"position","value":{"x":[982.4],"y":[430.6]}},{"time":"2023-12-11T11:02:26.876Z","type":"position","value":{"x":[992.4],"y":[265.6]}},{"time":"2023-12-11T11:02:28.259Z","type":"position","value":{"x":[1112.4],"y":[242.6]}},{"time":"2023-12-11T11:02:37.079Z","type":"position","value":{"x":[1211.4],"y":[286.6]}}],"isTextChangeable":1},{"id":"d04f0d84-0671-4c01-9a6b-46aa227470df","value":0,"text":"","comment":"","position":{"x":1070.4,"y":383.6},"isActive":false,"date":1702292552512,"kind":"Node","isSelected":false,"isConnectorSelected":false,"isDraggable":1,"isDeletable":1,"hasElementMoved":false,"eventLog":[{"time":1702292552512,"type":"create node","value":0},{"time":1702292554675,"type":"node was deleted","value":-77}],"isTextChangeable":1},{"id":"bb5f312c-f6ed-41a7-8cf2-8c182b73ff44","value":0,"text":"","comment":"","position":{"x":1181.4,"y":270.6},"isActive":false,"date":1702292558107,"kind":"Node","isSelected":false,"isConnectorSelected":false,"isDraggable":1,"isDeletable":1,"hasElementMoved":false,"eventLog":[{"time":1702292558107,"type":"create node","value":0},{"time":1702292559888,"type":"node was deleted","value":-77}],"isTextChangeable":1},{"id":"6623a196-e0fa-423c-ad7b-3250b49bfb75","value":3,"text":"knowledge","comment":"You receive the information from the internet and can capture and assign the data faster than humans.","position":{"x":1060.4,"y":573.6},"isActive":true,"date":1702292595552,"kind":"Node","isSelected":false,"isConnectorSelected":false,"isDraggable":1,"isDeletable":1,"hasElementMoved":false,"eventLog":[{"time":"1702292595552","type":"create node","value":[0]},{"time":"1702292596903","type":"selected","value":[true]},{"time":"1702292658255","type":"text","value":["Wissen"]},{"time":"1702292658255","type":"value","value":[3]},{"time":"1702292658255","type":"comment","value":["Sie erhalten die Informationen aus dem Internet und können die Daten schneller erfassen und zuordnen als Menschen"]},{"time":"1702292658255","type":"selected","value":[false]},{"time":"2023-12-11T11:04:18.967Z","type":"position","value":{"x":[820.4],"y":[601.6]}},{"time":"2023-12-11T11:04:19.167Z","type":"position","value":{"x":[970.4],"y":[561.6]}}],"isTextChangeable":1},{"id":"0ae5d3da-630f-4a78-990f-1478f0f5d0cb","value":0,"text":"","comment":"","position":{"x":1151.4,"y":653.6},"isActive":false,"date":1702292667165,"kind":"Node","isSelected":false,"isConnectorSelected":false,"isDraggable":1,"isDeletable":1,"hasElementMoved":false,"eventLog":[{"time":1702292667165,"type":"create node","value":0},{"time":1702292669696,"type":"node was deleted","value":-77}],"isTextChangeable":1},{"id":"00ec7f45-23ee-429a-9aef-ad577da5196b","value":0,"text":"","comment":"","position":{"x":1054.4,"y":79.6},"isActive":true,"date":1702292673843,"kind":"Node","isSelected":false,"isConnectorSelected":false,"isDraggable":1,"isDeletable":1,"hasElementMoved":false,"eventLog":[{"time":1702292673843,"type":"create node","value":0}],"isTextChangeable":1}],"connectors":[{"id":"268d147a-d5d7-4575-a49b-2d72a80951c4","source":"c5917ce0-48db-487a-ab2b-209fdf02be59","target":"bcd95526-359c-409b-b366-fce62b80bcf2","agreement":true,"isActive":true,"date":1702292402816,"kind":"Connector","isSelected":false,"intensity":3,"isDeletable":false,"isOver":false,"isBidirectional":false,"eventLog":[{"time":1702292402816,"type":"create connection"}]},{"id":"ba11b0f5-dea3-43ca-a9a5-224bfb018b86","source":"c5917ce0-48db-487a-ab2b-209fdf02be59","target":"d4f3f252-3528-4231-b4f8-f20fc7049970","agreement":true,"isActive":true,"date":1702292402816,"kind":"Connector","isSelected":false,"intensity":3,"isDeletable":true,"isOver":false,"isBidirectional":false,"eventLog":[{"time":1702292402816,"type":"create connection"}]},{"id":"6acb4a6c-44c9-4fa5-9ae6-18b9dca8e717","source":"bcd95526-359c-409b-b366-fce62b80bcf2","target":"a4defe12-759c-435e-a513-039d8d4a4414","agreement":true,"isActive":true,"date":1702292402816,"kind":"Connector","isSelected":false,"intensity":6,"isDeletable":true,"isOver":false,"isBidirectional":false,"eventLog":[{"time":1702292402816,"type":"create connection"}]},{"id":"6fcb7bce-0843-4d4b-ab65-c76d95a449a3","source":"a4defe12-759c-435e-a513-039d8d4a4414","target":"95e70b74-6c98-4bfa-8a1b-c5bfff85e76d","agreement":true,"isActive":true,"date":1702292402816,"kind":"Connector","isSelected":false,"intensity":3,"isDeletable":true,"isOver":false,"isBidirectional":false,"eventLog":[{"time":1702292402816,"type":"create connection"}]},{"id":"de54ebcc-e1ce-4671-809b-c20c54a8eed5","source":"bcd95526-359c-409b-b366-fce62b80bcf2","target":"197a154f-f080-4764-a2ca-9e1f0af69e89","agreement":true,"isActive":true,"date":1702292402816,"kind":"Connector","isSelected":false,"intensity":3,"isDeletable":true,"isOver":false,"isBidirectional":false,"eventLog":[{"time":1702292402816,"type":"create connection"}]},{"id":"bbc0fd79-f199-4c14-b5d9-eb7c450aa6b3","source":"d4f3f252-3528-4231-b4f8-f20fc7049970","target":"192ce2de-13fc-4814-b6a6-525723e6c3fd","agreement":true,"isActive":true,"date":1702292402816,"kind":"Connector","isSelected":false,"intensity":3,"isDeletable":true,"isOver":false,"isBidirectional":false,"eventLog":[{"time":1702292402816,"type":"create connection"}]},{"id":"fef30f7c-bee1-4f3b-a607-781ee9dc4f0e","source":"07e74c1d-a3a2-4150-990c-30706d590ab5","target":"bcd95526-359c-409b-b366-fce62b80bcf2","agreement":true,"isActive":true,"date":1702292402816,"kind":"Connector","isSelected":false,"intensity":3,"isDeletable":true,"isOver":false,"isBidirectional":false,"eventLog":[{"time":1702292402816,"type":"create connection"}]},{"id":"f66f1180-4342-4afa-8af1-d8ce3a416872","source":"95e70b74-6c98-4bfa-8a1b-c5bfff85e76d","target":"07e74c1d-a3a2-4150-990c-30706d590ab5","agreement":true,"isActive":true,"date":1702292402816,"kind":"Connector","isSelected":false,"intensity":3,"isDeletable":true,"isOver":false,"isBidirectional":false,"eventLog":[{"time":1702292402816,"type":"create connection"}]},{"id":"7335c7af-5ec6-4d6d-aa06-1ac2d912328a","source":"85827666-ae8b-4400-b597-44a55da61196","target":"197a154f-f080-4764-a2ca-9e1f0af69e89","agreement":true,"isActive":true,"date":1702292402816,"kind":"Connector","isSelected":false,"intensity":3,"isDeletable":true,"isOver":false,"isBidirectional":false,"eventLog":[{"time":1702292402816,"type":"create connection"}]},{"id":"5b241d1b-b85b-48f2-8d5d-4dfdeaf737f3","source":"192ce2de-13fc-4814-b6a6-525723e6c3fd","target":"012f9ed1-16d6-4822-93ed-42d01f055967","agreement":true,"isActive":true,"date":1702292402816,"kind":"Connector","isSelected":false,"intensity":3,"isDeletable":true,"isOver":false,"isBidirectional":false,"eventLog":[{"time":1702292402816,"type":"create connection"}]},{"id":"0ffe7d47-82a8-44fa-be33-aabeb53cfbaf","source":"6b3921d4-b759-4736-b28b-e91b3073a372","target":"bcd95526-359c-409b-b366-fce62b80bcf2","agreement":true,"isActive":true,"date":1702292402816,"kind":"Connector","isSelected":false,"intensity":3,"isDeletable":true,"isOver":false,"isBidirectional":false,"eventLog":[{"time":1702292402816,"type":"create connection"}]},{"id":"712dafec-71fb-467f-939e-a70b8a260e93","source":"95e70b74-6c98-4bfa-8a1b-c5bfff85e76d","target":"6b3921d4-b759-4736-b28b-e91b3073a372","agreement":true,"isActive":true,"date":1702292402816,"kind":"Connector","isSelected":false,"intensity":3,"isDeletable":true,"isOver":false,"isBidirectional":false,"eventLog":[{"time":1702292402816,"type":"create connection"}]},{"id":"bdac96ec-3493-4f56-a7a6-326252c2d12f","source":"a4defe12-759c-435e-a513-039d8d4a4414","target":"6b3921d4-b759-4736-b28b-e91b3073a372","agreement":true,"isActive":true,"date":1702292402816,"kind":"Connector","isSelected":false,"intensity":3,"isDeletable":true,"isOver":false,"isBidirectional":false,"eventLog":[{"time":1702292402816,"type":"create connection"}]},{"id":"3bb3ac27-390a-4a77-a7a2-9dbe890cb21e","source":"d4f3f252-3528-4231-b4f8-f20fc7049970","target":"7541cebd-05c1-44ad-ba68-5a758b3a624f","agreement":true,"isActive":true,"date":1702292402817,"kind":"Connector","isSelected":false,"intensity":3,"isDeletable":true,"isOver":false,"isBidirectional":false,"eventLog":[{"time":1702292402817,"type":"create connection"}]},{"id":"60baa60e-5212-45a7-936d-5cab6fc2de52","source":"d4f3f252-3528-4231-b4f8-f20fc7049970","target":"9d33a252-4b49-458d-b5ed-cbcd4b81025b","agreement":true,"isActive":true,"date":1702292402817,"kind":"Connector","isSelected":false,"intensity":3,"isDeletable":true,"isOver":false,"isBidirectional":false,"eventLog":[{"time":1702292402817,"type":"create connection"}]},{"id":"e8bf53c0-207d-4a03-808a-b2736185f458","source":"d4f3f252-3528-4231-b4f8-f20fc7049970","target":"f4e12488-32f8-4f64-8c0c-f0009d699faa","agreement":true,"isActive":true,"date":1702292556639,"kind":"Connector","isSelected":false,"intensity":3,"isDeletable":true,"isOver":false,"isBidirectional":false,"eventLog":[{"time":1702292556639,"type":"create connection"}]},{"id":"7892e9e5-3dc5-4fac-9f41-5d5b3462b857","source":"012f9ed1-16d6-4822-93ed-42d01f055967","target":"f4e12488-32f8-4f64-8c0c-f0009d699faa","agreement":true,"isActive":true,"date":1702292562569,"kind":"Connector","isSelected":false,"intensity":3,"isDeletable":true,"isOver":false,"isBidirectional":false,"eventLog":[{"time":1702292562569,"type":"create connection"}]},{"id":"9e251f3c-c182-4029-b980-eef501bb17fc","source":"192ce2de-13fc-4814-b6a6-525723e6c3fd","target":"f4e12488-32f8-4f64-8c0c-f0009d699faa","agreement":true,"isActive":true,"date":1702292563407,"kind":"Connector","isSelected":false,"intensity":3,"isDeletable":true,"isOver":false,"isBidirectional":false,"eventLog":[{"time":1702292563407,"type":"create connection"}]},{"id":"152f1a8b-dee3-4425-9c69-ef62e7a46432","source":"9d33a252-4b49-458d-b5ed-cbcd4b81025b","target":"f4e12488-32f8-4f64-8c0c-f0009d699faa","agreement":true,"isActive":true,"date":1702292567644,"kind":"Connector","isSelected":false,"intensity":3,"isDeletable":true,"isOver":false,"isBidirectional":false,"eventLog":[{"time":1702292567644,"type":"create connection"}]},{"id":"dec497a1-cea5-4f15-a7bb-67b5f26ba354","source":"d4f3f252-3528-4231-b4f8-f20fc7049970","target":"6623a196-e0fa-423c-ad7b-3250b49bfb75","agreement":true,"isActive":true,"date":1702292662994,"kind":"Connector","isSelected":false,"intensity":3,"isDeletable":true,"isOver":false,"isBidirectional":false,"eventLog":[{"time":1702292662994,"type":"create connection"}]},{"id":"baf475f2-056f-4cb4-9601-d4853c1f8cea","source":"7541cebd-05c1-44ad-ba68-5a758b3a624f","target":"6623a196-e0fa-423c-ad7b-3250b49bfb75","agreement":true,"isActive":true,"date":1702292664773,"kind":"Connector","isSelected":false,"intensity":3,"isDeletable":true,"isOver":false,"isBidirectional":false,"eventLog":[{"time":1702292664773,"type":"create connection"}]},{"id":"21825177-0735-4521-a1b9-3ce56b5fe8e8","source":"9d33a252-4b49-458d-b5ed-cbcd4b81025b","target":"6623a196-e0fa-423c-ad7b-3250b49bfb75","agreement":true,"isActive":true,"date":1702292666619,"kind":"Connector","isSelected":false,"intensity":3,"isDeletable":true,"isOver":false,"isBidirectional":false,"eventLog":[{"time":1702292666619,"type":"create connection"}]}],"currentID":{},"currentNode":{},"hasSelectedNode":[false],"currentConnector":{},"hasSelectedConnector":[false],"readyToMove":[false],"isIncoming":[false],"hasElementMoved":[false]}
