{"idCAM":["f5a16aa2-0177-4e56-9bcf-3baa1acba62e"],"creator":["6557747cc5cd5cb46edfe6c6_post"],"projectCAM":["S2_CAM part 2"],"defocusCAM":[],"date":[1702291270120],"nodes":[{"id":"7ba2058e-6b3d-4a61-9106-3321c9d03d02","value":10,"text":"social assistance robot","comment":"","position":{"x":650,"y":400},"isActive":true,"date":1702291271027,"kind":"Node","isSelected":false,"isConnectorSelected":false,"isDraggable":0,"isDeletable":0,"hasElementMoved":false,"eventLog":[{"time":1702291271027,"type":"create node","value":10}],"isTextChangeable":0},{"id":"8529ae70-dfca-46d2-8f49-72441e2b25bf","value":0,"text":"disadvantages","comment":"","position":{"x":450,"y":400},"isActive":true,"date":1702291271027,"kind":"Node","isSelected":false,"isConnectorSelected":false,"isDraggable":0,"isDeletable":0,"hasElementMoved":false,"eventLog":[{"time":1702291271027,"type":"create node","value":0}],"isTextChangeable":0},{"id":"e379464d-fd33-4e8b-a221-4b51ec99f652","value":0,"text":"advantages","comment":"","position":{"x":850,"y":400},"isActive":true,"date":1702291271027,"kind":"Node","isSelected":false,"isConnectorSelected":false,"isDraggable":0,"isDeletable":0,"hasElementMoved":false,"eventLog":[{"time":1702291271027,"type":"create node","value":0}],"isTextChangeable":0},{"id":"fe4fe89f-6edf-4bf9-927e-1775732712a5","value":2,"text":"constant availability","comment":"","position":{"x":905,"y":511},"isActive":true,"date":1702291271027,"kind":"Node","isSelected":false,"isConnectorSelected":false,"isDraggable":1,"isDeletable":1,"hasElementMoved":false,"eventLog":[{"time":1702291271027,"type":"create node","value":2}],"isTextChangeable":1},{"id":"a013e4ea-ab85-4184-bfff-2c5ff2689347","value":2,"text":"routine activities","comment":"","position":{"x":830,"y":278},"isActive":true,"date":1702291271027,"kind":"Node","isSelected":false,"isConnectorSelected":false,"isDraggable":1,"isDeletable":1,"hasElementMoved":false,"eventLog":[{"time":1702291271027,"type":"create node","value":2}],"isTextChangeable":1},{"id":"da3cc4d1-5989-4309-8979-626b34cf3e79","value":-2,"text":"feel unwell","comment":"","position":{"x":458,"y":202},"isActive":true,"date":1702291271027,"kind":"Node","isSelected":false,"isConnectorSelected":false,"isDraggable":1,"isDeletable":1,"hasElementMoved":false,"eventLog":[{"time":1702291271027,"type":"create node","value":-2}],"isTextChangeable":1},{"id":"1ffd40b9-1aa7-444a-9df9-8865111424f0","value":-3,"text":"no human substitute","comment":"","position":{"x":416,"y":537},"isActive":true,"date":1702291271027,"kind":"Node","isSelected":false,"isConnectorSelected":false,"isDraggable":1,"isDeletable":1,"hasElementMoved":false,"eventLog":[{"time":1702291271027,"type":"create node","value":-3}],"isTextChangeable":1},{"id":"347d2291-edeb-43ea-8f69-b760da1f24de","value":-2,"text":"costs","comment":"","position":{"x":215,"y":316},"isActive":true,"date":1702291271027,"kind":"Node","isSelected":false,"isConnectorSelected":false,"isDraggable":1,"isDeletable":1,"hasElementMoved":false,"eventLog":[{"time":1702291271027,"type":"create node","value":-2}],"isTextChangeable":1},{"id":"626c7f15-e1a8-43a0-8639-f9815e346914","value":-2,"text":"loss of human interaction","comment":"","position":{"x":228,"y":578},"isActive":true,"date":1702291271027,"kind":"Node","isSelected":false,"isConnectorSelected":false,"isDraggable":1,"isDeletable":1,"hasElementMoved":false,"eventLog":[{"time":1702291271027,"type":"create node","value":-2}],"isTextChangeable":1},{"id":"56f9cbd3-0377-482b-8532-eb145452d37b","value":-3,"text":"technical problems","comment":"","position":{"x":265,"y":439},"isActive":true,"date":1702291271027,"kind":"Node","isSelected":false,"isConnectorSelected":false,"isDraggable":1,"isDeletable":1,"hasElementMoved":false,"eventLog":[{"time":1702291271027,"type":"create node","value":-3}],"isTextChangeable":1},{"id":"3f7fe3a8-f90c-4d5a-afa8-c046fab38d54","value":-3,"text":"lacking emotions","comment":"","position":{"x":277,"y":683},"isActive":true,"date":1702291271027,"kind":"Node","isSelected":false,"isConnectorSelected":false,"isDraggable":1,"isDeletable":1,"hasElementMoved":false,"eventLog":[{"time":1702291271027,"type":"create node","value":-3}],"isTextChangeable":1},{"id":"a45e1c98-b3c2-4933-b494-549b478cbd77","value":-3,"text":"data protection","comment":"","position":{"x":583,"y":92},"isActive":true,"date":1702291271027,"kind":"Node","isSelected":false,"isConnectorSelected":false,"isDraggable":1,"isDeletable":1,"hasElementMoved":false,"eventLog":[{"time":1702291271027,"type":"create node","value":-3}],"isTextChangeable":1},{"id":"ee27e5ab-651b-4894-b2ac-fdc69a6093d1","value":1,"text":"precise execution","comment":"","position":{"x":935,"y":192},"isActive":true,"date":1702291271027,"kind":"Node","isSelected":false,"isConnectorSelected":false,"isDraggable":1,"isDeletable":1,"hasElementMoved":false,"eventLog":[{"time":1702291271027,"type":"create node","value":1}],"isTextChangeable":1},{"id":"e644175c-09ed-4fc1-a022-b0e2a78997e4","value":2,"text":"multifunctional","comment":"","position":{"x":1008,"y":384},"isActive":true,"date":1702291271027,"kind":"Node","isSelected":false,"isConnectorSelected":false,"isDraggable":1,"isDeletable":1,"hasElementMoved":false,"eventLog":[{"time":1702291271027,"type":"create node","value":2}],"isTextChangeable":1},{"id":"faa62a94-ee5b-41f8-861b-fc39a9ac6ae9","value":2,"text":"learning ability","comment":"","position":{"x":769,"y":566},"isActive":true,"date":1702291271027,"kind":"Node","isSelected":false,"isConnectorSelected":false,"isDraggable":1,"isDeletable":1,"hasElementMoved":false,"eventLog":[{"time":1702291271027,"type":"create node","value":2}],"isTextChangeable":1},{"id":"b349c3f0-0ae1-454c-9bbd-c4b05da5a308","value":1,"text":"safety","comment":"Soft material reduces risk of injury","position":{"x":970,"y":290},"isActive":true,"date":1702291298285,"kind":"Node","isSelected":false,"isConnectorSelected":false,"isDraggable":1,"isDeletable":1,"hasElementMoved":false,"eventLog":[{"time":"1702291298285","type":"create node","value":[0]},{"time":"2023-12-11T10:41:38.815Z","type":"position","value":{"x":[970],"y":[321]}},{"time":"1702291299289","type":"selected","value":[true]},{"time":"1702291316560","type":"text","value":["Sicherheit"]},{"time":"1702291316560","type":"value","value":[1]},{"time":"1702291316560","type":"comment","value":["Weiches Material reduziert Verlezungsrisiko"]},{"time":"1702291316560","type":"selected","value":[false]},{"time":"1702291317967","type":"selected","value":[true]},{"time":"1702291318696","type":"selected","value":[false]},{"time":"2023-12-11T10:41:59.855Z","type":"position","value":{"x":[950],"y":[332]}}],"isTextChangeable":1}],"connectors":[{"id":"6d62af3b-92e4-4de8-81ee-572f700c9815","source":"7ba2058e-6b3d-4a61-9106-3321c9d03d02","target":"8529ae70-dfca-46d2-8f49-72441e2b25bf","agreement":true,"isActive":true,"date":1702291271027,"kind":"Connector","isSelected":false,"intensity":3,"isDeletable":false,"isOver":false,"isBidirectional":false,"eventLog":[{"time":1702291271027,"type":"create connection"}]},{"id":"63c66239-84ec-4d8a-9780-abb064031727","source":"7ba2058e-6b3d-4a61-9106-3321c9d03d02","target":"e379464d-fd33-4e8b-a221-4b51ec99f652","agreement":true,"isActive":true,"date":1702291271027,"kind":"Connector","isSelected":false,"intensity":3,"isDeletable":true,"isOver":false,"isBidirectional":false,"eventLog":[{"time":1702291271027,"type":"create connection"}]},{"id":"7944d407-d869-4ec9-8078-ccd2a4e16a58","source":"e379464d-fd33-4e8b-a221-4b51ec99f652","target":"fe4fe89f-6edf-4bf9-927e-1775732712a5","agreement":true,"isActive":true,"date":1702291271028,"kind":"Connector","isSelected":false,"intensity":6,"isDeletable":true,"isOver":false,"isBidirectional":false,"eventLog":[{"time":1702291271028,"type":"create connection"}]},{"id":"ac585f7a-8266-4c0d-a045-20217214e19a","source":"e379464d-fd33-4e8b-a221-4b51ec99f652","target":"a013e4ea-ab85-4184-bfff-2c5ff2689347","agreement":true,"isActive":true,"date":1702291271028,"kind":"Connector","isSelected":false,"intensity":3,"isDeletable":true,"isOver":false,"isBidirectional":false,"eventLog":[{"time":1702291271028,"type":"create connection"}]},{"id":"bf8f4df7-207e-4c70-b97d-41929471e644","source":"da3cc4d1-5989-4309-8979-626b34cf3e79","target":"8529ae70-dfca-46d2-8f49-72441e2b25bf","agreement":true,"isActive":true,"date":1702291271028,"kind":"Connector","isSelected":false,"intensity":6,"isDeletable":true,"isOver":false,"isBidirectional":false,"eventLog":[{"time":1702291271028,"type":"create connection"}]},{"id":"294eec2c-5fde-47d0-accc-bcdd44c1a1b2","source":"1ffd40b9-1aa7-444a-9df9-8865111424f0","target":"8529ae70-dfca-46d2-8f49-72441e2b25bf","agreement":true,"isActive":true,"date":1702291271028,"kind":"Connector","isSelected":false,"intensity":6,"isDeletable":true,"isOver":false,"isBidirectional":false,"eventLog":[{"time":1702291271028,"type":"create connection"}]},{"id":"3ed7caae-db6d-45d4-a1ad-ee8d2044d63e","source":"8529ae70-dfca-46d2-8f49-72441e2b25bf","target":"347d2291-edeb-43ea-8f69-b760da1f24de","agreement":true,"isActive":true,"date":1702291271028,"kind":"Connector","isSelected":false,"intensity":3,"isDeletable":true,"isOver":false,"isBidirectional":false,"eventLog":[{"time":1702291271028,"type":"create connection"}]},{"id":"06fa3dda-4a2f-4702-87ad-4f864a1cc1ee","source":"626c7f15-e1a8-43a0-8639-f9815e346914","target":"1ffd40b9-1aa7-444a-9df9-8865111424f0","agreement":true,"isActive":true,"date":1702291271028,"kind":"Connector","isSelected":false,"intensity":6,"isDeletable":true,"isOver":false,"isBidirectional":false,"eventLog":[{"time":1702291271028,"type":"create connection"}]},{"id":"78196bc7-7118-42d6-970c-d1638d7630fe","source":"8529ae70-dfca-46d2-8f49-72441e2b25bf","target":"56f9cbd3-0377-482b-8532-eb145452d37b","agreement":true,"isActive":true,"date":1702291271028,"kind":"Connector","isSelected":false,"intensity":6,"isDeletable":true,"isOver":false,"isBidirectional":false,"eventLog":[{"time":1702291271028,"type":"create connection"}]},{"id":"d40f5bbe-9c46-4334-84e0-12a8930438f5","source":"626c7f15-e1a8-43a0-8639-f9815e346914","target":"3f7fe3a8-f90c-4d5a-afa8-c046fab38d54","agreement":true,"isActive":true,"date":1702291271028,"kind":"Connector","isSelected":false,"intensity":6,"isDeletable":true,"isOver":false,"isBidirectional":false,"eventLog":[{"time":1702291271028,"type":"create connection"}]},{"id":"c1ead09e-5a1a-4b36-ab53-c99a2a45d17a","source":"da3cc4d1-5989-4309-8979-626b34cf3e79","target":"a45e1c98-b3c2-4933-b494-549b478cbd77","agreement":true,"isActive":true,"date":1702291271028,"kind":"Connector","isSelected":false,"intensity":3,"isDeletable":true,"isOver":false,"isBidirectional":false,"eventLog":[{"time":1702291271028,"type":"create connection"}]},{"id":"46f4a13d-1aad-48cb-aadb-54a72c228ea1","source":"ee27e5ab-651b-4894-b2ac-fdc69a6093d1","target":"a013e4ea-ab85-4184-bfff-2c5ff2689347","agreement":true,"isActive":true,"date":1702291271028,"kind":"Connector","isSelected":false,"intensity":3,"isDeletable":true,"isOver":false,"isBidirectional":false,"eventLog":[{"time":1702291271028,"type":"create connection"}]},{"id":"a7382602-1f7d-4461-a60e-839dfb2f5135","source":"e644175c-09ed-4fc1-a022-b0e2a78997e4","target":"e379464d-fd33-4e8b-a221-4b51ec99f652","agreement":true,"isActive":true,"date":1702291271028,"kind":"Connector","isSelected":false,"intensity":3,"isDeletable":true,"isOver":false,"isBidirectional":false,"eventLog":[{"time":1702291271028,"type":"create connection"}]},{"id":"5be74e1f-6257-4f3a-9ade-f016daa2bb91","source":"faa62a94-ee5b-41f8-861b-fc39a9ac6ae9","target":"e379464d-fd33-4e8b-a221-4b51ec99f652","agreement":true,"isActive":true,"date":1702291271028,"kind":"Connector","isSelected":false,"intensity":3,"isDeletable":true,"isOver":false,"isBidirectional":false,"eventLog":[{"time":1702291271028,"type":"create connection"}]},{"id":"943138a5-1126-4781-ad21-5685840333bb","source":"e379464d-fd33-4e8b-a221-4b51ec99f652","target":"b349c3f0-0ae1-454c-9bbd-c4b05da5a308","agreement":true,"isActive":true,"date":1702291317823,"kind":"Connector","isSelected":false,"intensity":3,"isDeletable":true,"isOver":false,"isBidirectional":false,"eventLog":[{"time":1702291317823,"type":"create connection"}]}],"currentID":{},"currentNode":{},"hasSelectedNode":[false],"currentConnector":{},"hasSelectedConnector":[false],"readyToMove":[false],"isIncoming":[false],"hasElementMoved":[false]}
