{"idCAM":["20fb814b-944b-4151-9989-98e747026072"],"creator":["655906b1346b2b209cd19772_pre"],"projectCAM":["S2_CAM part 1"],"defocusCAM":[],"date":[1702310119600],"nodes":[{"id":"1c7d9bd2-604b-484b-a27f-b3184e9fc0ba","value":2,"text":"rescue robot","comment":"","position":{"x":650,"y":400},"isActive":true,"date":1702310120518,"kind":"Node","isSelected":false,"isConnectorSelected":false,"isDraggable":0,"isDeletable":0,"hasElementMoved":false,"eventLog":[{"time":1702310120518,"type":"create node","value":0},{"time":1702310131590,"type":"selected","value":1},{"time":1702310138153,"type":"value","value":2},{"time":1702310138153,"type":"selected","value":0}],"isTextChangeable":0},{"id":"c7a25717-03f8-41b5-ac2e-e43c60c58144","value":-2,"text":"disadvantages","comment":"","position":{"x":450,"y":400},"isActive":true,"date":1702310120518,"kind":"Node","isSelected":false,"isConnectorSelected":false,"isDraggable":0,"isDeletable":0,"hasElementMoved":false,"eventLog":[{"time":1702310120518,"type":"create node","value":0},{"time":1702310264638,"type":"selected","value":1},{"time":1702310266965,"type":"value","value":-1},{"time":1702310266965,"type":"selected","value":0},{"time":1702310511688,"type":"selected","value":1},{"time":1702310522945,"type":"value","value":-2},{"time":1702310522945,"type":"selected","value":0}],"isTextChangeable":0},{"id":"74a77bcc-b3c6-43d5-b4ea-fb67d776dbb5","value":2,"text":"advantages","comment":"","position":{"x":850,"y":400},"isActive":true,"date":1702310120518,"kind":"Node","isSelected":false,"isConnectorSelected":false,"isDraggable":0,"isDeletable":0,"hasElementMoved":false,"eventLog":[{"time":1702310120518,"type":"create node","value":0},{"time":1702310258737,"type":"selected","value":1},{"time":1702310263534,"type":"value","value":2},{"time":1702310263534,"type":"selected","value":0},{"time":1702310697053,"type":"selected","value":1},{"time":1702310698887,"type":"selected","value":0}],"isTextChangeable":0},{"id":"3e8920b0-7633-403d-9641-290b221b9acf","value":2,"text":"higher precision","comment":"","position":{"x":970,"y":235},"isActive":true,"date":1702310145321,"kind":"Node","isSelected":false,"isConnectorSelected":false,"isDraggable":1,"isDeletable":1,"hasElementMoved":false,"eventLog":[{"time":1702310145321,"type":"create node","value":"0"},{"time":1702310145333,"type":"selected","value":"TRUE"},{"time":1702310165805,"type":"text","value":"Höhere Präzision"},{"time":1702310165805,"type":"value","value":"2"},{"time":1702310165805,"type":"selected","value":"FALSE"}],"isTextChangeable":1},{"id":"28f684c4-be06-480e-8dd5-70760f0eb6a7","value":-3,"text":"no moral considerations","comment":"Autonomous rescue robots cannot make moral considerations, for example regarding the prioritization of people to be rescued.","position":{"x":148,"y":214},"isActive":true,"date":1702310189320,"kind":"Node","isSelected":false,"isConnectorSelected":false,"isDraggable":1,"isDeletable":1,"hasElementMoved":false,"eventLog":[{"time":1702310189320,"type":"create node","value":"0"},{"time":1702310189332,"type":"selected","value":"TRUE"},{"time":1702310205780,"type":"text","value":"Keine moralischen Abwägungen"},{"time":1702310205780,"type":"selected","value":"FALSE"},{"time":1702310207066,"type":"selected","value":"TRUE"},{"time":1702310243367,"type":"value","value":"-3"},{"time":1702310243367,"type":"comment","value":"Autonome Rettungsroboter können keine moralischen Abwägungen treffen, z.B. hinsichtlich der Priorisierung von zu rettenden Personen"},{"time":1702310243367,"type":"selected","value":"FALSE"}],"isTextChangeable":1},{"id":"ce9a13dd-7da2-4ab7-ba5a-39cac3913abb","value":10,"text":"unimpressed by emotions","comment":"Rescue robots have no emotions that could distract them. However, they also have no emotions that could give them guidelines for action.","position":{"x":649,"y":196},"isActive":true,"date":1702310274527,"kind":"Node","isSelected":false,"isConnectorSelected":false,"isDraggable":1,"isDeletable":1,"hasElementMoved":false,"eventLog":[{"time":1702310274527,"type":"create node","value":"0"},{"time":1702310274539,"type":"selected","value":"TRUE"},{"time":1702310318523,"type":"text","value":"Unbeeindruckt von Emotionen"},{"time":1702310318523,"type":"comment","value":"Rettungsroboter haben keine Emotionen, die sie ablenken könnten. Allerdings auch keine Emotionen, die ihnen Handlungsleitlinien geben könnten."},{"time":1702310318523,"type":"selected","value":"FALSE"},{"time":1702310319485,"type":"selected","value":"TRUE"},{"time":1702310321920,"type":"value","value":"10"},{"time":1702310321920,"type":"selected","value":"FALSE"},{"time":1702310335541,"type":"selected","value":"TRUE"},{"time":1702310338321,"type":"selected","value":"FALSE"}],"isTextChangeable":1},{"id":"6cf274cc-3260-431d-aae7-c2f0afca2449","value":3,"text":"unrestricted access","comment":"Robots can operate in environments that would be toxic for humans, e.g. areas contaminated with radiation.","position":{"x":881,"y":638},"isActive":true,"date":1702310341297,"kind":"Node","isSelected":false,"isConnectorSelected":false,"isDraggable":1,"isDeletable":1,"hasElementMoved":false,"eventLog":[{"time":1702310341297,"type":"create node","value":"0"},{"time":1702310372815,"type":"selected","value":"TRUE"},{"time":1702310422171,"type":"text","value":"Uneingeschränkter Zugang"},{"time":1702310422171,"type":"value","value":"3"},{"time":1702310422171,"type":"comment","value":"Roboter können in Umfeldern agieren, die für den Menschen toxisch wären, z.B. atomar verstrahlte Bereiche"},{"time":1702310422171,"type":"selected","value":"FALSE"}],"isTextChangeable":1},{"id":"e16fe8a5-31ab-4471-a67f-53b64c1af7fa","value":-1,"text":"vulnerable to hackers","comment":"","position":{"x":235,"y":530},"isActive":true,"date":1702310447812,"kind":"Node","isSelected":false,"isConnectorSelected":false,"isDraggable":1,"isDeletable":1,"hasElementMoved":false,"eventLog":[{"time":1702310447812,"type":"create node","value":"0"},{"time":1702310447821,"type":"selected","value":"TRUE"},{"time":1702310459890,"type":"text","value":"Vulnerabel für Hacker"},{"time":1702310459890,"type":"value","value":"-1"},{"time":1702310459890,"type":"selected","value":"FALSE"}],"isTextChangeable":1},{"id":"6ef0d6ef-c4f3-4bd3-affb-ee6bc184916a","value":-2,"text":"risk of discrimination","comment":"e.g. with biased algorithms","position":{"x":418,"y":588},"isActive":true,"date":1702310484944,"kind":"Node","isSelected":false,"isConnectorSelected":false,"isDraggable":1,"isDeletable":1,"hasElementMoved":false,"eventLog":[{"time":1702310484944,"type":"create node","value":"0"},{"time":1702310484958,"type":"selected","value":"TRUE"},{"time":1702310509387,"type":"text","value":"Gefahr der Diskriminierung"},{"time":1702310509387,"type":"value","value":"-2"},{"time":1702310509387,"type":"comment","value":"z.B. bei voreingenommenen Algorithmen"},{"time":1702310509387,"type":"selected","value":"FALSE"}],"isTextChangeable":1},{"id":"892a52fe-6e24-40e2-9578-c024a66ecfe6","value":3,"text":"speed and efficiency","comment":"Improvement of speed and efficiency of rescue operations","position":{"x":1043,"y":412},"isActive":true,"date":1702310551529,"kind":"Node","isSelected":false,"isConnectorSelected":false,"isDraggable":1,"isDeletable":1,"hasElementMoved":false,"eventLog":[{"time":1702310551529,"type":"create node","value":"0"},{"time":1702310551536,"type":"selected","value":"TRUE"},{"time":1702310575807,"type":"text","value":"Schnelligkeit und Effizienz"},{"time":1702310575807,"type":"value","value":"3"},{"time":1702310575807,"type":"comment","value":"Verbesserung von Schnelligkeit und Effizienz von Rettungseinsätzen"},{"time":1702310575807,"type":"selected","value":"FALSE"}],"isTextChangeable":1},{"id":"abec62bb-8900-4e5a-87f6-fb419fef4061","value":3,"text":"preservation of human life","comment":"If robots are used instead of human rescuers, the lives and health of the rescuers do not have to be put at risk.","position":{"x":1044,"y":561},"isActive":true,"date":1702310624748,"kind":"Node","isSelected":false,"isConnectorSelected":false,"isDraggable":1,"isDeletable":1,"hasElementMoved":false,"eventLog":[{"time":1702310624748,"type":"create node","value":"0"},{"time":1702310624765,"type":"selected","value":"TRUE"},{"time":1702310695115,"type":"text","value":"Verschonung menschlichen Lebens"},{"time":1702310695115,"type":"value","value":"3"},{"time":1702310695115,"type":"comment","value":"Werden Roboter statt menschliche Rettungskräfte eingesetzt, muss das Leben und die Gesundheit der Rettungskräfte nicht aufs Spiel gesetzt werden."},{"time":1702310695115,"type":"selected","value":"FALSE"}],"isTextChangeable":1},{"id":"24aa64c4-ab80-4c79-a9d5-4828a7fed83a","value":-1,"text":"high acquisition costs","comment":"","position":{"x":145,"y":372},"isActive":true,"date":1702310712246,"kind":"Node","isSelected":false,"isConnectorSelected":false,"isDraggable":1,"isDeletable":1,"hasElementMoved":false,"eventLog":[{"time":1702310712246,"type":"create node","value":"0"},{"time":1702310712260,"type":"selected","value":"TRUE"},{"time":1702310722322,"type":"text","value":"Hohe Anschaffungskosten"},{"time":1702310722322,"type":"value","value":"-1"},{"time":1702310722322,"type":"selected","value":"FALSE"}],"isTextChangeable":1},{"id":"ae954612-7ac9-477e-9126-9257d97fade5","value":2,"text":"contentment","comment":"Robots require fewer resources in crisis regions than human rescue forces","position":{"x":823,"y":140},"isActive":true,"date":1702310740488,"kind":"Node","isSelected":false,"isConnectorSelected":false,"isDraggable":1,"isDeletable":1,"hasElementMoved":false,"eventLog":[{"time":1702310740488,"type":"create node","value":"0"},{"time":1702310740504,"type":"selected","value":"TRUE"},{"time":1702310769279,"type":"text","value":"Genügsamkeit"},{"time":1702310769279,"type":"value","value":"2"},{"time":1702310769279,"type":"comment","value":"Roboter benötigen in Krisenregionen weniger Ressourcen als menschliche Rettungskräfte"},{"time":1702310769279,"type":"selected","value":"FALSE"},{"time":1702310778637,"type":"selected","value":"TRUE"},{"time":1702310781492,"type":"selected","value":"FALSE"}],"isTextChangeable":1}],"connectors":[{"id":"60391cd7-d96a-481f-b3db-701014baa865","source":"1c7d9bd2-604b-484b-a27f-b3184e9fc0ba","target":"c7a25717-03f8-41b5-ac2e-e43c60c58144","agreement":false,"isActive":true,"date":1702310120518,"kind":"Connector","isSelected":false,"intensity":3,"isDeletable":false,"isOver":false,"isBidirectional":false,"eventLog":[{"time":1702310120518,"type":"create connection"},{"time":1702310180700,"type":"selected","value":1},{"time":1702310183491,"type":"change intensity of connector","value":-3},{"time":1702310183491,"type":"selected","value":0}]},{"id":"12200f93-333e-4370-bbcf-0c20829ac530","source":"1c7d9bd2-604b-484b-a27f-b3184e9fc0ba","target":"74a77bcc-b3c6-43d5-b4ea-fb67d776dbb5","agreement":true,"isActive":true,"date":1702310120518,"kind":"Connector","isSelected":false,"intensity":6,"isDeletable":true,"isOver":false,"isBidirectional":false,"eventLog":[{"time":1702310120518,"type":"create connection"},{"time":1702310177268,"type":"selected","value":1},{"time":1702310179563,"type":"change intensity of connector","value":6},{"time":1702310179563,"type":"selected","value":0}]},{"id":"4b3b23cb-ed5b-4b6a-9a64-75d79f0f4b21","source":"3e8920b0-7633-403d-9641-290b221b9acf","target":"74a77bcc-b3c6-43d5-b4ea-fb67d776dbb5","agreement":true,"isActive":true,"date":1702310167751,"kind":"Connector","isSelected":false,"intensity":6,"isDeletable":true,"isOver":false,"isBidirectional":false,"eventLog":[{"time":1702310167751,"type":"create connection"},{"time":1702310170967,"type":"selected","value":1},{"time":1702310173742,"type":"change intensity of connector","value":6},{"time":1702310173742,"type":"selected","value":0}]},{"id":"da760346-9437-4a9e-9ad4-c7b6c7ace491","source":"28f684c4-be06-480e-8dd5-70760f0eb6a7","target":"c7a25717-03f8-41b5-ac2e-e43c60c58144","agreement":true,"isActive":true,"date":1702310245930,"kind":"Connector","isSelected":false,"intensity":6,"isDeletable":true,"isOver":false,"isBidirectional":false,"eventLog":[{"time":1702310245930,"type":"create connection"},{"time":1702310248076,"type":"selected","value":1},{"time":1702310252196,"type":"change intensity of connector","value":6},{"time":1702310252197,"type":"selected","value":0}]},{"id":"b7230bae-a4cb-49ae-8c1a-1488d5af6744","source":"ce9a13dd-7da2-4ab7-ba5a-39cac3913abb","target":"c7a25717-03f8-41b5-ac2e-e43c60c58144","agreement":true,"isActive":true,"date":1702310326564,"kind":"Connector","isSelected":false,"intensity":3,"isDeletable":true,"isOver":false,"isBidirectional":false,"eventLog":[{"time":1702310326564,"type":"create connection"},{"time":1702310327709,"type":"selected","value":1},{"time":1702310334655,"type":"change intensity of connector","value":3},{"time":1702310334655,"type":"selected","value":0}]},{"id":"bc817b6c-2d27-4344-b7c4-19dcbf26e7f9","source":"ce9a13dd-7da2-4ab7-ba5a-39cac3913abb","target":"74a77bcc-b3c6-43d5-b4ea-fb67d776dbb5","agreement":true,"isActive":true,"date":1702310339967,"kind":"Connector","isSelected":false,"intensity":3,"isDeletable":true,"isOver":false,"isBidirectional":false,"eventLog":[{"time":1702310339967,"type":"create connection"}]},{"id":"a23ca6fc-f259-4367-8db1-6f513753225f","source":"6cf274cc-3260-431d-aae7-c2f0afca2449","target":"74a77bcc-b3c6-43d5-b4ea-fb67d776dbb5","agreement":true,"isActive":true,"date":1702310423787,"kind":"Connector","isSelected":false,"intensity":9,"isDeletable":true,"isOver":false,"isBidirectional":false,"eventLog":[{"time":1702310423787,"type":"create connection"},{"time":1702310424871,"type":"selected","value":1},{"time":1702310427270,"type":"change intensity of connector","value":9},{"time":1702310427270,"type":"selected","value":0}]},{"id":"e59c787c-9037-4ed0-a49f-79df2768832e","source":"e16fe8a5-31ab-4471-a67f-53b64c1af7fa","target":"c7a25717-03f8-41b5-ac2e-e43c60c58144","agreement":true,"isActive":true,"date":1702310461786,"kind":"Connector","isSelected":false,"intensity":3,"isDeletable":true,"isOver":false,"isBidirectional":false,"eventLog":[{"time":1702310461786,"type":"create connection"},{"time":1702310463422,"type":"selected","value":1},{"time":1702310465376,"type":"change intensity of connector","value":3},{"time":1702310465376,"type":"selected","value":0}]},{"id":"2cfb0499-34b9-4c8a-826c-a6854ccc9171","source":"6ef0d6ef-c4f3-4bd3-affb-ee6bc184916a","target":"c7a25717-03f8-41b5-ac2e-e43c60c58144","agreement":true,"isActive":true,"date":1702310511507,"kind":"Connector","isSelected":false,"intensity":6,"isDeletable":true,"isOver":false,"isBidirectional":false,"eventLog":[{"time":1702310511507,"type":"create connection"},{"time":1702310524124,"type":"selected","value":1},{"time":1702310528770,"type":"change intensity of connector","value":6},{"time":1702310528770,"type":"selected","value":0}]},{"id":"33744aee-944a-4b0a-9277-484ef03e836a","source":"892a52fe-6e24-40e2-9578-c024a66ecfe6","target":"74a77bcc-b3c6-43d5-b4ea-fb67d776dbb5","agreement":true,"isActive":true,"date":1702310578285,"kind":"Connector","isSelected":false,"intensity":9,"isDeletable":true,"isOver":false,"isBidirectional":false,"eventLog":[{"time":1702310578285,"type":"create connection"},{"time":1702310579436,"type":"selected","value":1},{"time":1702310581570,"type":"change intensity of connector","value":9},{"time":1702310581570,"type":"selected","value":0}]},{"id":"ebe79ba4-3341-4fd8-a9a5-8852fb737964","source":"abec62bb-8900-4e5a-87f6-fb419fef4061","target":"74a77bcc-b3c6-43d5-b4ea-fb67d776dbb5","agreement":true,"isActive":true,"date":1702310696874,"kind":"Connector","isSelected":false,"intensity":9,"isDeletable":true,"isOver":false,"isBidirectional":false,"eventLog":[{"time":1702310696874,"type":"create connection"},{"time":1702310699863,"type":"selected","value":1},{"time":1702310702012,"type":"change intensity of connector","value":9},{"time":1702310702012,"type":"selected","value":0}]},{"id":"2502a60c-f7f4-4a5f-aae0-e6981e4e6fa4","source":"24aa64c4-ab80-4c79-a9d5-4828a7fed83a","target":"c7a25717-03f8-41b5-ac2e-e43c60c58144","agreement":true,"isActive":true,"date":1702310724026,"kind":"Connector","isSelected":false,"intensity":3,"isDeletable":true,"isOver":false,"isBidirectional":false,"eventLog":[{"time":1702310724026,"type":"create connection"}]},{"id":"87009279-c151-4e8a-9b15-1c5ce45ee8c8","source":"ae954612-7ac9-477e-9126-9257d97fade5","target":"74a77bcc-b3c6-43d5-b4ea-fb67d776dbb5","agreement":true,"isActive":true,"date":1702310771153,"kind":"Connector","isSelected":false,"intensity":6,"isDeletable":true,"isOver":false,"isBidirectional":false,"eventLog":[{"time":1702310771153,"type":"create connection"},{"time":1702310772355,"type":"selected","value":1},{"time":1702310774747,"type":"change intensity of connector","value":6},{"time":1702310774747,"type":"selected","value":0}]}],"currentID":{},"currentNode":{},"hasSelectedNode":[false],"currentConnector":{},"hasSelectedConnector":[false],"readyToMove":[false],"isIncoming":[false]}
