{"idCAM":["e26ecb6c-b399-4ed4-b40f-819a4cd7f710"],"creator":["655906b1346b2b209cd19772_post"],"projectCAM":["S2_CAM part 2"],"defocusCAM":[],"date":[1702310884884],"nodes":[{"id":"6c7c2871-d8f6-4567-9a03-aebd95867d26","value":2,"text":"rescue robot","comment":"","position":{"x":650,"y":400},"isActive":true,"date":1702310885824,"kind":"Node","isSelected":false,"isConnectorSelected":false,"isDraggable":0,"isDeletable":0,"hasElementMoved":false,"eventLog":[{"time":1702310885824,"type":"create node","value":2}],"isTextChangeable":0},{"id":"69f02684-2ff0-4807-9036-2741460f6775","value":-2,"text":"disadvantages","comment":"","position":{"x":450,"y":400},"isActive":true,"date":1702310885825,"kind":"Node","isSelected":false,"isConnectorSelected":false,"isDraggable":0,"isDeletable":0,"hasElementMoved":false,"eventLog":[{"time":1702310885825,"type":"create node","value":-2}],"isTextChangeable":0},{"id":"a026e1be-06ab-4b66-9da0-f9a2320954d5","value":2,"text":"advantages","comment":"","position":{"x":850,"y":400},"isActive":true,"date":1702310885825,"kind":"Node","isSelected":false,"isConnectorSelected":false,"isDraggable":0,"isDeletable":0,"hasElementMoved":false,"eventLog":[{"time":1702310885825,"type":"create node","value":2}],"isTextChangeable":0},{"id":"07f8e235-4a39-490e-b52d-c52775a42a7c","value":2,"text":"delivery of vital goods","comment":"","position":{"x":975,"y":236},"isActive":true,"date":1702310885825,"kind":"Node","isSelected":false,"isConnectorSelected":false,"isDraggable":1,"isDeletable":1,"hasElementMoved":false,"eventLog":[{"time":1702310885825,"type":"create node","value":"2"},{"time":1702310889654,"type":"selected","value":"TRUE"},{"time":1702310911865,"type":"text","value":"Lieferung lebenswichtiger Güter"},{"time":1702310911865,"type":"selected","value":"FALSE"}],"isTextChangeable":1},{"id":"e01bde2a-b34b-4408-b448-807a764ca348","value":-3,"text":"no moral considerations","comment":"","position":{"x":148,"y":214},"isActive":true,"date":1702310885825,"kind":"Node","isSelected":false,"isConnectorSelected":false,"isDraggable":1,"isDeletable":1,"hasElementMoved":false,"eventLog":[{"time":1702310885825,"type":"create node","value":-3}],"isTextChangeable":1},{"id":"f1729aa3-8210-4f46-b417-4bec82b99c86","value":10,"text":"unimpressed by emotions","comment":"","position":{"x":649,"y":196},"isActive":true,"date":1702310885825,"kind":"Node","isSelected":false,"isConnectorSelected":false,"isDraggable":1,"isDeletable":1,"hasElementMoved":false,"eventLog":[{"time":1702310885825,"type":"create node","value":10}],"isTextChangeable":1},{"id":"295ff709-feee-4092-bf29-cfc2d3699ab9","value":3,"text":"unrestricted access","comment":"","position":{"x":881,"y":638},"isActive":true,"date":1702310885825,"kind":"Node","isSelected":false,"isConnectorSelected":false,"isDraggable":1,"isDeletable":1,"hasElementMoved":false,"eventLog":[{"time":1702310885825,"type":"create node","value":3}],"isTextChangeable":1},{"id":"a854581f-f4bc-4bd0-be2d-f44fa82a9b85","value":-1,"text":"vulnerable to hackers","comment":"","position":{"x":235,"y":530},"isActive":true,"date":1702310885825,"kind":"Node","isSelected":false,"isConnectorSelected":false,"isDraggable":1,"isDeletable":1,"hasElementMoved":false,"eventLog":[{"time":1702310885825,"type":"create node","value":-1}],"isTextChangeable":1},{"id":"68ada329-df16-4da0-b21c-85036bd056d8","value":-2,"text":"risk of discrimination","comment":"","position":{"x":418,"y":588},"isActive":true,"date":1702310885825,"kind":"Node","isSelected":false,"isConnectorSelected":false,"isDraggable":1,"isDeletable":1,"hasElementMoved":false,"eventLog":[{"time":1702310885825,"type":"create node","value":-2}],"isTextChangeable":1},{"id":"85b191f9-ad64-4c76-8ba8-263c71a1f03d","value":3,"text":"speed and efficiency","comment":"","position":{"x":1043,"y":412},"isActive":true,"date":1702310885825,"kind":"Node","isSelected":false,"isConnectorSelected":false,"isDraggable":1,"isDeletable":1,"hasElementMoved":false,"eventLog":[{"time":1702310885825,"type":"create node","value":3}],"isTextChangeable":1},{"id":"1e5cc55b-3ff2-4635-a3db-256fd9b71c66","value":3,"text":"preservation of human life","comment":"","position":{"x":1044,"y":561},"isActive":true,"date":1702310885825,"kind":"Node","isSelected":false,"isConnectorSelected":false,"isDraggable":1,"isDeletable":1,"hasElementMoved":false,"eventLog":[{"time":1702310885825,"type":"create node","value":3}],"isTextChangeable":1},{"id":"edf46d19-775f-440a-8c53-8bd8493961f4","value":-1,"text":"high acquisition costs","comment":"","position":{"x":145,"y":372},"isActive":true,"date":1702310885825,"kind":"Node","isSelected":false,"isConnectorSelected":false,"isDraggable":1,"isDeletable":1,"hasElementMoved":false,"eventLog":[{"time":1702310885825,"type":"create node","value":-1}],"isTextChangeable":1},{"id":"f06a8681-d28f-4364-9570-174a0942d9a3","value":2,"text":"contentment","comment":"","position":{"x":823,"y":140},"isActive":true,"date":1702310885825,"kind":"Node","isSelected":false,"isConnectorSelected":false,"isDraggable":1,"isDeletable":1,"hasElementMoved":false,"eventLog":[{"time":1702310885825,"type":"create node","value":2}],"isTextChangeable":1},{"id":"005994f4-52c6-4b59-9399-087e9065c9aa","value":-2,"text":"lower precision","comment":"Due to the use of soft tissues","position":{"x":391,"y":156},"isActive":true,"date":1702310914978,"kind":"Node","isSelected":false,"isConnectorSelected":false,"isDraggable":1,"isDeletable":1,"hasElementMoved":false,"eventLog":[{"time":1702310914978,"type":"create node","value":"0"},{"time":1702310914997,"type":"selected","value":"TRUE"},{"time":1702310941088,"type":"text","value":"Geringere Präzision"},{"time":1702310941088,"type":"value","value":"-2"},{"time":1702310941088,"type":"comment","value":"Aufgrund der Verwendung von Weichteilen"},{"time":1702310941088,"type":"selected","value":"FALSE"}],"isTextChangeable":1}],"connectors":[{"id":"893490c2-41a0-49dc-89e3-fd36c4172446","source":"6c7c2871-d8f6-4567-9a03-aebd95867d26","target":"69f02684-2ff0-4807-9036-2741460f6775","agreement":false,"isActive":true,"date":1702310885826,"kind":"Connector","isSelected":false,"intensity":3,"isDeletable":false,"isOver":false,"isBidirectional":false,"eventLog":[{"time":1702310885826,"type":"create connection"}]},{"id":"924d647b-7780-478d-a9d0-8606dfc8b647","source":"6c7c2871-d8f6-4567-9a03-aebd95867d26","target":"a026e1be-06ab-4b66-9da0-f9a2320954d5","agreement":true,"isActive":true,"date":1702310885826,"kind":"Connector","isSelected":false,"intensity":6,"isDeletable":true,"isOver":false,"isBidirectional":false,"eventLog":[{"time":1702310885826,"type":"create connection"}]},{"id":"9f4f7764-2d0c-4a47-883a-29b6cbbd246b","source":"07f8e235-4a39-490e-b52d-c52775a42a7c","target":"a026e1be-06ab-4b66-9da0-f9a2320954d5","agreement":true,"isActive":true,"date":1702310885826,"kind":"Connector","isSelected":false,"intensity":6,"isDeletable":true,"isOver":false,"isBidirectional":false,"eventLog":[{"time":1702310885826,"type":"create connection"}]},{"id":"72fc2257-d254-4c95-9eaf-1485e5fd6d16","source":"e01bde2a-b34b-4408-b448-807a764ca348","target":"69f02684-2ff0-4807-9036-2741460f6775","agreement":true,"isActive":true,"date":1702310885826,"kind":"Connector","isSelected":false,"intensity":6,"isDeletable":true,"isOver":false,"isBidirectional":false,"eventLog":[{"time":1702310885826,"type":"create connection"}]},{"id":"61226171-9947-43a4-8730-12b3c6fad86e","source":"f1729aa3-8210-4f46-b417-4bec82b99c86","target":"69f02684-2ff0-4807-9036-2741460f6775","agreement":true,"isActive":true,"date":1702310885826,"kind":"Connector","isSelected":false,"intensity":3,"isDeletable":true,"isOver":false,"isBidirectional":false,"eventLog":[{"time":1702310885826,"type":"create connection"}]},{"id":"981fede6-d01c-49a3-9519-dde9208cda8c","source":"f1729aa3-8210-4f46-b417-4bec82b99c86","target":"a026e1be-06ab-4b66-9da0-f9a2320954d5","agreement":true,"isActive":true,"date":1702310885827,"kind":"Connector","isSelected":false,"intensity":3,"isDeletable":true,"isOver":false,"isBidirectional":false,"eventLog":[{"time":1702310885827,"type":"create connection"}]},{"id":"a65820d8-9eb6-4bf3-9658-39177ad5abdc","source":"295ff709-feee-4092-bf29-cfc2d3699ab9","target":"a026e1be-06ab-4b66-9da0-f9a2320954d5","agreement":true,"isActive":true,"date":1702310885827,"kind":"Connector","isSelected":false,"intensity":9,"isDeletable":true,"isOver":false,"isBidirectional":false,"eventLog":[{"time":1702310885827,"type":"create connection"}]},{"id":"9d1bae71-5f0f-4519-8337-400e06e99320","source":"a854581f-f4bc-4bd0-be2d-f44fa82a9b85","target":"69f02684-2ff0-4807-9036-2741460f6775","agreement":true,"isActive":true,"date":1702310885827,"kind":"Connector","isSelected":false,"intensity":3,"isDeletable":true,"isOver":false,"isBidirectional":false,"eventLog":[{"time":1702310885827,"type":"create connection"}]},{"id":"e804330e-948c-499d-a591-99a6959cb550","source":"68ada329-df16-4da0-b21c-85036bd056d8","target":"69f02684-2ff0-4807-9036-2741460f6775","agreement":true,"isActive":true,"date":1702310885827,"kind":"Connector","isSelected":false,"intensity":6,"isDeletable":true,"isOver":false,"isBidirectional":false,"eventLog":[{"time":1702310885827,"type":"create connection"}]},{"id":"1f5cd2ec-27da-4214-9a4c-c44e7f6afa4b","source":"85b191f9-ad64-4c76-8ba8-263c71a1f03d","target":"a026e1be-06ab-4b66-9da0-f9a2320954d5","agreement":true,"isActive":true,"date":1702310885827,"kind":"Connector","isSelected":false,"intensity":9,"isDeletable":true,"isOver":false,"isBidirectional":false,"eventLog":[{"time":1702310885827,"type":"create connection"}]},{"id":"f2751e31-64f4-4f76-9118-3b2672e41c05","source":"1e5cc55b-3ff2-4635-a3db-256fd9b71c66","target":"a026e1be-06ab-4b66-9da0-f9a2320954d5","agreement":true,"isActive":true,"date":1702310885827,"kind":"Connector","isSelected":false,"intensity":9,"isDeletable":true,"isOver":false,"isBidirectional":false,"eventLog":[{"time":1702310885827,"type":"create connection"}]},{"id":"b3f6d9ad-c796-4ca0-965a-3584590b7291","source":"edf46d19-775f-440a-8c53-8bd8493961f4","target":"69f02684-2ff0-4807-9036-2741460f6775","agreement":true,"isActive":true,"date":1702310885827,"kind":"Connector","isSelected":false,"intensity":3,"isDeletable":true,"isOver":false,"isBidirectional":false,"eventLog":[{"time":1702310885827,"type":"create connection"}]},{"id":"9f7fd0f8-a0c7-4396-bd0d-932a055af939","source":"f06a8681-d28f-4364-9570-174a0942d9a3","target":"a026e1be-06ab-4b66-9da0-f9a2320954d5","agreement":true,"isActive":true,"date":1702310885828,"kind":"Connector","isSelected":false,"intensity":6,"isDeletable":true,"isOver":false,"isBidirectional":false,"eventLog":[{"time":1702310885828,"type":"create connection"}]},{"id":"74dd12a6-556c-4476-a47d-c605da2c3e12","source":"005994f4-52c6-4b59-9399-087e9065c9aa","target":"69f02684-2ff0-4807-9036-2741460f6775","agreement":true,"isActive":true,"date":1702310943384,"kind":"Connector","isSelected":false,"intensity":6,"isDeletable":true,"isOver":false,"isBidirectional":false,"eventLog":[{"time":1702310943384,"type":"create connection"},{"time":1702310944477,"type":"selected","value":1},{"time":1702310946506,"type":"change intensity of connector","value":6},{"time":1702310946506,"type":"selected","value":0}]}],"currentID":{},"currentNode":{},"hasSelectedNode":[false],"currentConnector":{},"hasSelectedConnector":[false],"readyToMove":[false],"isIncoming":[false],"hasElementMoved":[false]}
