{"idCAM":["9ce5ea53-8f39-4144-bf3a-153e6745bb2b"],"creator":["655b4ea3ab2c763e739cb199_pre"],"projectCAM":["S2_CAM part 1"],"defocusCAM":[],"date":[1702312082608],"nodes":[{"id":"98a2f7a4-8c18-441e-a1de-828a16898cd9","value":10,"text":"social assistance robot","comment":"","position":{"x":650,"y":400},"isActive":true,"date":1702312083518,"kind":"Node","isSelected":false,"isConnectorSelected":false,"isDraggable":0,"isDeletable":0,"hasElementMoved":false,"eventLog":[{"time":1702312083518,"type":"create node","value":0},{"time":1702312112039,"type":"selected","value":1},{"time":1702312117030,"type":"value","value":2},{"time":1702312117030,"type":"selected","value":0},{"time":1702312758914,"type":"selected","value":1},{"time":1702312763377,"type":"value","value":10},{"time":1702312763377,"type":"selected","value":0}],"isTextChangeable":0},{"id":"e97fb4f2-379c-435b-a2e6-b5e43179f68a","value":-1,"text":"disadvantages","comment":"","position":{"x":450,"y":400},"isActive":true,"date":1702312083518,"kind":"Node","isSelected":false,"isConnectorSelected":false,"isDraggable":0,"isDeletable":0,"hasElementMoved":false,"eventLog":[{"time":"1702312083518","type":"create node","value":[0]},{"time":"1702312121560","type":"selected","value":[true]},{"time":"1702312124483","type":"value","value":[-1]},{"time":"1702312124483","type":"selected","value":[false]},{"time":"1702312313681","type":"selected","value":[true]},{"time":"1702312315099","type":"selected","value":[false]},{"time":"2023-12-11T16:35:39.200Z","type":"position","value":{"x":[456.5455],"y":[413.2727]}}],"isTextChangeable":0},{"id":"9eb627d3-8a3f-4fe1-9bc4-6f7cb1f0bcca","value":1,"text":"advantages","comment":"","position":{"x":850,"y":400},"isActive":true,"date":1702312083518,"kind":"Node","isSelected":false,"isConnectorSelected":false,"isDraggable":0,"isDeletable":0,"hasElementMoved":false,"eventLog":[{"time":"1702312083518","type":"create node","value":[0]},{"time":"1702312125252","type":"selected","value":[true]},{"time":"1702312126572","type":"value","value":[1]},{"time":"1702312126572","type":"selected","value":[false]},{"time":"2023-12-11T16:35:08.502Z","type":"position","value":{"x":[854.5455],"y":[403.2727]}}],"isTextChangeable":0},{"id":"6d5eb5b7-b470-4cc2-b4a4-527f9a6f5529","value":2,"text":"versatile","comment":"","position":{"x":872.5455,"y":259.2727},"isActive":true,"date":1702312144680,"kind":"Node","isSelected":false,"isConnectorSelected":false,"isDraggable":1,"isDeletable":1,"hasElementMoved":false,"eventLog":[{"time":"1702312144680","type":"create node","value":[0]},{"time":"1702312151450","type":"selected","value":[true]},{"time":"1702312163491","type":"text","value":["vielfältig einsetzbar"]},{"time":"1702312163491","type":"value","value":[2]},{"time":"1702312163491","type":"selected","value":[false]},{"time":"2023-12-11T16:29:24.048Z","type":"position","value":{"x":[866.5455],"y":[298.2727]}},{"time":"2023-12-11T16:33:58.525Z","type":"position","value":{"x":[831.5455],"y":[257.2727]}}],"isTextChangeable":1},{"id":"9c6ad375-e152-468d-9e46-af36ab37e4f4","value":-3,"text":"data protection","comment":"How does data protection work?","position":{"x":540.6667,"y":263.3333},"isActive":true,"date":1702312171298,"kind":"Node","isSelected":false,"isConnectorSelected":false,"isDraggable":1,"isDeletable":1,"hasElementMoved":false,"eventLog":[{"time":"1702312171298","type":"create node","value":[0]},{"time":"1702312171397","type":"selected","value":[true]},{"time":"1702312181522","type":"text","value":["Datenschutz"]},{"time":"1702312181522","type":"value","value":[-3]},{"time":"1702312181522","type":"selected","value":[false]},{"time":"2023-12-11T16:39:04.220Z","type":"position","value":{"x":[417.6667],"y":[267.3333]}},{"time":"1702312748086","type":"selected","value":[true]},{"time":"1702312758208","type":"comment","value":["Wie funktioniert der Datenschutz?"]},{"time":"1702312758208","type":"selected","value":[false]},{"time":"2023-12-11T16:42:41.005Z","type":"position","value":{"x":[469.6667],"y":[265.3333]}}],"isTextChangeable":1},{"id":"2df9997f-c582-4a14-b68a-30731ccce3c6","value":0,"text":"Gfühle, Empathie usw.","comment":"Sämtliche ","position":{"x":413.5455,"y":501.2727},"isActive":false,"date":1702312188571,"kind":"Node","isSelected":false,"isConnectorSelected":false,"isDraggable":1,"isDeletable":1,"hasElementMoved":false,"eventLog":[{"time":1702312188571,"type":"create node","value":0},{"time":1702312190517,"type":"selected","value":1},{"time":1702312228352,"type":"node was deleted","value":-77}],"isTextChangeable":1},{"id":"96980a92-2733-4482-816a-452f6ee65f15","value":2,"text":"individually customizable","comment":"","position":{"x":997.5455,"y":208.2727},"isActive":true,"date":1702312229875,"kind":"Node","isSelected":false,"isConnectorSelected":false,"isDraggable":1,"isDeletable":1,"hasElementMoved":false,"eventLog":[{"time":"1702312229875","type":"create node","value":[0]},{"time":"2023-12-11T16:31:51.558Z","type":"position","value":{"x":[359.5455],"y":[541.2727]}},{"time":"2023-12-11T16:31:51.637Z","type":"position","value":{"x":[510.5455],"y":[551.2727]}},{"time":"2023-12-11T16:31:57.265Z","type":"position","value":{"x":[615.5455],"y":[526.2727]}},{"time":"2023-12-11T16:31:57.377Z","type":"position","value":{"x":[769.5455],"y":[531.2727]}},{"time":"2023-12-11T16:31:57.703Z","type":"position","value":{"x":[920.5455],"y":[518.2727]}},{"time":"2023-12-11T16:32:02.276Z","type":"position","value":{"x":[929.5455],"y":[516.2727]}},{"time":"2023-12-11T16:32:08.320Z","type":"position","value":{"x":[893.5455],"y":[527.2727]}},{"time":"2023-12-11T16:32:08.544Z","type":"position","value":{"x":[1010.5455],"y":[377.2727]}},{"time":"2023-12-11T16:33:42.405Z","type":"position","value":{"x":[989.5455],"y":[327.2727]}},{"time":"1702312423917","type":"selected","value":[true]},{"time":"1702312436322","type":"text","value":["individuell anpassbar"]},{"time":"1702312436322","type":"value","value":[2]},{"time":"1702312436322","type":"selected","value":[false]},{"time":"2023-12-11T16:33:56.862Z","type":"position","value":{"x":[1003.5455],"y":[339.2727]}},{"time":"2023-12-11T16:33:57.020Z","type":"position","value":{"x":[954.5455],"y":[187.2727]}}],"isTextChangeable":1},{"id":"b8e7427c-3995-4110-8c11-65feac262c2b","value":-2,"text":"intuition is missing","comment":"all skills are programmed and therefore based on a database. Human intuition etc. are not possible","position":{"x":444.6667,"y":663.3333},"isActive":true,"date":1702312230632,"kind":"Node","isSelected":false,"isConnectorSelected":false,"isDraggable":1,"isDeletable":1,"hasElementMoved":false,"eventLog":[{"time":"1702312230632","type":"create node","value":[0]},{"time":"1702312232102","type":"selected","value":[true]},{"time":"1702312309004","type":"text","value":["Intuition"]},{"time":"1702312309004","type":"value","value":[-2]},{"time":"1702312309004","type":"comment","value":["sämtliche Fähigkeiten sind programmiert und beruhen damit auf einer Datenbank. Menschliche Intuition etc. sind nicht möglich"]},{"time":"1702312309004","type":"selected","value":[false]},{"time":"2023-12-11T16:31:49.978Z","type":"position","value":{"x":[433.5455],"y":[521.2727]}},{"time":"2023-12-11T16:35:25.405Z","type":"position","value":{"x":[418.5455],"y":[530.2727]}},{"time":"2023-12-11T16:35:52.098Z","type":"position","value":{"x":[538.5455],"y":[536.2727]}},{"time":"1702312724353","type":"selected","value":[true]},{"time":"1702312729149","type":"text","value":["Intuition fehlt"]},{"time":"1702312729149","type":"selected","value":[false]},{"time":"2023-12-11T16:39:28.273Z","type":"position","value":{"x":[547.6667],"y":[559.3333]}},{"time":"2023-12-11T16:42:32.933Z","type":"position","value":{"x":[543.6667],"y":[603.3333]}},{"time":"2023-12-11T16:42:33.361Z","type":"position","value":{"x":[393.6667],"y":[674.3333]}},{"time":"2023-12-11T16:42:43.707Z","type":"position","value":{"x":[424.6667],"y":[659.3333]}}],"isTextChangeable":1},{"id":"85720146-fc3a-4077-853c-54ca5d59258d","value":-3,"text":"costs","comment":"","position":{"x":294.5455,"y":404.2727},"isActive":true,"date":1702312337377,"kind":"Node","isSelected":false,"isConnectorSelected":false,"isDraggable":1,"isDeletable":1,"hasElementMoved":false,"eventLog":[{"time":"1702312337377","type":"create node","value":[0]},{"time":"1702312338223","type":"selected","value":[true]},{"time":"1702312379451","type":"text","value":["Kosten"]},{"time":"1702312379451","type":"value","value":[-3]},{"time":"1702312379451","type":"selected","value":[false]},{"time":"2023-12-11T16:32:59.719Z","type":"position","value":{"x":[231.5455],"y":[386.2727]}},{"time":"2023-12-11T16:33:31.256Z","type":"position","value":{"x":[240.5455],"y":[402.2727]}},{"time":"2023-12-11T16:33:37.125Z","type":"position","value":{"x":[284.5455],"y":[400.2727]}}],"isTextChangeable":1},{"id":"39cd1acc-3cb0-49f8-aeff-7768badecc28","value":-2,"text":"marketability","comment":"","position":{"x":189.5455,"y":320.2727},"isActive":true,"date":1702312383103,"kind":"Node","isSelected":false,"isConnectorSelected":false,"isDraggable":1,"isDeletable":1,"hasElementMoved":false,"eventLog":[{"time":1702312383103,"type":"create node","value":"0"},{"time":1702312384035,"type":"selected","value":"TRUE"},{"time":1702312393478,"type":"text","value":"Marktfähigkeit"},{"time":1702312393478,"type":"value","value":"-2"},{"time":1702312393478,"type":"selected","value":"FALSE"}],"isTextChangeable":1},{"id":"f235214a-2fde-4b0f-a4e3-a7d308b748b6","value":-2,"text":"maintenance & Co.","comment":"","position":{"x":107.5455,"y":427.2727},"isActive":true,"date":1702312399483,"kind":"Node","isSelected":false,"isConnectorSelected":false,"isDraggable":1,"isDeletable":1,"hasElementMoved":false,"eventLog":[{"time":"1702312399483","type":"create node","value":[0]},{"time":"1702312399638","type":"selected","value":[true]},{"time":"1702312409399","type":"text","value":["Wartung & Co."]},{"time":"1702312409399","type":"value","value":[-2]},{"time":"1702312409399","type":"selected","value":[false]},{"time":"2023-12-11T16:33:29.807Z","type":"position","value":{"x":[135.5455],"y":[435.2727]}},{"time":"2023-12-11T16:33:35.549Z","type":"position","value":{"x":[164.5455],"y":[428.2727]}}],"isTextChangeable":1},{"id":"02697782-f61f-47d0-8496-6f470d2fa299","value":-1,"text":"jobs","comment":"possible loss of jobs if people are replaced by robots","position":{"x":643.6667,"y":552.3333},"isActive":true,"date":1702312418692,"kind":"Node","isSelected":false,"isConnectorSelected":false,"isDraggable":1,"isDeletable":1,"hasElementMoved":false,"eventLog":[{"time":"1702312418692","type":"create node","value":[0]},{"time":"2023-12-11T16:35:48.363Z","type":"position","value":{"x":[646.5455],"y":[558.2727]}},{"time":"2023-12-11T16:35:48.527Z","type":"position","value":{"x":[797.5455],"y":[570.2727]}},{"time":"2023-12-11T16:35:57.565Z","type":"position","value":{"x":[900.5455],"y":[561.2727]}},{"time":"2023-12-11T16:36:03.056Z","type":"position","value":{"x":[984.5455],"y":[571.2727]}},{"time":"2023-12-11T16:36:05.676Z","type":"position","value":{"x":[1001.5455],"y":[562.2727]}},{"time":"2023-12-11T16:36:07.325Z","type":"position","value":{"x":[851.5455],"y":[562.2727]}},{"time":"2023-12-11T16:36:11.702Z","type":"position","value":{"x":[878.5455],"y":[531.2727]}},{"time":"2023-12-11T16:36:11.853Z","type":"position","value":{"x":[1032.5455],"y":[490.2727]}},{"time":"2023-12-11T16:36:12.017Z","type":"position","value":{"x":[1154.5455],"y":[379.2727]}},{"time":"2023-12-11T16:36:22.844Z","type":"position","value":{"x":[1165.5455],"y":[269.2727]}},{"time":"2023-12-11T16:36:33.149Z","type":"position","value":{"x":[1157.5455],"y":[314.2727]}},{"time":"2023-12-11T16:36:33.228Z","type":"position","value":{"x":[987.5455],"y":[393.2727]}},{"time":"2023-12-11T16:36:33.253Z","type":"position","value":{"x":[832.5455],"y":[434.2727]}},{"time":"2023-12-11T16:36:33.277Z","type":"position","value":{"x":[658.5455],"y":[468.2727]}},{"time":"2023-12-11T16:36:33.295Z","type":"position","value":{"x":[496.5455],"y":[501.2727]}},{"time":"2023-12-11T16:36:33.313Z","type":"position","value":{"x":[318.5455],"y":[541.2727]}},{"time":"2023-12-11T16:36:33.344Z","type":"position","value":{"x":[148.5455],"y":[577.2727]}},{"time":"1702312597227","type":"selected","value":[true]},{"time":"1702312605963","type":"text","value":["Arbeitsplätze"]},{"time":"1702312605963","type":"value","value":[-1]},{"time":"1702312605963","type":"selected","value":[false]},{"time":"1702312608867","type":"selected","value":[true]},{"time":"1702312626560","type":"comment","value":["evtl. Verlust durch Arbeitsplätze, wenn Menschen durch Roboter ersetzt werden"]},{"time":"1702312626560","type":"selected","value":[false]},{"time":"2023-12-11T16:37:07.248Z","type":"position","value":{"x":[160.5455],"y":[537.2727]}},{"time":"2023-12-11T16:37:07.346Z","type":"position","value":{"x":[317.5455],"y":[542.2727]}},{"time":"2023-12-11T16:37:07.413Z","type":"position","value":{"x":[474.5455],"y":[524.2727]}},{"time":"2023-12-11T16:37:07.601Z","type":"position","value":{"x":[624.5455],"y":[521.2727]}},{"time":"2023-12-11T16:37:07.855Z","type":"position","value":{"x":[469.5455],"y":[593.2727]}},{"time":"2023-12-11T16:37:08.449Z","type":"position","value":{"x":[319.5455],"y":[676.2727]}},{"time":"1702312661267","type":"selected","value":[true]},{"time":"1702312663722","type":"selected","value":[false]},{"time":"2023-12-11T16:38:43.340Z","type":"position","value":{"x":[333.5455],"y":[661.2727]}},{"time":"2023-12-11T16:42:44.723Z","type":"position","value":{"x":[218.6667],"y":[610.3333]}},{"time":"2023-12-11T16:42:52.438Z","type":"position","value":{"x":[240.6667],"y":[545.3333]}},{"time":"2023-12-11T16:42:53.142Z","type":"position","value":{"x":[402.6667],"y":[475.3333]}},{"time":"2023-12-11T16:42:53.214Z","type":"position","value":{"x":[555.6667],"y":[465.3333]}}],"isTextChangeable":1},{"id":"0e628fd5-67fe-4fc1-82a4-c7de1c26b2ab","value":3,"text":"data storage","comment":"Data storage allows diverse knowledge, which is usually only limitedly possible for a human.","position":{"x":1031.5455,"y":399.2727},"isActive":true,"date":1702312462863,"kind":"Node","isSelected":false,"isConnectorSelected":false,"isDraggable":1,"isDeletable":1,"hasElementMoved":false,"eventLog":[{"time":"1702312462863","type":"create node","value":[0]},{"time":"1702312467470","type":"selected","value":[true]},{"time":"1702312502588","type":"text","value":["Datenspeicher"]},{"time":"1702312502588","type":"comment","value":["Datenspeicher erlaubt vielfältiges Wissen, was einem Menschen i.d.R. nur bedingt möglich ist"]},{"time":"1702312502588","type":"selected","value":[false]},{"time":"1702312503475","type":"selected","value":[true]},{"time":"1702312505612","type":"value","value":[3]},{"time":"1702312505612","type":"selected","value":[false]},{"time":"2023-12-11T16:35:07.014Z","type":"position","value":{"x":[790.5455],"y":[192.2727]}},{"time":"2023-12-11T16:35:07.104Z","type":"position","value":{"x":[944.5455],"y":[332.2727]}},{"time":"2023-12-11T16:35:07.110Z","type":"position","value":{"x":[964.5455],"y":[346.2727]}}],"isTextChangeable":1},{"id":"c01ccf4c-f864-4fc4-b3d7-286178e7c4a3","value":-3,"text":"human component","comment":"","position":{"x":435.6667,"y":528.3333},"isActive":true,"date":1702312527183,"kind":"Node","isSelected":false,"isConnectorSelected":false,"isDraggable":1,"isDeletable":1,"hasElementMoved":false,"eventLog":[{"time":"1702312527183","type":"create node","value":[0]},{"time":"1702312528112","type":"selected","value":[true]},{"time":"1702312538502","type":"text","value":["menschliche Komponente"]},{"time":"1702312538502","type":"value","value":[-3]},{"time":"1702312538502","type":"selected","value":[false]},{"time":"2023-12-11T16:35:41.452Z","type":"position","value":{"x":[339.5455],"y":[566.2727]}},{"time":"2023-12-11T16:42:42.697Z","type":"position","value":{"x":[415.6667],"y":[527.3333]}}],"isTextChangeable":1},{"id":"14d862e2-627d-439d-b799-9a052ac513e0","value":3,"text":"human component","comment":"People cannot be replaced by robots, because robots only have programmed knowledge, but no feelings","position":{"x":850.5455,"y":552.2727},"isActive":true,"date":1702312631348,"kind":"Node","isSelected":false,"isConnectorSelected":false,"isDraggable":1,"isDeletable":1,"hasElementMoved":false,"eventLog":[{"time":"1702312631348","type":"create node","value":[0]},{"time":"1702312632272","type":"selected","value":[true]},{"time":"1702312641851","type":"text","value":["menschliche Komponente"]},{"time":"1702312641851","type":"value","value":[3]},{"time":"1702312641851","type":"selected","value":[false]},{"time":"2023-12-11T16:37:22.622Z","type":"position","value":{"x":[808.5455],"y":[587.2727]}},{"time":"1702312664484","type":"selected","value":[true]},{"time":"1702312696473","type":"comment","value":["Menschen können nicht durch Roboter ersetz werden, da Roboter nur ein programmiertes Wissen haben, aber keine Gefühle"]},{"time":"1702312696473","type":"selected","value":[false]},{"time":"2023-12-11T16:38:53.249Z","type":"position","value":{"x":[844.5455],"y":[544.2727]}}],"isTextChangeable":1},{"id":"e0e09d45-57b4-4740-8573-9568965c417a","value":0,"text":"","comment":"","position":{"x":1151.6667,"y":302.3333},"isActive":false,"date":1702312769460,"kind":"Node","isSelected":false,"isConnectorSelected":false,"isDraggable":1,"isDeletable":1,"hasElementMoved":false,"eventLog":[{"time":"1702312769460","type":"create node","value":[0]},{"time":"2023-12-11T16:39:36.056Z","type":"position","value":{"x":[658.6667],"y":[580.3333]}},{"time":"2023-12-11T16:39:36.463Z","type":"position","value":{"x":[812.6667],"y":[661.3333]}},{"time":"2023-12-11T16:39:36.729Z","type":"position","value":{"x":[962.6667],"y":[607.3333]}},{"time":"2023-12-11T16:39:37.044Z","type":"position","value":{"x":[800.6667],"y":[505.3333]}},{"time":"2023-12-11T16:39:37.208Z","type":"position","value":{"x":[650.6667],"y":[462.3333]}},{"time":"2023-12-11T16:39:37.275Z","type":"position","value":{"x":[634.6667],"y":[429.3333]}},{"time":"2023-12-11T16:39:37.778Z","type":"position","value":{"x":[636.6667],"y":[279.3333]}},{"time":"2023-12-11T16:39:38.141Z","type":"position","value":{"x":[806.6667],"y":[379.3333]}},{"time":"2023-12-11T16:39:38.172Z","type":"position","value":{"x":[902.6667],"y":[429.3333]}},{"time":"2023-12-11T16:39:38.196Z","type":"position","value":{"x":[964.6667],"y":[458.3333]}},{"time":"2023-12-11T16:39:38.590Z","type":"position","value":{"x":[814.6667],"y":[327.3333]}},{"time":"2023-12-11T16:39:39.087Z","type":"position","value":{"x":[716.6667],"y":[279.3333]}},{"time":"2023-12-11T16:39:40.736Z","type":"position","value":{"x":[966.6667],"y":[318.3333]}},{"time":"2023-12-11T16:39:40.766Z","type":"position","value":{"x":[1127.6667],"y":[325.3333]}},{"time":"2023-12-11T16:39:45.216Z","type":"position","value":{"x":[1127.6667],"y":[429.3333]}},{"time":"1702312814801","type":"selected","value":[true]},{"time":"1702312815568","type":"node was deleted","value":[-99]}],"isTextChangeable":1},{"id":"d515dbc9-20d4-4f8a-82e9-bfe4b0340027","value":-1,"text":"logistics","comment":"Where are the assistant robots stored? Repair? Etc.","position":{"x":346.6667,"y":245.3333},"isActive":true,"date":1702312775081,"kind":"Node","isSelected":false,"isConnectorSelected":false,"isDraggable":1,"isDeletable":1,"hasElementMoved":false,"eventLog":[{"time":"1702312775081","type":"create node","value":[0]},{"time":"2023-12-11T16:39:57.255Z","type":"position","value":{"x":[988.6667],"y":[576.3333]}},{"time":"2023-12-11T16:39:57.358Z","type":"position","value":{"x":[834.6667],"y":[569.3333]}},{"time":"2023-12-11T16:39:57.389Z","type":"position","value":{"x":[682.6667],"y":[562.3333]}},{"time":"2023-12-11T16:39:57.419Z","type":"position","value":{"x":[498.6667],"y":[555.3333]}},{"time":"2023-12-11T16:39:57.449Z","type":"position","value":{"x":[338.6667],"y":[542.3333]}},{"time":"2023-12-11T16:39:57.498Z","type":"position","value":{"x":[186.6667],"y":[527.3333]}},{"time":"2023-12-11T16:39:58.228Z","type":"position","value":{"x":[227.6667],"y":[424.3333]}},{"time":"2023-12-11T16:39:58.280Z","type":"position","value":{"x":[290.6667],"y":[269.3333]}},{"time":"1702312801858","type":"selected","value":[true]},{"time":"1702312813108","type":"selected","value":[false]},{"time":"1702312816381","type":"selected","value":[true]},{"time":"1702312870513","type":"text","value":["Logistik"]},{"time":"1702312870513","type":"value","value":[-1]},{"time":"1702312870513","type":"comment","value":["Wo werden die Assistenzroboter aufbewahrt? Reparatur? Etc."]},{"time":"1702312870513","type":"selected","value":[false]},{"time":"2023-12-11T16:42:57.186Z","type":"position","value":{"x":[324.6667],"y":[207.3333]}}],"isTextChangeable":1},{"id":"637059b9-bc67-4562-8eeb-e44e5ecfa902","value":3,"text":"lack of skilled staff","comment":"Shortage can be compensated by robots","position":{"x":736.6667,"y":173.3333},"isActive":true,"date":1702312872230,"kind":"Node","isSelected":false,"isConnectorSelected":false,"isDraggable":1,"isDeletable":1,"hasElementMoved":false,"eventLog":[{"time":"1702312872230","type":"create node","value":[0]},{"time":"2023-12-11T16:41:13.355Z","type":"position","value":{"x":[617.6667],"y":[321.3333]}},{"time":"2023-12-11T16:41:14.749Z","type":"position","value":{"x":[613.6667],"y":[314.3333]}},{"time":"2023-12-11T16:41:14.820Z","type":"position","value":{"x":[764.6667],"y":[393.3333]}},{"time":"2023-12-11T16:41:14.868Z","type":"position","value":{"x":[922.6667],"y":[464.3333]}},{"time":"1702312877672","type":"selected","value":[true]},{"time":"1702312907575","type":"text","value":["Mangel an Fachpersonal"]},{"time":"1702312907575","type":"value","value":[3]},{"time":"1702312907575","type":"comment","value":["Mangel kann durch Roboter ausgeglichen werden"]},{"time":"1702312907575","type":"selected","value":[false]},{"time":"2023-12-11T16:41:48.150Z","type":"position","value":{"x":[1015.6667],"y":[509.3333]}},{"time":"2023-12-11T16:41:48.258Z","type":"position","value":{"x":[863.6667],"y":[345.3333]}},{"time":"2023-12-11T16:41:48.525Z","type":"position","value":{"x":[744.6667],"y":[195.3333]}}],"isTextChangeable":1},{"id":"15c179b3-267a-45a8-9be8-0e6cc9eab672","value":1,"text":"shorter waiting times","comment":"e.g. for a therapy","position":{"x":894.6667,"y":93.3333},"isActive":true,"date":1702312917254,"kind":"Node","isSelected":false,"isConnectorSelected":false,"isDraggable":1,"isDeletable":1,"hasElementMoved":false,"eventLog":[{"time":"1702312917254","type":"create node","value":[0]},{"time":"1702312917992","type":"selected","value":[true]},{"time":"1702312932193","type":"text","value":["geringer Wartezeiten"]},{"time":"1702312932193","type":"value","value":[1]},{"time":"1702312932193","type":"comment","value":["z.B. für eine Therapie"]},{"time":"1702312932193","type":"selected","value":[false]},{"time":"2023-12-11T16:42:14.644Z","type":"position","value":{"x":[825.6667],"y":[92.3333]}}],"isTextChangeable":1},{"id":"50e6a814-3aae-49ba-8608-eec36ec8c630","value":0,"text":"","comment":"","position":{"x":294.6667,"y":438.3333},"isActive":false,"date":1702312978248,"kind":"Node","isSelected":false,"isConnectorSelected":false,"isDraggable":1,"isDeletable":1,"hasElementMoved":false,"eventLog":[{"time":1702312978248,"type":"create node","value":0},{"time":1702312982840,"type":"selected","value":1},{"time":1702312990334,"type":"node was deleted","value":-99}],"isTextChangeable":1}],"connectors":[{"id":"4e33b187-c566-4f29-9d67-61bc6b56021f","source":"98a2f7a4-8c18-441e-a1de-828a16898cd9","target":"e97fb4f2-379c-435b-a2e6-b5e43179f68a","agreement":true,"isActive":true,"date":1702312083518,"kind":"Connector","isSelected":false,"intensity":3,"isDeletable":false,"isOver":false,"isBidirectional":false,"eventLog":[{"time":1702312083518,"type":"create connection"},{"time":1702312135947,"type":"selected","value":1},{"time":1702312138151,"type":"change intensity of connector","value":3},{"time":1702312138151,"type":"selected","value":0}]},{"id":"b71cd563-f137-434e-adbc-f7cbf072dbdc","source":"98a2f7a4-8c18-441e-a1de-828a16898cd9","target":"9eb627d3-8a3f-4fe1-9bc4-6f7cb1f0bcca","agreement":true,"isActive":true,"date":1702312083518,"kind":"Connector","isSelected":false,"intensity":3,"isDeletable":true,"isOver":false,"isBidirectional":false,"eventLog":[{"time":1702312083519,"type":"create connection"},{"time":1702312133272,"type":"selected","value":1},{"time":1702312135012,"type":"change intensity of connector","value":3},{"time":1702312135012,"type":"selected","value":0}]},{"id":"ec7e1b39-e235-4fd7-afd7-483ff47929bd","source":"b8e7427c-3995-4110-8c11-65feac262c2b","target":"e97fb4f2-379c-435b-a2e6-b5e43179f68a","agreement":true,"isActive":false,"date":1702312313459,"kind":"Connector","isSelected":false,"intensity":3,"isDeletable":true,"isOver":false,"isBidirectional":false,"eventLog":[{"time":1702312313459,"type":"create connection"},{"time":1702312545085,"type":"selected","value":1},{"time":1702312546440,"type":"connector was deleted","value":-99},{"time":1702312546440,"type":"active","value":0}]},{"id":"55a20744-1047-4011-9220-44f367ae32c3","source":"e97fb4f2-379c-435b-a2e6-b5e43179f68a","target":"9c6ad375-e152-468d-9e46-af36ab37e4f4","agreement":true,"isActive":true,"date":1702312315865,"kind":"Connector","isSelected":false,"intensity":3,"isDeletable":true,"isOver":false,"isBidirectional":false,"eventLog":[{"time":1702312315865,"type":"create connection"}]},{"id":"9282afbf-fc2a-48d9-bd2e-76ba9bfb3e40","source":"9eb627d3-8a3f-4fe1-9bc4-6f7cb1f0bcca","target":"6d5eb5b7-b470-4cc2-b4a4-527f9a6f5529","agreement":true,"isActive":true,"date":1702312318950,"kind":"Connector","isSelected":false,"intensity":3,"isDeletable":true,"isOver":false,"isBidirectional":false,"eventLog":[{"time":1702312318950,"type":"create connection"}]},{"id":"48ca2006-9964-417b-bbe0-7c466ccfdc8a","source":"e97fb4f2-379c-435b-a2e6-b5e43179f68a","target":"85720146-fc3a-4077-853c-54ca5d59258d","agreement":true,"isActive":true,"date":1702312381581,"kind":"Connector","isSelected":false,"intensity":3,"isDeletable":true,"isOver":false,"isBidirectional":false,"eventLog":[{"time":1702312381582,"type":"create connection"}]},{"id":"31078663-d0d5-40ce-99bb-5e19ef8de950","source":"85720146-fc3a-4077-853c-54ca5d59258d","target":"39cd1acc-3cb0-49f8-aeff-7768badecc28","agreement":true,"isActive":true,"date":1702312394318,"kind":"Connector","isSelected":false,"intensity":6,"isDeletable":true,"isOver":false,"isBidirectional":false,"eventLog":[{"time":1702312394318,"type":"create connection"},{"time":1702312395922,"type":"selected","value":1},{"time":1702312398170,"type":"change intensity of connector","value":6},{"time":1702312398170,"type":"selected","value":0}]},{"id":"d3156469-9a09-4243-b7a3-5585e204d8b2","source":"f235214a-2fde-4b0f-a4e3-a7d308b748b6","target":"85720146-fc3a-4077-853c-54ca5d59258d","agreement":true,"isActive":true,"date":1702312412509,"kind":"Connector","isSelected":false,"intensity":6,"isDeletable":true,"isOver":false,"isBidirectional":false,"eventLog":[{"time":1702312412510,"type":"create connection"},{"time":1702312413676,"type":"selected","value":1},{"time":1702312414886,"type":"change intensity of connector","value":6},{"time":1702312414886,"type":"selected","value":0}]},{"id":"0d722396-3210-4e24-a69c-7b6af360ae04","source":"6d5eb5b7-b470-4cc2-b4a4-527f9a6f5529","target":"96980a92-2733-4482-816a-452f6ee65f15","agreement":true,"isActive":true,"date":1702312439401,"kind":"Connector","isSelected":false,"intensity":6,"isDeletable":true,"isOver":false,"isBidirectional":false,"eventLog":[{"time":1702312439402,"type":"create connection"},{"time":1702312441518,"type":"selected","value":1},{"time":1702312443694,"type":"change intensity of connector","value":6},{"time":1702312443694,"type":"selected","value":0}]},{"id":"b559c2ad-7ff9-4739-8fa7-979532bf0e43","source":"0e628fd5-67fe-4fc1-82a4-c7de1c26b2ab","target":"9eb627d3-8a3f-4fe1-9bc4-6f7cb1f0bcca","agreement":true,"isActive":true,"date":1702312509325,"kind":"Connector","isSelected":false,"intensity":3,"isDeletable":true,"isOver":false,"isBidirectional":false,"eventLog":[{"time":1702312509325,"type":"create connection"}]},{"id":"01182817-8ae5-4af7-83ef-cc7b6500cfa9","source":"6d5eb5b7-b470-4cc2-b4a4-527f9a6f5529","target":"0e628fd5-67fe-4fc1-82a4-c7de1c26b2ab","agreement":true,"isActive":true,"date":1702312510471,"kind":"Connector","isSelected":false,"intensity":9,"isDeletable":true,"isOver":false,"isBidirectional":false,"eventLog":[{"time":1702312510471,"type":"create connection"},{"time":1702312511685,"type":"selected","value":1},{"time":1702312516099,"type":"change intensity of connector","value":9},{"time":1702312516099,"type":"selected","value":0},{"time":1702312576156,"type":"selected","value":1},{"time":1702312580801,"type":"change intensity of connector","value":9},{"time":1702312580801,"type":"selected","value":0}]},{"id":"c50f8d6c-e76e-437b-be14-9533468a27b7","source":"0e628fd5-67fe-4fc1-82a4-c7de1c26b2ab","target":"96980a92-2733-4482-816a-452f6ee65f15","agreement":true,"isActive":true,"date":1702312517223,"kind":"Connector","isSelected":false,"intensity":9,"isDeletable":true,"isOver":false,"isBidirectional":false,"eventLog":[{"time":1702312517223,"type":"create connection"},{"time":1702312518224,"type":"selected","value":1},{"time":1702312519742,"type":"change intensity of connector","value":9},{"time":1702312519742,"type":"selected","value":0}]},{"id":"3622c0f2-29bd-4344-a9bc-80203ef1edf8","source":"c01ccf4c-f864-4fc4-b3d7-286178e7c4a3","target":"e97fb4f2-379c-435b-a2e6-b5e43179f68a","agreement":true,"isActive":true,"date":1702312540008,"kind":"Connector","isSelected":false,"intensity":3,"isDeletable":true,"isOver":false,"isBidirectional":false,"eventLog":[{"time":1702312540008,"type":"create connection"}]},{"id":"a1617871-a005-4d97-888a-5b73ef762ac5","source":"c01ccf4c-f864-4fc4-b3d7-286178e7c4a3","target":"b8e7427c-3995-4110-8c11-65feac262c2b","agreement":true,"isActive":true,"date":1702312547330,"kind":"Connector","isSelected":false,"intensity":3,"isDeletable":true,"isOver":false,"isBidirectional":false,"eventLog":[{"time":1702312547330,"type":"create connection"}]},{"id":"b64b5dec-fffc-4e58-bb9e-47cf9c37b953","source":"85720146-fc3a-4077-853c-54ca5d59258d","target":"02697782-f61f-47d0-8496-6f470d2fa299","agreement":true,"isActive":false,"date":1702312606797,"kind":"Connector","isSelected":false,"intensity":3,"isDeletable":true,"isOver":false,"isBidirectional":false,"eventLog":[{"time":1702312606797,"type":"create connection"},{"time":1702312969251,"type":"selected","value":1},{"time":1702312970347,"type":"connector was deleted","value":-99},{"time":1702312970347,"type":"active","value":0}]},{"id":"b93d18b6-0291-415c-ba85-d9ddf86a64a6","source":"9eb627d3-8a3f-4fe1-9bc4-6f7cb1f0bcca","target":"14d862e2-627d-439d-b799-9a052ac513e0","agreement":true,"isActive":true,"date":1702312643826,"kind":"Connector","isSelected":false,"intensity":9,"isDeletable":true,"isOver":false,"isBidirectional":false,"eventLog":[{"time":1702312643826,"type":"create connection"},{"time":1702312646900,"type":"selected","value":1},{"time":1702312648264,"type":"change intensity of connector","value":9},{"time":1702312648264,"type":"selected","value":0}]},{"id":"5e43e935-6bf2-421a-8e2e-04a618f4afaf","source":"14d862e2-627d-439d-b799-9a052ac513e0","target":"02697782-f61f-47d0-8496-6f470d2fa299","agreement":false,"isActive":false,"date":1702312650229,"kind":"Connector","isSelected":false,"intensity":9,"isDeletable":true,"isOver":false,"isBidirectional":false,"eventLog":[{"time":1702312650229,"type":"create connection"},{"time":1702312653979,"type":"selected","value":1},{"time":1702312655922,"type":"change intensity of connector","value":-9},{"time":1702312655922,"type":"selected","value":0},{"time":1702312658610,"type":"selected","value":1},{"time":1702312659576,"type":"change intensity of connector","value":-9},{"time":1702312659576,"type":"selected","value":0},{"time":1702312706989,"type":"selected","value":1},{"time":1702312710725,"type":"connector was deleted","value":-99},{"time":1702312710725,"type":"active","value":0}]},{"id":"d5228277-a218-4e7b-adfc-3259c5603785","source":"d515dbc9-20d4-4f8a-82e9-bfe4b0340027","target":"e97fb4f2-379c-435b-a2e6-b5e43179f68a","agreement":true,"isActive":true,"date":1702312871502,"kind":"Connector","isSelected":false,"intensity":3,"isDeletable":true,"isOver":false,"isBidirectional":false,"eventLog":[{"time":1702312871502,"type":"create connection"}]},{"id":"ca1739de-d235-43b2-90f7-974232dac0a6","source":"637059b9-bc67-4562-8eeb-e44e5ecfa902","target":"6d5eb5b7-b470-4cc2-b4a4-527f9a6f5529","agreement":true,"isActive":true,"date":1702312910048,"kind":"Connector","isSelected":false,"intensity":9,"isDeletable":true,"isOver":false,"isBidirectional":false,"eventLog":[{"time":1702312910048,"type":"create connection"},{"time":1702312914142,"type":"selected","value":1},{"time":1702312915393,"type":"change intensity of connector","value":9},{"time":1702312915393,"type":"selected","value":0}]},{"id":"aa104744-e051-4ec9-9b9b-c40079e46a30","source":"15c179b3-267a-45a8-9be8-0e6cc9eab672","target":"637059b9-bc67-4562-8eeb-e44e5ecfa902","agreement":true,"isActive":true,"date":1702312933618,"kind":"Connector","isSelected":false,"intensity":3,"isDeletable":true,"isOver":false,"isBidirectional":false,"eventLog":[{"time":1702312933618,"type":"create connection"}]},{"id":"7882dc13-6833-4221-8aa2-1573f2cdb8cb","source":"e97fb4f2-379c-435b-a2e6-b5e43179f68a","target":"02697782-f61f-47d0-8496-6f470d2fa299","agreement":true,"isActive":true,"date":1702312968659,"kind":"Connector","isSelected":false,"intensity":3,"isDeletable":true,"isOver":false,"isBidirectional":false,"eventLog":[{"time":1702312968659,"type":"create connection"}]},{"id":"da28b690-dd5d-4d0c-8531-8af88e27e940","source":"d515dbc9-20d4-4f8a-82e9-bfe4b0340027","target":"85720146-fc3a-4077-853c-54ca5d59258d","agreement":true,"isActive":true,"date":1702312979151,"kind":"Connector","isSelected":false,"intensity":6,"isDeletable":true,"isOver":false,"isBidirectional":false,"eventLog":[{"time":1702312979151,"type":"create connection"},{"time":1702312979988,"type":"selected","value":1},{"time":1702312982156,"type":"change intensity of connector","value":6},{"time":1702312982156,"type":"selected","value":0}]}],"currentID":{},"currentNode":{},"hasSelectedNode":[false],"currentConnector":{},"hasSelectedConnector":[false],"readyToMove":[false],"isIncoming":[false],"hasElementMoved":[false]}
