{"idCAM":["2fd11ec5-e468-4f9f-b88a-ad0931454ae0"],"creator":["655c754ee949a617a358b8c5_pre"],"projectCAM":["S2_CAM part 1"],"defocusCAM":[],"date":[1702312074575],"nodes":[{"id":"5e9c3756-670a-4cdc-852a-ad3a1113f51f","value":0,"text":"social assistance robot","comment":"","position":{"x":650,"y":400},"isActive":true,"date":1702312075444,"kind":"Node","isSelected":false,"isConnectorSelected":false,"isDraggable":0,"isDeletable":0,"hasElementMoved":false,"eventLog":[{"time":1702312075444,"type":"create node","value":0}],"isTextChangeable":0},{"id":"37081a88-2138-4572-8a21-742477dd15bd","value":-3,"text":"disadvantages","comment":"","position":{"x":450,"y":400},"isActive":true,"date":1702312075444,"kind":"Node","isSelected":false,"isConnectorSelected":false,"isDraggable":0,"isDeletable":0,"hasElementMoved":false,"eventLog":[{"time":1702312075444,"type":"create node","value":0},{"time":1702312133126,"type":"selected","value":1},{"time":1702312135878,"type":"value","value":-3},{"time":1702312135878,"type":"selected","value":0},{"time":1702312337890,"type":"selected","value":1},{"time":1702312339084,"type":"selected","value":0}],"isTextChangeable":0},{"id":"1109f7ba-728c-43c9-947f-b7e7cf8d4fca","value":3,"text":"advantages","comment":"","position":{"x":850,"y":400},"isActive":true,"date":1702312075444,"kind":"Node","isSelected":false,"isConnectorSelected":false,"isDraggable":0,"isDeletable":0,"hasElementMoved":false,"eventLog":[{"time":1702312075444,"type":"create node","value":0},{"time":1702312127641,"type":"selected","value":1},{"time":1702312128049,"type":"selected","value":0},{"time":1702312129166,"type":"selected","value":1},{"time":1702312133098,"type":"value","value":3},{"time":1702312133098,"type":"selected","value":0}],"isTextChangeable":0},{"id":"cc4d91fe-2f1d-4be5-bbcc-da72c019d803","value":2,"text":"human resources","comment":"People have more time for other tasks","position":{"x":840,"y":242.3333},"isActive":true,"date":1702312087806,"kind":"Node","isSelected":false,"isConnectorSelected":false,"isDraggable":1,"isDeletable":1,"hasElementMoved":false,"eventLog":[{"time":1702312087806,"type":"create node","value":"0"},{"time":1702312089938,"type":"selected","value":"TRUE"},{"time":1702312127366,"type":"text","value":"human recources"},{"time":1702312127366,"type":"comment","value":"Menschen haben mehr Zeit für andere Aufgaben"},{"time":1702312127366,"type":"selected","value":"FALSE"},{"time":1702312135905,"type":"selected","value":"TRUE"},{"time":1702312138588,"type":"value","value":"2"},{"time":1702312138588,"type":"selected","value":"FALSE"}],"isTextChangeable":1},{"id":"faee03af-d228-4d72-994b-11f65f35416c","value":2,"text":"for socially isolated","comment":"","position":{"x":1020,"y":324.3333},"isActive":true,"date":1702312139528,"kind":"Node","isSelected":false,"isConnectorSelected":false,"isDraggable":1,"isDeletable":1,"hasElementMoved":false,"eventLog":[{"time":1702312139528,"type":"create node","value":"0"},{"time":1702312145790,"type":"selected","value":"TRUE"},{"time":1702312165496,"type":"text","value":"für sozial Isolierte"},{"time":1702312165496,"type":"value","value":"2"},{"time":1702312165496,"type":"selected","value":"FALSE"}],"isTextChangeable":1},{"id":"f80b2d6c-25c3-48f5-8221-bae7170232eb","value":-2,"text":"human interaction","comment":"gets lost","position":{"x":393,"y":265.3333},"isActive":true,"date":1702312172541,"kind":"Node","isSelected":false,"isConnectorSelected":true,"isDraggable":1,"isDeletable":1,"hasElementMoved":false,"eventLog":[{"time":1702312172541,"type":"create node","value":"0"},{"time":1702312173874,"type":"selected","value":"TRUE"},{"time":1702312192364,"type":"text","value":"menschliche Interakrion"},{"time":1702312192364,"type":"value","value":"-2"},{"time":1702312192364,"type":"comment","value":"geht verloren"},{"time":1702312192364,"type":"selected","value":"FALSE"}],"isTextChangeable":1},{"id":"a91f4935-bd5f-499d-a44b-2a8962a76746","value":-2,"text":"no emotions","comment":"","position":{"x":280,"y":198.3333},"isActive":true,"date":1702312193467,"kind":"Node","isSelected":false,"isConnectorSelected":false,"isDraggable":1,"isDeletable":1,"hasElementMoved":false,"eventLog":[{"time":1702312193467,"type":"create node","value":"0"},{"time":1702312195209,"type":"selected","value":"TRUE"},{"time":1702312212647,"type":"text","value":"keine Emotionen"},{"time":1702312212647,"type":"value","value":"-2"},{"time":1702312212647,"type":"selected","value":"FALSE"}],"isTextChangeable":1},{"id":"acc37fa7-dff9-41c9-9c6f-87f1fcbb109f","value":-2,"text":"no empathy","comment":"","position":{"x":386,"y":143.3333},"isActive":true,"date":1702312213902,"kind":"Node","isSelected":false,"isConnectorSelected":true,"isDraggable":1,"isDeletable":1,"hasElementMoved":false,"eventLog":[{"time":1702312213903,"type":"create node","value":"0"},{"time":1702312215830,"type":"selected","value":"TRUE"},{"time":1702312225627,"type":"text","value":"keine Empathie"},{"time":1702312225627,"type":"value","value":"-2"},{"time":1702312225627,"type":"selected","value":"FALSE"}],"isTextChangeable":1},{"id":"9645067e-09fe-4455-8d78-c15c4af4ad0f","value":-3,"text":"possible dependency","comment":"","position":{"x":256,"y":427.3333},"isActive":true,"date":1702312280497,"kind":"Node","isSelected":false,"isConnectorSelected":false,"isDraggable":1,"isDeletable":1,"hasElementMoved":false,"eventLog":[{"time":1702312280497,"type":"create node","value":"0"},{"time":1702312281794,"type":"selected","value":"TRUE"},{"time":1702312297199,"type":"text","value":"mögliche Abhängigkeit"},{"time":1702312297199,"type":"value","value":"-3"},{"time":1702312297199,"type":"selected","value":"FALSE"}],"isTextChangeable":1},{"id":"8c6b6065-89f3-44c3-92d2-759460a704e2","value":2,"text":"individual education possible","comment":"","position":{"x":1002,"y":515.3333},"isActive":true,"date":1702312315242,"kind":"Node","isSelected":false,"isConnectorSelected":false,"isDraggable":1,"isDeletable":1,"hasElementMoved":false,"eventLog":[{"time":1702312315242,"type":"create node","value":"0"},{"time":1702312318045,"type":"selected","value":"TRUE"},{"time":1702312334775,"type":"text","value":"individuelle Bildung mgl."},{"time":1702312334775,"type":"value","value":"2"},{"time":1702312334775,"type":"selected","value":"FALSE"}],"isTextChangeable":1}],"connectors":[{"id":"21f91d45-8160-4114-839d-e630e7dc9eae","source":"5e9c3756-670a-4cdc-852a-ad3a1113f51f","target":"37081a88-2138-4572-8a21-742477dd15bd","agreement":true,"isActive":true,"date":1702312075444,"kind":"Connector","isSelected":false,"intensity":3,"isDeletable":false,"isOver":false,"isBidirectional":false,"eventLog":[{"time":1702312075444,"type":"create connection"}]},{"id":"6b093913-b782-4e94-88e6-081242bf799d","source":"5e9c3756-670a-4cdc-852a-ad3a1113f51f","target":"1109f7ba-728c-43c9-947f-b7e7cf8d4fca","agreement":true,"isActive":true,"date":1702312075444,"kind":"Connector","isSelected":false,"intensity":3,"isDeletable":true,"isOver":false,"isBidirectional":false,"eventLog":[{"time":1702312075444,"type":"create connection"}]},{"id":"1b858281-77cb-4f0c-9c03-be3fb27b8ddf","source":"37081a88-2138-4572-8a21-742477dd15bd","target":"9645067e-09fe-4455-8d78-c15c4af4ad0f","agreement":true,"isActive":true,"date":1702312340509,"kind":"Connector","isSelected":false,"intensity":3,"isDeletable":true,"isOver":false,"isBidirectional":false,"eventLog":[{"time":1702312340509,"type":"create connection"},{"time":1702312365473,"type":"selected","value":1},{"time":1702312366671,"type":"change intensity of connector","value":3},{"time":1702312366671,"type":"selected","value":0}]},{"id":"810f1890-be78-4a52-b1c5-b97c1b0ede89","source":"f80b2d6c-25c3-48f5-8221-bae7170232eb","target":"37081a88-2138-4572-8a21-742477dd15bd","agreement":true,"isActive":true,"date":1702312343045,"kind":"Connector","isSelected":false,"intensity":3,"isDeletable":true,"isOver":false,"isBidirectional":false,"eventLog":[{"time":1702312343045,"type":"create connection"}]},{"id":"2ce526fd-8042-48fa-8af6-d6412169f81a","source":"f80b2d6c-25c3-48f5-8221-bae7170232eb","target":"acc37fa7-dff9-41c9-9c6f-87f1fcbb109f","agreement":true,"isActive":true,"date":1702312345402,"kind":"Connector","isSelected":false,"intensity":3,"isDeletable":true,"isOver":false,"isBidirectional":false,"eventLog":[{"time":1702312345402,"type":"create connection"},{"time":1702312370039,"type":"selected","value":1},{"time":1702312372486,"type":"change intensity of connector","value":3},{"time":1702312372486,"type":"selected","value":0},{"time":1702312374220,"type":"selected","value":1},{"time":1702312375791,"type":"change intensity of connector","value":3},{"time":1702312375791,"type":"selected","value":0},{"time":1702312377788,"type":"selected","value":1},{"time":1702312383619,"type":"change intensity of connector","value":3},{"time":1702312383619,"type":"selected","value":0}]},{"id":"8496cc64-9122-4413-867e-9f3a6e79d785","source":"f80b2d6c-25c3-48f5-8221-bae7170232eb","target":"a91f4935-bd5f-499d-a44b-2a8962a76746","agreement":true,"isActive":true,"date":1702312347282,"kind":"Connector","isSelected":false,"intensity":3,"isDeletable":true,"isOver":false,"isBidirectional":false,"eventLog":[{"time":1702312347282,"type":"create connection"}]},{"id":"001ca502-840f-4073-91c3-20f254c4edcc","source":"1109f7ba-728c-43c9-947f-b7e7cf8d4fca","target":"cc4d91fe-2f1d-4be5-bbcc-da72c019d803","agreement":true,"isActive":true,"date":1702312349679,"kind":"Connector","isSelected":false,"intensity":3,"isDeletable":true,"isOver":false,"isBidirectional":false,"eventLog":[{"time":1702312349679,"type":"create connection"}]},{"id":"640ff38e-a99f-482a-917b-04362010f2ff","source":"1109f7ba-728c-43c9-947f-b7e7cf8d4fca","target":"faee03af-d228-4d72-994b-11f65f35416c","agreement":true,"isActive":true,"date":1702312352088,"kind":"Connector","isSelected":false,"intensity":3,"isDeletable":true,"isOver":false,"isBidirectional":false,"eventLog":[{"time":1702312352088,"type":"create connection"}]},{"id":"eba9823f-cb63-4fab-9290-f80d35769762","source":"1109f7ba-728c-43c9-947f-b7e7cf8d4fca","target":"8c6b6065-89f3-44c3-92d2-759460a704e2","agreement":true,"isActive":true,"date":1702312353909,"kind":"Connector","isSelected":false,"intensity":3,"isDeletable":true,"isOver":false,"isBidirectional":false,"eventLog":[{"time":1702312353909,"type":"create connection"}]}],"currentID":["2ce526fd-8042-48fa-8af6-d6412169f81a"],"currentNode":{},"hasSelectedNode":[false],"currentConnector":{"id":["2ce526fd-8042-48fa-8af6-d6412169f81a"],"value":{},"source":["f80b2d6c-25c3-48f5-8221-bae7170232eb"],"target":["acc37fa7-dff9-41c9-9c6f-87f1fcbb109f"],"agreement":[true],"isActive":[true],"date":[1702312345402],"kind":["Connector"],"isSelected":[false],"intensity":[3],"isDeletable":[true],"isOver":[false],"isBidirectional":[false],"eventLog":[{"time":1702312345402,"type":"create connection"},{"time":1702312370039,"type":"selected","value":1},{"time":1702312372486,"type":"change intensity of connector","value":3},{"time":1702312372486,"type":"selected","value":0},{"time":1702312374220,"type":"selected","value":1},{"time":1702312375791,"type":"change intensity of connector","value":3},{"time":1702312375791,"type":"selected","value":0},{"time":1702312377788,"type":"selected","value":1},{"time":1702312383619,"type":"change intensity of connector","value":3},{"time":1702312383619,"type":"selected","value":0}]},"hasSelectedConnector":[true],"readyToMove":[false],"isIncoming":[false],"hasElementMoved":[false]}
