{"idCAM":["40b95e1e-7d4b-4236-8d6b-452d90b8ed25"],"creator":["655f017761462616d393ed61_pre"],"projectCAM":["S2_CAM part 1"],"defocusCAM":[],"date":[1702311694670],"nodes":[{"id":"8a9a9963-363c-449a-bdbd-5b2c1b97ee85","value":0,"text":"social assistance robot","comment":"","position":{"x":650,"y":400},"isActive":true,"date":1702311695580,"kind":"Node","isSelected":false,"isConnectorSelected":false,"isDraggable":0,"isDeletable":0,"hasElementMoved":false,"eventLog":[{"time":1702311695580,"type":"create node","value":0}],"isTextChangeable":0},{"id":"24a5ee55-d0ec-4ca7-aa83-71fd8e75d1ba","value":0,"text":"disadvantages","comment":"","position":{"x":450,"y":400},"isActive":true,"date":1702311695580,"kind":"Node","isSelected":false,"isConnectorSelected":false,"isDraggable":0,"isDeletable":0,"hasElementMoved":false,"eventLog":[{"time":"1702311695580","type":"create node","value":[0]},{"time":"2023-12-11T16:22:03.503Z","type":"position","value":{"x":[430],"y":[411.3333]}}],"isTextChangeable":0},{"id":"8bd1e703-7326-4775-999b-5352d72b0f9b","value":0,"text":"advantages","comment":"","position":{"x":850,"y":400},"isActive":true,"date":1702311695580,"kind":"Node","isSelected":false,"isConnectorSelected":false,"isDraggable":0,"isDeletable":0,"hasElementMoved":false,"eventLog":[{"time":1702311695580,"type":"create node","value":0}],"isTextChangeable":0},{"id":"08967575-57a6-4f40-be77-a5b21618742c","value":-2,"text":"little realistic","comment":"","position":{"x":285,"y":289.3333},"isActive":true,"date":1702311706882,"kind":"Node","isSelected":false,"isConnectorSelected":false,"isDraggable":1,"isDeletable":1,"hasElementMoved":false,"eventLog":[{"time":1702311706882,"type":"create node","value":"0"},{"time":1702311709490,"type":"selected","value":"TRUE"},{"time":1702311716671,"type":"text","value":"Wenig realistisch"},{"time":1702311716671,"type":"selected","value":"FALSE"},{"time":1702311718486,"type":"selected","value":"TRUE"},{"time":1702311723084,"type":"value","value":"-2"},{"time":1702311723084,"type":"selected","value":"FALSE"}],"isTextChangeable":1},{"id":"94e93d70-44b4-4197-ab10-bf3aa657386f","value":-2,"text":"no emotions","comment":"","position":{"x":398,"y":224.3333},"isActive":true,"date":1702311730402,"kind":"Node","isSelected":false,"isConnectorSelected":false,"isDraggable":1,"isDeletable":1,"hasElementMoved":false,"eventLog":[{"time":1702311730402,"type":"create node","value":"0"},{"time":1702311734842,"type":"selected","value":"TRUE"},{"time":1702311740246,"type":"text","value":"Keine Emotionen"},{"time":1702311740246,"type":"value","value":"-2"},{"time":1702311740246,"type":"selected","value":"FALSE"}],"isTextChangeable":1},{"id":"6890a9f4-2d99-4f89-8d02-b5f2e0a2d14a","value":0,"text":"skepticism","comment":"","position":{"x":284,"y":523.3333},"isActive":true,"date":1702311733017,"kind":"Node","isSelected":false,"isConnectorSelected":false,"isDraggable":1,"isDeletable":1,"hasElementMoved":false,"eventLog":[{"time":"1702311733017","type":"create node","value":[0]},{"time":"2023-12-11T16:22:13.950Z","type":"position","value":{"x":[430],"y":[178.3333]}},{"time":"2023-12-11T16:22:24.473Z","type":"position","value":{"x":[233],"y":[146.3333]}},{"time":"2023-12-11T16:22:24.518Z","type":"position","value":{"x":[150],"y":[304.3333]}},{"time":"2023-12-11T16:22:24.585Z","type":"position","value":{"x":[117],"y":[463.3333]}},{"time":"1702311747732","type":"selected","value":[true]},{"time":"1702311750848","type":"text","value":["Skepsis"]},{"time":"1702311750848","type":"selected","value":[false]}],"isTextChangeable":1},{"id":"84a3f882-b311-4025-b741-5d76a1f70d46","value":-3,"text":"fear of technology","comment":"","position":{"x":326,"y":595.3333},"isActive":true,"date":1702311751496,"kind":"Node","isSelected":false,"isConnectorSelected":false,"isDraggable":1,"isDeletable":1,"hasElementMoved":false,"eventLog":[{"time":1702311751496,"type":"create node","value":"0"},{"time":1702311851680,"type":"selected","value":"TRUE"},{"time":1702311860975,"type":"text","value":"Angst vor Technik"},{"time":1702311860975,"type":"value","value":"-3"},{"time":1702311860975,"type":"selected","value":"FALSE"}],"isTextChangeable":1},{"id":"d03d6677-b380-4dc1-88d1-11504cca0a8a","value":-2,"text":"low acceptance","comment":"","position":{"x":462,"y":527.3333},"isActive":true,"date":1702311757859,"kind":"Node","isSelected":false,"isConnectorSelected":false,"isDraggable":1,"isDeletable":1,"hasElementMoved":false,"eventLog":[{"time":1702311757859,"type":"create node","value":"0"},{"time":1702311758649,"type":"selected","value":"TRUE"},{"time":1702311765730,"type":"text","value":"Geringe Akzeptanz"},{"time":1702311765730,"type":"value","value":"-2"},{"time":1702311765730,"type":"selected","value":"FALSE"}],"isTextChangeable":1},{"id":"7c9a7941-517e-495c-996a-f1136b7524a1","value":2,"text":"alleviate skilled labor shortage","comment":"","position":{"x":845,"y":251.3333},"isActive":true,"date":1702311771215,"kind":"Node","isSelected":false,"isConnectorSelected":false,"isDraggable":1,"isDeletable":1,"hasElementMoved":false,"eventLog":[{"time":1702311771215,"type":"create node","value":"0"},{"time":1702311773746,"type":"selected","value":"TRUE"},{"time":1702311783984,"type":"text","value":"Fachkräftemangel mildern"},{"time":1702311783984,"type":"selected","value":"FALSE"},{"time":1702311786844,"type":"selected","value":"TRUE"},{"time":1702311788467,"type":"value","value":"2"},{"time":1702311788467,"type":"selected","value":"FALSE"}],"isTextChangeable":1},{"id":"65f3571f-3fa6-4a5f-9321-38317c9094d9","value":1,"text":"able to learn","comment":"","position":{"x":940,"y":311.3333},"isActive":true,"date":1702311791494,"kind":"Node","isSelected":false,"isConnectorSelected":false,"isDraggable":1,"isDeletable":1,"hasElementMoved":false,"eventLog":[{"time":1702311791494,"type":"create node","value":"0"},{"time":1702311793923,"type":"selected","value":"TRUE"},{"time":1702311797310,"type":"text","value":"Lernfähig"},{"time":1702311797310,"type":"selected","value":"FALSE"},{"time":1702311844929,"type":"selected","value":"TRUE"},{"time":1702311846685,"type":"value","value":"1"},{"time":1702311846685,"type":"selected","value":"FALSE"}],"isTextChangeable":1},{"id":"d255286a-5115-49a5-a22e-3ec448f65ff9","value":-2,"text":"human not replaceable","comment":"","position":{"x":250,"y":407.3333},"isActive":true,"date":1702311800969,"kind":"Node","isSelected":false,"isConnectorSelected":false,"isDraggable":1,"isDeletable":1,"hasElementMoved":false,"eventLog":[{"time":1702311800969,"type":"create node","value":"0"},{"time":1702311811349,"type":"selected","value":"TRUE"},{"time":1702311819128,"type":"text","value":"Mensch nicht ersetzbar"},{"time":1702311819128,"type":"value","value":"-2"},{"time":1702311819128,"type":"selected","value":"FALSE"}],"isTextChangeable":1},{"id":"dae72289-9077-4076-9dd2-613dee4c0310","value":0,"text":"programmable","comment":"","position":{"x":1020,"y":451.3333},"isActive":true,"date":1702311827857,"kind":"Node","isSelected":false,"isConnectorSelected":false,"isDraggable":1,"isDeletable":1,"hasElementMoved":false,"eventLog":[{"time":1702311827857,"type":"create node","value":"0"},{"time":1702311835940,"type":"selected","value":"TRUE"},{"time":1702311842433,"type":"text","value":"Programmierbar"},{"time":1702311842433,"type":"selected","value":"FALSE"}],"isTextChangeable":1}],"connectors":[{"id":"f03257c4-add2-411c-b6e4-2dcd3b435245","source":"8a9a9963-363c-449a-bdbd-5b2c1b97ee85","target":"24a5ee55-d0ec-4ca7-aa83-71fd8e75d1ba","agreement":true,"isActive":true,"date":1702311695580,"kind":"Connector","isSelected":false,"intensity":3,"isDeletable":false,"isOver":false,"isBidirectional":false,"eventLog":[{"time":1702311695580,"type":"create connection"}]},{"id":"b3a36009-425f-4197-9900-d8f104c1c119","source":"8a9a9963-363c-449a-bdbd-5b2c1b97ee85","target":"8bd1e703-7326-4775-999b-5352d72b0f9b","agreement":true,"isActive":true,"date":1702311695580,"kind":"Connector","isSelected":false,"intensity":3,"isDeletable":true,"isOver":false,"isBidirectional":false,"eventLog":[{"time":1702311695580,"type":"create connection"}]},{"id":"865e3f73-810a-4b8f-96a1-c6b0e69eef9b","source":"08967575-57a6-4f40-be77-a5b21618742c","target":"24a5ee55-d0ec-4ca7-aa83-71fd8e75d1ba","agreement":true,"isActive":true,"date":1702311724886,"kind":"Connector","isSelected":false,"intensity":3,"isDeletable":true,"isOver":false,"isBidirectional":false,"eventLog":[{"time":1702311724886,"type":"create connection"}]},{"id":"4716c605-a116-4bdf-bf4c-46ff58ebdb7f","source":"94e93d70-44b4-4197-ab10-bf3aa657386f","target":"08967575-57a6-4f40-be77-a5b21618742c","agreement":true,"isActive":true,"date":1702311743447,"kind":"Connector","isSelected":false,"intensity":3,"isDeletable":true,"isOver":false,"isBidirectional":false,"eventLog":[{"time":1702311743447,"type":"create connection"}]},{"id":"5b9339b8-a46c-40c7-82a3-2262601a0cda","source":"24a5ee55-d0ec-4ca7-aa83-71fd8e75d1ba","target":"6890a9f4-2d99-4f89-8d02-b5f2e0a2d14a","agreement":true,"isActive":true,"date":1702311755661,"kind":"Connector","isSelected":false,"intensity":3,"isDeletable":true,"isOver":false,"isBidirectional":false,"eventLog":[{"time":1702311755661,"type":"create connection"}]},{"id":"dcfd12c2-4cc3-4105-b350-b6ac6ae3046b","source":"d03d6677-b380-4dc1-88d1-11504cca0a8a","target":"6890a9f4-2d99-4f89-8d02-b5f2e0a2d14a","agreement":true,"isActive":true,"date":1702311767990,"kind":"Connector","isSelected":false,"intensity":3,"isDeletable":true,"isOver":false,"isBidirectional":false,"eventLog":[{"time":1702311767990,"type":"create connection"}]},{"id":"b63de8bf-648f-46a3-acf4-e689d33e87c8","source":"7c9a7941-517e-495c-996a-f1136b7524a1","target":"8bd1e703-7326-4775-999b-5352d72b0f9b","agreement":true,"isActive":true,"date":1702311785031,"kind":"Connector","isSelected":false,"intensity":3,"isDeletable":true,"isOver":false,"isBidirectional":false,"eventLog":[{"time":1702311785031,"type":"create connection"}]},{"id":"ab6e2a1b-25db-4624-a702-2dce48d98797","source":"65f3571f-3fa6-4a5f-9321-38317c9094d9","target":"8bd1e703-7326-4775-999b-5352d72b0f9b","agreement":true,"isActive":true,"date":1702311798716,"kind":"Connector","isSelected":false,"intensity":3,"isDeletable":true,"isOver":false,"isBidirectional":false,"eventLog":[{"time":1702311798716,"type":"create connection"}]},{"id":"c049c539-b459-4e6a-81bc-824e853fc2ce","source":"d255286a-5115-49a5-a22e-3ec448f65ff9","target":"24a5ee55-d0ec-4ca7-aa83-71fd8e75d1ba","agreement":true,"isActive":true,"date":1702311824308,"kind":"Connector","isSelected":false,"intensity":3,"isDeletable":true,"isOver":false,"isBidirectional":false,"eventLog":[{"time":1702311824308,"type":"create connection"}]},{"id":"e0f5e0f1-63db-4bd1-ae0d-9dd6cbb56b4f","source":"d255286a-5115-49a5-a22e-3ec448f65ff9","target":"08967575-57a6-4f40-be77-a5b21618742c","agreement":true,"isActive":true,"date":1702311825778,"kind":"Connector","isSelected":false,"intensity":3,"isDeletable":true,"isOver":false,"isBidirectional":false,"eventLog":[{"time":1702311825778,"type":"create connection"}]},{"id":"eef1635d-b9e4-44dc-8fb9-b8afed196fca","source":"dae72289-9077-4076-9dd2-613dee4c0310","target":"65f3571f-3fa6-4a5f-9321-38317c9094d9","agreement":true,"isActive":true,"date":1702311843526,"kind":"Connector","isSelected":false,"intensity":3,"isDeletable":true,"isOver":false,"isBidirectional":false,"eventLog":[{"time":1702311843526,"type":"create connection"}]},{"id":"fccca626-9089-46b7-9256-1dbb5415fac3","source":"84a3f882-b311-4025-b741-5d76a1f70d46","target":"d03d6677-b380-4dc1-88d1-11504cca0a8a","agreement":true,"isActive":true,"date":1702311861912,"kind":"Connector","isSelected":false,"intensity":3,"isDeletable":true,"isOver":false,"isBidirectional":false,"eventLog":[{"time":1702311861913,"type":"create connection"}]}],"currentID":{},"currentNode":{},"hasSelectedNode":[false],"currentConnector":{},"hasSelectedConnector":[false],"readyToMove":[false],"isIncoming":[false],"hasElementMoved":[false]}
