{"idCAM":["f879deff-1683-40bb-a395-85593c702d65"],"creator":["6560e6f734ae18bd18474cc9_pre"],"projectCAM":["S2_CAM part 1"],"defocusCAM":[836.9,2932,1090.5,1701.9],"date":[1702377533915],"nodes":[{"id":"b910fc26-4028-4331-9a6e-24cf16f45e15","value":-3,"text":"Rettungsroboter","comment":"\n\n","position":{"x":650,"y":400},"isActive":true,"date":1702377534801,"kind":"Node","isSelected":false,"isConnectorSelected":false,"isDraggable":0,"isDeletable":0,"hasElementMoved":false,"eventLog":[{"time":1702377534801,"type":"create node","value":"0"},{"time":1702377651748,"type":"selected","value":"TRUE"},{"time":1702377663705,"type":"value","value":"10"},{"time":1702377663705,"type":"comment","value":"\n\n"},{"time":1702377663705,"type":"selected","value":"FALSE"},{"time":1702377671875,"type":"selected","value":"TRUE"},{"time":1702377676954,"type":"value","value":"0"},{"time":1702377676954,"type":"selected","value":"FALSE"},{"time":1702377762476,"type":"selected","value":"TRUE"},{"time":1702377764824,"type":"value","value":"-3"},{"time":1702377764824,"type":"selected","value":"FALSE"},{"time":1702377811534,"type":"selected","value":"TRUE"},{"time":1702377814440,"type":"selected","value":"FALSE"}],"isTextChangeable":0},{"id":"80f815c3-3c06-49b5-83a2-f3fc3b091ad6","value":3,"text":"Nachteile","comment":"","position":{"x":450,"y":400},"isActive":true,"date":1702377534801,"kind":"Node","isSelected":false,"isConnectorSelected":false,"isDraggable":0,"isDeletable":0,"hasElementMoved":false,"eventLog":[{"time":"1702377534801","type":"create node","value":[0]},{"time":"2023-12-12T10:40:03.929Z","type":"position","value":{"x":[438],"y":[395]}},{"time":"2023-12-12T10:40:27.811Z","type":"position","value":{"x":[459],"y":[391]}},{"time":"2023-12-12T10:40:28.161Z","type":"position","value":{"x":[610],"y":[392]}},{"time":"2023-12-12T10:40:28.328Z","type":"position","value":{"x":[764],"y":[386]}},{"time":"1702377629976","type":"selected","value":[true]},{"time":"1702377630379","type":"selected","value":[false]},{"time":"1702377631252","type":"selected","value":[true]},{"time":"1702377638857","type":"value","value":[10]},{"time":"1702377638857","type":"selected","value":[false]},{"time":"1702377666829","type":"selected","value":[true]},{"time":"1702377671321","type":"selected","value":[false]},{"time":"1702377765923","type":"selected","value":[true]},{"time":"1702377770160","type":"value","value":[3]},{"time":"1702377770160","type":"selected","value":[false]},{"time":"1702377816861","type":"selected","value":[true]},{"time":"1702377817267","type":"selected","value":[false]},{"time":"1702377817780","type":"selected","value":[true]},{"time":"1702377819816","type":"selected","value":[false]},{"time":"1702377832381","type":"selected","value":[true]},{"time":"1702377837034","type":"selected","value":[false]}],"isTextChangeable":0},{"id":"985fb61d-7dd7-4494-91ea-7ac66e8cabb5","value":-3,"text":"Vorteile","comment":"","position":{"x":850,"y":400},"isActive":true,"date":1702377534801,"kind":"Node","isSelected":false,"isConnectorSelected":false,"isDraggable":0,"isDeletable":0,"hasElementMoved":false,"eventLog":[{"time":1702377534801,"type":"create node","value":0},{"time":1702377642887,"type":"selected","value":1},{"time":1702377651385,"type":"value","value":1},{"time":1702377651385,"type":"selected","value":0},{"time":1702377677117,"type":"selected","value":1},{"time":1702377693193,"type":"value","value":3},{"time":1702377693193,"type":"selected","value":0},{"time":1702377747686,"type":"selected","value":1},{"time":1702377751744,"type":"node was deleted","value":-99},{"time":1702377751747,"type":"selected","value":0},{"time":1702377757964,"type":"selected","value":1},{"time":1702377759904,"type":"value","value":-3},{"time":1702377759904,"type":"selected","value":0},{"time":1702377825772,"type":"selected","value":1},{"time":1702377828401,"type":"selected","value":0},{"time":1702377856804,"type":"selected","value":1},{"time":1702377858537,"type":"selected","value":0}],"isTextChangeable":0},{"id":"a70df45b-1b06-46ca-91ae-513afbd32ba1","value":0,"text":"Vorteile","comment":"","position":{"x":676,"y":251},"isActive":true,"date":1702377771078,"kind":"Node","isSelected":false,"isConnectorSelected":false,"isDraggable":1,"isDeletable":1,"hasElementMoved":false,"eventLog":[{"time":1702377771078,"type":"create node","value":"0"},{"time":1702377793755,"type":"selected","value":"TRUE"},{"time":1702377795032,"type":"selected","value":"FALSE"},{"time":1702377849219,"type":"selected","value":"TRUE"},{"time":1702377850474,"type":"selected","value":"FALSE"},{"time":1702377851341,"type":"selected","value":"TRUE"},{"time":1702377853864,"type":"text","value":"Vorteile"},{"time":1702377853864,"type":"selected","value":"FALSE"},{"time":1702377865884,"type":"selected","value":"TRUE"},{"time":1702377866842,"type":"selected","value":"FALSE"},{"time":1702377923820,"type":"selected","value":"TRUE"},{"time":1702377926153,"type":"selected","value":"FALSE"}],"isTextChangeable":1},{"id":"ee97db8d-1372-4669-999f-b9d5b09ad6d5","value":3,"text":"Nachteile","comment":"","position":{"x":465,"y":244},"isActive":true,"date":1702377773159,"kind":"Node","isSelected":false,"isConnectorSelected":false,"isDraggable":1,"isDeletable":1,"hasElementMoved":false,"eventLog":[{"time":1702377773159,"type":"create node","value":"0"},{"time":1702377790347,"type":"selected","value":"TRUE"},{"time":1702377790752,"type":"selected","value":"FALSE"},{"time":1702377791699,"type":"selected","value":"TRUE"},{"time":1702377793697,"type":"value","value":"3"},{"time":1702377793697,"type":"selected","value":"FALSE"},{"time":1702377884333,"type":"selected","value":"TRUE"},{"time":1702377885541,"type":"text","value":"Nachteile"},{"time":1702377885541,"type":"selected","value":"FALSE"}],"isTextChangeable":1},{"id":"993e4087-714e-4006-a65f-69476b197ab7","value":-3,"text":"Vorteile","comment":"","position":{"x":832,"y":232},"isActive":true,"date":1702377774327,"kind":"Node","isSelected":false,"isConnectorSelected":false,"isDraggable":1,"isDeletable":1,"hasElementMoved":false,"eventLog":[{"time":1702377774327,"type":"create node","value":"0"},{"time":1702377795420,"type":"selected","value":"TRUE"},{"time":1702377796897,"type":"value","value":"-3"},{"time":1702377796897,"type":"selected","value":"FALSE"},{"time":1702377867235,"type":"selected","value":"TRUE"},{"time":1702377868257,"type":"text","value":"Vorteile"},{"time":1702377868257,"type":"selected","value":"FALSE"}],"isTextChangeable":1},{"id":"8949c76b-d1c8-404f-94a2-f16666b075ec","value":-3,"text":"Vorteile","comment":"","position":{"x":452,"y":141},"isActive":true,"date":1702377776415,"kind":"Node","isSelected":false,"isConnectorSelected":false,"isDraggable":1,"isDeletable":1,"hasElementMoved":false,"eventLog":[{"time":1702377776415,"type":"create node","value":"0"},{"time":1702377796987,"type":"selected","value":"TRUE"},{"time":1702377799096,"type":"value","value":"-3"},{"time":1702377799096,"type":"selected","value":"FALSE"},{"time":1702377858628,"type":"selected","value":"TRUE"},{"time":1702377859913,"type":"text","value":"Vorteile"},{"time":1702377859913,"type":"selected","value":"FALSE"}],"isTextChangeable":1},{"id":"8ee3b5d6-b7b9-4916-88cf-ac1f70d6d17f","value":3,"text":"Nachteile","comment":"","position":{"x":622,"y":132},"isActive":true,"date":1702377777168,"kind":"Node","isSelected":false,"isConnectorSelected":false,"isDraggable":1,"isDeletable":1,"hasElementMoved":false,"eventLog":[{"time":1702377777168,"type":"create node","value":"0"},{"time":1702377800460,"type":"selected","value":"TRUE"},{"time":1702377801841,"type":"value","value":"3"},{"time":1702377801841,"type":"selected","value":"FALSE"},{"time":1702377837139,"type":"selected","value":"TRUE"},{"time":1702377838560,"type":"text","value":"Nachteile"},{"time":1702377838560,"type":"selected","value":"FALSE"},{"time":1702377880821,"type":"selected","value":"TRUE"},{"time":1702377883065,"type":"selected","value":"FALSE"}],"isTextChangeable":1},{"id":"c474ef1a-9438-4a97-8140-73cd7918fba0","value":0,"text":"Vorteile","comment":"","position":{"x":780,"y":132},"isActive":true,"date":1702377777847,"kind":"Node","isSelected":false,"isConnectorSelected":false,"isDraggable":1,"isDeletable":1,"hasElementMoved":false,"eventLog":[{"time":1702377777847,"type":"create node","value":"0"},{"time":1702377801949,"type":"selected","value":"TRUE"},{"time":1702377805425,"type":"selected","value":"FALSE"},{"time":1702377847469,"type":"selected","value":"TRUE"},{"time":1702377848674,"type":"text","value":"Vorteile"},{"time":1702377848674,"type":"selected","value":"FALSE"}],"isTextChangeable":1},{"id":"bb0f58ad-24d6-48b6-b6fd-61aed17d5f11","value":3,"text":"Nachteile","comment":"","position":{"x":179,"y":296},"isActive":true,"date":1702377779087,"kind":"Node","isSelected":false,"isConnectorSelected":false,"isDraggable":1,"isDeletable":1,"hasElementMoved":false,"eventLog":[{"time":"1702377779087","type":"create node","value":[0]},{"time":"1702377779191","type":"selected","value":[true]},{"time":"1702377781768","type":"value","value":[3]},{"time":"1702377781768","type":"selected","value":[false]},{"time":"1702377820451","type":"selected","value":[true]},{"time":"1702377821897","type":"text","value":["Nachteile"]},{"time":"1702377821897","type":"selected","value":[false]},{"time":"2023-12-12T10:46:21.207Z","type":"position","value":{"x":[452],"y":[293]}},{"time":"2023-12-12T10:46:21.408Z","type":"position","value":{"x":[301],"y":[330]}}],"isTextChangeable":1},{"id":"7bc2d658-c278-40f1-b9ab-dddfa30ee5ff","value":-3,"text":"Rettungsroboter","comment":"","position":{"x":949,"y":225},"isActive":true,"date":1702377782158,"kind":"Node","isSelected":false,"isConnectorSelected":false,"isDraggable":1,"isDeletable":1,"hasElementMoved":false,"eventLog":[{"time":"1702377782158","type":"create node","value":[0]},{"time":"1702377782252","type":"selected","value":[true]},{"time":"1702377784008","type":"value","value":[-3]},{"time":"1702377784008","type":"selected","value":[false]},{"time":"1702377814740","type":"selected","value":[true]},{"time":"1702377816776","type":"text","value":["Rettungsroboter"]},{"time":"1702377816776","type":"selected","value":[false]},{"time":"2023-12-12T10:44:28.895Z","type":"position","value":{"x":[675],"y":[316]}},{"time":"2023-12-12T10:44:30.592Z","type":"position","value":{"x":[811],"y":[232]}}],"isTextChangeable":1},{"id":"a522eb67-feb5-4682-8b12-d33917f65e75","value":0,"text":"Vorteile","comment":"","position":{"x":856,"y":304},"isActive":true,"date":1702377784374,"kind":"Node","isSelected":false,"isConnectorSelected":false,"isDraggable":1,"isDeletable":1,"hasElementMoved":false,"eventLog":[{"time":1702377784374,"type":"create node","value":"0"},{"time":1702377784468,"type":"selected","value":"TRUE"},{"time":1702377787648,"type":"selected","value":"FALSE"},{"time":1702377829213,"type":"selected","value":"TRUE"},{"time":1702377830754,"type":"text","value":"Vorteile"},{"time":1702377830754,"type":"selected","value":"FALSE"},{"time":1702377844629,"type":"selected","value":"TRUE"},{"time":1702377847378,"type":"selected","value":"FALSE"}],"isTextChangeable":1},{"id":"3b0938a7-c5b0-44ca-b863-4dcfeb2fb11c","value":0,"text":"Vorteile","comment":"","position":{"x":1172,"y":77},"isActive":true,"date":1702377823952,"kind":"Node","isSelected":false,"isConnectorSelected":false,"isDraggable":1,"isDeletable":1,"hasElementMoved":false,"eventLog":[{"time":"1702377823952","type":"create node","value":[0]},{"time":"2023-12-12T10:44:20.630Z","type":"position","value":{"x":[1172],"y":[77]}},{"time":"1702377860724","type":"selected","value":[true]},{"time":"1702377861905","type":"text","value":["Vorteile"]},{"time":"1702377861905","type":"selected","value":[false]}],"isTextChangeable":1},{"id":"cc4c48a1-0441-4a0a-91ff-70ddf62d18a1","value":0,"text":"Vorteile","comment":"","position":{"x":1131,"y":285},"isActive":true,"date":1702377824751,"kind":"Node","isSelected":true,"isConnectorSelected":false,"isDraggable":1,"isDeletable":1,"hasElementMoved":false,"eventLog":[{"time":1702377824751,"type":"create node","value":"0"},{"time":1702377862604,"type":"selected","value":"TRUE"},{"time":1702377865273,"type":"text","value":"Vorteile"},{"time":1702377865273,"type":"selected","value":"FALSE"}],"isTextChangeable":1},{"id":"3b3647cb-e2ca-4c55-add3-e51950198a73","value":3,"text":"Nachteile","comment":"","position":{"x":959,"y":128},"isActive":true,"date":1702377839679,"kind":"Node","isSelected":false,"isConnectorSelected":false,"isDraggable":1,"isDeletable":1,"hasElementMoved":false,"eventLog":[{"time":1702377839679,"type":"create node","value":"0"},{"time":1702377839757,"type":"selected","value":"TRUE"},{"time":1702377841497,"type":"value","value":"3"},{"time":1702377841497,"type":"selected","value":"FALSE"},{"time":1702377842005,"type":"selected","value":"TRUE"},{"time":1702377843632,"type":"text","value":"Nachteile"},{"time":1702377843632,"type":"selected","value":"FALSE"}],"isTextChangeable":1},{"id":"c167bf50-3b5c-499c-aff0-2d5f8464b10a","value":0,"text":"Vorteile","comment":"","position":{"x":489,"y":589},"isActive":true,"date":1702377920318,"kind":"Node","isSelected":false,"isConnectorSelected":false,"isDraggable":1,"isDeletable":1,"hasElementMoved":false,"eventLog":[{"time":"1702377920318","type":"create node","value":[0]},{"time":"1702377926900","type":"selected","value":[true]},{"time":"1702377928642","type":"text","value":["Vorteile"]},{"time":"1702377928642","type":"selected","value":[false]},{"time":"2023-12-12T10:45:29.719Z","type":"position","value":{"x":[653],"y":[504]}},{"time":"2023-12-12T10:46:19.305Z","type":"position","value":{"x":[609],"y":[595]}}],"isTextChangeable":1}],"connectors":[{"id":"b3c0454e-57c6-4613-a7ce-4e45878b321a","source":"b910fc26-4028-4331-9a6e-24cf16f45e15","target":"80f815c3-3c06-49b5-83a2-f3fc3b091ad6","agreement":true,"isActive":true,"date":1702377534801,"kind":"Connector","isSelected":false,"intensity":3,"isDeletable":false,"isOver":false,"isBidirectional":false,"eventLog":[{"time":1702377534801,"type":"create connection"}]},{"id":"8bea4e80-6eab-49b9-b3ea-0953fdc97dd5","source":"b910fc26-4028-4331-9a6e-24cf16f45e15","target":"985fb61d-7dd7-4494-91ea-7ac66e8cabb5","agreement":true,"isActive":true,"date":1702377534802,"kind":"Connector","isSelected":false,"intensity":3,"isDeletable":true,"isOver":false,"isBidirectional":false,"eventLog":[{"time":1702377534802,"type":"create connection"}]},{"id":"2800cf63-fb14-41db-9f83-762180359678","source":"80f815c3-3c06-49b5-83a2-f3fc3b091ad6","target":"985fb61d-7dd7-4494-91ea-7ac66e8cabb5","agreement":true,"isActive":true,"date":1702377544591,"kind":"Connector","isSelected":false,"intensity":9,"isDeletable":true,"isOver":false,"isBidirectional":false,"eventLog":[{"time":1702377544591,"type":"create connection"},{"time":1702377604712,"type":"selected","value":1},{"time":1702377605113,"type":"change intensity of connector","value":3},{"time":1702377605113,"type":"selected","value":0},{"time":1702377606107,"type":"selected","value":1},{"time":1702377608720,"type":"change intensity of connector","value":9},{"time":1702377608720,"type":"selected","value":0}]},{"id":"38574462-68b7-4b7b-8323-7621d738aabf","source":"993e4087-714e-4006-a65f-69476b197ab7","target":"a70df45b-1b06-46ca-91ae-513afbd32ba1","agreement":true,"isActive":true,"date":1702377874632,"kind":"Connector","isSelected":false,"intensity":3,"isDeletable":true,"isOver":false,"isBidirectional":false,"eventLog":[{"time":1702377874632,"type":"create connection"}]},{"id":"f0a7d6dc-cad1-4714-974f-87e4f0bcb4fc","source":"c474ef1a-9438-4a97-8140-73cd7918fba0","target":"3b3647cb-e2ca-4c55-add3-e51950198a73","agreement":true,"isActive":true,"date":1702377877582,"kind":"Connector","isSelected":false,"intensity":3,"isDeletable":true,"isOver":false,"isBidirectional":false,"eventLog":[{"time":1702377877582,"type":"create connection"}]},{"id":"21cfb48e-7848-4d74-9dc0-be574bf3d859","source":"8ee3b5d6-b7b9-4916-88cf-ac1f70d6d17f","target":"ee97db8d-1372-4669-999f-b9d5b09ad6d5","agreement":true,"isActive":true,"date":1702377879360,"kind":"Connector","isSelected":false,"intensity":3,"isDeletable":true,"isOver":false,"isBidirectional":false,"eventLog":[{"time":1702377879360,"type":"create connection"}]},{"id":"144648d5-b83a-40b9-8dfb-756cfac14c84","source":"8949c76b-d1c8-404f-94a2-f16666b075ec","target":"ee97db8d-1372-4669-999f-b9d5b09ad6d5","agreement":true,"isActive":true,"date":1702377887135,"kind":"Connector","isSelected":false,"intensity":3,"isDeletable":true,"isOver":false,"isBidirectional":false,"eventLog":[{"time":1702377887135,"type":"create connection"}]},{"id":"9edee62d-20c6-4256-99fe-ec5d23ec9287","source":"a70df45b-1b06-46ca-91ae-513afbd32ba1","target":"a522eb67-feb5-4682-8b12-d33917f65e75","agreement":true,"isActive":true,"date":1702377890313,"kind":"Connector","isSelected":false,"intensity":3,"isDeletable":true,"isOver":false,"isBidirectional":false,"eventLog":[{"time":1702377890313,"type":"create connection"}]},{"id":"f7d363b7-f5a2-4020-8c78-44e4c44cfe28","source":"985fb61d-7dd7-4494-91ea-7ac66e8cabb5","target":"bb0f58ad-24d6-48b6-b6fd-61aed17d5f11","agreement":true,"isActive":true,"date":1702377891928,"kind":"Connector","isSelected":false,"intensity":3,"isDeletable":true,"isOver":false,"isBidirectional":false,"eventLog":[{"time":1702377891928,"type":"create connection"}]},{"id":"a430ca4b-d27b-4ddd-a44d-deeb53071198","source":"cc4c48a1-0441-4a0a-91ff-70ddf62d18a1","target":"7bc2d658-c278-40f1-b9ab-dddfa30ee5ff","agreement":true,"isActive":true,"date":1702377895224,"kind":"Connector","isSelected":false,"intensity":3,"isDeletable":true,"isOver":false,"isBidirectional":false,"eventLog":[{"time":1702377895224,"type":"create connection"}]},{"id":"1dce2bce-180e-4926-ae9b-4b6f9f011a7f","source":"993e4087-714e-4006-a65f-69476b197ab7","target":"7bc2d658-c278-40f1-b9ab-dddfa30ee5ff","agreement":true,"isActive":true,"date":1702377897160,"kind":"Connector","isSelected":false,"intensity":3,"isDeletable":true,"isOver":false,"isBidirectional":false,"eventLog":[{"time":1702377897160,"type":"create connection"}]},{"id":"18c7abd1-5919-44ba-85eb-c73833cbd47a","source":"a522eb67-feb5-4682-8b12-d33917f65e75","target":"3b0938a7-c5b0-44ca-b863-4dcfeb2fb11c","agreement":true,"isActive":true,"date":1702377898801,"kind":"Connector","isSelected":false,"intensity":3,"isDeletable":true,"isOver":false,"isBidirectional":false,"eventLog":[{"time":1702377898801,"type":"create connection"}]},{"id":"dcd7c725-4bc9-46cc-a892-bd3a1820ddbc","source":"b910fc26-4028-4331-9a6e-24cf16f45e15","target":"c167bf50-3b5c-499c-aff0-2d5f8464b10a","agreement":true,"isActive":true,"date":1702377922403,"kind":"Connector","isSelected":false,"intensity":3,"isDeletable":true,"isOver":false,"isBidirectional":false,"eventLog":[{"time":1702377922403,"type":"create connection"}]},{"id":"e8628d64-f6a0-4078-acf9-2459dd349a48","source":"cc4c48a1-0441-4a0a-91ff-70ddf62d18a1","target":"8ee3b5d6-b7b9-4916-88cf-ac1f70d6d17f","agreement":true,"isActive":true,"date":1702377973600,"kind":"Connector","isSelected":false,"intensity":3,"isDeletable":true,"isOver":false,"isBidirectional":false,"eventLog":[{"time":1702377973600,"type":"create connection"}]},{"id":"48f0c3dd-785b-449d-8e37-431d00383129","source":"c474ef1a-9438-4a97-8140-73cd7918fba0","target":"8ee3b5d6-b7b9-4916-88cf-ac1f70d6d17f","agreement":true,"isActive":true,"date":1702377976417,"kind":"Connector","isSelected":false,"intensity":3,"isDeletable":true,"isOver":false,"isBidirectional":false,"eventLog":[{"time":1702377976417,"type":"create connection"}]},{"id":"6a8050cc-2bbd-4b83-9ae7-01af4005b6d9","source":"8949c76b-d1c8-404f-94a2-f16666b075ec","target":"a70df45b-1b06-46ca-91ae-513afbd32ba1","agreement":true,"isActive":true,"date":1702377977920,"kind":"Connector","isSelected":false,"intensity":3,"isDeletable":true,"isOver":false,"isBidirectional":false,"eventLog":[{"time":1702377977920,"type":"create connection"}]},{"id":"a025cba7-e1e9-4a8a-a0b2-504f99f8e584","source":"a70df45b-1b06-46ca-91ae-513afbd32ba1","target":"bb0f58ad-24d6-48b6-b6fd-61aed17d5f11","agreement":true,"isActive":true,"date":1702377986953,"kind":"Connector","isSelected":false,"intensity":3,"isDeletable":true,"isOver":false,"isBidirectional":false,"eventLog":[{"time":1702377986953,"type":"create connection"}]}],"currentID":["cc4c48a1-0441-4a0a-91ff-70ddf62d18a1"],"currentNode":{"id":["cc4c48a1-0441-4a0a-91ff-70ddf62d18a1"],"value":[0],"text":["Vorteile"],"comment":[""],"position":{"x":[1131],"y":[285]},"isActive":[true],"date":[1702377824751],"kind":["Node"],"isSelected":[true],"isConnectorSelected":[false],"isDraggable":[1],"isDeletable":[1],"hasElementMoved":[false],"eventLog":[{"time":1702377824751,"type":"create node","value":"0"},{"time":1702377862604,"type":"selected","value":"TRUE"},{"time":1702377865273,"type":"text","value":"Vorteile"},{"time":1702377865273,"type":"selected","value":"FALSE"}],"isTextChangeable":[1]},"hasSelectedNode":[true],"currentConnector":{},"hasSelectedConnector":[false],"readyToMove":[false],"isIncoming":[false],"hasElementMoved":[false]}
