{"idCAM":["a041fc15-059c-4092-9f14-2a3397bc0001"],"creator":["6560c1ff0b97f1d037b3c2dd_pre"],"projectCAM":["S2_CAM part 1"],"defocusCAM":["NA",2138,2694],"date":[1702317182184],"nodes":[{"id":"3ff27d64-dc00-48a4-be9e-57bc381018ae","value":1,"text":"rescue robot","comment":"","position":{"x":650,"y":400},"isActive":true,"date":1702317183089,"kind":"Node","isSelected":false,"isConnectorSelected":false,"isDraggable":0,"isDeletable":0,"hasElementMoved":false,"eventLog":[{"time":1702317183089,"type":"create node","value":0},{"time":1702317190900,"type":"selected","value":1},{"time":1702317197567,"type":"value","value":1},{"time":1702317197567,"type":"selected","value":0},{"time":1702317986965,"type":"selected","value":1},{"time":1702317987664,"type":"selected","value":0}],"isTextChangeable":0},{"id":"1fa08479-a6da-4952-8ab9-d50cb1a7c25f","value":-3,"text":"disadvantages","comment":"","position":{"x":450,"y":400},"isActive":true,"date":1702317183089,"kind":"Node","isSelected":false,"isConnectorSelected":false,"isDraggable":0,"isDeletable":0,"hasElementMoved":false,"eventLog":[{"time":1702317183089,"type":"create node","value":0},{"time":1702317204139,"type":"selected","value":1},{"time":1702317207027,"type":"value","value":-3},{"time":1702317207027,"type":"selected","value":0}],"isTextChangeable":0},{"id":"69c294d8-17b8-4e65-9bba-23b2555f7c14","value":3,"text":"advantages","comment":"","position":{"x":850,"y":400},"isActive":true,"date":1702317183089,"kind":"Node","isSelected":false,"isConnectorSelected":true,"isDraggable":0,"isDeletable":0,"hasElementMoved":false,"eventLog":[{"time":1702317183089,"type":"create node","value":0},{"time":1702317199101,"type":"selected","value":1},{"time":1702317202039,"type":"value","value":3},{"time":1702317202039,"type":"selected","value":0},{"time":1702317395997,"type":"selected","value":1},{"time":1702317397495,"type":"selected","value":0},{"time":1702317957474,"type":"selected","value":1},{"time":1702317959952,"type":"selected","value":0}],"isTextChangeable":0},{"id":"ea859157-70e7-4dae-9ffa-63855f854b83","value":-1,"text":"discriminatory algorithms","comment":"Problematic, but if not written by AI, manageable","position":{"x":350,"y":295},"isActive":true,"date":1702317207546,"kind":"Node","isSelected":false,"isConnectorSelected":false,"isDraggable":1,"isDeletable":1,"hasElementMoved":false,"eventLog":[{"time":1702317207546,"type":"create node","value":"0"},{"time":1702317216099,"type":"selected","value":"TRUE"},{"time":1702317273214,"type":"text","value":"Diskriminierende Algorithmen"},{"time":1702317273214,"type":"comment","value":"Problematisch, aber falls nich"},{"time":1702317273214,"type":"selected","value":"FALSE"},{"time":1702317274445,"type":"selected","value":"TRUE"},{"time":1702317295794,"type":"value","value":"-1"},{"time":1702317295794,"type":"comment","value":"Problematisch, aber falls nicht von KI geschrieben, händelbar"},{"time":1702317295794,"type":"selected","value":"FALSE"},{"time":1702317506887,"type":"selected","value":"TRUE"},{"time":1702317509696,"type":"selected","value":"FALSE"}],"isTextChangeable":1},{"id":"7ac969f5-787b-42e7-819e-844dc3b9b069","value":0,"text":"","comment":"","position":{"x":339,"y":266},"isActive":false,"date":1702317211231,"kind":"Node","isSelected":false,"isConnectorSelected":false,"isDraggable":1,"isDeletable":1,"hasElementMoved":false,"eventLog":[{"time":1702317211231,"type":"create node","value":0},{"time":1702317213597,"type":"selected","value":1},{"time":1702317215104,"type":"node was deleted","value":-99}],"isTextChangeable":1},{"id":"8941ce4e-dc52-4941-9661-0dc6c13d6748","value":-3,"text":"commitment for war","comment":"How does one prevent rescue robots from falling into the wrong hands? Especially with the creation of maps, this is very problematic in terms of planning attacks.","position":{"x":316,"y":500},"isActive":true,"date":1702317305921,"kind":"Node","isSelected":false,"isConnectorSelected":false,"isDraggable":1,"isDeletable":1,"hasElementMoved":false,"eventLog":[{"time":1702317305921,"type":"create node","value":"0"},{"time":1702317307526,"type":"selected","value":"TRUE"},{"time":1702317384702,"type":"text","value":"Einsatz für Krieg"},{"time":1702317384702,"type":"value","value":"-3"},{"time":1702317384702,"type":"comment","value":"Wie verhindert man das die Rettungsroboter nicht in die falschen Hände geraten? Gerade mit Erstellung von Karten sehr problematisch hinsichtlich Planung von Anschlägen"},{"time":1702317384702,"type":"selected","value":"FALSE"},{"time":1702317578246,"type":"selected","value":"TRUE"},{"time":1702317582098,"type":"selected","value":"FALSE"}],"isTextChangeable":1},{"id":"4854f9e0-bbb0-4525-bf22-2d51fee646b5","value":3,"text":"saving lives","comment":"Lives can be saved that might otherwise not be saved","position":{"x":972,"y":303},"isActive":true,"date":1702317399093,"kind":"Node","isSelected":false,"isConnectorSelected":false,"isDraggable":1,"isDeletable":1,"hasElementMoved":false,"eventLog":[{"time":1702317399093,"type":"create node","value":"0"},{"time":1702317399249,"type":"selected","value":"TRUE"},{"time":1702317440187,"type":"text","value":"Retten von Leben"},{"time":1702317440187,"type":"comment","value":"Es können Leben gerettet werden die möglicherweise sonst nicht gerettet werden können"},{"time":1702317440187,"type":"selected","value":"FALSE"},{"time":1702317440947,"type":"selected","value":"TRUE"},{"time":1702317444567,"type":"value","value":"3"},{"time":1702317444567,"type":"selected","value":"FALSE"},{"time":1702317862322,"type":"selected","value":"TRUE"},{"time":1702317869530,"type":"selected","value":"FALSE"}],"isTextChangeable":1},{"id":"9c37c3f4-2143-43fd-8ce6-f0fa7ab7cfef","value":3,"text":"efficient enlightenment work","comment":"Through algorithms, cards can be read and created faster","position":{"x":999,"y":430},"isActive":true,"date":1702317453504,"kind":"Node","isSelected":false,"isConnectorSelected":false,"isDraggable":1,"isDeletable":1,"hasElementMoved":false,"eventLog":[{"time":1702317453504,"type":"create node","value":"0"},{"time":1702317453641,"type":"selected","value":"TRUE"},{"time":1702317493447,"type":"text","value":"effiziente Aufklärungsarbeit "},{"time":1702317493447,"type":"value","value":"3"},{"time":1702317493447,"type":"comment","value":"Durch Algorithmen können Karten schneller ausgelesen und erstellt werden"},{"time":1702317493447,"type":"selected","value":"FALSE"},{"time":1702317496888,"type":"selected","value":"TRUE"},{"time":1702317499131,"type":"selected","value":"FALSE"}],"isTextChangeable":1},{"id":"fa8a5d53-020e-4e3f-a7a0-62918f44e60f","value":-3,"text":"faulty algorithms","comment":"Mistake in software not unlikely","position":{"x":249,"y":387},"isActive":true,"date":1702317510812,"kind":"Node","isSelected":false,"isConnectorSelected":false,"isDraggable":1,"isDeletable":1,"hasElementMoved":false,"eventLog":[{"time":1702317510812,"type":"create node","value":"0"},{"time":1702317511691,"type":"selected","value":"TRUE"},{"time":1702317530642,"type":"text","value":"Fehlerhafte Algorithmen"},{"time":1702317530642,"type":"value","value":"-3"},{"time":1702317530642,"type":"selected","value":"FALSE"},{"time":1702317531999,"type":"selected","value":"TRUE"},{"time":1702317560214,"type":"comment","value":"Fehler in SW nicht unwahrscheinlich"},{"time":1702317560214,"type":"selected","value":"FALSE"}],"isTextChangeable":1},{"id":"ad7834cf-9b3c-4821-8bf6-1fb39721c6d3","value":1,"text":"limited sale","comment":"Only sell and lend robots under strict conditions","position":{"x":481,"y":501},"isActive":true,"date":1702317582608,"kind":"Node","isSelected":false,"isConnectorSelected":false,"isDraggable":1,"isDeletable":1,"hasElementMoved":false,"eventLog":[{"time":"1702317582608","type":"create node","value":[0]},{"time":"1702317585141","type":"selected","value":[true]},{"time":"1702317585905","type":"selected","value":[false]},{"time":"1702317590215","type":"selected","value":[true]},{"time":"1702317634171","type":"text","value":["Begrenzter Verkauf "]},{"time":"1702317634171","type":"value","value":[1]},{"time":"1702317634171","type":"comment","value":["Roboter nur unter strengen Auflagen verkaufen und leihen"]},{"time":"1702317634171","type":"selected","value":[false]},{"time":"2023-12-11T18:02:22.416Z","type":"position","value":{"x":[484],"y":[571]}},{"time":"1702317746604","type":"selected","value":[true]},{"time":"1702317747902","type":"selected","value":[false]}],"isTextChangeable":1},{"id":"d1b4a25f-0848-4427-8ef8-43e0c9ac13f4","value":10,"text":"limit SWFeatures","comment":"Do not include any features that could be used for war in robots, but this is also problematic as it lacks important functions for rescue robots.","position":{"x":316,"y":648},"isActive":true,"date":1702317639446,"kind":"Node","isSelected":false,"isConnectorSelected":false,"isDraggable":1,"isDeletable":1,"hasElementMoved":false,"eventLog":[{"time":"1702317639446","type":"create node","value":[0]},{"time":"1702317640348","type":"selected","value":[true]},{"time":"1702317721709","type":"text","value":["SWFeatures begrenzen"]},{"time":"1702317721709","type":"value","value":[10]},{"time":"1702317721709","type":"comment","value":["keine Features die für Krieg verwendet werden könnten in Roboter einbauen, aber auch problematisch, da dadurch wichtige Funktionen für Rettungsroboter fehlen"]},{"time":"1702317721709","type":"selected","value":[false]},{"time":"1702317723771","type":"selected","value":[true]},{"time":"1702317727604","type":"selected","value":[false]},{"time":"2023-12-11T18:02:17.121Z","type":"position","value":{"x":[314],"y":[590]}}],"isTextChangeable":1},{"id":"24c4b92e-6208-4d04-8df2-c0ec54189d81","value":0,"text":"","comment":"","position":{"x":332,"y":645},"isActive":false,"date":1702317728021,"kind":"Node","isSelected":false,"isConnectorSelected":false,"isDraggable":1,"isDeletable":1,"hasElementMoved":false,"eventLog":[{"time":1702317728021,"type":"create node","value":0},{"time":1702317730172,"type":"node was deleted","value":-77}],"isTextChangeable":1},{"id":"3adf1557-58a6-47b1-90b0-948993821e13","value":-2,"text":"requirements and review","comment":"what requirements? how are these checked?","position":{"x":482,"y":648},"isActive":true,"date":1702317749576,"kind":"Node","isSelected":false,"isConnectorSelected":false,"isDraggable":1,"isDeletable":1,"hasElementMoved":false,"eventLog":[{"time":"1702317749576","type":"create node","value":[0]},{"time":"1702317750990","type":"selected","value":[true]},{"time":"1702317771360","type":"text","value":["Auflagen"]},{"time":"1702317771360","type":"value","value":[-2]},{"time":"1702317771360","type":"comment","value":["welche Auflagen?"]},{"time":"1702317771360","type":"selected","value":[false]},{"time":"1702317780326","type":"selected","value":[true]},{"time":"1702317804607","type":"text","value":["Auflagen und Überprüfung"]},{"time":"1702317804607","type":"comment","value":["welche Auflagen? wie werden diese überprüft?"]},{"time":"1702317804607","type":"selected","value":[false]},{"time":"2023-12-11T18:03:30.603Z","type":"position","value":{"x":[607],"y":[578]}}],"isTextChangeable":1},{"id":"82640203-a81e-4405-aa16-cd27636db7a1","value":1,"text":"assess damage","comment":"The damage from, for example, earthquakes could be assessed more quickly and potentially costs could be calculated","position":{"x":921,"y":518},"isActive":true,"date":1702317870440,"kind":"Node","isSelected":false,"isConnectorSelected":false,"isDraggable":1,"isDeletable":1,"hasElementMoved":false,"eventLog":[{"time":1702317870440,"type":"create node","value":"0"},{"time":1702317870541,"type":"selected","value":"TRUE"},{"time":1702317937722,"type":"text","value":"Schaden einschätzen"},{"time":1702317937722,"type":"value","value":"1"},{"time":1702317937722,"type":"comment","value":"Der Schaden von bspw. Erbeben könnte schneller eingeschätzt werden und eventuell Kosten berechnet werden"},{"time":1702317937722,"type":"selected","value":"FALSE"}],"isTextChangeable":1},{"id":"e1155e18-2734-43fd-8fe7-47ddadee0139","value":3,"text":"find victims","comment":"","position":{"x":831,"y":267},"isActive":true,"date":1702317965138,"kind":"Node","isSelected":false,"isConnectorSelected":false,"isDraggable":1,"isDeletable":1,"hasElementMoved":false,"eventLog":[{"time":1702317965138,"type":"create node","value":"0"},{"time":1702317968112,"type":"selected","value":"TRUE"},{"time":1702317985226,"type":"text","value":"Auffinden Opfer"},{"time":1702317985226,"type":"value","value":"3"},{"time":1702317985226,"type":"selected","value":"FALSE"}],"isTextChangeable":1},{"id":"3fac0e5a-774a-4119-bba8-137d9dc0fac0","value":0,"text":"Diskussion","comment":"","position":{"x":634,"y":221},"isActive":false,"date":1702317988763,"kind":"Node","isSelected":false,"isConnectorSelected":false,"isDraggable":1,"isDeletable":1,"hasElementMoved":false,"eventLog":[{"time":1702317988763,"type":"create node","value":0},{"time":1702317991040,"type":"selected","value":1},{"time":1702318001633,"type":"selected","value":0},{"time":1702318003231,"type":"selected","value":1},{"time":1702318014274,"type":"node was deleted","value":-99}],"isTextChangeable":1},{"id":"25e6d110-be1c-4521-aa45-98946be78ded","value":3,"text":"rescue efficient and","comment":"","position":{"x":793,"y":558},"isActive":true,"date":1702318040834,"kind":"Node","isSelected":false,"isConnectorSelected":true,"isDraggable":1,"isDeletable":1,"hasElementMoved":false,"eventLog":[{"time":1702318040834,"type":"create node","value":"0"},{"time":1702318041949,"type":"selected","value":"TRUE"},{"time":1702318055568,"type":"text","value":"Rettung effizient und "},{"time":1702318055568,"type":"value","value":"3"},{"time":1702318055568,"type":"selected","value":"FALSE"}],"isTextChangeable":1}],"connectors":[{"id":"680a287d-5c43-4b1c-a306-85826581dc6f","source":"3ff27d64-dc00-48a4-be9e-57bc381018ae","target":"1fa08479-a6da-4952-8ab9-d50cb1a7c25f","agreement":true,"isActive":true,"date":1702317183089,"kind":"Connector","isSelected":false,"intensity":3,"isDeletable":false,"isOver":false,"isBidirectional":false,"eventLog":[{"time":1702317183090,"type":"create connection"}]},{"id":"54023b64-0a92-4abd-832f-e7bd1ab039ae","source":"3ff27d64-dc00-48a4-be9e-57bc381018ae","target":"69c294d8-17b8-4e65-9bba-23b2555f7c14","agreement":true,"isActive":true,"date":1702317183090,"kind":"Connector","isSelected":false,"intensity":3,"isDeletable":true,"isOver":false,"isBidirectional":false,"eventLog":[{"time":1702317183090,"type":"create connection"}]},{"id":"4eac5756-1db4-46f6-8039-a92bceb97a4a","source":"1fa08479-a6da-4952-8ab9-d50cb1a7c25f","target":"ea859157-70e7-4dae-9ffa-63855f854b83","agreement":true,"isActive":true,"date":1702317297796,"kind":"Connector","isSelected":false,"intensity":9,"isDeletable":true,"isOver":false,"isBidirectional":false,"eventLog":[{"time":1702317297796,"type":"create connection"},{"time":1702317300787,"type":"selected","value":1},{"time":1702317305073,"type":"change intensity of connector","value":9},{"time":1702317305073,"type":"selected","value":0}]},{"id":"8695dcc6-19bb-4851-8acd-d695be0630b1","source":"8941ce4e-dc52-4941-9661-0dc6c13d6748","target":"1fa08479-a6da-4952-8ab9-d50cb1a7c25f","agreement":true,"isActive":true,"date":1702317387034,"kind":"Connector","isSelected":false,"intensity":9,"isDeletable":true,"isOver":false,"isBidirectional":false,"eventLog":[{"time":1702317387034,"type":"create connection"},{"time":1702317388434,"type":"selected","value":1},{"time":1702317394231,"type":"change intensity of connector","value":9},{"time":1702317394231,"type":"selected","value":0}]},{"id":"23e03092-01af-46f2-929c-e9e5d15ee239","source":"69c294d8-17b8-4e65-9bba-23b2555f7c14","target":"4854f9e0-bbb0-4525-bf22-2d51fee646b5","agreement":true,"isActive":true,"date":1702317445923,"kind":"Connector","isSelected":false,"intensity":9,"isDeletable":true,"isOver":false,"isBidirectional":false,"eventLog":[{"time":1702317445923,"type":"create connection"},{"time":1702317447354,"type":"selected","value":1},{"time":1702317449663,"type":"change intensity of connector","value":9},{"time":1702317449663,"type":"selected","value":0}]},{"id":"6169d2bd-6e9e-4a7c-ae33-2ee10a50026a","source":"9c37c3f4-2143-43fd-8ce6-f0fa7ab7cfef","target":"69c294d8-17b8-4e65-9bba-23b2555f7c14","agreement":true,"isActive":true,"date":1702317495758,"kind":"Connector","isSelected":false,"intensity":9,"isDeletable":true,"isOver":false,"isBidirectional":false,"eventLog":[{"time":1702317495758,"type":"create connection"},{"time":1702317500448,"type":"selected","value":1},{"time":1702317506097,"type":"change intensity of connector","value":9},{"time":1702317506097,"type":"selected","value":0}]},{"id":"ca72e686-937f-4794-8ba2-849a2f70acf8","source":"fa8a5d53-020e-4e3f-a7a0-62918f44e60f","target":"1fa08479-a6da-4952-8ab9-d50cb1a7c25f","agreement":true,"isActive":true,"date":1702317561660,"kind":"Connector","isSelected":false,"intensity":9,"isDeletable":true,"isOver":false,"isBidirectional":false,"eventLog":[{"time":1702317561660,"type":"create connection"},{"time":1702317564536,"type":"selected","value":1},{"time":1702317568092,"type":"change intensity of connector","value":9},{"time":1702317568092,"type":"selected","value":0}]},{"id":"2423f3fc-2055-4f82-b53d-45ad6e0aaaf2","source":"fa8a5d53-020e-4e3f-a7a0-62918f44e60f","target":"ea859157-70e7-4dae-9ffa-63855f854b83","agreement":true,"isActive":true,"date":1702317569683,"kind":"Connector","isSelected":false,"intensity":3,"isDeletable":true,"isOver":false,"isBidirectional":false,"eventLog":[{"time":1702317569683,"type":"create connection"}]},{"id":"d2389023-52e9-4f0b-88ef-c0a986de3008","source":"8941ce4e-dc52-4941-9661-0dc6c13d6748","target":"ad7834cf-9b3c-4821-8bf6-1fb39721c6d3","agreement":false,"isActive":true,"date":1702317584245,"kind":"Connector","isSelected":false,"intensity":3,"isDeletable":true,"isOver":false,"isBidirectional":false,"eventLog":[{"time":1702317584245,"type":"create connection"},{"time":1702317586046,"type":"selected","value":1},{"time":1702317590092,"type":"change intensity of connector","value":-3},{"time":1702317590092,"type":"selected","value":0}]},{"id":"b709fa8a-04f3-490a-9517-3b7b794492f3","source":"8941ce4e-dc52-4941-9661-0dc6c13d6748","target":"d1b4a25f-0848-4427-8ef8-43e0c9ac13f4","agreement":false,"isActive":true,"date":1702317722799,"kind":"Connector","isSelected":false,"intensity":9,"isDeletable":true,"isOver":false,"isBidirectional":false,"eventLog":[{"time":1702317722799,"type":"create connection"},{"time":1702317731417,"type":"selected","value":1},{"time":1702317734174,"type":"change intensity of connector","value":-9},{"time":1702317734174,"type":"selected","value":0}]},{"id":"1af1d547-044a-4f52-af08-377589627afa","source":"ad7834cf-9b3c-4821-8bf6-1fb39721c6d3","target":"3adf1557-58a6-47b1-90b0-948993821e13","agreement":false,"isActive":true,"date":1702317772744,"kind":"Connector","isSelected":false,"intensity":6,"isDeletable":true,"isOver":false,"isBidirectional":false,"eventLog":[{"time":1702317772744,"type":"create connection"},{"time":1702317774520,"type":"selected","value":1},{"time":1702317780215,"type":"change intensity of connector","value":-6},{"time":1702317780215,"type":"selected","value":0},{"time":1702317807545,"type":"selected","value":1},{"time":1702317809609,"type":"change intensity of connector","value":-6},{"time":1702317809609,"type":"selected","value":0}]},{"id":"cfabdbb3-7cb7-409f-a292-934470f021a1","source":"82640203-a81e-4405-aa16-cd27636db7a1","target":"69c294d8-17b8-4e65-9bba-23b2555f7c14","agreement":true,"isActive":true,"date":1702317939335,"kind":"Connector","isSelected":false,"intensity":3,"isDeletable":true,"isOver":false,"isBidirectional":false,"eventLog":[{"time":1702317939335,"type":"create connection"},{"time":1702317940448,"type":"selected","value":1},{"time":1702317944142,"type":"change intensity of connector","value":3},{"time":1702317944142,"type":"selected","value":0}]},{"id":"f8b5a71c-12fd-420e-947b-1910e40763ca","source":"e1155e18-2734-43fd-8fe7-47ddadee0139","target":"69c294d8-17b8-4e65-9bba-23b2555f7c14","agreement":true,"isActive":true,"date":1702318015761,"kind":"Connector","isSelected":false,"intensity":9,"isDeletable":true,"isOver":false,"isBidirectional":false,"eventLog":[{"time":1702318015761,"type":"create connection"},{"time":1702318017865,"type":"selected","value":1},{"time":1702318020447,"type":"change intensity of connector","value":9},{"time":1702318020447,"type":"selected","value":0}]},{"id":"ea20605f-09e4-420b-b577-3f09bed33cf7","source":"69c294d8-17b8-4e65-9bba-23b2555f7c14","target":"25e6d110-be1c-4521-aa45-98946be78ded","agreement":true,"isActive":true,"date":1702318057931,"kind":"Connector","isSelected":false,"intensity":9,"isDeletable":true,"isOver":false,"isBidirectional":false,"eventLog":[{"time":1702318057931,"type":"create connection"},{"time":1702318059069,"type":"selected","value":1},{"time":1702318061212,"type":"change intensity of connector","value":9},{"time":1702318061212,"type":"selected","value":0}]}],"currentID":["ea20605f-09e4-420b-b577-3f09bed33cf7"],"currentNode":{},"hasSelectedNode":[false],"currentConnector":{"id":["ea20605f-09e4-420b-b577-3f09bed33cf7"],"value":{},"source":["69c294d8-17b8-4e65-9bba-23b2555f7c14"],"target":["25e6d110-be1c-4521-aa45-98946be78ded"],"agreement":[true],"isActive":[true],"date":[1702318057931],"kind":["Connector"],"isSelected":[false],"intensity":[9],"isDeletable":[true],"isOver":[false],"isBidirectional":[false],"eventLog":[{"time":1702318057931,"type":"create connection"},{"time":1702318059069,"type":"selected","value":1},{"time":1702318061212,"type":"change intensity of connector","value":9},{"time":1702318061212,"type":"selected","value":0}]},"hasSelectedConnector":[true],"readyToMove":[false],"isIncoming":[false],"hasElementMoved":[false]}
