{"idCAM":["285a8bb6-a93b-4270-8cb5-29121336b0ee"],"creator":["6565f2ba13586fa869dd3b28_post"],"projectCAM":["S2_CAM part 2"],"defocusCAM":[],"date":[1702311182200],"nodes":[{"id":"03842db0-9841-4463-9323-7490915893e8","value":0,"text":"rescue robot","comment":"","position":{"x":650,"y":400},"isActive":true,"date":1702311183114,"kind":"Node","isSelected":false,"isConnectorSelected":false,"isDraggable":0,"isDeletable":0,"hasElementMoved":false,"eventLog":[{"time":1702311183114,"type":"create node","value":0}],"isTextChangeable":0},{"id":"f3f291bc-8839-4b1f-9f72-dfc2d24efb67","value":-1,"text":"disadvantages","comment":"","position":{"x":450,"y":400},"isActive":true,"date":1702311183114,"kind":"Node","isSelected":false,"isConnectorSelected":false,"isDraggable":0,"isDeletable":0,"hasElementMoved":false,"eventLog":[{"time":1702311183114,"type":"create node","value":-1}],"isTextChangeable":0},{"id":"f0c449db-066f-4eef-89c4-9de278d4a735","value":0,"text":"advantages","comment":"","position":{"x":850,"y":400},"isActive":true,"date":1702311183114,"kind":"Node","isSelected":false,"isConnectorSelected":false,"isDraggable":0,"isDeletable":0,"hasElementMoved":false,"eventLog":[{"time":1702311183114,"type":"create node","value":0}],"isTextChangeable":0},{"id":"60bdeb0f-59c0-4ce8-9ff3-6c71590bbc09","value":3,"text":"cover dangerous areas","comment":"","position":{"x":954,"y":261},"isActive":true,"date":1702311183114,"kind":"Node","isSelected":false,"isConnectorSelected":false,"isDraggable":1,"isDeletable":1,"hasElementMoved":false,"eventLog":[{"time":1702311183114,"type":"create node","value":3}],"isTextChangeable":1},{"id":"d612c4aa-a883-4a70-9af7-dd00046a8345","value":3,"text":"cover inaccessible places","comment":"","position":{"x":924,"y":513},"isActive":true,"date":1702311183114,"kind":"Node","isSelected":false,"isConnectorSelected":false,"isDraggable":1,"isDeletable":1,"hasElementMoved":false,"eventLog":[{"time":1702311183114,"type":"create node","value":3}],"isTextChangeable":1},{"id":"eaa70511-2a49-4000-b6a8-4d8c70ceb159","value":2,"text":"clear rubble","comment":"","position":{"x":788,"y":529},"isActive":true,"date":1702311183114,"kind":"Node","isSelected":false,"isConnectorSelected":false,"isDraggable":1,"isDeletable":1,"hasElementMoved":false,"eventLog":[{"time":1702311183114,"type":"create node","value":2}],"isTextChangeable":1},{"id":"78f23171-e9b6-4c39-a6af-f7217fe5ab04","value":0,"text":"search for victims","comment":"","position":{"x":754,"y":261},"isActive":true,"date":1702311183114,"kind":"Node","isSelected":false,"isConnectorSelected":false,"isDraggable":1,"isDeletable":1,"hasElementMoved":false,"eventLog":[{"time":1702311183114,"type":"create node","value":0}],"isTextChangeable":1},{"id":"ea352778-dfd2-4ceb-b6e0-55ad5a6f9cc2","value":1,"text":"reliability","comment":"","position":{"x":1020,"y":411},"isActive":true,"date":1702311183114,"kind":"Node","isSelected":false,"isConnectorSelected":false,"isDraggable":1,"isDeletable":1,"hasElementMoved":false,"eventLog":[{"time":1702311183114,"type":"create node","value":1}],"isTextChangeable":1},{"id":"343312a7-ff95-40b0-8032-2eb3d25f3203","value":-2,"text":"algorithms faulty","comment":"","position":{"x":376,"y":557},"isActive":true,"date":1702311183114,"kind":"Node","isSelected":false,"isConnectorSelected":false,"isDraggable":1,"isDeletable":1,"hasElementMoved":false,"eventLog":[{"time":1702311183114,"type":"create node","value":-2}],"isTextChangeable":1},{"id":"ea970b83-9a3b-4d45-8026-27b20304e95c","value":-2,"text":"abuse","comment":"","position":{"x":444,"y":257},"isActive":true,"date":1702311183114,"kind":"Node","isSelected":false,"isConnectorSelected":false,"isDraggable":1,"isDeletable":1,"hasElementMoved":false,"eventLog":[{"time":1702311183114,"type":"create node","value":-2}],"isTextChangeable":1},{"id":"0158927d-448f-44a6-8370-2dc7ef22e08d","value":0,"text":"remote control > autonomy","comment":"","position":{"x":560,"y":553},"isActive":true,"date":1702311183114,"kind":"Node","isSelected":false,"isConnectorSelected":false,"isDraggable":1,"isDeletable":1,"hasElementMoved":false,"eventLog":[{"time":1702311183114,"type":"create node","value":0}],"isTextChangeable":1},{"id":"c4b15d38-666e-4299-a2ba-cdf165a28a9f","value":-3,"text":"technical failure","comment":"","position":{"x":190,"y":379},"isActive":true,"date":1702311183114,"kind":"Node","isSelected":false,"isConnectorSelected":false,"isDraggable":1,"isDeletable":1,"hasElementMoved":false,"eventLog":[{"time":1702311183114,"type":"create node","value":-3}],"isTextChangeable":1},{"id":"2f9bd03d-a7c5-4208-94e4-e48ba090fbe0","value":1,"text":"precision & accuracy","comment":"","position":{"x":808,"y":173},"isActive":true,"date":1702311183114,"kind":"Node","isSelected":false,"isConnectorSelected":false,"isDraggable":1,"isDeletable":1,"hasElementMoved":false,"eventLog":[{"time":1702311183114,"type":"create node","value":1}],"isTextChangeable":1},{"id":"7511c818-c8fa-46d8-8768-c3fd6952a192","value":-2,"text":"accuracy requirement","comment":"","position":{"x":582,"y":245},"isActive":true,"date":1702311190179,"kind":"Node","isSelected":false,"isConnectorSelected":false,"isDraggable":1,"isDeletable":1,"hasElementMoved":false,"eventLog":[{"time":1702311190179,"type":"create node","value":"0"},{"time":1702311190302,"type":"selected","value":"TRUE"},{"time":1702311203601,"type":"text","value":"Genauiigkeitsanforderung"},{"time":1702311203601,"type":"value","value":"-2"},{"time":1702311203601,"type":"selected","value":"FALSE"}],"isTextChangeable":1},{"id":"49573ca3-d4cd-41c6-b9b3-11721b72c506","value":0,"text":"","comment":"","position":{"x":694,"y":623},"isActive":false,"date":1702311210448,"kind":"Node","isSelected":false,"isConnectorSelected":false,"isDraggable":1,"isDeletable":1,"hasElementMoved":false,"eventLog":[{"time":1702311210448,"type":"create node","value":0},{"time":1702311215284,"type":"node was deleted","value":-77}],"isTextChangeable":1},{"id":"999af23e-5742-4ca0-b4e6-7d30212aff25","value":-1,"text":"damage not excluded","comment":"the soft material can get damaged faster and thereby become defective","position":{"x":262,"y":221},"isActive":true,"date":1702311231308,"kind":"Node","isSelected":false,"isConnectorSelected":false,"isDraggable":1,"isDeletable":1,"hasElementMoved":false,"eventLog":[{"time":1702311231308,"type":"create node","value":"0"},{"time":1702311234501,"type":"selected","value":"TRUE"},{"time":1702311277697,"type":"text","value":"Beschädigung nicht ausschließbar"},{"time":1702311277697,"type":"value","value":"-1"},{"time":1702311277697,"type":"comment","value":"das weiche Material kann schneller beschädigen und dadurch fehlerhaft werden\n"},{"time":1702311277697,"type":"selected","value":"FALSE"}],"isTextChangeable":1}],"connectors":[{"id":"21687e33-eadb-432a-91aa-b2f8ecdb1c24","source":"03842db0-9841-4463-9323-7490915893e8","target":"f3f291bc-8839-4b1f-9f72-dfc2d24efb67","agreement":true,"isActive":true,"date":1702311183114,"kind":"Connector","isSelected":false,"intensity":3,"isDeletable":false,"isOver":false,"isBidirectional":false,"eventLog":[{"time":1702311183114,"type":"create connection"}]},{"id":"1dec6d93-732b-439c-bc33-1bb7b8bf1c8f","source":"03842db0-9841-4463-9323-7490915893e8","target":"f0c449db-066f-4eef-89c4-9de278d4a735","agreement":true,"isActive":true,"date":1702311183114,"kind":"Connector","isSelected":false,"intensity":3,"isDeletable":true,"isOver":false,"isBidirectional":false,"eventLog":[{"time":1702311183114,"type":"create connection"}]},{"id":"a3d86209-bf3f-4b57-bae8-36625c25709a","source":"d612c4aa-a883-4a70-9af7-dd00046a8345","target":"f0c449db-066f-4eef-89c4-9de278d4a735","agreement":true,"isActive":true,"date":1702311183115,"kind":"Connector","isSelected":false,"intensity":6,"isDeletable":true,"isOver":false,"isBidirectional":false,"eventLog":[{"time":1702311183115,"type":"create connection"}]},{"id":"353f7e52-edc1-4fd1-bdaa-787fb3708cd8","source":"60bdeb0f-59c0-4ce8-9ff3-6c71590bbc09","target":"f0c449db-066f-4eef-89c4-9de278d4a735","agreement":true,"isActive":true,"date":1702311183115,"kind":"Connector","isSelected":false,"intensity":3,"isDeletable":true,"isOver":false,"isBidirectional":false,"eventLog":[{"time":1702311183115,"type":"create connection"}]},{"id":"8558e703-48dc-44a2-a648-34aab4083dd2","source":"f0c449db-066f-4eef-89c4-9de278d4a735","target":"eaa70511-2a49-4000-b6a8-4d8c70ceb159","agreement":true,"isActive":true,"date":1702311183115,"kind":"Connector","isSelected":false,"intensity":9,"isDeletable":true,"isOver":false,"isBidirectional":false,"eventLog":[{"time":1702311183115,"type":"create connection"}]},{"id":"fa88488a-bad1-4e7f-a669-2f8dace1bb73","source":"78f23171-e9b6-4c39-a6af-f7217fe5ab04","target":"03842db0-9841-4463-9323-7490915893e8","agreement":true,"isActive":true,"date":1702311183115,"kind":"Connector","isSelected":false,"intensity":3,"isDeletable":true,"isOver":false,"isBidirectional":false,"eventLog":[{"time":1702311183115,"type":"create connection"}]},{"id":"c82084fc-cc43-4229-80a7-092e991dc7a4","source":"03842db0-9841-4463-9323-7490915893e8","target":"eaa70511-2a49-4000-b6a8-4d8c70ceb159","agreement":true,"isActive":true,"date":1702311183115,"kind":"Connector","isSelected":false,"intensity":6,"isDeletable":true,"isOver":false,"isBidirectional":false,"eventLog":[{"time":1702311183115,"type":"create connection"}]},{"id":"fb7e2d8a-c069-45c5-a9fd-28343bd07779","source":"ea352778-dfd2-4ceb-b6e0-55ad5a6f9cc2","target":"f0c449db-066f-4eef-89c4-9de278d4a735","agreement":true,"isActive":true,"date":1702311183115,"kind":"Connector","isSelected":false,"intensity":3,"isDeletable":true,"isOver":false,"isBidirectional":false,"eventLog":[{"time":1702311183115,"type":"create connection"}]},{"id":"79b152a3-0789-4030-bc43-b426b916d0fb","source":"f3f291bc-8839-4b1f-9f72-dfc2d24efb67","target":"343312a7-ff95-40b0-8032-2eb3d25f3203","agreement":true,"isActive":true,"date":1702311183115,"kind":"Connector","isSelected":false,"intensity":3,"isDeletable":true,"isOver":false,"isBidirectional":false,"eventLog":[{"time":1702311183115,"type":"create connection"}]},{"id":"f682fd71-f2ba-4c12-a91a-d605e5c5e00d","source":"f3f291bc-8839-4b1f-9f72-dfc2d24efb67","target":"ea970b83-9a3b-4d45-8026-27b20304e95c","agreement":true,"isActive":true,"date":1702311183115,"kind":"Connector","isSelected":false,"intensity":3,"isDeletable":true,"isOver":false,"isBidirectional":false,"eventLog":[{"time":1702311183115,"type":"create connection"}]},{"id":"f6faceee-1f5c-41dc-8bb0-9ad49e9f3dc0","source":"0158927d-448f-44a6-8370-2dc7ef22e08d","target":"03842db0-9841-4463-9323-7490915893e8","agreement":true,"isActive":true,"date":1702311183116,"kind":"Connector","isSelected":false,"intensity":3,"isDeletable":true,"isOver":false,"isBidirectional":false,"eventLog":[{"time":1702311183116,"type":"create connection"}]},{"id":"3e3ec9ec-734f-4cfc-81f1-4fe43c38858c","source":"0158927d-448f-44a6-8370-2dc7ef22e08d","target":"f0c449db-066f-4eef-89c4-9de278d4a735","agreement":false,"isActive":true,"date":1702311183116,"kind":"Connector","isSelected":false,"intensity":3,"isDeletable":true,"isOver":false,"isBidirectional":false,"eventLog":[{"time":1702311183116,"type":"create connection"}]},{"id":"1788e264-ac82-4d6c-96b4-edcaa669d419","source":"c4b15d38-666e-4299-a2ba-cdf165a28a9f","target":"f3f291bc-8839-4b1f-9f72-dfc2d24efb67","agreement":true,"isActive":true,"date":1702311183116,"kind":"Connector","isSelected":false,"intensity":3,"isDeletable":true,"isOver":false,"isBidirectional":false,"eventLog":[{"time":1702311183116,"type":"create connection"}]},{"id":"13d5c9cb-60ea-4978-960d-be9e5a302e39","source":"f0c449db-066f-4eef-89c4-9de278d4a735","target":"2f9bd03d-a7c5-4208-94e4-e48ba090fbe0","agreement":true,"isActive":true,"date":1702311183116,"kind":"Connector","isSelected":false,"intensity":3,"isDeletable":true,"isOver":false,"isBidirectional":false,"eventLog":[{"time":1702311183116,"type":"create connection"}]},{"id":"dd710c31-893f-46ab-afbd-f60eca4e6bd9","source":"7511c818-c8fa-46d8-8768-c3fd6952a192","target":"f3f291bc-8839-4b1f-9f72-dfc2d24efb67","agreement":true,"isActive":true,"date":1702311204716,"kind":"Connector","isSelected":false,"intensity":3,"isDeletable":true,"isOver":false,"isBidirectional":false,"eventLog":[{"time":1702311204716,"type":"create connection"}]},{"id":"9122f441-7b95-4974-bb81-6aa56383175c","source":"7511c818-c8fa-46d8-8768-c3fd6952a192","target":"03842db0-9841-4463-9323-7490915893e8","agreement":true,"isActive":true,"date":1702311205918,"kind":"Connector","isSelected":false,"intensity":3,"isDeletable":true,"isOver":false,"isBidirectional":false,"eventLog":[{"time":1702311205918,"type":"create connection"}]},{"id":"bde8005e-ca97-497c-b646-60fc0832f1fd","source":"999af23e-5742-4ca0-b4e6-7d30212aff25","target":"f3f291bc-8839-4b1f-9f72-dfc2d24efb67","agreement":true,"isActive":true,"date":1702311279200,"kind":"Connector","isSelected":false,"intensity":3,"isDeletable":true,"isOver":false,"isBidirectional":false,"eventLog":[{"time":1702311279200,"type":"create connection"}]}],"currentID":{},"currentNode":{},"hasSelectedNode":[false],"currentConnector":{},"hasSelectedConnector":[false],"readyToMove":[false],"isIncoming":[false]}
