{"idCAM":["6fc79693-7f8a-4b8e-9d16-54481d6614ff"],"creator":["656606a373aba3beafcf538a_post"],"projectCAM":["S2_CAM part 2"],"defocusCAM":[],"date":[1702290080745],"nodes":[{"id":"9d73c4c0-a970-4ac5-9171-e61339a20cc3","value":0,"text":"social assistance robot","comment":"","position":{"x":650,"y":400},"isActive":true,"date":1702290081660,"kind":"Node","isSelected":false,"isConnectorSelected":false,"isDraggable":0,"isDeletable":0,"hasElementMoved":false,"eventLog":[{"time":1702290081660,"type":"create node","value":0}],"isTextChangeable":0},{"id":"d196c95a-8958-4396-8479-d9da8c754c3b","value":0,"text":"disadvantages","comment":"","position":{"x":450,"y":400},"isActive":true,"date":1702290081660,"kind":"Node","isSelected":false,"isConnectorSelected":false,"isDraggable":0,"isDeletable":0,"hasElementMoved":false,"eventLog":[{"time":1702290081660,"type":"create node","value":0}],"isTextChangeable":0},{"id":"dc46096f-f47d-4194-9ed6-5f24dd81111c","value":0,"text":"advantages","comment":"","position":{"x":850,"y":400},"isActive":true,"date":1702290081660,"kind":"Node","isSelected":false,"isConnectorSelected":false,"isDraggable":0,"isDeletable":0,"hasElementMoved":false,"eventLog":[{"time":1702290081660,"type":"create node","value":0}],"isTextChangeable":0},{"id":"86c83ff7-793a-4fb6-9a23-c086bec9888d","value":1,"text":"future help","comment":"","position":{"x":980,"y":200.3333},"isActive":true,"date":1702290081660,"kind":"Node","isSelected":false,"isConnectorSelected":false,"isDraggable":1,"isDeletable":1,"hasElementMoved":false,"eventLog":[{"time":1702290081660,"type":"create node","value":1}],"isTextChangeable":1},{"id":"68154121-0279-4f3a-8d54-50408a806083","value":10,"text":"little communication","comment":"","position":{"x":329,"y":298.3333},"isActive":true,"date":1702290081660,"kind":"Node","isSelected":false,"isConnectorSelected":false,"isDraggable":1,"isDeletable":1,"hasElementMoved":false,"eventLog":[{"time":1702290081660,"type":"create node","value":10}],"isTextChangeable":1},{"id":"f308fb71-6c21-48cd-8536-e2afbef186ee","value":2,"text":"fast hygienic help","comment":"","position":{"x":1156,"y":267.3333},"isActive":true,"date":1702290081660,"kind":"Node","isSelected":false,"isConnectorSelected":false,"isDraggable":1,"isDeletable":1,"hasElementMoved":false,"eventLog":[{"time":1702290081660,"type":"create node","value":2}],"isTextChangeable":1},{"id":"a82017c8-70dc-4888-957f-8f27a77280a9","value":3,"text":"24 hours ready","comment":"","position":{"x":1014,"y":503.3333},"isActive":true,"date":1702290081660,"kind":"Node","isSelected":false,"isConnectorSelected":false,"isDraggable":1,"isDeletable":1,"hasElementMoved":false,"eventLog":[{"time":1702290081660,"type":"create node","value":3}],"isTextChangeable":1},{"id":"ad935891-69ed-4158-b794-9f48e5d4cd9c","value":-2,"text":"can break","comment":"","position":{"x":233,"y":423.3333},"isActive":true,"date":1702290081660,"kind":"Node","isSelected":false,"isConnectorSelected":false,"isDraggable":1,"isDeletable":1,"hasElementMoved":false,"eventLog":[{"time":1702290081660,"type":"create node","value":-2}],"isTextChangeable":1},{"id":"49af24d8-c70d-40fe-a052-11bbb13827db","value":-3,"text":"visit","comment":"","position":{"x":278,"y":527.3333},"isActive":true,"date":1702290081660,"kind":"Node","isSelected":false,"isConnectorSelected":false,"isDraggable":1,"isDeletable":1,"hasElementMoved":false,"eventLog":[{"time":1702290081660,"type":"create node","value":-3}],"isTextChangeable":1},{"id":"cc5b0685-532d-476b-bb3e-4ec153665b58","value":-1,"text":"expensive","comment":"","position":{"x":546,"y":179.3333},"isActive":true,"date":1702290081660,"kind":"Node","isSelected":false,"isConnectorSelected":false,"isDraggable":1,"isDeletable":1,"hasElementMoved":false,"eventLog":[{"time":1702290081660,"type":"create node","value":-1}],"isTextChangeable":1},{"id":"86dcbab3-9667-4cb1-9c17-88670bebca36","value":-2,"text":"service","comment":"","position":{"x":486,"y":527.3333},"isActive":true,"date":1702290081660,"kind":"Node","isSelected":false,"isConnectorSelected":false,"isDraggable":1,"isDeletable":1,"hasElementMoved":false,"eventLog":[{"time":1702290081660,"type":"create node","value":-2}],"isTextChangeable":1},{"id":"a128fe21-a382-48ab-9987-c270f43d841d","value":2,"text":"discreet","comment":"","position":{"x":800,"y":529.3333},"isActive":true,"date":1702290081660,"kind":"Node","isSelected":false,"isConnectorSelected":false,"isDraggable":1,"isDeletable":1,"hasElementMoved":false,"eventLog":[{"time":1702290081660,"type":"create node","value":2}],"isTextChangeable":1},{"id":"5377a092-9ef4-417c-8132-c1b337193dac","value":2,"text":"quiet","comment":"","position":{"x":1082,"y":401.3333},"isActive":true,"date":1702290081660,"kind":"Node","isSelected":false,"isConnectorSelected":false,"isDraggable":1,"isDeletable":1,"hasElementMoved":false,"eventLog":[{"time":1702290081660,"type":"create node","value":2}],"isTextChangeable":1},{"id":"cbde2221-f6fd-4bf0-846a-d328bfe27616","value":2,"text":"cozy something","comment":"","position":{"x":784,"y":213.3333},"isActive":true,"date":1702290091100,"kind":"Node","isSelected":false,"isConnectorSelected":false,"isDraggable":1,"isDeletable":1,"hasElementMoved":false,"eventLog":[{"time":1702290091100,"type":"create node","value":"0"},{"time":1702290092778,"type":"selected","value":"TRUE"},{"time":1702290103918,"type":"text","value":"Kuscheliges etwas"},{"time":1702290103918,"type":"value","value":"2"},{"time":1702290103918,"type":"selected","value":"FALSE"}],"isTextChangeable":1}],"connectors":[{"id":"5d56ee2a-6c3f-4e71-ac05-a34ea2b5a430","source":"9d73c4c0-a970-4ac5-9171-e61339a20cc3","target":"d196c95a-8958-4396-8479-d9da8c754c3b","agreement":true,"isActive":true,"date":1702290081660,"kind":"Connector","isSelected":false,"intensity":3,"isDeletable":false,"isOver":false,"isBidirectional":false,"eventLog":[{"time":1702290081660,"type":"create connection"}]},{"id":"6244a5e4-d07b-424e-a2ff-e490d0965ace","source":"9d73c4c0-a970-4ac5-9171-e61339a20cc3","target":"dc46096f-f47d-4194-9ed6-5f24dd81111c","agreement":true,"isActive":true,"date":1702290081660,"kind":"Connector","isSelected":false,"intensity":3,"isDeletable":true,"isOver":false,"isBidirectional":false,"eventLog":[{"time":1702290081660,"type":"create connection"}]},{"id":"d99a1f67-28a6-40b4-8357-0c6c080bd0b0","source":"d196c95a-8958-4396-8479-d9da8c754c3b","target":"68154121-0279-4f3a-8d54-50408a806083","agreement":true,"isActive":true,"date":1702290081661,"kind":"Connector","isSelected":false,"intensity":3,"isDeletable":true,"isOver":false,"isBidirectional":false,"eventLog":[{"time":1702290081661,"type":"create connection"}]},{"id":"ea13be03-5943-4bd1-8559-f01c47a84d22","source":"86c83ff7-793a-4fb6-9a23-c086bec9888d","target":"dc46096f-f47d-4194-9ed6-5f24dd81111c","agreement":true,"isActive":true,"date":1702290081661,"kind":"Connector","isSelected":false,"intensity":3,"isDeletable":true,"isOver":false,"isBidirectional":false,"eventLog":[{"time":1702290081661,"type":"create connection"}]},{"id":"a4d30893-3ef4-4a2e-84c6-33f4b4e0c54e","source":"f308fb71-6c21-48cd-8536-e2afbef186ee","target":"dc46096f-f47d-4194-9ed6-5f24dd81111c","agreement":true,"isActive":true,"date":1702290081661,"kind":"Connector","isSelected":false,"intensity":3,"isDeletable":true,"isOver":false,"isBidirectional":false,"eventLog":[{"time":1702290081661,"type":"create connection"}]},{"id":"ce8babd0-4c3f-47f3-b9b4-ae310c621060","source":"f308fb71-6c21-48cd-8536-e2afbef186ee","target":"86c83ff7-793a-4fb6-9a23-c086bec9888d","agreement":true,"isActive":true,"date":1702290081661,"kind":"Connector","isSelected":false,"intensity":3,"isDeletable":true,"isOver":false,"isBidirectional":false,"eventLog":[{"time":1702290081661,"type":"create connection"}]},{"id":"cf3f1bb7-ae2f-45d5-ac80-8ef089ca6e6e","source":"9d73c4c0-a970-4ac5-9171-e61339a20cc3","target":"86c83ff7-793a-4fb6-9a23-c086bec9888d","agreement":true,"isActive":true,"date":1702290081661,"kind":"Connector","isSelected":false,"intensity":3,"isDeletable":true,"isOver":false,"isBidirectional":false,"eventLog":[{"time":1702290081661,"type":"create connection"}]},{"id":"17a5d756-3660-4b17-928f-0716a1c5c83a","source":"9d73c4c0-a970-4ac5-9171-e61339a20cc3","target":"68154121-0279-4f3a-8d54-50408a806083","agreement":true,"isActive":true,"date":1702290081661,"kind":"Connector","isSelected":false,"intensity":3,"isDeletable":true,"isOver":false,"isBidirectional":false,"eventLog":[{"time":1702290081661,"type":"create connection"}]},{"id":"c8c001ac-5e31-4a47-970a-92a019a5b301","source":"9d73c4c0-a970-4ac5-9171-e61339a20cc3","target":"a82017c8-70dc-4888-957f-8f27a77280a9","agreement":true,"isActive":true,"date":1702290081661,"kind":"Connector","isSelected":false,"intensity":3,"isDeletable":true,"isOver":false,"isBidirectional":false,"eventLog":[{"time":1702290081661,"type":"create connection"}]},{"id":"5c0b0fcb-04a6-4137-95ac-04a37e280194","source":"dc46096f-f47d-4194-9ed6-5f24dd81111c","target":"a82017c8-70dc-4888-957f-8f27a77280a9","agreement":true,"isActive":true,"date":1702290081661,"kind":"Connector","isSelected":false,"intensity":3,"isDeletable":true,"isOver":false,"isBidirectional":false,"eventLog":[{"time":1702290081661,"type":"create connection"}]},{"id":"7d820cf1-3cc9-4427-925f-9ecb22a7f632","source":"ad935891-69ed-4158-b794-9f48e5d4cd9c","target":"d196c95a-8958-4396-8479-d9da8c754c3b","agreement":true,"isActive":true,"date":1702290081661,"kind":"Connector","isSelected":false,"intensity":3,"isDeletable":true,"isOver":false,"isBidirectional":false,"eventLog":[{"time":1702290081661,"type":"create connection"}]},{"id":"62066323-197f-44ed-b019-31b4ce931400","source":"49af24d8-c70d-40fe-a052-11bbb13827db","target":"d196c95a-8958-4396-8479-d9da8c754c3b","agreement":true,"isActive":true,"date":1702290081661,"kind":"Connector","isSelected":false,"intensity":3,"isDeletable":true,"isOver":false,"isBidirectional":false,"eventLog":[{"time":1702290081661,"type":"create connection"}]},{"id":"2652c46b-c358-416a-9d7b-554ab2ddabe4","source":"49af24d8-c70d-40fe-a052-11bbb13827db","target":"ad935891-69ed-4158-b794-9f48e5d4cd9c","agreement":true,"isActive":true,"date":1702290081661,"kind":"Connector","isSelected":false,"intensity":3,"isDeletable":true,"isOver":false,"isBidirectional":false,"eventLog":[{"time":1702290081661,"type":"create connection"}]},{"id":"3517b1ce-d08c-41ad-88bc-8f32ea2982b5","source":"9d73c4c0-a970-4ac5-9171-e61339a20cc3","target":"cc5b0685-532d-476b-bb3e-4ec153665b58","agreement":true,"isActive":true,"date":1702290081661,"kind":"Connector","isSelected":false,"intensity":3,"isDeletable":true,"isOver":false,"isBidirectional":false,"eventLog":[{"time":1702290081661,"type":"create connection"}]},{"id":"eafcaca1-31a5-4a48-a009-0fdaff144b1a","source":"d196c95a-8958-4396-8479-d9da8c754c3b","target":"86dcbab3-9667-4cb1-9c17-88670bebca36","agreement":true,"isActive":true,"date":1702290081661,"kind":"Connector","isSelected":false,"intensity":3,"isDeletable":true,"isOver":false,"isBidirectional":false,"eventLog":[{"time":1702290081661,"type":"create connection"}]},{"id":"5fefc29e-119a-442e-83a3-922142cbe47e","source":"dc46096f-f47d-4194-9ed6-5f24dd81111c","target":"a128fe21-a382-48ab-9987-c270f43d841d","agreement":true,"isActive":true,"date":1702290081661,"kind":"Connector","isSelected":false,"intensity":3,"isDeletable":true,"isOver":false,"isBidirectional":false,"eventLog":[{"time":1702290081661,"type":"create connection"}]},{"id":"3a6606e2-7a7f-4389-a4ca-aaa282fe990a","source":"5377a092-9ef4-417c-8132-c1b337193dac","target":"dc46096f-f47d-4194-9ed6-5f24dd81111c","agreement":true,"isActive":true,"date":1702290081661,"kind":"Connector","isSelected":false,"intensity":3,"isDeletable":true,"isOver":false,"isBidirectional":false,"eventLog":[{"time":1702290081661,"type":"create connection"}]},{"id":"3dd60658-c54d-449c-b938-f66679b79748","source":"dc46096f-f47d-4194-9ed6-5f24dd81111c","target":"cbde2221-f6fd-4bf0-846a-d328bfe27616","agreement":true,"isActive":true,"date":1702290106524,"kind":"Connector","isSelected":false,"intensity":3,"isDeletable":true,"isOver":false,"isBidirectional":false,"eventLog":[{"time":1702290106524,"type":"create connection"}]}],"currentID":{},"currentNode":{},"hasSelectedNode":[false],"currentConnector":{},"hasSelectedConnector":[false],"readyToMove":[false],"isIncoming":[false],"hasElementMoved":[false]}
