{"idCAM":["cc7fe4f6-5d53-41f9-b521-e9f42a05600b"],"creator":["65674761184f5501367c963d_post"],"projectCAM":["S2_CAM part 2"],"defocusCAM":[],"date":[1702310792276],"nodes":[{"id":"505f637e-4dc9-47e3-9f0c-752b88b5a1e9","value":0,"text":"social assistance robot","comment":"","position":{"x":650,"y":400},"isActive":true,"date":1702310792854,"kind":"Node","isSelected":false,"isConnectorSelected":false,"isDraggable":0,"isDeletable":0,"hasElementMoved":false,"eventLog":[{"time":1702310792854,"type":"create node","value":0}],"isTextChangeable":0},{"id":"02e1357c-74e8-4c30-9749-fd05322fff5e","value":-3,"text":"disadvantages","comment":"","position":{"x":450,"y":400},"isActive":true,"date":1702310792854,"kind":"Node","isSelected":false,"isConnectorSelected":false,"isDraggable":0,"isDeletable":0,"hasElementMoved":false,"eventLog":[{"time":1702310792854,"type":"create node","value":-3}],"isTextChangeable":0},{"id":"c2d05fd5-6b57-44e8-944a-b03ba5a361fe","value":3,"text":"advantages","comment":"","position":{"x":850,"y":400},"isActive":true,"date":1702310792854,"kind":"Node","isSelected":false,"isConnectorSelected":false,"isDraggable":0,"isDeletable":0,"hasElementMoved":false,"eventLog":[{"time":1702310792854,"type":"create node","value":3}],"isTextChangeable":0},{"id":"5393b3c8-6d8c-4b75-aea4-328c75fd43c5","value":0,"text":"elderly care","comment":"","position":{"x":556.4,"y":215.6},"isActive":true,"date":1702310792854,"kind":"Node","isSelected":false,"isConnectorSelected":false,"isDraggable":1,"isDeletable":1,"hasElementMoved":false,"eventLog":[{"time":1702310792854,"type":"create node","value":0}],"isTextChangeable":1},{"id":"7fd239e9-108f-4908-a98a-8383d5b02df9","value":-3,"text":"little technical affinity","comment":"","position":{"x":440.4,"y":153.6},"isActive":true,"date":1702310792854,"kind":"Node","isSelected":false,"isConnectorSelected":false,"isDraggable":1,"isDeletable":1,"hasElementMoved":false,"eventLog":[{"time":1702310792854,"type":"create node","value":-3}],"isTextChangeable":1},{"id":"fd94872e-f8cc-4b5e-8a2c-d43ea63c5bcf","value":2,"text":"promotion of social interactions","comment":"","position":{"x":834.4,"y":257.6},"isActive":true,"date":1702310792854,"kind":"Node","isSelected":false,"isConnectorSelected":false,"isDraggable":1,"isDeletable":1,"hasElementMoved":false,"eventLog":[{"time":1702310792854,"type":"create node","value":2}],"isTextChangeable":1},{"id":"5d99c9d7-abf5-471e-95ce-c4473119c32a","value":3,"text":"support in learning","comment":"","position":{"x":1018.4,"y":317.6},"isActive":true,"date":1702310792855,"kind":"Node","isSelected":false,"isConnectorSelected":false,"isDraggable":1,"isDeletable":1,"hasElementMoved":false,"eventLog":[{"time":1702310792855,"type":"create node","value":3}],"isTextChangeable":1},{"id":"f33171af-af20-4823-a499-c40c7050e93d","value":-1,"text":"unemployment","comment":"","position":{"x":497.4,"y":488.6},"isActive":true,"date":1702310792855,"kind":"Node","isSelected":false,"isConnectorSelected":false,"isDraggable":1,"isDeletable":1,"hasElementMoved":false,"eventLog":[{"time":"1702310792855","type":"create node","value":[-1]},{"time":"2023-12-11T16:09:05.419Z","type":"position","value":{"x":[452.4],"y":[507.6]}},{"time":"2023-12-11T16:09:12.044Z","type":"position","value":{"x":[489.4],"y":[491.6]}}],"isTextChangeable":1},{"id":"7ec855fd-6c88-49fb-811a-16d7852530c2","value":-1,"text":"dependence","comment":"","position":{"x":411.4,"y":258.6},"isActive":true,"date":1702310792855,"kind":"Node","isSelected":false,"isConnectorSelected":false,"isDraggable":1,"isDeletable":1,"hasElementMoved":false,"eventLog":[{"time":"1702310792855","type":"create node","value":[-1]},{"time":"2023-12-11T16:09:10.011Z","type":"position","value":{"x":[263.4],"y":[475.6]}},{"time":"2023-12-11T16:09:10.316Z","type":"position","value":{"x":[394.4],"y":[320.6]}},{"time":"2023-12-11T16:09:10.366Z","type":"position","value":{"x":[417.4],"y":[277.6]}}],"isTextChangeable":1},{"id":"e204d482-cd1b-496d-b7c2-9a306087dc63","value":-3,"text":"lack of trust","comment":"","position":{"x":287.4,"y":149.6},"isActive":true,"date":1702310792855,"kind":"Node","isSelected":false,"isConnectorSelected":false,"isDraggable":1,"isDeletable":1,"hasElementMoved":false,"eventLog":[{"time":1702310792855,"type":"create node","value":-3}],"isTextChangeable":1},{"id":"6f2a9c44-c251-47c8-8840-3ea4bfe21821","value":-2,"text":"difficulties in troubleshooting","comment":"","position":{"x":349.4,"y":64.6},"isActive":true,"date":1702310792855,"kind":"Node","isSelected":false,"isConnectorSelected":false,"isDraggable":1,"isDeletable":1,"hasElementMoved":false,"eventLog":[{"time":1702310792855,"type":"create node","value":-2}],"isTextChangeable":1},{"id":"0b64adc1-2de0-4f5b-ba15-f94f23215c45","value":10,"text":"job market","comment":"","position":{"x":628.4,"y":601.6},"isActive":true,"date":1702310792855,"kind":"Node","isSelected":false,"isConnectorSelected":false,"isDraggable":1,"isDeletable":1,"hasElementMoved":false,"eventLog":[{"time":"1702310792855","type":"create node","value":[10]},{"time":"2023-12-11T16:09:54.839Z","type":"position","value":{"x":[618.4],"y":[649.6]}}],"isTextChangeable":1},{"id":"0c622a4c-3cbe-4074-a492-e5584a777293","value":3,"text":"new job opportunities","comment":"","position":{"x":831.4,"y":529.6},"isActive":true,"date":1702310792855,"kind":"Node","isSelected":false,"isConnectorSelected":false,"isDraggable":1,"isDeletable":1,"hasElementMoved":false,"eventLog":[{"time":1702310792855,"type":"create node","value":3}],"isTextChangeable":1},{"id":"a65f67e2-e315-4139-a60a-bbdb45509214","value":1,"text":"face recognition / emotion recognition","comment":"","position":{"x":1035.4,"y":186.6},"isActive":true,"date":1702310792855,"kind":"Node","isSelected":false,"isConnectorSelected":false,"isDraggable":1,"isDeletable":1,"hasElementMoved":false,"eventLog":[{"time":"1702310792855","type":"create node","value":[1]},{"time":"2023-12-11T16:06:55.869Z","type":"position","value":{"x":[1049.4],"y":[204.6]}}],"isTextChangeable":1},{"id":"de0f4d69-548a-43d8-aaa8-df5aa551b920","value":0,"text":"learning difficulties","comment":"","position":{"x":1204.4,"y":378.6},"isActive":true,"date":1702310792855,"kind":"Node","isSelected":false,"isConnectorSelected":false,"isDraggable":1,"isDeletable":1,"hasElementMoved":false,"eventLog":[{"time":"1702310792855","type":"create node","value":[0]},{"time":"2023-12-11T16:06:49.605Z","type":"position","value":{"x":[1210.4],"y":[272.6]}}],"isTextChangeable":1},{"id":"85d8edc3-678e-4bab-bb40-a65b2730b508","value":-2,"text":"if necessary high costs","comment":"","position":{"x":294.4,"y":327.6},"isActive":true,"date":1702310792855,"kind":"Node","isSelected":false,"isConnectorSelected":false,"isDraggable":1,"isDeletable":1,"hasElementMoved":false,"eventLog":[{"time":1702310792855,"type":"create node","value":-2}],"isTextChangeable":1},{"id":"b5c65876-502d-4dff-8d66-9f2f47ac827f","value":10,"text":"subjective/objective data","comment":"","position":{"x":636.4,"y":498.6},"isActive":true,"date":1702310792855,"kind":"Node","isSelected":false,"isConnectorSelected":false,"isDraggable":1,"isDeletable":1,"hasElementMoved":false,"eventLog":[{"time":1702310792855,"type":"create node","value":10}],"isTextChangeable":1},{"id":"57527389-3755-48c5-9738-0597b3d9074d","value":2,"text":"more freedom","comment":"","position":{"x":656.4,"y":97.6},"isActive":true,"date":1702310792855,"kind":"Node","isSelected":false,"isConnectorSelected":false,"isDraggable":1,"isDeletable":1,"hasElementMoved":false,"eventLog":[{"time":1702310792855,"type":"create node","value":2}],"isTextChangeable":1},{"id":"ea0de435-a5e7-4df9-9695-cde0ab6d4277","value":1,"text":"many data available","comment":"","position":{"x":1006.4,"y":413.6},"isActive":true,"date":1702310792855,"kind":"Node","isSelected":false,"isConnectorSelected":false,"isDraggable":1,"isDeletable":1,"hasElementMoved":false,"eventLog":[{"time":1702310792855,"type":"create node","value":1}],"isTextChangeable":1},{"id":"8b977709-a23b-43ec-a653-fdca093a50bf","value":2,"text":"therapy","comment":"","position":{"x":1177.4,"y":237.6},"isActive":true,"date":1702310800150,"kind":"Node","isSelected":false,"isConnectorSelected":false,"isDraggable":1,"isDeletable":1,"hasElementMoved":false,"eventLog":[{"time":"1702310800150","type":"create node","value":[0]},{"time":"1702310800227","type":"selected","value":[true]},{"time":"1702310807425","type":"text","value":["Therapie"]},{"time":"1702310807425","type":"value","value":[2]},{"time":"1702310807425","type":"selected","value":[false]},{"time":"2023-12-11T16:06:48.221Z","type":"position","value":{"x":[1155.4],"y":[356.6]}},{"time":"2023-12-11T16:06:48.572Z","type":"position","value":{"x":[1147.4],"y":[203.6]}},{"time":"2023-12-11T16:06:54.145Z","type":"position","value":{"x":[1155.4],"y":[170.6]}}],"isTextChangeable":1},{"id":"63e6c253-5548-4cfe-83c2-1e60244d0cd3","value":3,"text":"low risk of injury","comment":"","position":{"x":1136.4,"y":652.6},"isActive":true,"date":1702310820246,"kind":"Node","isSelected":false,"isConnectorSelected":false,"isDraggable":1,"isDeletable":1,"hasElementMoved":false,"eventLog":[{"time":"1702310820246","type":"create node","value":[0]},{"time":"1702310820334","type":"selected","value":[true]},{"time":"1702310834006","type":"text","value":["geringe Verletzungsmöglichkeit"]},{"time":"1702310834006","type":"value","value":[3]},{"time":"1702310834006","type":"selected","value":[false]},{"time":"2023-12-11T16:08:55.754Z","type":"position","value":{"x":[1041.4],"y":[512.6]}},{"time":"2023-12-11T16:09:00.430Z","type":"position","value":{"x":[1076.4],"y":[493.6]}},{"time":"2023-12-11T16:09:00.570Z","type":"position","value":{"x":[1100.4],"y":[643.6]}}],"isTextChangeable":1},{"id":"609a27d1-42da-4eb2-96f4-e4432d9552b2","value":10,"text":"human-like","comment":"","position":{"x":402.4,"y":696.6},"isActive":true,"date":1702310859091,"kind":"Node","isSelected":false,"isConnectorSelected":false,"isDraggable":1,"isDeletable":1,"hasElementMoved":false,"eventLog":[{"time":"1702310859091","type":"create node","value":[0]},{"time":"1702310859180","type":"selected","value":[true]},{"time":"1702310871675","type":"text","value":["Menschenähnlich"]},{"time":"1702310871675","type":"selected","value":[false]},{"time":"1702310887797","type":"selected","value":[true]},{"time":"1702310891683","type":"value","value":[10]},{"time":"1702310891683","type":"selected","value":[false]},{"time":"2023-12-11T16:08:19.816Z","type":"position","value":{"x":[968.4],"y":[609.6]}},{"time":"2023-12-11T16:08:20.447Z","type":"position","value":{"x":[782.4],"y":[704.6]}},{"time":"2023-12-11T16:08:20.514Z","type":"position","value":{"x":[626.4],"y":[715.6]}},{"time":"2023-12-11T16:08:20.630Z","type":"position","value":{"x":[464.4],"y":[701.6]}},{"time":"2023-12-11T16:08:25.394Z","type":"position","value":{"x":[496.4],"y":[690.6]}},{"time":"2023-12-11T16:09:07.518Z","type":"position","value":{"x":[472.4],"y":[697.6]}}],"isTextChangeable":1},{"id":"6f73aa31-ad36-467e-8322-459091c722ed","value":10,"text":"not human-like","comment":"","position":{"x":800.4,"y":688.6},"isActive":true,"date":1702310872706,"kind":"Node","isSelected":false,"isConnectorSelected":false,"isDraggable":1,"isDeletable":1,"hasElementMoved":false,"eventLog":[{"time":"1702310872706","type":"create node","value":[0]},{"time":"1702310873365","type":"selected","value":[true]},{"time":"1702310881383","type":"text","value":["nicht Menschenähnlich"]},{"time":"1702310881383","type":"selected","value":[false]},{"time":"1702310882497","type":"selected","value":[true]},{"time":"1702310887324","type":"value","value":[10]},{"time":"1702310887324","type":"selected","value":[false]},{"time":"2023-12-11T16:08:17.429Z","type":"position","value":{"x":[922.4],"y":[710.6]}},{"time":"2023-12-11T16:08:17.599Z","type":"position","value":{"x":[766.4],"y":[749.6]}},{"time":"2023-12-11T16:08:18.096Z","type":"position","value":{"x":[608.4],"y":[749.6]}},{"time":"2023-12-11T16:08:18.199Z","type":"position","value":{"x":[458.4],"y":[745.6]}},{"time":"2023-12-11T16:08:22.064Z","type":"position","value":{"x":[367.4],"y":[691.6]}},{"time":"2023-12-11T16:08:22.247Z","type":"position","value":{"x":[565.4],"y":[677.6]}},{"time":"2023-12-11T16:08:22.396Z","type":"position","value":{"x":[715.4],"y":[676.6]}}],"isTextChangeable":1},{"id":"8de3d731-7cb0-4c39-a54e-16ba9df72630","value":0,"text":"","comment":"","position":{"x":952.4,"y":623.6},"isActive":false,"date":1702310892537,"kind":"Node","isSelected":false,"isConnectorSelected":false,"isDraggable":1,"isDeletable":1,"hasElementMoved":false,"eventLog":[{"time":1702310892537,"type":"create node","value":0},{"time":1702310894695,"type":"selected","value":1},{"time":1702310895281,"type":"node was deleted","value":-77}],"isTextChangeable":1},{"id":"b62c1d55-e206-4b63-981e-57239366a3f0","value":3,"text":"lower inhibition threshold","comment":"","position":{"x":960.4,"y":573.6},"isActive":true,"date":1702310921137,"kind":"Node","isSelected":false,"isConnectorSelected":false,"isDraggable":1,"isDeletable":1,"hasElementMoved":false,"eventLog":[{"time":"1702310921137","type":"create node","value":[0]},{"time":"1702310921263","type":"selected","value":[true]},{"time":"1702310928706","type":"text","value":["geringere Hemmschwelle"]},{"time":"1702310928706","type":"selected","value":[false]},{"time":"1702310929964","type":"selected","value":[true]},{"time":"1702310931686","type":"value","value":[3]},{"time":"1702310931686","type":"selected","value":[false]},{"time":"2023-12-11T16:08:59.060Z","type":"position","value":{"x":[976.4],"y":[665.6]}}],"isTextChangeable":1},{"id":"d1be172c-1aa6-442c-add4-0181ffe68fa3","value":-2,"text":"uncanny valley","comment":"","position":{"x":268.4,"y":541.6},"isActive":true,"date":1702310953850,"kind":"Node","isSelected":false,"isConnectorSelected":false,"isDraggable":1,"isDeletable":1,"hasElementMoved":false,"eventLog":[{"time":1702310953850,"type":"create node","value":"0"},{"time":1702310953953,"type":"selected","value":"TRUE"},{"time":1702310986913,"type":"text","value":"Uncanny Valley"},{"time":1702310986913,"type":"value","value":"-2"},{"time":1702310986913,"type":"selected","value":"FALSE"}],"isTextChangeable":1}],"connectors":[{"id":"e6ef5463-94cb-4679-b6dd-9682cd14274b","source":"505f637e-4dc9-47e3-9f0c-752b88b5a1e9","target":"02e1357c-74e8-4c30-9749-fd05322fff5e","agreement":true,"isActive":true,"date":1702310792856,"kind":"Connector","isSelected":false,"intensity":3,"isDeletable":false,"isOver":false,"isBidirectional":false,"eventLog":[{"time":1702310792856,"type":"create connection"}]},{"id":"64d5f506-642f-4a26-8fc7-d19e2e470294","source":"505f637e-4dc9-47e3-9f0c-752b88b5a1e9","target":"c2d05fd5-6b57-44e8-944a-b03ba5a361fe","agreement":true,"isActive":true,"date":1702310792856,"kind":"Connector","isSelected":false,"intensity":3,"isDeletable":true,"isOver":false,"isBidirectional":false,"eventLog":[{"time":1702310792856,"type":"create connection"}]},{"id":"c10bd4c5-14b3-44d9-9989-b4df4f3a3557","source":"5393b3c8-6d8c-4b75-aea4-328c75fd43c5","target":"505f637e-4dc9-47e3-9f0c-752b88b5a1e9","agreement":true,"isActive":true,"date":1702310792857,"kind":"Connector","isSelected":false,"intensity":3,"isDeletable":true,"isOver":false,"isBidirectional":false,"eventLog":[{"time":1702310792857,"type":"create connection"}]},{"id":"08c66210-d3e0-4a02-bfaa-4e851f23ebdc","source":"5393b3c8-6d8c-4b75-aea4-328c75fd43c5","target":"7fd239e9-108f-4908-a98a-8383d5b02df9","agreement":false,"isActive":true,"date":1702310792857,"kind":"Connector","isSelected":false,"intensity":9,"isDeletable":true,"isOver":false,"isBidirectional":false,"eventLog":[{"time":1702310792857,"type":"create connection"}]},{"id":"aef4db0f-bf98-457b-83fd-8d7fde9810bf","source":"c2d05fd5-6b57-44e8-944a-b03ba5a361fe","target":"fd94872e-f8cc-4b5e-8a2c-d43ea63c5bcf","agreement":true,"isActive":true,"date":1702310792857,"kind":"Connector","isSelected":false,"intensity":3,"isDeletable":true,"isOver":false,"isBidirectional":false,"eventLog":[{"time":1702310792857,"type":"create connection"}]},{"id":"428d1715-213d-4aec-8d65-31acde2489c7","source":"fd94872e-f8cc-4b5e-8a2c-d43ea63c5bcf","target":"5393b3c8-6d8c-4b75-aea4-328c75fd43c5","agreement":true,"isActive":true,"date":1702310792857,"kind":"Connector","isSelected":false,"intensity":3,"isDeletable":true,"isOver":false,"isBidirectional":false,"eventLog":[{"time":1702310792857,"type":"create connection"}]},{"id":"6ba3c08c-aaeb-4c9e-806b-62e51d6b0158","source":"c2d05fd5-6b57-44e8-944a-b03ba5a361fe","target":"5d99c9d7-abf5-471e-95ce-c4473119c32a","agreement":true,"isActive":true,"date":1702310792857,"kind":"Connector","isSelected":false,"intensity":3,"isDeletable":true,"isOver":false,"isBidirectional":false,"eventLog":[{"time":1702310792857,"type":"create connection"}]},{"id":"32f90a7b-639f-4ef6-aa4e-d259da47751c","source":"02e1357c-74e8-4c30-9749-fd05322fff5e","target":"f33171af-af20-4823-a499-c40c7050e93d","agreement":true,"isActive":true,"date":1702310792858,"kind":"Connector","isSelected":false,"intensity":3,"isDeletable":true,"isOver":false,"isBidirectional":false,"eventLog":[{"time":1702310792858,"type":"create connection"}]},{"id":"a5ecfe0a-dfa5-4b5e-89a9-760501ccd21c","source":"7ec855fd-6c88-49fb-811a-16d7852530c2","target":"02e1357c-74e8-4c30-9749-fd05322fff5e","agreement":true,"isActive":true,"date":1702310792858,"kind":"Connector","isSelected":false,"intensity":3,"isDeletable":true,"isOver":false,"isBidirectional":false,"eventLog":[{"time":1702310792858,"type":"create connection"}]},{"id":"6c8e82e2-0737-47d8-9707-98a30d859ac4","source":"e204d482-cd1b-496d-b7c2-9a306087dc63","target":"7fd239e9-108f-4908-a98a-8383d5b02df9","agreement":true,"isActive":true,"date":1702310792858,"kind":"Connector","isSelected":false,"intensity":6,"isDeletable":true,"isOver":false,"isBidirectional":false,"eventLog":[{"time":1702310792858,"type":"create connection"}]},{"id":"cb026021-cc50-47a9-8a45-b6b9b7249694","source":"6f2a9c44-c251-47c8-8840-3ea4bfe21821","target":"7fd239e9-108f-4908-a98a-8383d5b02df9","agreement":true,"isActive":true,"date":1702310792858,"kind":"Connector","isSelected":false,"intensity":3,"isDeletable":true,"isOver":false,"isBidirectional":false,"eventLog":[{"time":1702310792859,"type":"create connection"}]},{"id":"13ba16dd-b47e-466a-a674-bfb20c1563e6","source":"0b64adc1-2de0-4f5b-ba15-f94f23215c45","target":"f33171af-af20-4823-a499-c40c7050e93d","agreement":true,"isActive":true,"date":1702310792859,"kind":"Connector","isSelected":false,"intensity":3,"isDeletable":true,"isOver":false,"isBidirectional":false,"eventLog":[{"time":1702310792859,"type":"create connection"}]},{"id":"2da0b606-accc-42d9-a320-62486ab37a8f","source":"0b64adc1-2de0-4f5b-ba15-f94f23215c45","target":"0c622a4c-3cbe-4074-a492-e5584a777293","agreement":true,"isActive":true,"date":1702310792859,"kind":"Connector","isSelected":false,"intensity":3,"isDeletable":true,"isOver":false,"isBidirectional":false,"eventLog":[{"time":1702310792859,"type":"create connection"}]},{"id":"bdd87968-4361-4dd4-91a2-1df4745b2c38","source":"c2d05fd5-6b57-44e8-944a-b03ba5a361fe","target":"0c622a4c-3cbe-4074-a492-e5584a777293","agreement":true,"isActive":true,"date":1702310792859,"kind":"Connector","isSelected":false,"intensity":3,"isDeletable":true,"isOver":false,"isBidirectional":false,"eventLog":[{"time":1702310792859,"type":"create connection"}]},{"id":"57c01aa8-fcda-4256-8b9e-7d22d9f4f1d2","source":"5d99c9d7-abf5-471e-95ce-c4473119c32a","target":"a65f67e2-e315-4139-a60a-bbdb45509214","agreement":true,"isActive":true,"date":1702310792860,"kind":"Connector","isSelected":false,"intensity":3,"isDeletable":true,"isOver":false,"isBidirectional":false,"eventLog":[{"time":1702310792860,"type":"create connection"}]},{"id":"1ea0fe70-4f02-473f-a254-c38272c82a49","source":"de0f4d69-548a-43d8-aaa8-df5aa551b920","target":"5d99c9d7-abf5-471e-95ce-c4473119c32a","agreement":true,"isActive":true,"date":1702310792860,"kind":"Connector","isSelected":false,"intensity":3,"isDeletable":true,"isOver":false,"isBidirectional":false,"eventLog":[{"time":1702310792860,"type":"create connection"}]},{"id":"1253429a-2160-4043-ae0a-df3f81a80bb5","source":"85d8edc3-678e-4bab-bb40-a65b2730b508","target":"02e1357c-74e8-4c30-9749-fd05322fff5e","agreement":true,"isActive":true,"date":1702310792860,"kind":"Connector","isSelected":false,"intensity":3,"isDeletable":true,"isOver":false,"isBidirectional":false,"eventLog":[{"time":1702310792860,"type":"create connection"}]},{"id":"15edfd20-e367-4c08-82f8-de2ae5b831e1","source":"b5c65876-502d-4dff-8d66-9f2f47ac827f","target":"505f637e-4dc9-47e3-9f0c-752b88b5a1e9","agreement":true,"isActive":true,"date":1702310792860,"kind":"Connector","isSelected":false,"intensity":3,"isDeletable":true,"isOver":false,"isBidirectional":false,"eventLog":[{"time":1702310792860,"type":"create connection"}]},{"id":"fc246378-07e0-47a1-a175-c3cf9fc3d5a8","source":"5393b3c8-6d8c-4b75-aea4-328c75fd43c5","target":"57527389-3755-48c5-9738-0597b3d9074d","agreement":true,"isActive":true,"date":1702310792860,"kind":"Connector","isSelected":false,"intensity":3,"isDeletable":true,"isOver":false,"isBidirectional":false,"eventLog":[{"time":1702310792860,"type":"create connection"}]},{"id":"aba3936f-0079-4478-8f13-dfb19fc16899","source":"02e1357c-74e8-4c30-9749-fd05322fff5e","target":"b5c65876-502d-4dff-8d66-9f2f47ac827f","agreement":true,"isActive":true,"date":1702310792860,"kind":"Connector","isSelected":false,"intensity":3,"isDeletable":true,"isOver":false,"isBidirectional":false,"eventLog":[{"time":1702310792860,"type":"create connection"}]},{"id":"937d6624-c8da-43c5-b6e2-073616e7a2fd","source":"b5c65876-502d-4dff-8d66-9f2f47ac827f","target":"c2d05fd5-6b57-44e8-944a-b03ba5a361fe","agreement":true,"isActive":true,"date":1702310792860,"kind":"Connector","isSelected":false,"intensity":3,"isDeletable":true,"isOver":false,"isBidirectional":false,"eventLog":[{"time":1702310792860,"type":"create connection"}]},{"id":"8290ce63-5ea5-40f3-abe1-87edc6b15244","source":"ea0de435-a5e7-4df9-9695-cde0ab6d4277","target":"c2d05fd5-6b57-44e8-944a-b03ba5a361fe","agreement":true,"isActive":true,"date":1702310792860,"kind":"Connector","isSelected":false,"intensity":3,"isDeletable":true,"isOver":false,"isBidirectional":false,"eventLog":[{"time":1702310792860,"type":"create connection"}]},{"id":"b68f23b1-386b-4bfd-964b-ddfda2588608","source":"8b977709-a23b-43ec-a653-fdca093a50bf","target":"5d99c9d7-abf5-471e-95ce-c4473119c32a","agreement":true,"isActive":true,"date":1702310812555,"kind":"Connector","isSelected":false,"intensity":3,"isDeletable":true,"isOver":false,"isBidirectional":false,"eventLog":[{"time":1702310812555,"type":"create connection"}]},{"id":"ea58747b-d03c-4b1d-a19f-5bbb6c1dc96a","source":"a65f67e2-e315-4139-a60a-bbdb45509214","target":"8b977709-a23b-43ec-a653-fdca093a50bf","agreement":true,"isActive":true,"date":1702310813700,"kind":"Connector","isSelected":false,"intensity":3,"isDeletable":true,"isOver":false,"isBidirectional":false,"eventLog":[{"time":1702310813700,"type":"create connection"}]},{"id":"e9373621-2711-4e9b-b183-3e7bd884e52e","source":"63e6c253-5548-4cfe-83c2-1e60244d0cd3","target":"c2d05fd5-6b57-44e8-944a-b03ba5a361fe","agreement":true,"isActive":true,"date":1702310835475,"kind":"Connector","isSelected":false,"intensity":3,"isDeletable":true,"isOver":false,"isBidirectional":false,"eventLog":[{"time":1702310835475,"type":"create connection"}]},{"id":"21c8eac8-05bb-4543-a65d-d92d41f8f7de","source":"609a27d1-42da-4eb2-96f4-e4432d9552b2","target":"6f73aa31-ad36-467e-8322-459091c722ed","agreement":false,"isActive":true,"date":1702310896782,"kind":"Connector","isSelected":false,"intensity":9,"isDeletable":true,"isOver":false,"isBidirectional":false,"eventLog":[{"time":1702310896782,"type":"create connection"},{"time":1702310906761,"type":"selected","value":1},{"time":1702310909628,"type":"change intensity of connector","value":-9},{"time":1702310909628,"type":"selected","value":0}]},{"id":"2b2408a4-64d3-4c33-91e3-6b1ea3e336fd","source":"b62c1d55-e206-4b63-981e-57239366a3f0","target":"c2d05fd5-6b57-44e8-944a-b03ba5a361fe","agreement":true,"isActive":true,"date":1702310933178,"kind":"Connector","isSelected":false,"intensity":3,"isDeletable":true,"isOver":false,"isBidirectional":false,"eventLog":[{"time":1702310933178,"type":"create connection"}]},{"id":"a1e7e94b-d7af-40ee-949a-def5d53ca070","source":"b62c1d55-e206-4b63-981e-57239366a3f0","target":"6f73aa31-ad36-467e-8322-459091c722ed","agreement":true,"isActive":true,"date":1702310934425,"kind":"Connector","isSelected":false,"intensity":3,"isDeletable":true,"isOver":false,"isBidirectional":false,"eventLog":[{"time":1702310934425,"type":"create connection"}]},{"id":"fae62613-0e2e-4445-bb00-5348866b2a8f","source":"63e6c253-5548-4cfe-83c2-1e60244d0cd3","target":"6f73aa31-ad36-467e-8322-459091c722ed","agreement":true,"isActive":true,"date":1702310943412,"kind":"Connector","isSelected":false,"intensity":3,"isDeletable":true,"isOver":false,"isBidirectional":false,"eventLog":[{"time":1702310943412,"type":"create connection"}]},{"id":"cd1f6364-100f-49b6-883e-5050c4df808f","source":"02e1357c-74e8-4c30-9749-fd05322fff5e","target":"d1be172c-1aa6-442c-add4-0181ffe68fa3","agreement":true,"isActive":true,"date":1702310988891,"kind":"Connector","isSelected":false,"intensity":3,"isDeletable":true,"isOver":false,"isBidirectional":false,"eventLog":[{"time":1702310988891,"type":"create connection"}]},{"id":"81b0275a-5ae4-49fc-99c4-92ff094ea2c1","source":"609a27d1-42da-4eb2-96f4-e4432d9552b2","target":"d1be172c-1aa6-442c-add4-0181ffe68fa3","agreement":true,"isActive":true,"date":1702310990752,"kind":"Connector","isSelected":false,"intensity":3,"isDeletable":true,"isOver":false,"isBidirectional":false,"eventLog":[{"time":1702310990752,"type":"create connection"}]}],"currentID":{},"currentNode":{},"hasSelectedNode":[false],"currentConnector":{},"hasSelectedConnector":[false],"readyToMove":[false],"isIncoming":[false],"hasElementMoved":[false]}
