{"idCAM":["bb8ce1f5-8c89-46ae-b5d0-fd388f3781f7"],"creator":["6568ad4a9ad5cefdb6e70dc7_pre"],"projectCAM":["S2_CAM part 1"],"defocusCAM":[],"date":[1702310017006],"nodes":[{"id":"b8b6a098-bcfa-4a39-bfe6-62a5b484d032","value":0,"text":"social assistance robot","comment":"","position":{"x":650,"y":400},"isActive":true,"date":1702310017894,"kind":"Node","isSelected":false,"isConnectorSelected":false,"isDraggable":0,"isDeletable":0,"hasElementMoved":false,"eventLog":[{"time":1702310017894,"type":"create node","value":0}],"isTextChangeable":0},{"id":"a2cd01f3-1587-4dbc-9499-a1d49720707c","value":-1,"text":"disadvantages","comment":"","position":{"x":450,"y":400},"isActive":true,"date":1702310017894,"kind":"Node","isSelected":false,"isConnectorSelected":false,"isDraggable":0,"isDeletable":0,"hasElementMoved":false,"eventLog":[{"time":1702310017894,"type":"create node","value":0},{"time":1702310235680,"type":"selected","value":1},{"time":1702310237970,"type":"value","value":-1},{"time":1702310237970,"type":"selected","value":0}],"isTextChangeable":0},{"id":"351ad1c0-2931-4241-a6be-c89973cc59e8","value":1,"text":"advantages","comment":"","position":{"x":850,"y":400},"isActive":true,"date":1702310017894,"kind":"Node","isSelected":false,"isConnectorSelected":false,"isDraggable":0,"isDeletable":0,"hasElementMoved":false,"eventLog":[{"time":1702310017894,"type":"create node","value":0},{"time":1702310226897,"type":"selected","value":1},{"time":1702310227458,"type":"selected","value":0},{"time":1702310228926,"type":"selected","value":1},{"time":1702310234178,"type":"value","value":1},{"time":1702310234178,"type":"selected","value":0}],"isTextChangeable":0},{"id":"8e1368d7-a01b-43eb-94d8-502fdb3929d1","value":-2,"text":"expensive purchase","comment":"Acquisition and maintenance costs are expensive","position":{"x":313,"y":499},"isActive":true,"date":1702310043114,"kind":"Node","isSelected":false,"isConnectorSelected":false,"isDraggable":1,"isDeletable":1,"hasElementMoved":false,"eventLog":[{"time":1702310043114,"type":"create node","value":"0"},{"time":1702310043866,"type":"selected","value":"TRUE"},{"time":1702310066107,"type":"text","value":"Teurer Anschaffung"},{"time":1702310066107,"type":"value","value":"-2"},{"time":1702310066107,"type":"comment","value":"Anschaffungs und Wartungskosten sind teuer"},{"time":1702310066107,"type":"selected","value":"FALSE"}],"isTextChangeable":1},{"id":"a2e04bc2-d847-43aa-b508-e4dd8089f05d","value":-1,"text":"failure devices","comment":"If devices break or have disturbances, it can negatively affect the use of robots.","position":{"x":281,"y":276},"isActive":true,"date":1702310079906,"kind":"Node","isSelected":false,"isConnectorSelected":false,"isDraggable":1,"isDeletable":1,"hasElementMoved":false,"eventLog":[{"time":1702310079906,"type":"create node","value":"0"},{"time":1702310080640,"type":"selected","value":"TRUE"},{"time":1702310137140,"type":"text","value":"Ausfall Geräte"},{"time":1702310137140,"type":"value","value":"-1"},{"time":1702310137140,"type":"comment","value":"Wenn Geräte kaputt gehen oder Störungen haben, kann sich das auf den Einsatz der Roboter negativ auswirken"},{"time":1702310137140,"type":"selected","value":"FALSE"}],"isTextChangeable":1},{"id":"60b645d0-7684-414e-86d3-1ce9b6b42a41","value":1,"text":"Cheaper than personnel costs","comment":"In the long term, robots can be cheaper than personnel costs, especially in the care and social sector.","position":{"x":987,"y":318},"isActive":true,"date":1702310140569,"kind":"Node","isSelected":false,"isConnectorSelected":false,"isDraggable":1,"isDeletable":1,"hasElementMoved":false,"eventLog":[{"time":1702310140569,"type":"create node","value":"0"},{"time":1702310141292,"type":"selected","value":"TRUE"},{"time":1702310219611,"type":"text","value":"Günstiger als Personalkosten"},{"time":1702310219611,"type":"value","value":"10"},{"time":1702310219611,"type":"comment","value":"Langfristig gesehen können Roboter günstiger sein als Personalkosten, insbesondere im Pflege und Sozialbereich "},{"time":1702310219611,"type":"selected","value":"FALSE"},{"time":1702310470095,"type":"selected","value":"TRUE"},{"time":1702310480935,"type":"value","value":"0"},{"time":1702310480935,"type":"selected","value":"FALSE"},{"time":1702310481771,"type":"selected","value":"TRUE"},{"time":1702310483582,"type":"value","value":"1"},{"time":1702310483582,"type":"selected","value":"FALSE"}],"isTextChangeable":1},{"id":"0e6b06b3-9c46-4ff0-ab5a-b6c74eaed0b2","value":-2,"text":"job losses","comment":"Especially in the care and social sector, jobs can be lost, from professionals but mainly from unskilled workers.","position":{"x":501,"y":524},"isActive":true,"date":1702310246664,"kind":"Node","isSelected":false,"isConnectorSelected":false,"isDraggable":1,"isDeletable":1,"hasElementMoved":false,"eventLog":[{"time":1702310246664,"type":"create node","value":"0"},{"time":1702310246990,"type":"selected","value":"TRUE"},{"time":1702310305001,"type":"text","value":"Jobverluste"},{"time":1702310305001,"type":"value","value":"-2"},{"time":1702310305001,"type":"comment","value":"Besonders im Pflege und Sozialbereich können Jobs wegfallen, von Fachkräften aber auch ungelernten Kräften."},{"time":1702310305001,"type":"selected","value":"FALSE"},{"time":1702310405720,"type":"selected","value":"TRUE"},{"time":1702310423480,"type":"comment","value":"Besonders im Pflege und Sozialbereich können Jobs wegfallen, von Fachkräften aber auch hauptsächlich von ungelernten Kräften."},{"time":1702310423480,"type":"selected","value":"FALSE"},{"time":1702310490444,"type":"selected","value":"TRUE"},{"time":1702310495503,"type":"selected","value":"FALSE"}],"isTextChangeable":1},{"id":"de033678-b9c2-4600-a0ac-e616a53ea97d","value":3,"text":"deployment in case of staff shortage","comment":"There is often a staff shortage in the nursing and social sector, robots can compensate for this.","position":{"x":1041,"y":502},"isActive":true,"date":1702310307367,"kind":"Node","isSelected":false,"isConnectorSelected":false,"isDraggable":1,"isDeletable":1,"hasElementMoved":false,"eventLog":[{"time":1702310307367,"type":"create node","value":"0"},{"time":1702310308944,"type":"selected","value":"TRUE"},{"time":1702310359097,"type":"text","value":"Einsatz bei Personalmangel "},{"time":1702310359097,"type":"value","value":"2"},{"time":1702310359097,"type":"comment","value":"Im Pflege- und Sozialbereich gibt es oft einen Personalmangel, Roboter können diesen ausgleichen"},{"time":1702310359097,"type":"selected","value":"FALSE"},{"time":1702310484596,"type":"selected","value":"TRUE"},{"time":1702310486375,"type":"value","value":"3"},{"time":1702310486375,"type":"selected","value":"FALSE"}],"isTextChangeable":1},{"id":"a4f27193-b7b1-4f81-a647-7abb73ba8990","value":2,"text":"creation of jobs","comment":"Jobs are created for the development, manufacturing, and maintenance of robots.","position":{"x":887,"y":571},"isActive":true,"date":1702310361710,"kind":"Node","isSelected":false,"isConnectorSelected":false,"isDraggable":1,"isDeletable":1,"hasElementMoved":false,"eventLog":[{"time":1702310361710,"type":"create node","value":"0"},{"time":1702310362526,"type":"selected","value":"TRUE"},{"time":1702310393456,"type":"text","value":"Schaffung Arbeitsplätze"},{"time":1702310393456,"type":"value","value":"3"},{"time":1702310393456,"type":"comment","value":"Es werden für die Entwicklung, Herstellung und Warten der Roboter Arbeitsplätze geschafften"},{"time":1702310393456,"type":"selected","value":"FALSE"},{"time":1702310486923,"type":"selected","value":"TRUE"},{"time":1702310488566,"type":"value","value":"2"},{"time":1702310488566,"type":"selected","value":"FALSE"}],"isTextChangeable":1},{"id":"62851f08-409a-42a4-aa2c-ac8ffdc407a5","value":1,"text":"emotional relationships","comment":"Robots can also establish emotional connections that many people lack.","position":{"x":805,"y":201},"isActive":true,"date":1702310497957,"kind":"Node","isSelected":false,"isConnectorSelected":false,"isDraggable":1,"isDeletable":1,"hasElementMoved":false,"eventLog":[{"time":1702310497957,"type":"create node","value":"0"},{"time":1702310500962,"type":"selected","value":"TRUE"},{"time":1702310556230,"type":"text","value":"Emotionale Beziehungen"},{"time":1702310556230,"type":"value","value":"1"},{"time":1702310556230,"type":"comment","value":"Roboter können auch emotionale Bindungen herstellen, die vielen Menschen abgehen"},{"time":1702310556230,"type":"selected","value":"FALSE"}],"isTextChangeable":1},{"id":"c6d58be2-74ed-4efb-bd70-54b9f2fa326d","value":-1,"text":"loss of humanity","comment":"The use of robots can lead to a loss of humanity, especially when there is not sufficient control of their use.","position":{"x":486,"y":205},"isActive":true,"date":1702310561427,"kind":"Node","isSelected":false,"isConnectorSelected":false,"isDraggable":1,"isDeletable":1,"hasElementMoved":false,"eventLog":[{"time":"1702310561427","type":"create node","value":[0]},{"time":"1702310562236","type":"selected","value":[true]},{"time":"1702310674462","type":"text","value":["Humanitätsverlust"]},{"time":"1702310674462","type":"value","value":[-1]},{"time":"1702310674462","type":"comment","value":["Beim Einsatz von Robotern kann es zu einem Verlust an Humanität kommen, gerade wenn keine ausreichende Kontrolle des Einsatzes stattfindet"]},{"time":"1702310674462","type":"selected","value":[false]},{"time":"2023-12-11T16:04:34.946Z","type":"position","value":{"x":[489],"y":[204]}}],"isTextChangeable":1},{"id":"47da5ca1-f376-435d-a41b-15ef4cce44b5","value":-2,"text":"programming of prejudices","comment":"Robots and their behaviors can be influenced by the prejudices or assumptions of the developers in their work.","position":{"x":620,"y":251},"isActive":true,"date":1702310678138,"kind":"Node","isSelected":false,"isConnectorSelected":false,"isDraggable":1,"isDeletable":1,"hasElementMoved":false,"eventLog":[{"time":1702310678138,"type":"create node","value":"0"},{"time":1702310678723,"type":"selected","value":"TRUE"},{"time":1702310752771,"type":"text","value":"Programmierung von Vorurteilen"},{"time":1702310752771,"type":"value","value":"-2"},{"time":1702310752771,"type":"comment","value":"Roboter und ihre Verhaltensweisen können durch die Vorurteile oder Annahmen der Entwickler in ihrer Arbeti beeinflusst werden"},{"time":1702310752771,"type":"selected","value":"FALSE"}],"isTextChangeable":1},{"id":"ab7bea93-1fec-48cf-b9e1-26846989ce99","value":2,"text":"Geringer Körperkrafteinsatz","comment":"","position":{"x":715,"y":565},"isActive":false,"date":1702310759353,"kind":"Node","isSelected":false,"isConnectorSelected":false,"isDraggable":1,"isDeletable":1,"hasElementMoved":false,"eventLog":[{"time":1702310759353,"type":"create node","value":0},{"time":1702310760042,"type":"selected","value":1},{"time":1702310788217,"type":"node was deleted","value":-99}],"isTextChangeable":1},{"id":"05e8ca7f-43b7-4880-89d0-c2d508e70056","value":2,"text":"better memory","comment":"Robots can often remember things better than humans","position":{"x":731,"y":563},"isActive":true,"date":1702310789320,"kind":"Node","isSelected":false,"isConnectorSelected":false,"isDraggable":1,"isDeletable":1,"hasElementMoved":false,"eventLog":[{"time":1702310789320,"type":"create node","value":"0"},{"time":1702310791328,"type":"selected","value":"TRUE"},{"time":1702310850890,"type":"text","value":"Besseres Gedächtnis"},{"time":1702310850890,"type":"value","value":"2"},{"time":1702310850890,"type":"comment","value":"Roboter können sich oft Dinge besser merken als Menschen"},{"time":1702310850890,"type":"selected","value":"FALSE"},{"time":1702310851904,"type":"selected","value":"TRUE"},{"time":1702310854050,"type":"selected","value":"FALSE"}],"isTextChangeable":1}],"connectors":[{"id":"6021c0f3-52ad-481d-8783-b62b67a9c6b3","source":"b8b6a098-bcfa-4a39-bfe6-62a5b484d032","target":"a2cd01f3-1587-4dbc-9499-a1d49720707c","agreement":true,"isActive":true,"date":1702310017894,"kind":"Connector","isSelected":false,"intensity":3,"isDeletable":false,"isOver":false,"isBidirectional":false,"eventLog":[{"time":1702310017894,"type":"create connection"}]},{"id":"437a77c4-7e96-4cf7-9fbb-0a9742893d7b","source":"b8b6a098-bcfa-4a39-bfe6-62a5b484d032","target":"351ad1c0-2931-4241-a6be-c89973cc59e8","agreement":true,"isActive":true,"date":1702310017894,"kind":"Connector","isSelected":false,"intensity":3,"isDeletable":true,"isOver":false,"isBidirectional":false,"eventLog":[{"time":1702310017894,"type":"create connection"}]},{"id":"73c2d222-5775-441b-bbe2-73482ead46da","source":"a2cd01f3-1587-4dbc-9499-a1d49720707c","target":"8e1368d7-a01b-43eb-94d8-502fdb3929d1","agreement":true,"isActive":true,"date":1702310067754,"kind":"Connector","isSelected":false,"intensity":3,"isDeletable":true,"isOver":false,"isBidirectional":false,"eventLog":[{"time":1702310067754,"type":"create connection"},{"time":1702310069835,"type":"selected","value":1},{"time":1702310076283,"type":"change intensity of connector","value":3},{"time":1702310076283,"type":"selected","value":0}]},{"id":"eb137ca8-94e5-4544-83cf-bf7c818233fb","source":"a2e04bc2-d847-43aa-b508-e4dd8089f05d","target":"a2cd01f3-1587-4dbc-9499-a1d49720707c","agreement":true,"isActive":true,"date":1702310138169,"kind":"Connector","isSelected":false,"intensity":3,"isDeletable":true,"isOver":false,"isBidirectional":false,"eventLog":[{"time":1702310138169,"type":"create connection"}]},{"id":"b2cea0dd-c9e9-41d4-a53c-bb41d12dfe9a","source":"60b645d0-7684-414e-86d3-1ce9b6b42a41","target":"351ad1c0-2931-4241-a6be-c89973cc59e8","agreement":true,"isActive":true,"date":1702310220592,"kind":"Connector","isSelected":false,"intensity":3,"isDeletable":true,"isOver":false,"isBidirectional":false,"eventLog":[{"time":1702310220592,"type":"create connection"}]},{"id":"14b57ce4-b75c-4de4-b213-eb11793839af","source":"0e6b06b3-9c46-4ff0-ab5a-b6c74eaed0b2","target":"a2cd01f3-1587-4dbc-9499-a1d49720707c","agreement":true,"isActive":true,"date":1702310305847,"kind":"Connector","isSelected":false,"intensity":3,"isDeletable":true,"isOver":false,"isBidirectional":false,"eventLog":[{"time":1702310305847,"type":"create connection"}]},{"id":"6c27ff1b-83ac-435d-94e9-3195b60517af","source":"351ad1c0-2931-4241-a6be-c89973cc59e8","target":"de033678-b9c2-4600-a0ac-e616a53ea97d","agreement":true,"isActive":true,"date":1702310360742,"kind":"Connector","isSelected":false,"intensity":3,"isDeletable":true,"isOver":false,"isBidirectional":false,"eventLog":[{"time":1702310360742,"type":"create connection"}]},{"id":"2cff18e7-9ca4-45a9-bac1-79fb359d4acb","source":"351ad1c0-2931-4241-a6be-c89973cc59e8","target":"a4f27193-b7b1-4f81-a647-7abb73ba8990","agreement":true,"isActive":true,"date":1702310394304,"kind":"Connector","isSelected":false,"intensity":3,"isDeletable":true,"isOver":false,"isBidirectional":false,"eventLog":[{"time":1702310394305,"type":"create connection"}]},{"id":"647c625e-1492-4154-a634-2fa1d95e02e7","source":"62851f08-409a-42a4-aa2c-ac8ffdc407a5","target":"351ad1c0-2931-4241-a6be-c89973cc59e8","agreement":true,"isActive":true,"date":1702310557195,"kind":"Connector","isSelected":false,"intensity":3,"isDeletable":true,"isOver":false,"isBidirectional":false,"eventLog":[{"time":1702310557195,"type":"create connection"}]},{"id":"758d393d-fb0c-4b47-b325-808c8cae1108","source":"c6d58be2-74ed-4efb-bd70-54b9f2fa326d","target":"a2cd01f3-1587-4dbc-9499-a1d49720707c","agreement":true,"isActive":true,"date":1702310676858,"kind":"Connector","isSelected":false,"intensity":3,"isDeletable":true,"isOver":false,"isBidirectional":false,"eventLog":[{"time":1702310676858,"type":"create connection"}]},{"id":"b33f1fc7-3ffd-4e8b-ae49-e789387ee34c","source":"a2cd01f3-1587-4dbc-9499-a1d49720707c","target":"47da5ca1-f376-435d-a41b-15ef4cce44b5","agreement":true,"isActive":true,"date":1702310754385,"kind":"Connector","isSelected":false,"intensity":3,"isDeletable":true,"isOver":false,"isBidirectional":false,"eventLog":[{"time":1702310754385,"type":"create connection"}]},{"id":"2b5d8397-0273-49be-8d1c-89c2c09eed1d","source":"05e8ca7f-43b7-4880-89d0-c2d508e70056","target":"351ad1c0-2931-4241-a6be-c89973cc59e8","agreement":true,"isActive":true,"date":1702310855040,"kind":"Connector","isSelected":false,"intensity":3,"isDeletable":true,"isOver":false,"isBidirectional":false,"eventLog":[{"time":1702310855040,"type":"create connection"}]}],"currentID":{},"currentNode":{},"hasSelectedNode":[false],"currentConnector":{},"hasSelectedConnector":[false],"readyToMove":[false],"isIncoming":[false],"hasElementMoved":[false]}
