{"idCAM":["91598ac7-8fd5-4d3d-a9c2-6d204d51596b"],"creator":["656b4e172906db15e11ebce5_post"],"projectCAM":["S2_CAM part 2"],"defocusCAM":[],"date":[1702291502594],"nodes":[{"id":"4c0b8702-dc69-493a-bf2e-e4ff4844e6f7","value":2,"text":"social assistance robot","comment":"","position":{"x":650,"y":400},"isActive":true,"date":1702291503500,"kind":"Node","isSelected":false,"isConnectorSelected":false,"isDraggable":0,"isDeletable":0,"hasElementMoved":false,"eventLog":[{"time":1702291503500,"type":"create node","value":2}],"isTextChangeable":0},{"id":"dd67cc8b-c5c5-4472-8e1f-e0a66056abd3","value":-3,"text":"disadvantages","comment":"","position":{"x":450,"y":400},"isActive":true,"date":1702291503500,"kind":"Node","isSelected":false,"isConnectorSelected":false,"isDraggable":0,"isDeletable":0,"hasElementMoved":false,"eventLog":[{"time":1702291503500,"type":"create node","value":-3}],"isTextChangeable":0},{"id":"37e10b9b-06bf-45ba-8d4c-69240bbb2f5c","value":3,"text":"advantages","comment":"","position":{"x":850,"y":400},"isActive":true,"date":1702291503500,"kind":"Node","isSelected":false,"isConnectorSelected":false,"isDraggable":0,"isDeletable":0,"hasElementMoved":false,"eventLog":[{"time":1702291503500,"type":"create node","value":3}],"isTextChangeable":0},{"id":"702840c4-552a-407c-acfc-d5ab97b0f84e","value":-2,"text":"emotional integrity","comment":"","position":{"x":500.4,"y":220.6},"isActive":true,"date":1702291503500,"kind":"Node","isSelected":false,"isConnectorSelected":false,"isDraggable":1,"isDeletable":1,"hasElementMoved":false,"eventLog":[{"time":"1702291503500","type":"create node","value":[-2]},{"time":"2023-12-11T10:46:26.314Z","type":"position","value":{"x":[319.4],"y":[227.6]}},{"time":"2023-12-11T10:46:28.810Z","type":"position","value":{"x":[396.4],"y":[222.6]}}],"isTextChangeable":1},{"id":"26dd7085-5606-4eff-98ac-2f550cfb7076","value":3,"text":"relief of the staff","comment":"","position":{"x":950.4,"y":202.6},"isActive":true,"date":1702291503500,"kind":"Node","isSelected":false,"isConnectorSelected":false,"isDraggable":1,"isDeletable":1,"hasElementMoved":false,"eventLog":[{"time":"1702291503500","type":"create node","value":[3]},{"time":"2023-12-11T10:47:20.413Z","type":"position","value":{"x":[1036.4],"y":[221.6]}},{"time":"2023-12-11T10:48:02.248Z","type":"position","value":{"x":[961.4],"y":[183.6]}},{"time":"2023-12-11T10:48:13.799Z","type":"position","value":{"x":[1016.4],"y":[264.6]}},{"time":"2023-12-11T10:48:21.110Z","type":"position","value":{"x":[956.4],"y":[239.6]}}],"isTextChangeable":1},{"id":"b0e888bb-013e-45fe-b20a-ea632b889726","value":2,"text":"saving of staff","comment":"","position":{"x":757.4,"y":221.6},"isActive":true,"date":1702291503500,"kind":"Node","isSelected":false,"isConnectorSelected":false,"isDraggable":1,"isDeletable":1,"hasElementMoved":false,"eventLog":[{"time":1702291503500,"type":"create node","value":2}],"isTextChangeable":1},{"id":"da369291-5aa4-40d3-8a77-20a41cc80cf8","value":1,"text":"penetrate to people","comment":"","position":{"x":1073.4,"y":371.6},"isActive":true,"date":1702291503500,"kind":"Node","isSelected":false,"isConnectorSelected":false,"isDraggable":1,"isDeletable":1,"hasElementMoved":false,"eventLog":[{"time":"1702291503500","type":"create node","value":[1]},{"time":"2023-12-11T10:49:26.221Z","type":"position","value":{"x":[1084.4],"y":[382.6]}}],"isTextChangeable":1},{"id":"51accaee-d544-437e-be6a-908c1a623f55","value":1,"text":"make emotionless decisions","comment":"","position":{"x":1031.4,"y":565.6},"isActive":true,"date":1702291503500,"kind":"Node","isSelected":false,"isConnectorSelected":false,"isDraggable":1,"isDeletable":1,"hasElementMoved":false,"eventLog":[{"time":1702291503500,"type":"create node","value":1}],"isTextChangeable":1},{"id":"8c61efc1-2e17-473f-bd0a-1c01c8e4ab84","value":3,"text":"innovative ideas","comment":"","position":{"x":858.4,"y":617.6},"isActive":true,"date":1702291503500,"kind":"Node","isSelected":false,"isConnectorSelected":false,"isDraggable":1,"isDeletable":1,"hasElementMoved":false,"eventLog":[{"time":1702291503500,"type":"create node","value":3}],"isTextChangeable":1},{"id":"43a1d301-19aa-4492-bceb-e954647563c4","value":-3,"text":"too high dependency","comment":"","position":{"x":246.4,"y":511.6},"isActive":true,"date":1702291503500,"kind":"Node","isSelected":false,"isConnectorSelected":false,"isDraggable":1,"isDeletable":1,"hasElementMoved":false,"eventLog":[{"time":"1702291503500","type":"create node","value":[-3]},{"time":"2023-12-11T10:46:57.040Z","type":"position","value":{"x":[250.4],"y":[410.6]}},{"time":"2023-12-11T10:47:00.508Z","type":"position","value":{"x":[199.4],"y":[498.6]}}],"isTextChangeable":1},{"id":"78b7dd20-fa0b-425a-a245-ac85dc6f4904","value":-2,"text":"costs","comment":"","position":{"x":318.4,"y":298.6},"isActive":true,"date":1702291503500,"kind":"Node","isSelected":false,"isConnectorSelected":false,"isDraggable":1,"isDeletable":1,"hasElementMoved":false,"eventLog":[{"time":"1702291503500","type":"create node","value":[-2]},{"time":"2023-12-11T10:46:55.504Z","type":"position","value":{"x":[289.4],"y":[564.6]}},{"time":"2023-12-11T10:46:55.604Z","type":"position","value":{"x":[364.4],"y":[399.6]}},{"time":"2023-12-11T10:47:01.593Z","type":"position","value":{"x":[359.4],"y":[290.6]}}],"isTextChangeable":1},{"id":"a4581f6e-e2b0-4b17-8c6f-3be4cbd818cb","value":-3,"text":"unemployed educators","comment":"","position":{"x":504.4,"y":593.6},"isActive":true,"date":1702291503501,"kind":"Node","isSelected":false,"isConnectorSelected":false,"isDraggable":1,"isDeletable":1,"hasElementMoved":false,"eventLog":[{"time":1702291503501,"type":"create node","value":-3}],"isTextChangeable":1},{"id":"8b2503fa-07e7-458b-af5f-7694974f39c8","value":3,"text":"long-term cost-saving","comment":"","position":{"x":705.4,"y":534.6},"isActive":true,"date":1702291503501,"kind":"Node","isSelected":false,"isConnectorSelected":false,"isDraggable":1,"isDeletable":1,"hasElementMoved":false,"eventLog":[{"time":1702291503501,"type":"create node","value":3}],"isTextChangeable":1},{"id":"e916cc3e-5e9b-46a4-bd94-92338eb692ec","value":-1,"text":"soft robots","comment":"","position":{"x":188.4,"y":178.6},"isActive":true,"date":1702291523446,"kind":"Node","isSelected":false,"isConnectorSelected":false,"isDraggable":1,"isDeletable":1,"hasElementMoved":false,"eventLog":[{"time":"1702291523446","type":"create node","value":[0]},{"time":"1702291523539","type":"selected","value":[true]},{"time":"1702291575542","type":"text","value":["softe Roboter"]},{"time":"1702291575542","type":"value","value":[-1]},{"time":"1702291575542","type":"selected","value":[false]},{"time":"2023-12-11T10:46:16.281Z","type":"position","value":{"x":[107.4],"y":[282.6]}},{"time":"2023-12-11T10:46:19.612Z","type":"position","value":{"x":[162.4],"y":[254.6]}},{"time":"2023-12-11T10:46:33.832Z","type":"position","value":{"x":[190.4],"y":[259.6]}},{"time":"2023-12-11T10:46:38.603Z","type":"position","value":{"x":[261.4],"y":[235.6]}},{"time":"2023-12-11T10:46:58.774Z","type":"position","value":{"x":[280.4],"y":[233.6]}}],"isTextChangeable":1},{"id":"a78f53bd-7725-4dab-9b6d-06ed2f833117","value":2,"text":"soft robots","comment":"","position":{"x":1130.4,"y":243.6},"isActive":true,"date":1702291649848,"kind":"Node","isSelected":false,"isConnectorSelected":false,"isDraggable":1,"isDeletable":1,"hasElementMoved":false,"eventLog":[{"time":"1702291649848","type":"create node","value":[0]},{"time":"1702291649952","type":"selected","value":[true]},{"time":"1702291660488","type":"text","value":["softe Roboter"]},{"time":"1702291660488","type":"value","value":[2]},{"time":"1702291660488","type":"selected","value":[false]},{"time":"2023-12-11T10:47:56.815Z","type":"position","value":{"x":[1066.4],"y":[301.6]}},{"time":"2023-12-11T10:47:56.948Z","type":"position","value":{"x":[1223.4],"y":[354.6]}},{"time":"2023-12-11T10:48:15.086Z","type":"position","value":{"x":[1220.4],"y":[373.6]}},{"time":"2023-12-11T10:49:27.189Z","type":"position","value":{"x":[1143.4],"y":[258.6]}}],"isTextChangeable":1},{"id":"526eed74-d9e9-428d-a319-4f1825e3e4b2","value":2,"text":"humanity","comment":"","position":{"x":1083.4,"y":99.6},"isActive":true,"date":1702291705260,"kind":"Node","isSelected":false,"isConnectorSelected":false,"isDraggable":1,"isDeletable":1,"hasElementMoved":false,"eventLog":[{"time":"1702291705260","type":"create node","value":[0]},{"time":"1702291705376","type":"selected","value":[true]},{"time":"1702291757154","type":"text","value":["Menschenähnligkeit"]},{"time":"1702291757154","type":"value","value":[2]},{"time":"1702291757154","type":"selected","value":[false]},{"time":"2023-12-11T10:49:18.035Z","type":"position","value":{"x":[993.4],"y":[314.6]}},{"time":"2023-12-11T10:49:18.214Z","type":"position","value":{"x":[1147.4],"y":[177.6]}},{"time":"2023-12-11T10:49:18.263Z","type":"position","value":{"x":[1165.4],"y":[162.6]}},{"time":"2023-12-11T10:49:27.923Z","type":"position","value":{"x":[1194.4],"y":[152.6]}},{"time":"1702291769214","type":"selected","value":[true]},{"time":"1702291774474","type":"text","value":["Menschlichkeit"]},{"time":"1702291774474","type":"selected","value":[false]},{"time":"2023-12-11T10:49:36.414Z","type":"position","value":{"x":[1180.4],"y":[77.6]}}],"isTextChangeable":1}],"connectors":[{"id":"65a885be-da02-4c5e-b68b-30eebd2f4e58","source":"4c0b8702-dc69-493a-bf2e-e4ff4844e6f7","target":"dd67cc8b-c5c5-4472-8e1f-e0a66056abd3","agreement":false,"isActive":true,"date":1702291503501,"kind":"Connector","isSelected":false,"intensity":3,"isDeletable":false,"isOver":false,"isBidirectional":false,"eventLog":[{"time":1702291503501,"type":"create connection"}]},{"id":"cead6e3c-3fea-4559-9723-e29be202743a","source":"4c0b8702-dc69-493a-bf2e-e4ff4844e6f7","target":"37e10b9b-06bf-45ba-8d4c-69240bbb2f5c","agreement":true,"isActive":true,"date":1702291503501,"kind":"Connector","isSelected":false,"intensity":6,"isDeletable":true,"isOver":false,"isBidirectional":false,"eventLog":[{"time":1702291503501,"type":"create connection"}]},{"id":"d5a67045-4b3a-45cd-9d50-d248dfee2964","source":"702840c4-552a-407c-acfc-d5ab97b0f84e","target":"dd67cc8b-c5c5-4472-8e1f-e0a66056abd3","agreement":true,"isActive":true,"date":1702291503501,"kind":"Connector","isSelected":false,"intensity":3,"isDeletable":true,"isOver":false,"isBidirectional":false,"eventLog":[{"time":1702291503501,"type":"create connection"}]},{"id":"0e4e373d-2041-400d-a1ae-c846404b78a4","source":"26dd7085-5606-4eff-98ac-2f550cfb7076","target":"37e10b9b-06bf-45ba-8d4c-69240bbb2f5c","agreement":true,"isActive":true,"date":1702291503501,"kind":"Connector","isSelected":false,"intensity":9,"isDeletable":true,"isOver":false,"isBidirectional":false,"eventLog":[{"time":1702291503501,"type":"create connection"}]},{"id":"44b2254d-aef8-4257-a0a9-82cd26b2f46a","source":"b0e888bb-013e-45fe-b20a-ea632b889726","target":"37e10b9b-06bf-45ba-8d4c-69240bbb2f5c","agreement":true,"isActive":true,"date":1702291503501,"kind":"Connector","isSelected":false,"intensity":6,"isDeletable":true,"isOver":false,"isBidirectional":false,"eventLog":[{"time":1702291503501,"type":"create connection"}]},{"id":"fa0250bb-2a96-46ac-be63-cfc7fd22bc86","source":"da369291-5aa4-40d3-8a77-20a41cc80cf8","target":"37e10b9b-06bf-45ba-8d4c-69240bbb2f5c","agreement":true,"isActive":true,"date":1702291503501,"kind":"Connector","isSelected":false,"intensity":3,"isDeletable":true,"isOver":false,"isBidirectional":false,"eventLog":[{"time":1702291503501,"type":"create connection"}]},{"id":"7defc37e-1c02-4f1c-b972-e5657b12fc3a","source":"37e10b9b-06bf-45ba-8d4c-69240bbb2f5c","target":"51accaee-d544-437e-be6a-908c1a623f55","agreement":true,"isActive":true,"date":1702291503501,"kind":"Connector","isSelected":false,"intensity":3,"isDeletable":true,"isOver":false,"isBidirectional":false,"eventLog":[{"time":1702291503501,"type":"create connection"}]},{"id":"2f3b9c79-3929-475a-8e06-05cc21dc77c5","source":"8c61efc1-2e17-473f-bd0a-1c01c8e4ab84","target":"37e10b9b-06bf-45ba-8d4c-69240bbb2f5c","agreement":true,"isActive":true,"date":1702291503501,"kind":"Connector","isSelected":false,"intensity":6,"isDeletable":true,"isOver":false,"isBidirectional":false,"eventLog":[{"time":1702291503501,"type":"create connection"}]},{"id":"23bf7982-a9f5-44fd-8065-2026dab520ae","source":"43a1d301-19aa-4492-bceb-e954647563c4","target":"dd67cc8b-c5c5-4472-8e1f-e0a66056abd3","agreement":true,"isActive":true,"date":1702291503501,"kind":"Connector","isSelected":false,"intensity":6,"isDeletable":true,"isOver":false,"isBidirectional":false,"eventLog":[{"time":1702291503501,"type":"create connection"}]},{"id":"6b6012fe-9b3a-4c5b-ae20-c78e21767f75","source":"dd67cc8b-c5c5-4472-8e1f-e0a66056abd3","target":"78b7dd20-fa0b-425a-a245-ac85dc6f4904","agreement":true,"isActive":true,"date":1702291503501,"kind":"Connector","isSelected":false,"intensity":6,"isDeletable":true,"isOver":false,"isBidirectional":false,"eventLog":[{"time":1702291503501,"type":"create connection"}]},{"id":"e9383a78-0bb8-4f46-80c8-3d39b265803e","source":"dd67cc8b-c5c5-4472-8e1f-e0a66056abd3","target":"a4581f6e-e2b0-4b17-8c6f-3be4cbd818cb","agreement":true,"isActive":true,"date":1702291503501,"kind":"Connector","isSelected":false,"intensity":6,"isDeletable":true,"isOver":false,"isBidirectional":false,"eventLog":[{"time":1702291503501,"type":"create connection"}]},{"id":"55617a46-00f7-46f1-a007-ae9388c8c053","source":"8b2503fa-07e7-458b-af5f-7694974f39c8","target":"37e10b9b-06bf-45ba-8d4c-69240bbb2f5c","agreement":true,"isActive":true,"date":1702291503501,"kind":"Connector","isSelected":false,"intensity":9,"isDeletable":true,"isOver":false,"isBidirectional":false,"eventLog":[{"time":1702291503501,"type":"create connection"}]},{"id":"6f92a696-1c2b-49e7-8798-dfc3254895a2","source":"e916cc3e-5e9b-46a4-bd94-92338eb692ec","target":"702840c4-552a-407c-acfc-d5ab97b0f84e","agreement":false,"isActive":true,"date":1702291600483,"kind":"Connector","isSelected":false,"intensity":6,"isDeletable":true,"isOver":false,"isBidirectional":false,"eventLog":[{"time":1702291600483,"type":"create connection"},{"time":1702291601656,"type":"selected","value":1},{"time":1702291604643,"type":"change intensity of connector","value":-6},{"time":1702291604643,"type":"selected","value":0}]},{"id":"e2941d83-ea8e-4ee0-abb1-dd6267cda9e0","source":"e916cc3e-5e9b-46a4-bd94-92338eb692ec","target":"43a1d301-19aa-4492-bceb-e954647563c4","agreement":true,"isActive":true,"date":1702291605652,"kind":"Connector","isSelected":false,"intensity":3,"isDeletable":true,"isOver":false,"isBidirectional":false,"eventLog":[{"time":1702291605652,"type":"create connection"}]},{"id":"0e40a4b7-a23d-4838-a980-096099202ab7","source":"e916cc3e-5e9b-46a4-bd94-92338eb692ec","target":"78b7dd20-fa0b-425a-a245-ac85dc6f4904","agreement":true,"isActive":true,"date":1702291624223,"kind":"Connector","isSelected":false,"intensity":3,"isDeletable":true,"isOver":false,"isBidirectional":false,"eventLog":[{"time":1702291624223,"type":"create connection"}]},{"id":"8a2d6ad4-714f-4bd6-a1dc-eaa62ad531d3","source":"a78f53bd-7725-4dab-9b6d-06ed2f833117","target":"da369291-5aa4-40d3-8a77-20a41cc80cf8","agreement":true,"isActive":true,"date":1702291666606,"kind":"Connector","isSelected":false,"intensity":9,"isDeletable":true,"isOver":false,"isBidirectional":false,"eventLog":[{"time":1702291666606,"type":"create connection"},{"time":1702291670049,"type":"selected","value":1},{"time":1702291672845,"type":"change intensity of connector","value":9},{"time":1702291672845,"type":"selected","value":0}]},{"id":"e2810265-9181-4a86-9f24-efc2e7db7d8b","source":"26dd7085-5606-4eff-98ac-2f550cfb7076","target":"a78f53bd-7725-4dab-9b6d-06ed2f833117","agreement":true,"isActive":true,"date":1702291685560,"kind":"Connector","isSelected":false,"intensity":3,"isDeletable":true,"isOver":false,"isBidirectional":false,"eventLog":[{"time":1702291685560,"type":"create connection"}]},{"id":"3942fa40-769b-44df-be7c-aac677106b44","source":"526eed74-d9e9-428d-a319-4f1825e3e4b2","target":"a78f53bd-7725-4dab-9b6d-06ed2f833117","agreement":true,"isActive":true,"date":1702291760001,"kind":"Connector","isSelected":false,"intensity":6,"isDeletable":true,"isOver":false,"isBidirectional":false,"eventLog":[{"time":1702291760001,"type":"create connection"},{"time":1702291762507,"type":"selected","value":1},{"time":1702291763812,"type":"change intensity of connector","value":6},{"time":1702291763812,"type":"selected","value":0}]}],"currentID":{},"currentNode":{},"hasSelectedNode":[false],"currentConnector":{},"hasSelectedConnector":[false],"readyToMove":[false],"isIncoming":[false],"hasElementMoved":[false]}
