{"idCAM":["e81ee96f-9ad5-4925-9e2c-cce33ef9bb26"],"creator":["656c50a4c053d63a280ad6d0_post"],"projectCAM":["S2_CAM part 2"],"defocusCAM":[null],"date":[1702311083525],"nodes":[{"id":"b265cdb8-6b67-4221-9821-bd43f3bae2e3","value":0,"text":"social assistance robot","comment":"","position":{"x":650,"y":400},"isActive":true,"date":1702311084424,"kind":"Node","isSelected":false,"isConnectorSelected":false,"isDraggable":0,"isDeletable":0,"hasElementMoved":false,"eventLog":[{"time":1702311084424,"type":"create node","value":0}],"isTextChangeable":0},{"id":"a0be25d9-4b32-42a4-9322-0fc47341b104","value":-3,"text":"disadvantages","comment":"","position":{"x":450,"y":400},"isActive":true,"date":1702311084424,"kind":"Node","isSelected":false,"isConnectorSelected":false,"isDraggable":0,"isDeletable":0,"hasElementMoved":false,"eventLog":[{"time":1702311084424,"type":"create node","value":-3}],"isTextChangeable":0},{"id":"29f1d014-f76f-452e-ae1c-5f3a77cc8595","value":3,"text":"advantages","comment":"","position":{"x":850,"y":400},"isActive":true,"date":1702311084424,"kind":"Node","isSelected":false,"isConnectorSelected":false,"isDraggable":0,"isDeletable":0,"hasElementMoved":false,"eventLog":[{"time":1702311084424,"type":"create node","value":3}],"isTextChangeable":0},{"id":"c740f0be-368d-4d22-9884-99af33a340ab","value":0,"text":"emotional","comment":"","position":{"x":896,"y":215},"isActive":true,"date":1702311084424,"kind":"Node","isSelected":false,"isConnectorSelected":false,"isDraggable":1,"isDeletable":1,"hasElementMoved":false,"eventLog":[{"time":1702311084424,"type":"create node","value":0}],"isTextChangeable":1},{"id":"bf5e2730-35dd-4080-8f6b-455ceaafae5e","value":0,"text":"read","comment":"","position":{"x":1229,"y":281},"isActive":true,"date":1702311084424,"kind":"Node","isSelected":false,"isConnectorSelected":false,"isDraggable":1,"isDeletable":1,"hasElementMoved":false,"eventLog":[{"time":1702311084424,"type":"create node","value":0}],"isTextChangeable":1},{"id":"6816a3fb-6090-4de2-aaf5-eac661722169","value":0,"text":"observe","comment":"","position":{"x":491,"y":223},"isActive":true,"date":1702311084424,"kind":"Node","isSelected":false,"isConnectorSelected":false,"isDraggable":1,"isDeletable":1,"hasElementMoved":false,"eventLog":[{"time":1702311084424,"type":"create node","value":0}],"isTextChangeable":1},{"id":"34c202d8-560a-4f5c-ac85-742ac09e7c88","value":0,"text":"look","comment":"","position":{"x":553,"y":563},"isActive":true,"date":1702311084424,"kind":"Node","isSelected":false,"isConnectorSelected":false,"isDraggable":1,"isDeletable":1,"hasElementMoved":false,"eventLog":[{"time":1702311084424,"type":"create node","value":0}],"isTextChangeable":1},{"id":"4fe60ffb-0972-4ab0-9882-2c953b833a61","value":0,"text":"place","comment":"","position":{"x":293,"y":65},"isActive":true,"date":1702311084424,"kind":"Node","isSelected":false,"isConnectorSelected":false,"isDraggable":1,"isDeletable":1,"hasElementMoved":false,"eventLog":[{"time":1702311084424,"type":"create node","value":0}],"isTextChangeable":1},{"id":"a0c314e3-a0ee-457e-ac1b-73d70948bf05","value":0,"text":"time","comment":"","position":{"x":1048,"y":414},"isActive":true,"date":1702311084424,"kind":"Node","isSelected":false,"isConnectorSelected":false,"isDraggable":1,"isDeletable":1,"hasElementMoved":false,"eventLog":[{"time":1702311084424,"type":"create node","value":0}],"isTextChangeable":1},{"id":"ea328cd3-320c-44d6-b993-13fd46eaaea1","value":0,"text":"brain","comment":"","position":{"x":233,"y":330},"isActive":true,"date":1702311084424,"kind":"Node","isSelected":false,"isConnectorSelected":false,"isDraggable":1,"isDeletable":1,"hasElementMoved":false,"eventLog":[{"time":1702311084425,"type":"create node","value":0}],"isTextChangeable":1},{"id":"0f812fdd-9a60-4d38-a408-0ce01f1e9ff1","value":0,"text":"thinking","comment":"","position":{"x":751,"y":117},"isActive":true,"date":1702311084425,"kind":"Node","isSelected":false,"isConnectorSelected":false,"isDraggable":1,"isDeletable":1,"hasElementMoved":false,"eventLog":[{"time":1702311084425,"type":"create node","value":0}],"isTextChangeable":1},{"id":"f6723991-2907-4791-88e2-52640211b31f","value":0,"text":"regularly","comment":"","position":{"x":1157,"y":575},"isActive":true,"date":1702311084425,"kind":"Node","isSelected":false,"isConnectorSelected":false,"isDraggable":1,"isDeletable":1,"hasElementMoved":false,"eventLog":[{"time":1702311084425,"type":"create node","value":0}],"isTextChangeable":1},{"id":"ee5acf98-64fe-40fc-a061-d51bf5d4c923","value":0,"text":"look","comment":"","position":{"x":259,"y":552},"isActive":true,"date":1702311084425,"kind":"Node","isSelected":false,"isConnectorSelected":false,"isDraggable":1,"isDeletable":1,"hasElementMoved":false,"eventLog":[{"time":1702311084425,"type":"create node","value":0}],"isTextChangeable":1},{"id":"93063b0b-b922-43f4-8ac9-ad4cf3f962da","value":0,"text":"notice","comment":"","position":{"x":704,"y":675},"isActive":true,"date":1702311084425,"kind":"Node","isSelected":false,"isConnectorSelected":false,"isDraggable":1,"isDeletable":1,"hasElementMoved":false,"eventLog":[{"time":1702311084425,"type":"create node","value":0}],"isTextChangeable":1},{"id":"a6afb319-33fe-4554-9618-fa39f07d5137","value":0,"text":"life","comment":"","position":{"x":943,"y":690},"isActive":true,"date":1702311084425,"kind":"Node","isSelected":false,"isConnectorSelected":false,"isDraggable":1,"isDeletable":1,"hasElementMoved":false,"eventLog":[{"time":1702311084425,"type":"create node","value":0}],"isTextChangeable":1}],"connectors":[{"id":"140fd7c5-fa9f-4c7f-8429-f4d9ae94ed8f","source":"b265cdb8-6b67-4221-9821-bd43f3bae2e3","target":"a0be25d9-4b32-42a4-9322-0fc47341b104","agreement":true,"isActive":true,"date":1702311084425,"kind":"Connector","isSelected":false,"intensity":3,"isDeletable":false,"isOver":false,"isBidirectional":false,"eventLog":[{"time":1702311084425,"type":"create connection"}]},{"id":"4ae1140f-ed7f-4804-88c8-c57b176785d6","source":"b265cdb8-6b67-4221-9821-bd43f3bae2e3","target":"29f1d014-f76f-452e-ae1c-5f3a77cc8595","agreement":true,"isActive":true,"date":1702311084425,"kind":"Connector","isSelected":false,"intensity":3,"isDeletable":true,"isOver":false,"isBidirectional":false,"eventLog":[{"time":1702311084425,"type":"create connection"}]},{"id":"418214df-ddfb-4a61-ab5f-d590049a6a9b","source":"6816a3fb-6090-4de2-aaf5-eac661722169","target":"0f812fdd-9a60-4d38-a408-0ce01f1e9ff1","agreement":true,"isActive":true,"date":1702311084425,"kind":"Connector","isSelected":false,"intensity":3,"isDeletable":true,"isOver":false,"isBidirectional":false,"eventLog":[{"time":1702311084425,"type":"create connection"}]},{"id":"2c8c4138-b637-4e4b-8541-4442e135d12d","source":"a0be25d9-4b32-42a4-9322-0fc47341b104","target":"c740f0be-368d-4d22-9884-99af33a340ab","agreement":true,"isActive":true,"date":1702311084425,"kind":"Connector","isSelected":false,"intensity":3,"isDeletable":true,"isOver":false,"isBidirectional":false,"eventLog":[{"time":1702311084425,"type":"create connection"}]},{"id":"e0a73793-6bc4-49f8-805c-e59d175e6a82","source":"bf5e2730-35dd-4080-8f6b-455ceaafae5e","target":"a0c314e3-a0ee-457e-ac1b-73d70948bf05","agreement":true,"isActive":true,"date":1702311084425,"kind":"Connector","isSelected":false,"intensity":3,"isDeletable":true,"isOver":false,"isBidirectional":false,"eventLog":[{"time":1702311084425,"type":"create connection"}]},{"id":"a2d15aa8-9207-45d9-9098-89c9dae64c9b","source":"f6723991-2907-4791-88e2-52640211b31f","target":"34c202d8-560a-4f5c-ac85-742ac09e7c88","agreement":true,"isActive":true,"date":1702311084425,"kind":"Connector","isSelected":false,"intensity":3,"isDeletable":true,"isOver":false,"isBidirectional":false,"eventLog":[{"time":1702311084425,"type":"create connection"}]},{"id":"fca6e2d1-2e4c-4629-bfa4-451753c14c7d","source":"ee5acf98-64fe-40fc-a061-d51bf5d4c923","target":"ea328cd3-320c-44d6-b993-13fd46eaaea1","agreement":true,"isActive":true,"date":1702311084425,"kind":"Connector","isSelected":false,"intensity":3,"isDeletable":true,"isOver":false,"isBidirectional":false,"eventLog":[{"time":1702311084425,"type":"create connection"}]},{"id":"6dce0658-65e2-4844-bdf0-bd51e50a7fb4","source":"4fe60ffb-0972-4ab0-9882-2c953b833a61","target":"6816a3fb-6090-4de2-aaf5-eac661722169","agreement":true,"isActive":true,"date":1702311084425,"kind":"Connector","isSelected":false,"intensity":3,"isDeletable":true,"isOver":false,"isBidirectional":false,"eventLog":[{"time":1702311084425,"type":"create connection"}]},{"id":"ad47ba94-2028-4064-bbb2-35ebbfa9b858","source":"a0c314e3-a0ee-457e-ac1b-73d70948bf05","target":"a6afb319-33fe-4554-9618-fa39f07d5137","agreement":true,"isActive":true,"date":1702311084425,"kind":"Connector","isSelected":false,"intensity":3,"isDeletable":true,"isOver":false,"isBidirectional":false,"eventLog":[{"time":1702311084425,"type":"create connection"}]},{"id":"e53ca4fe-0fce-4939-8d0c-187ea1389359","source":"a6afb319-33fe-4554-9618-fa39f07d5137","target":"93063b0b-b922-43f4-8ac9-ad4cf3f962da","agreement":true,"isActive":true,"date":1702311084425,"kind":"Connector","isSelected":false,"intensity":3,"isDeletable":true,"isOver":false,"isBidirectional":false,"eventLog":[{"time":1702311084425,"type":"create connection"}]},{"id":"45928818-86d6-47c5-aa4f-3bd298c2e19c","source":"c740f0be-368d-4d22-9884-99af33a340ab","target":"6816a3fb-6090-4de2-aaf5-eac661722169","agreement":true,"isActive":true,"date":1702311084425,"kind":"Connector","isSelected":false,"intensity":3,"isDeletable":true,"isOver":false,"isBidirectional":false,"eventLog":[{"time":1702311084425,"type":"create connection"}]},{"id":"7efa073b-8696-47de-9099-c502f033debc","source":"ea328cd3-320c-44d6-b993-13fd46eaaea1","target":"6816a3fb-6090-4de2-aaf5-eac661722169","agreement":true,"isActive":true,"date":1702311084425,"kind":"Connector","isSelected":false,"intensity":3,"isDeletable":true,"isOver":false,"isBidirectional":false,"eventLog":[{"time":1702311084425,"type":"create connection"}]},{"id":"ac02faa5-5dca-4ba0-b512-5a33f0482aff","source":"ee5acf98-64fe-40fc-a061-d51bf5d4c923","target":"34c202d8-560a-4f5c-ac85-742ac09e7c88","agreement":true,"isActive":true,"date":1702311084425,"kind":"Connector","isSelected":false,"intensity":3,"isDeletable":true,"isOver":false,"isBidirectional":false,"eventLog":[{"time":1702311084425,"type":"create connection"}]},{"id":"267b9430-473e-4f35-94a4-0118f82383f8","source":"34c202d8-560a-4f5c-ac85-742ac09e7c88","target":"93063b0b-b922-43f4-8ac9-ad4cf3f962da","agreement":true,"isActive":true,"date":1702311084425,"kind":"Connector","isSelected":false,"intensity":3,"isDeletable":true,"isOver":false,"isBidirectional":false,"eventLog":[{"time":1702311084425,"type":"create connection"}]},{"id":"ff155f5d-2e88-4d91-83c7-a9a7355542e6","source":"c740f0be-368d-4d22-9884-99af33a340ab","target":"a0c314e3-a0ee-457e-ac1b-73d70948bf05","agreement":true,"isActive":true,"date":1702311084426,"kind":"Connector","isSelected":false,"intensity":3,"isDeletable":true,"isOver":false,"isBidirectional":false,"eventLog":[{"time":1702311084426,"type":"create connection"}]},{"id":"bd73b386-075c-4c37-8431-18e7222b7b6a","source":"a0c314e3-a0ee-457e-ac1b-73d70948bf05","target":"f6723991-2907-4791-88e2-52640211b31f","agreement":true,"isActive":true,"date":1702311084426,"kind":"Connector","isSelected":false,"intensity":3,"isDeletable":true,"isOver":false,"isBidirectional":false,"eventLog":[{"time":1702311084426,"type":"create connection"}]},{"id":"2a180e6e-87eb-4be5-ab95-78ae325e579d","source":"f6723991-2907-4791-88e2-52640211b31f","target":"a6afb319-33fe-4554-9618-fa39f07d5137","agreement":true,"isActive":true,"date":1702311084426,"kind":"Connector","isSelected":false,"intensity":3,"isDeletable":true,"isOver":false,"isBidirectional":false,"eventLog":[{"time":1702311084426,"type":"create connection"}]},{"id":"10a77077-b1b5-4742-920d-d43be8cca742","source":"0f812fdd-9a60-4d38-a408-0ce01f1e9ff1","target":"c740f0be-368d-4d22-9884-99af33a340ab","agreement":true,"isActive":true,"date":1702311084426,"kind":"Connector","isSelected":false,"intensity":3,"isDeletable":true,"isOver":false,"isBidirectional":false,"eventLog":[{"time":1702311084426,"type":"create connection"}]},{"id":"61621da4-1e13-43cc-8426-dea5f4cff137","source":"c740f0be-368d-4d22-9884-99af33a340ab","target":"bf5e2730-35dd-4080-8f6b-455ceaafae5e","agreement":true,"isActive":true,"date":1702311084426,"kind":"Connector","isSelected":false,"intensity":3,"isDeletable":true,"isOver":false,"isBidirectional":false,"eventLog":[{"time":1702311084426,"type":"create connection"}]}],"currentID":{},"currentNode":{},"hasSelectedNode":[false],"currentConnector":{},"hasSelectedConnector":[false],"readyToMove":[false],"isIncoming":[false]}
