{"idCAM":["e0fb180d-d3c1-4c13-9b0e-aff3a6bb9e01"],"creator":["656e5185676b397a22189d00_post"],"projectCAM":["S2_CAM part 2"],"defocusCAM":[null],"date":[1702310759007],"nodes":[{"id":"ba60217d-c70b-4fb0-9c85-b6f370b09dfa","value":0,"text":"social assistance robot","comment":"","position":{"x":650,"y":400},"isActive":true,"date":1702310760085,"kind":"Node","isSelected":false,"isConnectorSelected":false,"isDraggable":0,"isDeletable":0,"hasElementMoved":false,"eventLog":[{"time":1702310760085,"type":"create node","value":0}],"isTextChangeable":0},{"id":"00592331-118e-4cf0-a3ee-c985728a22df","value":0,"text":"disadvantages","comment":"","position":{"x":450,"y":400},"isActive":true,"date":1702310760085,"kind":"Node","isSelected":false,"isConnectorSelected":false,"isDraggable":0,"isDeletable":0,"hasElementMoved":false,"eventLog":[{"time":1702310760085,"type":"create node","value":0}],"isTextChangeable":0},{"id":"353589a4-9d86-45ae-a815-e5feec9eaecd","value":0,"text":"advantages","comment":"","position":{"x":850,"y":400},"isActive":true,"date":1702310760085,"kind":"Node","isSelected":false,"isConnectorSelected":false,"isDraggable":0,"isDeletable":0,"hasElementMoved":false,"eventLog":[{"time":1702310760085,"type":"create node","value":0}],"isTextChangeable":0},{"id":"1ea85f50-8ff9-4f70-9447-3a8781a2c96f","value":2,"text":"relief of the staff","comment":"","position":{"x":858.3333,"y":285.5},"isActive":true,"date":1702310760085,"kind":"Node","isSelected":false,"isConnectorSelected":false,"isDraggable":1,"isDeletable":1,"hasElementMoved":false,"eventLog":[{"time":1702310760085,"type":"create node","value":2}],"isTextChangeable":1},{"id":"cbbaa5e3-afe6-4155-a15d-91176e803d17","value":1,"text":"support of the employees","comment":"","position":{"x":839.3333,"y":170.5},"isActive":true,"date":1702310760085,"kind":"Node","isSelected":false,"isConnectorSelected":false,"isDraggable":1,"isDeletable":1,"hasElementMoved":false,"eventLog":[{"time":1702310760085,"type":"create node","value":1}],"isTextChangeable":1},{"id":"c8f4b4a8-36ba-4b21-b9dd-a7e52e2e752a","value":2,"text":"therapy","comment":"","position":{"x":1024.3333,"y":407.5},"isActive":true,"date":1702310760085,"kind":"Node","isSelected":false,"isConnectorSelected":false,"isDraggable":1,"isDeletable":1,"hasElementMoved":false,"eventLog":[{"time":1702310760085,"type":"create node","value":2}],"isTextChangeable":1},{"id":"b3dd81a0-810b-4936-b76d-24caba2edc2f","value":3,"text":"education","comment":"","position":{"x":866.3333,"y":520.5},"isActive":true,"date":1702310760085,"kind":"Node","isSelected":false,"isConnectorSelected":false,"isDraggable":1,"isDeletable":1,"hasElementMoved":false,"eventLog":[{"time":1702310760085,"type":"create node","value":3}],"isTextChangeable":1},{"id":"af3d921b-0f1e-4d45-9555-ff4330a4d978","value":2,"text":"robot as learning aid","comment":"","position":{"x":999.3333,"y":575.5},"isActive":true,"date":1702310760085,"kind":"Node","isSelected":false,"isConnectorSelected":false,"isDraggable":1,"isDeletable":1,"hasElementMoved":false,"eventLog":[{"time":1702310760085,"type":"create node","value":2}],"isTextChangeable":1},{"id":"b5db220e-aaad-4b30-a357-bad5f04bc2e3","value":3,"text":"better promotion","comment":"","position":{"x":830.3333,"y":630.5},"isActive":true,"date":1702310760085,"kind":"Node","isSelected":false,"isConnectorSelected":false,"isDraggable":1,"isDeletable":1,"hasElementMoved":false,"eventLog":[{"time":1702310760085,"type":"create node","value":3}],"isTextChangeable":1},{"id":"11180e0b-3e27-4a9a-aba8-e524d4308c2c","value":1,"text":"monitor progress better","comment":"","position":{"x":1164.3333,"y":425.5},"isActive":true,"date":1702310760085,"kind":"Node","isSelected":false,"isConnectorSelected":false,"isDraggable":1,"isDeletable":1,"hasElementMoved":false,"eventLog":[{"time":1702310760085,"type":"create node","value":1}],"isTextChangeable":1},{"id":"88817033-faf9-4050-b1e6-113958657e3f","value":3,"text":"temporal flexibility","comment":"","position":{"x":1002.3333,"y":260.5},"isActive":true,"date":1702310760085,"kind":"Node","isSelected":false,"isConnectorSelected":false,"isDraggable":1,"isDeletable":1,"hasElementMoved":false,"eventLog":[{"time":1702310760085,"type":"create node","value":3}],"isTextChangeable":1},{"id":"890f2956-c23e-40b3-8326-ffcab9a33bee","value":2,"text":"always available","comment":"","position":{"x":1146.3333,"y":276.5},"isActive":true,"date":1702310760085,"kind":"Node","isSelected":false,"isConnectorSelected":false,"isDraggable":1,"isDeletable":1,"hasElementMoved":false,"eventLog":[{"time":1702310760085,"type":"create node","value":2}],"isTextChangeable":1},{"id":"741b4dad-7edc-4771-83ae-722fd06f6419","value":3,"text":"better care","comment":"","position":{"x":1247.3333,"y":170.5},"isActive":true,"date":1702310760086,"kind":"Node","isSelected":false,"isConnectorSelected":false,"isDraggable":1,"isDeletable":1,"hasElementMoved":false,"eventLog":[{"time":1702310760086,"type":"create node","value":3}],"isTextChangeable":1},{"id":"bcc96624-373f-4485-806e-e0e7a9e3b3c7","value":-2,"text":"costs","comment":"","position":{"x":417.3333,"y":282.5},"isActive":true,"date":1702310760086,"kind":"Node","isSelected":false,"isConnectorSelected":false,"isDraggable":1,"isDeletable":1,"hasElementMoved":false,"eventLog":[{"time":1702310760086,"type":"create node","value":-2}],"isTextChangeable":1},{"id":"2c27cb73-188f-4189-8fcc-595182bcc826","value":-3,"text":"lack of empathy","comment":"","position":{"x":286.3333,"y":395.5},"isActive":true,"date":1702310760086,"kind":"Node","isSelected":false,"isConnectorSelected":false,"isDraggable":1,"isDeletable":1,"hasElementMoved":false,"eventLog":[{"time":1702310760086,"type":"create node","value":"-3"},{"time":1702310764804,"type":"selected","value":"TRUE"},{"time":1702310767574,"type":"text","value":"Mangel an Empathie"},{"time":1702310767574,"type":"selected","value":"FALSE"}],"isTextChangeable":1},{"id":"05b7ae0b-d24c-4f97-b296-43b607aab61c","value":-1,"text":"problematic care","comment":"","position":{"x":130.3333,"y":470.5},"isActive":true,"date":1702310760086,"kind":"Node","isSelected":false,"isConnectorSelected":false,"isDraggable":1,"isDeletable":1,"hasElementMoved":false,"eventLog":[{"time":"1702310760086","type":"create node","value":[-1]},{"time":"2023-12-11T16:06:43.783Z","type":"position","value":{"x":[132.3333],"y":[440.5]}}],"isTextChangeable":1},{"id":"b5dd679d-ae79-48bc-9eca-b845ef8f6409","value":-3,"text":"job loss","comment":"","position":{"x":603.3333,"y":530.5},"isActive":true,"date":1702310760086,"kind":"Node","isSelected":false,"isConnectorSelected":false,"isDraggable":1,"isDeletable":1,"hasElementMoved":false,"eventLog":[{"time":"1702310760086","type":"create node","value":[-3]},{"time":"2023-12-11T16:08:57.123Z","type":"position","value":{"x":[551.3333],"y":[548.5]}}],"isTextChangeable":1},{"id":"5659c410-3914-4647-b8c9-0ecf81ad0446","value":-3,"text":"dependence","comment":"","position":{"x":290.3333,"y":546.5},"isActive":true,"date":1702310760086,"kind":"Node","isSelected":false,"isConnectorSelected":false,"isDraggable":1,"isDeletable":1,"hasElementMoved":false,"eventLog":[{"time":"1702310760086","type":"create node","value":[-3]},{"time":"2023-12-11T16:08:56.173Z","type":"position","value":{"x":[361.3333],"y":[558.5]}}],"isTextChangeable":1},{"id":"d847e09b-3a45-467f-923f-a9b71a1fe0fe","value":-2,"text":"limited emotional intelligence","comment":"","position":{"x":125.3333,"y":309.5},"isActive":true,"date":1702310770818,"kind":"Node","isSelected":false,"isConnectorSelected":false,"isDraggable":1,"isDeletable":1,"hasElementMoved":false,"eventLog":[{"time":"1702310770818","type":"create node","value":[0]},{"time":"1702310771025","type":"selected","value":[true]},{"time":"1702310795142","type":"text","value":["Begrenzte emotionale Intelligenz"]},{"time":"1702310795142","type":"value","value":[-2]},{"time":"1702310795142","type":"selected","value":[false]},{"time":"2023-12-11T16:06:35.653Z","type":"position","value":{"x":[275.3333],"y":[205.5]}},{"time":"2023-12-11T16:06:44.677Z","type":"position","value":{"x":[180.3333],"y":[305.5]}}],"isTextChangeable":1},{"id":"498b96bd-c864-4f8d-be65-806e202ddeda","value":1,"text":"improved data analysis","comment":"","position":{"x":729.3333,"y":265.5},"isActive":true,"date":1702310842983,"kind":"Node","isSelected":false,"isConnectorSelected":false,"isDraggable":1,"isDeletable":1,"hasElementMoved":false,"eventLog":[{"time":1702310842983,"type":"create node","value":"0"},{"time":1702310843194,"type":"selected","value":"TRUE"},{"time":1702310852257,"type":"text","value":"Verbesserte Datenanalyse"},{"time":1702310852257,"type":"value","value":"1"},{"time":1702310852257,"type":"selected","value":"FALSE"}],"isTextChangeable":1},{"id":"a0f661da-a315-463d-a362-8afd1bf5eb5e","value":-3,"text":"security concerns","comment":"","position":{"x":476.3333,"y":591.5},"isActive":true,"date":1702310877969,"kind":"Node","isSelected":false,"isConnectorSelected":false,"isDraggable":1,"isDeletable":1,"hasElementMoved":false,"eventLog":[{"time":1702310877969,"type":"create node","value":"0"},{"time":1702310878244,"type":"selected","value":"TRUE"},{"time":1702310895725,"type":"text","value":"Sicherheitsbedenken"},{"time":1702310895725,"type":"value","value":"-3"},{"time":1702310895725,"type":"selected","value":"FALSE"}],"isTextChangeable":1},{"id":"41bcc924-2b40-4ce0-bb3e-e506f7191ae2","value":-2,"text":"risk of injury","comment":"","position":{"x":556.3333,"y":680.5},"isActive":true,"date":1702310905216,"kind":"Node","isSelected":false,"isConnectorSelected":false,"isDraggable":1,"isDeletable":1,"hasElementMoved":false,"eventLog":[{"time":"1702310905216","type":"create node","value":[0]},{"time":"1702310905479","type":"selected","value":[true]},{"time":"1702310935296","type":"text","value":["Gefahr von Verletzung"]},{"time":"1702310935296","type":"value","value":[-2]},{"time":"1702310935296","type":"selected","value":[false]},{"time":"2023-12-11T16:08:59.279Z","type":"position","value":{"x":[529.3333],"y":[677.5]}}],"isTextChangeable":1},{"id":"71f5d319-1227-4ac5-ad7f-14ba03930b2f","value":0,"text":"limited security","comment":"Data could fall into the wrong hands due to hacker attacks","position":{"x":338.3333,"y":681.5},"isActive":true,"date":1702310948026,"kind":"Node","isSelected":false,"isConnectorSelected":false,"isDraggable":1,"isDeletable":1,"hasElementMoved":false,"eventLog":[{"time":"1702310948026","type":"create node","value":[0]},{"time":"1702310948741","type":"selected","value":[true]},{"time":"1702310993796","type":"text","value":["begrenzte Sicherheit"]},{"time":"1702310993796","type":"comment","value":["gegen hackerangriffe könnten Daten in falsche Hände kommen"]},{"time":"1702310993796","type":"selected","value":[false]},{"time":"2023-12-11T16:10:01.276Z","type":"position","value":{"x":[376.3333],"y":[684.5]}}],"isTextChangeable":1}],"connectors":[{"id":"816aeeff-17ab-4e30-8c5c-ebfb4749754a","source":"ba60217d-c70b-4fb0-9c85-b6f370b09dfa","target":"00592331-118e-4cf0-a3ee-c985728a22df","agreement":true,"isActive":true,"date":1702310760086,"kind":"Connector","isSelected":false,"intensity":3,"isDeletable":false,"isOver":false,"isBidirectional":false,"eventLog":[{"time":1702310760086,"type":"create connection"}]},{"id":"4ada11ed-70ac-4125-bcc8-9e92370d6ccd","source":"ba60217d-c70b-4fb0-9c85-b6f370b09dfa","target":"353589a4-9d86-45ae-a815-e5feec9eaecd","agreement":true,"isActive":true,"date":1702310760086,"kind":"Connector","isSelected":false,"intensity":3,"isDeletable":true,"isOver":false,"isBidirectional":false,"eventLog":[{"time":1702310760086,"type":"create connection"}]},{"id":"79373edc-fc97-40e4-aed1-023e06bc8df3","source":"1ea85f50-8ff9-4f70-9447-3a8781a2c96f","target":"cbbaa5e3-afe6-4155-a15d-91176e803d17","agreement":true,"isActive":true,"date":1702310760086,"kind":"Connector","isSelected":false,"intensity":3,"isDeletable":true,"isOver":false,"isBidirectional":false,"eventLog":[{"time":1702310760086,"type":"create connection"}]},{"id":"c788362d-9c7f-4228-931c-ad07461c77a7","source":"353589a4-9d86-45ae-a815-e5feec9eaecd","target":"1ea85f50-8ff9-4f70-9447-3a8781a2c96f","agreement":true,"isActive":true,"date":1702310760086,"kind":"Connector","isSelected":false,"intensity":3,"isDeletable":true,"isOver":false,"isBidirectional":false,"eventLog":[{"time":1702310760086,"type":"create connection"}]},{"id":"dad85515-8f64-4df5-ba11-c98f2781d11b","source":"353589a4-9d86-45ae-a815-e5feec9eaecd","target":"c8f4b4a8-36ba-4b21-b9dd-a7e52e2e752a","agreement":true,"isActive":true,"date":1702310760087,"kind":"Connector","isSelected":false,"intensity":9,"isDeletable":true,"isOver":false,"isBidirectional":false,"eventLog":[{"time":1702310760087,"type":"create connection"}]},{"id":"3b7931e4-1993-42f2-93d4-1bb10bdb1362","source":"b3dd81a0-810b-4936-b76d-24caba2edc2f","target":"353589a4-9d86-45ae-a815-e5feec9eaecd","agreement":true,"isActive":true,"date":1702310760087,"kind":"Connector","isSelected":false,"intensity":9,"isDeletable":true,"isOver":false,"isBidirectional":false,"eventLog":[{"time":1702310760087,"type":"create connection"}]},{"id":"3a91ef3b-47e2-42ad-98aa-4eb97d435d43","source":"b3dd81a0-810b-4936-b76d-24caba2edc2f","target":"af3d921b-0f1e-4d45-9555-ff4330a4d978","agreement":true,"isActive":true,"date":1702310760087,"kind":"Connector","isSelected":false,"intensity":3,"isDeletable":true,"isOver":false,"isBidirectional":false,"eventLog":[{"time":1702310760087,"type":"create connection"}]},{"id":"4d29d7ce-a7f3-4fd4-8403-b4d1ded13e1b","source":"b3dd81a0-810b-4936-b76d-24caba2edc2f","target":"b5db220e-aaad-4b30-a357-bad5f04bc2e3","agreement":true,"isActive":true,"date":1702310760087,"kind":"Connector","isSelected":false,"intensity":3,"isDeletable":true,"isOver":false,"isBidirectional":false,"eventLog":[{"time":1702310760087,"type":"create connection"}]},{"id":"248fce25-4422-41d9-a120-41d6478dbf4f","source":"c8f4b4a8-36ba-4b21-b9dd-a7e52e2e752a","target":"11180e0b-3e27-4a9a-aba8-e524d4308c2c","agreement":true,"isActive":true,"date":1702310760087,"kind":"Connector","isSelected":false,"intensity":3,"isDeletable":true,"isOver":false,"isBidirectional":false,"eventLog":[{"time":1702310760087,"type":"create connection"}]},{"id":"7de87ec9-4ab0-434e-b702-02807ab347e3","source":"353589a4-9d86-45ae-a815-e5feec9eaecd","target":"88817033-faf9-4050-b1e6-113958657e3f","agreement":true,"isActive":true,"date":1702310760087,"kind":"Connector","isSelected":false,"intensity":9,"isDeletable":true,"isOver":false,"isBidirectional":false,"eventLog":[{"time":1702310760087,"type":"create connection"}]},{"id":"1b18c3cc-8a23-4915-8e64-d86056fe0572","source":"88817033-faf9-4050-b1e6-113958657e3f","target":"890f2956-c23e-40b3-8326-ffcab9a33bee","agreement":true,"isActive":true,"date":1702310760087,"kind":"Connector","isSelected":false,"intensity":3,"isDeletable":true,"isOver":false,"isBidirectional":false,"eventLog":[{"time":1702310760087,"type":"create connection"}]},{"id":"dc338d01-9522-4996-bf01-41883211cb21","source":"890f2956-c23e-40b3-8326-ffcab9a33bee","target":"741b4dad-7edc-4771-83ae-722fd06f6419","agreement":true,"isActive":true,"date":1702310760087,"kind":"Connector","isSelected":false,"intensity":3,"isDeletable":true,"isOver":false,"isBidirectional":false,"eventLog":[{"time":1702310760087,"type":"create connection"}]},{"id":"747fd98a-c346-4171-8ccf-e2906855d908","source":"00592331-118e-4cf0-a3ee-c985728a22df","target":"bcc96624-373f-4485-806e-e0e7a9e3b3c7","agreement":false,"isActive":true,"date":1702310760087,"kind":"Connector","isSelected":false,"intensity":3,"isDeletable":true,"isOver":false,"isBidirectional":false,"eventLog":[{"time":1702310760087,"type":"create connection"}]},{"id":"af095ef2-dbac-440b-904d-15911a53865a","source":"2c27cb73-188f-4189-8fcc-595182bcc826","target":"05b7ae0b-d24c-4f97-b296-43b607aab61c","agreement":true,"isActive":true,"date":1702310760087,"kind":"Connector","isSelected":false,"intensity":3,"isDeletable":true,"isOver":false,"isBidirectional":false,"eventLog":[{"time":1702310760087,"type":"create connection"}]},{"id":"8fda9f16-27a4-4751-93f7-6241d510628d","source":"00592331-118e-4cf0-a3ee-c985728a22df","target":"2c27cb73-188f-4189-8fcc-595182bcc826","agreement":false,"isActive":true,"date":1702310760087,"kind":"Connector","isSelected":false,"intensity":6,"isDeletable":true,"isOver":false,"isBidirectional":false,"eventLog":[{"time":1702310760087,"type":"create connection"}]},{"id":"ee9e97ca-d582-4caa-b2bd-4334144826fa","source":"00592331-118e-4cf0-a3ee-c985728a22df","target":"b5dd679d-ae79-48bc-9eca-b845ef8f6409","agreement":false,"isActive":true,"date":1702310760088,"kind":"Connector","isSelected":false,"intensity":9,"isDeletable":true,"isOver":false,"isBidirectional":false,"eventLog":[{"time":1702310760088,"type":"create connection"}]},{"id":"ab874f8c-e981-4fd4-8752-07e108dde5b5","source":"5659c410-3914-4647-b8c9-0ecf81ad0446","target":"00592331-118e-4cf0-a3ee-c985728a22df","agreement":false,"isActive":true,"date":1702310760088,"kind":"Connector","isSelected":false,"intensity":6,"isDeletable":true,"isOver":false,"isBidirectional":false,"eventLog":[{"time":1702310760088,"type":"create connection"}]},{"id":"f322dffa-22df-4985-ba34-cad48778fc39","source":"2c27cb73-188f-4189-8fcc-595182bcc826","target":"d847e09b-3a45-467f-923f-a9b71a1fe0fe","agreement":false,"isActive":true,"date":1702310798294,"kind":"Connector","isSelected":false,"intensity":9,"isDeletable":true,"isOver":false,"isBidirectional":false,"eventLog":[{"time":1702310798294,"type":"create connection"},{"time":1702310799334,"type":"selected","value":1},{"time":1702310802258,"type":"change intensity of connector","value":-9},{"time":1702310802258,"type":"selected","value":0}]},{"id":"20fb92e1-906b-4383-8a8c-188173b91635","source":"353589a4-9d86-45ae-a815-e5feec9eaecd","target":"498b96bd-c864-4f8d-be65-806e202ddeda","agreement":true,"isActive":true,"date":1702310853175,"kind":"Connector","isSelected":false,"intensity":3,"isDeletable":true,"isOver":false,"isBidirectional":false,"eventLog":[{"time":1702310853175,"type":"create connection"}]},{"id":"f1af0883-b8d4-41ce-8cfe-2143d10110a9","source":"a0f661da-a315-463d-a362-8afd1bf5eb5e","target":"00592331-118e-4cf0-a3ee-c985728a22df","agreement":false,"isActive":true,"date":1702310898761,"kind":"Connector","isSelected":false,"intensity":6,"isDeletable":true,"isOver":false,"isBidirectional":false,"eventLog":[{"time":1702310898761,"type":"create connection"},{"time":1702310902635,"type":"selected","value":1},{"time":1702310904541,"type":"change intensity of connector","value":-6},{"time":1702310904541,"type":"selected","value":0}]},{"id":"95dde62d-58a2-4b7d-bdda-77462ae8e2dc","source":"a0f661da-a315-463d-a362-8afd1bf5eb5e","target":"41bcc924-2b40-4ce0-bb3e-e506f7191ae2","agreement":true,"isActive":true,"date":1702310938248,"kind":"Connector","isSelected":false,"intensity":3,"isDeletable":true,"isOver":false,"isBidirectional":false,"eventLog":[{"time":1702310938248,"type":"create connection"}]},{"id":"a9503827-011f-4531-8c54-808d58b208e2","source":"a0f661da-a315-463d-a362-8afd1bf5eb5e","target":"71f5d319-1227-4ac5-ad7f-14ba03930b2f","agreement":false,"isActive":true,"date":1702310994649,"kind":"Connector","isSelected":false,"intensity":9,"isDeletable":true,"isOver":false,"isBidirectional":false,"eventLog":[{"time":1702310994649,"type":"create connection"},{"time":1702310996295,"type":"selected","value":1},{"time":1702310998971,"type":"change intensity of connector","value":-9},{"time":1702310998971,"type":"selected","value":0}]}],"currentID":{},"currentNode":{},"hasSelectedNode":[false],"currentConnector":{},"hasSelectedConnector":[false],"readyToMove":[false],"isIncoming":[false],"hasElementMoved":[false]}
