{"idCAM":["eeb0c550-f62e-4768-b2b4-c4905c715514"],"creator":["656e5185676b397a22189d00_pre"],"projectCAM":["S2_CAM part 1"],"defocusCAM":["NA",16797],"date":[1702309668671],"nodes":[{"id":"39e6607b-1897-4e76-9fe0-49b89cc89774","value":0,"text":"social assistance robot","comment":"","position":{"x":650,"y":400},"isActive":true,"date":1702309669563,"kind":"Node","isSelected":false,"isConnectorSelected":false,"isDraggable":0,"isDeletable":0,"hasElementMoved":false,"eventLog":[{"time":1702309669563,"type":"create node","value":0}],"isTextChangeable":0},{"id":"fa80805c-0fb6-40e0-a5d3-a9a8ccbaae03","value":0,"text":"disadvantages","comment":"","position":{"x":450,"y":400},"isActive":true,"date":1702309669564,"kind":"Node","isSelected":false,"isConnectorSelected":false,"isDraggable":0,"isDeletable":0,"hasElementMoved":false,"eventLog":[{"time":1702309669564,"type":"create node","value":0}],"isTextChangeable":0},{"id":"74b8f012-00d9-48fb-a8c2-1f53ba234b4c","value":0,"text":"advantages","comment":"","position":{"x":850,"y":400},"isActive":true,"date":1702309669564,"kind":"Node","isSelected":false,"isConnectorSelected":false,"isDraggable":0,"isDeletable":0,"hasElementMoved":false,"eventLog":[{"time":1702309669564,"type":"create node","value":0}],"isTextChangeable":0},{"id":"c7dd909b-7786-4738-84ad-04ccfe851675","value":2,"text":"relief of the staff","comment":"","position":{"x":858.3333,"y":285.5},"isActive":true,"date":1702309685966,"kind":"Node","isSelected":false,"isConnectorSelected":false,"isDraggable":1,"isDeletable":1,"hasElementMoved":false,"eventLog":[{"time":"1702309685966","type":"create node","value":[0]},{"time":"1702309688422","type":"selected","value":[true]},{"time":"1702309718804","type":"text","value":["Entlastung des Personals"]},{"time":"1702309718804","type":"value","value":[2]},{"time":"1702309718804","type":"selected","value":[false]},{"time":"2023-12-11T15:48:39.194Z","type":"position","value":{"x":[952.3333],"y":[253.5]}},{"time":"2023-12-11T15:50:12.946Z","type":"position","value":{"x":[896.3333],"y":[290.5]}},{"time":"1702309968474","type":"selected","value":[true]},{"time":"1702309969421","type":"selected","value":[false]}],"isTextChangeable":1},{"id":"e3aed51e-f216-478b-8fe6-7f9b5158e1ee","value":1,"text":"support of the employees","comment":"for example, taking over simple tasks or assisting them with more difficult ones","position":{"x":839.3333,"y":170.5},"isActive":true,"date":1702309720471,"kind":"Node","isSelected":false,"isConnectorSelected":false,"isDraggable":1,"isDeletable":1,"hasElementMoved":false,"eventLog":[{"time":"1702309720471","type":"create node","value":[0]},{"time":"1702309721947","type":"selected","value":[true]},{"time":"1702309812472","type":"text","value":["unterstützung der Mitarbeiter"]},{"time":"1702309812472","type":"value","value":[1]},{"time":"1702309812472","type":"comment","value":["wie zum Beispiel einfache Aufgaben übernehmen oder sie bei schwiergeren Unterstützen"]},{"time":"1702309812472","type":"selected","value":[false]},{"time":"2023-12-11T15:50:13.928Z","type":"position","value":{"x":[938.3333],"y":[124.5]}},{"time":"2023-12-11T15:50:18.401Z","type":"position","value":{"x":[788.3333],"y":[165.5]}},{"time":"2023-12-11T15:50:31.227Z","type":"position","value":{"x":[776.3333],"y":[170.5]}}],"isTextChangeable":1},{"id":"a18402da-dd00-48dd-9299-3e08393b2cc4","value":2,"text":"therapy","comment":"for example, examining mental disorders in personalized exercises","position":{"x":1024.3333,"y":407.5},"isActive":true,"date":1702309870556,"kind":"Node","isSelected":false,"isConnectorSelected":false,"isDraggable":1,"isDeletable":1,"hasElementMoved":false,"eventLog":[{"time":"1702309870556","type":"create node","value":[0]},{"time":"1702309870894","type":"selected","value":[true]},{"time":"1702309927372","type":"text","value":["Therapie"]},{"time":"1702309927372","type":"value","value":[3]},{"time":"1702309927372","type":"comment","value":["zum Beispiel bei personalisierten übungen die psychischen Störungen untersuchen"]},{"time":"1702309927372","type":"selected","value":[false]},{"time":"2023-12-11T15:52:08.485Z","type":"position","value":{"x":[923.3333],"y":[530.5]}},{"time":"2023-12-11T15:52:08.901Z","type":"position","value":{"x":[1026.3333],"y":[369.5]}},{"time":"2023-12-11T15:52:23.623Z","type":"position","value":{"x":[1002.3333],"y":[332.5]}},{"time":"1702310188676","type":"selected","value":[true]},{"time":"1702310190935","type":"selected","value":[false]},{"time":"2023-12-11T15:56:39.002Z","type":"position","value":{"x":[1036.3333],"y":[405.5]}},{"time":"1702310339543","type":"selected","value":[true]},{"time":"1702310341071","type":"value","value":[2]},{"time":"1702310341071","type":"selected","value":[false]}],"isTextChangeable":1},{"id":"9ee85c8c-3161-4e2c-bc09-14772b11530c","value":3,"text":"education","comment":"","position":{"x":866.3333,"y":520.5},"isActive":true,"date":1702309978253,"kind":"Node","isSelected":false,"isConnectorSelected":false,"isDraggable":1,"isDeletable":1,"hasElementMoved":false,"eventLog":[{"time":"1702309978253","type":"create node","value":[0]},{"time":"1702309981571","type":"selected","value":[true]},{"time":"1702309991879","type":"text","value":["Bildung"]},{"time":"1702309991879","type":"selected","value":[false]},{"time":"2023-12-11T15:53:12.234Z","type":"position","value":{"x":[775.3333],"y":[525.5]}},{"time":"1702309997340","type":"selected","value":[true]},{"time":"1702309999489","type":"value","value":[3]},{"time":"1702309999489","type":"selected","value":[false]}],"isTextChangeable":1},{"id":"7192c26c-aedb-4cc6-8a77-4169f3126d55","value":2,"text":"robot as learning aid","comment":"individual support for the students","position":{"x":999.3333,"y":575.5},"isActive":true,"date":1702309999954,"kind":"Node","isSelected":false,"isConnectorSelected":false,"isDraggable":1,"isDeletable":1,"hasElementMoved":false,"eventLog":[{"time":"1702309999954","type":"create node","value":[0]},{"time":"1702310000744","type":"selected","value":[true]},{"time":"1702310090319","type":"text","value":["roboter als Lernhilfe"]},{"time":"1702310090319","type":"value","value":[2]},{"time":"1702310090319","type":"comment","value":["individuelle unterstützung für die Schüler*innen"]},{"time":"1702310090319","type":"selected","value":[false]},{"time":"2023-12-11T15:54:50.720Z","type":"position","value":{"x":[986.3333],"y":[516.5]}}],"isTextChangeable":1},{"id":"99bf2793-c6f7-403d-ae54-2a3650a1fdda","value":3,"text":"better promotion","comment":"for example in difficult subjects like science","position":{"x":830.3333,"y":630.5},"isActive":true,"date":1702310119740,"kind":"Node","isSelected":false,"isConnectorSelected":false,"isDraggable":1,"isDeletable":1,"hasElementMoved":false,"eventLog":[{"time":"1702310119740","type":"create node","value":[0]},{"time":"1702310121661","type":"selected","value":[true]},{"time":"1702310174598","type":"text","value":["bessere förderung"]},{"time":"1702310174598","type":"comment","value":["zum Beispiel in schwierigen Fächern wie Naturwissenschaften"]},{"time":"1702310174598","type":"selected","value":[false]},{"time":"2023-12-11T15:56:15.151Z","type":"position","value":{"x":[857.3333],"y":[606.5]}},{"time":"1702310175882","type":"selected","value":[true]},{"time":"1702310177839","type":"value","value":[3]},{"time":"1702310177839","type":"selected","value":[false]},{"time":"2023-12-11T15:56:19.156Z","type":"position","value":{"x":[864.3333],"y":[652.5]}},{"time":"1702310310971","type":"selected","value":[true]},{"time":"1702310314389","type":"text","value":["bessere Förderung"]},{"time":"1702310314389","type":"selected","value":[false]}],"isTextChangeable":1},{"id":"d0154af3-ebcc-4104-b451-f593c863ebf5","value":1,"text":"monitor progress better","comment":"so that one can better investigate the mental disorder","position":{"x":1164.3333,"y":425.5},"isActive":true,"date":1702310200779,"kind":"Node","isSelected":false,"isConnectorSelected":false,"isDraggable":1,"isDeletable":1,"hasElementMoved":false,"eventLog":[{"time":"1702310200779","type":"create node","value":[0]},{"time":"1702310201099","type":"selected","value":[true]},{"time":"1702310258873","type":"text","value":["Fortschritt besser überwachen"]},{"time":"1702310258873","type":"value","value":[1]},{"time":"1702310258873","type":"comment","value":["damit man due psychische Störung besser untersuchen kann"]},{"time":"1702310258873","type":"selected","value":[false]},{"time":"2023-12-11T15:57:39.292Z","type":"position","value":{"x":[1114.3333],"y":[357.5]}},{"time":"2023-12-11T16:00:27.664Z","type":"position","value":{"x":[1147.3333],"y":[316.5]}}],"isTextChangeable":1},{"id":"b343ffbe-e890-43f8-a76d-a6daf2a209ff","value":3,"text":"temporal flexibility","comment":"","position":{"x":1002.3333,"y":260.5},"isActive":true,"date":1702310286499,"kind":"Node","isSelected":false,"isConnectorSelected":false,"isDraggable":1,"isDeletable":1,"hasElementMoved":false,"eventLog":[{"time":1702310286499,"type":"create node","value":"0"},{"time":1702310286816,"type":"selected","value":"TRUE"},{"time":1702310308507,"type":"text","value":"Zeitlcihe Flexibiblität"},{"time":1702310308507,"type":"value","value":"3"},{"time":1702310308507,"type":"selected","value":"FALSE"},{"time":1702310315236,"type":"selected","value":"TRUE"},{"time":1702310321745,"type":"text","value":"Zeitliche Flexibiblität"},{"time":1702310321745,"type":"selected","value":"FALSE"}],"isTextChangeable":1},{"id":"6266caac-cd4f-48d8-807a-894c7725257f","value":2,"text":"always available","comment":"","position":{"x":1146.3333,"y":276.5},"isActive":true,"date":1702310347305,"kind":"Node","isSelected":false,"isConnectorSelected":false,"isDraggable":1,"isDeletable":1,"hasElementMoved":false,"eventLog":[{"time":"1702310347305","type":"create node","value":[0]},{"time":"1702310347988","type":"selected","value":[true]},{"time":"1702310357786","type":"text","value":["immer verfügbar"]},{"time":"1702310357786","type":"value","value":[2]},{"time":"1702310357786","type":"selected","value":[false]},{"time":"2023-12-11T15:59:19.209Z","type":"position","value":{"x":[1098.3333],"y":[170.5]}},{"time":"2023-12-11T15:59:20.007Z","type":"position","value":{"x":[938.3333],"y":[205.5]}},{"time":"2023-12-11T15:59:20.124Z","type":"position","value":{"x":[1036.3333],"y":[320.5]}},{"time":"2023-12-11T15:59:20.174Z","type":"position","value":{"x":[1105.3333],"y":[259.5]}},{"time":"2023-12-11T15:59:20.290Z","type":"position","value":{"x":[891.3333],"y":[279.5]}},{"time":"2023-12-11T15:59:20.340Z","type":"position","value":{"x":[740.3333],"y":[494.5]}},{"time":"2023-12-11T15:59:20.390Z","type":"position","value":{"x":[890.3333],"y":[621.5]}},{"time":"2023-12-11T15:59:20.423Z","type":"position","value":{"x":[1137.3333],"y":[623.5]}},{"time":"2023-12-11T15:59:20.523Z","type":"position","value":{"x":[1281.3333],"y":[26.5]}},{"time":"2023-12-11T15:59:20.590Z","type":"position","value":{"x":[372.3333],"y":[43.5]}},{"time":"2023-12-11T15:59:20.606Z","type":"position","value":{"x":[190.3333],"y":[145.5]}},{"time":"2023-12-11T15:59:20.623Z","type":"position","value":{"x":[56.3333],"y":[272.5]}},{"time":"2023-12-11T15:59:20.672Z","type":"position","value":{"x":[41.3333],"y":[621.5]}},{"time":"2023-12-11T15:59:20.739Z","type":"position","value":{"x":[807.3333],"y":[757.5]}},{"time":"2023-12-11T15:59:20.756Z","type":"position","value":{"x":[961.3333],"y":[699.5]}},{"time":"2023-12-11T15:59:20.789Z","type":"position","value":{"x":[1193.3333],"y":[540.5]}},{"time":"2023-12-11T15:59:20.823Z","type":"position","value":{"x":[1230.3333],"y":[460.5]}},{"time":"2023-12-11T15:59:20.889Z","type":"position","value":{"x":[1109.3333],"y":[297.5]}},{"time":"2023-12-11T15:59:20.906Z","type":"position","value":{"x":[1031.3333],"y":[257.5]}},{"time":"2023-12-11T15:59:20.939Z","type":"position","value":{"x":[806.3333],"y":[207.5]}},{"time":"2023-12-11T15:59:20.956Z","type":"position","value":{"x":[653.3333],"y":[187.5]}},{"time":"2023-12-11T15:59:20.989Z","type":"position","value":{"x":[409.3333],"y":[205.5]}},{"time":"2023-12-11T15:59:21.038Z","type":"position","value":{"x":[344.3333],"y":[465.5]}},{"time":"2023-12-11T15:59:21.072Z","type":"position","value":{"x":[491.3333],"y":[657.5]}},{"time":"2023-12-11T15:59:21.088Z","type":"position","value":{"x":[622.3333],"y":[725.5]}},{"time":"2023-12-11T15:59:21.122Z","type":"position","value":{"x":[890.3333],"y":[734.5]}},{"time":"2023-12-11T15:59:21.139Z","type":"position","value":{"x":[1041.3333],"y":[696.5]}},{"time":"2023-12-11T15:59:21.155Z","type":"position","value":{"x":[1194.3333],"y":[636.5]}},{"time":"2023-12-11T15:59:21.421Z","type":"position","value":{"x":[618.3333],"y":[17.5]}},{"time":"2023-12-11T15:59:21.471Z","type":"position","value":{"x":[627.3333],"y":[300.5]}},{"time":"2023-12-11T15:59:21.520Z","type":"position","value":{"x":[893.3333],"y":[495.5]}},{"time":"2023-12-11T15:59:21.554Z","type":"position","value":{"x":[1074.3333],"y":[547.5]}},{"time":"2023-12-11T15:59:21.704Z","type":"position","value":{"x":[1233.3333],"y":[439.5]}},{"time":"2023-12-11T15:59:21.804Z","type":"position","value":{"x":[1255.3333],"y":[340.5]}},{"time":"2023-12-11T15:59:22.152Z","type":"position","value":{"x":[1146.3333],"y":[523.5]}},{"time":"2023-12-11T15:59:22.220Z","type":"position","value":{"x":[1075.3333],"y":[672.5]}},{"time":"2023-12-11T15:59:22.236Z","type":"position","value":{"x":[1064.3333],"y":[692.5]}},{"time":"2023-12-11T15:59:22.868Z","type":"position","value":{"x":[1294.3333],"y":[668.5]}},{"time":"2023-12-11T15:59:23.733Z","type":"position","value":{"x":[1154.3333],"y":[531.5]}},{"time":"2023-12-11T15:59:23.883Z","type":"position","value":{"x":[1154.3333],"y":[364.5]}},{"time":"2023-12-11T15:59:23.949Z","type":"position","value":{"x":[1144.3333],"y":[280.5]}},{"time":"2023-12-11T15:59:24.082Z","type":"position","value":{"x":[1132.3333],"y":[210.5]}},{"time":"1702310368921","type":"selected","value":[true]},{"time":"1702310383217","type":"selected","value":[false]},{"time":"2023-12-11T16:00:28.729Z","type":"position","value":{"x":[1159.3333],"y":[223.5]}}],"isTextChangeable":1},{"id":"35d88287-165b-428c-ab11-f1e7eddac832","value":3,"text":"better care","comment":"","position":{"x":1247.3333,"y":170.5},"isActive":true,"date":1702310384372,"kind":"Node","isSelected":false,"isConnectorSelected":false,"isDraggable":1,"isDeletable":1,"hasElementMoved":false,"eventLog":[{"time":"1702310384372","type":"create node","value":[0]},{"time":"1702310384621","type":"selected","value":[true]},{"time":"1702310409072","type":"text","value":["bessere Pflege"]},{"time":"1702310409072","type":"value","value":[3]},{"time":"1702310409072","type":"selected","value":[false]},{"time":"2023-12-11T16:00:09.569Z","type":"position","value":{"x":[1226.3333],"y":[155.5]}},{"time":"2023-12-11T16:00:26.666Z","type":"position","value":{"x":[1187.3333],"y":[129.5]}},{"time":"2023-12-11T16:00:29.395Z","type":"position","value":{"x":[1141.3333],"y":[129.5]}}],"isTextChangeable":1},{"id":"20061660-99df-4a89-9089-bd8fe114d54f","value":-2,"text":"costs","comment":"","position":{"x":417.3333,"y":282.5},"isActive":true,"date":1702310411633,"kind":"Node","isSelected":false,"isConnectorSelected":false,"isDraggable":1,"isDeletable":1,"hasElementMoved":false,"eventLog":[{"time":1702310411633,"type":"create node","value":"0"},{"time":1702310416298,"type":"selected","value":"TRUE"},{"time":1702310424174,"type":"text","value":"Kosten"},{"time":1702310424174,"type":"value","value":"-2"},{"time":1702310424174,"type":"selected","value":"FALSE"}],"isTextChangeable":1},{"id":"26230015-f50b-4208-bce1-458eddbbc8b3","value":-3,"text":"lack of empathy","comment":"","position":{"x":286.3333,"y":395.5},"isActive":true,"date":1702310437812,"kind":"Node","isSelected":false,"isConnectorSelected":false,"isDraggable":1,"isDeletable":1,"hasElementMoved":false,"eventLog":[{"time":"1702310437812","type":"create node","value":[0]},{"time":"1702310437989","type":"selected","value":[true]},{"time":"1702310462452","type":"text","value":["Manggel an Empathie"]},{"time":"1702310462452","type":"value","value":[-3]},{"time":"1702310462452","type":"selected","value":[false]},{"time":"2023-12-11T16:02:48.733Z","type":"position","value":{"x":[296.3333],"y":[452.5]}}],"isTextChangeable":1},{"id":"eb44aa91-d11a-4724-b5eb-241f5e7d922e","value":-1,"text":"problematic care","comment":"","position":{"x":154.3333,"y":430.5},"isActive":true,"date":1702310462782,"kind":"Node","isSelected":false,"isConnectorSelected":false,"isDraggable":1,"isDeletable":1,"hasElementMoved":false,"eventLog":[{"time":"1702310462782","type":"create node","value":[0]},{"time":"1702310463052","type":"selected","value":[true]},{"time":"1702310487788","type":"text","value":["problematische Pflege"]},{"time":"1702310487788","type":"value","value":[-1]},{"time":"1702310487788","type":"selected","value":[false]},{"time":"2023-12-11T16:02:50.719Z","type":"position","value":{"x":[158.3333],"y":[475.5]}}],"isTextChangeable":1},{"id":"167ae820-baa1-47d0-bcd8-d364c6bfd145","value":-3,"text":"job loss","comment":"","position":{"x":556.3333,"y":540.5},"isActive":true,"date":1702310498175,"kind":"Node","isSelected":false,"isConnectorSelected":false,"isDraggable":1,"isDeletable":1,"hasElementMoved":false,"eventLog":[{"time":"1702310498175","type":"create node","value":[0]},{"time":"1702310498456","type":"selected","value":[true]},{"time":"1702310511169","type":"text","value":["Arbeitsplatzverlust"]},{"time":"1702310511169","type":"value","value":[-3]},{"time":"1702310511169","type":"selected","value":[false]},{"time":"2023-12-11T16:01:51.468Z","type":"position","value":{"x":[376.3333],"y":[521.5]}},{"time":"2023-12-11T16:01:56.211Z","type":"position","value":{"x":[479.3333],"y":[516.5]}},{"time":"2023-12-11T16:02:01.160Z","type":"position","value":{"x":[499.3333],"y":[527.5]}},{"time":"2023-12-11T16:02:42.064Z","type":"position","value":{"x":[496.3333],"y":[545.5]}}],"isTextChangeable":1},{"id":"540777fe-b080-4f9d-b6fd-cdbcc358815d","value":-3,"text":"dependence","comment":"","position":{"x":361.3333,"y":564.5},"isActive":true,"date":1702310526401,"kind":"Node","isSelected":false,"isConnectorSelected":false,"isDraggable":1,"isDeletable":1,"hasElementMoved":false,"eventLog":[{"time":"1702310526401","type":"create node","value":[0]},{"time":"1702310526566","type":"selected","value":[true]},{"time":"1702310533250","type":"text","value":["Abhägnigkeit"]},{"time":"1702310533250","type":"selected","value":[false]},{"time":"2023-12-11T16:02:14.157Z","type":"position","value":{"x":[364.3333],"y":[565.5]}},{"time":"1702310536050","type":"selected","value":[true]},{"time":"1702310555944","type":"text","value":["Abhängigkeit"]},{"time":"1702310555944","type":"value","value":[-3]},{"time":"1702310555944","type":"selected","value":[false]},{"time":"1702310556667","type":"selected","value":[true]},{"time":"1702310558633","type":"selected","value":[false]}],"isTextChangeable":1}],"connectors":[{"id":"88fab5d8-dc22-4b5f-8bd6-a402fd517fcc","source":"39e6607b-1897-4e76-9fe0-49b89cc89774","target":"fa80805c-0fb6-40e0-a5d3-a9a8ccbaae03","agreement":true,"isActive":true,"date":1702309669564,"kind":"Connector","isSelected":false,"intensity":3,"isDeletable":false,"isOver":false,"isBidirectional":false,"eventLog":[{"time":1702309669564,"type":"create connection"}]},{"id":"606117f7-cf0a-4eb3-85dc-08eac81864f8","source":"39e6607b-1897-4e76-9fe0-49b89cc89774","target":"74b8f012-00d9-48fb-a8c2-1f53ba234b4c","agreement":true,"isActive":true,"date":1702309669564,"kind":"Connector","isSelected":false,"intensity":3,"isDeletable":true,"isOver":false,"isBidirectional":false,"eventLog":[{"time":1702309669564,"type":"create connection"},{"time":1702309940864,"type":"selected","value":1},{"time":1702309941746,"type":"change intensity of connector","value":3},{"time":1702309941746,"type":"selected","value":0}]},{"id":"6bfed9f8-e453-4460-af40-4cf0b26bd5dc","source":"c7dd909b-7786-4738-84ad-04ccfe851675","target":"e3aed51e-f216-478b-8fe6-7f9b5158e1ee","agreement":true,"isActive":true,"date":1702309834471,"kind":"Connector","isSelected":false,"intensity":3,"isDeletable":true,"isOver":false,"isBidirectional":false,"eventLog":[{"time":1702309834471,"type":"create connection"}]},{"id":"53ff6198-8f06-4d9a-9564-3f6e34881721","source":"74b8f012-00d9-48fb-a8c2-1f53ba234b4c","target":"c7dd909b-7786-4738-84ad-04ccfe851675","agreement":true,"isActive":true,"date":1702309930970,"kind":"Connector","isSelected":false,"intensity":3,"isDeletable":true,"isOver":false,"isBidirectional":false,"eventLog":[{"time":1702309930970,"type":"create connection"},{"time":1702309932090,"type":"selected","value":1},{"time":1702309936030,"type":"change intensity of connector","value":6},{"time":1702309936030,"type":"selected","value":0},{"time":1702309936816,"type":"selected","value":1},{"time":1702309937698,"type":"change intensity of connector","value":6},{"time":1702309937698,"type":"selected","value":0},{"time":1702309964369,"type":"selected","value":1},{"time":1702309965930,"type":"change intensity of connector","value":3},{"time":1702309965930,"type":"selected","value":0},{"time":1702310337128,"type":"selected","value":1},{"time":1702310338408,"type":"change intensity of connector","value":3},{"time":1702310338408,"type":"selected","value":0}]},{"id":"9de3adc2-5abe-41e1-8c98-6c8e8e035456","source":"74b8f012-00d9-48fb-a8c2-1f53ba234b4c","target":"a18402da-dd00-48dd-9299-3e08393b2cc4","agreement":true,"isActive":true,"date":1702309956831,"kind":"Connector","isSelected":false,"intensity":9,"isDeletable":true,"isOver":false,"isBidirectional":false,"eventLog":[{"time":1702309956831,"type":"create connection"},{"time":1702309959824,"type":"selected","value":1},{"time":1702309962491,"type":"change intensity of connector","value":9},{"time":1702309962491,"type":"selected","value":0}]},{"id":"eb6f76a8-9b0f-432f-aaec-840dfa5ab83d","source":"9ee85c8c-3161-4e2c-bc09-14772b11530c","target":"74b8f012-00d9-48fb-a8c2-1f53ba234b4c","agreement":true,"isActive":true,"date":1702309996536,"kind":"Connector","isSelected":false,"intensity":9,"isDeletable":true,"isOver":false,"isBidirectional":false,"eventLog":[{"time":1702309996536,"type":"create connection"},{"time":1702310329870,"type":"selected","value":1},{"time":1702310331607,"type":"change intensity of connector","value":9},{"time":1702310331607,"type":"selected","value":0}]},{"id":"311e78e7-d06a-4685-b9d7-963c39c194f0","source":"9ee85c8c-3161-4e2c-bc09-14772b11530c","target":"7192c26c-aedb-4cc6-8a77-4169f3126d55","agreement":true,"isActive":true,"date":1702310092028,"kind":"Connector","isSelected":false,"intensity":3,"isDeletable":true,"isOver":false,"isBidirectional":false,"eventLog":[{"time":1702310092028,"type":"create connection"}]},{"id":"128e1be0-f377-40d1-8ada-6bfee545953e","source":"9ee85c8c-3161-4e2c-bc09-14772b11530c","target":"99bf2793-c6f7-403d-ae54-2a3650a1fdda","agreement":true,"isActive":true,"date":1702310178695,"kind":"Connector","isSelected":false,"intensity":3,"isDeletable":true,"isOver":false,"isBidirectional":false,"eventLog":[{"time":1702310178695,"type":"create connection"}]},{"id":"7219e9d6-3819-4ba2-9440-77493d50e616","source":"a18402da-dd00-48dd-9299-3e08393b2cc4","target":"d0154af3-ebcc-4104-b451-f593c863ebf5","agreement":true,"isActive":true,"date":1702310260572,"kind":"Connector","isSelected":false,"intensity":3,"isDeletable":true,"isOver":false,"isBidirectional":false,"eventLog":[{"time":1702310260572,"type":"create connection"}]},{"id":"36ac76b7-cb80-4b02-904b-4c727431916b","source":"74b8f012-00d9-48fb-a8c2-1f53ba234b4c","target":"b343ffbe-e890-43f8-a76d-a6daf2a209ff","agreement":true,"isActive":true,"date":1702310323803,"kind":"Connector","isSelected":false,"intensity":9,"isDeletable":true,"isOver":false,"isBidirectional":false,"eventLog":[{"time":1702310323803,"type":"create connection"},{"time":1702310332764,"type":"selected","value":1},{"time":1702310334593,"type":"change intensity of connector","value":9},{"time":1702310334593,"type":"selected","value":0}]},{"id":"f944df5a-6e0c-48df-bd56-97710142d573","source":"b343ffbe-e890-43f8-a76d-a6daf2a209ff","target":"6266caac-cd4f-48d8-807a-894c7725257f","agreement":true,"isActive":true,"date":1702310358795,"kind":"Connector","isSelected":false,"intensity":3,"isDeletable":true,"isOver":false,"isBidirectional":false,"eventLog":[{"time":1702310358795,"type":"create connection"}]},{"id":"853d752f-64b3-408d-8b1e-2c451f4cd08e","source":"6266caac-cd4f-48d8-807a-894c7725257f","target":"35d88287-165b-428c-ab11-f1e7eddac832","agreement":true,"isActive":true,"date":1702310410333,"kind":"Connector","isSelected":false,"intensity":3,"isDeletable":true,"isOver":false,"isBidirectional":false,"eventLog":[{"time":1702310410333,"type":"create connection"}]},{"id":"e0383654-4948-4ce2-bdc3-7b15ff0b26c0","source":"fa80805c-0fb6-40e0-a5d3-a9a8ccbaae03","target":"20061660-99df-4a89-9089-bd8fe114d54f","agreement":false,"isActive":true,"date":1702310425157,"kind":"Connector","isSelected":false,"intensity":3,"isDeletable":true,"isOver":false,"isBidirectional":false,"eventLog":[{"time":1702310425157,"type":"create connection"},{"time":1702310492997,"type":"selected","value":1},{"time":1702310494964,"type":"change intensity of connector","value":-3},{"time":1702310494964,"type":"selected","value":0}]},{"id":"4b1dac54-4aba-4a63-88bb-d4baaf06f50f","source":"26230015-f50b-4208-bce1-458eddbbc8b3","target":"eb44aa91-d11a-4724-b5eb-241f5e7d922e","agreement":true,"isActive":true,"date":1702310488698,"kind":"Connector","isSelected":false,"intensity":3,"isDeletable":true,"isOver":false,"isBidirectional":false,"eventLog":[{"time":1702310488698,"type":"create connection"}]},{"id":"d68a6e33-c39a-4d75-9b6e-f2123042a150","source":"fa80805c-0fb6-40e0-a5d3-a9a8ccbaae03","target":"26230015-f50b-4208-bce1-458eddbbc8b3","agreement":false,"isActive":true,"date":1702310489787,"kind":"Connector","isSelected":false,"intensity":6,"isDeletable":true,"isOver":false,"isBidirectional":false,"eventLog":[{"time":1702310489787,"type":"create connection"},{"time":1702310490446,"type":"selected","value":1},{"time":1702310492734,"type":"change intensity of connector","value":-6},{"time":1702310492734,"type":"selected","value":0}]},{"id":"0e7333c9-d450-4a60-91a4-38927f911203","source":"fa80805c-0fb6-40e0-a5d3-a9a8ccbaae03","target":"167ae820-baa1-47d0-bcd8-d364c6bfd145","agreement":false,"isActive":true,"date":1702310512803,"kind":"Connector","isSelected":false,"intensity":9,"isDeletable":true,"isOver":false,"isBidirectional":false,"eventLog":[{"time":1702310512803,"type":"create connection"},{"time":1702310517076,"type":"selected","value":1},{"time":1702310520843,"type":"change intensity of connector","value":-9},{"time":1702310520843,"type":"selected","value":0}]},{"id":"7dc5e912-5486-4df6-aba4-30d41295c87a","source":"540777fe-b080-4f9d-b6fd-cdbcc358815d","target":"fa80805c-0fb6-40e0-a5d3-a9a8ccbaae03","agreement":false,"isActive":true,"date":1702310535287,"kind":"Connector","isSelected":false,"intensity":6,"isDeletable":true,"isOver":false,"isBidirectional":false,"eventLog":[{"time":1702310535287,"type":"create connection"},{"time":1702310559471,"type":"selected","value":1},{"time":1702310561560,"type":"change intensity of connector","value":-6},{"time":1702310561560,"type":"selected","value":0}]}],"currentID":{},"currentNode":{},"hasSelectedNode":[false],"currentConnector":{},"hasSelectedConnector":[false],"readyToMove":[false],"isIncoming":[false],"hasElementMoved":[false]}
