{"idCAM":["3c44c31b-dc69-4ab7-81c6-5abc1ff44790"],"creator":["6570908f385d595d5df25c68_pre"],"projectCAM":["S2_CAM part 1"],"defocusCAM":[],"date":[1702377636819],"nodes":[{"id":"d45d6fd8-b501-4aea-9f82-5a42a349f050","value":0,"text":"rescue robot","comment":"","position":{"x":650,"y":400},"isActive":true,"date":1702377637700,"kind":"Node","isSelected":false,"isConnectorSelected":false,"isDraggable":0,"isDeletable":0,"hasElementMoved":false,"eventLog":[{"time":1702377637700,"type":"create node","value":0}],"isTextChangeable":0},{"id":"a48698ea-7a8a-4e8a-9fd1-3e2042ffcc79","value":0,"text":"disadvantages","comment":"","position":{"x":450,"y":400},"isActive":true,"date":1702377637701,"kind":"Node","isSelected":false,"isConnectorSelected":false,"isDraggable":0,"isDeletable":0,"hasElementMoved":false,"eventLog":[{"time":1702377637701,"type":"create node","value":0}],"isTextChangeable":0},{"id":"265e4df9-1099-48c8-ad07-eaeb3621a14e","value":0,"text":"advantages","comment":"","position":{"x":850,"y":400},"isActive":true,"date":1702377637701,"kind":"Node","isSelected":false,"isConnectorSelected":false,"isDraggable":0,"isDeletable":0,"hasElementMoved":false,"eventLog":[{"time":1702377637701,"type":"create node","value":0}],"isTextChangeable":0},{"id":"7b6462d0-6b23-41bb-82c3-2196a47dd4af","value":3,"text":"earthquake rescue","comment":"","position":{"x":989.5,"y":242},"isActive":true,"date":1702377655589,"kind":"Node","isSelected":false,"isConnectorSelected":false,"isDraggable":1,"isDeletable":1,"hasElementMoved":false,"eventLog":[{"time":1702377655589,"type":"create node","value":"0"},{"time":1702377696679,"type":"selected","value":"TRUE"},{"time":1702377744983,"type":"text","value":"Eedbebenrettung"},{"time":1702377744983,"type":"value","value":"3"},{"time":1702377744983,"type":"selected","value":"FALSE"}],"isTextChangeable":1},{"id":"594e7b8a-2dac-482b-90d3-ee1e6237c318","value":3,"text":"rescue after building collapse","comment":"","position":{"x":1045.5,"y":366},"isActive":true,"date":1702377745671,"kind":"Node","isSelected":false,"isConnectorSelected":false,"isDraggable":1,"isDeletable":1,"hasElementMoved":false,"eventLog":[{"time":1702377745671,"type":"create node","value":"0"},{"time":1702377784348,"type":"selected","value":"TRUE"},{"time":1702377821148,"type":"text","value":"Rettung nach Gebäudeeinsturz"},{"time":1702377821148,"type":"value","value":"3"},{"time":1702377821148,"type":"selected","value":"FALSE"}],"isTextChangeable":1},{"id":"df174ecb-1828-4c4f-a031-bca2b72de29a","value":2,"text":"lift heavy weights","comment":"","position":{"x":1003.5,"y":511},"isActive":true,"date":1702377822343,"kind":"Node","isSelected":false,"isConnectorSelected":false,"isDraggable":1,"isDeletable":1,"hasElementMoved":false,"eventLog":[{"time":1702377822343,"type":"create node","value":"0"},{"time":1702377823446,"type":"selected","value":"TRUE"},{"time":1702377871659,"type":"text","value":"Schwergewichte heben"},{"time":1702377871659,"type":"value","value":"2"},{"time":1702377871659,"type":"selected","value":"FALSE"}],"isTextChangeable":1},{"id":"38bf2869-b204-4a51-886d-ec299ace66e8","value":-3,"text":"war abuse","comment":"","position":{"x":254.5,"y":250},"isActive":true,"date":1702377880559,"kind":"Node","isSelected":false,"isConnectorSelected":false,"isDraggable":1,"isDeletable":1,"hasElementMoved":false,"eventLog":[{"time":1702377880559,"type":"create node","value":"0"},{"time":1702377897770,"type":"selected","value":"TRUE"},{"time":1702377919791,"type":"text","value":"Kriegsmissbrauch"},{"time":1702377919791,"type":"value","value":"-3"},{"time":1702377919791,"type":"selected","value":"FALSE"}],"isTextChangeable":1},{"id":"4c5f5e78-65f5-43d0-80c2-d7cb9fe82d7b","value":-3,"text":"malfunction","comment":"","position":{"x":207.5,"y":425},"isActive":true,"date":1702377924847,"kind":"Node","isSelected":false,"isConnectorSelected":false,"isDraggable":1,"isDeletable":1,"hasElementMoved":false,"eventLog":[{"time":1702377924847,"type":"create node","value":"0"},{"time":1702377947943,"type":"selected","value":"TRUE"},{"time":1702377972872,"type":"text","value":"Fehlfuncktion"},{"time":1702377972872,"type":"value","value":"-3"},{"time":1702377972872,"type":"selected","value":"FALSE"}],"isTextChangeable":1},{"id":"4a138b14-1cdc-4f5e-82c8-8ceb1f8d92bd","value":-2,"text":"unethical use","comment":"","position":{"x":223.5,"y":553},"isActive":true,"date":1702377974831,"kind":"Node","isSelected":false,"isConnectorSelected":false,"isDraggable":1,"isDeletable":1,"hasElementMoved":false,"eventLog":[{"time":1702377974831,"type":"create node","value":"0"},{"time":1702377988930,"type":"selected","value":"TRUE"},{"time":1702378012068,"type":"text","value":"nicht ethische Verwendung"},{"time":1702378012068,"type":"value","value":"-2"},{"time":1702378012068,"type":"selected","value":"FALSE"}],"isTextChangeable":1},{"id":"abaf04c1-d73a-493d-b435-f3a5b0e5841a","value":3,"text":"error detection","comment":"","position":{"x":827.5,"y":198},"isActive":true,"date":1702378029847,"kind":"Node","isSelected":false,"isConnectorSelected":false,"isDraggable":1,"isDeletable":1,"hasElementMoved":false,"eventLog":[{"time":1702378029847,"type":"create node","value":"0"},{"time":1702378056735,"type":"selected","value":"TRUE"},{"time":1702378080271,"type":"text","value":"Fehlererkennung"},{"time":1702378080271,"type":"value","value":"3"},{"time":1702378080271,"type":"selected","value":"FALSE"}],"isTextChangeable":1}],"connectors":[{"id":"f0d59179-f6fa-40d7-b0b4-845eeb0a923e","source":"d45d6fd8-b501-4aea-9f82-5a42a349f050","target":"a48698ea-7a8a-4e8a-9fd1-3e2042ffcc79","agreement":true,"isActive":true,"date":1702377637701,"kind":"Connector","isSelected":false,"intensity":3,"isDeletable":false,"isOver":false,"isBidirectional":false,"eventLog":[{"time":1702377637701,"type":"create connection"}]},{"id":"c1763a92-d57c-4e09-8e31-9890ec62796d","source":"d45d6fd8-b501-4aea-9f82-5a42a349f050","target":"265e4df9-1099-48c8-ad07-eaeb3621a14e","agreement":true,"isActive":true,"date":1702377637701,"kind":"Connector","isSelected":false,"intensity":3,"isDeletable":true,"isOver":false,"isBidirectional":false,"eventLog":[{"time":1702377637701,"type":"create connection"}]},{"id":"6c8eaba9-7dae-44ed-9916-e9adba35ea83","source":"df174ecb-1828-4c4f-a031-bca2b72de29a","target":"265e4df9-1099-48c8-ad07-eaeb3621a14e","agreement":true,"isActive":true,"date":1702377874448,"kind":"Connector","isSelected":false,"intensity":3,"isDeletable":true,"isOver":false,"isBidirectional":false,"eventLog":[{"time":1702377874448,"type":"create connection"}]},{"id":"e1d87b4e-f6b0-408a-ad0e-ba248da7a9f9","source":"265e4df9-1099-48c8-ad07-eaeb3621a14e","target":"7b6462d0-6b23-41bb-82c3-2196a47dd4af","agreement":true,"isActive":true,"date":1702377876760,"kind":"Connector","isSelected":false,"intensity":3,"isDeletable":true,"isOver":false,"isBidirectional":false,"eventLog":[{"time":1702377876760,"type":"create connection"}]},{"id":"8cbf46ae-63ad-4152-b9e9-5ce2c1c59b8c","source":"38bf2869-b204-4a51-886d-ec299ace66e8","target":"a48698ea-7a8a-4e8a-9fd1-3e2042ffcc79","agreement":true,"isActive":true,"date":1702377922494,"kind":"Connector","isSelected":false,"intensity":3,"isDeletable":true,"isOver":false,"isBidirectional":false,"eventLog":[{"time":1702377922494,"type":"create connection"}]},{"id":"ad7459b9-536d-4216-ac4f-0998d8890eef","source":"a48698ea-7a8a-4e8a-9fd1-3e2042ffcc79","target":"4c5f5e78-65f5-43d0-80c2-d7cb9fe82d7b","agreement":true,"isActive":true,"date":1702378015376,"kind":"Connector","isSelected":false,"intensity":3,"isDeletable":true,"isOver":false,"isBidirectional":false,"eventLog":[{"time":1702378015376,"type":"create connection"}]},{"id":"7b561897-3f5b-4b24-b326-ce352707f56b","source":"4a138b14-1cdc-4f5e-82c8-8ceb1f8d92bd","target":"a48698ea-7a8a-4e8a-9fd1-3e2042ffcc79","agreement":true,"isActive":true,"date":1702378018382,"kind":"Connector","isSelected":false,"intensity":3,"isDeletable":true,"isOver":false,"isBidirectional":false,"eventLog":[{"time":1702378018382,"type":"create connection"}]},{"id":"698d9367-dee9-41a4-98a1-71de0807a2b3","source":"265e4df9-1099-48c8-ad07-eaeb3621a14e","target":"abaf04c1-d73a-493d-b435-f3a5b0e5841a","agreement":true,"isActive":true,"date":1702378082584,"kind":"Connector","isSelected":false,"intensity":3,"isDeletable":true,"isOver":false,"isBidirectional":false,"eventLog":[{"time":1702378082584,"type":"create connection"}]},{"id":"25f54055-6572-4be7-aafe-9a04046fd2cf","source":"265e4df9-1099-48c8-ad07-eaeb3621a14e","target":"594e7b8a-2dac-482b-90d3-ee1e6237c318","agreement":true,"isActive":true,"date":1702378110086,"kind":"Connector","isSelected":false,"intensity":3,"isDeletable":true,"isOver":false,"isBidirectional":false,"eventLog":[{"time":1702378110086,"type":"create connection"}]}],"currentID":{},"currentNode":{},"hasSelectedNode":[false],"currentConnector":{},"hasSelectedConnector":[false],"readyToMove":[false],"isIncoming":[false],"hasElementMoved":[false]}
