{"idCAM":["f1fe50c3-e6b4-4995-a218-a0b29ca816c9"],"creator":["6571d06ee2f60c04ca775e78_post"],"projectCAM":["S2_CAM part 2"],"defocusCAM":[],"date":[1702311400020],"nodes":[{"id":"9349a4d0-4188-4e5a-9597-402ab5ed9e08","value":2,"text":"social assistance robot","comment":"","position":{"x":650,"y":400},"isActive":true,"date":1702311400906,"kind":"Node","isSelected":false,"isConnectorSelected":false,"isDraggable":0,"isDeletable":0,"hasElementMoved":false,"eventLog":[{"time":1702311400906,"type":"create node","value":2}],"isTextChangeable":0},{"id":"e2701138-dc6e-46ee-ad3b-1bce3b3da510","value":-1,"text":"disadvantages","comment":"","position":{"x":450,"y":400},"isActive":true,"date":1702311400906,"kind":"Node","isSelected":false,"isConnectorSelected":false,"isDraggable":0,"isDeletable":0,"hasElementMoved":false,"eventLog":[{"time":1702311400906,"type":"create node","value":-1},{"time":1702311460053,"type":"selected","value":1},{"time":1702311460896,"type":"selected","value":0}],"isTextChangeable":0},{"id":"ee4a68b5-45e3-4ba9-a697-a944e380b5e5","value":2,"text":"advantages","comment":"","position":{"x":850,"y":400},"isActive":true,"date":1702311400906,"kind":"Node","isSelected":false,"isConnectorSelected":false,"isDraggable":0,"isDeletable":0,"hasElementMoved":false,"eventLog":[{"time":1702311400906,"type":"create node","value":2}],"isTextChangeable":0},{"id":"3cd3da74-0267-46e4-a277-7c7275a46dba","value":2,"text":"Helpful in loneliness","comment":"","position":{"x":945,"y":264},"isActive":true,"date":1702311400906,"kind":"Node","isSelected":false,"isConnectorSelected":false,"isDraggable":1,"isDeletable":1,"hasElementMoved":false,"eventLog":[{"time":1702311400906,"type":"create node","value":2}],"isTextChangeable":1},{"id":"8bfba96f-1134-4c8d-95c6-5493c7673092","value":3,"text":"emotional support","comment":"","position":{"x":1031,"y":365},"isActive":true,"date":1702311400906,"kind":"Node","isSelected":false,"isConnectorSelected":false,"isDraggable":1,"isDeletable":1,"hasElementMoved":false,"eventLog":[{"time":1702311400906,"type":"create node","value":3}],"isTextChangeable":1},{"id":"fb3e99c9-59c6-48fc-882b-e66fff5b4df9","value":3,"text":"medical help","comment":"","position":{"x":1016,"y":491},"isActive":true,"date":1702311400906,"kind":"Node","isSelected":false,"isConnectorSelected":false,"isDraggable":1,"isDeletable":1,"hasElementMoved":false,"eventLog":[{"time":1702311400906,"type":"create node","value":3}],"isTextChangeable":1},{"id":"64dbda97-b9ca-4304-8a03-6e8dd0d157be","value":0,"text":"entertainment","comment":"","position":{"x":882,"y":509},"isActive":true,"date":1702311400906,"kind":"Node","isSelected":false,"isConnectorSelected":false,"isDraggable":1,"isDeletable":1,"hasElementMoved":false,"eventLog":[{"time":1702311400906,"type":"create node","value":0}],"isTextChangeable":1},{"id":"835692b6-17b5-4ea4-b71b-cd6057e93b13","value":-3,"text":"loss of human closeness","comment":"","position":{"x":412,"y":642},"isActive":true,"date":1702311400906,"kind":"Node","isSelected":false,"isConnectorSelected":false,"isDraggable":1,"isDeletable":1,"hasElementMoved":false,"eventLog":[{"time":1702311400906,"type":"create node","value":-3}],"isTextChangeable":1},{"id":"3b98fd67-606d-43da-a1ea-42aa0b6f1d96","value":-1,"text":"No \"real\" empathy","comment":"","position":{"x":506,"y":550},"isActive":true,"date":1702311400906,"kind":"Node","isSelected":false,"isConnectorSelected":false,"isDraggable":1,"isDeletable":1,"hasElementMoved":false,"eventLog":[{"time":1702311400906,"type":"create node","value":-1}],"isTextChangeable":1},{"id":"8f7a51f3-5960-49ca-9461-08640ccb00fe","value":-2,"text":"less interpersonal relationship","comment":"","position":{"x":353,"y":512},"isActive":true,"date":1702311400906,"kind":"Node","isSelected":false,"isConnectorSelected":false,"isDraggable":1,"isDeletable":1,"hasElementMoved":false,"eventLog":[{"time":1702311400906,"type":"create node","value":-2}],"isTextChangeable":1},{"id":"daee4416-c5b1-46ab-83ea-9da2ad692cf4","value":10,"text":"human workplaces","comment":"","position":{"x":628,"y":272},"isActive":true,"date":1702311400906,"kind":"Node","isSelected":false,"isConnectorSelected":false,"isDraggable":1,"isDeletable":1,"hasElementMoved":false,"eventLog":[{"time":1702311400906,"type":"create node","value":10}],"isTextChangeable":1},{"id":"82456116-63a1-476d-a93b-e34f726469f8","value":-1,"text":"loss of human jobs","comment":"","position":{"x":515,"y":202},"isActive":true,"date":1702311400907,"kind":"Node","isSelected":false,"isConnectorSelected":false,"isDraggable":1,"isDeletable":1,"hasElementMoved":false,"eventLog":[{"time":1702311400907,"type":"create node","value":-1}],"isTextChangeable":1},{"id":"ccd1cc54-aa85-4a8b-afac-de8c6361cc11","value":1,"text":"creation of new jobs","comment":"","position":{"x":708,"y":182},"isActive":true,"date":1702311400907,"kind":"Node","isSelected":false,"isConnectorSelected":false,"isDraggable":1,"isDeletable":1,"hasElementMoved":false,"eventLog":[{"time":1702311400907,"type":"create node","value":1}],"isTextChangeable":1},{"id":"2276eceb-d032-4239-a96a-577c404a1500","value":-1,"text":"expensive","comment":"","position":{"x":157,"y":345},"isActive":true,"date":1702311400907,"kind":"Node","isSelected":false,"isConnectorSelected":false,"isDraggable":1,"isDeletable":1,"hasElementMoved":false,"eventLog":[{"time":1702311400907,"type":"create node","value":-1}],"isTextChangeable":1},{"id":"5b7770ae-85a5-4985-85ad-51af1a08c381","value":-3,"text":"commercialization","comment":"","position":{"x":308,"y":297},"isActive":true,"date":1702311400907,"kind":"Node","isSelected":false,"isConnectorSelected":false,"isDraggable":1,"isDeletable":1,"hasElementMoved":false,"eventLog":[{"time":1702311400907,"type":"create node","value":-3}],"isTextChangeable":1},{"id":"55763cb5-625e-4b43-b4c4-ba06f86d08c8","value":-3,"text":"dependence","comment":"","position":{"x":313,"y":190},"isActive":true,"date":1702311400907,"kind":"Node","isSelected":false,"isConnectorSelected":false,"isDraggable":1,"isDeletable":1,"hasElementMoved":false,"eventLog":[{"time":1702311400907,"type":"create node","value":-3}],"isTextChangeable":1},{"id":"9bb4d045-bdb0-45c9-a707-f3552e0c8ef1","value":1,"text":"cost saving","comment":"","position":{"x":788,"y":261},"isActive":true,"date":1702311400907,"kind":"Node","isSelected":false,"isConnectorSelected":false,"isDraggable":1,"isDeletable":1,"hasElementMoved":false,"eventLog":[{"time":1702311400907,"type":"create node","value":1}],"isTextChangeable":1},{"id":"e02ef411-d090-490c-939f-bd9ca4cd1ef4","value":1,"text":"no human fluctuations","comment":"","position":{"x":729,"y":523},"isActive":true,"date":1702311400907,"kind":"Node","isSelected":false,"isConnectorSelected":false,"isDraggable":1,"isDeletable":1,"hasElementMoved":false,"eventLog":[{"time":1702311400907,"type":"create node","value":1}],"isTextChangeable":1},{"id":"c8d12739-fced-4095-b947-62525eeb287b","value":2,"text":"always there/ ready for action","comment":"","position":{"x":858,"y":610},"isActive":true,"date":1702311400907,"kind":"Node","isSelected":false,"isConnectorSelected":false,"isDraggable":1,"isDeletable":1,"hasElementMoved":false,"eventLog":[{"time":1702311400907,"type":"create node","value":2}],"isTextChangeable":1},{"id":"16c612a3-520b-490a-b5d9-41315c4a799f","value":-1,"text":"emotional dependence","comment":"","position":{"x":313,"y":429},"isActive":true,"date":1702311419573,"kind":"Node","isSelected":false,"isConnectorSelected":false,"isDraggable":1,"isDeletable":1,"hasElementMoved":false,"eventLog":[{"time":"1702311419573","type":"create node","value":[0]},{"time":"1702311420467","type":"selected","value":[true]},{"time":"1702311454598","type":"text","value":["emotionale Abhängigkeit"]},{"time":"1702311454598","type":"value","value":[-1]},{"time":"1702311454598","type":"comment","value":["Evtl. Missbrauch von Firmen um Daten zu menschlichem Verhalten "]},{"time":"1702311454598","type":"selected","value":[false]},{"time":"1702311456018","type":"selected","value":[true]},{"time":"1702311460033","type":"comment","value":[""]},{"time":"1702311460033","type":"selected","value":[false]},{"time":"2023-12-11T16:17:43.290Z","type":"position","value":{"x":[227],"y":[438]}}],"isTextChangeable":1},{"id":"986f51c6-2385-4497-a591-475de1d26961","value":-3,"text":"misuse of data","comment":"Possibly misuse of data on human behavior / triggering certain behavior","position":{"x":102,"y":216},"isActive":true,"date":1702311467405,"kind":"Node","isSelected":false,"isConnectorSelected":false,"isDraggable":1,"isDeletable":1,"hasElementMoved":false,"eventLog":[{"time":1702311467405,"type":"create node","value":"0"},{"time":1702311467518,"type":"selected","value":"TRUE"},{"time":1702311508705,"type":"text","value":"Missbrauch von Daten"},{"time":1702311508705,"type":"value","value":"-3"},{"time":1702311508705,"type":"comment","value":"Möglicherweise Missbrauch von Daten zu menschlichem Verhalten / Triggern bestimmten Verhaltens"},{"time":1702311508705,"type":"selected","value":"FALSE"},{"time":1702311509503,"type":"selected","value":"TRUE"},{"time":1702311510257,"type":"selected","value":"FALSE"}],"isTextChangeable":1},{"id":"8dd70f21-5eac-40c3-a937-83b6216ff70e","value":1,"text":"individuality of people","comment":"Learned reactions from robots can provoke different reactions depending on the person. For one, 'physical closeness' is pleasant, for the other not or even triggering.","position":{"x":634,"y":589},"isActive":true,"date":1702311516255,"kind":"Node","isSelected":false,"isConnectorSelected":false,"isDraggable":1,"isDeletable":1,"hasElementMoved":false,"eventLog":[{"time":1702311516255,"type":"create node","value":"0"},{"time":1702311516881,"type":"selected","value":"TRUE"},{"time":1702311586612,"type":"text","value":"Individualität von Menschen"},{"time":1702311586612,"type":"comment","value":"Erlernte Reaktionen von Robotern können je nach Mensch unterschiedliche Reaktionen hervorrufen. Für den einen ist \"körperliche Nähe\" angenehm, für den anderen nicht oder gar triggernd"},{"time":1702311586612,"type":"selected","value":"FALSE"},{"time":1702311587770,"type":"selected","value":"TRUE"},{"time":1702311590421,"type":"selected","value":"FALSE"},{"time":1702311597227,"type":"selected","value":"TRUE"},{"time":1702311602021,"type":"value","value":"1"},{"time":1702311602021,"type":"selected","value":"FALSE"}],"isTextChangeable":1},{"id":"89fd9a30-811e-4586-9633-668638bfe152","value":2,"text":"can satisfy needs","comment":"Like the need for 'physical' closeness or listening","position":{"x":1169,"y":420},"isActive":true,"date":1702311608256,"kind":"Node","isSelected":false,"isConnectorSelected":false,"isDraggable":1,"isDeletable":1,"hasElementMoved":false,"eventLog":[{"time":1702311608256,"type":"create node","value":"0"},{"time":1702311608314,"type":"selected","value":"TRUE"},{"time":1702311632422,"type":"text","value":"Kann Bedürfnisse stillen"},{"time":1702311632422,"type":"value","value":"2"},{"time":1702311632422,"type":"comment","value":"Wie zum Beispiel das Bedürfnis nach \"körperlicher\" Nähe"},{"time":1702311632422,"type":"selected","value":"FALSE"},{"time":1702311636116,"type":"selected","value":"TRUE"},{"time":1702311646052,"type":"comment","value":"Wie zum Beispiel das Bedürfnis nach \"körperlicher\" Nähe oder Zuhören"},{"time":1702311646052,"type":"selected","value":"FALSE"}],"isTextChangeable":1},{"id":"bd755db8-7eb4-4829-99bc-7b434060d974","value":0,"text":"","comment":"","position":{"x":1110,"y":263},"isActive":false,"date":1702311656155,"kind":"Node","isSelected":false,"isConnectorSelected":false,"isDraggable":1,"isDeletable":1,"hasElementMoved":false,"eventLog":[{"time":1702311656155,"type":"create node","value":0},{"time":1702311658747,"type":"selected","value":1},{"time":1702311665966,"type":"node was deleted","value":-99}],"isTextChangeable":1}],"connectors":[{"id":"c32107d3-d010-418a-aa15-4a96ba8aa433","source":"9349a4d0-4188-4e5a-9597-402ab5ed9e08","target":"e2701138-dc6e-46ee-ad3b-1bce3b3da510","agreement":true,"isActive":true,"date":1702311400907,"kind":"Connector","isSelected":false,"intensity":3,"isDeletable":false,"isOver":false,"isBidirectional":false,"eventLog":[{"time":1702311400907,"type":"create connection"}]},{"id":"de3ad074-31e2-4fc6-9540-abde739b3628","source":"9349a4d0-4188-4e5a-9597-402ab5ed9e08","target":"ee4a68b5-45e3-4ba9-a697-a944e380b5e5","agreement":true,"isActive":true,"date":1702311400907,"kind":"Connector","isSelected":false,"intensity":3,"isDeletable":true,"isOver":false,"isBidirectional":false,"eventLog":[{"time":1702311400907,"type":"create connection"}]},{"id":"547b67fe-0feb-4eab-97df-379e684784bb","source":"ee4a68b5-45e3-4ba9-a697-a944e380b5e5","target":"3cd3da74-0267-46e4-a277-7c7275a46dba","agreement":true,"isActive":true,"date":1702311400907,"kind":"Connector","isSelected":false,"intensity":3,"isDeletable":true,"isOver":false,"isBidirectional":false,"eventLog":[{"time":1702311400907,"type":"create connection"}]},{"id":"7fa9e643-7ac1-490d-8f0d-1e06a841df8a","source":"ee4a68b5-45e3-4ba9-a697-a944e380b5e5","target":"8bfba96f-1134-4c8d-95c6-5493c7673092","agreement":true,"isActive":true,"date":1702311400907,"kind":"Connector","isSelected":false,"intensity":6,"isDeletable":true,"isOver":false,"isBidirectional":false,"eventLog":[{"time":1702311400907,"type":"create connection"}]},{"id":"0d506d45-caa9-49c8-a0d0-b709b0bfdce8","source":"fb3e99c9-59c6-48fc-882b-e66fff5b4df9","target":"ee4a68b5-45e3-4ba9-a697-a944e380b5e5","agreement":true,"isActive":true,"date":1702311400907,"kind":"Connector","isSelected":false,"intensity":3,"isDeletable":true,"isOver":false,"isBidirectional":false,"eventLog":[{"time":1702311400907,"type":"create connection"}]},{"id":"77b509e8-9e27-4f4e-af13-83f343ae6e37","source":"64dbda97-b9ca-4304-8a03-6e8dd0d157be","target":"ee4a68b5-45e3-4ba9-a697-a944e380b5e5","agreement":true,"isActive":true,"date":1702311400907,"kind":"Connector","isSelected":false,"intensity":3,"isDeletable":true,"isOver":false,"isBidirectional":false,"eventLog":[{"time":1702311400907,"type":"create connection"}]},{"id":"28499ce8-81d7-46a6-bf54-b5033a58e022","source":"3b98fd67-606d-43da-a1ea-42aa0b6f1d96","target":"e2701138-dc6e-46ee-ad3b-1bce3b3da510","agreement":true,"isActive":true,"date":1702311400907,"kind":"Connector","isSelected":false,"intensity":3,"isDeletable":true,"isOver":false,"isBidirectional":false,"eventLog":[{"time":1702311400907,"type":"create connection"}]},{"id":"03b99ab4-e1d4-420b-adb7-37fbc8aefa14","source":"8f7a51f3-5960-49ca-9461-08640ccb00fe","target":"835692b6-17b5-4ea4-b71b-cd6057e93b13","agreement":true,"isActive":true,"date":1702311400907,"kind":"Connector","isSelected":false,"intensity":3,"isDeletable":true,"isOver":false,"isBidirectional":false,"eventLog":[{"time":1702311400907,"type":"create connection"}]},{"id":"20de0920-90dd-471c-b686-7d3064fadd7e","source":"8f7a51f3-5960-49ca-9461-08640ccb00fe","target":"e2701138-dc6e-46ee-ad3b-1bce3b3da510","agreement":true,"isActive":true,"date":1702311400907,"kind":"Connector","isSelected":false,"intensity":9,"isDeletable":true,"isOver":false,"isBidirectional":false,"eventLog":[{"time":1702311400907,"type":"create connection"}]},{"id":"2e981875-754e-4a3d-8f61-a6cdf132e7fc","source":"daee4416-c5b1-46ab-83ea-9da2ad692cf4","target":"9349a4d0-4188-4e5a-9597-402ab5ed9e08","agreement":true,"isActive":true,"date":1702311400907,"kind":"Connector","isSelected":false,"intensity":3,"isDeletable":true,"isOver":false,"isBidirectional":false,"eventLog":[{"time":1702311400907,"type":"create connection"}]},{"id":"9553eb89-5a3a-4d99-80c0-9c04faae2cf0","source":"ccd1cc54-aa85-4a8b-afac-de8c6361cc11","target":"daee4416-c5b1-46ab-83ea-9da2ad692cf4","agreement":true,"isActive":true,"date":1702311400907,"kind":"Connector","isSelected":false,"intensity":3,"isDeletable":true,"isOver":false,"isBidirectional":false,"eventLog":[{"time":1702311400907,"type":"create connection"}]},{"id":"2e2f1678-c6a5-4549-b8dd-2403804472c9","source":"daee4416-c5b1-46ab-83ea-9da2ad692cf4","target":"82456116-63a1-476d-a93b-e34f726469f8","agreement":true,"isActive":true,"date":1702311400908,"kind":"Connector","isSelected":false,"intensity":3,"isDeletable":true,"isOver":false,"isBidirectional":false,"eventLog":[{"time":1702311400908,"type":"create connection"}]},{"id":"9536a119-ca43-474a-a2aa-3c7e9ec60a01","source":"5b7770ae-85a5-4985-85ad-51af1a08c381","target":"e2701138-dc6e-46ee-ad3b-1bce3b3da510","agreement":true,"isActive":true,"date":1702311400908,"kind":"Connector","isSelected":false,"intensity":3,"isDeletable":true,"isOver":false,"isBidirectional":false,"eventLog":[{"time":1702311400908,"type":"create connection"}]},{"id":"32c1d7b6-80da-40e5-aa58-69802be337b9","source":"5b7770ae-85a5-4985-85ad-51af1a08c381","target":"2276eceb-d032-4239-a96a-577c404a1500","agreement":true,"isActive":true,"date":1702311400908,"kind":"Connector","isSelected":false,"intensity":3,"isDeletable":true,"isOver":false,"isBidirectional":false,"eventLog":[{"time":1702311400908,"type":"create connection"}]},{"id":"0278dfa1-b2e2-4c13-b191-6d291226ebef","source":"55763cb5-625e-4b43-b4c4-ba06f86d08c8","target":"5b7770ae-85a5-4985-85ad-51af1a08c381","agreement":true,"isActive":true,"date":1702311400908,"kind":"Connector","isSelected":false,"intensity":3,"isDeletable":true,"isOver":false,"isBidirectional":false,"eventLog":[{"time":1702311400908,"type":"create connection"}]},{"id":"a9eec7cd-9f76-4557-993b-9275712776fb","source":"9bb4d045-bdb0-45c9-a707-f3552e0c8ef1","target":"daee4416-c5b1-46ab-83ea-9da2ad692cf4","agreement":true,"isActive":true,"date":1702311400908,"kind":"Connector","isSelected":false,"intensity":3,"isDeletable":true,"isOver":false,"isBidirectional":false,"eventLog":[{"time":1702311400908,"type":"create connection"}]},{"id":"471e56ad-a8f2-478a-b217-3baed07da0b4","source":"ee4a68b5-45e3-4ba9-a697-a944e380b5e5","target":"e02ef411-d090-490c-939f-bd9ca4cd1ef4","agreement":true,"isActive":true,"date":1702311400908,"kind":"Connector","isSelected":false,"intensity":3,"isDeletable":true,"isOver":false,"isBidirectional":false,"eventLog":[{"time":1702311400908,"type":"create connection"}]},{"id":"86ded755-15e7-469d-8233-14b1436d98b5","source":"e02ef411-d090-490c-939f-bd9ca4cd1ef4","target":"c8d12739-fced-4095-b947-62525eeb287b","agreement":true,"isActive":true,"date":1702311400908,"kind":"Connector","isSelected":false,"intensity":3,"isDeletable":true,"isOver":false,"isBidirectional":false,"eventLog":[{"time":1702311400908,"type":"create connection"}]},{"id":"a2d19b7b-aa2c-4eee-8739-fe873fb9ad6b","source":"16c612a3-520b-490a-b5d9-41315c4a799f","target":"e2701138-dc6e-46ee-ad3b-1bce3b3da510","agreement":true,"isActive":true,"date":1702311465003,"kind":"Connector","isSelected":false,"intensity":3,"isDeletable":true,"isOver":false,"isBidirectional":false,"eventLog":[{"time":1702311465004,"type":"create connection"}]},{"id":"5d7697ec-2e0c-4b8b-b3b8-9614a9be04c2","source":"5b7770ae-85a5-4985-85ad-51af1a08c381","target":"986f51c6-2385-4497-a591-475de1d26961","agreement":true,"isActive":true,"date":1702311512588,"kind":"Connector","isSelected":false,"intensity":3,"isDeletable":true,"isOver":false,"isBidirectional":false,"eventLog":[{"time":1702311512588,"type":"create connection"}]},{"id":"eabf1b44-e163-4480-88d3-ca64e46ff4a6","source":"e2701138-dc6e-46ee-ad3b-1bce3b3da510","target":"8dd70f21-5eac-40c3-a937-83b6216ff70e","agreement":true,"isActive":true,"date":1702311595672,"kind":"Connector","isSelected":false,"intensity":3,"isDeletable":true,"isOver":false,"isBidirectional":false,"eventLog":[{"time":1702311595672,"type":"create connection"}]},{"id":"6d6a0c94-47f5-454a-a7f7-7333fbcd007b","source":"8bfba96f-1134-4c8d-95c6-5493c7673092","target":"89fd9a30-811e-4586-9633-668638bfe152","agreement":true,"isActive":true,"date":1702311633914,"kind":"Connector","isSelected":false,"intensity":3,"isDeletable":true,"isOver":false,"isBidirectional":false,"eventLog":[{"time":1702311633914,"type":"create connection"}]}],"currentID":{},"currentNode":{},"hasSelectedNode":[false],"currentConnector":{},"hasSelectedConnector":[false],"readyToMove":[false],"isIncoming":[false],"hasElementMoved":[false]}
