{"idCAM":["0d75e7af-f4fe-49b7-96b7-a1ec2c5df630"],"creator":["6571e455af2e5eae9adea54a_post"],"projectCAM":["S2_CAM part 2"],"defocusCAM":[],"date":[1702312583629],"nodes":[{"id":"009d6082-8371-4207-9695-5c4ba499f846","value":0,"text":"rescue robot","comment":"","position":{"x":650,"y":400},"isActive":true,"date":1702312584537,"kind":"Node","isSelected":false,"isConnectorSelected":false,"isDraggable":0,"isDeletable":0,"hasElementMoved":false,"eventLog":[{"time":1702312584538,"type":"create node","value":0}],"isTextChangeable":0},{"id":"153fe164-e5db-4175-95ed-d6caa3e02d24","value":-3,"text":"disadvantages","comment":"","position":{"x":450,"y":400},"isActive":true,"date":1702312584538,"kind":"Node","isSelected":false,"isConnectorSelected":false,"isDraggable":0,"isDeletable":0,"hasElementMoved":false,"eventLog":[{"time":1702312584538,"type":"create node","value":-3}],"isTextChangeable":0},{"id":"cc4219ba-8868-479d-985f-a88cf93ff6b4","value":3,"text":"advantages","comment":"","position":{"x":850,"y":400},"isActive":true,"date":1702312584538,"kind":"Node","isSelected":false,"isConnectorSelected":false,"isDraggable":0,"isDeletable":0,"hasElementMoved":false,"eventLog":[{"time":1702312584538,"type":"create node","value":3}],"isTextChangeable":0},{"id":"76db02c0-744c-488f-b1bb-db6f25b7ba5e","value":-3,"text":"abuse in war","comment":"","position":{"x":163,"y":284},"isActive":true,"date":1702312584538,"kind":"Node","isSelected":false,"isConnectorSelected":false,"isDraggable":1,"isDeletable":1,"hasElementMoved":false,"eventLog":[{"time":"1702312584538","type":"create node","value":[-3]},{"time":"2023-12-11T16:36:29.964Z","type":"position","value":{"x":[257],"y":[312]}}],"isTextChangeable":1},{"id":"57897673-b706-49ae-9411-c6333cf6e70f","value":-3,"text":"discrimination","comment":"","position":{"x":267,"y":501},"isActive":true,"date":1702312584538,"kind":"Node","isSelected":false,"isConnectorSelected":false,"isDraggable":1,"isDeletable":1,"hasElementMoved":false,"eventLog":[{"time":1702312584538,"type":"create node","value":-3}],"isTextChangeable":1},{"id":"2db81564-cc16-47ba-be52-8fff0dd1d6f5","value":-3,"text":"autonomous vs. controlled","comment":"","position":{"x":381,"y":552},"isActive":true,"date":1702312584538,"kind":"Node","isSelected":false,"isConnectorSelected":false,"isDraggable":1,"isDeletable":1,"hasElementMoved":false,"eventLog":[{"time":1702312584538,"type":"create node","value":-3}],"isTextChangeable":1},{"id":"d0ca6065-fded-4a39-88d6-70032c0c26f5","value":3,"text":"flexible","comment":"","position":{"x":990,"y":541},"isActive":true,"date":1702312584538,"kind":"Node","isSelected":false,"isConnectorSelected":false,"isDraggable":1,"isDeletable":1,"hasElementMoved":false,"eventLog":[{"time":"1702312584538","type":"create node","value":[3]},{"time":"2023-12-11T16:36:33.857Z","type":"position","value":{"x":[910],"y":[561]}},{"time":"1702312745690","type":"selected","value":[true]},{"time":"1702312746257","type":"selected","value":[false]}],"isTextChangeable":1},{"id":"0bad2b94-999c-4d4c-86a0-55d440554cf3","value":3,"text":"stronger than human","comment":"","position":{"x":1042,"y":432},"isActive":true,"date":1702312584538,"kind":"Node","isSelected":false,"isConnectorSelected":false,"isDraggable":1,"isDeletable":1,"hasElementMoved":false,"eventLog":[{"time":1702312584538,"type":"create node","value":3}],"isTextChangeable":1},{"id":"066d1987-857a-4569-909d-23d478bd8f05","value":3,"text":"precise and efficiency","comment":"","position":{"x":1002,"y":296},"isActive":true,"date":1702312584538,"kind":"Node","isSelected":false,"isConnectorSelected":false,"isDraggable":1,"isDeletable":1,"hasElementMoved":false,"eventLog":[{"time":1702312584538,"type":"create node","value":3}],"isTextChangeable":1},{"id":"d5fcd2b0-fd21-436e-8f7d-11de023683f1","value":3,"text":"chances of success","comment":"","position":{"x":918,"y":207},"isActive":true,"date":1702312584538,"kind":"Node","isSelected":false,"isConnectorSelected":false,"isDraggable":1,"isDeletable":1,"hasElementMoved":false,"eventLog":[{"time":"1702312584538","type":"create node","value":[3]},{"time":"2023-12-11T16:36:32.515Z","type":"position","value":{"x":[831],"y":[199]}}],"isTextChangeable":1},{"id":"42abafb8-7585-4c08-841f-58dd81add5cc","value":-1,"text":"costs","comment":"","position":{"x":347,"y":194},"isActive":true,"date":1702312584538,"kind":"Node","isSelected":false,"isConnectorSelected":false,"isDraggable":1,"isDeletable":1,"hasElementMoved":false,"eventLog":[{"time":"1702312584538","type":"create node","value":[-1]},{"time":"2023-12-11T16:36:30.582Z","type":"position","value":{"x":[437],"y":[202]}},{"time":"1702312737307","type":"selected","value":[true]},{"time":"1702312737901","type":"selected","value":[false]}],"isTextChangeable":1},{"id":"c81e953a-eb5b-4705-8afa-a879a2174ae9","value":-1,"text":"programming","comment":"","position":{"x":505,"y":574},"isActive":true,"date":1702312584538,"kind":"Node","isSelected":false,"isConnectorSelected":false,"isDraggable":1,"isDeletable":1,"hasElementMoved":false,"eventLog":[{"time":"1702312584538","type":"create node","value":[-1]},{"time":"2023-12-11T16:36:28.713Z","type":"position","value":{"x":[582],"y":[600]}},{"time":"1702312741139","type":"selected","value":[true]},{"time":"1702312741801","type":"selected","value":[false]}],"isTextChangeable":1},{"id":"68e73638-1b4c-4f2d-a2a0-e91a5bc16667","value":-1,"text":"testing prototypes","comment":"","position":{"x":494,"y":202},"isActive":true,"date":1702312584539,"kind":"Node","isSelected":false,"isConnectorSelected":false,"isDraggable":1,"isDeletable":1,"hasElementMoved":false,"eventLog":[{"time":"1702312584539","type":"create node","value":[-1]},{"time":"2023-12-11T16:36:31.660Z","type":"position","value":{"x":[576],"y":[207]}},{"time":"1702312726049","type":"selected","value":[true]},{"time":"1702312736604","type":"selected","value":[false]}],"isTextChangeable":1},{"id":"2e02548d-0e3b-4a27-9bd4-93721a4f2e8b","value":3,"text":"food transport","comment":"Victims who cannot yet be rescued are thereby given food to stay alive.","position":{"x":815,"y":563},"isActive":true,"date":1702312595772,"kind":"Node","isSelected":false,"isConnectorSelected":false,"isDraggable":1,"isDeletable":1,"hasElementMoved":false,"eventLog":[{"time":1702312595772,"type":"create node","value":"0"},{"time":1702312595845,"type":"selected","value":"TRUE"},{"time":1702312648881,"type":"text","value":"Nahrungstransport"},{"time":1702312648881,"type":"value","value":"3"},{"time":1702312648881,"type":"comment","value":"Opfer die noch nicht gerettet werden können, bekommen dadurch Nahrung um am Leben zu bleiben."},{"time":1702312648881,"type":"selected","value":"FALSE"},{"time":1702312743899,"type":"selected","value":"TRUE"},{"time":1702312744931,"type":"selected","value":"FALSE"}],"isTextChangeable":1},{"id":"9829f48e-6292-4288-96b2-694811d0ce83","value":-1,"text":"type of robot","comment":"Soft robots could potentially break during use, as they are only built with soft material.","position":{"x":630,"y":241},"isActive":true,"date":1702312652020,"kind":"Node","isSelected":false,"isConnectorSelected":false,"isDraggable":1,"isDeletable":1,"hasElementMoved":false,"eventLog":[{"time":"1702312652020","type":"create node","value":[0]},{"time":"1702312652095","type":"selected","value":[true]},{"time":"1702312694216","type":"text","value":["Art des Roboters"]},{"time":"1702312694216","type":"value","value":[-1]},{"time":"1702312694216","type":"comment","value":["Softroboter könnten beispielsweise beim Einsatz kaputt gehen, da sie nur mit weichem Material gebaut worden sind."]},{"time":"1702312694216","type":"selected","value":[false]},{"time":"2023-12-11T16:38:14.787Z","type":"position","value":{"x":[533],"y":[269]}},{"time":"1702312742415","type":"selected","value":[true]},{"time":"1702312743090","type":"selected","value":[false]}],"isTextChangeable":1}],"connectors":[{"id":"1110463d-71fe-46f9-bc5f-0455dbab54d0","source":"009d6082-8371-4207-9695-5c4ba499f846","target":"153fe164-e5db-4175-95ed-d6caa3e02d24","agreement":true,"isActive":true,"date":1702312584539,"kind":"Connector","isSelected":false,"intensity":3,"isDeletable":false,"isOver":false,"isBidirectional":false,"eventLog":[{"time":1702312584539,"type":"create connection"}]},{"id":"3261c5d6-cb92-48bb-854d-8b6664e8a597","source":"009d6082-8371-4207-9695-5c4ba499f846","target":"cc4219ba-8868-479d-985f-a88cf93ff6b4","agreement":true,"isActive":true,"date":1702312584539,"kind":"Connector","isSelected":false,"intensity":3,"isDeletable":true,"isOver":false,"isBidirectional":false,"eventLog":[{"time":1702312584539,"type":"create connection"}]},{"id":"b0ccb68f-2e7a-43ca-bf6b-ebf0204572c5","source":"153fe164-e5db-4175-95ed-d6caa3e02d24","target":"76db02c0-744c-488f-b1bb-db6f25b7ba5e","agreement":true,"isActive":true,"date":1702312584539,"kind":"Connector","isSelected":false,"intensity":9,"isDeletable":true,"isOver":false,"isBidirectional":false,"eventLog":[{"time":1702312584539,"type":"create connection"}]},{"id":"b52ee190-538a-4935-bd34-97cbf0954652","source":"153fe164-e5db-4175-95ed-d6caa3e02d24","target":"57897673-b706-49ae-9411-c6333cf6e70f","agreement":true,"isActive":true,"date":1702312584540,"kind":"Connector","isSelected":false,"intensity":9,"isDeletable":true,"isOver":false,"isBidirectional":false,"eventLog":[{"time":1702312584540,"type":"create connection"}]},{"id":"f50f97c6-74fb-4b8f-b941-4d1c12b9a2b5","source":"153fe164-e5db-4175-95ed-d6caa3e02d24","target":"2db81564-cc16-47ba-be52-8fff0dd1d6f5","agreement":true,"isActive":true,"date":1702312584540,"kind":"Connector","isSelected":false,"intensity":3,"isDeletable":true,"isOver":false,"isBidirectional":false,"eventLog":[{"time":1702312584540,"type":"create connection"}]},{"id":"a8f28fa2-568b-4efb-9f2a-1f216b8f78f8","source":"cc4219ba-8868-479d-985f-a88cf93ff6b4","target":"d0ca6065-fded-4a39-88d6-70032c0c26f5","agreement":true,"isActive":true,"date":1702312584540,"kind":"Connector","isSelected":false,"intensity":3,"isDeletable":true,"isOver":false,"isBidirectional":false,"eventLog":[{"time":1702312584540,"type":"create connection"}]},{"id":"edaa65c5-3873-4c7e-983c-b5e8ceb22715","source":"cc4219ba-8868-479d-985f-a88cf93ff6b4","target":"0bad2b94-999c-4d4c-86a0-55d440554cf3","agreement":true,"isActive":true,"date":1702312584540,"kind":"Connector","isSelected":false,"intensity":3,"isDeletable":true,"isOver":false,"isBidirectional":false,"eventLog":[{"time":1702312584540,"type":"create connection"}]},{"id":"2f5a561a-ed30-4e3a-97e7-6c46aa652867","source":"cc4219ba-8868-479d-985f-a88cf93ff6b4","target":"066d1987-857a-4569-909d-23d478bd8f05","agreement":true,"isActive":true,"date":1702312584540,"kind":"Connector","isSelected":false,"intensity":3,"isDeletable":true,"isOver":false,"isBidirectional":false,"eventLog":[{"time":1702312584540,"type":"create connection"}]},{"id":"857a09f6-8a1e-4c8e-9ceb-59f80021722d","source":"d5fcd2b0-fd21-436e-8f7d-11de023683f1","target":"cc4219ba-8868-479d-985f-a88cf93ff6b4","agreement":true,"isActive":true,"date":1702312584540,"kind":"Connector","isSelected":false,"intensity":3,"isDeletable":true,"isOver":false,"isBidirectional":false,"eventLog":[{"time":1702312584540,"type":"create connection"}]},{"id":"4243aadf-bc99-49ae-9e15-d9a11c75b886","source":"42abafb8-7585-4c08-841f-58dd81add5cc","target":"153fe164-e5db-4175-95ed-d6caa3e02d24","agreement":true,"isActive":true,"date":1702312584540,"kind":"Connector","isSelected":false,"intensity":3,"isDeletable":true,"isOver":false,"isBidirectional":false,"eventLog":[{"time":1702312584540,"type":"create connection"}]},{"id":"6d35018d-8d46-42bd-8e9c-8d3c621e0a7e","source":"153fe164-e5db-4175-95ed-d6caa3e02d24","target":"c81e953a-eb5b-4705-8afa-a879a2174ae9","agreement":true,"isActive":true,"date":1702312584541,"kind":"Connector","isSelected":false,"intensity":3,"isDeletable":true,"isOver":false,"isBidirectional":false,"eventLog":[{"time":1702312584541,"type":"create connection"}]},{"id":"398d8414-cf8a-4c11-b350-6e648f0c59b0","source":"68e73638-1b4c-4f2d-a2a0-e91a5bc16667","target":"153fe164-e5db-4175-95ed-d6caa3e02d24","agreement":true,"isActive":true,"date":1702312584541,"kind":"Connector","isSelected":false,"intensity":6,"isDeletable":true,"isOver":false,"isBidirectional":false,"eventLog":[{"time":1702312584541,"type":"create connection"}]},{"id":"d6afd51a-eb71-4baf-a925-d8e6c31ffd38","source":"cc4219ba-8868-479d-985f-a88cf93ff6b4","target":"2e02548d-0e3b-4a27-9bd4-93721a4f2e8b","agreement":true,"isActive":true,"date":1702312650769,"kind":"Connector","isSelected":false,"intensity":3,"isDeletable":true,"isOver":false,"isBidirectional":false,"eventLog":[{"time":1702312650769,"type":"create connection"}]},{"id":"4c2753eb-d82f-45c4-b843-bd6003123349","source":"9829f48e-6292-4288-96b2-694811d0ce83","target":"153fe164-e5db-4175-95ed-d6caa3e02d24","agreement":true,"isActive":true,"date":1702312697503,"kind":"Connector","isSelected":false,"intensity":3,"isDeletable":true,"isOver":false,"isBidirectional":false,"eventLog":[{"time":1702312697503,"type":"create connection"}]}],"currentID":{},"currentNode":{},"hasSelectedNode":[false],"currentConnector":{},"hasSelectedConnector":[false],"readyToMove":[false],"isIncoming":[false],"hasElementMoved":[false]}
