{"idCAM":["1a3645d9-a47a-44b6-9f11-b3488a860136"],"creator":["6572deb3c978dbcde1a8106c_pre"],"projectCAM":["S2_CAM part 1"],"defocusCAM":[],"date":[1702310076663],"nodes":[{"id":"8bed29c5-4cb2-4b41-90b0-98c1846f45a7","value":0,"text":"social assistance robot","comment":"","position":{"x":650,"y":400},"isActive":true,"date":1702310077554,"kind":"Node","isSelected":false,"isConnectorSelected":false,"isDraggable":0,"isDeletable":0,"hasElementMoved":false,"eventLog":[{"time":1702310077554,"type":"create node","value":0}],"isTextChangeable":0},{"id":"6ec2a57a-1120-4cef-a16f-694ec6f4e56d","value":0,"text":"disadvantages","comment":"","position":{"x":450,"y":400},"isActive":true,"date":1702310077555,"kind":"Node","isSelected":false,"isConnectorSelected":false,"isDraggable":0,"isDeletable":0,"hasElementMoved":false,"eventLog":[{"time":1702310077555,"type":"create node","value":0}],"isTextChangeable":0},{"id":"ae01a6c2-c8db-4985-8cad-2ab8f82aadd6","value":0,"text":"advantages","comment":"","position":{"x":850,"y":400},"isActive":true,"date":1702310077555,"kind":"Node","isSelected":false,"isConnectorSelected":false,"isDraggable":0,"isDeletable":0,"hasElementMoved":false,"eventLog":[{"time":1702310077555,"type":"create node","value":0}],"isTextChangeable":0},{"id":"e46ab1ab-0b96-4ddb-a66b-3dfb9f51a4f3","value":1,"text":"inclusion","comment":"Allows people with little social contact to feel heard.","position":{"x":919.3333,"y":311.3333},"isActive":true,"date":1702310099987,"kind":"Node","isSelected":false,"isConnectorSelected":false,"isDraggable":1,"isDeletable":1,"hasElementMoved":false,"eventLog":[{"time":"1702310099987","type":"create node","value":[0]},{"time":"1702310110528","type":"selected","value":[true]},{"time":"1702310147020","type":"text","value":["Inklusion"]},{"time":"1702310147020","type":"value","value":[1]},{"time":"1702310147020","type":"selected","value":[false]},{"time":"2023-12-11T15:55:47.506Z","type":"position","value":{"x":[672.3333],"y":[275.3333]}},{"time":"2023-12-11T15:55:47.701Z","type":"position","value":{"x":[828.3333],"y":[266.3333]}},{"time":"1702310153906","type":"selected","value":[true]},{"time":"1702310192572","type":"comment","value":["Ermöglicht es Menschen mit wenig sozialen Kontakt ein Gefühl des Gehörtwerdens zu geben."]},{"time":"1702310192572","type":"selected","value":[false]}],"isTextChangeable":1},{"id":"16b958aa-3c07-43fe-be58-6cb0b87115cc","value":2,"text":"relief","comment":"For example, in nursing: staff often overwhelmed, has little time for social interactions.","position":{"x":1059.3333,"y":431.3333},"isActive":true,"date":1702310193884,"kind":"Node","isSelected":false,"isConnectorSelected":false,"isDraggable":1,"isDeletable":1,"hasElementMoved":false,"eventLog":[{"time":"1702310193884","type":"create node","value":[0]},{"time":"1702310193927","type":"selected","value":[true]},{"time":"1702310221468","type":"text","value":["Entlastung"]},{"time":"1702310221468","type":"value","value":[2]},{"time":"1702310221468","type":"comment","value":["Zum Beispiel in der Pflege: Personal oftmals überlastet, hat wenig Zeit für soziale Interaktionen."]},{"time":"1702310221468","type":"selected","value":[false]},{"time":"2023-12-11T15:57:03.012Z","type":"position","value":{"x":[944.3333],"y":[430.3333]}}],"isTextChangeable":1},{"id":"65c34ff3-f9bc-4188-baa5-d0bb3a5882cd","value":1,"text":"objective conversation partner","comment":"I imagine a social assistance robot as unbiased (depending on the AI training).","position":{"x":960.3333,"y":516.3333},"isActive":true,"date":1702310229375,"kind":"Node","isSelected":false,"isConnectorSelected":false,"isDraggable":1,"isDeletable":1,"hasElementMoved":false,"eventLog":[{"time":"1702310229375","type":"create node","value":[0]},{"time":"1702310234061","type":"selected","value":[true]},{"time":"1702310273853","type":"text","value":["Objektiver Gesprächspartner"]},{"time":"1702310273853","type":"value","value":[1]},{"time":"1702310273853","type":"comment","value":["Ich stelle mir einen sozialen Assistenzroboter als unvoreingenommen vor (je nach Training der KI)."]},{"time":"1702310273853","type":"selected","value":[false]},{"time":"2023-12-11T15:57:54.424Z","type":"position","value":{"x":[909.3333],"y":[451.3333]}}],"isTextChangeable":1},{"id":"98b4a4d9-dd44-47a2-9afe-6a581533978f","value":-2,"text":"social decay","comment":"I can imagine that if there is too much interaction only with robots, this could lead to social dysfunctions with fellow human beings.","position":{"x":322.3333,"y":493.3333},"isActive":true,"date":1702310277602,"kind":"Node","isSelected":false,"isConnectorSelected":false,"isDraggable":1,"isDeletable":1,"hasElementMoved":false,"eventLog":[{"time":"1702310277602","type":"create node","value":[0]},{"time":"1702310277794","type":"selected","value":[true]},{"time":"1702310314517","type":"text","value":["Soziale Verkümmerung"]},{"time":"1702310314517","type":"value","value":[-1]},{"time":"1702310314517","type":"comment","value":["Ich könnte mir vorstellen, dass wenn ein zu großer Austausch lediglich mit Roboter besteht, dass dies zu sozialen Dysfunktionen mit Mitmenschen führt."]},{"time":"1702310314517","type":"selected","value":[false]},{"time":"1702310315925","type":"selected","value":[true]},{"time":"1702310317561","type":"value","value":[-2]},{"time":"1702310317561","type":"selected","value":[false]},{"time":"2023-12-11T15:59:55.193Z","type":"position","value":{"x":[375.3333],"y":[477.3333]}}],"isTextChangeable":1},{"id":"50491daf-1159-4202-a276-36b1cbec40d8","value":-3,"text":"shifting of a basic need","comment":"It's sad that in today's world there's not enough time to live out social interaction.","position":{"x":656.3333,"y":302.3333},"isActive":true,"date":1702310317690,"kind":"Node","isSelected":false,"isConnectorSelected":false,"isDraggable":1,"isDeletable":1,"hasElementMoved":false,"eventLog":[{"time":"1702310317690","type":"create node","value":[0]},{"time":"1702310319630","type":"selected","value":[true]},{"time":"1702310360111","type":"text","value":["Abwälzung eines Grundbedürfnisses"]},{"time":"1702310360111","type":"value","value":[-3]},{"time":"1702310360111","type":"comment","value":["Es ist traurig, dass in der heutigen Welt zu wenig Zeit vorhanden ist, um soziale Interaktion auszuleben."]},{"time":"1702310360111","type":"selected","value":[false]},{"time":"2023-12-11T15:59:22.550Z","type":"position","value":{"x":[288.3333],"y":[297.3333]}},{"time":"2023-12-11T15:59:22.709Z","type":"position","value":{"x":[446.3333],"y":[295.3333]}},{"time":"2023-12-11T15:59:22.895Z","type":"position","value":{"x":[600.3333],"y":[299.3333]}}],"isTextChangeable":1},{"id":"ff875a98-abbb-47b9-b7ed-cb171d1d2d71","value":10,"text":"costs","comment":"High acquisition costs / No salary","position":{"x":652.3333,"y":514.3333},"isActive":true,"date":1702310372396,"kind":"Node","isSelected":false,"isConnectorSelected":false,"isDraggable":1,"isDeletable":1,"hasElementMoved":false,"eventLog":[{"time":"1702310372396","type":"create node","value":[0]},{"time":"1702310372672","type":"selected","value":[true]},{"time":"1702310390525","type":"text","value":["Kosten"]},{"time":"1702310390525","type":"value","value":[10]},{"time":"1702310390525","type":"comment","value":["Hohe Anschaffungskosten / Kein Lohn"]},{"time":"1702310390525","type":"selected","value":[false]},{"time":"2023-12-11T15:59:51.158Z","type":"position","value":{"x":[350.3333],"y":[339.3333]}},{"time":"2023-12-11T15:59:51.264Z","type":"position","value":{"x":[503.3333],"y":[421.3333]}},{"time":"2023-12-11T15:59:51.326Z","type":"position","value":{"x":[606.3333],"y":[491.3333]}},{"time":"2023-12-11T15:59:51.581Z","type":"position","value":{"x":[654.3333],"y":[527.3333]}}],"isTextChangeable":1},{"id":"af3055a2-b2c7-4ece-9ba9-7946a91e8054","value":0,"text":"resistance","comment":"I can imagine that there are many people who do not want to talk to a robot.","position":{"x":290.3333,"y":383.3333},"isActive":true,"date":1702310396045,"kind":"Node","isSelected":false,"isConnectorSelected":false,"isDraggable":1,"isDeletable":1,"hasElementMoved":false,"eventLog":[{"time":"1702310396045","type":"create node","value":[0]},{"time":"1702310406807","type":"selected","value":[true]},{"time":"1702310427503","type":"text","value":["Widerstand"]},{"time":"1702310427503","type":"comment","value":["Ich kann mir vorstellen, dass es viele Menschen gibt, die nicht mit einem Roboter sprechen wollen."]},{"time":"1702310427503","type":"selected","value":[false]},{"time":"1702310429519","type":"selected","value":[true]},{"time":"1702310431404","type":"value","value":[-1]},{"time":"1702310431404","type":"selected","value":[false]},{"time":"1702310433238","type":"selected","value":[true]},{"time":"1702310435086","type":"value","value":[0]},{"time":"1702310435086","type":"selected","value":[false]},{"time":"2023-12-11T16:00:36.833Z","type":"position","value":{"x":[492.3333],"y":[524.3333]}},{"time":"2023-12-11T16:00:37.030Z","type":"position","value":{"x":[338.3333],"y":[403.3333]}},{"time":"2023-12-11T16:00:37.062Z","type":"position","value":{"x":[320.3333],"y":[372.3333]}}],"isTextChangeable":1},{"id":"4dea8257-4614-4b38-b612-5e4b6b893172","value":0,"text":"distrust","comment":"AI in its current form often still has the problem that trust is lacking. It is difficult to understand how the algorithm weighs the parameters and actually outputs the results.","position":{"x":153.3333,"y":349.3333},"isActive":true,"date":1702310437955,"kind":"Node","isSelected":false,"isConnectorSelected":false,"isDraggable":1,"isDeletable":1,"hasElementMoved":false,"eventLog":[{"time":1702310437955,"type":"create node","value":"0"},{"time":1702310438984,"type":"selected","value":"TRUE"},{"time":1702310491296,"type":"text","value":"Misstrauen"},{"time":1702310491296,"type":"comment","value":"KI in seiner jetzigen Form hat oft noch das Problem, dass das Vertrauen fehlt. Es ist schwierig nachzuvollziehen, wie der Algorithmus die Parameter gewichtet und die Ergebnisse tatsächlich ausgibt."},{"time":1702310491296,"type":"selected","value":"FALSE"}],"isTextChangeable":1},{"id":"879633b5-4800-4888-b095-e2844dc2f558","value":-1,"text":"high development need","comment":"","position":{"x":438.3333,"y":257.3333},"isActive":true,"date":1702310493779,"kind":"Node","isSelected":false,"isConnectorSelected":false,"isDraggable":1,"isDeletable":1,"hasElementMoved":false,"eventLog":[{"time":1702310493779,"type":"create node","value":"0"},{"time":1702310500771,"type":"selected","value":"TRUE"},{"time":1702310516772,"type":"text","value":"Hoher Entwicklungsbedarf"},{"time":1702310516772,"type":"value","value":"-1"},{"time":1702310516772,"type":"selected","value":"FALSE"}],"isTextChangeable":1},{"id":"eab5619b-1ccc-48c3-a6c8-ea304d822608","value":-1,"text":"risk of breakdowns","comment":"","position":{"x":479.3333,"y":517.3333},"isActive":true,"date":1702310518627,"kind":"Node","isSelected":false,"isConnectorSelected":false,"isDraggable":1,"isDeletable":1,"hasElementMoved":false,"eventLog":[{"time":1702310518627,"type":"create node","value":"0"},{"time":1702310518699,"type":"selected","value":"TRUE"},{"time":1702310525140,"type":"text","value":"Gefahr von Pannen"},{"time":1702310525140,"type":"value","value":"-1"},{"time":1702310525140,"type":"selected","value":"FALSE"}],"isTextChangeable":1},{"id":"debe555c-b342-496f-9b1a-f009943b0a72","value":-2,"text":"risk of abuse","comment":"","position":{"x":316.3333,"y":287.3333},"isActive":true,"date":1702310527161,"kind":"Node","isSelected":false,"isConnectorSelected":false,"isDraggable":1,"isDeletable":1,"hasElementMoved":false,"eventLog":[{"time":"1702310527161","type":"create node","value":[0]},{"time":"1702310527249","type":"selected","value":[true]},{"time":"1702310534966","type":"text","value":["Gefahr von Missbrauch"]},{"time":"1702310534966","type":"value","value":[-2]},{"time":"1702310534966","type":"selected","value":[false]},{"time":"2023-12-11T16:02:16.778Z","type":"position","value":{"x":[363.3333],"y":[293.3333]}}],"isTextChangeable":1},{"id":"d5d9225d-2f80-4376-88f8-00103b31753b","value":0,"text":"","comment":"","position":{"x":588,"y":611.3333},"isActive":false,"date":1702310538283,"kind":"Node","isSelected":false,"isConnectorSelected":false,"isDraggable":1,"isDeletable":1,"hasElementMoved":false,"eventLog":[{"time":"1702310538283","type":"create node","value":[0]},{"time":"2023-12-11T16:02:22.882Z","type":"position","value":{"x":[604],"y":[574.3333]}},{"time":"2023-12-11T16:02:23.387Z","type":"position","value":{"x":[608],"y":[575.3333]}},{"time":"1702310545525","type":"selected","value":[true]},{"time":"1702310546785","type":"node was deleted","value":[-99]}],"isTextChangeable":1},{"id":"aef5cde0-fdef-4391-80c9-7959ec196db0","value":0,"text":"","comment":"","position":{"x":788.3333,"y":657.3333},"isActive":false,"date":1702310539043,"kind":"Node","isSelected":false,"isConnectorSelected":false,"isDraggable":1,"isDeletable":1,"hasElementMoved":false,"eventLog":[{"time":1702310539043,"type":"create node","value":0},{"time":1702310548553,"type":"selected","value":1},{"time":1702310549535,"type":"node was deleted","value":-99}],"isTextChangeable":1}],"connectors":[{"id":"b90441d6-36f4-45ee-ac12-2818080e1a1e","source":"8bed29c5-4cb2-4b41-90b0-98c1846f45a7","target":"6ec2a57a-1120-4cef-a16f-694ec6f4e56d","agreement":true,"isActive":true,"date":1702310077555,"kind":"Connector","isSelected":false,"intensity":3,"isDeletable":false,"isOver":false,"isBidirectional":false,"eventLog":[{"time":1702310077555,"type":"create connection"}]},{"id":"0b8186ff-a72a-4266-8d95-8af552900be6","source":"8bed29c5-4cb2-4b41-90b0-98c1846f45a7","target":"ae01a6c2-c8db-4985-8cad-2ab8f82aadd6","agreement":true,"isActive":true,"date":1702310077555,"kind":"Connector","isSelected":false,"intensity":3,"isDeletable":true,"isOver":false,"isBidirectional":false,"eventLog":[{"time":1702310077555,"type":"create connection"}]},{"id":"2e45da22-7f99-4fa8-b751-656d9c141ef0","source":"ae01a6c2-c8db-4985-8cad-2ab8f82aadd6","target":"e46ab1ab-0b96-4ddb-a66b-3dfb9f51a4f3","agreement":true,"isActive":true,"date":1702310151209,"kind":"Connector","isSelected":false,"intensity":3,"isDeletable":true,"isOver":false,"isBidirectional":false,"eventLog":[{"time":1702310151209,"type":"create connection"}]},{"id":"b0440c35-32ef-4842-a077-a67d7ca3a943","source":"ae01a6c2-c8db-4985-8cad-2ab8f82aadd6","target":"16b958aa-3c07-43fe-be58-6cb0b87115cc","agreement":true,"isActive":true,"date":1702310226480,"kind":"Connector","isSelected":false,"intensity":3,"isDeletable":true,"isOver":false,"isBidirectional":false,"eventLog":[{"time":1702310226480,"type":"create connection"}]},{"id":"71c269c4-cc99-46df-b42d-afeb3caabbdd","source":"65c34ff3-f9bc-4188-baa5-d0bb3a5882cd","target":"ae01a6c2-c8db-4985-8cad-2ab8f82aadd6","agreement":true,"isActive":true,"date":1702310276215,"kind":"Connector","isSelected":false,"intensity":3,"isDeletable":true,"isOver":false,"isBidirectional":false,"eventLog":[{"time":1702310276215,"type":"create connection"}]},{"id":"cb7f3652-e273-4ca4-af2e-6892556bd500","source":"6ec2a57a-1120-4cef-a16f-694ec6f4e56d","target":"98b4a4d9-dd44-47a2-9afe-6a581533978f","agreement":true,"isActive":true,"date":1702310361141,"kind":"Connector","isSelected":false,"intensity":3,"isDeletable":true,"isOver":false,"isBidirectional":false,"eventLog":[{"time":1702310361141,"type":"create connection"}]},{"id":"c15c1cf6-9017-461b-909b-cc6579d5608a","source":"8bed29c5-4cb2-4b41-90b0-98c1846f45a7","target":"50491daf-1159-4202-a276-36b1cbec40d8","agreement":true,"isActive":true,"date":1702310365677,"kind":"Connector","isSelected":false,"intensity":3,"isDeletable":true,"isOver":false,"isBidirectional":false,"eventLog":[{"time":1702310365677,"type":"create connection"}]},{"id":"b3ce6587-d939-4740-88bc-84f41b8296e0","source":"8bed29c5-4cb2-4b41-90b0-98c1846f45a7","target":"ff875a98-abbb-47b9-b7ed-cb171d1d2d71","agreement":true,"isActive":true,"date":1702310392599,"kind":"Connector","isSelected":false,"intensity":3,"isDeletable":true,"isOver":false,"isBidirectional":false,"eventLog":[{"time":1702310392599,"type":"create connection"}]},{"id":"bd14b0b6-4e5d-484f-aa34-9ba9a7e0e93f","source":"6ec2a57a-1120-4cef-a16f-694ec6f4e56d","target":"af3055a2-b2c7-4ece-9ba9-7946a91e8054","agreement":true,"isActive":true,"date":1702310436318,"kind":"Connector","isSelected":false,"intensity":3,"isDeletable":true,"isOver":false,"isBidirectional":false,"eventLog":[{"time":1702310436318,"type":"create connection"}]},{"id":"a6077b76-c48a-45b3-ab01-b8468d7c6121","source":"4dea8257-4614-4b38-b612-5e4b6b893172","target":"af3055a2-b2c7-4ece-9ba9-7946a91e8054","agreement":true,"isActive":true,"date":1702310492980,"kind":"Connector","isSelected":false,"intensity":3,"isDeletable":true,"isOver":false,"isBidirectional":false,"eventLog":[{"time":1702310492980,"type":"create connection"}]},{"id":"195fce31-7df2-4fba-aebd-e6599ca5992e","source":"6ec2a57a-1120-4cef-a16f-694ec6f4e56d","target":"879633b5-4800-4888-b095-e2844dc2f558","agreement":true,"isActive":true,"date":1702310518047,"kind":"Connector","isSelected":false,"intensity":3,"isDeletable":true,"isOver":false,"isBidirectional":false,"eventLog":[{"time":1702310518047,"type":"create connection"}]},{"id":"eaf98c4c-f715-42bd-82fd-58587c1f7b18","source":"6ec2a57a-1120-4cef-a16f-694ec6f4e56d","target":"eab5619b-1ccc-48c3-a6c8-ea304d822608","agreement":true,"isActive":true,"date":1702310526118,"kind":"Connector","isSelected":false,"intensity":3,"isDeletable":true,"isOver":false,"isBidirectional":false,"eventLog":[{"time":1702310526118,"type":"create connection"}]},{"id":"a4d2aea2-b0f2-49e9-baaa-3fc1b62c3109","source":"6ec2a57a-1120-4cef-a16f-694ec6f4e56d","target":"debe555c-b342-496f-9b1a-f009943b0a72","agreement":true,"isActive":true,"date":1702310536186,"kind":"Connector","isSelected":false,"intensity":3,"isDeletable":true,"isOver":false,"isBidirectional":false,"eventLog":[{"time":1702310536186,"type":"create connection"}]}],"currentID":{},"currentNode":{},"hasSelectedNode":[false],"currentConnector":{},"hasSelectedConnector":[false],"readyToMove":[false],"isIncoming":[false],"hasElementMoved":[false]}
