{"idCAM":["d5ab7d2c-c598-467a-850f-2f25a6c55fba"],"creator":["6572deb3c978dbcde1a8106c_post"],"projectCAM":["S2_CAM part 2"],"defocusCAM":[],"date":[1702310637177],"nodes":[{"id":"62f46068-b19d-47bd-bfe8-f58c25df300d","value":0,"text":"social assistance robot","comment":"","position":{"x":650,"y":400},"isActive":true,"date":1702310638051,"kind":"Node","isSelected":false,"isConnectorSelected":false,"isDraggable":0,"isDeletable":0,"hasElementMoved":false,"eventLog":[{"time":1702310638052,"type":"create node","value":0}],"isTextChangeable":0},{"id":"9f13dea9-80dd-45d7-85f9-45f2c1b68bd8","value":0,"text":"disadvantages","comment":"","position":{"x":450,"y":400},"isActive":true,"date":1702310638052,"kind":"Node","isSelected":false,"isConnectorSelected":false,"isDraggable":0,"isDeletable":0,"hasElementMoved":false,"eventLog":[{"time":1702310638052,"type":"create node","value":0}],"isTextChangeable":0},{"id":"86c19991-084a-4cff-b3dc-f37e28a46050","value":0,"text":"advantages","comment":"","position":{"x":850,"y":400},"isActive":true,"date":1702310638052,"kind":"Node","isSelected":false,"isConnectorSelected":false,"isDraggable":0,"isDeletable":0,"hasElementMoved":false,"eventLog":[{"time":1702310638052,"type":"create node","value":0}],"isTextChangeable":0},{"id":"f54e7176-1741-4db1-a61e-df11d9b196b1","value":1,"text":"inclusion","comment":"","position":{"x":919.3333,"y":311.3333},"isActive":true,"date":1702310638052,"kind":"Node","isSelected":false,"isConnectorSelected":false,"isDraggable":1,"isDeletable":1,"hasElementMoved":false,"eventLog":[{"time":1702310638052,"type":"create node","value":1}],"isTextChangeable":1},{"id":"63a49d86-f417-4228-a29c-8f266c90da52","value":2,"text":"relief","comment":"","position":{"x":1059.3333,"y":431.3333},"isActive":true,"date":1702310638052,"kind":"Node","isSelected":false,"isConnectorSelected":false,"isDraggable":1,"isDeletable":1,"hasElementMoved":false,"eventLog":[{"time":1702310638052,"type":"create node","value":2}],"isTextChangeable":1},{"id":"42c2d3ca-6f6c-4927-be32-4f9b79a3541e","value":1,"text":"objective conversation partner","comment":"","position":{"x":960.3333,"y":516.3333},"isActive":true,"date":1702310638053,"kind":"Node","isSelected":false,"isConnectorSelected":false,"isDraggable":1,"isDeletable":1,"hasElementMoved":false,"eventLog":[{"time":1702310638053,"type":"create node","value":1}],"isTextChangeable":1},{"id":"3c2faa65-c6cd-4066-8ac0-69747fcf95ad","value":-2,"text":"social decay","comment":"","position":{"x":322.3333,"y":493.3333},"isActive":true,"date":1702310638053,"kind":"Node","isSelected":false,"isConnectorSelected":false,"isDraggable":1,"isDeletable":1,"hasElementMoved":false,"eventLog":[{"time":1702310638053,"type":"create node","value":-2}],"isTextChangeable":1},{"id":"42529720-91e2-400f-96e9-ac12ceffba71","value":-3,"text":"shifting of a basic need","comment":"","position":{"x":619.3333,"y":284.3333},"isActive":true,"date":1702310638053,"kind":"Node","isSelected":false,"isConnectorSelected":false,"isDraggable":1,"isDeletable":1,"hasElementMoved":false,"eventLog":[{"time":"1702310638053","type":"create node","value":[-3]},{"time":"2023-12-11T16:04:18.167Z","type":"position","value":{"x":[655.3333],"y":[287.3333]}}],"isTextChangeable":1},{"id":"dc741bd7-5e3b-47f4-8faf-648b831ba542","value":10,"text":"costs","comment":"","position":{"x":652.3333,"y":514.3333},"isActive":true,"date":1702310638053,"kind":"Node","isSelected":false,"isConnectorSelected":false,"isDraggable":1,"isDeletable":1,"hasElementMoved":false,"eventLog":[{"time":1702310638053,"type":"create node","value":10}],"isTextChangeable":1},{"id":"bc3b84d9-c44f-4482-a4c1-a51d4c830864","value":0,"text":"resistance","comment":"","position":{"x":290.3333,"y":383.3333},"isActive":true,"date":1702310638053,"kind":"Node","isSelected":false,"isConnectorSelected":false,"isDraggable":1,"isDeletable":1,"hasElementMoved":false,"eventLog":[{"time":1702310638053,"type":"create node","value":0}],"isTextChangeable":1},{"id":"f0f8d3a8-6ab4-4331-97da-b7a2e3f01454","value":0,"text":"distrust","comment":"","position":{"x":153.3333,"y":349.3333},"isActive":true,"date":1702310638053,"kind":"Node","isSelected":false,"isConnectorSelected":false,"isDraggable":1,"isDeletable":1,"hasElementMoved":false,"eventLog":[{"time":1702310638053,"type":"create node","value":0}],"isTextChangeable":1},{"id":"6beb0450-f74d-48a4-a240-922443513622","value":-1,"text":"high development need","comment":"","position":{"x":438.3333,"y":257.3333},"isActive":true,"date":1702310638053,"kind":"Node","isSelected":false,"isConnectorSelected":false,"isDraggable":1,"isDeletable":1,"hasElementMoved":false,"eventLog":[{"time":1702310638053,"type":"create node","value":-1}],"isTextChangeable":1},{"id":"91cd65fa-aa9a-4a2a-9cf4-94ac4943d778","value":-1,"text":"risk of breakdowns","comment":"","position":{"x":479.3333,"y":517.3333},"isActive":true,"date":1702310638054,"kind":"Node","isSelected":false,"isConnectorSelected":false,"isDraggable":1,"isDeletable":1,"hasElementMoved":false,"eventLog":[{"time":1702310638054,"type":"create node","value":-1}],"isTextChangeable":1},{"id":"2d12b7e8-f434-4360-9d1d-4740540f443f","value":-2,"text":"risk of abuse","comment":"","position":{"x":316.3333,"y":287.3333},"isActive":true,"date":1702310638054,"kind":"Node","isSelected":false,"isConnectorSelected":false,"isDraggable":1,"isDeletable":1,"hasElementMoved":false,"eventLog":[{"time":1702310638054,"type":"create node","value":-2}],"isTextChangeable":1},{"id":"8978b37e-3fdc-4ea3-8607-eb754bb493ab","value":0,"text":"soft robots","comment":"","position":{"x":806.3333,"y":163.3333},"isActive":true,"date":1702310645539,"kind":"Node","isSelected":false,"isConnectorSelected":false,"isDraggable":1,"isDeletable":1,"hasElementMoved":false,"eventLog":[{"time":1702310645539,"type":"create node","value":"0"},{"time":1702310646984,"type":"selected","value":"TRUE"},{"time":1702310651328,"type":"text","value":"Softe Roboter"},{"time":1702310651328,"type":"selected","value":"FALSE"}],"isTextChangeable":1},{"id":"49415d3a-7a26-4490-89f5-0cb005bb6b24","value":0,"text":"","comment":"","position":{"x":680.3333,"y":367.3333},"isActive":false,"date":1702310651955,"kind":"Node","isSelected":false,"isConnectorSelected":false,"isDraggable":1,"isDeletable":1,"hasElementMoved":false,"eventLog":[{"time":1702310651955,"type":"create node","value":0},{"time":1702310653514,"type":"selected","value":1},{"time":1702310654539,"type":"node was deleted","value":-99}],"isTextChangeable":1},{"id":"28bfca04-dc1a-4c4c-b89c-2641732a1d8b","value":0,"text":"","comment":"","position":{"x":830.3333,"y":193.3333},"isActive":false,"date":1702310659579,"kind":"Node","isSelected":false,"isConnectorSelected":false,"isDraggable":1,"isDeletable":1,"hasElementMoved":false,"eventLog":[{"time":1702310659579,"type":"create node","value":0},{"time":1702310662043,"type":"selected","value":1},{"time":1702310663087,"type":"node was deleted","value":-99}],"isTextChangeable":1},{"id":"9e53c4a0-bb5d-4ce5-a10c-ecb44b5950d8","value":0,"text":"","comment":"","position":{"x":874.3333,"y":181.3333},"isActive":false,"date":1702310660283,"kind":"Node","isSelected":false,"isConnectorSelected":false,"isDraggable":1,"isDeletable":1,"hasElementMoved":false,"eventLog":[{"time":1702310660283,"type":"create node","value":0},{"time":1702310664727,"type":"selected","value":1},{"time":1702310665685,"type":"node was deleted","value":-99}],"isTextChangeable":1},{"id":"53a0e490-1d65-495f-86ca-e2edd491a383","value":2,"text":"good alternative","comment":"Something needs to be done. / Sounds very nice in itself.","position":{"x":695.3333,"y":59.3333},"isActive":true,"date":1702310672873,"kind":"Node","isSelected":false,"isConnectorSelected":false,"isDraggable":1,"isDeletable":1,"hasElementMoved":false,"eventLog":[{"time":1702310672873,"type":"create node","value":"0"},{"time":1702310674083,"type":"selected","value":"TRUE"},{"time":1702310682120,"type":"text","value":"Gute Alternative"},{"time":1702310682120,"type":"value","value":"2"},{"time":1702310682120,"type":"selected","value":"FALSE"},{"time":1702310805078,"type":"selected","value":"TRUE"},{"time":1702310820894,"type":"comment","value":"Es muss etwas getan werden. / Klingt an sich sehr schön."},{"time":1702310820894,"type":"selected","value":"FALSE"}],"isTextChangeable":1},{"id":"d4511604-6eef-46c2-84cf-6cf364d67dee","value":-1,"text":"dangers","comment":"Similar to what was listed before. There can be interpersonal numbing.","position":{"x":958.3333,"y":112.3333},"isActive":true,"date":1702310686075,"kind":"Node","isSelected":false,"isConnectorSelected":false,"isDraggable":1,"isDeletable":1,"hasElementMoved":false,"eventLog":[{"time":1702310686075,"type":"create node","value":"0"},{"time":1702310686961,"type":"selected","value":"TRUE"},{"time":1702310715963,"type":"text","value":"Gefahren "},{"time":1702310715963,"type":"value","value":"-1"},{"time":1702310715963,"type":"comment","value":"Ähnlich wie zuvor aufgeführt. Es kann zu Zwischenmenschlicher Abstumpfung kommen."},{"time":1702310715963,"type":"selected","value":"FALSE"}],"isTextChangeable":1},{"id":"18b9891d-4f4d-41af-bdf7-4e44da152199","value":-1,"text":"dependence","comment":"","position":{"x":1025.3333,"y":209.3333},"isActive":true,"date":1702310717566,"kind":"Node","isSelected":false,"isConnectorSelected":false,"isDraggable":1,"isDeletable":1,"hasElementMoved":false,"eventLog":[{"time":"1702310717566","type":"create node","value":[0]},{"time":"1702310719680","type":"selected","value":[true]},{"time":"1702310724635","type":"text","value":["Abhängigkeit"]},{"time":"1702310724635","type":"value","value":[-1]},{"time":"1702310724635","type":"selected","value":[false]},{"time":"2023-12-11T16:05:28.195Z","type":"position","value":{"x":[1011.3333],"y":[185.3333]}}],"isTextChangeable":1},{"id":"734d6932-44ad-4179-aaa0-5c99f20f0c9d","value":-1,"text":"normal interaction","comment":"Maybe it's no longer possible to respond to/live out emotional human interaction correctly.","position":{"x":1084.3333,"y":101.3333},"isActive":true,"date":1702310729282,"kind":"Node","isSelected":false,"isConnectorSelected":false,"isDraggable":1,"isDeletable":1,"hasElementMoved":false,"eventLog":[{"time":1702310729282,"type":"create node","value":"0"},{"time":1702310730130,"type":"selected","value":"TRUE"},{"time":1702310783431,"type":"text","value":"Normale Interaktion"},{"time":1702310783431,"type":"value","value":"-1"},{"time":1702310783431,"type":"comment","value":"Vielleicht nicht mehr möglich auf emotionale menschliche Interaktion korrekt zu reagieren/auszuleben."},{"time":1702310783431,"type":"selected","value":"FALSE"}],"isTextChangeable":1},{"id":"228cbfb1-59dc-4c33-8d43-85ebd5b7bdd6","value":0,"text":"","comment":"","position":{"x":630.3333,"y":141.3333},"isActive":false,"date":1702310795725,"kind":"Node","isSelected":false,"isConnectorSelected":false,"isDraggable":1,"isDeletable":1,"hasElementMoved":false,"eventLog":[{"time":1702310795725,"type":"create node","value":0},{"time":1702310798414,"type":"selected","value":1},{"time":1702310804126,"type":"node was deleted","value":-99}],"isTextChangeable":1}],"connectors":[{"id":"57669e15-839b-42c5-97d7-625c9b994727","source":"62f46068-b19d-47bd-bfe8-f58c25df300d","target":"9f13dea9-80dd-45d7-85f9-45f2c1b68bd8","agreement":true,"isActive":true,"date":1702310638054,"kind":"Connector","isSelected":false,"intensity":3,"isDeletable":false,"isOver":false,"isBidirectional":false,"eventLog":[{"time":1702310638054,"type":"create connection"}]},{"id":"ac8c48e4-fb6b-4fe5-a613-c789dbc03743","source":"62f46068-b19d-47bd-bfe8-f58c25df300d","target":"86c19991-084a-4cff-b3dc-f37e28a46050","agreement":true,"isActive":true,"date":1702310638055,"kind":"Connector","isSelected":false,"intensity":3,"isDeletable":true,"isOver":false,"isBidirectional":false,"eventLog":[{"time":1702310638055,"type":"create connection"}]},{"id":"de42f4f5-0883-4ccc-b8a7-9c58309ec109","source":"86c19991-084a-4cff-b3dc-f37e28a46050","target":"f54e7176-1741-4db1-a61e-df11d9b196b1","agreement":true,"isActive":true,"date":1702310638055,"kind":"Connector","isSelected":false,"intensity":3,"isDeletable":true,"isOver":false,"isBidirectional":false,"eventLog":[{"time":1702310638055,"type":"create connection"}]},{"id":"626549c2-0b7c-4b84-a323-3e1474ccfdb8","source":"86c19991-084a-4cff-b3dc-f37e28a46050","target":"63a49d86-f417-4228-a29c-8f266c90da52","agreement":true,"isActive":true,"date":1702310638056,"kind":"Connector","isSelected":false,"intensity":3,"isDeletable":true,"isOver":false,"isBidirectional":false,"eventLog":[{"time":1702310638056,"type":"create connection"}]},{"id":"a345f8cf-39b1-41b5-864e-6605af8cdfb0","source":"42c2d3ca-6f6c-4927-be32-4f9b79a3541e","target":"86c19991-084a-4cff-b3dc-f37e28a46050","agreement":true,"isActive":true,"date":1702310638056,"kind":"Connector","isSelected":false,"intensity":3,"isDeletable":true,"isOver":false,"isBidirectional":false,"eventLog":[{"time":1702310638056,"type":"create connection"}]},{"id":"93cde07d-bc00-4db0-8ed9-43463ed5eec0","source":"9f13dea9-80dd-45d7-85f9-45f2c1b68bd8","target":"3c2faa65-c6cd-4066-8ac0-69747fcf95ad","agreement":true,"isActive":true,"date":1702310638056,"kind":"Connector","isSelected":false,"intensity":3,"isDeletable":true,"isOver":false,"isBidirectional":false,"eventLog":[{"time":1702310638056,"type":"create connection"}]},{"id":"fad069e5-0142-4875-be39-c47d4f0417f6","source":"62f46068-b19d-47bd-bfe8-f58c25df300d","target":"42529720-91e2-400f-96e9-ac12ceffba71","agreement":true,"isActive":true,"date":1702310638056,"kind":"Connector","isSelected":false,"intensity":3,"isDeletable":true,"isOver":false,"isBidirectional":false,"eventLog":[{"time":1702310638056,"type":"create connection"}]},{"id":"4c9c2799-7813-47e0-a0f2-72eeff4dec96","source":"62f46068-b19d-47bd-bfe8-f58c25df300d","target":"dc741bd7-5e3b-47f4-8faf-648b831ba542","agreement":true,"isActive":true,"date":1702310638057,"kind":"Connector","isSelected":false,"intensity":3,"isDeletable":true,"isOver":false,"isBidirectional":false,"eventLog":[{"time":1702310638057,"type":"create connection"}]},{"id":"64f7f8a6-80d9-4827-bb15-de5e529f3001","source":"9f13dea9-80dd-45d7-85f9-45f2c1b68bd8","target":"bc3b84d9-c44f-4482-a4c1-a51d4c830864","agreement":true,"isActive":true,"date":1702310638057,"kind":"Connector","isSelected":false,"intensity":3,"isDeletable":true,"isOver":false,"isBidirectional":false,"eventLog":[{"time":1702310638057,"type":"create connection"}]},{"id":"53e81c67-0316-4cb8-a3c9-2dcefac4f17a","source":"f0f8d3a8-6ab4-4331-97da-b7a2e3f01454","target":"bc3b84d9-c44f-4482-a4c1-a51d4c830864","agreement":true,"isActive":true,"date":1702310638057,"kind":"Connector","isSelected":false,"intensity":3,"isDeletable":true,"isOver":false,"isBidirectional":false,"eventLog":[{"time":1702310638057,"type":"create connection"}]},{"id":"8d25a104-b3cd-4695-9900-a601f7f1a13e","source":"9f13dea9-80dd-45d7-85f9-45f2c1b68bd8","target":"6beb0450-f74d-48a4-a240-922443513622","agreement":true,"isActive":true,"date":1702310638057,"kind":"Connector","isSelected":false,"intensity":3,"isDeletable":true,"isOver":false,"isBidirectional":false,"eventLog":[{"time":1702310638057,"type":"create connection"}]},{"id":"1ccafc00-1848-4197-8164-f55ea1dbb74f","source":"9f13dea9-80dd-45d7-85f9-45f2c1b68bd8","target":"91cd65fa-aa9a-4a2a-9cf4-94ac4943d778","agreement":true,"isActive":true,"date":1702310638057,"kind":"Connector","isSelected":false,"intensity":3,"isDeletable":true,"isOver":false,"isBidirectional":false,"eventLog":[{"time":1702310638057,"type":"create connection"}]},{"id":"8b2b6b2a-2e2f-497c-a878-4482cc3e93f6","source":"9f13dea9-80dd-45d7-85f9-45f2c1b68bd8","target":"2d12b7e8-f434-4360-9d1d-4740540f443f","agreement":true,"isActive":true,"date":1702310638057,"kind":"Connector","isSelected":false,"intensity":3,"isDeletable":true,"isOver":false,"isBidirectional":false,"eventLog":[{"time":1702310638057,"type":"create connection"}]},{"id":"696748c9-e703-4bb5-99cb-4e8830e7a45d","source":"62f46068-b19d-47bd-bfe8-f58c25df300d","target":"8978b37e-3fdc-4ea3-8607-eb754bb493ab","agreement":true,"isActive":true,"date":1702310657328,"kind":"Connector","isSelected":false,"intensity":3,"isDeletable":true,"isOver":false,"isBidirectional":false,"eventLog":[{"time":1702310657328,"type":"create connection"}]},{"id":"ef83618c-a331-4515-b2de-06b3711918c4","source":"8978b37e-3fdc-4ea3-8607-eb754bb493ab","target":"53a0e490-1d65-495f-86ca-e2edd491a383","agreement":true,"isActive":true,"date":1702310683178,"kind":"Connector","isSelected":false,"intensity":3,"isDeletable":true,"isOver":false,"isBidirectional":false,"eventLog":[{"time":1702310683178,"type":"create connection"}]},{"id":"a5f8df4f-bbf9-4eca-933b-dfc0bbd5816f","source":"d4511604-6eef-46c2-84cf-6cf364d67dee","target":"8978b37e-3fdc-4ea3-8607-eb754bb493ab","agreement":true,"isActive":true,"date":1702310717082,"kind":"Connector","isSelected":false,"intensity":3,"isDeletable":true,"isOver":false,"isBidirectional":false,"eventLog":[{"time":1702310717082,"type":"create connection"}]},{"id":"1a765672-5e7a-47e7-b1ef-a83c6ae7ece0","source":"d4511604-6eef-46c2-84cf-6cf364d67dee","target":"18b9891d-4f4d-41af-bdf7-4e44da152199","agreement":true,"isActive":true,"date":1702310725579,"kind":"Connector","isSelected":false,"intensity":3,"isDeletable":true,"isOver":false,"isBidirectional":false,"eventLog":[{"time":1702310725579,"type":"create connection"}]},{"id":"c893fb0a-a611-496f-9086-bde48bc82245","source":"d4511604-6eef-46c2-84cf-6cf364d67dee","target":"734d6932-44ad-4179-aaa0-5c99f20f0c9d","agreement":true,"isActive":true,"date":1702310784931,"kind":"Connector","isSelected":false,"intensity":3,"isDeletable":true,"isOver":false,"isBidirectional":false,"eventLog":[{"time":1702310784931,"type":"create connection"}]},{"id":"c6f201c0-56a0-4b4a-b70f-e1730d890a40","source":"53a0e490-1d65-495f-86ca-e2edd491a383","target":"228cbfb1-59dc-4c33-8d43-85ebd5b7bdd6","agreement":true,"isActive":false,"date":1702310797386,"kind":"Connector","isSelected":false,"intensity":3,"isDeletable":true,"isOver":false,"isBidirectional":false,"eventLog":[{"time":1702310797386,"type":"create connection"},{"time":1702310804126,"type":"active","value":false}]}],"currentID":{},"currentNode":{},"hasSelectedNode":[false],"currentConnector":{},"hasSelectedConnector":[false],"readyToMove":[false],"isIncoming":[false],"hasElementMoved":[false]}
