{"idCAM":["136497ab-676e-46a6-9d6d-8c00bf1c0c7c"],"creator":["65772f25af9bdd7c3ae47af5_post"],"projectCAM":["S2_CAM part 2"],"defocusCAM":[],"date":[1702379350102],"nodes":[{"id":"0d0be3f9-1269-4c49-852e-78028ce3f7f1","value":0,"text":"rescue robot","comment":"","position":{"x":650,"y":400},"isActive":true,"date":1702379351010,"kind":"Node","isSelected":false,"isConnectorSelected":false,"isDraggable":0,"isDeletable":0,"hasElementMoved":false,"eventLog":[{"time":1702379351010,"type":"create node","value":0}],"isTextChangeable":0},{"id":"143bcab2-5795-4ce1-a905-448c20624f97","value":0,"text":"disadvantages","comment":"","position":{"x":450,"y":400},"isActive":true,"date":1702379351010,"kind":"Node","isSelected":false,"isConnectorSelected":false,"isDraggable":0,"isDeletable":0,"hasElementMoved":false,"eventLog":[{"time":1702379351010,"type":"create node","value":0}],"isTextChangeable":0},{"id":"7b6c5410-6b65-4eac-8423-3f8f770899e6","value":0,"text":"advantages","comment":"","position":{"x":850,"y":400},"isActive":true,"date":1702379351010,"kind":"Node","isSelected":false,"isConnectorSelected":false,"isDraggable":0,"isDeletable":0,"hasElementMoved":false,"eventLog":[{"time":1702379351010,"type":"create node","value":0}],"isTextChangeable":0},{"id":"645ca744-a895-4ff7-88f8-d963d1cdbbed","value":3,"text":"efficiency and speed","comment":"","position":{"x":965,"y":500},"isActive":true,"date":1702379351010,"kind":"Node","isSelected":false,"isConnectorSelected":false,"isDraggable":1,"isDeletable":1,"hasElementMoved":false,"eventLog":[{"time":1702379351010,"type":"create node","value":3}],"isTextChangeable":1},{"id":"b75247d4-48f5-40d0-8a39-33a35c6644e8","value":2,"text":"autonomy and flexibility","comment":"","position":{"x":873,"y":597},"isActive":true,"date":1702379351010,"kind":"Node","isSelected":false,"isConnectorSelected":false,"isDraggable":1,"isDeletable":1,"hasElementMoved":false,"eventLog":[{"time":1702379351010,"type":"create node","value":2}],"isTextChangeable":1},{"id":"82d81c5c-5709-4ffd-b9f8-7e6ecb3ea9b5","value":2,"text":"versatile applications","comment":"","position":{"x":1057,"y":378},"isActive":true,"date":1702379351010,"kind":"Node","isSelected":false,"isConnectorSelected":false,"isDraggable":1,"isDeletable":1,"hasElementMoved":false,"eventLog":[{"time":1702379351010,"type":"create node","value":2}],"isTextChangeable":1},{"id":"8b067203-3268-4110-a770-6f189c5d821d","value":1,"text":"targeted movements","comment":"","position":{"x":1133,"y":508},"isActive":true,"date":1702379351010,"kind":"Node","isSelected":false,"isConnectorSelected":false,"isDraggable":1,"isDeletable":1,"hasElementMoved":false,"eventLog":[{"time":1702379351010,"type":"create node","value":1}],"isTextChangeable":1},{"id":"e38e5eb1-dd8e-418b-89e9-0eb43035240d","value":2,"text":"avoidance of risks","comment":"","position":{"x":1076,"y":281},"isActive":true,"date":1702379351010,"kind":"Node","isSelected":false,"isConnectorSelected":false,"isDraggable":1,"isDeletable":1,"hasElementMoved":false,"eventLog":[{"time":1702379351010,"type":"create node","value":2}],"isTextChangeable":1},{"id":"96941d3b-fb76-4605-a20b-a3c6799cc738","value":-1,"text":"data protection & privacy","comment":"","position":{"x":198,"y":230},"isActive":true,"date":1702379351010,"kind":"Node","isSelected":false,"isConnectorSelected":false,"isDraggable":1,"isDeletable":1,"hasElementMoved":false,"eventLog":[{"time":1702379351010,"type":"create node","value":-1}],"isTextChangeable":1},{"id":"2f833884-5086-4e99-8bf3-9699e83a5bcb","value":-1,"text":"Human supervision necessary","comment":"","position":{"x":586,"y":593},"isActive":true,"date":1702379351010,"kind":"Node","isSelected":false,"isConnectorSelected":false,"isDraggable":1,"isDeletable":1,"hasElementMoved":false,"eventLog":[{"time":1702379351010,"type":"create node","value":-1}],"isTextChangeable":1},{"id":"71907b9d-6245-43dd-af23-d2e9469fa8bd","value":-3,"text":"ethics","comment":"","position":{"x":221,"y":394},"isActive":true,"date":1702379351010,"kind":"Node","isSelected":false,"isConnectorSelected":false,"isDraggable":1,"isDeletable":1,"hasElementMoved":false,"eventLog":[{"time":1702379351010,"type":"create node","value":-3}],"isTextChangeable":1},{"id":"930c359b-c4be-4199-b7f3-0e83275c4233","value":-2,"text":"costs","comment":"","position":{"x":331,"y":580},"isActive":true,"date":1702379351010,"kind":"Node","isSelected":false,"isConnectorSelected":false,"isDraggable":1,"isDeletable":1,"hasElementMoved":false,"eventLog":[{"time":1702379351010,"type":"create node","value":-2}],"isTextChangeable":1},{"id":"eb5cbcb7-b374-4174-9dd1-d220dddf5beb","value":-3,"text":"rescue decision","comment":"","position":{"x":110,"y":504},"isActive":true,"date":1702379351010,"kind":"Node","isSelected":false,"isConnectorSelected":false,"isDraggable":1,"isDeletable":1,"hasElementMoved":false,"eventLog":[{"time":1702379351010,"type":"create node","value":-3}],"isTextChangeable":1},{"id":"62a576cf-1c3c-406c-bbc5-acd3b2242ab1","value":-1,"text":"inspection","comment":"","position":{"x":485,"y":696},"isActive":true,"date":1702379351010,"kind":"Node","isSelected":false,"isConnectorSelected":false,"isDraggable":1,"isDeletable":1,"hasElementMoved":false,"eventLog":[{"time":1702379351010,"type":"create node","value":-1}],"isTextChangeable":1},{"id":"de164110-c13a-48b8-adab-c35e5ee0ecb5","value":-1,"text":"repairs","comment":"","position":{"x":241,"y":691},"isActive":true,"date":1702379351010,"kind":"Node","isSelected":false,"isConnectorSelected":false,"isDraggable":1,"isDeletable":1,"hasElementMoved":false,"eventLog":[{"time":1702379351010,"type":"create node","value":-1}],"isTextChangeable":1},{"id":"1b48e50f-f595-4ea2-b3ed-133c5a51fcd0","value":2,"text":"protection of rescue personnel","comment":"","position":{"x":1114,"y":159},"isActive":true,"date":1702379351010,"kind":"Node","isSelected":false,"isConnectorSelected":false,"isDraggable":1,"isDeletable":1,"hasElementMoved":false,"eventLog":[{"time":1702379351010,"type":"create node","value":2}],"isTextChangeable":1},{"id":"91bcbaad-0e49-4844-ad95-de3487d49452","value":2,"text":"places of deployment","comment":"","position":{"x":1218,"y":379},"isActive":true,"date":1702379351010,"kind":"Node","isSelected":false,"isConnectorSelected":false,"isDraggable":1,"isDeletable":1,"hasElementMoved":false,"eventLog":[{"time":1702379351010,"type":"create node","value":2}],"isTextChangeable":1},{"id":"ce3aa7ff-ed61-42fc-a0ac-557a71ffc864","value":-2,"text":"regulation","comment":"","position":{"x":83,"y":309},"isActive":true,"date":1702379351010,"kind":"Node","isSelected":false,"isConnectorSelected":false,"isDraggable":1,"isDeletable":1,"hasElementMoved":false,"eventLog":[{"time":1702379351010,"type":"create node","value":-2}],"isTextChangeable":1},{"id":"98f60f82-e12f-4e2a-bf0c-d45374d91949","value":0,"text":"","comment":"","position":{"x":700,"y":300},"isActive":false,"date":1702379374695,"kind":"Node","isSelected":false,"isConnectorSelected":false,"isDraggable":1,"isDeletable":1,"hasElementMoved":false,"eventLog":[{"time":"1702379374695","type":"create node","value":[0]},{"time":"2023-12-12T11:09:36.411Z","type":"position","value":{"x":[664],"y":[339]}},{"time":"1702379378207","type":"selected","value":[true]},{"time":"1702379379401","type":"node was deleted","value":[-99]}],"isTextChangeable":1}],"connectors":[{"id":"613b9937-586c-4f74-92ac-e8ddbf4a3bf2","source":"0d0be3f9-1269-4c49-852e-78028ce3f7f1","target":"143bcab2-5795-4ce1-a905-448c20624f97","agreement":true,"isActive":true,"date":1702379351010,"kind":"Connector","isSelected":false,"intensity":3,"isDeletable":false,"isOver":false,"isBidirectional":false,"eventLog":[{"time":1702379351010,"type":"create connection"}]},{"id":"17f03263-3ea7-473b-8eca-725feafe7260","source":"0d0be3f9-1269-4c49-852e-78028ce3f7f1","target":"7b6c5410-6b65-4eac-8423-3f8f770899e6","agreement":true,"isActive":true,"date":1702379351010,"kind":"Connector","isSelected":false,"intensity":3,"isDeletable":true,"isOver":false,"isBidirectional":false,"eventLog":[{"time":1702379351010,"type":"create connection"}]},{"id":"a7726c1b-b1b3-4eb4-9cd9-a38486d2a279","source":"b75247d4-48f5-40d0-8a39-33a35c6644e8","target":"2f833884-5086-4e99-8bf3-9699e83a5bcb","agreement":false,"isActive":true,"date":1702379351010,"kind":"Connector","isSelected":false,"intensity":3,"isDeletable":true,"isOver":false,"isBidirectional":false,"eventLog":[{"time":1702379351010,"type":"create connection"}]},{"id":"491e8e4e-d7af-4fc3-bcd2-deb7d725c085","source":"143bcab2-5795-4ce1-a905-448c20624f97","target":"2f833884-5086-4e99-8bf3-9699e83a5bcb","agreement":true,"isActive":true,"date":1702379351010,"kind":"Connector","isSelected":false,"intensity":3,"isDeletable":true,"isOver":false,"isBidirectional":false,"eventLog":[{"time":1702379351010,"type":"create connection"}]},{"id":"9f0d168a-c396-4562-88f3-9abeff42c90e","source":"143bcab2-5795-4ce1-a905-448c20624f97","target":"96941d3b-fb76-4605-a20b-a3c6799cc738","agreement":true,"isActive":true,"date":1702379351010,"kind":"Connector","isSelected":false,"intensity":3,"isDeletable":true,"isOver":false,"isBidirectional":false,"eventLog":[{"time":1702379351010,"type":"create connection"}]},{"id":"1d867634-a78a-4b41-9f3c-90a13b0309ab","source":"7b6c5410-6b65-4eac-8423-3f8f770899e6","target":"b75247d4-48f5-40d0-8a39-33a35c6644e8","agreement":true,"isActive":true,"date":1702379351011,"kind":"Connector","isSelected":false,"intensity":3,"isDeletable":true,"isOver":false,"isBidirectional":false,"eventLog":[{"time":1702379351011,"type":"create connection"}]},{"id":"6e53b99b-1e59-4ef9-9c83-02b491d414a2","source":"82d81c5c-5709-4ffd-b9f8-7e6ecb3ea9b5","target":"7b6c5410-6b65-4eac-8423-3f8f770899e6","agreement":true,"isActive":true,"date":1702379351011,"kind":"Connector","isSelected":false,"intensity":3,"isDeletable":true,"isOver":false,"isBidirectional":false,"eventLog":[{"time":1702379351011,"type":"create connection"}]},{"id":"ed949cbf-ce28-421e-8e42-7b0ea8437b32","source":"7b6c5410-6b65-4eac-8423-3f8f770899e6","target":"e38e5eb1-dd8e-418b-89e9-0eb43035240d","agreement":true,"isActive":true,"date":1702379351011,"kind":"Connector","isSelected":false,"intensity":3,"isDeletable":true,"isOver":false,"isBidirectional":false,"eventLog":[{"time":1702379351011,"type":"create connection"}]},{"id":"ee500ac7-f083-4797-82e6-cc54fea111bf","source":"7b6c5410-6b65-4eac-8423-3f8f770899e6","target":"645ca744-a895-4ff7-88f8-d963d1cdbbed","agreement":true,"isActive":true,"date":1702379351011,"kind":"Connector","isSelected":false,"intensity":3,"isDeletable":true,"isOver":false,"isBidirectional":false,"eventLog":[{"time":1702379351011,"type":"create connection"}]},{"id":"027a78da-3213-4f31-9449-ed8a4ff8c66c","source":"7b6c5410-6b65-4eac-8423-3f8f770899e6","target":"8b067203-3268-4110-a770-6f189c5d821d","agreement":true,"isActive":true,"date":1702379351011,"kind":"Connector","isSelected":false,"intensity":3,"isDeletable":true,"isOver":false,"isBidirectional":false,"eventLog":[{"time":1702379351011,"type":"create connection"}]},{"id":"eeb3cea4-7bf0-4074-868e-a0166176683e","source":"143bcab2-5795-4ce1-a905-448c20624f97","target":"71907b9d-6245-43dd-af23-d2e9469fa8bd","agreement":true,"isActive":true,"date":1702379351011,"kind":"Connector","isSelected":false,"intensity":3,"isDeletable":true,"isOver":false,"isBidirectional":false,"eventLog":[{"time":1702379351011,"type":"create connection"}]},{"id":"24b264b5-fb13-44fc-a18a-4db53e4c84b4","source":"143bcab2-5795-4ce1-a905-448c20624f97","target":"930c359b-c4be-4199-b7f3-0e83275c4233","agreement":true,"isActive":true,"date":1702379351011,"kind":"Connector","isSelected":false,"intensity":3,"isDeletable":true,"isOver":false,"isBidirectional":false,"eventLog":[{"time":1702379351011,"type":"create connection"}]},{"id":"879f1a69-6328-4f36-a8bc-3198a040aae1","source":"71907b9d-6245-43dd-af23-d2e9469fa8bd","target":"eb5cbcb7-b374-4174-9dd1-d220dddf5beb","agreement":true,"isActive":true,"date":1702379351011,"kind":"Connector","isSelected":false,"intensity":3,"isDeletable":true,"isOver":false,"isBidirectional":false,"eventLog":[{"time":1702379351011,"type":"create connection"}]},{"id":"b59330c4-1655-4569-992c-8b1419cf4e51","source":"930c359b-c4be-4199-b7f3-0e83275c4233","target":"de164110-c13a-48b8-adab-c35e5ee0ecb5","agreement":true,"isActive":true,"date":1702379351011,"kind":"Connector","isSelected":false,"intensity":3,"isDeletable":true,"isOver":false,"isBidirectional":false,"eventLog":[{"time":1702379351011,"type":"create connection"}]},{"id":"a91987ae-b552-41bb-a1be-8021fc5ae4b6","source":"930c359b-c4be-4199-b7f3-0e83275c4233","target":"62a576cf-1c3c-406c-bbc5-acd3b2242ab1","agreement":true,"isActive":true,"date":1702379351011,"kind":"Connector","isSelected":false,"intensity":3,"isDeletable":true,"isOver":false,"isBidirectional":false,"eventLog":[{"time":1702379351011,"type":"create connection"}]},{"id":"d53e75c6-4f9f-403c-8b59-441890020fcd","source":"82d81c5c-5709-4ffd-b9f8-7e6ecb3ea9b5","target":"91bcbaad-0e49-4844-ad95-de3487d49452","agreement":true,"isActive":true,"date":1702379351011,"kind":"Connector","isSelected":false,"intensity":3,"isDeletable":true,"isOver":false,"isBidirectional":false,"eventLog":[{"time":1702379351011,"type":"create connection"}]},{"id":"1939ce5b-65e8-4388-b5c6-e83b786eb5e6","source":"e38e5eb1-dd8e-418b-89e9-0eb43035240d","target":"1b48e50f-f595-4ea2-b3ed-133c5a51fcd0","agreement":true,"isActive":true,"date":1702379351011,"kind":"Connector","isSelected":false,"intensity":3,"isDeletable":true,"isOver":false,"isBidirectional":false,"eventLog":[{"time":1702379351011,"type":"create connection"}]},{"id":"73b92490-c423-46f8-bf7f-1fdd4c4304ce","source":"71907b9d-6245-43dd-af23-d2e9469fa8bd","target":"ce3aa7ff-ed61-42fc-a0ac-557a71ffc864","agreement":true,"isActive":true,"date":1702379351011,"kind":"Connector","isSelected":false,"intensity":3,"isDeletable":true,"isOver":false,"isBidirectional":false,"eventLog":[{"time":1702379351011,"type":"create connection"}]},{"id":"58c90b06-4ac8-45b4-a851-c6793ba8dca3","source":"930c359b-c4be-4199-b7f3-0e83275c4233","target":"2f833884-5086-4e99-8bf3-9699e83a5bcb","agreement":false,"isActive":true,"date":1702379351011,"kind":"Connector","isSelected":false,"intensity":3,"isDeletable":true,"isOver":false,"isBidirectional":false,"eventLog":[{"time":1702379351011,"type":"create connection"}]}],"currentID":{},"currentNode":{},"hasSelectedNode":[false],"currentConnector":{},"hasSelectedConnector":[false],"readyToMove":[false],"isIncoming":[false],"hasElementMoved":[false]}
